onset	duration	nwb_table	block	tone_on_time	tone_off_time	action_on_time	action_off_time	pokeC_on_time	pokeC_off_time	reward_on_time	reward_off_time	state	action	reward	result	FinishedBlock	FirstTrial	LastTrial	RewardRule_L	RewardRule_R
2.565	389.475	BlockDesign														1.0	1.0	22.0	50.0	0.0
2.565	4.955	trials	1.0	4.114682000000002	5.446301000000002	6.693578000000001	6.911057000000001	2.3203850000000017	5.442648000000002			2.0		0.0	2.0					
11.565	37.75	trials	1.0	45.496553	47.28817	48.400261	49.343984	44.938667	47.838602			2.0	1.0	0.0	3.0					
51.875	7.880000000000003	trials	1.0	56.290438	57.906296000000005	59.282096	59.721269	55.5435	58.691375			2.0	2.0	0.0	3.0					
61.69	19.345	trials	1.0	76.13037200000001	77.551986	79.432787	79.670501	75.23125	78.218584	80.275	81.035	2.0	1.0	1.0	1.0					
85.128	8.107	trials	1.0	89.105099	90.116484	91.452207	91.737995	88.21293	90.934672	92.171	93.235	2.0	1.0	1.0	1.0					
95.344	10.736000000000004	trials	1.0	102.585509	104.14715	105.462524	106.108958	101.621702	104.936857			2.0	1.0	0.0	3.0					
107.934	10.635999999999996	trials	1.0	112.835932	114.566489	116.672012	117.073868	111.919456	115.976476	117.355	118.57	2.0	1.0	1.0	1.0					
121.72	9.009999999999991	trials	1.0	127.38538700000001	128.741716	129.854381	130.75649099999998	126.767981	129.295064			2.0	1.0	0.0	3.0					
133.33	11.394999999999982	trials	1.0	138.100477	140.092672	142.862817	143.084446	137.517811	142.18571500000002	143.61	144.725	2.0	1.0	1.0	1.0					
146.824	9.783999999999992	trials	1.0	153.425765	155.396549	156.14552300000003	156.61679900000001	152.53657900000002	155.53299500000003			2.0	1.0	0.0	3.0					
158.535	41.06	trials	1.0	195.14079400000003	197.06667700000003	197.84630900000002	198.06016	194.168164	197.197004	198.575	199.595	2.0	1.0	1.0	1.0					
203.626	7.778999999999996	trials	1.0	207.77060799999998	209.42729500000002			206.95385199999998	209.41895900000003			2.0		0.0	2.0					
214.493	14.53200000000001	trials	1.0	223.84593	225.085216	227.18129599999997	227.452266	222.952382	226.527944	227.9	229.025	2.0	1.0	1.0	1.0					
233.117	9.913000000000011	trials	1.0	238.717035	239.90229499999998	241.90283599999998	242.23058200000003	237.95090900000002	241.21661			2.0	1.0	1.0	1.0					
245.625	12.678999999999974	trials	1.0	255.291806	256.872491	257.888552	258.287	254.50788799999998	257.251558			2.0	1.0	0.0	3.0					
260.31	9.920000000000016	trials	1.0	264.56656399999997	266.65621799999997	268.314042	268.830898	263.66180299999996	267.699908			2.0	1.0	0.0	3.0					
271.766	6.733000000000004	trials	1.0	273.51106	275.125789	278.098574	278.51428899999996	270.258196	276.882299			2.0	2.0	0.0	3.0					
280.516	49.50999999999999	trials	1.0	327.166855	328.46564	329.61337399999996	330.010813	326.513583	328.989823			2.0	1.0	0.0	3.0					
332.03	11.805000000000007	trials	1.0	338.521142	340.508046	341.933796	342.223663	337.751267	341.31199699999996	342.483	343.835	2.0	1.0	1.0	1.0					
347.855	9.815999999999974	trials	1.0	353.12672599999996	354.960553	355.95174	356.17133	352.271698	355.366822	356.632	357.671	2.0	1.0	1.0	1.0					
361.72	14.934999999999945	trials	1.0	370.95313999999996	373.009576	374.599139	374.883445	370.151642	373.977023	375.35	376.655	2.0	1.0	1.0	1.0					
378.69	13.350000000000023	trials	1.0	387.247945	388.809008	390.224377	390.470603	386.51940099999996	389.606065	390.966	392.04	2.0	1.0	1.0	1.0					
395.066	254.48399999999998	BlockDesign														1.0	23.0	42.0	0.0	50.0
395.066	10.061000000000035	trials	2.0	400.756861	402.766657	404.64993	405.066164	399.868721	403.704078			3.0	2.0	0.0	3.0					
407.133	12.54200000000003	trials	2.0	415.752293	417.48458899999997	418.733702	419.70419899999996	415.044401	418.15099599999996			3.0	2.0	0.0	3.0					
423.085	15.650000000000034	trials	2.0	433.70324899999997	434.911606	437.073585	437.446775	433.052804	436.474289	437.845	438.735	3.0	2.0	1.0	1.0					
440.756	10.319000000000017	trials	2.0	445.456997	447.26837	449.053797	449.248299	444.954749	448.21216899999996	449.69	451.075	3.0	2.0	1.0	1.0					
454.092	10.238	trials	2.0	460.752028	462.68333	463.928426	464.12143299999997	460.157657	463.401936			3.0	2.0	0.0	3.0					
466.341	13.673999999999978	trials	2.0	475.0385	476.31548499999997	478.46993	478.84007199999996	474.24062499999997	477.332692			3.0	1.0	0.0	3.0					
480.953	10.222000000000037	trials	2.0	485.946793	487.923684	489.534722	489.755177	485.348366	488.899951	490.2	491.175	3.0	2.0	1.0	1.0					
495.245	7.920000000000016	trials	2.0	499.681736	501.757294	502.767626	503.09861	498.75609399999996	501.992776			3.0	2.0	0.0	3.0					
505.175	12.984999999999957	trials	2.0	513.0719780000001	514.898549	516.6214	516.89185	512.36359	515.62565	517.131	518.16	3.0	2.0	1.0	1.0					
520.315	9.704999999999927	trials	2.0	526.422436	528.470949	529.46827	530.051882	525.696569	528.9212719999999			3.0	2.0	0.0	3.0					
532.87	12.284999999999968	trials	2.0	541.382449	542.993186	544.822491	545.161556	540.714209	544.089242			3.0	1.0	0.0	3.0					
549.19	6.940999999999917	trials	2.0	551.002829	552.3756999999999	554.417814	554.807666	550.479617	553.876434	555.12	556.131	3.0	2.0	1.0	1.0					
558.15	9.870000000000005	trials	2.0	563.472255	565.297359	566.7645229999999	567.125585	562.880573	565.900796			3.0	2.0	0.0	3.0					
569.171	9.378999999999905	trials	2.0	573.94676	575.294083	576.857056	577.0908939999999	573.086	576.267706	577.51	578.55	3.0	2.0	1.0	1.0					
582.716	6.869000000000028	trials	2.0	586.281693	588.153878	589.251471	589.469155	585.5728819999999	588.603767			3.0	2.0	0.0	3.0					
592.6	9.06499999999994	trials	2.0	595.732335	597.29428	600.819131	601.452643	594.826196	599.689217			3.0	1.0	0.0	3.0					
605.72	7.951000000000022	trials	2.0	609.816906	611.283812	612.494369	612.868559	609.0403719999999	611.870417			3.0	2.0	1.0	1.0					
616.065	14.769999999999982	trials	2.0	626.432448	627.568897	629.1030039999999	629.360802	625.77489	628.537934	629.765	630.835	3.0	2.0	1.0	1.0					
632.955	8.684999999999945	trials	2.0	637.937219	639.500408	640.443623	640.677961	637.3562929999999	639.987092			3.0	2.0	0.0	3.0					
643.8	5.75	trials	2.0	646.512502	648.439126	649.409349	649.871024	645.5490589999999	648.864739			3.0	2.0	0.0	3.0					
653.785	747.0400000000001	BlockDesign														1.0	43.0	85.0	50.0	50.0
653.785	22.74000000000001	trials	3.0	673.282181	674.368753	676.046938	676.502597	672.573581	675.210458			3.0	1.0	0.0	3.0					
678.441	8.048999999999978	trials	3.0	682.677757	684.025977	685.13225	685.619645	682.07863	684.578894			3.0	2.0	0.0	3.0					
688.608	9.023000000000025	trials	3.0	693.742284	695.996312	697.214788	697.657907	693.182882	696.612587			2.0	1.0	0.0	3.0					
700.58	35.51099999999997	trials	3.0	733.272769	734.444222	735.762971	736.121992	732.366348	735.1481239999999			3.0	2.0	0.0	3.0					
738.096	8.438999999999965	trials	3.0	741.433012	742.81295	745.931468	746.562383	740.887045	745.244318			3.0	1.0	0.0	3.0					
748.335	33.13099999999997	trials	3.0	778.673152	779.801958	781.143554	781.4832	777.992486	780.473704			2.0	1.0	0.0	3.0					
785.54	8.335000000000036	trials	3.0	787.57947	789.483221	792.0251529999999	792.2742069999999	786.7909989999999	791.359898	792.705	793.875	2.0	1.0	1.0	1.0					
796.9	11.051000000000045	trials	3.0	803.103057	805.120876	806.166822	806.381315	802.493204	805.595426	806.921	807.951	2.0	1.0	1.0	1.0					
811.04	12.290000000000077	trials	3.0	818.697901	820.650277	821.549408	821.7431359999999	817.827084	820.950743	822.31	823.33	2.0	1.0	1.0	1.0					
825.44	11.230999999999995	trials	3.0	833.022881	834.3825019999999	836.027156	836.703484	832.47887	835.476544			3.0	1.0	0.0	3.0					
839.44	13.36999999999989	trials	3.0	847.6976539999999	848.7602469999999	851.048923	851.334957	847.078577	850.26494	851.675	852.81	2.0	1.0	1.0	1.0					
856.83	21.854999999999905	trials	3.0	876.008797	877.339366	878.348851	878.641514	875.078626	877.64878			2.0	1.0	0.0	3.0					
881.764	41.78099999999995	trials	3.0	920.478208	921.720776	923.12724	923.546198	919.865233	922.573193			3.0	2.0	0.0	3.0					
925.475	14.80499999999995	trials	3.0	936.898587	938.329993	939.824407	940.261826	936.193229	939.236284			3.0	2.0	0.0	3.0					
944.22	8.144999999999982	trials	3.0	949.423775	951.189676	951.988916	952.334575	948.607919	951.3933079999999			2.0	1.0	0.0	3.0					
954.391	8.089000000000055	trials	3.0	957.518581	959.2107169999999	960.9083889999999	961.173019	956.835548	960.402462	961.585	962.48	3.0	2.0	1.0	1.0					
964.5	14.549999999999955	trials	3.0	974.669068	976.014959	977.071972	977.271304	973.784827	976.5202879999999	977.655	979.05	2.0	1.0	1.0	1.0					
983.077	8.962999999999965	trials	3.0	989.513911	990.581943	991.671485	991.888424	988.512251	991.054469			2.0	1.0	0.0	3.0					
995.05	30.75500000000011	trials	3.0	1021.254046	1023.13078	1024.071878	1024.434559	1020.54397	1023.512569	1024.66	1025.805	3.0	2.0	1.0	1.0					
1029.825	6.765999999999849	trials	3.0	1034.219126	1035.404878	1036.263962	1036.548746	1033.56002	1035.709889			2.0	1.0	0.0	3.0					
1039.615	8.400000000000091	trials	3.0	1043.658338	1044.765639	1046.681371	1047.292928	1043.036933	1046.058725			3.0	1.0	0.0	3.0					
1049.075	5.88799999999992	trials	3.0	1050.613693	1052.130234	1054.513906	1054.976956	1048.046785	1053.528331			3.0	2.0	0.0	3.0					
1057.895	15.995000000000118	trials	3.0	1069.845464	1071.060937	1072.304713	1072.546495	1069.075748	1071.816436	1073.03	1073.89	3.0	2.0	1.0	1.0					
1075.947	10.769000000000005	trials	3.0	1082.040424	1083.985795	1085.042822	1085.257256	1081.28789	1084.402774	1085.75	1086.716	2.0	1.0	1.0	1.0					
1088.735	9.330000000000155	trials	3.0	1094.509278	1095.877154	1097.693718	1097.942969	1093.918866	1097.191969			3.0	2.0	0.0	3.0					
1101.142	8.653999999999996	trials	3.0	1105.42931	1107.422179	1108.068295	1108.3022	1104.542414	1107.5672	1108.64	1109.796	3.0	2.0	1.0	1.0					
1112.88	14.289999999999964	trials	3.0	1124.368903	1125.731102	1126.797022	1127.160428	1123.748482	1126.292956			2.0	2.0	0.0	3.0					
1129.2	24.585000000000036	trials	3.0	1150.055669	1151.223067	1152.197804	1152.471254	1149.083458	1151.67736	1152.78	1153.785	3.0	2.0	1.0	1.0					
1157.83	5.80600000000004	trials	3.0	1160.889369	1161.990535	1163.179871	1163.655404	1160.380931	1162.668038			2.0	1.0	0.0	3.0					
1165.577	22.63799999999992	trials	3.0	1185.360182	1186.586587	1187.823838	1188.221954	1184.521871	1187.300134			3.0	2.0	0.0	3.0					
1191.289	15.661000000000058	trials	3.0	1203.500949	1205.493047	1206.565165	1206.847001	1202.529199	1205.928369			2.0	1.0	0.0	3.0					
1211.016	28.033999999999878	trials	3.0	1234.35953	1235.682607	1237.29722	1237.503952	1233.806297	1236.680198	1238.055	1239.05	2.0	1.0	1.0	1.0					
1242.115	10.025000000000091	trials	3.0	1248.054599	1249.293346	1250.356963	1250.569114	1247.427187	1249.703837	1251.131	1252.14	2.0	1.0	1.0	1.0					
1254.16	11.6099999999999	trials	3.0	1262.291336	1263.792831	1265.4445249999999	1265.767654	1261.514158	1264.259021			3.0	2.0	0.0	3.0					
1268.845	7.076000000000022	trials	3.0	1270.444334	1272.217007	1274.202746	1274.576156	1269.658652	1273.686745	1274.921	1275.921	3.0	2.0	1.0	1.0					
1277.94	10.11999999999989	trials	3.0	1284.751514	1285.977602	1287.516647	1288.092052	1284.011375	1286.915507			2.0	1.0	0.0	3.0					
1290.91	8.139999999999873	trials	3.0	1293.854827	1295.821945	1297.392409	1297.615403	1292.98112	1296.649573	1298.02	1299.05	2.0	1.0	1.0	1.0					
1303.153	8.187999999999874	trials	3.0	1306.935293	1308.9059809999999	1311.170216	1311.373235	1306.266761	1308.898382			3.0		0.0	2.0					
1312.895	18.180000000000064	trials	3.0	1326.055012	1327.475347	1329.62285	1330.2886819999999	1325.072553	1328.837128			3.0	1.0	0.0	3.0					
1334.069	5.7560000000000855	trials	3.0	1335.635054	1337.481487	1339.500988	1339.69868	1331.10529	1338.514782			2.0	1.0	0.0	3.0					
1343.83	23.065000000000055	trials	3.0	1363.715678	1364.965682	1366.258309	1366.924851	1363.005745	1365.638081			2.0	1.0	0.0	3.0					
1369.58	18.260999999999967	trials	3.0	1382.681281	1384.211485	1386.025742	1386.3265509999999	1381.884748	1385.331058	1386.825	1387.841	3.0	2.0	1.0	1.0					
1391.94	8.884999999999991	trials	3.0	1397.489959	1399.246808	1400.471017	1400.855728	1396.690709	1399.87624			3.0	2.0	0.0	3.0					
1404.875	74.24000000000001	BlockDesign														1.0	86.0	90.0	0.0	0.0
1404.875	5.2159999999998945	trials	4.0	1406.791825	1408.071446	1409.690848	1409.935289	1405.606624	1408.837751			2.0	1.0	0.0	3.0					
1414.1	10.735000000000127	trials	4.0	1420.445	1421.516951	1423.464483	1423.836869	1419.670448	1422.907788			2.0	2.0	0.0	3.0					
1428.842	26.70399999999995	trials	4.0	1451.960642	1453.862255	1455.2014159999999	1455.548221	1451.348062	1454.599424			2.0	1.0	0.0	3.0					
1458.561	8.079000000000178	trials	4.0	1462.800431	1464.697439	1466.012912	1466.670539	1461.8614	1465.365685			2.0	1.0	0.0	3.0					
1469.358	9.757000000000062	trials	4.0	1475.631287	1477.179506	1479.026756	1479.50378	1474.775901	1478.32754			2.0	1.0	0.0	3.0					
1483.4	79.98399999999992	BlockDesign														1.0	91.0	96.0	0.0	0.0
1483.4	8.679999999999836	trials	5.0	1485.355606	1486.458728	1491.499717	1492.11186	1480.14976	1486.451908			3.0		0.0	2.0					
1492.555	6.214999999999918	trials	5.0	1494.490186	1495.821899	1498.298021	1498.800301	1493.071069	1497.340717			3.0	1.0	0.0	3.0					
1502.646	7.4780000000000655	trials	5.0	1506.605511	1508.566453	1509.707597	1510.077953	1505.941965	1509.035837			3.0	2.0	0.0	3.0					
1513.05	15.644999999999982	trials	5.0	1525.520444	1527.367252	1528.290123	1528.729301	1524.90362	1527.727202			3.0	2.0	0.0	3.0					
1533.62	18.080000000000155	trials	5.0	1548.45739	1550.034733	1551.285925	1551.718167	1547.943949	1550.646418			3.0	2.0	0.0	3.0					
1554.705	8.679000000000087	trials	5.0	1560.196906	1561.786802	1563.289232	1563.696934	1559.470757	1562.659699			3.0	1.0	0.0	3.0					
1566.69	600.0549999999998	BlockDesign														1.0	97.0	136.0	50.0	50.0
1566.69	13.325000000000045	trials	6.0	1576.45072	1577.943611	1579.3697809999999	1580.04911	1575.748964	1578.649441			2.0	1.0	0.0	3.0					
1583.842	22.13299999999981	trials	6.0	1601.405642	1603.208903	1604.331788	1604.538464	1600.463888	1603.110968	1604.99	1605.975	3.0	2.0	1.0	1.0					
1608.99	12.220000000000027	trials	6.0	1617.120382	1619.072782	1619.664518	1620.13738	1616.202877	1619.134732			3.0	2.0	0.0	3.0					
1622.061	10.808999999999969	trials	6.0	1628.700523	1630.155368	1632.17537	1632.901451	1628.080631	1631.511829			2.0	2.0	0.0	3.0					
1634.65	11.520999999999958	trials	6.0	1640.572168	1642.179166	1644.424812	1644.641309	1639.885535	1643.657947	1645.11	1646.171	2.0	1.0	1.0	1.0					
1650.261	10.564000000000078	trials	6.0	1656.167489	1657.927958	1659.068898	1659.312676	1655.262323	1658.422564	1659.694	1660.825	2.0	1.0	1.0	1.0					
1663.997	11.49799999999982	trials	6.0	1672.386194	1674.092638	1675.004794	1675.528481	1671.38509	1674.314243			3.0	1.0	0.0	3.0					
1677.387	8.847999999999956	trials	6.0	1680.870853	1682.263235	1684.461622	1684.813927	1680.314345	1683.418313	1685.16	1686.235	3.0	2.0	1.0	1.0					
1688.325	10.009999999999991	trials	6.0	1694.521412	1695.67379	1696.760065	1696.970554	1693.673335	1696.100056	1697.415	1698.335	2.0	1.0	1.0	1.0					
1701.42	8.839999999999918	trials	6.0	1706.136689	1707.718537	1708.995496	1709.382634	1705.523373	1708.455142			3.0	2.0	0.0	3.0					
1711.385	15.121000000000095	trials	6.0	1722.168032	1723.612228	1724.707271	1725.062608	1721.645209	1724.1716959999999	1725.355	1726.506	3.0	2.0	1.0	1.0					
1730.597	6.913000000000011	trials	6.0	1734.627836	1736.014789	1737.014508	1737.542404	1733.714945	1736.445266			2.0	1.0	0.0	3.0					
1740.4	24.47499999999991	trials	6.0	1760.668054	1762.03291	1762.924808	1763.277746	1759.703305	1762.387646	1763.64	1764.875	3.0	2.0	1.0	1.0					
1766.91	10.029999999999973	trials	6.0	1772.397964	1773.998042	1775.091545	1775.408405	1771.727113	1774.374691	1775.765	1776.94	2.0	1.0	1.0	1.0					
1780.96	8.329999999999927	trials	6.0	1785.031265	1786.483034	1787.928332	1788.327881	1784.191055	1787.217974			3.0	2.0	0.0	3.0					
1791.33	8.490000000000009	trials	6.0	1795.951487	1797.756164	1799.496634	1799.780914	1795.011815	1798.796072			2.0	1.0	0.0	3.0					
1801.83	8.466000000000122	trials	6.0	1805.326343	1807.163227	1808.667506	1808.880799	1804.74947	1807.809779	1809.43	1810.296	2.0	1.0	1.0	1.0					
1813.381	16.103999999999814	trials	6.0	1822.622512	1824.324232	1825.112206	1825.355786	1821.820819	1824.553196			2.0	1.0	0.0	3.0					
1829.586	6.44399999999996	trials	6.0	1831.301845	1832.613296	1834.304498	1834.56764	1829.51953	1833.791917	1835.08	1836.03	3.0	2.0	1.0	1.0					
1839.017	9.732999999999947	trials	6.0	1844.887153	1846.809172	1848.376994	1848.672226	1843.979744	1847.837225			2.0	2.0	0.0	3.0					
1851.766	8.098999999999933	trials	6.0	1856.583581	1858.203179	1859.497124	1859.857573	1855.929518	1858.880218			3.0	2.0	0.0	3.0					
1861.875	45.2650000000001	trials	6.0	1902.967592	1904.160991	1905.482527	1905.688286	1901.965174	1904.869654	1906.185	1907.14	2.0	1.0	1.0	1.0					
1909.23	10.985999999999876	trials	6.0	1915.616633	1917.409181	1918.465037	1918.694858	1914.925429	1917.913088	1919.08	1920.216	3.0	2.0	1.0	1.0					
1924.29	7.370000000000118	trials	6.0	1928.793452	1930.295645	1931.3515869999999	1931.659172	1928.076941	1930.827823			3.0	2.0	0.0	3.0					
1933.667	9.363000000000056	trials	6.0	1939.128355	1940.534444	1942.570997	1943.065352	1938.408101	1941.7073			3.0	2.0	0.0	3.0					
1946.962	8.673000000000002	trials	6.0	1950.918442	1952.304253	1953.844949	1954.221452	1949.909819	1953.255385			3.0	2.0	0.0	3.0					
1957.22	10.954999999999927	trials	6.0	1964.942179	1966.728975	1967.773175	1968.195217	1964.181994	1967.13808			2.0	1.0	0.0	3.0					
1971.155	8.531999999999925	trials	6.0	1976.272354	1978.210082	1979.220071	1979.692057	1975.662539	1978.574798			2.0	1.0	0.0	3.0					
1981.62	8.185000000000173	trials	6.0	1985.031914	1986.069112	1987.954108	1988.211327	1984.508284	1987.308557	1988.57	1989.805	2.0	1.0	1.0	1.0					
1991.841	8.719000000000051	trials	6.0	1997.552387	1998.76942	2000.172985	2000.483693	1996.685884	1999.552366			3.0	1.0	0.0	3.0					
2004.636	14.024000000000115	trials	6.0	2014.012639	2015.31296	2016.82676	2017.05583	2013.050134	2016.285113	2017.45	2018.66	3.0	2.0	1.0	1.0					
2021.69	13.644999999999982	trials	6.0	2030.633125	2032.339669	2033.755451	2033.927885	2029.762642	2033.207255	2034.296	2035.335	2.0	1.0	1.0	1.0					
2037.374	12.96699999999987	trials	6.0	2045.84261	2047.175066	2048.669261	2048.897144	2045.155183	2047.809511	2049.421	2050.341	2.0	1.0	1.0	1.0					
2053.423	9.482000000000426	trials	6.0	2059.432482	2061.429382	2062.469798	2062.867577	2058.803354	2061.960617			3.0	2.0	0.0	3.0					
2066.952	27.452999999999975	trials	6.0	2089.834171	2091.484663	2092.770707	2093.061497	2089.095133	2092.282222	2093.455	2094.405	3.0	2.0	1.0	1.0					
2096.493	11.802999999999884	trials	6.0	2104.628948	2106.565331	2107.880867	2108.331422	2104.099446	2107.280876			2.0	1.0	0.0	3.0					
2111.276	9.25400000000036	trials	6.0	2115.88834	2117.04985	2118.799703	2119.027825	2115.064642	2118.053441	2119.485	2120.53	2.0	1.0	1.0	1.0					
2122.55	25.415999999999713	trials	6.0	2140.669724	2142.270389	2143.870639	2144.153666	2139.750446	2143.201018			3.0	1.0	0.0	3.0					
2148.241	7.014999999999873	trials	6.0	2149.862602	2151.842262	2153.595451	2153.960114	2147.997162	2153.042604	2154.415	2155.256	3.0	2.0	1.0	1.0					
2158.345	8.400000000000091	trials	6.0	2163.78253	2165.334515	2166.623109	2167.085428	2163.183412	2166.090056			2.0	1.0	0.0	3.0					
2170.139	236.3449999999998	BlockDesign														1.0	137.0	158.0	50.0	90.0
2170.139	6.195999999999913	trials	7.0	2174.113423	2174.364711			2173.113587	2174.352614			1.0		0.0	2.0					
2179.345	8.019999999999982	trials	7.0	2181.794336	2183.265665	2186.469098	2186.582095	2181.169975	2185.271012			1.0	1.0	0.0	3.0					
2190.805	10.090000000000146	trials	7.0	2192.763568	2194.710545	2198.357264	2198.752333	2187.40174	2196.856363	2199.025	2200.895	1.0	2.0	1.0	1.0					
2202.985	8.599999999999909	trials	7.0	2206.709723	2208.540529	2210.125413	2210.289061	2205.932516	2209.622767	2210.841	2211.585	1.0	2.0	1.0	1.0					
2213.639	10.735999999999876	trials	7.0	2219.178566	2220.565437	2222.716564	2222.878186	2218.63366	2222.212515	2223.61	2224.375	1.0	2.0	1.0	1.0					
2228.405	8.584999999999582	trials	7.0	2231.893253	2232.987085	2235.467258	2235.610285	2231.330464	2234.687314	2236.145	2236.99	1.0	2.0	1.0	1.0					
2239.025	7.924999999999727	trials	7.0	2242.0337	2243.383879	2245.438057	2245.600577	2241.155736	2244.742151	2246.085	2246.95	1.0	2.0	1.0	1.0					
2250.041	7.549999999999727	trials	7.0	2252.553632	2254.316011	2256.207755	2256.3148459999998	2251.889428	2255.000122	2256.881	2257.591	1.0	2.0	1.0	1.0					
2259.676	9.608999999999924	trials	7.0	2264.353478	2266.185677	2267.800125	2267.956072	2263.433779	2267.03042	2268.421	2269.285	1.0	2.0	1.0	1.0					
2271.381	7.923999999999978	trials	7.0	2274.908059	2276.150044	2277.740114	2277.979312	2273.970266	2276.793613	2278.385	2279.305	1.0	2.0	1.0	1.0					
2281.393	9.340999999999894	trials	7.0	2285.843473	2287.657468	2289.476018	2289.666997	2284.924277	2288.624665			1.0	2.0	0.0	3.0					
2291.925	6.319999999999709	trials	7.0	2293.624224	2295.714317	2297.279132	2297.449085	2290.763549	2296.368862			1.0	1.0	0.0	3.0					
2301.66	8.269999999999982	trials	7.0	2303.468927	2305.289203	2309.493242	2309.964658	2301.845074	2305.285404			1.0		0.0	2.0					
2310.405	8.739999999999782	trials	7.0	2312.747905	2314.280632	2316.425755	2318.589893	2310.854753	2315.507624			1.0	1.0	0.0	3.0					
2319.8	8.9399999999996	trials	7.0	2321.368096	2322.465707	2327.096518	2327.47519	2319.180116	2325.050705	2327.76	2328.74	1.0	2.0	1.0	1.0					
2332.881	8.454000000000178	trials	7.0	2336.513573	2338.552174	2339.805481	2339.992599	2335.775839	2338.93087	2340.555	2341.335	1.0	2.0	1.0	1.0					
2345.35	7.440000000000055	trials	7.0	2348.268764	2350.253026	2351.236826	2351.475031	2347.420283	2350.70149	2352.055	2352.79	1.0	2.0	1.0	1.0					
2355.81	6.775000000000091	trials	7.0	2358.198595	2359.506868	2361.065591	2361.266812	2357.50786	2360.142605	2361.78	2362.585	1.0	2.0	1.0	1.0					
2366.605	9.039999999999964	trials	7.0	2371.1631	2372.30447	2374.191187	2374.336787	2370.283839	2372.776825	2374.702	2375.645	1.0	2.0	1.0	1.0					
2378.706	6.108999999999924	trials	7.0	2381.073811	2382.300833	2383.863556	2384.218333	2380.336781	2383.090264			1.0	2.0	0.0	3.0					
2387.33	6.619999999999891	trials	7.0	2389.286191	2390.395578	2392.241123	2392.462719	2384.850661	2390.921208	2392.935	2393.95	1.0	1.0	1.0	1.0					
2398.043	8.440999999999804	trials	7.0	2401.229273	2403.007145	2404.796866	2405.116206	2400.353093	2403.653186	2405.515	2406.484	1.0	2.0	1.0	1.0					
2410.576	435.8090000000002	BlockDesign														1.0	159.0	190.0	10.0	50.0
2410.576	8.423999999999978	trials	8.0	2413.84895	2415.177246	2417.851819	2418.200524	2413.260656	2416.033495			1.0	2.0	0.0	3.0					
2421.235	6.704999999999927	trials	8.0	2422.849415	2424.803023	2427.632923	2427.83928	2419.036124	2426.698285			1.0	1.0	0.0	3.0					
2431.95	7.260000000000218	trials	8.0	2433.943873	2435.875228	2438.032847	2438.224096	2433.122704	2436.848812			1.0	1.0	0.0	3.0					
2440.374	7.066000000000258	trials	8.0	2442.403969	2443.892666	2445.937988	2446.120916	2439.2435179999998	2445.00152	2446.591	2447.44	1.0	2.0	1.0	1.0					
2450.46	10.451000000000022	trials	8.0	2455.509171	2458.070182	2459.510065	2459.891371	2454.664759	2458.805348			1.0	2.0	0.0	3.0					
2462.9	6.364999999999782	trials	8.0	2464.788568	2465.927476	2468.250969	2468.750725	2460.943469	2467.507369			1.0	1.0	0.0	3.0					
2470.69	6.980999999999767	trials	8.0	2472.534043	2474.374727	2476.178399	2476.356218	2469.302288	2475.349538	2476.95	2477.671	1.0	2.0	1.0	1.0					
2479.76	9.229999999999563	trials	8.0	2483.748497	2485.705481	2487.232391	2487.519905	2483.221515	2486.056688			1.0	2.0	0.0	3.0					
2489.606	7.503999999999905	trials	8.0	2491.174603	2492.665456	2495.605934	2495.809195	2489.023832	2494.092158			1.0	1.0	0.0	3.0					
2498.01	6.864999999999782	trials	8.0	2499.880721	2501.8716679999998	2503.566125	2503.906237	2497.14818	2502.466244			1.0	2.0	0.0	3.0					
2508.012	8.68899999999985	trials	8.0	2509.913671	2511.806292	2516.241251	2516.717645	2504.910316	2514.737915			1.0	2.0	0.0	3.0					
2520.631	8.274000000000342	trials	8.0	2523.759548	2525.462635	2528.097635	2528.939174	2522.893874	2527.3357809999998			1.0	1.0	0.0	3.0					
2532.47	12.120000000000346	trials	8.0	2540.631002	2542.382479	2544.268985	2544.535751	2540.068013	2543.545553			1.0	1.0	0.0	3.0					
2547.624	17.68100000000004	trials	8.0	2559.944618	2561.101395	2563.556066	2563.770127	2559.162325	2562.786412	2564.205	2565.305	1.0	1.0	1.0	1.0					
2567.341	8.829000000000178	trials	8.0	2572.31948	2573.558123	2575.738795	2576.202743	2571.535742	2575.128433			1.0	2.0	0.0	3.0					
2578.204	14.136999999999716	trials	8.0	2587.859624	2589.4264239999998	2591.828236	2592.37954	2586.904396	2590.613783			1.0	1.0	0.0	3.0					
2596.235	20.884999999999764	trials	8.0	2611.954489	2613.153176	2615.280626	2615.71286	2611.264016	2614.615801	2615.99	2617.12	1.0	2.0	1.0	1.0					
2619.16	8.4050000000002	trials	8.0	2623.604701	2624.874649	2627.155018	2627.601043	2622.759302	2625.797167			1.0	2.0	0.0	3.0					
2630.501	19.66399999999976	trials	8.0	2644.889755	2646.316439	2648.23823	2648.872829	2644.0404399999998	2646.930317	2648.845	2650.165	1.0	2.0	1.0	1.0					
2654.19	5.721999999999753	trials	8.0	2656.711404	2658.555377	2659.455882	2659.950557	2656.121978	2658.802847			1.0	2.0	0.0	3.0					
2662.84	26.298999999999978	trials	8.0	2685.859994	2687.22194	2688.726959	2689.131737	2685.321182	2688.103414			1.0	1.0	0.0	3.0					
2693.161	8.683999999999742	trials	8.0	2696.074627	2697.496198	2700.135552	2700.4970319999998	2695.320937	2699.30066	2700.747	2701.845	1.0	2.0	1.0	1.0					
2703.938	8.310999999999694	trials	8.0	2708.749412	2710.747416	2711.810459	2712.21534	2708.02117	2711.266328			1.0	2.0	0.0	3.0					
2716.25	11.114999999999782	trials	8.0	2721.38543	2723.766723	2725.730905	2725.930571	2720.560528	2724.862742	2726.425	2727.365	1.0	2.0	1.0	1.0					
2730.381	9.244000000000142	trials	8.0	2734.5469669999998	2736.388702	2738.0663	2738.379734	2733.923374	2737.128088	2738.915	2739.625	1.0	2.0	1.0	1.0					
2741.716	10.213999999999942	trials	8.0	2747.015179	2749.348802	2750.350992	2750.6180679999998	2746.312467	2749.864386	2751.131	2751.93	1.0	2.0	1.0	1.0					
2754.95	7.9350000000004	trials	8.0	2758.699762	2760.075665	2761.212179	2761.5695	2757.91519	2760.732053			1.0	2.0	0.0	3.0					
2764.54	9.264999999999873	trials	8.0	2768.895404	2770.0271119999998	2772.058481	2772.484754	2767.894181	2771.457967	2772.735	2773.805	1.0	2.0	1.0	1.0					
2777.905	8.404999999999745	trials	8.0	2781.765644	2783.67733	2784.767647	2785.060444	2781.061896	2784.250943	2785.55	2786.31	1.0	2.0	1.0	1.0					
2789.376	7.153999999999996	trials	8.0	2794.065263	2795.106944	2796.13212	2796.565952	2793.171235	2795.619661			1.0	2.0	0.0	3.0					
2800.45	11.955000000000382	trials	8.0	2807.461849	2809.352174	2810.910931	2811.239852	2806.606241	2810.367501			1.0	2.0	0.0	3.0					
2814.266	32.11900000000014	trials	8.0	2841.580241	2843.428871	2844.828218	2845.104713	2840.7689609999998	2844.227076	2845.445	2846.385	1.0	2.0	1.0	1.0					
2850.446	50.94900000000007	BlockDesign														1.0	191.0	195.0	0.0	0.0
2850.446	7.934999999999945	trials	9.0	2855.4218299999998	2856.717692	2857.98121	2858.348557	2854.550315	2857.465028			1.0	2.0	0.0	3.0					
2862.444	7.016000000000076	trials	9.0	2864.961911	2866.662218	2867.743558	2868.198068	2864.181458	2867.166253			1.0	2.0	0.0	3.0					
2872.19	7.920000000000073	trials	9.0	2876.035298	2877.112111	2879.035882	2879.497312	2875.220174	2878.373521			1.0	1.0	0.0	3.0					
2883.41	6.1150000000002365	trials	9.0	2885.040307	2886.231755	2888.12726	2888.479336	2880.1473379999998	2887.040108			1.0	2.0	0.0	3.0					
2892.515	8.88000000000011	trials	9.0	2897.435949	2899.072375	2901.282586	2901.708013	2896.520336	2900.6317129999998			1.0	2.0	0.0	3.0					
2905.685	246.8699999999999	BlockDesign														1.0	196.0	216.0	90.0	50.0
2905.685	9.378999999999905	trials	10.0	2908.976081	2910.127546	2913.31889	2913.735946	2908.417061	2912.465351	2914.055	2915.064	1.0	2.0	1.0	1.0					
2918.156	10.389999999999873	trials	10.0	2923.516293	2925.674628	2926.94098	2927.293325	2922.624185	2925.967904	2927.735	2928.546	1.0	2.0	1.0	1.0					
2931.58	8.309999999999945	trials	10.0	2936.132083	2938.094734	2939.567255	2939.919172	2935.212329	2938.894982			1.0	2.0	0.0	3.0					
2941.973	14.787000000000262	trials	10.0	2951.071115	2952.982632	2955.027656	2955.204039	2950.266993	2954.30374	2955.645	2956.76	1.0	1.0	1.0	1.0					
2958.78	8.685999999999694	trials	10.0	2962.790705	2964.242554	2965.588366	2965.787696	2962.181255	2964.939638	2966.205	2967.466	1.0	1.0	1.0	1.0					
2969.561	9.078999999999724	trials	10.0	2974.121167	2976.049219	2977.108064	2977.370665	2973.273662	2976.610478	2977.796	2978.64	1.0	2.0	1.0	1.0					
2980.73	7.8449999999998	trials	10.0	2985.125545	2986.708031	2988.190985	2988.58877	2984.538424	2987.523844			1.0	2.0	0.0	3.0					
2991.581	7.746999999999844	trials	10.0	2994.161102	2995.392909	2997.488854	2997.908807	2993.412043	2996.76206	2998.091	2999.328	1.0	1.0	1.0	1.0					
3003.345	7.095000000000255	trials	10.0	3006.330884	3007.554964	3008.764448	3009.012005	3005.511404	3008.089355	3009.435	3010.44	1.0	1.0	1.0	1.0					
3014.53	7.875	trials	10.0	3017.861603	3019.4307949999998	3020.640138	3020.901318	3017.19142	3020.028466	3021.39	3022.405	1.0	1.0	1.0	1.0					
3026.453	9.322000000000116	trials	10.0	3030.757865	3032.795879	3034.036847	3034.213084	3029.784139	3033.352163	3034.65	3035.775	1.0	1.0	1.0	1.0					
3037.796	9.875	trials	10.0	3043.176928	3045.147011	3046.047529	3046.267459	3042.648302	3045.398137	3046.655	3047.671	1.0	1.0	1.0	1.0					
3049.71	10.445000000000164	trials	10.0	3055.18163	3057.122731	3058.523834	3058.679021	3054.317357	3057.689114	3059.28	3060.155	1.0	1.0	1.0	1.0					
3062.172	10.38299999999981	trials	10.0	3067.8038579999998	3069.5261339999997	3070.9800909999994	3071.1510869999997	3067.2352479999995	3069.9963609999995	3071.605	3072.555	1.0	1.0	1.0	1.0					
3074.591	10.739000000000033	trials	10.0	3080.5184459999996	3081.8050439999997	3083.6188709999997	3083.820919	3079.683831	3082.944017	3084.395	3085.33	1.0	1.0	1.0	1.0					
3088.36	7.889999999999873	trials	10.0	3091.7539629999997	3093.0867209999997	3094.6298429999997	3094.7770829999995	3091.114057	3093.9392369999996	3095.14	3096.25	1.0	1.0	1.0	1.0					
3099.285	9.870000000000346	trials	10.0	3104.7902409999997	3106.3702869999997	3107.6472879999997	3107.8372059999997	3103.8271579999996	3107.077242	3108.26	3109.155	1.0	1.0	1.0	1.0					
3111.2	7.910000000000309	trials	10.0	3114.5439879999994	3115.9203529999995	3117.4696599999997	3117.612652	3113.7450719999997	3116.5958619999997	3118.024	3119.11	1.0	1.0	1.0	1.0					
3121.132	8.552999999999884	trials	10.0	3124.4792729999995	3125.601777	3128.032296	3128.1936189999997	3123.9504249999995	3126.891241	3128.66	3129.685	1.0	1.0	1.0	1.0					
3133.781	7.608999999999924	trials	10.0	3135.9152559999998	3138.003097	3139.7826589999995	3139.9444289999997	3134.8095149999995	3138.8524439999997	3140.4	3141.39	1.0	1.0	1.0	1.0					
3144.455	8.099999999999909	trials	10.0	3147.294325	3149.261874	3151.0797959999995	3151.1948289999996	3146.4595859999995	3150.1706719999997	3151.645	3152.555	1.0	1.0	1.0	1.0					
3156.58	1294.1599999999999	BlockDesign														1.0	217.0	314.0	50.0	10.0
3156.58	7.144999999999982	trials	11.0	3159.7191849999995	3161.05588	3162.8994219999995	3163.0368839999996	3159.0951789999995	3161.7008939999996			1.0	1.0	0.0	3.0					
3166.256	6.72400000000016	trials	11.0	3167.960518	3169.9813389999995	3171.428208	3171.5478959999996	3163.8406589999995	3170.1949529999997	3172.1	3172.98	1.0	1.0	1.0	1.0					
3175.138	7.652000000000044	trials	11.0	3178.074166	3180.06589	3181.1468939999995	3181.2628259999997	3177.5627259999997	3180.1110659999995	3181.745	3182.79	1.0	1.0	1.0	1.0					
3185.881	7.114000000000033	trials	11.0	3188.339647	3190.1150949999997	3191.4976509999997	3191.6524289999998	3187.6900359999995	3190.7117909999997	3191.967	3192.995	1.0	1.0	1.0	1.0					
3196.045	8.039999999999964	trials	11.0	3199.2437199999995	3201.3203919999996	3203.322116	3203.6512219999995	3198.3564169999995	3201.7719129999996			1.0	1.0	0.0	3.0					
3207.632	6.938000000000102	trials	11.0	3209.3041679999997	3211.0801659999997	3213.0048479999996	3213.1861229999995	3204.1983029999997	3212.1191519999998	3213.615	3214.57	1.0	1.0	1.0	1.0					
3217.595	12.170000000000073	trials	11.0	3226.3686479999997	3227.751418	3229.458194	3229.8063099999995	3225.5196349999997	3228.2243309999994			1.0	2.0	0.0	3.0					
3231.845	8.025000000000091	trials	11.0	3233.574804	3234.93162	3238.4300489999996	3238.684308	3232.8179009999994	3237.0838529999996	3239.115	3239.87	1.0	1.0	1.0	1.0					
3241.97	9.600000000000364	trials	11.0	3247.2546389999998	3249.737554	3250.6248539999997	3250.7929329999997	3246.4328949999995	3249.8128869999996			1.0	1.0	0.0	3.0					
3252.925	9.730000000000018	trials	11.0	3254.7643199999998	3256.252604	3259.0186839999997	3259.0484679999995	3251.6869119999997	3257.504232			1.0	1.0	0.0	3.0					
3263.395	6.585000000000036	trials	11.0	3265.324135	3266.4556919999995	3268.4701589999995	3268.7817699999996	3262.7719779999998	3267.326827	3269.075	3269.98	1.0	1.0	1.0	1.0					
3272.095	11.286000000000058	trials	11.0	3277.9364849999997	3279.7316039999996	3281.9021969999994	3282.15694	3277.3216859999998	3281.3783949999997			1.0	2.0	0.0	3.0					
3285.16	5.870000000000346	trials	11.0	3286.9343289999997	3288.477493	3290.144062	3290.6291289999995	3283.4998709999995	3289.0507509999998			1.0	1.0	0.0	3.0					
3292.501	8.098999999999705	trials	11.0	3294.5148549999994	3295.6628979999996	3298.9796549999996	3299.3086599999997	3291.145936	3297.8308239999997	3299.69	3300.6	1.0	2.0	1.0	1.0					
3304.675	46.41999999999962	trials	11.0	3347.939536	3349.0213059999996	3350.7011459999994	3351.2134169999995	3347.3636169999995	3350.0119579999996			1.0	1.0	0.0	3.0					
3353.01	8.71499999999969	trials	11.0	3356.1797109999998	3358.1858979999997	3360.3176649999996	3360.5549379999998	3355.6593359999997	3359.7285789999996			1.0	1.0	0.0	3.0					
3363.56	5.876000000000204	trials	11.0	3365.291089	3367.2158229999995	3369.0702979999996	3369.5430549999996	3361.841028	3367.8255539999996			1.0	2.0	0.0	3.0					
3371.425	8.375	trials	11.0	3375.0200339999997	3376.9761099999996	3378.3727419999996	3378.6390739999997	3374.084787	3377.8124629999998	3378.895	3379.8	1.0	2.0	1.0	1.0					
3383.82	6.569999999999709	trials	11.0	3386.3646019999996	3387.6223319999995	3388.8191349999997	3389.2597229999997	3385.4759889999996	3388.2678799999994			1.0	2.0	0.0	3.0					
3393.18	8.240999999999985	trials	11.0	3397.1046819999997	3398.7821349999995	3399.9360669999996	3400.4455209999996	3396.328471	3399.4008309999995			1.0	2.0	0.0	3.0					
3402.285	20.7800000000002	trials	11.0	3418.979786	3420.3777529999998	3422.815366	3423.1709949999995	3418.054143	3421.9494539999996			1.0	2.0	0.0	3.0					
3427.108	7.826999999999771	trials	11.0	3429.4924379999998	3431.1976539999996	3433.294998	3433.501234	3428.9680619999995	3432.6654099999996	3433.76	3434.935	1.0	1.0	1.0	1.0					
3439.08	7.555000000000291	trials	11.0	3443.4046449999996	3445.0003359999996	3446.3206239999995	3446.7152589999996	3442.477978	3445.658353			1.0	1.0	0.0	3.0					
3449.641	13.699999999999818	trials	11.0	3458.6718419999997	3460.4327649999996	3461.8019659999995	3462.047542	3458.035525	3461.0006439999997	3462.425	3463.341	1.0	1.0	1.0	1.0					
3465.498	9.344000000000051	trials	11.0	3471.6948179999995	3473.7237549999995	3474.5483309999995	3474.901955	3470.6851829999996	3473.9753319999995			1.0	2.0	0.0	3.0					
3477.92	6.2199999999998	trials	11.0	3480.425652	3482.3580639999996	3483.9002589999996	3484.2149079999995	3479.5475539999998	3483.240039			1.0	1.0	0.0	3.0					
3486.17	7.815000000000055	trials	11.0	3489.0556869999996	3490.6920979999995	3492.6674189999994	3493.1196179999997	3488.402241	3491.9368959999997			1.0	1.0	0.0	3.0					
3495.05	6.1899999999996	trials	11.0	3496.8403569999996	3498.6712769999995	3501.005472	3501.344733	3494.101519	3499.7692479999996			1.0	2.0	0.0	3.0					
3504.36	8.349999999999909	trials	11.0	3508.0103729999996	3509.8963889999995	3512.4620449999998	3512.68587	3507.4413609999997	3510.7079439999998			1.0	1.0	0.0	3.0					
3516.72	19.929000000000087	trials	11.0	3532.9257909999997	3534.399087	3536.266906	3536.7358499999996	3532.1608149999997	3535.7187309999995			1.0	2.0	0.0	3.0					
3540.592	12.407999999999902	trials	11.0	3548.9053719999997	3550.218763	3552.7056979999998	3552.9646569999995	3548.1248819999996	3552.0167939999997			1.0	1.0	0.0	3.0					
3556.01	33.735999999999876	trials	11.0	3584.3368589999995	3586.0666659999997	3587.7695769999996	3589.8659069999994	3583.4449539999996	3587.054108			1.0	2.0	0.0	3.0					
3591.075	15.019999999999982	trials	11.0	3601.595727	3602.823646	3604.4573709999995	3604.624672	3600.9795369999997	3603.7574049999994	3604.945	3606.095	1.0	1.0	1.0	1.0					
3609.179	7.601000000000113	trials	11.0	3613.4454359999995	3615.41209	3616.5149319999996	3616.87247	3612.708613	3615.8579769999997			1.0	1.0	0.0	3.0					
3620.745	9.50500000000011	trials	11.0	3624.7757639999995	3626.796673	3628.6419519999995	3628.8301979999997	3624.1523879999995	3627.8670909999996	3629.15	3630.25	1.0	1.0	1.0	1.0					
3632.342	9.692999999999756	trials	11.0	3637.4958879999995	3639.363685	3640.9195189999996	3641.1101619999995	3636.8213819999996	3639.8318019999997			1.0	1.0	0.0	3.0					
3645.175	6.324999999999818	trials	11.0	3647.0509979999997	3648.990347	3650.9401769999995	3651.0599319999997	3642.153966	3649.4899149999997			1.0	1.0	0.0	3.0					
3655.23	8.61999999999989	trials	11.0	3658.4310399999995	3660.1026549999997	3662.1856499999994	3662.5844179999995	3657.6507949999996	3661.5739419999995			1.0	2.0	0.0	3.0					
3664.421	12.494000000000142	trials	11.0	3673.4768889999996	3674.7483999999995	3676.5480669999997	3676.9994189999998	3672.653778	3675.9558869999996			1.0	2.0	0.0	3.0					
3679.919	6.751999999999953	trials	11.0	3681.80725	3683.6126499999996	3685.0836719999998	3685.310404	3680.5581779999998	3684.4392849999995	3685.756	3686.671	1.0	1.0	1.0	1.0					
3689.756	7.7960000000002765	trials	11.0	3694.5027339999997	3696.10481	3697.2345159999995	3697.4853699999994	3693.8557329999994	3696.613556			1.0	1.0	0.0	3.0					
3701.535	30.445000000000164	trials	11.0	3725.7264769999997	3726.883454	3730.121851	3730.3679279999997	3724.9403369999995	3729.4550579999996	3730.695	3731.98	1.0	1.0	1.0	1.0					
3736.0	7.914999999999964	trials	11.0	3740.901148	3742.5484079999997	3743.6790189999997	3743.9788569999996	3740.0926659999996	3743.1150119999998			1.0	2.0	0.0	3.0					
3746.997	7.588000000000193	trials	11.0	3750.1463129999997	3751.7282289999994	3753.1130439999997	3753.6846819999996	3749.2974659999995	3752.372434			1.0	1.0	0.0	3.0					
3755.47	6.975000000000364	trials	11.0	3757.3663719999995	3758.6464439999995	3761.8106789999997	3761.977739	3754.7008799999994	3760.3442549999995			1.0	1.0	0.0	3.0					
3766.115	10.145000000000437	trials	11.0	3771.191669	3772.3639919999996	3774.4191309999997	3774.839181	3770.2574729999997	3773.5695719999994	3775.091	3776.26	1.0	2.0	1.0	1.0					
3779.349	10.715999999999894	trials	11.0	3784.7970209999994	3786.888642	3788.033047	3788.426729	3784.2560789999998	3787.4676369999997			1.0	2.0	0.0	3.0					
3791.315	14.909999999999854	trials	11.0	3800.8309539999996	3802.6566409999996	3804.6751569999997	3804.8640819999996	3800.0181059999995	3803.9662179999996	3805.315	3806.225	1.0	1.0	1.0	1.0					
3809.312	10.052999999999884	trials	11.0	3814.6165539999997	3816.4785009999996	3817.7395109999998	3817.9673189999994	3813.6533529999997	3817.0908269999995	3818.35	3819.365	1.0	1.0	1.0	1.0					
3822.455	8.059000000000196	trials	11.0	3826.7665389999997	3828.6691269999997	3830.215249	3830.4252129999995	3826.2542429999994	3829.42944			1.0	1.0	0.0	3.0					
3832.521	27.794999999999618	trials	11.0	3857.1615469999997	3858.7784159999997	3859.9956719999996	3860.399975	3856.217514	3859.3497679999996			1.0	2.0	0.0	3.0					
3864.251	13.513999999999669	trials	11.0	3872.7267549999997	3874.3615959999997	3876.0527439999996	3876.301177	3871.9963849999995	3875.397513	3876.64	3877.765	1.0	1.0	1.0	1.0					
3880.85	8.905999999999949	trials	11.0	3885.5520829999996	3887.5978029999997	3888.6120009999995	3889.1336559999995	3884.9264559999997	3888.0017499999994			1.0	1.0	0.0	3.0					
3891.905	6.584999999999582	trials	11.0	3893.7414039999994	3895.0384779999995	3898.1614839999997	3898.6084229999997	3889.871331	3896.2251969999998			1.0	2.0	0.0	3.0					
3900.535	7.26299999999992	trials	11.0	3903.9224369999997	3905.7341199999996	3907.4838369999998	3907.9030979999998	3903.029917	3906.8141729999998			1.0	2.0	0.0	3.0					
3910.725	18.546000000000276	trials	11.0	3924.0270009999995	3925.549416	3927.4704269999997	3927.6724029999996	3923.0300979999997	3926.3001669999994	3927.95	3929.271	1.0	1.0	1.0	1.0					
3933.433	8.972000000000207	trials	11.0	3937.9372829999998	3939.858958	3941.4899279999995	3941.915693	3937.3271109999996	3940.7900859999995			1.0	1.0	0.0	3.0					
3943.821	6.599999999999909	trials	11.0	3945.8384529999994	3947.6339669999998	3950.1264129999995	3950.3743289999998	3942.5219919999995	3948.7870569999995			1.0	2.0	0.0	3.0					
3954.455	7.985000000000127	trials	11.0	3956.3024159999995	3958.1233629999997	3960.8730069999997	3961.0736529999995	3955.6805319999994	3959.5427569999997	3961.51	3962.44	1.0	1.0	1.0	1.0					
3964.48	11.985999999999876	trials	11.0	3971.6568579999994	3973.6076279999997	3975.0872889999996	3975.1841619999996	3970.9222299999997	3974.460769	3975.725	3976.466	1.0	1.0	1.0	1.0					
3978.62	9.815000000000055	trials	11.0	3984.7535049999997	3985.9112229999996	3987.0152129999997	3987.1771179999996	3983.8596249999996	3986.442675	3987.705	3988.435	1.0	1.0	1.0	1.0					
3992.51	7.574999999999818	trials	11.0	3996.1526249999997	3997.469554	3999.1970409999994	3999.3590379999996	3995.1682889999997	3998.5198869999995			1.0	1.0	0.0	3.0					
4001.495	9.30099999999993	trials	11.0	4003.3271999999997	4004.7739329999995	4009.32284	4009.4590179999996	4000.2044209999995	4007.4387519999996	4009.796	4010.796	1.0	1.0	1.0	1.0					
4014.879	6.626999999999953	trials	11.0	4017.047608	4018.3146519999996	4020.5342229999997	4021.1426329999995	4016.2997639999994	4019.4922269999997			1.0	1.0	0.0	3.0					
4022.904	6.186999999999898	trials	11.0	4024.8385949999997	4026.2293189999996	4028.8536809999996	4029.185181	4021.6273029999998	4027.6056419999995			1.0	2.0	0.0	3.0					
4033.171	7.094000000000051	trials	11.0	4035.557399	4037.6416349999995	4039.2728399999996	4039.4506469999997	4035.0471059999995	4038.1611779999994			1.0	1.0	0.0	3.0					
4041.575	8.221000000000004	trials	11.0	4043.5275309999997	4045.3368279999995	4048.636831	4049.3186799999994	4040.3833229999996	4047.581852			1.0	1.0	0.0	3.0					
4051.422	5.992999999999938	trials	11.0	4053.3928269999997	4054.6441749999994	4057.0418039999995	4057.5338559999996	4049.9137349999996	4055.606387			1.0	2.0	0.0	3.0					
4060.335	8.74499999999989	trials	11.0	4064.4827579999996	4065.9641399999996	4067.5827389999995	4067.8321659999997	4063.490398	4066.9211309999996	4068.365	4069.08	1.0	1.0	1.0	1.0					
4071.126	10.03399999999965	trials	11.0	4076.6220269999994	4078.7212649999997	4079.69892	4079.9446	4075.9500099999996	4079.160688	4080.383	4081.16	1.0	2.0	1.0	1.0					
4083.19	10.045000000000073	trials	11.0	4088.9872979999996	4090.170988	4091.7891929999996	4092.2849609999994	4088.3347679999997	4091.2381239999995			1.0	2.0	0.0	3.0					
4096.169	9.726000000000568	trials	11.0	4101.202808999999	4102.771972	4104.293721	4104.714628	4100.308827999999	4103.707527			1.0	2.0	0.0	3.0					
4106.532	9.661000000000058	trials	11.0	4112.832531999999	4113.913973999999	4115.8797939999995	4116.307615	4111.888241	4115.147333			1.0	1.0	0.0	3.0					
4119.187	29.498000000000502	trials	11.0	4145.582501	4146.717240999999	4148.39635	4148.789922	4145.066903999999	4147.7242479999995			1.0	1.0	0.0	3.0					
4150.69	7.574000000000524	trials	11.0	4155.178008	4157.196891	4157.919478	4158.353870999999	4154.312026	4157.382200999999			1.0	2.0	0.0	3.0					
4161.3	6.0109999999995125	trials	11.0	4163.768212	4165.5114459999995	4166.902349999999	4167.428456	4163.096464	4166.214749999999			1.0	1.0	0.0	3.0					
4171.202	7.182999999999993	trials	11.0	4174.532561999999	4175.709422999999	4176.965547	4177.168471	4173.775895999999	4176.322451999999	4177.671	4178.385	1.0	1.0	1.0	1.0					
4181.405	10.980000000000473	trials	11.0	4185.143676	4187.158578	4188.362475999999	4188.658089	4184.598316	4187.849118			1.0	2.0	0.0	3.0					
4192.655	6.085000000000036	trials	11.0	4194.352945	4195.872009	4197.3107199999995	4197.4796	4192.505013999999	4196.561331999999	4197.845	4198.74	1.0	1.0	1.0	1.0					
4202.764	8.532000000000153	trials	11.0	4206.434727	4208.050262999999	4209.560794999999	4209.8990619999995	4205.613319	4208.856733			1.0	2.0	0.0	3.0					
4211.891	13.555000000000291	trials	11.0	4221.558539	4222.937223999999	4225.092081	4225.51944	4220.573407	4224.363523999999			1.0	1.0	0.0	3.0					
4229.439	33.07600000000002	trials	11.0	4258.723411	4260.583146999999	4262.233082999999	4262.624857	4258.112397	4261.626104999999			1.0	2.0	0.0	3.0					
4265.565	8.270000000000437	trials	11.0	4270.143736	4271.644951	4273.4865119999995	4273.954476	4269.232246	4272.772524999999			1.0	1.0	0.0	3.0					
4277.76	15.864999999999782	trials	11.0	4289.278098999999	4291.295443	4292.853324	4293.746214	4288.468784999999	4292.219422			1.0	2.0	0.0	3.0					
4296.135	9.349999999999454	trials	11.0	4300.964746	4302.19006	4303.861653	4304.067701999999	4300.059576	4303.181949	4304.5	4305.485	1.0	1.0	1.0	1.0					
4308.506	11.118999999999687	trials	11.0	4314.933843	4316.790295	4318.111379999999	4318.310308	4313.956095	4317.372799999999	4318.725	4319.625	1.0	1.0	1.0	1.0					
4321.645	8.239999999999782	trials	11.0	4325.708332	4327.190175	4328.215376	4328.324280999999	4324.971036999999	4327.62543	4328.81	4329.885	1.0	1.0	1.0	1.0					
4331.97	8.840000000000146	trials	11.0	4336.53823	4338.1200659999995	4339.414287	4339.5490119999995	4335.80901	4338.749053	4340.046	4340.81	1.0	1.0	1.0	1.0					
4342.835	7.506000000000313	trials	11.0	4346.728759	4348.520377	4349.280505	4349.486768999999	4346.2145949999995	4348.709347999999			1.0	1.0	1.0	1.0					
4352.749	11.360999999999876	trials	11.0	4359.638938	4360.919411999999	4362.657423	4362.803763	4358.814759999999	4362.029802999999	4363.171	4364.11	1.0	1.0	1.0	1.0					
4368.192	6.979000000000269	trials	11.0	4371.623847	4372.97089	4374.43555	4374.671752	4370.641917999999	4373.692297			1.0	1.0	0.0	3.0					
4377.856	6.479000000000269	trials	11.0	4379.743364999999	4381.256676	4383.409696	4383.608595	4375.2908609999995	4382.046609999999			1.0	1.0	0.0	3.0					
4385.635	5.911000000000058	trials	11.0	4387.68433	4389.635112	4391.3145159999995	4391.655750999999	4384.456483	4389.968688999999			1.0	2.0	0.0	3.0					
4393.561	8.219000000000051	trials	11.0	4396.590528	4398.3990459999995	4400.118439	4400.338995	4395.912052	4399.101001	4400.73	4401.78	1.0	1.0	1.0	1.0					
4405.801	8.083999999999833	trials	11.0	4409.679271	4411.070572	4412.189034999999	4412.411034	4408.963528	4411.615229999999	4412.765	4413.885	1.0	1.0	1.0	1.0					
4415.905	15.175000000000182	trials	11.0	4423.965528	4425.804661	4427.3616999999995	4427.499621999999	4423.116217	4426.573933			1.0	1.0	0.0	3.0					
4431.654	7.65099999999984	trials	11.0	4433.719477	4434.8830179999995	4437.801159	4437.975186	4431.199987	4436.104025	4438.425	4439.305	1.0	1.0	1.0	1.0					
4442.374	8.365999999999985	trials	11.0	4445.448909	4447.502242	4449.106011	4449.319923999999	4444.866131999999	4448.129336999999	4449.756	4450.74	1.0	1.0	1.0	1.0					
4454.842	485.97800000000007	BlockDesign														1.0	315.0	335.0	50.0	0.0
4454.842	8.817000000000007	trials	12.0	4457.799537	4459.711662	4462.574086	4462.717731	4456.884491999999	4460.581548			2.0	1.0	1.0	1.0					
4466.066	11.931000000000495	trials	12.0	4472.690712	4474.551285	4476.38436	4476.530691	4471.864668	4475.2927629999995			2.0	1.0	0.0	3.0					
4478.67	8.751000000000204	trials	12.0	4480.574868	4482.085580999999	4485.832372	4485.956136	4478.114409	4484.371588	4486.515	4487.421	2.0	1.0	1.0	1.0					
4490.515	10.099999999999454	trials	12.0	4496.059337999999	4497.88228	4499.686825	4499.875118999999	4495.110196	4498.482167			2.0	1.0	0.0	3.0					
4502.06	7.849999999999454	trials	12.0	4504.130959	4506.215281999999	4508.860126	4509.035927999999	4500.734232	4507.587307			2.0	1.0	0.0	3.0					
4513.175	5.279999999999745	trials	12.0	4514.880798	4515.995647	4518.024933999999	4518.267244	4510.030301999999	4516.760958999999			2.0	1.0	0.0	3.0					
4521.402	60.76299999999992	trials	12.0	4576.239759	4578.192268	4580.587672	4580.740924	4575.315372999999	4578.307444	4581.135	4582.165	2.0	1.0	1.0	1.0					
4584.26	105.8710000000001	trials	12.0	4686.760725	4688.246940999999	4689.036313	4689.311436999999	4686.099888	4688.2421859999995			2.0		0.0	2.0					
4692.141	25.463999999999942	trials	12.0	4712.984946	4714.162675	4715.226675	4715.426824	4712.1434739999995	4714.616773	4715.94	4717.605	2.0	1.0	1.0	1.0					
4720.83	12.243999999999687	trials	12.0	4730.534863	4731.566766	4732.699259999999	4733.190366	4729.772384	4732.092156999999			2.0	1.0	0.0	3.0					
4736.07	15.079999999999927	trials	12.0	4748.180775	4749.486886	4750.723728999999	4751.270428	4747.344674999999	4750.109289999999			2.0	1.0	0.0	3.0					
4753.015	9.960000000000036	trials	12.0	4759.396516	4761.262452	4762.516693	4763.096659	4758.5305419999995	4761.84991			2.0	2.0	0.0	3.0					
4764.886	16.768999999999323	trials	12.0	4777.980522	4779.071898	4781.3292	4781.766114999999	4777.408347	4780.646975			2.0	2.0	0.0	3.0					
4785.733	18.506999999999607	trials	12.0	4799.515507	4800.732333999999	4802.6550959999995	4802.953888	4798.597191	4802.006976	4803.355	4804.24	2.0	1.0	1.0	1.0					
4806.327	10.179000000000087	trials	12.0	4814.055691	4815.182258999999	4816.151284	4816.352220999999	4813.103349999999	4815.534068999999			2.0	1.0	0.0	3.0					
4819.4	29.24000000000069	trials	12.0	4844.092008	4845.755482	4846.951911	4847.147272	4843.172412999999	4846.330884	4847.68	4848.64	2.0	1.0	1.0	1.0					
4850.781	8.10400000000027	trials	12.0	4856.141100999999	4857.374100999999	4858.5328	4859.009308	4855.4716929999995	4857.8832489999995			2.0	1.0	0.0	3.0					
4861.795	21.279999999999745	trials	12.0	4879.060594	4880.532015999999	4881.545701999999	4881.716085999999	4878.44475	4880.969515999999	4882.216	4883.075	2.0	1.0	1.0	1.0					
4885.155	10.50500000000011	trials	12.0	4891.790556999999	4892.8476009999995	4894.097716	4894.269851999999	4890.789734999999	4893.503930999999	4894.671	4895.66	2.0	1.0	1.0	1.0					
4899.815	9.307000000000698	trials	12.0	4905.765998999999	4907.527432	4908.806371	4908.996364	4904.924395	4908.188937			2.0	1.0	0.0	3.0					
4913.08	27.73999999999978	trials	12.0	4935.726391	4937.293428999999	4939.131079	4939.341528999999	4935.124008999999	4938.533976	4939.631	4940.82	2.0	1.0	1.0	1.0					
4942.941	301.59900000000016	BlockDesign														1.0	336.0	355.0	0.0	50.0
4942.941	15.009000000000015	trials	13.0	4953.106196999999	4955.180291999999	4956.064721999999	4956.452874	4952.250727	4955.447609999999	4956.64	4957.95	3.0	2.0	1.0	1.0					
4961.03	12.284999999999854	trials	13.0	4968.650831999999	4970.428264	4971.500711999999	4971.726788999999	4967.854098	4970.941957999999	4972.105	4973.315	3.0	2.0	1.0	1.0					
4975.342	20.613000000000284	trials	13.0	4992.074977	4993.1979329999995	4995.5871449999995	4996.075935	4991.419521	4994.419698			3.0	1.0	0.0	3.0					
4999.905	8.516000000000531	trials	13.0	5004.007385	5005.994035	5006.781379	5007.147669	5003.045067999999	5006.245858			3.0	2.0	0.0	3.0					
5009.065	27.441000000000713	trials	13.0	5032.431597	5034.413085	5035.104633	5035.453877999999	5031.624648999999	5034.4325069999995			3.0	2.0	0.0	3.0					
5038.41	19.079999999999927	trials	13.0	5053.247179	5054.430386999999	5055.799505999999	5056.133017	5052.447037	5055.239979999999	5056.337	5057.49	3.0	2.0	1.0	1.0					
5059.586	8.684000000000196	trials	13.0	5064.376525	5065.505644	5066.591853999999	5066.8787139999995	5063.797629999999	5066.112067	5067.256	5068.27	3.0	2.0	1.0	1.0					
5072.361	7.844000000000051	trials	13.0	5077.357285	5078.807499	5079.892851	5080.308427	5076.750609	5079.370402			3.0	2.0	0.0	3.0					
5084.22	7.859999999999673	trials	13.0	5088.1166459999995	5089.273782	5091.842498999999	5092.170937	5087.192427999999	5091.246622			3.0	2.0	0.0	3.0					
5095.141	13.584000000000742	trials	13.0	5103.802361999999	5104.921402	5106.996798	5107.308336	5103.233832	5106.404101	5107.585	5108.725	3.0	2.0	1.0	1.0					
5110.745	12.801000000000386	trials	13.0	5120.6419479999995	5122.208178999999	5123.251933	5123.645452	5119.787992	5122.687787			3.0	2.0	0.0	3.0					
5125.624	13.490999999999985	trials	13.0	5131.861515	5133.108563	5137.480342	5137.7373099999995	5131.274873	5136.606986	5138.0	5139.115	3.0	2.0	1.0	1.0					
5141.135	13.234999999999673	trials	13.0	5150.316733	5152.074662999999	5152.762581999999	5152.956603	5149.344580999999	5152.248938999999	5153.296	5154.37	3.0	2.0	1.0	1.0					
5157.455	7.335000000000036	trials	13.0	5162.15668	5163.522993999999	5164.554206	5164.862402999999	5161.154995	5164.031429999999			3.0	2.0	0.0	3.0					
5168.797	9.478000000000065	trials	13.0	5173.566639999999	5174.742687	5176.683787	5177.006235	5173.034298999999	5175.8397669999995			3.0	2.0	0.0	3.0					
5178.935	14.549999999999272	trials	13.0	5188.586319	5190.053979	5191.903437999999	5192.208188999999	5187.792111999999	5191.275572999999	5192.466	5193.485	3.0	2.0	1.0	1.0					
5197.535	7.890000000000327	trials	13.0	5201.406778	5202.648875	5203.82119	5204.066945999999	5200.674972	5203.257772999999	5204.52	5205.425	3.0	2.0	1.0	1.0					
5207.48	9.520000000000437	trials	13.0	5213.831979	5215.37074	5216.7620529999995	5217.123395999999	5213.06674	5216.234210999999			3.0	2.0	0.0	3.0					
5220.01	6.925000000000182	trials	13.0	5223.542023	5225.2294679999995	5226.6462249999995	5226.997196	5222.831184999999	5226.076907999999			3.0	2.0	0.0	3.0					
5229.016	15.524000000000342	trials	13.0	5239.907383	5241.870777	5242.875024999999	5243.235331	5239.12715	5242.311615999999	5243.631	5244.54	3.0	2.0	1.0	1.0					
5247.596	685.0390000000007	BlockDesign														1.0	356.0	399.0	50.0	50.0
5247.596	8.054000000000087	trials	14.0	5252.367157	5254.345348	5255.407751999999	5255.659481999999	5251.382791	5254.798709999999			2.0	1.0	0.0	3.0					
5257.737	12.212999999999738	trials	14.0	5263.0486169999995	5264.753333999999	5268.407424999999	5268.572399999999	5262.223610999999	5267.309856	5268.98	5269.95	2.0	1.0	1.0	1.0					
5271.97	8.4399999999996	trials	14.0	5276.751634	5278.44414			5275.961945999999	5278.437672			3.0		0.0	2.0					
5283.421	7.243999999999687	trials	14.0	5285.272392999999	5286.536238999999	5289.044663999999	5289.246619	5278.50152	5288.007646	5289.577	5290.665	2.0	1.0	1.0	1.0					
5293.762	7.78400000000056	trials	14.0	5297.412419	5298.750091	5300.542459	5301.046781999999	5296.865605999999	5299.796775			2.0	1.0	0.0	3.0					
5304.864	8.40100000000075	trials	14.0	5306.5831419999995	5307.779721999999	5312.132969	5312.810962	5301.670654	5307.772531			3.0		0.0	2.0					
5313.75	7.466000000000349	trials	14.0	5315.407228	5316.947415	5319.6814079999995	5319.993270999999	5313.389374	5318.470305	5320.375	5321.216	3.0	2.0	1.0	1.0					
5323.235	7.994999999999891	trials	14.0	5327.541862	5329.543669	5331.015797999999	5331.334499999999	5327.006857	5329.991588			3.0	2.0	0.0	3.0					
5335.311	7.905000000000655	trials	14.0	5338.932535	5340.1493439999995	5342.973743999999	5343.177892	5338.321721	5342.030144			2.0	1.0	0.0	3.0					
5345.225	91.53099999999995	trials	14.0	5433.126093999999	5434.224875	5436.219604	5436.883571	5432.521702999999	5435.397633999999			3.0	1.0	0.0	3.0					
5439.561	6.045000000000073	trials	14.0	5442.443299	5444.114602	5445.223273	5445.695562999999	5441.449721999999	5444.570565			3.0	2.0	0.0	3.0					
5448.531	8.957999999999629	trials	14.0	5454.491754999999	5455.817778999999	5457.1096	5457.593102	5453.746322999999	5456.406958			3.0	1.0	0.0	3.0					
5459.425	8.045000000000073	trials	14.0	5464.3629009999995	5465.749403	5467.058485	5467.594193999999	5463.676944999999	5466.406068			2.0	1.0	0.0	3.0					
5471.43	9.340000000000146	trials	14.0	5475.728352	5477.3761509999995	5479.155273	5479.38046	5475.192943	5478.450246	5479.79	5480.77	2.0	1.0	1.0	1.0					
5482.92	10.640000000000327	trials	14.0	5488.082568	5490.5639249999995	5491.909404	5492.1424529999995	5487.21573	5491.205255	5492.56	5493.56	2.0	1.0	1.0	1.0					
5496.66	8.757000000000517	trials	14.0	5501.800068	5503.565167	5505.0416669999995	5505.498927	5500.956075	5504.392356			3.0	1.0	0.0	3.0					
5508.416	37.818999999999505	trials	14.0	5543.094916	5544.355401	5545.916009999999	5546.360226999999	5542.415837999999	5545.223996999999			3.0	2.0	0.0	3.0					
5548.192	11.287999999999556	trials	14.0	5553.5282099999995	5555.2421699999995	5557.782808	5558.1034469999995	5552.539854	5556.553921	5558.52	5559.48	2.0	1.0	1.0	1.0					
5562.565	9.320000000000618	trials	14.0	5567.767744	5569.715692	5571.305323	5572.013263	5566.846495	5570.220781			3.0	1.0	0.0	3.0					
5575.595	11.114999999999782	trials	14.0	5581.984727999999	5583.321118	5584.416985	5584.555633	5581.287726	5583.751260999999	5584.96	5586.71	2.0	1.0	1.0	1.0					
5589.8	15.13000000000011	trials	14.0	5600.4789	5602.346626	5603.355310999999	5603.635113	5599.951045	5602.776699999999	5604.046	5604.93	3.0	2.0	1.0	1.0					
5606.955	14.813000000000102	trials	14.0	5617.643759999999	5619.539868	5621.407582	5621.856459999999	5617.00387	5620.838169			2.0	1.0	0.0	3.0					
5625.702	6.537999999999556	trials	14.0	5627.443692	5629.392024999999	5630.616147999999	5631.033304	5626.409973	5630.1404729999995	5631.22	5632.24	3.0	2.0	1.0	1.0					
5634.358	9.466999999999643	trials	14.0	5640.524775	5642.229659999999	5643.592253	5643.835642	5639.781966999999	5643.036688			2.0	1.0	0.0	3.0					
5646.86	16.575000000000728	trials	14.0	5658.588721	5660.215308999999	5661.774600999999	5662.000473	5657.656865999999	5661.114694	5662.355	5663.435	2.0	1.0	1.0	1.0					
5665.545	13.680000000000291	trials	14.0	5674.490443	5676.129811	5677.613603	5677.925695	5673.662767	5677.1640179999995	5678.475	5679.225	3.0	2.0	1.0	1.0					
5681.311	9.759000000000015	trials	14.0	5686.373589	5688.371767	5689.623740999999	5689.874916999999	5685.759892	5688.897427	5690.256	5691.07	3.0	2.0	1.0	1.0					
5694.19	10.615000000000691	trials	14.0	5699.764093	5701.687953	5703.571653999999	5703.86266	5698.755279999999	5702.4842499999995			2.0	2.0	0.0	3.0					
5707.87	9.289999999999964	trials	14.0	5711.9747099999995	5713.374653	5716.688337	5717.287319999999	5711.337046	5716.089791			2.0	2.0	0.0	3.0					
5719.906	10.72900000000027	trials	14.0	5727.434407	5728.912966	5730.363597	5730.590451	5726.822515	5729.802597			2.0	1.0	0.0	3.0					
5732.686	6.9450000000006185	trials	14.0	5736.708975	5738.450741999999	5739.40551	5739.697989	5736.133696	5738.928355			3.0	2.0	0.0	3.0					
5743.641	29.16900000000078	trials	14.0	5769.934471	5771.434380999999	5772.531465999999	5772.923869	5769.289552	5772.012819			3.0	2.0	0.0	3.0					
5774.816	16.252000000000407	trials	14.0	5786.849592	5788.867045999999	5790.718016	5791.146376	5786.284041999999	5789.878272			2.0	1.0	0.0	3.0					
5795.083	5.428000000000793	trials	14.0	5796.904651	5798.954784	5800.1246519999995	5800.638421	5796.158546999999	5799.674144999999			3.0	2.0	0.0	3.0					
5803.405	17.84400000000005	trials	14.0	5818.190612	5819.701035	5820.993199999999	5821.224009	5817.59489	5820.347943999999			2.0	1.0	0.0	3.0					
5824.315	8.710000000000036	trials	14.0	5828.5039289999995	5829.902325999999	5831.230175999999	5831.495308	5827.8433079999995	5830.706108	5831.68	5833.025	3.0	2.0	1.0	1.0					
5835.041	15.148999999999432	trials	14.0	5845.894632	5847.491695	5848.699095	5848.906158	5845.316693999999	5848.210021	5849.24	5850.19	3.0	2.0	1.0	1.0					
5852.22	10.429999999999382	trials	14.0	5857.8950859999995	5859.602149	5860.934198999999	5861.142759	5856.974801	5860.383463	5861.69	5862.65	2.0	1.0	1.0	1.0					
5865.736	10.259000000000015	trials	14.0	5870.980156	5872.991523999999	5874.427094999999	5874.6353229999995	5870.303172	5873.796186	5874.921	5875.995	2.0	1.0	1.0	1.0					
5880.093	7.622000000000298	trials	14.0	5885.055914999999	5886.222266999999	5887.420431	5887.835789999999	5884.550361	5886.95685			3.0	2.0	0.0	3.0					
5890.708	8.097000000000662	trials	14.0	5894.144842	5895.409049	5897.289933	5897.527110999999	5893.2207339999995	5896.789461	5897.841	5898.805	3.0	2.0	1.0	1.0					
5901.881	8.789999999999964	trials	14.0	5906.654759999999	5907.731796	5909.121148	5909.288796999999	5905.858475999999	5908.504693	5909.745	5910.671	2.0	1.0	1.0	1.0					
5914.776	7.529999999999745	trials	14.0	5918.9663439999995	5920.901652999999	5922.0092859999995	5922.434225999999	5918.214373	5921.363288999999			2.0	1.0	0.0	3.0					
5925.235	7.400000000000546	trials	14.0	5929.596337999999	5931.315817	5932.631316999999	5933.151774	5928.6499779999995	5932.145637			3.0	2.0	0.0	3.0					
5936.98	55.69500000000062	BlockDesign														1.0	400.0	404.0	0.0	0.0
5936.98	12.941000000000713	trials	15.0	5946.619591	5948.235918	5949.612562	5949.886044	5946.026314	5949.047205			2.0	1.0	0.0	3.0					
5953.999	8.320999999999913	trials	15.0	5958.994699	5960.696841999999	5962.032655999999	5962.438353	5958.061185999999	5961.464642999999			2.0	1.0	0.0	3.0					
5967.33	5.744999999999891	trials	15.0	5969.37038	5970.675144	5972.315828999999	5972.701873	5967.643238999999	5971.294572			2.0	1.0	0.0	3.0					
5975.675	6.014999999999418	trials	15.0	5977.4001929999995	5979.334653	5981.400874999999	5981.740787999999	5973.201368999999	5980.050952			2.0	2.0	0.0	3.0					
5985.7	6.975000000000364	trials	15.0	5989.975737999999	5991.23212	5992.601435999999	5992.804554	5989.399482	5991.931986			2.0	1.0	0.0	3.0					
5998.006	98.79399999999987	BlockDesign														1.0	405.0	409.0	0.0	0.0
5998.006	53.36799999999948	trials	16.0	6047.995079	6049.08685	6050.998519	6051.454	6047.093424999999	6049.859992			3.0	1.0	0.0	3.0					
6054.33	9.176000000000386	trials	16.0	6058.250092	6059.317422	6060.9978519999995	6061.963813	6057.308454	6060.4863669999995			3.0	2.0	0.0	3.0					
6064.245	13.221000000000458	trials	16.0	6071.02058	6072.182964	6074.571307	6075.655588	6070.222653999999	6074.04055			3.0	2.0	0.0	3.0					
6078.91	4.960000000000036	trials	16.0	6080.721921	6082.187448999999	6083.524787	6083.995724	6077.593059	6082.383113			3.0	1.0	0.0	3.0					
6086.756	10.043999999999869	trials	16.0	6094.169139	6096.0198869999995	6096.76491	6097.177044	6093.222132	6096.242762			3.0	2.0	0.0	3.0					
6099.0	939.8649999999998	BlockDesign														1.0	410.0	452.0	50.0	50.0
6099.0	15.899999999999636	trials	17.0	6110.512003	6111.862411	6114.595305	6114.789554999999	6109.973161	6113.536329999999			3.0	1.0	0.0	3.0					
6117.91	23.181000000000495	trials	17.0	6135.019265	6136.721557999999	6137.9370579999995	6138.294355999999	6134.122276	6137.307799	6138.62	6141.091	2.0	1.0	1.0	1.0					
6144.18	57.07600000000002	trials	17.0	6196.40641	6197.568982	6199.407171999999	6199.7464279999995	6195.886022	6198.534137	6200.01	6201.256	3.0	2.0	1.0	1.0					
6204.275	14.030000000000655	trials	17.0	6214.689832999999	6216.2117149999995	6217.884231999999	6218.083696	6213.9637999999995	6216.748154			2.0	1.0	0.0	3.0					
6220.131	19.929000000000087	trials	17.0	6235.705156	6237.489001	6239.09782	6239.54419	6235.13753	6238.485922			3.0	2.0	0.0	3.0					
6243.415	107.07999999999993	trials	17.0	6343.790558	6345.569164	6346.928615	6347.157475999999	6343.239286999999	6346.360946	6347.66	6350.495	2.0	1.0	1.0	1.0					
6354.516	6.472999999999956	trials	17.0	6357.876972999999	6359.231932	6360.586898	6361.091332999999	6356.980713999999	6359.985597			3.0	1.0	0.0	3.0					
6362.984	16.320999999999913	trials	17.0	6374.476229	6376.418293	6378.663826	6379.407072999999	6373.765273	6377.982408999999			2.0	2.0	0.0	3.0					
6381.016	24.213999999999942	trials	17.0	6402.161097	6403.477118	6404.696631999999	6405.333538999999	6401.482258	6404.079436			2.0	1.0	0.0	3.0					
6408.065	16.981000000000677	trials	17.0	6419.947585	6421.60726	6423.576220999999	6424.266457	6419.42868	6422.982470999999			2.0	1.0	0.0	3.0					
6425.85	6.969999999999345	trials	17.0	6427.605627999999	6429.118270999999	6430.850246	6431.147110999999	6425.150987	6429.929185	6431.435	6432.82	3.0	2.0	1.0	1.0					
6435.841	12.338999999999942	trials	17.0	6443.055998	6444.739122999999	6446.227139	6446.640520999999	6442.312642999999	6445.604477999999	6446.835	6448.18	3.0	2.0	1.0	1.0					
6451.268	9.627000000000407	trials	17.0	6457.170918	6459.080467	6460.639916	6460.9374339999995	6456.279626	6460.096388			2.0	2.0	0.0	3.0					
6462.91	28.110000000000582	trials	17.0	6486.672025	6487.828229	6489.935789	6490.148091999999	6485.860546999999	6489.11798			2.0	1.0	1.0	1.0					
6495.391	10.186000000000604	trials	17.0	6502.350979999999	6503.887302	6505.273435	6505.6673089999995	6501.553089999999	6504.368297			3.0	2.0	0.0	3.0					
6509.52	9.3149999999996	trials	17.0	6513.337339	6514.760107	6516.966788	6517.233171999999	6512.650693	6516.475637			3.0	2.0	0.0	3.0					
6519.216	17.213999999999942	trials	17.0	6532.282864	6534.229577	6536.0767479999995	6536.534546	6531.617491999999	6534.811196			3.0	2.0	0.0	3.0					
6540.321	13.373999999999796	trials	17.0	6549.323023999999	6551.35474	6552.9005019999995	6553.796783	6548.6029229999995	6552.289656			2.0	1.0	0.0	3.0					
6556.256	23.863999999999578	trials	17.0	6574.453138	6575.783804	6578.418417	6578.65909	6573.894593999999	6577.781204	6578.95	6580.12	2.0	1.0	1.0	1.0					
6582.208	12.292000000000371	trials	17.0	6589.876697	6591.64019	6592.874291	6593.044207999999	6588.879965	6592.26184	6593.466	6594.5	2.0	1.0	1.0	1.0					
6597.535	10.38000000000011	trials	17.0	6602.871913999999	6605.370365	6606.725809	6607.118560999999	6602.257159	6606.042785			2.0	1.0	0.0	3.0					
6611.035	5.556000000000495	trials	17.0	6612.82222	6613.843798			6608.016127999999	6613.839488			3.0		0.0	2.0					
6617.82	12.200000000000728	trials	17.0	6623.503075	6624.621026	6628.158810999999	6628.528353	6622.8347109999995	6626.567787999999	6628.677	6630.02	3.0	2.0	1.0	1.0					
6633.08	10.50500000000011	trials	17.0	6638.887154	6640.366446999999	6641.547353	6641.910746	6638.314342	6640.997624	6642.145	6643.585	3.0	2.0	1.0	1.0					
6645.605	17.215000000000146	trials	17.0	6657.3564559999995	6659.258546	6661.133602	6661.372674	6656.484415	6660.3746439999995	6661.865	6662.82	2.0	1.0	1.0	1.0					
6665.835	14.21100000000024	trials	17.0	6677.032411	6678.074976999999	6679.792428	6680.023826	6676.033692	6679.198216999999			2.0	2.0	0.0	3.0					
6683.11	6.975000000000364	trials	17.0	6685.7319769999995	6687.328705	6688.452493	6688.668959	6685.039481	6687.788375	6689.171	6690.085	2.0	1.0	1.0	1.0					
6693.101	9.274000000000342	trials	17.0	6698.54267	6700.683583999999	6702.130967	6702.442048	6697.844889	6701.255483			3.0	2.0	0.0	3.0					
6706.385	14.289999999999964	trials	17.0	6717.332552	6718.886242	6720.301675	6720.7802919999995	6716.812774	6719.620675			2.0	1.0	0.0	3.0					
6722.595	44.78600000000006	trials	17.0	6762.582484	6763.714153999999	6765.492908	6765.879083	6761.6429419999995	6764.895998	6765.98	6767.381	3.0	2.0	1.0	1.0					
6771.47	8.639999999999418	trials	17.0	6776.903918999999	6778.529001999999	6779.7912799999995	6780.2126929999995	6776.211679	6779.021253999999			3.0	2.0	0.0	3.0					
6782.08	19.515000000000327	trials	17.0	6797.137436999999	6798.404573	6799.777352	6800.154979	6796.221605	6799.225101999999	6800.251	6801.595	3.0	2.0	1.0	1.0					
6804.701	8.899999999999636	trials	17.0	6810.057113	6812.064002	6813.276986	6813.637420999999	6809.517354	6812.736250999999			3.0	2.0	0.0	3.0					
6816.532	34.22400000000016	trials	17.0	6846.192105	6847.893110999999	6848.932406	6849.283883	6845.328989	6848.336123	6849.435	6850.756	3.0	2.0	1.0	1.0					
6852.775	12.510000000000218	trials	17.0	6862.46767	6863.584645	6864.892631	6865.387774999999	6861.8537639999995	6864.249827			2.0	1.0	0.0	3.0					
6867.216	34.943999999999505	trials	17.0	6897.32407	6899.227715	6900.381864999999	6900.724415	6896.700556	6899.781951999999	6901.146	6902.16	3.0	2.0	1.0	1.0					
6904.281	9.668999999999869	trials	17.0	6910.904495	6912.4548859999995	6913.630779	6913.927149	6910.3334239999995	6912.967525999999			2.0	1.0	0.0	3.0					
6917.024	22.055999999999585	trials	17.0	6934.044565	6936.031276	6937.1891049999995	6937.435304	6933.432269	6936.52401	6937.845	6939.08	2.0	1.0	1.0	1.0					
6943.096	10.22400000000016	trials	17.0	6948.493979999999	6950.464626999999	6951.362553999999	6951.565828999999	6947.76635	6950.736188	6951.955	6953.32	2.0	1.0	1.0	1.0					
6957.11	9.845000000000255	trials	17.0	6962.196021	6963.965028	6965.102712999999	6965.684762999999	6961.5772879999995	6964.522142			3.0	2.0	0.0	3.0					
6967.435	38.70499999999993	trials	17.0	7002.824745999999	7004.179244	7005.628678	7006.245811	7002.137667	7004.963414			2.0	1.0	0.0	3.0					
7008.96	20.074999999999818	trials	17.0	7023.949906	7025.2953019999995	7027.2927819999995	7027.521524	7023.294572	7026.313889	7027.935	7029.035	2.0	1.0	1.0	1.0					
7033.055	5.809999999999491	trials	17.0	7036.558497999999	7037.8267829999995			7035.7429759999995	7038.424472			3.0	2.0	0.0	3.0					
7041.242	1016.4030000000002	BlockDesign														1.0	453.0	510.0	50.0	10.0
7041.242	21.782999999999447	trials	18.0	7058.838825999999	7060.814882	7061.946637	7062.4090559999995	7058.083611999999	7061.461595			1.0	2.0	0.0	3.0					
7066.296	6.493999999999687	trials	18.0	7068.308626	7069.451228	7071.181501999999	7071.324544	7063.131891999999	7070.330156999999	7071.725	7072.79	1.0	1.0	1.0	1.0					
7074.858	13.891999999999825	trials	18.0	7084.320229	7085.583371	7087.865087	7088.171816	7083.496767	7087.095001			1.0	1.0	0.0	3.0					
7092.125	20.725000000000364	trials	18.0	7096.8652409999995	7098.695326	7111.112071	7111.365664999999	7096.042337999999	7098.952464	7111.815	7112.85	1.0	2.0	1.0	1.0					
7114.881	9.808999999999287	trials	18.0	7119.648353	7121.718045	7123.809149	7124.120188999999	7118.980113	7122.8559319999995			1.0	2.0	0.0	3.0					
7127.08	9.069999999999709	trials	18.0	7129.244009	7130.360137	7134.977006	7135.656902	7124.797533999999	7130.351221999999			1.0		0.0	2.0					
7136.265	8.371000000000095	trials	18.0	7138.280384	7139.300674	7142.939168	7143.1214	7136.257173999999	7142.003605	7143.56	7144.636	1.0	1.0	1.0	1.0					
7147.675	8.639999999999418	trials	18.0	7151.683816	7153.185450999999	7155.267416	7155.723887	7150.971579999999	7154.232017			1.0	2.0	0.0	3.0					
7158.6	5.7549999999992	trials	18.0	7160.740761999999	7162.085932999999	7163.516508	7163.930401	7156.422466999999	7162.425101999999			1.0	1.0	0.0	3.0					
7166.82	6.835000000000036	trials	18.0	7168.733518999999	7170.559378	7173.0998549999995	7173.758602	7164.458794	7170.822485			1.0	2.0	0.0	3.0					
7176.485	8.095000000000255	trials	18.0	7178.968951	7180.485498999999	7183.140593	7183.311465999999	7178.17804	7181.389792999999	7183.796	7184.58	1.0	1.0	1.0	1.0					
7188.667	9.728000000000065	trials	18.0	7193.4544479999995	7195.036082	7197.119452	7197.5189439999995	7192.820809	7195.990924			1.0	1.0	0.0	3.0					
7200.381	7.8989999999994325	trials	18.0	7201.994527999999	7203.9563689999995	7206.396478	7206.745524	7198.499404	7204.7664159999995			1.0	2.0	0.0	3.0					
7208.725	6.693999999999505	trials	18.0	7210.639169	7212.046108	7215.086896999999	7215.268391	7209.092699999999	7213.842181			1.0	1.0	0.0	3.0					
7218.345	99.67500000000018	trials	18.0	7313.209535	7314.66145	7316.1570059999995	7316.37761	7312.60171	7315.496733999999	7316.835	7318.02	1.0	1.0	1.0	1.0					
7322.175	24.86499999999978	trials	18.0	7342.755553	7343.963578999999	7345.444503	7345.590415	7341.993726	7344.842393	7346.055	7347.04	1.0	1.0	1.0	1.0					
7350.06	8.714999999999236	trials	18.0	7354.649128999999	7356.367499	7357.5487219999995	7357.707902	7353.976489	7356.822715			1.0	1.0	0.0	3.0					
7361.781	6.179000000000087	trials	18.0	7363.870551999999	7365.250744999999	7367.15869	7368.066301999999	7358.882308	7365.758492			1.0	2.0	0.0	3.0					
7369.415	37.926000000000386	trials	18.0	7402.849921999999	7404.426826999999	7405.916929	7406.542708	7402.04154	7405.2609919999995			1.0	2.0	0.0	3.0					
7410.256	18.97899999999936	trials	18.0	7425.040513	7426.717027	7428.8419699999995	7429.340152	7424.289833	7428.144036			1.0	2.0	0.0	3.0					
7431.173	15.972000000000662	trials	18.0	7440.2467719999995	7441.598830999999	7446.646833999999	7447.252297	7439.540137999999	7443.355742			1.0	1.0	0.0	3.0					
7450.171	10.893999999999323	trials	18.0	7455.826542999999	7457.052433	7459.594153999999	7459.774912999999	7455.1828909999995	7458.896161	7460.256	7461.065	1.0	1.0	1.0	1.0					
7464.22	9.204999999999927	trials	18.0	7470.5465269999995	7471.622294	7473.162775999999	7473.532549	7469.9238589999995	7472.534414			1.0	1.0	0.0	3.0					
7475.467	13.418000000000575	trials	18.0	7484.491443999999	7486.3968239999995	7488.552213	7488.992722	7483.797957999999	7487.82805			1.0	1.0	0.0	3.0					
7492.87	7.426000000000386	trials	18.0	7496.750426	7498.078405	7499.657986	7499.842219	7495.953879	7499.033269			1.0	1.0	0.0	3.0					
7502.02	34.15099999999984	trials	18.0	7530.991819999999	7532.627221	7534.586491999999	7534.77467	7530.308641	7533.80213	7535.315	7536.171	1.0	1.0	1.0	1.0					
7538.257	11.983000000000175	trials	18.0	7546.796603	7548.80654	7549.929748	7550.3331069999995	7545.993692	7549.351505			1.0	2.0	0.0	3.0					
7554.266	12.045000000000073	trials	18.0	7562.820442	7564.2322189999995	7565.963336	7566.36151	7561.917493999999	7565.264821			1.0	1.0	0.0	3.0					
7568.336	7.7039999999997235	trials	18.0	7572.271567	7573.828718	7575.727078	7576.146481	7571.659352	7575.128280999999			1.0	2.0	0.0	3.0					
7580.061	11.249000000000706	trials	18.0	7585.992192	7587.8519719999995	7589.737088	7590.002476	7585.382414	7588.31386	7590.43	7591.31	1.0	2.0	1.0	1.0					
7594.33	9.765999999999622	trials	18.0	7599.630533	7601.97839	7603.679684	7604.205658	7598.663123	7602.360719			1.0	2.0	0.0	3.0					
7607.107	33.45300000000043	trials	18.0	7634.095792	7635.4022239999995	7638.460411	7638.962949999999	7633.097962	7637.707394			1.0	2.0	0.0	3.0					
7642.756	14.573999999999614	trials	18.0	7652.8516309999995	7654.208272	7657.042061	7657.429165	7652.308612999999	7656.334731			1.0	1.0	0.0	3.0					
7661.358	19.24200000000019	trials	18.0	7676.166077	7677.8477889999995	7680.202121	7680.650439999999	7675.422998	7679.137804			1.0	1.0	0.0	3.0					
7682.535	25.1850000000004	trials	18.0	7703.440597999999	7705.0687339999995	7707.291058999999	7707.829347999999	7702.631342	7706.496826			1.0	1.0	0.0	3.0					
7711.66	14.585000000000036	trials	18.0	7721.11778	7722.4677489999995	7725.794089999999	7726.352573	7720.3624819999995	7725.009153999999			1.0	1.0	0.0	3.0					
7729.095	9.554999999999382	trials	18.0	7732.876163	7734.128038999999	7736.706405999999	7737.788747	7732.010768	7736.056998999999			1.0	2.0	0.0	3.0					
7738.955	9.899999999999636	trials	18.0	7743.361139	7744.467957999999	7747.334838999999	7747.726481	7742.464465	7746.735361999999			1.0	2.0	0.0	3.0					
7749.71	10.304000000000087	trials	18.0	7755.856132999999	7757.649544	7759.727809	7760.110768	7755.322459999999	7758.604219999999			1.0	2.0	0.0	3.0					
7761.97	13.854999999999563	trials	18.0	7771.181078	7772.522558	7774.200376999999	7774.3305709999995	7770.229552999999	7773.466404999999	7774.796	7775.825	1.0	1.0	1.0	1.0					
7778.845	8.179999999999382	trials	18.0	7783.400997999999	7784.735283999999	7786.5521659999995	7787.13103	7782.79214	7785.924956			1.0	1.0	0.0	3.0					
7789.796	9.221999999999753	trials	18.0	7795.311296	7797.112712	7798.685332	7799.1248049999995	7794.635802999999	7798.092833			1.0	2.0	0.0	3.0					
7802.99	10.239999999999782	trials	18.0	7809.586439	7810.697963	7812.802433	7813.339532	7808.732092	7812.1658			1.0	1.0	0.0	3.0					
7817.131	12.433999999999287	trials	18.0	7825.881425	7827.128768	7828.988079999999	7829.673752	7824.959518	7828.372165999999			1.0	2.0	0.0	3.0					
7832.305	20.25500000000011	trials	18.0	7848.0967789999995	7849.903907	7852.147945999999	7852.669371999999	7847.2204249999995	7851.414244			1.0	1.0	0.0	3.0					
7856.39	7.839999999999236	trials	18.0	7860.026578999999	7861.249736	7863.723683	7864.339459999999	7859.106712999999	7863.040378			1.0	1.0	0.0	3.0					
7866.014	9.782000000000153	trials	18.0	7871.311291	7872.428629999999	7874.373586	7874.760765999999	7870.6292539999995	7873.744144			1.0	2.0	0.0	3.0					
7877.697	11.492999999999483	trials	18.0	7884.8718819999995	7886.163686	7887.519173	7887.841915	7884.202948	7886.814652999999	7888.08	7889.19	1.0	1.0	1.0	1.0					
7893.28	9.570000000000618	trials	18.0	7898.146998	7899.787687999999	7901.276596	7901.448845	7897.596283999999	7900.622770999999	7901.915	7902.85	1.0	1.0	1.0	1.0					
7904.935	9.789999999999964	trials	18.0	7910.6819399999995	7912.553462	7913.738803	7913.941406	7909.739836999999	7913.150981			1.0	1.0	1.0	1.0					
7917.315	50.13000000000011	trials	18.0	7964.078221	7965.808609	7967.005096999999	7967.553119	7963.250851	7966.467026			1.0	1.0	0.0	3.0					
7970.319	10.440999999999804	trials	18.0	7977.158874999999	7978.598389999999	7979.994296	7980.182473999999	7976.189987	7979.346283999999			1.0	1.0	0.0	3.0					
7982.247	17.347999999999956	trials	18.0	7994.618689	7996.334188999999	7997.881361	7998.017284	7993.829591	7996.985615	7998.546	7999.595	1.0	1.0	1.0	1.0					
8002.684	11.515999999999622	trials	18.0	8010.373462	8011.486147	8012.900455	8013.6372169999995	8009.492842	8012.3090839999995			1.0	1.0	0.0	3.0					
8016.22	5.359999999999673	trials	18.0	8018.107158999999	8019.8740609999995	8021.322517	8021.541375999999	8014.309942	8020.152806			1.0	1.0	0.0	3.0					
8024.655	9.360000000000582	trials	18.0	8029.542528999999	8030.914255	8032.3458009999995	8032.551495	8028.717737	8031.703216	8032.875	8034.015	1.0	1.0	1.0	1.0					
8038.031	9.333999999999833	trials	18.0	8042.53759	8044.488599	8045.824318	8045.972476	8041.587233	8044.709134999999	8046.44	8047.365	1.0	1.0	1.0	1.0					
8051.425	6.220000000000255	trials	18.0	8054.033724999999	8055.98888	8057.423134	8057.752837999999	8053.185863	8056.616521			1.0	1.0	0.0	3.0					
8061.756	391.28999999999996	BlockDesign														1.0	511.0	533.0	90.0	50.0
8061.756	8.183999999999287	trials	19.0	8063.847758	8064.965269	8069.102500999999	8069.585139999999	8058.626747	8064.9564789999995			1.0		0.0	2.0					
8069.96	7.859999999999673	trials	19.0	8072.446957	8074.161376	8076.109571	8076.414941	8070.050741	8074.900727	8076.735	8077.82	1.0	2.0	1.0	1.0					
8079.881	19.97399999999925	trials	19.0	8095.192217	8096.899115	8098.359289999999	8098.620317	8094.2979909999995	8097.3389799999995	8098.986	8099.855	1.0	2.0	1.0	1.0					
8103.94	10.535000000000764	trials	19.0	8111.034151	8112.599636	8114.063011	8114.583049	8110.08503	8113.077353			1.0	2.0	0.0	3.0					
8116.315	11.920000000000073	trials	19.0	8123.659514	8125.520737	8126.746889	8127.163703	8123.134591999999	8126.178044			1.0	2.0	0.0	3.0					
8130.002	51.922999999999774	trials	19.0	8177.619108	8179.346439	8180.288833	8180.4528439999995	8176.764413	8179.729792	8180.865	8181.925	1.0	1.0	1.0	1.0					
8184.966	14.693999999999505	trials	19.0	8196.409595	8197.984112	8199.269573	8199.769613	8195.725869	8198.375414			1.0	1.0	0.0	3.0					
8203.598	8.332000000000335	trials	19.0	8207.152399999999	8209.034573	8210.065877	8210.482651999999	8206.304936	8209.499824999999			1.0	2.0	0.0	3.0					
8212.342	7.472999999999956	trials	19.0	8215.772831	8217.009737	8218.098751	8218.333229	8215.014346	8217.494762	8218.634	8219.815	1.0	1.0	1.0	1.0					
8221.831	16.398999999999432	trials	19.0	8234.848193	8236.120976	8237.140684	8237.30798	8233.92785	8236.589096			1.0	1.0	1.0	1.0					
8242.686	13.273999999999432	trials	19.0	8251.120025	8252.364994			8250.140549	8252.361719			1.0		0.0	2.0					
8256.44	6.569999999999709	trials	19.0	8258.312909	8259.439637	8261.362835	8261.557465	8256.730674	8260.108453	8262.0	8263.01	1.0	1.0	1.0	1.0					
8266.05	11.284999999999854	trials	19.0	8271.679376	8273.029729	8275.698414999999	8275.908097	8271.075772	8274.246753	8276.39	8277.335	1.0	1.0	1.0	1.0					
8280.385	9.239999999999782	trials	19.0	8284.704715	8285.864741	8288.169405999999	8288.345077	8284.173836	8287.102697	8288.895	8289.625	1.0	1.0	1.0	1.0					
8291.705	12.31500000000051	trials	19.0	8299.303689	8300.515037	8302.565597	8302.732093999999	8298.456032	8301.625936	8303.341	8304.02	1.0	1.0	1.0	1.0					
8306.111	10.923999999999069	trials	19.0	8311.018415999999	8312.389844	8314.656635	8314.773377	8310.128377	8313.614348	8315.135	8317.035	1.0	1.0	1.0	1.0					
8320.055	11.490999999999985	trials	19.0	8326.494826	8328.290950999999	8329.908034	8330.073676	8325.690663	8328.939309	8330.46	8331.546	1.0	1.0	1.0	1.0					
8335.631	20.290000000000873	trials	19.0	8351.218916	8352.48023	8354.293812	8354.454339	8350.216517	8353.486376	8354.95	8355.921	1.0	1.0	1.0	1.0					
8359.004	37.2559999999994	trials	19.0	8391.698675	8393.121955999999	8394.726797	8394.851416	8390.894338	8394.129411	8395.425	8396.26	1.0	1.0	1.0	1.0					
8398.28	13.994999999998981	trials	19.0	8406.858635999999	8408.666117	8410.732506	8410.897567	8406.038933	8409.826411	8411.44	8412.275	1.0	1.0	1.0	1.0					
8415.345	9.605000000001382	trials	19.0	8419.803813999999	8421.470798	8423.264041999999	8423.470313	8418.984603	8422.696665	8423.96	8424.95	1.0	1.0	1.0	1.0					
8428.97	9.485000000000582	trials	19.0	8432.188673	8434.130959	8436.794203	8436.904625	8431.25246	8435.343182	8437.375	8438.455	1.0	1.0	1.0	1.0					
8440.539	12.506999999999607	trials	19.0	8448.009106	8449.166135	8451.497172	8451.641384999999	8447.29335	8450.135363	8452.055	8453.046	1.0	1.0	1.0	1.0					
8457.15	59.530000000000655	BlockDesign														1.0	534.0	539.0	0.0	0.0
8457.15	7.530000000000655	trials	20.0	8460.42394	8462.086164	8463.911844999999	8464.062941	8459.699126	8463.138141			1.0	1.0	0.0	3.0					
8467.305	7.809999999999491	trials	20.0	8469.285448999999	8470.426004	8474.678171	8475.226664	8464.792429	8470.419246			1.0		0.0	2.0					
8475.43	7.139999999999418	trials	20.0	8477.535765999999	8479.222085	8481.414164	8481.724621	8475.894424999999	8480.548899			1.0	1.0	0.0	3.0					
8486.826	7.0	trials	20.0	8489.028479	8490.640927	8493.376465	8493.93848	8482.679396	8492.510927			1.0	1.0	0.0	3.0					
8497.705	12.704999999999927	trials	20.0	8503.719256	8505.571834	8507.562287	8507.775475	8503.216867	8506.368595			1.0	1.0	0.0	3.0					
8511.881	4.799000000000888	trials	20.0	8513.714439	8515.274941	8516.609593	8517.358112	8510.521022	8515.960025			1.0	2.0	0.0	3.0					
8519.94	570.2049999999999	BlockDesign														1.0	540.0	569.0	10.0	50.0
8519.94	18.654999999998836	trials	21.0	8535.114047	8536.440539	8538.175883	8538.707602999999	8534.141037	8537.586657			1.0	1.0	0.0	3.0					
8540.47	37.93500000000131	trials	21.0	8574.879806	8576.890201	8578.161475	8578.341661	8574.14201	8577.142157			1.0	1.0	0.0	3.0					
8580.484	49.52599999999984	trials	21.0	8626.455983	8628.443287	8629.61551	8630.109494	8625.471868999999	8628.960972			1.0	1.0	0.0	3.0					
8634.001	11.439000000000306	trials	21.0	8642.144825	8643.970157	8645.145011	8645.535489	8641.502226999999	8644.146335			1.0	1.0	0.0	3.0					
8647.45	16.72099999999955	trials	21.0	8661.711092	8662.971349	8663.932874	8664.088957	8661.189049	8663.259352			1.0	1.0	0.0	3.0					
8667.186	8.578999999999724	trials	21.0	8671.375228	8672.839112	8674.130903	8674.312487	8670.670591	8673.502552	8674.725	8675.765	1.0	1.0	1.0	1.0					
8678.859	7.538000000000466	trials	21.0	8683.924876	8685.271214	8686.019333	8686.509484	8683.060292	8685.396338999999			1.0	1.0	0.0	3.0					
8688.39	23.475000000000364	trials	21.0	8707.394761	8709.316987999999	8710.33196	8710.562525	8706.470588	8709.667636	8711.01	8711.865	1.0	2.0	1.0	1.0					
8714.886	13.058999999999287	trials	21.0	8724.371411	8725.613195	8726.329013999999	8726.522242	8723.445296	8725.613025999999	8726.935	8727.945	1.0	1.0	1.0	1.0					
8729.966	10.516999999999825	trials	21.0	8737.371545	8739.086974	8740.202353	8740.351834	8736.461046	8739.391487			1.0	1.0	0.0	3.0					
8742.561	13.229000000001179	trials	21.0	8751.449774	8753.116871	8754.048579999999	8754.303442	8750.553715	8753.521975	8754.735	8755.79	1.0	2.0	1.0	1.0					
8759.881	8.389000000001033	trials	21.0	8764.170305	8765.372373999999	8766.487603	8766.767279	8763.405676	8765.575735999999	8767.035	8768.27	1.0	2.0	1.0	1.0					
8772.36	9.875	trials	21.0	8778.279833999999	8779.446575	8780.503223	8780.685791	8777.63249	8779.659568	8781.105	8782.235	1.0	2.0	1.0	1.0					
8784.266	8.953999999999724	trials	21.0	8789.060714	8790.700066	8791.458043999999	8791.667261999999	8788.221545	8790.742097	8792.18	8793.22	1.0	2.0	1.0	1.0					
8797.145	6.0900000000001455	trials	21.0	8799.305464	8800.875099	8801.966144	8802.528538999999	8798.582494999999	8801.157122			1.0	2.0	0.0	3.0					
8806.237	5.708000000000538	trials	21.0	8808.199627	8809.451969	8811.172526	8811.575062	8803.348109999999	8809.678487			1.0	1.0	0.0	3.0					
8815.44	5.520999999998821	trials	21.0	8817.456661	8819.307896	8820.541326999999	8821.076751999999	8812.058923999999	8819.54572			1.0	2.0	0.0	3.0					
8822.856	19.139000000001033	trials	21.0	8836.82489	8838.766172	8839.846267	8840.111176	8836.035617	8839.294285	8840.49	8841.995	1.0	2.0	1.0	1.0					
8846.075	8.574999999998909	trials	21.0	8850.100387999999	8851.947898	8852.88814	8853.149807	8849.262784999999	8852.057135	8853.475	8854.65	1.0	2.0	1.0	1.0					
8857.686	13.235000000000582	trials	21.0	8867.630851	8869.163813	8870.584724	8871.034568	8867.103984	8869.530512			1.0	2.0	0.0	3.0					
8873.945	35.57999999999993	trials	21.0	8906.820218	8908.345507	8909.297623	8909.452018	8906.294501	8908.662757			1.0	1.0	0.0	3.0					
8911.531	42.073999999998705	trials	21.0	8948.780216	8950.624690999999	8951.554961	8951.960767	8948.011109	8950.757215			1.0	2.0	0.0	3.0					
8955.815	8.795000000000073	trials	21.0	8960.667899	8962.542926	8963.353467	8963.715305	8959.91999	8962.79038			1.0	2.0	0.0	3.0					
8966.655	14.094999999999345	trials	21.0	8976.194674	8978.138656	8979.352585999999	8979.518945	8975.236266	8978.810273			1.0	2.0	0.0	3.0					
8982.605	8.284999999999854	trials	21.0	8986.325645	8988.207665	8990.287801999999	8991.002149	8985.729387	8989.53894			1.0	1.0	0.0	3.0					
8993.61	26.829999999999927	trials	21.0	9016.145837	9017.907337	9018.919678999999	9019.079668999999	9015.262612999999	9018.377593	9019.48	9020.44	1.0	2.0	1.0	1.0					
9022.53	7.9099999999998545	trials	21.0	9027.251783	9028.440812	9029.158931	9029.589435	9026.369657	9028.628578			1.0	2.0	0.0	3.0					
9033.436	11.944999999999709	trials	21.0	9041.441351	9042.602977999999	9045.036698	9045.496718	9040.753099	9044.374844			1.0	1.0	0.0	3.0					
9049.345	26.639000000001033	trials	21.0	9071.486065	9073.112823	9074.365056999999	9074.561517999999	9070.540328	9073.230559	9074.97	9075.984	1.0	2.0	1.0	1.0					
9079.045	11.100000000000364	trials	21.0	9087.616076	9088.702987	9090.098716	9090.586199	9086.815669	9089.558282			1.0	2.0	0.0	3.0					
9092.39	241.35000000000036	BlockDesign														1.0	570.0	590.0	50.0	90.0
9092.39	8.855000000001382	trials	22.0	9096.372641	9098.396335	9099.554627	9099.925159	9095.420616	9099.010555	9100.171	9101.245	1.0	2.0	1.0	1.0					
9105.266	9.774000000001251	trials	22.0	9111.216377	9112.963697	9114.993988	9115.1545	9110.285827	9112.958881999999			1.0		0.0	2.0					
9119.014	9.288000000000466	trials	22.0	9123.277214	9124.3882	9126.666347	9127.001335	9122.726569	9125.3797	9127.065	9128.302	1.0	2.0	1.0	1.0					
9130.419	11.056000000000495	trials	22.0	9137.076481	9138.713883	9139.837551999999	9140.134727	9136.330341	9138.978463	9140.421	9141.475	1.0	2.0	1.0	1.0					
9144.52	9.209999999999127	trials	22.0	9149.156422	9150.922951	9152.159558	9152.445968	9148.32317	9151.173461	9152.951	9153.73	1.0	2.0	1.0	1.0					
9156.827	9.69300000000112	trials	22.0	9161.707963	9163.487732	9164.811799	9165.007201	9161.112686	9163.872274	9165.435	9166.52	1.0	2.0	1.0	1.0					
9169.58	8.6299999999992	trials	22.0	9173.39165	9175.300244	9176.684774	9176.769127	9172.485043	9175.978933	9177.275	9178.21	1.0	2.0	1.0	1.0					
9182.23	7.180000000000291	trials	22.0	9185.610153999998	9186.741149999998	9188.239677999998	9188.614002999999	9185.361036999999	9187.419928			1.0	2.0	0.0	3.0					
9190.65	5.890999999999622	trials	22.0	9192.429579999998	9193.873757999998	9195.868821999999	9196.122017999998	9189.502387999999	9194.432545			1.0	1.0	0.0	3.0					
9198.2	6.56499999999869	trials	22.0	9200.11588	9201.822331	9203.213217999999	9203.473289999998	9196.630019999999	9202.144482999998	9203.77	9204.765	1.0	2.0	1.0	1.0					
9206.881	9.764000000001033	trials	22.0	9212.516403	9213.942638999999	9215.124042	9215.353116999999	9211.829022999998	9214.480188	9215.716	9216.645	1.0	2.0	1.0	1.0					
9220.675	7.246000000001004	trials	22.0	9224.065368999998	9225.397688	9226.473006999999	9226.599078	9223.390167	9225.678123999998	9227.165	9227.921	1.0	2.0	1.0	1.0					
9230.983	10.04700000000048	trials	22.0	9236.785429	9237.937005999998	9239.530052999999	9239.747259999998	9235.898587999998	9238.763114999998	9240.085	9241.03	1.0	2.0	1.0	1.0					
9243.115	9.235000000000582	trials	22.0	9247.891355999998	9249.829112	9250.865866999999	9251.031622999999	9246.941158	9249.996423999999	9251.52	9252.35	1.0	2.0	1.0	1.0					
9255.431	7.234000000000378	trials	22.0	9258.429648	9259.836678999998	9261.141027999998	9261.414547999999	9257.709198999999	9260.345651999998	9261.855	9262.665	1.0	2.0	1.0	1.0					
9265.78	9.699999999998909	trials	22.0	9271.320378999999	9272.786831999998	9273.907218999999	9274.063902999998	9270.369078999998	9273.189182999999	9274.401	9275.48	1.0	2.0	1.0	1.0					
9277.516	9.144000000000233	trials	22.0	9282.300314999999	9283.626968999999	9285.139775999998	9285.286261	9281.541503999999	9283.931142999998	9285.756	9286.66	1.0	2.0	1.0	1.0					
9289.71	11.8700000000008	trials	22.0	9296.610338999999	9298.487664999999	9300.032664999999	9300.287814	9296.000982999998	9298.877886999999	9300.646	9301.58	1.0	2.0	1.0	1.0					
9305.626	6.369000000000597	trials	22.0	9307.690401999998	9309.099966999998	9310.591293999998	9310.734149999998	9306.847692999998	9309.572417999998	9311.171	9311.995	1.0	2.0	1.0	1.0					
9315.085	6.205000000001746	trials	22.0	9317.245314999998	9318.663048999999	9320.360402999999	9320.544423	9316.732553999998	9319.275198999998			1.0	2.0	1.0	1.0					
9323.83	9.909999999999854	trials	22.0	9328.790625999998	9330.578430999998	9332.238126999999	9332.412481	9328.242309	9331.008784	9332.845	9333.74	1.0	2.0	1.0	1.0					
9337.765	500.08500000000095	BlockDesign														1.0	591.0	614.0	50.0	0.0
9337.765	7.735000000000582	trials	23.0	9340.187189999999	9341.809901999999	9344.355628	9344.592255	9339.510535999998	9342.834802			2.0	2.0	0.0	3.0					
9346.71	7.885000000000218	trials	23.0	9348.785661999998	9350.732807999999	9352.953252	9353.130944999999	9345.593922999999	9350.771331999998	9353.55	9354.595	2.0	1.0	1.0	1.0					
9357.686	8.479000000001179	trials	23.0	9362.00016	9363.471618	9365.391042	9365.689728999998	9361.084426999998	9364.331793			2.0	1.0	0.0	3.0					
9367.727	9.893000000000029	trials	23.0	9369.800159999999	9371.572350999999	9373.485002999998	9373.936083999999	9368.350257999999	9372.655611999999			2.0	1.0	0.0	3.0					
9377.756	5.574000000000524	trials	23.0	9379.745910999998	9380.962281999999	9383.009573999998	9383.193342999999	9378.063621999998	9381.607173999999			2.0	1.0	0.0	3.0					
9385.341	10.738999999999578	trials	23.0	9388.891869	9390.847612	9393.23655	9393.912019	9388.149456	9391.935075999998			2.0	1.0	0.0	3.0					
9396.595	31.30000000000109	trials	23.0	9424.055106999998	9425.979177	9426.916266999999	9427.109664999998	9423.194977	9425.969898			2.0		0.0	2.0					
9429.901	42.53900000000067	trials	23.0	9468.205796999999	9470.129298999998	9470.891929999998	9471.055824	9467.353994	9470.090341	9471.45	9472.44	2.0	1.0	1.0	1.0					
9474.46	12.110000000000582	trials	23.0	9481.840676999998	9483.782938999999	9484.942206999998	9485.158779999998	9480.971332	9484.284969999999	9485.53	9486.57	2.0	1.0	1.0	1.0					
9490.62	12.334999999999127	trials	23.0	9497.055922	9499.028569999999	9502.601982999999	9503.047188999999	9496.184772999999	9499.023851999998			2.0		0.0	2.0					
9504.02	12.235999999998967	trials	23.0	9511.066503999999	9512.769520999998	9514.352949999999	9514.591459	9510.550323999998	9513.737592	9515.02	9516.256	2.0	1.0	1.0	1.0					
9518.3	10.93500000000131	trials	23.0	9525.956196	9527.893611999998	9528.788610999998	9529.329419999998	9525.184541999999	9528.201477999999			2.0	1.0	0.0	3.0					
9531.11	13.889999999999418	trials	23.0	9540.500844999999	9542.350626	9543.313584999998	9543.501762999998	9539.588259999999	9542.702425999998	9543.955	9545.0	2.0	1.0	1.0	1.0					
9549.085	9.381000000001222	trials	23.0	9554.595846999999	9555.682668999998	9556.914436	9557.793674999999	9553.668814999999	9556.345422999999			2.0	1.0	0.0	3.0					
9560.266	5.030000000000655	trials	23.0	9561.951346999998	9563.419193999998	9564.977717999998	9565.351673	9558.560559	9563.875076999999			2.0	2.0	0.0	3.0					
9567.3	8.534999999999854	trials	23.0	9572.677182999998	9573.964977	9575.519782	9575.895966999999	9571.885391999998	9574.854272999999			2.0	1.0	0.0	3.0					
9577.91	9.960000000000946	trials	23.0	9583.971070999998	9585.868412999998	9586.846623999998	9587.069919999998	9583.165903	9585.863258999998			2.0		0.0	2.0					
9590.891	24.434000000001106	trials	23.0	9611.411332	9613.403239	9615.005147999998	9615.214778999998	9610.569118	9613.844312			2.0	1.0	0.0	3.0					
9619.36	6.278999999998632	trials	23.0	9622.341132999998	9624.123091	9625.299508999999	9625.651751999998	9621.656561999998	9624.735917999998			2.0	1.0	0.0	3.0					
9627.65	106.26500000000124	trials	23.0	9729.697188999999	9730.913556999998	9732.010425999999	9732.244970999998	9728.942887	9731.300247	9732.66	9733.915	2.0	1.0	1.0	1.0					
9737.983	57.03700000000026	trials	23.0	9791.582107999999	9793.498824999999	9794.688075999999	9794.904862	9791.021571	9794.033763999998			2.0	1.0	0.0	3.0					
9797.099	9.86700000000019	trials	23.0	9802.056890999998	9803.637288999998			9801.325128999999	9803.628074999999			2.0		0.0	2.0					
9807.56	17.75500000000102	trials	23.0	9821.438756999998	9822.463819999999	9823.569618	9823.811372999999	9820.518399999999	9822.927478999998	9824.41	9825.315	2.0	1.0	1.0	1.0					
9828.344	9.506000000001222	trials	23.0	9834.096816	9835.25255	9836.196458999999	9836.378657999998	9833.129369999999	9835.581159	9836.895	9837.85	2.0	1.0	1.0	1.0					
9839.935	343.130000000001	BlockDesign														1.0	615.0	635.0	0.0	50.0
9839.935	12.875	trials	24.0	9848.667545999999	9849.798883	9851.089113999999	9851.435075999998	9847.779254	9850.545849999999	9851.79	9852.81	3.0	2.0	1.0	1.0					
9856.905	9.686999999999898	trials	24.0	9863.652441999999	9864.864744999999	9866.123217999999	9866.687415999999	9862.838730999998	9865.493036999998			3.0	2.0	0.0	3.0					
9868.559	15.106000000001586	trials	24.0	9879.188020999998	9880.538408999999	9881.627191	9882.024195999998	9878.512746999999	9881.099476			3.0	2.0	0.0	3.0					
9884.981	36.59900000000016	trials	24.0	9917.247355	9918.899796999998	9919.666716999998	9920.036912999998	9916.695397	9918.976161999999	9920.275	9921.58	3.0	2.0	1.0	1.0					
9923.66	10.335000000000946	trials	24.0	9931.672217	9932.83081	9933.680715999999	9934.027038999999	9930.683802	9933.150873999999			3.0	2.0	0.0	3.0					
9936.016	12.584000000000742	trials	24.0	9943.792368999999	9945.774938999999	9946.961298999999	9947.194130999998	9942.828770999999	9946.110827999999	9947.631	9948.6	3.0	2.0	1.0	1.0					
9952.69	7.969999999999345	trials	24.0	9956.962354	9958.746419	9960.066222999998	9960.367221999999	9956.30416	9958.735459			3.0		0.0	2.0					
9963.69	10.444999999999709	trials	24.0	9969.972553999998	9971.639350999998	9972.500547999998	9972.762123999999	9969.116415999999	9971.986916999998	9973.171	9974.135	3.0	2.0	1.0	1.0					
9977.23	10.575000000000728	trials	24.0	9984.583056999998	9986.401155	9987.454472999998	9987.899658999999	9983.728678999998	9986.714790999999			3.0	2.0	0.0	3.0					
9991.805	9.93499999999949	trials	24.0	9998.042556999999	9999.303622	10001.139567999999	10001.836932999999	9997.230822	10000.136709999999			3.0	1.0	0.0	3.0					
10003.465	29.69499999999971	trials	24.0	10028.498271999999	10030.345634999998	10031.303096999998	10031.767117	10027.596306	10030.670938	10032.02	10033.16	3.0	2.0	1.0	1.0					
10035.253	17.5729999999985	trials	24.0	10047.818151999998	10049.659920999999	10051.028434999998	10051.242277	10046.990313999999	10050.086411999999	10051.615	10052.826	3.0	2.0	1.0	1.0					
10054.736	13.35899999999856	trials	24.0	10063.448450999998	10065.051699	10066.386448	10066.546197999998	10062.888434999999	10065.605775999999	10067.075	10068.095	3.0	2.0	1.0	1.0					
10072.207	8.52599999999984	trials	24.0	10078.189760999998	10079.369900999998	10080.353275999998	10080.826598999998	10077.284631999999	10079.783924999998			3.0	2.0	0.0	3.0					
10083.705	11.386000000000422	trials	24.0	10090.262891999999	10092.030158999998	10093.388626999998	10093.648435	10089.308813999998	10092.444996999999	10094.05	10095.091	3.0	2.0	1.0	1.0					
10097.19	12.430000000000291	trials	24.0	10106.283499	10108.286117999998	10109.3602	10109.661074999998	10105.317738999998	10108.708419999999			3.0	2.0	0.0	3.0					
10112.675	17.44000000000051	trials	24.0	10125.498744999999	10127.179665	10128.405750999998	10128.752005999999	10124.607324999999	10127.517779999998	10129.199	10130.115	3.0	2.0	1.0	1.0					
10132.205	11.229999999999563	trials	24.0	10140.148578999999	10142.175612	10143.048326999999	10143.529336999998	10139.275038999998	10142.327286999998			3.0	2.0	0.0	3.0					
10145.315	8.469999999999345	trials	24.0	10150.763700999998	10151.945359	10153.470499	10153.773611999999	10150.110869999999	10152.927566999999			3.0	2.0	0.0	3.0					
10157.845	11.970000000001164	trials	24.0	10164.968278999999	10166.699306999999	10168.049796	10168.324982999999	10164.172798999998	10167.528009999998	10168.585	10169.815	3.0	2.0	1.0	1.0					
10171.835	11.230000000001382	trials	24.0	10180.278134999999	10182.220033	10183.049853999999	10183.435322	10179.681725999999	10182.538792			3.0	2.0	0.0	3.0					
10185.437	854.5630000000001	BlockDesign														1.0	636.0	677.0	50.0	50.0
10185.437	11.884000000000015	trials	25.0	10193.774151999998	10195.265113	10196.824670999998	10197.416948999999	10192.962324999999	10196.076464999998			2.0	1.0	0.0	3.0					
10200.233	27.262000000000626	trials	25.0	10223.419077999999	10224.948267999998	10225.876879	10226.096771999999	10222.909703999998	10225.203270999998	10226.405	10227.495	2.0	1.0	1.0	1.0					
10229.646	11.036000000000058	trials	25.0	10236.363909999998	10237.965162999999	10238.812334999999	10239.066633999999	10235.574109	10238.261985	10239.485	10240.682	3.0	2.0	1.0	1.0					
10243.642	7.958000000000538	trials	25.0	10247.829321999998	10249.897475999998	10251.168420999998	10251.697278999998	10247.155087	10250.502797			2.0	1.0	0.0	3.0					
10253.581	12.635000000000218	trials	25.0	10263.383689999999	10264.524185999999	10265.873169999999	10266.240102	10262.563989999999	10265.348283			3.0	2.0	0.0	3.0					
10270.3	40.51500000000124	trials	25.0	10304.743955999998	10306.256336999999	10310.43595	10310.913290999999	10304.069097	10306.248029999999			3.0		0.0	2.0					
10311.337	104.66899999999987	trials	25.0	10413.598898999999	10414.656421	10415.727699	10416.021728999998	10413.015505	10415.033034999999			3.0	2.0	0.0	3.0					
10420.062	19.88299999999981	trials	25.0	10435.941042999999	10437.095355999998	10438.323251999998	10438.488141999998	10435.240467	10437.656058999999	10438.91	10439.945	2.0	1.0	1.0	1.0					
10442.01	15.625	trials	25.0	10454.654591999999	10455.955856999999	10457.325556	10457.681573999998	10453.967733999998	10456.467875999999			3.0	1.0	0.0	3.0					
10461.64	9.365999999999985	trials	25.0	10467.704439	10469.206482999998	10470.701469	10470.896259	10467.013812	10470.090264999999			2.0	1.0	0.0	3.0					
10474.085	28.895000000000437	trials	25.0	10498.784952999998	10500.661553999998	10501.400662999999	10501.619931	10498.114811999998	10500.939889	10502.165	10502.98	3.0	3.0	1.0	1.0					
10505.07	9.130000000001019	trials	25.0	10511.490439	10512.966569999999	10513.860375999999	10514.298243999998	10510.814240999998	10513.399011999998			3.0	2.0	0.0	3.0					
10517.253	30.476999999998952	trials	25.0	10543.271319	10544.311056999999	10545.823051	10546.074096999999	10542.741806999999	10545.179938	10546.53	10547.73	2.0	1.0	1.0	1.0					
10549.819	17.541000000001077	trials	25.0	10562.740200999999	10564.125795999998	10565.668838999998	10565.961341999999	10562.043647999999	10565.049012	10566.405	10567.36	2.0	1.0	1.0	1.0					
10571.45	13.798999999999069	trials	25.0	10581.349709999999	10583.301677999998	10584.230243999998	10584.440356	10580.359271999998	10583.527783999998			3.0	2.0	1.0	1.0					
10588.705	11.996999999999389	trials	25.0	10597.794860999998	10599.117208	10600.344234999999	10600.544584	10597.034853	10599.636795999999			2.0	1.0	0.0	3.0					
10602.751	10.259000000000015	trials	25.0	10607.054304999998	10608.476985999998	10609.831336	10610.305932	10606.118883	10608.706928999998			2.0	1.0	0.0	3.0					
10613.162	5.95299999999952	trials	25.0	10615.021551999998	10616.982570999999	10618.660371999998	10619.213479999999	10613.373247	10617.580863			3.0	2.0	0.0	3.0					
10620.982	10.028000000000247	trials	25.0	10626.575385999999	10628.027145999999	10629.415907999999	10629.615378999999	10625.979801	10628.360394	10630.131	10631.01	3.0	2.0	1.0	1.0					
10635.03	6.70299999999952	trials	25.0	10638.474599	10640.287486	10641.387501999998	10641.699472999999	10637.560323999998	10640.711249999998			2.0	1.0	0.0	3.0					
10643.78	13.994999999998981	trials	25.0	10652.8005	10654.366232999999	10655.623597999998	10655.834483999999	10652.099816999998	10654.951863999999	10656.16	10657.775	2.0	1.0	1.0	1.0					
10661.87	10.920000000000073	trials	25.0	10668.255417999999	10670.232004	10671.305264999999	10671.504314999998	10667.536785999999	10670.811681	10671.8	10672.79	3.0	2.0	1.0	1.0					
10675.86	7.5900000000001455	trials	25.0	10680.625151999999	10681.996689999998	10682.837234999999	10683.545701	10679.644642	10682.348919999999			3.0	2.0	0.0	3.0					
10686.14	19.81000000000131	trials	25.0	10701.360825	10703.33224	10704.366752999998	10704.508742999999	10700.850395999998	10703.719305999999	10705.065	10705.95	2.0	1.0	1.0	1.0					
10707.995	12.135999999998603	trials	25.0	10715.607042999998	10717.640077999999	10718.514237	10718.730451	10714.978797	10718.032302	10719.02	10720.131	3.0	2.0	1.0	1.0					
10722.205	10.045000000000073	trials	25.0	10728.300522999998	10729.658115999999	10730.595917999999	10730.734086999999	10727.400259999999	10729.920264999999	10731.246	10732.25	2.0	1.0	1.0	1.0					
10736.315	7.710999999999331	trials	25.0	10741.295703999998	10742.699133999999	10743.705923999998	10744.123327999998	10740.345431999998	10743.127830999998			3.0	2.0	0.0	3.0					
10747.026	14.674000000000888	trials	25.0	10757.365859999998	10758.686901	10759.973895	10760.182624	10756.442565999998	10759.289550999998	10760.71	10761.7	2.0	1.0	1.0	1.0					
10764.735	11.084999999999127	trials	25.0	10772.625504999998	10773.899156999998	10775.406249999998	10775.918082999999	10771.866275999999	10774.662865999999			3.0	1.0	0.0	3.0					
10778.671	9.406999999999243	trials	25.0	10784.901366999999	10786.114666	10787.71309	10788.177830999999	10784.246678999998	10787.071806999998			2.0	1.0	0.0	3.0					
10792.05	21.56500000000051	trials	25.0	10811.055916	10812.297644999999	10813.265732999998	10813.681948	10810.243018	10812.612663999998			2.0	1.0	0.0	3.0					
10815.546	46.97899999999936	trials	25.0	10858.185824999999	10859.914923999999	10861.213233999999	10861.499053	10857.615201999999	10860.674115999998			3.0	2.0	0.0	3.0					
10865.525	16.825000000000728	trials	25.0	10878.317301	10880.042529999999	10880.915217999998	10881.137501999998	10877.383382999999	10880.210855999998	10881.52	10882.35	3.0	2.0	1.0	1.0					
10885.5	7.069999999999709	trials	25.0	10889.805627999998	10891.542981999999	10892.325796	10892.481440999998	10889.066771999998	10891.539171999999			2.0	1.0	0.0	3.0					
10895.592	7.688000000000102	trials	25.0	10898.612523999998	10900.248747999998	10901.610415	10901.819990999998	10897.659714999998	10900.954269999998	10902.245	10903.28	2.0	1.0	1.0	1.0					
10905.34	10.784999999999854	trials	25.0	10912.691841999998	10914.214401999998			10911.777543999999	10914.20537			3.0		0.0	2.0					
10918.201	22.424000000000888	trials	25.0	10936.701743999998	10937.998435	10938.951728999999	10939.205321999998	10935.847554999998	10938.337179999999	10939.57	10940.625	2.0	1.0	1.0	1.0					
10943.751	9.481999999999971	trials	25.0	10950.192744999998	10951.880357999999	10952.841626999998	10953.282545999999	10949.653045	10952.297974			3.0	2.0	0.0	3.0					
10957.171	7.179000000000087	trials	25.0	10960.961173	10962.109697999998	10963.812729	10964.44731	10959.967385999998	10963.139970999999			2.0	1.0	0.0	3.0					
10966.141	46.86200000000099	trials	25.0	11010.148140999998	11011.687315	11012.650607999998	11013.100062999998	11009.410537	11012.153810999998			3.0	2.0	0.0	3.0					
11014.915	13.194999999999709	trials	25.0	11024.056152	11025.270444999998	11026.336245999999	11026.674824999998	11023.320165	11025.760493999998	11026.995	11028.11	3.0	2.0	1.0	1.0					
11030.145	9.854999999999563	trials	25.0	11037.27349	11039.000403999999	11039.931297	11040.377681999998	11036.694651999998	11039.459030999999			3.0	2.0	0.0	3.0					
11043.311	98.2450000000008	BlockDesign														1.0	678.0	682.0	0.0	0.0
11043.311	8.066000000000713	trials	26.0	11047.237087	11048.636439999998	11050.971356999999	11051.470803999999	11046.673422999998	11050.354608999998			2.0	1.0	0.0	3.0					
11056.367	13.153000000000247	trials	26.0	11066.492447999999	11067.945424	11069.221473999998	11069.617850999999	11065.831542999998	11068.570419999998			2.0	1.0	0.0	3.0					
11072.49	28.2450000000008	trials	26.0	11097.648269999998	11099.416233999998	11100.366828999999	11100.788676999999	11096.733927	11099.763135999998			2.0	1.0	0.0	3.0					
11103.691	16.41399999999885	trials	26.0	11116.023637999999	11117.659029999999	11118.774279999998	11119.198513	11115.180202	11118.049110999998			2.0	2.0	0.0	3.0					
11122.131	19.42500000000109	trials	26.0	11138.617552	11140.414959999998	11141.400570999998	11141.656359999999	11138.045742999999	11140.624730999998			2.0	1.0	0.0	3.0					
11145.737	71.22299999999996	BlockDesign														1.0	683.0	687.0	0.0	0.0
11145.737	9.262000000000626	trials	27.0	11151.757332999998	11153.509111	11154.596859	11155.080248999999	11151.012803999998	11154.037350999999			3.0	2.0	0.0	3.0					
11158.99	11.601000000000568	trials	27.0	11166.532446999998	11168.153868	11169.730429	11170.686867999999	11165.804379	11169.125149			3.0	2.0	0.0	3.0					
11174.08	13.739999999999782	trials	27.0	11183.386836999998	11185.364603999999	11186.215707	11186.652551	11182.568598999998	11185.640475999999			3.0	2.0	0.0	3.0					
11190.535	5.532999999999447	trials	27.0	11192.452557999999	11193.693408	11195.712289	11196.12856	11191.778640999999	11195.157345			3.0	2.0	0.0	3.0					
11200.065	16.894999999998618	trials	27.0	11214.062089	11215.361712999998	11216.713380999998	11217.058302	11213.072573999998	11215.915959999998			3.0	2.0	0.0	3.0					
11220.065	689.5010000000002	BlockDesign														1.0	688.0	730.0	50.0	50.0
11220.065	5.752999999998792	trials	28.0	11222.097539999999	11223.250584999998	11225.392920999999	11225.842556999998	11221.240101	11224.715995999999			3.0	1.0	0.0	3.0					
11227.749	25.83100000000013	trials	28.0	11250.623430999998	11251.836229999999	11253.150964999999	11253.680013999998	11249.625605999998	11252.619211			3.0	2.0	0.0	3.0					
11257.485	6.569999999999709	trials	28.0	11260.207640999999	11261.460305999999	11263.611170999999	11264.154238	11259.583138999998	11262.827451			3.0	1.0	0.0	3.0					
11265.94	14.855999999999767	trials	28.0	11276.137470999998	11277.959603	11279.012352999998	11279.238017999998	11275.606512999999	11278.467750999998	11279.631	11280.796	2.0	1.0	1.0	1.0					
11283.85	9.445999999999913	trials	28.0	11288.973036	11291.389765999998	11292.070451999998	11292.352689	11287.986410999998	11291.381174999999			2.0		0.0	2.0					
11296.305	6.994999999998981	trials	28.0	11298.278374999998	11299.540312			11292.881894999999	11299.528782999998			2.0		0.0	2.0					
11303.451	6.507000000001426	trials	28.0	11305.407904	11307.476440999999	11309.6122	11310.044601999998	11304.412946999999	11308.608191			2.0	2.0	0.0	3.0					
11313.955	7.424999999999272	trials	28.0	11317.819140999998	11319.558262999999	11320.989188999998	11321.463854999998	11316.844766999999	11320.212168999999			3.0	1.0	0.0	3.0					
11323.3	16.695000000001528	trials	28.0	11335.847446	11336.941802	11338.313951999999	11338.598333999998	11335.266559	11337.718517	11338.935	11339.995	2.0	1.0	1.0	1.0					
11343.065	11.13299999999981	trials	28.0	11350.892358	11352.730945	11353.785366999999	11354.047095999998	11349.885261	11353.181314999998			2.0	1.0	0.0	3.0					
11357.171	17.352999999999156	trials	28.0	11370.632984	11371.952279999998	11374.134654999998	11374.601787999998	11370.124396	11373.532455999999			3.0	2.0	0.0	3.0					
11376.525	31.875	trials	28.0	11404.069692999998	11405.395195	11406.700718999999	11406.935436999998	11403.408656999998	11406.092127999998	11407.33	11408.4	3.0	2.0	1.0	1.0					
11412.417	9.433000000000902	trials	28.0	11417.062727999999	11418.85543	11419.75059	11420.103614999998	11416.447091999999	11419.242968999999			3.0	2.0	0.0	3.0					
11424.11	12.93999999999869	trials	28.0	11432.988941999998	11434.223708999998	11435.619557999999	11435.798615999998	11432.387448999998	11435.012206			3.0	1.0	0.0	3.0					
11437.95	12.715000000000146	trials	28.0	11445.944484	11447.673717999998	11448.972181	11449.180283999998	11445.243172999999	11448.311780999999	11449.73	11450.665	2.0	1.0	1.0	1.0					
11453.733	9.141999999999825	trials	28.0	11459.834858999999	11461.525614999999	11462.496205	11462.74484	11459.131758	11461.557845			2.0	1.0	0.0	3.0					
11466.802	8.453999999999724	trials	28.0	11470.444719	11471.877030999998	11473.297731999999	11473.770169	11469.730026999998	11472.682996			3.0	2.0	0.0	3.0					
11476.595	17.161000000000058	trials	28.0	11489.163969999998	11490.876779999999	11491.995126999998	11492.091153	11488.445313999999	11491.325397999999	11492.655	11493.756	3.0	2.0	1.0	1.0					
11496.772	10.45799999999872	trials	28.0	11502.203760999999	11504.130795			11501.427553999998	11504.127101999999			3.0		0.0	2.0					
11508.12	13.949999999998909	trials	28.0	11517.223082999999	11519.168307999998	11520.401708	11520.638928999999	11516.644303	11519.728893	11513.565	11522.07	2.0	1.0	1.0	1.0					
11525.16	9.030000000000655	trials	28.0	11531.114265999999	11532.809924999998	11533.68616	11534.290308999998	11530.211148999999	11533.040904999998			2.0	1.0	0.0	3.0					
11536.005	17.605000000001382	trials	28.0	11549.113995999998	11550.670451999998	11551.979577999999	11552.203076999998	11548.212411999999	11551.325853999999	11552.565	11553.61	2.0	1.0	1.0	1.0					
11555.69	11.869999999998981	trials	28.0	11563.743969	11565.783007999999	11567.086319999999	11567.662022999999	11563.203705999998	11566.518156999999			2.0	1.0	0.0	3.0					
11571.358	7.194999999999709	trials	28.0	11575.438532999999	11576.553214	11578.170275999999	11578.622474999998	11574.685838	11577.540055999998			3.0	2.0	0.0	3.0					
11580.501	13.468999999999141	trials	28.0	11589.539111999999	11591.310313999998	11592.328064	11592.469716	11588.967975999998	11591.673920999998	11593.055	11593.97	2.0	1.0	1.0	1.0					
11596.058	12.99199999999837	trials	28.0	11604.548637999998	11606.297650999999	11607.46928	11607.70941	11603.695086999998	11606.844689999998	11607.971	11609.05	3.0	2.0	1.0	1.0					
11611.095	11.820000000001528	trials	28.0	11619.999337	11621.635664999998	11622.603954999999	11622.757838999998	11619.006795999998	11621.967045999998			2.0	1.0	0.0	3.0					
11625.925	13.340000000000146	trials	28.0	11636.079023999999	11637.384177999998	11638.904627	11639.364961	11635.155051999998	11638.294962999998			3.0	2.0	0.0	3.0					
11643.293	15.457000000000335	trials	28.0	11654.093742999998	11655.605943999999	11657.085066999998	11657.457777	11653.349640999999	11656.553965			3.0	2.0	0.0	3.0					
11660.3	90.625	trials	28.0	11746.514372999998	11748.513669999998	11749.324923999999	11749.546052999998	11745.963066999999	11748.848589999998	11749.881	11750.925	3.0	2.0	1.0	1.0					
11755.012	8.90899999999965	trials	28.0	11759.64013	11761.457622999998	11762.386846	11762.573461999998	11758.758514	11761.737932999999	11763.131	11763.921	2.0	1.0	1.0	1.0					
11766.94	8.514999999999418	trials	28.0	11772.959604999998	11774.145054999999	11774.998624	11775.558753999998	11772.291661	11774.429778999998			2.0	1.0	0.0	3.0					
11779.27	6.135000000000218	trials	28.0	11781.969748	11783.294882999999	11784.985541999999	11785.505968999998	11781.410538999999	11784.354701999999			2.0	1.0	0.0	3.0					
11787.316	10.229999999999563	trials	28.0	11792.679213	11794.866732999999	11795.856444	11796.187587999999	11791.859314	11795.304767999998	11796.45	11797.546	3.0	2.0	1.0	1.0					
11800.626	13.119000000000597	trials	28.0	11809.300061999998	11810.573680999998	11812.097676	11812.356591999998	11808.745819	11811.477723999998	11812.746	11813.745	2.0	1.0	1.0	1.0					
11816.833	8.096999999999753	trials	28.0	11821.890472	11823.086840999998	11824.629255999998	11824.956535	11821.062682	11823.935816999998			3.0	2.0	0.0	3.0					
11827.936	7.293999999999869	trials	28.0	11830.749657999999	11832.431462999999	11833.679787999998	11833.843738	11830.095037	11832.844131999998	11834.273	11835.23	2.0	1.0	1.0	1.0					
11837.301	9.057000000000698	trials	28.0	11842.759736999998	11844.825544	11846.019991	11846.361556	11841.932852999998	11845.226686999998			2.0	1.0	0.0	3.0					
11850.425	7.871000000001004	trials	28.0	11853.501126	11854.912976999998	11856.813176999998	11856.989998999998	11852.758941999999	11856.257290999998	11857.341	11858.296	3.0	2.0	1.0	1.0					
11860.316	8.41399999999885	trials	28.0	11865.964689999999	11867.316544	11868.374985999999	11868.833787	11865.109320999998	11867.634702			3.0	2.0	0.0	3.0					
11870.655	12.5	trials	28.0	11878.460622999999	11879.631865	11881.440940999999	11881.966686999998	11877.535695999999	11880.85558	11882.075	11883.155	3.0	2.0	1.0	1.0					
11886.306	12.554000000000087	trials	28.0	11894.790143999999	11896.029171999999	11898.4726	11898.961914	11894.229830999999	11897.919305			2.0	2.0	0.0	3.0					
11902.835	6.731000000001586	trials	28.0	11904.736293999998	11906.747667999998	11908.028284999999	11908.177964999999	11903.823342999998	11907.349526999998	11908.705	11909.566	2.0	1.0	1.0	1.0					
11912.677	246.01800000000003	BlockDesign														1.0	731.0	751.0	90.0	50.0
11912.677	11.03900000000067	trials	29.0	11918.559597	11919.641774999998	11922.574503	11923.101458999998	11917.662479999999	11922.143538999999			1.0	2.0	0.0	3.0					
11926.94	5.869999999998981	trials	29.0	11928.750138	11930.273967	11931.353803999998	11931.56987	11923.816869999999	11930.362374999999	11931.975	11932.81	1.0	1.0	1.0	1.0					
11934.83	13.460000000000946	trials	29.0	11943.655852	11945.35696	11946.957907999998	11947.079617	11943.07561	11946.195855999998	11947.68	11948.29	1.0	1.0	1.0	1.0					
11950.358	9.707000000000335	trials	29.0	11955.530418999999	11957.747456999998	11958.999477	11959.162881999999	11954.738280999998	11958.057921999998			1.0	2.0	1.0	1.0					
11962.507	12.118000000000393	trials	29.0	11969.651855999999	11971.556751999999	11973.301458999998	11973.507539999999	11969.137958	11971.761167999999	11973.881	11974.625	1.0	2.0	1.0	1.0					
11977.71	6.985000000000582	trials	29.0	11980.200766999998	11981.354139	11983.434457	11983.538045999998	11979.646191	11982.323736999999	11984.075	11984.695	1.0	2.0	1.0	1.0					
11987.749	7.011000000000422	trials	29.0	11990.545629999999	11992.131175999999	11993.134141999999	11993.365227999999	11989.617447999999	11992.334673			1.0	2.0	0.0	3.0					
11995.535	6.806000000000495	trials	29.0	11997.490722999999	11999.372116999999	12000.830401	12000.993043999999	11994.861900999998	11999.734830999998	12001.5	12002.341	1.0	1.0	1.0	1.0					
12005.43	8.075999999999112	trials	29.0	12008.365577999999	12010.023808999998	12012.093855	12012.246625	12007.679345999999	12010.693260999999	12012.796	12013.506	1.0	1.0	1.0	1.0					
12017.58	5.9950000000008	trials	29.0	12019.600314	12021.0736	12022.170411	12022.408457999998	12018.427548999998	12021.370143999999	12022.772	12023.575	1.0	1.0	1.0	1.0					
12026.595	9.305000000000291	trials	29.0	12031.330542999998	12032.582573999998	12034.472907	12034.594620999998	12030.706779999999	12033.032747999998	12034.952	12035.9	1.0	1.0	1.0	1.0					
12039.985	6.474999999998545	trials	29.0	12041.805350999999	12043.776283	12044.758499999998	12044.858472999998	12040.719869999999	12043.700466999999	12045.405	12046.46	1.0	1.0	1.0	1.0					
12048.546	10.773999999999432	trials	29.0	12054.685323999998	12056.285466999998	12057.865569999998	12058.020231999999	12053.749031	12056.833748999998	12058.495	12059.32	1.0	1.0	1.0	1.0					
12062.391	8.509000000000015	trials	29.0	12066.24598	12068.072747999999	12069.28005	12069.380458	12065.430858999998	12068.066268999999	12069.875	12070.9	1.0	1.0	1.0	1.0					
12072.921	11.453999999999724	trials	29.0	12079.822247999999	12081.201366999998	12082.876905999998	12082.986555	12079.183443999998	12081.695252999998	12083.46	12084.375	1.0	1.0	1.0	1.0					
12088.43	5.684999999999491	trials	29.0	12090.095844	12091.248016999998	12092.609604999998	12092.775017999998	12089.283276999999	12091.704725999998	12093.11	12094.115	1.0	1.0	1.0	1.0					
12098.15	15.64600000000064	trials	29.0	12109.616157999999	12111.301382999998	12112.334187999999	12112.480699	12108.864452999998	12111.460427999999	12113.0	12113.796	1.0	1.0	1.0	1.0					
12117.874	6.550000000001091	trials	29.0	12119.822326999998	12121.802736999998	12123.422454999998	12123.55057	12119.224438	12122.230615999999			1.0	1.0	1.0	1.0					
12127.875	8.239999999999782	trials	29.0	12131.906418999999	12133.691131	12134.665116999999	12134.770459	12131.354082999998	12133.709697999999	12135.23	12136.115	1.0	1.0	1.0	1.0					
12138.16	9.645000000000437	trials	29.0	12143.440369999998	12145.192378	12146.224148999998	12146.399472	12142.876828999999	12145.446122	12146.785	12147.805	1.0	1.0	1.0	1.0					
12150.897	7.797999999998865	trials	29.0	12154.315521999999	12156.213483	12156.973306	12157.123650999998	12153.623250999999	12156.367962999999	12157.7	12158.695	1.0	1.0	1.0	1.0					
12162.75	1218.9850000000006	BlockDesign														1.0	752.0	845.0	10.0	50.0
12162.75	9.479999999999563	trials	30.0	12165.701181999999	12167.672970999998	12168.329195999999	12168.533388	12164.912220999999	12167.693163999998			1.0	1.0	0.0	3.0					
12172.726	7.2039999999997235	trials	30.0	12174.350701	12175.467744999998	12176.615741999998	12176.769660999998	12172.331258999999	12175.785401999998			1.0	1.0	0.0	3.0					
12180.97	7.06000000000131	trials	30.0	12182.86271	12184.881597999998	12186.386192999998	12186.595196999999	12180.031358999999	12185.372988	12187.065	12188.03	1.0	1.0	1.0	1.0					
12190.142	7.587999999999738	trials	30.0	12194.338	12195.537543999999	12196.989846999999	12197.198962999999	12193.775511999998	12196.177356999999			1.0	1.0	0.0	3.0					
12200.266	6.193999999999505	trials	30.0	12202.256086	12202.562657999999			12197.833472999999	12202.556469			1.0		0.0	2.0					
12206.628	5.976999999998952	trials	30.0	12208.251186999998	12209.47288	12211.496765	12211.924751999999	12207.417687	12210.362211			1.0	2.0	0.0	3.0					
12214.83	14.075000000000728	trials	30.0	12221.646019	12223.347069	12226.904586999999	12227.065931999998	12220.709010999999	12225.112238999998			1.0	1.0	0.0	3.0					
12230.47	8.19000000000051	trials	30.0	12232.560813999999	12233.967856			12229.006272999999	12233.959995999998			1.0		0.0	2.0					
12238.891	21.389000000001033	trials	30.0	12255.749421999999	12257.306132999998	12258.766102	12259.940358	12255.230798999999	12258.080275999999			1.0	1.0	0.0	3.0					
12261.04	36.149999999999636	trials	30.0	12290.255235999999	12292.2747	12293.940202	12294.765462	12289.510122	12293.265275999998			1.0	1.0	0.0	3.0					
12297.251	8.244000000000597	trials	30.0	12301.28992	12302.416480999998	12304.988405999999	12305.585452	12300.350584	12304.457959			1.0	2.0	0.0	3.0					
12307.335	12.155000000000655	trials	30.0	12315.016789	12316.366983999998	12318.053607999998	12318.282485999998	12314.398497999999	12317.070783	12318.695	12319.49	1.0	2.0	1.0	1.0					
12321.535	11.520000000000437	trials	30.0	12329.960017	12331.242406	12332.748840999999	12333.137635	12329.337501999998	12331.808335			1.0	2.0	0.0	3.0					
12337.065	19.230999999999767	trials	30.0	12352.754793999999	12354.322349999999	12355.838935	12356.384511999999	12351.790087	12354.814894			1.0	1.0	0.0	3.0					
12359.16	17.575000000000728	trials	30.0	12373.910205999999	12375.253063999999	12376.479484	12376.633027	12372.939090999998	12375.759928			1.0	1.0	0.0	3.0					
12378.812	12.417999999999665	trials	30.0	12386.459868	12388.150564	12389.695158999999	12389.942737	12385.63611	12388.616340999999	12390.381	12391.23	1.0	2.0	1.0	1.0					
12394.3	7.600000000000364	trials	30.0	12397.485304	12399.39339	12400.381673999998	12400.57208	12396.949709999999	12399.630087	12400.995	12401.9	1.0	2.0	1.0	1.0					
12405.921	6.949000000000524	trials	30.0	12408.031224999999	12409.864941	12410.913294999998	12411.016833	12407.322090999998	12410.08356			1.0	2.0	0.0	3.0					
12413.186	5.7739999999994325	trials	30.0	12414.990233999999	12416.909699999998	12418.154559999999	12418.598568	12412.964257	12417.227922999999			1.0	1.0	0.0	3.0					
12420.476	6.319999999999709	trials	30.0	12422.179914999999	12424.081837	12425.312854	12425.576013	12419.053252	12424.710519999999	12425.921	12426.796	1.0	2.0	1.0	1.0					
12429.891	9.630000000001019	trials	30.0	12435.360684	12437.008408999998	12438.127590999999	12438.292861	12434.783274	12437.263531999999			1.0	2.0	0.0	3.0					
12442.395	5.055000000000291	trials	30.0	12444.095442	12445.197318999999	12446.891975999999	12447.544315	12439.61373	12445.724247999999			1.0	1.0	0.0	3.0					
12450.207	9.472999999999956	trials	30.0	12455.361163	12457.103912999999	12458.26678	12458.498501999999	12454.526263999998	12457.433367999998	12458.921	12459.68	1.0	2.0	1.0	1.0					
12462.77	7.02599999999984	trials	30.0	12465.970344	12467.316636	12468.465839999999	12468.884984999999	12465.323664	12467.70136			1.0	2.0	0.0	3.0					
12470.79	7.304999999998472	trials	30.0	12472.770976	12473.87841	12475.189880999998	12475.577771999999	12469.888411	12474.294904999999			1.0	1.0	0.0	3.0					
12478.445	11.101000000000568	trials	30.0	12486.392403999998	12487.563887999999	12489.195606	12489.640694999998	12485.677015	12488.102995			1.0	2.0	0.0	3.0					
12493.535	7.65099999999984	trials	30.0	12496.66636	12498.378922	12499.863626999999	12500.202969999998	12495.976761	12498.559528			1.0	2.0	0.0	3.0					
12502.256	13.929000000000087	trials	30.0	12511.595136999998	12513.355957	12514.646872	12514.876866999999	12510.981241	12514.125144	12515.37	12516.185	1.0	2.0	1.0	1.0					
12519.21	9.015000000001237	trials	30.0	12524.025952999998	12525.467025	12527.043061999999	12527.410592999999	12523.359842	12525.932213999999			1.0	2.0	0.0	3.0					
12529.425	19.05500000000029	trials	30.0	12545.245818	12546.57309	12548.167771999999	12548.323249	12544.636578	12547.405782999998			1.0	1.0	0.0	3.0					
12552.535	8.435999999999694	trials	30.0	12555.727447	12557.583625	12560.572708	12561.01441	12554.920368	12559.869536999999			1.0	1.0	0.0	3.0					
12564.97	10.625	trials	30.0	12571.571237999999	12572.689020999998	12574.958304	12575.690627999998	12570.685376	12574.143741			1.0	1.0	0.0	3.0					
12579.265	8.850000000000364	trials	30.0	12585.180753999999	12586.862997999999	12587.784619999999	12588.208869999999	12584.262872	12587.141844			1.0	2.0	0.0	3.0					
12590.139	10.351000000000568	trials	30.0	12596.285886	12597.479777999999	12600.077714	12600.582873	12595.491906	12599.351514999998			1.0	1.0	0.0	3.0					
12604.345	13.114999999999782	trials	30.0	12613.131179999998	12614.898250999999	12616.848839999999	12617.55466	12612.262637999998	12616.154198999999			1.0	1.0	0.0	3.0					
12621.18	10.029999999998836	trials	30.0	12626.741059	12628.407997999999	12629.550776999999	12629.845758	12625.976109	12628.92384	12630.18	12631.21	1.0	2.0	1.0	1.0					
12633.28	8.114999999999782	trials	30.0	12638.416248	12639.997978	12641.067405999998	12641.26782	12637.881141999998	12640.418869			1.0	1.0	0.0	3.0					
12644.406	7.97899999999936	trials	30.0	12647.285828999999	12648.963983999998	12651.005766999999	12651.148971999999	12646.384251	12650.420403999999	12651.56	12652.385	1.0	2.0	1.0	1.0					
12654.475	10.770000000000437	trials	30.0	12660.470704	12662.200834	12663.021346	12663.208084	12659.518494999998	12662.419057	12663.66	12665.245	1.0	2.0	1.0	1.0					
12669.305	7.690000000000509	trials	30.0	12672.821312999999	12674.739743999999	12675.861522	12676.153741999999	12672.123339999998	12674.988247			1.0	2.0	0.0	3.0					
12678.125	5.459999999999127	trials	30.0	12679.756516	12681.377545	12682.60033	12683.023320999999	12677.086433999999	12681.544539999999			1.0	1.0	0.0	3.0					
12686.992	14.663000000000466	trials	30.0	12697.032871	12699.04882	12700.588204	12701.117029	12696.263238	12699.103502999998			1.0	1.0	0.0	3.0					
12703.935	5.156000000000859	trials	30.0	12705.524228999999	12706.743408999999	12707.447112	12707.752698999999	12701.747340999998	12706.843372	12708.036	12709.091	1.0	2.0	1.0	1.0					
12712.16	8.579999999999927	trials	30.0	12716.526708	12717.84284	12719.128343999999	12719.381429	12715.800824999998	12718.29604			1.0	2.0	0.0	3.0					
12723.501	10.359000000000378	trials	30.0	12728.518327	12729.67803	12732.368709999999	12732.633263999998	12727.939677999999	12730.606957999998	12733.171	12733.86	1.0	2.0	1.0	1.0					
12736.968	7.891999999999825	trials	30.0	12741.437816999998	12742.688885	12743.530888	12743.814881999999	12740.435464999999	12742.867138			1.0	2.0	0.0	3.0					
12746.856	7.033999999999651	trials	30.0	12748.586588999999	12750.484717			12744.955139999998	12750.471623			1.0		0.0	2.0					
12754.476	8.208999999998923	trials	30.0	12757.048929999999	12759.122244999999	12761.107606	12761.327750999999	12756.479604999999	12760.066771999998			1.0	2.0	0.0	3.0					
12763.36	6.904999999998836	trials	30.0	12765.236883	12766.942942999998	12768.858411	12769.065675	12762.780093	12768.201174999998	12769.48	12770.265	1.0	2.0	1.0	1.0					
12772.3	10.085000000000946	trials	30.0	12777.362043	12778.892258999998	12780.755625999998	12781.068831999999	12776.765883	12779.655180999998	12781.5	12782.385	1.0	2.0	1.0	1.0					
12786.405	10.459999999999127	trials	30.0	12792.452449999999	12794.423852			12791.509348	12794.414085999999			1.0		0.0	2.0					
12799.343	6.57799999999952	trials	30.0	12801.511294	12802.960443999998	12804.439434999998	12804.633795	12796.958682999999	12803.839329999999	12805.105	12805.921	1.0	1.0	1.0	1.0					
12808.01	9.889999999999418	trials	30.0	12813.296718	12815.237611999999	12816.566424999999	12816.737508999999	12812.446187	12815.515612	12816.97	12817.9	1.0	2.0	1.0	1.0					
12820.969	10.981000000001586	trials	30.0	12827.95674	12829.543599999999	12830.970260999999	12831.380044	12827.323477999998	12830.153280999999			1.0	2.0	0.0	3.0					
12833.305	7.354999999999563	trials	30.0	12835.121974	12836.843354999999	12839.817692999999	12840.256506	12832.043151999998	12838.422504999999			1.0	1.0	0.0	3.0					
12844.095	11.010000000000218	trials	30.0	12849.032893	12850.528968999999	12854.188467	12854.725095999998	12848.136932	12852.560484999998			1.0	1.0	0.0	3.0					
12856.93	7.440000000000509	trials	30.0	12858.667314999999	12860.520478999999	12862.908533999998	12863.189656999999	12855.199128999999	12861.761616999998	12863.635	12864.37	1.0	2.0	1.0	1.0					
12868.39	7.890000000001237	trials	30.0	12872.431901999998	12873.658089999999	12875.18975	12875.358427	12871.626780999999	12874.473489999998			1.0	2.0	1.0	1.0					
12880.715	8.956000000000131	trials	30.0	12885.768591999999	12887.221563	12888.129450999999	12888.404885999998	12884.871723999999	12887.30985	12888.735	12889.671	1.0	2.0	1.0	1.0					
12893.76	7.319999999999709	trials	30.0	12896.737227999998	12898.179474999999	12899.893340999999	12900.138894	12896.1181	12898.808857			1.0	2.0	0.0	3.0					
12902.217	6.917999999999665	trials	30.0	12904.332009999998	12906.134418	12908.077254999998	12908.488066	12901.174749999998	12907.240735			1.0	2.0	0.0	3.0					
12910.36	6.125	trials	30.0	12912.327162999998	12913.409453999999	12915.143601999998	12915.282308999998	12909.232178999999	12914.477681999999	12915.756	12916.485	1.0	1.0	1.0	1.0					
12919.514	12.636000000000422	trials	30.0	12928.597188999998	12930.078108999998	12931.328980999999	12931.730569	12927.952043	12930.395594999998			1.0	1.0	0.0	3.0					
12934.671	9.693999999999505	trials	30.0	12936.372145	12938.208845	12940.509322	12940.630170999999	12932.245073999999	12939.651337			1.0	1.0	0.0	3.0					
12944.874	5.980999999999767	trials	30.0	12946.527961999998	12947.954985999999	12949.892582999999	12950.475034	12944.461442999998	12949.207666999999			1.0	1.0	0.0	3.0					
12953.165	10.800999999999476	trials	30.0	12957.837381	12959.670504999998	12962.311353	12962.604904	12957.207138999998	12961.192765	12962.982	12963.966	1.0	2.0	1.0	1.0					
12968.03	6.825999999999112	trials	30.0	12970.807197999999	12972.177313999999	12973.569492999999	12974.113607	12969.920515999998	12972.645960999998			1.0	2.0	0.0	3.0					
12977.861	5.818999999999505	trials	30.0	12979.773186999999	12981.149786999998	12983.321202	12983.777216999999	12974.951793999999	12981.761810999998			1.0	1.0	0.0	3.0					
12986.6	8.40599999999904	trials	30.0	12990.769290999999	12992.012007	12993.844841999999	12994.602828	12989.904020999998	12992.153616			1.0	1.0	0.0	3.0					
12996.162	5.601999999998952	trials	30.0	12998.144133999998	12999.343957	13001.424976999999	13001.845506999998	12995.100901	13000.745744999998			1.0	2.0	0.0	3.0					
13004.815	53.74499999999898	trials	30.0	13053.743008	13055.472516	13056.799464999998	13057.007495999998	13052.899811	13056.308760999998	13057.46	13058.56	1.0	2.0	1.0	1.0					
13061.577	11.703000000001339	trials	30.0	13070.158258	13071.529969	13072.911068	13073.346884999999	13069.355844999998	13072.337861999998			1.0	2.0	0.0	3.0					
13076.251	7.144000000000233	trials	30.0	13079.488694	13081.490376999998	13082.780169999998	13083.490999	13078.886445999999	13082.049896999999			1.0	1.0	0.0	3.0					
13087.096	15.144000000000233	trials	30.0	13099.258417	13100.390637999999	13101.848111	13102.334179	13098.605726	13101.011138999998			1.0	1.0	0.0	3.0					
13106.105	31.26000000000022	trials	30.0	13134.427837	13135.959707999998	13136.938166	13137.460672	13133.467252999999	13136.385937			1.0	2.0	0.0	3.0					
13141.265	12.485000000000582	trials	30.0	13148.842725999999	13149.880013999998	13152.112014999999	13152.371952	13148.110711	13151.520121	13152.68	13153.75	1.0	2.0	1.0	1.0					
13155.78	10.215000000000146	trials	30.0	13162.208354999999	13163.840359	13164.765948999999	13165.091326	13161.37162	13164.204522999999			1.0	2.0	0.0	3.0					
13167.081	8.363999999999578	trials	30.0	13171.448310999998	13173.450601999999	13174.706778	13175.089108999999	13170.895740999998	13174.169392999998			1.0	2.0	0.0	3.0					
13177.093	18.711999999999534	trials	30.0	13191.198513	13193.157652	13194.035691	13194.31287	13190.358504999998	13193.525805	13194.595	13195.805	1.0	2.0	1.0	1.0					
13197.89	12.686999999999898	trials	30.0	13207.413766	13209.376959	13210.183979	13210.609112999999	13206.439307999999	13209.635139999999			1.0	2.0	0.0	3.0					
13212.515	11.550000000001091	trials	30.0	13220.605314999999	13221.784319999999	13223.472210999998	13223.758774999998	13219.940057	13222.876869			1.0	2.0	0.0	3.0					
13225.86	15.224999999998545	trials	30.0	13236.333822999999	13237.912796999999	13239.575879999999	13239.962785	13235.810409	13239.009901			1.0	2.0	0.0	3.0					
13243.891	6.104000000001179	trials	30.0	13246.258507999999	13247.447289999998	13249.598742999999	13250.090043999999	13245.347112	13249.003807			1.0	1.0	0.0	3.0					
13253.874	8.806000000000495	trials	30.0	13257.308125	13258.955280999999	13261.092755999998	13261.542037	13256.381669999999	13260.467238			1.0	2.0	0.0	3.0					
13264.48	7.444999999999709	trials	30.0	13268.408808999999	13270.035581999999	13271.587481999999	13271.990538999999	13267.407482999999	13270.940972999999			1.0	1.0	0.0	3.0					
13273.86	12.635000000000218	trials	30.0	13283.333802	13285.016112	13286.178009	13286.33788	13282.377529	13285.175222999998			1.0	1.0	0.0	3.0					
13289.565	5.114999999999782	trials	30.0	13291.370035	13292.486013999998	13294.371478	13294.753981	13290.736977999999	13293.688119999999			1.0	1.0	0.0	3.0					
13297.705	10.665000000000873	trials	30.0	13304.02924	13305.802059999998	13306.810833	13307.044043999998	13303.491592999999	13306.051560999998	13307.506	13308.37	1.0	2.0	1.0	1.0					
13311.39	8.045000000000073	trials	30.0	13316.109161999999	13317.868996	13319.122674999999	13319.373512999999	13315.473501999999	13318.273129			1.0	2.0	0.0	3.0					
13321.445	7.540000000000873	trials	30.0	13325.508485999999	13326.746525999999	13328.667734999999	13329.075453	13324.678329999999	13328.040749999998			1.0	2.0	0.0	3.0					
13330.925	18.284999999999854	trials	30.0	13344.980199999998	13346.591014999998	13347.533856999999	13347.73728	13344.203963999998	13346.612073999999	13348.165	13349.21	1.0	2.0	1.0	1.0					
13353.296	8.929000000000087	trials	30.0	13357.909371	13359.941814999998	13360.692389999998	13360.864566999999	13357.049577999998	13360.185426999999	13361.315	13362.225	1.0	2.0	1.0	1.0					
13366.3	6.510000000000218	trials	30.0	13370.208848999999	13371.350899	13372.567158999998	13372.813376999999	13369.482885	13372.020609			1.0	2.0	0.0	3.0					
13376.82	4.915000000000873	trials	30.0	13379.29381	13380.471489	13381.677533999999	13382.010021999999	13378.335056999998	13381.156826999999			1.0	2.0	0.0	3.0					
13386.05	69.90999999999985	BlockDesign														1.0	846.0	850.0	0.0	0.0
13386.05	12.543000000001484	trials	31.0	13395.208926	13397.207649	13398.244589999998	13398.685039	13394.551188	13397.685474999998			1.0	2.0	0.0	3.0					
13402.6	9.709999999999127	trials	31.0	13409.319585	13410.609034	13411.982496999999	13412.373855	13408.761966999999	13411.226988999999			1.0	1.0	0.0	3.0					
13416.33	6.378000000000611	trials	31.0	13419.985399	13421.493084999998	13422.275619	13422.780648	13419.048475	13421.744891999999			1.0	2.0	0.0	3.0					
13425.66	20.761000000000422	trials	31.0	13443.279846	13445.205021999998	13446.152257	13446.383887	13442.306578	13445.286144999998			1.0	2.0	0.0	3.0					
13449.431	6.528999999998632	trials	31.0	13453.214150999998	13454.616237999999	13455.642689999999	13456.073938	13452.280207	13455.081175			1.0	2.0	0.0	3.0					
13459.11	836.2950000000001	BlockDesign														1.0	851.0	901.0	50.0	10.0
13459.11	9.389999999999418	trials	32.0	13463.834766	13465.751121	13466.470902	13468.594185999998	13462.887583	13465.890306			1.0	2.0	0.0	3.0					
13470.827	18.054000000000087	trials	32.0	13483.349144999998	13485.126785999999	13488.322051	13488.978701999999	13482.595657	13485.360939999999			1.0	2.0	0.0	3.0					
13490.891	9.834000000000742	trials	32.0	13497.830038	13499.380020999999	13500.307503999999	13500.821559999998	13497.082869999998	13499.576691999999			1.0	1.0	0.0	3.0					
13504.711	13.085000000000946	trials	32.0	13514.775359	13516.425449999999	13517.492870999999	13517.847822	13513.928930999999	13516.877788			1.0	2.0	0.0	3.0					
13521.873	8.961999999999534	trials	32.0	13526.49461	13528.187769999999	13529.319958	13529.465748999999	13525.972404999999	13528.648980999998	13529.835	13530.835	1.0	1.0	1.0	1.0					
13534.86	8.204999999999927	trials	32.0	13539.974567	13541.831946999999	13542.762933999998	13542.91851	13539.418477	13542.158166			1.0	1.0	0.0	3.0					
13546.08	13.512000000000626	trials	32.0	13555.070210999998	13556.218512	13559.184158999999	13559.682141	13554.197624999999	13558.413462999999			1.0	2.0	0.0	3.0					
13561.515	9.365999999999985	trials	32.0	13565.740403999998	13567.479093999998	13569.272324999998	13569.491235	13564.79482	13568.575975	13569.895	13570.881	1.0	1.0	1.0	1.0					
13572.966	11.958999999998923	trials	32.0	13580.459652999998	13582.404488999999	13583.424624	13583.573606999998	13579.720223999999	13582.778976999998	13584.091	13584.925	1.0	1.0	1.0	1.0					
13586.946	8.199000000000524	trials	32.0	13592.159898999998	13593.777510999998	13594.841805	13594.976580999999	13591.295992	13594.181847			1.0	1.0	0.0	3.0					
13597.222	8.20299999999952	trials	32.0	13600.521234	13601.941157	13604.226373	13604.899193	13599.664551999998	13603.134562			1.0	1.0	0.0	3.0					
13608.61	5.520999999998821	trials	32.0	13610.589860999999	13612.581726999999	13613.745313	13614.172045	13605.523335999998	13612.877659			1.0	2.0	0.0	3.0					
13618.095	6.945000000001528	trials	32.0	13620.240694999999	13621.542018999999			13618.716505999999	13621.538265			1.0		0.0	2.0					
13625.595	7.770000000000437	trials	32.0	13628.780649999999	13630.296348999998	13632.288347999998	13632.898807	13627.829928	13631.043461			1.0	2.0	0.0	3.0					
13635.62	4.824999999998909	trials	32.0	13637.679935999999	13638.863151	13640.135497	13640.293887	13633.464269999999	13638.974918999998			1.0	1.0	0.0	3.0					
13642.52	10.715000000000146	trials	32.0	13647.615289	13649.801732999998	13653.100353999998	13653.333732	13646.841347999998	13649.794597			1.0		0.0	2.0					
13655.845	6.579999999999927	trials	32.0	13658.615208	13659.648274	13660.703886	13661.049477999999	13657.804342	13660.030636			1.0	2.0	0.0	3.0					
13664.085	8.280000000000655	trials	32.0	13668.489253	13670.266633	13672.113297999998	13672.401253	13667.605914	13670.561361			1.0	2.0	0.0	3.0					
13675.375	11.680000000000291	trials	32.0	13684.380055	13685.633307999999	13686.672079	13687.152827999998	13683.376993999998	13685.929065999999			1.0	1.0	0.0	3.0					
13690.015	43.125	trials	32.0	13729.751268999999	13730.958578999998	13732.488586	13733.236722	13728.976514999998	13731.905514999999			1.0	2.0	0.0	3.0					
13736.77	29.82499999999891	trials	32.0	13761.870915	13763.367606999998	13764.647868	13765.171466999998	13760.897574999999	13763.931046			1.0	2.0	0.0	3.0					
13766.895	14.21099999999933	trials	32.0	13776.545345999999	13778.372296	13779.541283999999	13779.673664999998	13775.778623999999	13778.848505999998	13780.15	13781.106	1.0	1.0	1.0	1.0					
13785.125	7.640999999999622	trials	32.0	13789.975363	13791.477251999999	13792.464262	13792.736503	13789.087232999998	13791.907693			1.0	2.0	0.0	3.0					
13794.775	8.375	trials	32.0	13799.570854	13801.253658999998	13802.785251	13803.249614999999	13798.623893999998	13802.176984			1.0	2.0	0.0	3.0					
13806.05	8.960000000000946	trials	32.0	13810.425414	13812.254862	13814.553154	13815.107139	13809.887823	13813.819597			1.0	1.0	0.0	3.0					
13817.881	21.934000000001106	trials	32.0	13836.254722	13838.046079	13839.008349	13839.499224	13835.54464	13838.457570999999			1.0	2.0	0.0	3.0					
13843.415	15.104999999999563	trials	32.0	13855.465599	13856.914268999999	13858.108992	13858.617860999999	13854.493701	13857.379309			1.0	1.0	0.0	3.0					
13862.467	8.397999999999229	trials	32.0	13866.366207	13868.120824	13869.136530999998	13869.431364999999	13865.574496	13868.530766999998	13869.73	13870.865	1.0	2.0	1.0	1.0					
13873.016	18.03399999999965	trials	32.0	13885.93544	13887.312622	13889.244034	13889.695156	13885.191332999999	13888.083089	13889.881	13891.05	1.0	1.0	1.0	1.0					
13893.21	12.145000000000437	trials	32.0	13901.492006999999	13903.373253999998			13900.695017999999	13903.366633			1.0		0.0	2.0					
13907.39	6.786000000000058	trials	32.0	13909.347146999999	13911.206613999999	13912.875038999999	13913.502292	13908.138917999999	13911.657146999998			1.0	2.0	0.0	3.0					
13917.259	6.825999999999112	trials	32.0	13918.946709999998	13920.217745999998	13922.379331999999	13922.558637999999	13914.276435	13921.531547999999	13922.91	13924.085	1.0	1.0	1.0	1.0					
13927.124	10.092000000000553	trials	32.0	13930.966347999998	13932.513155999999			13929.978259	13932.509648			1.0		0.0	2.0					
13937.53	8.229999999999563	trials	32.0	13939.930838999999	13942.005211	13944.569578999999	13944.825036999999	13938.663713999998	13943.028718			1.0	2.0	0.0	3.0					
13947.91	10.729999999999563	trials	32.0	13953.290352	13954.955575	13957.229419	13957.367811999999	13952.307224999999	13956.341928	13957.77	13958.64	1.0	1.0	1.0	1.0					
13961.731	10.924000000000888	trials	32.0	13968.040508999999	13969.348554999999	13971.29868	13971.410319999999	13967.472364	13970.092095999998	13971.881	13972.655	1.0	1.0	1.0	1.0					
13974.746	15.184000000001106	trials	32.0	13985.936006999998	13987.755865	13989.004085999999	13989.285154	13985.010664	13988.191562			1.0	2.0	0.0	3.0					
13992.3	6.75	trials	32.0	13994.747619999998	13996.475708999998	13997.431207999998	13997.572418	13994.111614	13996.443349	13998.07	13999.05	1.0	1.0	1.0	1.0					
14003.08	9.886000000000422	trials	32.0	14008.756243	14010.404946999999	14011.406125	14011.596350999998	14007.795036	14010.522018	14012.03	14012.966	1.0	1.0	1.0	1.0					
14015.014	10.96100000000115	trials	32.0	14022.13777	14023.833852999998	14025.051146999998	14025.302688999998	14021.393595999998	14024.107818999999			1.0	1.0	0.0	3.0					
14029.441	8.604999999999563	trials	32.0	14031.131457	14032.758216999999	14037.004578	14037.144957999999	14026.074585999999	14032.746324			1.0		0.0	2.0					
14038.69	8.975000000000364	trials	32.0	14040.372213999999	14041.918125999999	14046.616958999999	14047.233468999999	14038.141877999999	14045.749436999999			1.0	1.0	0.0	3.0					
14049.95	6.484999999998763	trials	32.0	14051.577266999999	14053.467589	14055.092872	14055.475536999998	14047.762561	14053.989601			1.0	2.0	0.0	3.0					
14059.36	110.14599999999882	trials	32.0	14165.612636999998	14166.981498	14168.049092	14168.250758999999	14164.644103999999	14167.418400999999	14168.68	14169.506	1.0	1.0	1.0	1.0					
14171.545	55.45499999999993	trials	32.0	14224.153002	14225.434173999998	14226.357426999999	14227.099293	14223.332632	14225.691674999998			1.0	1.0	0.0	3.0					
14230.639	6.445999999999913	trials	32.0	14233.153111	14234.334931	14235.691852	14235.877616999998	14232.32182	14234.533872999998	14236.25	14237.085	1.0	1.0	1.0	1.0					
14240.105	10.305000000000291	trials	32.0	14246.882690999999	14248.049065	14249.172230999999	14249.434624	14246.216179	14248.536159			1.0	1.0	0.0	3.0					
14251.495	7.5349999999998545	trials	32.0	14253.212613	14254.929025	14257.574395	14257.781013	14250.508695999999	14256.753767999999	14258.18	14259.03	1.0	1.0	1.0	1.0					
14261.091	11.484000000000378	trials	32.0	14267.212368999999	14269.507945	14270.954505999998	14271.127579	14266.675824999998	14269.838763	14271.565	14272.575	1.0	1.0	1.0	1.0					
14275.59	10.206000000000131	trials	32.0	14280.654534	14282.539733999998	14284.406749	14284.544808999999	14279.691873	14283.430939	14284.955	14285.796	1.0	1.0	1.0	1.0					
14288.885	6.520000000000437	trials	32.0	14292.523971999999	14293.681035999998	14295.115864	14295.503309	14291.624013999999	14294.483352			1.0	1.0	0.0	3.0					
14298.43	275.59000000000015	BlockDesign														1.0	902.0	925.0	50.0	90.0
14298.43	7.809999999999491	trials	33.0	14300.274291	14301.989749999999	14304.351098	14304.651645999998	14296.081586999999	14303.114527	14305.035	14306.24	1.0	2.0	1.0	1.0					
14308.27	13.489999999999782	trials	33.0	14316.922804999998	14318.059419	14320.276675	14320.470678	14316.198153	14318.610768999999	14320.85	14321.76	1.0	2.0	1.0	1.0					
14325.83	10.713999999999942	trials	33.0	14332.682765999998	14333.834793999999	14334.841041	14335.037817999999	14331.714968999999	14333.959974999998	14335.5	14336.544	1.0	2.0	1.0	1.0					
14340.425	8.385000000000218	trials	33.0	14344.95292	14346.709205	14347.775876	14348.20236	14344.169025	14346.836884999999			1.0	2.0	0.0	3.0					
14351.096	8.953999999999724	trials	33.0	14353.003217999998	14354.825058999999	14356.774726	14357.32261	14348.909055999999	14355.426355			1.0	1.0	0.0	3.0					
14361.107	10.393000000000029	trials	33.0	14364.399574	14366.240420999999	14369.929918999998	14370.189252999999	14363.848822	14366.758543	14370.425	14371.5	1.0	2.0	1.0	1.0					
14373.517	11.442999999999302	trials	33.0	14380.342718999998	14382.170102999999	14383.379292999998	14383.582989999999	14379.422483999999	14382.444390999999	14384.11	14384.96	1.0	2.0	1.0	1.0					
14387.035	8.174999999999272	trials	33.0	14391.102933999999	14392.2647	14393.512750999998	14393.766757	14390.462226	14392.737277	14394.1	14395.21	1.0	2.0	1.0	1.0					
14398.235	8.465000000000146	trials	33.0	14402.672886999999	14404.751419	14405.68918	14406.215807999999	14401.862866	14404.810631999999			1.0	2.0	0.0	3.0					
14409.955	5.694999999999709	trials	33.0	14411.743738	14412.826041999999	14414.615537	14415.143079	14406.802294	14412.819629999998			1.0		0.0	2.0					
14417.81	10.2450000000008	trials	33.0	14421.89295	14423.388678	14426.481623	14426.789687999999	14421.06555	14425.347811	14427.335	14428.055	1.0	2.0	1.0	1.0					
14432.096	8.209000000000742	trials	33.0	14435.793774999998	14436.901627	14438.766249999999	14438.974536	14435.094216	14438.085665999999	14439.267	14440.305	1.0	2.0	1.0	1.0					
14442.418	13.522000000000844	trials	33.0	14448.548201999998	14450.084942999998	14453.051952999998	14453.275325999999	14447.591266	14450.073251999998			1.0		0.0	2.0					
14456.0	7.444999999999709	trials	33.0	14457.928077999999	14459.766131999999	14462.177796	14462.439231999999	14456.302477	14460.848796999999			1.0	1.0	0.0	3.0					
14464.455	15.835000000000946	trials	33.0	14475.029233	14476.286517999999	14478.909882999998	14479.069275999998	14474.352125999998	14477.580463999999	14479.435	14480.29	1.0	2.0	1.0	1.0					
14482.37	10.5	trials	33.0	14487.538833999999	14490.050881	14491.317434999999	14491.465773	14487.028622999998	14490.224067	14491.96	14492.87	1.0	2.0	1.0	1.0					
14496.015	8.590000000000146	trials	33.0	14501.003826	14502.120727	14503.090317999999	14503.286990999999	14500.261392999999	14502.357423999998	14503.665	14504.605	1.0	2.0	1.0	1.0					
14508.735	6.469999999999345	trials	33.0	14511.150093	14512.635132	14513.781320999999	14513.948838999999	14510.152864	14513.004294999999	14514.43	14515.205	1.0	2.0	1.0	1.0					
14518.29	8.269999999998618	trials	33.0	14522.524948999999	14523.990662	14525.053656999999	14525.329722999999	14521.549603	14524.192189999998	14525.86	14526.56	1.0	2.0	1.0	1.0					
14530.65	6.700000000000728	trials	33.0	14533.169133	14534.990748999999	14535.991999999998	14536.142937999999	14532.491268999998	14535.212934	14536.66	14537.35	1.0	2.0	1.0	1.0					
14540.435	6.18500000000131	trials	33.0	14543.000243999999	14544.711102			14542.157421	14544.706542999998			1.0		0.0	2.0					
14548.686	8.59900000000016	trials	33.0	14550.61925	14551.851983999999	14556.39937	14556.893359	14545.476669	14551.842273999999			1.0		0.0	2.0					
14557.796	6.904000000000451	trials	33.0	14559.904008	14561.439806999999	14563.427715999998	14564.116143	14557.385113999999	14562.722228999999			1.0	1.0	0.0	3.0					
14565.829	8.191000000000713	trials	33.0	14569.829120999999	14571.295161999999	14572.476961999999	14572.671056	14568.930072	14571.733107999999	14573.055	14574.02	1.0	2.0	1.0	1.0					
14578.05	396.2910000000011	BlockDesign														1.0	926.0	948.0	50.0	0.0
14578.05	7.985000000000582	trials	34.0	14581.369229999998	14582.712666	14585.13813	14585.483666999999	14580.649970999999	14583.657185999999			2.0	2.0	0.0	3.0					
14587.495	6.2149999999983265	trials	34.0	14589.183825999999	14590.705285	14592.794686	14593.275124	14586.137861	14591.837946			2.0	1.0	0.0	3.0					
14595.125	5.944999999999709	trials	34.0	14596.744035	14598.175916	14600.157347999999	14600.538931	14593.809395999999	14599.481753999999			2.0	2.0	0.0	3.0					
14603.516	6.700000000000728	trials	34.0	14605.253808999998	14607.265846999999	14608.688511999999	14608.969439999999	14604.339838	14607.583553999999	14609.385	14610.216	2.0	1.0	1.0	1.0					
14614.266	22.15899999999965	trials	34.0	14633.360615999998	14634.975682999999	14636.093266	14636.332847	14632.537715999999	14635.336862			2.0	1.0	0.0	3.0					
14638.436	11.424000000000888	trials	34.0	14645.344147	14646.569936999998	14648.23167	14648.42866	14644.820313	14647.60183	14648.74	14649.86	2.0	1.0	1.0	1.0					
14651.881	12.489000000001397	trials	34.0	14659.026203999998	14660.630970999999	14662.720371	14662.889459999999	14658.203721999998	14662.087112	14663.381	14664.37	2.0	1.0	1.0	1.0					
14667.396	8.139999999999418	trials	34.0	14672.093981999999	14674.111697999999	14675.135729999998	14675.562818999999	14671.221316	14674.586985999998			2.0	2.0	0.0	3.0					
14678.466	8.568999999999505	trials	34.0	14682.684339	14683.765549	14685.316746999999	14685.514025999999	14681.696505	14684.573967999999	14685.925	14687.035	2.0	1.0	1.0	1.0					
14691.139	10.320999999999913	trials	34.0	14697.969348999999	14698.991338	14700.170027	14700.476964999998	14697.154161999999	14699.537565999999			2.0	1.0	0.0	3.0					
14702.496	29.994000000000597	trials	34.0	14727.414804999999	14728.770477999999	14730.286422	14731.234070999999	14726.656636	14728.760422			2.0		0.0	2.0					
14732.686	12.641999999999825	trials	34.0	14740.439030999998	14742.416591	14743.662360999999	14743.885305	14739.438834999999	14743.059082	14744.28	14745.328	2.0	1.0	1.0	1.0					
14749.467	18.578999999999724	trials	34.0	14763.740536	14765.541723999999	14766.413813	14766.590251	14763.049326999999	14765.854624	14766.935	14768.046	2.0	1.0	1.0	1.0					
14770.138	13.43199999999888	trials	34.0	14778.389427999999	14779.701867	14782.981421999999	14783.671070999999	14777.441427999998	14779.698691			2.0		0.0	2.0					
14783.705	15.284999999999854	trials	34.0	14795.439750999998	14797.199435999999	14798.491608999999	14799.090183999999	14794.533905999999	14797.577989			2.0	2.0	0.0	3.0					
14801.858	6.387000000000626	trials	34.0	14805.611137	14806.938456	14807.944776999999	14808.324089	14804.613854	14807.299218999999			2.0	1.0	0.0	3.0					
14810.285	9.431000000000495	trials	34.0	14815.151863	14817.030504999999	14818.057808999998	14818.265269	14814.342379	14817.37524	14818.716	14819.716	2.0	1.0	1.0	1.0					
14822.806	9.009000000000015	trials	34.0	14828.046155999999	14830.619459999998	14831.456907	14831.916646	14827.298933999999	14830.914751999999			2.0	1.0	0.0	3.0					
14835.785	22.034999999999854	trials	34.0	14853.785265999999	14855.113256999999	14856.122672999998	14856.288553999999	14853.042029	14855.443012	14856.68	14857.82	2.0	1.0	1.0	1.0					
14859.936	14.144000000000233	trials	34.0	14868.170225999998	14869.823412	14870.956140999999	14871.407533	14867.225358	14869.820357999999			2.0		0.0	2.0					
14874.896	65.39999999999964	trials	34.0	14937.220408	14939.282812	14939.869702	14940.39654	14936.335767999999	14939.290975			2.0	1.0	0.0	3.0					
14942.296	19.564000000000306	trials	34.0	14957.600105999998	14959.235811999999	14960.335039	14960.490897	14956.691755	14959.766442999999	14960.9	14961.86	2.0	1.0	1.0	1.0					
14965.945	8.39600000000064	trials	34.0	14971.336704	14973.494590999999	14974.325341	14975.009425	14970.344603999998	14973.543789			2.0	1.0	0.0	3.0					
14978.591	334.85399999999936	BlockDesign														0.0	949.0	969.0	0.0	50.0
14978.591	32.30400000000009	trials	35.0	15007.505743	15008.908040999999	15009.437501999999	15009.663686999998	15006.546237999999	15008.902505999999			3.0		0.0	2.0					
15012.97	12.635000000000218	trials	35.0	15020.612223999999	15022.693174	15023.775081	15024.151533	15019.943625999998	15022.711620999999	15024.3	15025.605	3.0	2.0	1.0	1.0					
15028.735	10.799999999999272	trials	35.0	15036.296058999998	15037.712640999998	15039.016196999999	15039.638508999999	15035.604146	15038.522724999999			3.0	2.0	0.0	3.0					
15041.351	14.013999999999214	trials	35.0	15051.635667999999	15052.756764999998	15053.778589	15054.033405999999	15050.73735	15053.286818999999	15054.4	15055.365	3.0	2.0	1.0	1.0					
15057.455	11.494000000000597	trials	35.0	15065.615430999998	15067.600813	15068.545116	15069.00715	15065.041901999999	15067.978641			3.0	2.0	0.0	3.0					
15072.876	7.574000000000524	trials	35.0	15075.940605	15077.602412	15078.753195	15078.944828	15075.130194	15078.062951999998	15079.285	15080.45	3.0	2.0	1.0	1.0					
15083.47	11.829000000001543	trials	35.0	15091.305837	15092.533277999999	15093.547446999999	15093.808137999999	15090.730035999999	15093.006642999999	15094.171	15095.299	3.0	2.0	1.0	1.0					
15097.22	20.63800000000083	trials	35.0	15115.301051999999	15116.64949	15117.469712999999	15117.933342999999	15114.373808999999	15116.903535			3.0	2.0	0.0	3.0					
15119.83	12.498999999999796	trials	35.0	15127.746986999999	15129.489486999999	15130.379743	15130.720123	15126.986157	15129.862269			3.0	2.0	0.0	3.0					
15133.645	7.434999999999491	trials	35.0	15138.156986999998	15139.647882	15140.765436	15141.184614999998	15137.24427	15139.958556999998			3.0	2.0	0.0	3.0					
15145.11	8.994999999998981	trials	35.0	15150.241768999998	15151.891738999999	15152.669547999998	15152.869098	15149.45143	15152.173073999998	15153.296	15154.105	3.0	2.0	1.0	1.0					
15156.196	10.65899999999965	trials	35.0	15162.501615	15164.470454999999	15165.170467	15165.347231	15161.940781	15164.666227	15165.83	15166.855	3.0	2.0	1.0	1.0					
15169.878	9.191999999999098	trials	35.0	15174.671688999999	15176.633209	15177.521343999999	15177.775393	15173.960256999999	15177.037505999999	15178.08	15179.07	3.0	2.0	1.0	1.0					
15181.161	10.986000000000786	trials	35.0	15188.547127999998	15189.773044	15191.553974999999	15192.251401	15187.853893	15190.407944999999			3.0	2.0	0.0	3.0					
15193.87	24.175999999999476	trials	35.0	15213.771520999999	15215.288595999999	15216.371049	15216.642302	15212.824842999999	15215.574584999998	15217.075	15218.046	3.0	2.0	1.0	1.0					
15222.095	7.790000000000873	trials	35.0	15227.006629	15228.284027	15229.567557999999	15229.976653	15226.229008999999	15229.088301			3.0	2.0	0.0	3.0					
15231.92	9.200000000000728	trials	35.0	15236.453447999998	15238.150351999999	15239.565304	15239.802491999999	15235.641822999998	15238.655982999999	15240.225	15241.12	3.0	2.0	1.0	1.0					
15245.235	10.645999999998821	trials	35.0	15249.727211999998	15251.224533999999	15252.712077	15253.183492	15248.94192	15251.916180999999			3.0	1.0	0.0	3.0					
15256.035	12.095999999999549	trials	35.0	15263.382125999999	15265.145365999999	15266.556392999999	15266.807954999998	15262.829108999998	15265.677767	15267.225	15268.131	3.0	2.0	1.0	1.0					
15270.3	30.585000000000946	trials	35.0	15297.646659999999	15299.615101	15300.623436999998	15300.921712	15296.831331	15300.048858999999			3.0	2.0	0.0	3.0					
15302.895	10.549999999999272	trials	35.0	15308.369629	15310.516383	15311.839501	15312.101857000001	15307.563834	15310.780105000002	15312.565	15313.445	3.0	2.0	1.0	1.0					
15316.468	921.6569999999992	BlockDesign														0.0	970.0	1011.0	50.0	50.0
15316.468	8.55199999999968	trials	36.0	15321.93351	15323.786892	15324.696802	15324.938842000001	15321.122881000001	15324.093816			2.0	1.0	0.0	3.0					
15327.05	8.19000000000051	trials	36.0	15331.529895000001	15333.450679000001	15334.440277000002	15334.81869	15330.998808	15333.968228000002			3.0	2.0	0.0	3.0					
15338.775	13.649999999999636	trials	36.0	15347.485453000001	15349.148712	15350.804332000002	15351.032506000001	15346.633828000002	15349.483387	15351.36	15352.425	3.0	2.0	1.0	1.0					
15354.516	11.66400000000067	trials	36.0	15362.945514000001	15364.991866	15365.921398	15366.235116000002	15361.992055	15365.186742000002			3.0	2.0	0.0	3.0					
15369.265	11.962999999999738	trials	36.0	15377.434606	15379.152292	15380.794129000002	15381.321482000001	15376.871587000001	15380.072037000002			2.0	1.0	0.0	3.0					
15383.186	73.25400000000081	trials	36.0	15452.48622	15453.516650000001	15454.752835000001	15454.987533000001	15451.527292	15454.134638000001	15455.242	15456.44	2.0	1.0	1.0	1.0					
15459.53	8.97400000000016	trials	36.0	15464.667346	15467.138690000002	15468.157317000001	15468.554781	15463.812559000002	15467.191434			3.0	1.0	0.0	3.0					
15472.505	7.440000000000509	trials	36.0	15475.380531	15477.359524000001	15478.284532000001	15478.444726000002	15474.668734	15477.358684	15478.815	15479.945	2.0	1.0	1.0	1.0					
15483.98	7.380000000001019	trials	36.0	15488.500377	15490.174884000002	15491.043814	15491.348922000001	15487.992939000002	15490.521124			3.0	2.0	0.0	3.0					
15495.37	10.479999999999563	trials	36.0	15501.361350000001	15503.233765	15504.183808000002	15504.454356	15500.800668000002	15503.696182000001	15504.825	15505.85	3.0	2.0	1.0	1.0					
15508.91	9.924999999999272	trials	36.0	15515.365936	15516.837676000001	15518.318808000002	15518.680530000001	15514.628106	15516.820995000002			2.0		0.0	2.0					
15521.86	20.420000000000073	trials	36.0	15537.755742000001	15539.662201000001	15540.514398000001	15540.787847000001	15536.88247	15540.004228000002	15541.19	15542.28	3.0	2.0	1.0	1.0					
15544.315	12.440999999998894	trials	36.0	15552.795915	15554.318094	15555.169883	15555.406524000002	15552.073869000002	15554.604016000001	15555.95	15556.756	2.0	1.0	1.0	1.0					
15559.91	16.084000000000742	trials	36.0	15572.595573	15574.432402	15575.604961000001	15576.038023000001	15571.793418000001	15574.750834			3.0	2.0	0.0	3.0					
15577.985	12.204999999999927	trials	36.0	15585.755595	15587.208517000001	15588.474352000001	15588.689310000002	15584.757564000001	15587.885881	15589.05	15590.19	2.0	1.0	1.0	1.0					
15592.28	12.914999999999054	trials	36.0	15602.531611	15603.542719000001	15604.724132000001	15605.291640000001	15601.568931000002	15604.097499000001			2.0	1.0	0.0	3.0					
15609.05	8.050000000001091	trials	36.0	15612.765813000002	15614.255040000002	15615.266580000001	15615.616317000002	15612.042846	15614.753287000001	15616.04	15617.1	3.0	2.0	1.0	1.0					
15619.117	9.63299999999981	trials	36.0	15625.536450000001	15626.674267	15628.615861	15628.848274000002	15624.626104	15626.659948			2.0		0.0	2.0					
15632.595	7.665000000000873	trials	36.0	15635.975711000001	15637.727350000001	15638.719517000001	15638.859112	15635.137663000001	15638.085418	15639.296	15640.26	2.0	1.0	1.0	1.0					
15642.33	15.149999999999636	trials	36.0	15651.435876000001	15653.363751	15654.25315	15654.756360000001	15650.57458	15653.734204			3.0	2.0	0.0	3.0					
15657.6	7.600000000000364	trials	36.0	15659.637261000002	15661.106907000001	15664.589176000001	15665.296503000001	15657.709364	15661.100205			3.0		0.0	2.0					
15666.08	11.96600000000035	trials	36.0	15672.88621	15674.588535	15676.132720000001	15676.498122	15672.307152000001	15675.414661	15676.77	15678.046	2.0	1.0	1.0	1.0					
15680.197	11.317999999999302	trials	36.0	15689.195685	15690.298153000002	15691.253769	15691.541145000001	15688.381840000002	15690.617020000002			2.0	1.0	0.0	3.0					
15694.525	11.30999999999949	trials	36.0	15703.036623000002	15704.208040000001	15705.593257	15705.868344	15702.436564000001	15705.104911			3.0	2.0	0.0	3.0					
15707.875	150.39999999999964	trials	36.0	15854.108792	15855.708806	15856.522259000001	15856.69777	15853.292499000001	15855.796162	15857.145	15858.275	2.0	1.0	1.0	1.0					
15861.296	13.218999999999141	trials	36.0	15869.532290000001	15871.254159	15872.7648	15873.061402000001	15868.795428000001	15871.811448	15873.356	15874.515	3.0	2.0	1.0	1.0					
15876.535	14.350000000000364	trials	36.0	15887.60848	15889.204555	15890.579927	15890.745106	15887.041574	15889.538254000001			3.0	1.0	0.0	3.0					
15892.966	9.984000000000378	trials	36.0	15898.023972	15900.257891000001	15901.141183000002	15901.453462000001	15897.487959000002	15900.407232000001	15901.762	15902.95	3.0	2.0	1.0	1.0					
15907.021	14.578999999999724	trials	36.0	15915.072596000002	15916.945671000001	15920.948321000002	15921.116823	15914.520517	15916.940638			2.0		0.0	2.0					
15921.967	6.757999999999811	trials	36.0	15923.648847	15925.057804	15927.301911	15927.376175000001	15922.276828000002	15926.076933			2.0	1.0	0.0	3.0					
15930.605	5.7450000000008	trials	36.0	15932.556891	15933.474676000002	15936.072406000001	15936.450147000001	15928.825666	15933.465970000001			2.0		0.0	2.0					
15939.391	19.53399999999965	trials	36.0	15955.507526000001	15957.079408000001	15958.610934	15958.880982	15955.000768000002	15957.359103			3.0	1.0	0.0	3.0					
15960.94	10.734999999998763	trials	36.0	15967.388113	15969.037244000001	15970.000288000001	15970.252171	15966.731755	15969.322958	15970.54	15971.675	3.0	2.0	1.0	1.0					
15974.779	10.490999999999985	trials	36.0	15980.582459000001	15981.920671000002	15983.314265	15983.678002	15979.846862	15982.506597000001	15983.86	15985.27	2.0	1.0	1.0	1.0					
15989.315	9.394999999998618	trials	36.0	15995.203195000002	15996.719325000002			15994.493851000001	15996.712768000001			2.0		0.0	2.0					
16001.72	15.739999999999782	trials	36.0	16012.587772	16013.925013			16011.682559	16013.915331			2.0		0.0	2.0					
16017.919	48.925999999999476	trials	36.0	16064.133088	16065.589717	16066.4794	16066.945793	16063.212073	16065.925813000002			3.0	2.0	0.0	3.0					
16070.79	9.344999999999345	trials	36.0	16075.548368000002	16077.49687	16078.306967	16078.568993	16074.879869	16077.573462	16078.995	16080.135	3.0	2.0	1.0	1.0					
16083.216	58.818999999999505	trials	36.0	16137.984492000001	16139.569281	16141.846543000001	16142.134907000001	16137.256396	16139.557915000001			2.0		0.0	2.0					
16143.555	39.365999999999985	trials	36.0	16180.253443000001	16181.451168000001	16182.428166000002	16183.018604	16179.639217000002	16181.958193			3.0	2.0	0.0	3.0					
16185.77	26.796000000000276	trials	36.0	16209.183304	16210.657623000001	16211.256096000001	16211.651928000001	16208.321156000002	16210.648948000002			2.0		0.0	2.0					
16214.575	23.549999999999272	trials	36.0											0.0	0.0					
