onset	duration	nwb_table	block	tone_on_time	tone_off_time	action_on_time	action_off_time	pokeC_on_time	pokeC_off_time	reward_on_time	reward_off_time	state	action	reward	result	FinishedBlock	FirstTrial	LastTrial	RewardRule_L	RewardRule_R
3.768	499.095	BlockDesign														1.0	1.0	34.0	50.0	0.0
3.768	4.86	trials	1.0	4.853027000000002	6.858040000000002	7.891429000000002	8.708477000000002	0.12701000000000207	6.857482000000002			2.0	2.0	0.0	3.0					
10.233	8.95	trials	1.0	14.798284000000002	16.009807000000002	18.854012	19.214686	14.213612000000001	18.055247			2.0	1.0	0.0	3.0					
22.253	7.82	trials	1.0	24.433106000000002	26.272736000000002	29.036269	29.163802	23.772268	28.356899000000002			2.0	1.0	1.0	1.0					
34.513	22.760000000000005	trials	1.0	53.108062000000004	54.997079	56.44521400000001	57.357431000000005	52.332457000000005	55.659851			2.0	2.0	0.0	3.0					
59.75	8.067999999999998	trials	1.0	61.873760000000004	62.996418000000006	66.217072	66.41273	61.33849000000001	65.381102	66.883	67.818	2.0	1.0	1.0	1.0					
71.863	17.284999999999997	trials	1.0	85.705258	87.493568	88.820054	89.199415	84.93074899999999	88.055879			2.0	1.0	0.0	3.0					
91.23	5.477999999999994	trials	1.0	93.138715	94.68767199999999	95.80495	96.793277	91.561257	94.965729			2.0	2.0	0.0	3.0					
98.093	10.86099999999999	trials	1.0	101.744972	103.405042	107.136523	107.339327	101.100832	106.35582099999999	107.773	108.954	2.0	1.0	1.0	1.0					
113.013	24.164999999999992	trials	1.0	130.69354700000002	131.945132	135.386029	135.64870900000003	130.158622	134.56726300000003	136.028	137.178	2.0	1.0	1.0	1.0					
139.269	12.688999999999993	trials	1.0	147.40021000000002	148.520643	150.839604	152.042282	146.68339300000002	149.77317200000002			2.0	2.0	0.0	3.0					
153.183	7.585000000000008	trials	1.0	155.73354700000002	156.90508100000002	158.844512	158.97573100000002	154.93399000000002	158.06014000000002	159.483	160.768	2.0	1.0	1.0	1.0					
163.931	11.232	trials	1.0	171.634096	173.04429100000002	174.89275400000002	175.13259100000002	170.81707300000002	173.93688500000002			2.0	1.0	0.0	3.0					
178.168	7.989999999999981	trials	1.0	180.31388600000002	182.26084300000002	185.6176	186.235709	179.734426	184.810529			2.0	1.0	0.0	3.0					
190.143	12.555000000000007	trials	1.0	195.620393	197.21578300000002	201.697553	202.782575	194.864936	200.499749			2.0	2.0	0.0	3.0					
204.098	44.48999999999998	trials	1.0	243.84966100000003	245.69629700000002	246.888438	247.02919400000002	243.271802	246.17414200000002	247.673	248.588	2.0	1.0	1.0	1.0					
250.638	11.481000000000023	trials	1.0	256.379545	258.236789	260.995925	261.262786	255.819779	259.58615399999996			2.0	1.0	1.0	1.0					
264.518	15.479000000000042	trials	1.0	271.739054	273.659579	276.034454	276.244148	271.09795399999996	275.272045			2.0	1.0	0.0	3.0					
280.428	5.191000000000031	trials	1.0	282.246218	283.415905	284.62611799999996	285.704159	280.07405	283.75253799999996			2.0	2.0	0.0	3.0					
287.968	5.604999999999961	trials	1.0	290.13998899999996	292.110982	293.229968	293.35216399999996	289.35110499999996	292.534159			2.0	1.0	0.0	3.0					
295.61	14.907999999999959	trials	1.0	301.746307	304.03781	308.506783	310.60008799999997	301.101659	307.475861			2.0	2.0	0.0	3.0					
312.865	8.283000000000015	trials	1.0	315.706454	317.747487	319.39354399999996	319.598432	315.066169	318.665455	319.898	321.148	2.0	1.0	1.0	1.0					
324.209	12.894000000000005	trials	1.0	329.939737	331.91803999999996	335.220134	335.548525	329.373884	334.319014	335.928	337.103	2.0	1.0	1.0	1.0					
339.123	11.03000000000003	trials	1.0	345.33489199999997	346.93156	349.87141099999997	350.21729999999997	344.726434	348.968308			2.0	1.0	0.0	3.0					
352.188	8.850000000000023	trials	1.0	354.70601999999997	356.02302299999997	359.70055099999996	361.12429699999996	353.970844	358.688737			2.0	2.0	0.0	3.0					
363.098	6.805000000000007	trials	1.0	365.15461999999997	366.646509	368.25371	368.363812	364.417466	367.520453	368.988	369.903	2.0	1.0	1.0	1.0					
372.003	11.335000000000036	trials	1.0	378.909615	380.22674	382.91977299999996	383.42195599999997	377.972473	381.939817			2.0	1.0	0.0	3.0					
387.267	12.300999999999988	trials	1.0	393.239582	395.34169399999996	397.84128799999996	397.988537	392.282927	397.078922	398.454	399.568	2.0	1.0	1.0	1.0					
401.611	13.968000000000018	trials	1.0	410.399642	411.512071	414.65549699999997	414.740699	409.48678	413.69021799999996			2.0	2.0	0.0	3.0					
416.994	6.773999999999944	trials	1.0	419.045186	420.710205	422.008514	422.18965099999997	417.554915	421.276472	422.579	423.768	2.0	1.0	1.0	1.0					
425.788	10.170000000000016	trials	1.0	430.246741	431.472469	434.005502	434.26496599999996	429.682106	432.89173999999997	434.609	435.958	2.0	1.0	1.0	1.0					
440.003	8.781000000000006	trials	1.0	444.331792	445.636871	448.450633	448.69053099999996	443.50575499999997	447.490369			2.0	1.0	0.0	3.0					
451.861	10.437000000000012	trials	1.0	456.331459	457.79319999999996	461.978654	462.244732	455.523124	460.988873			2.0	1.0	0.0	3.0					
464.333	20.200999999999965	trials	1.0	479.569007	480.967021	482.764327	482.908505	478.801853	482.008849	483.473	484.534	2.0	1.0	1.0	1.0					
488.558	14.305000000000007	trials	1.0	496.135604	497.422555	500.942186	501.197482	495.16718299999997	500.017029	501.534	502.863	2.0	1.0	1.0	1.0					
506.039	298.384	BlockDesign														1.0	35.0	54.0	0.0	50.0
506.039	12.109000000000037	trials	2.0	511.280413	513.170864	515.909927	516.486359	510.387524	514.521281	516.673	518.148	3.0	2.0	1.0	1.0					
522.223	8.7650000000001	trials	2.0	525.150401	526.802258	528.9391800000001	531.0719190000001	524.6104200000001	527.990135			3.0	2.0	0.0	3.0					
531.295	10.932999999999993	trials	2.0	537.2752	538.6284290000001	541.6348310000001	542.3118860000001	536.4252590000001	540.369763			3.0	2.0	0.0	3.0					
543.988	6.255999999999972	trials	2.0	545.9761560000001	547.1994060000001	549.962479	550.177267	544.9406590000001	549.2095410000001			3.0	1.0	0.0	3.0					
552.253	10.905999999999949	trials	2.0	556.507028	557.6376720000001	561.302984	561.66875	555.930737	560.3253440000001	561.884	563.159	3.0	2.0	1.0	1.0					
567.25	8.525999999999954	trials	2.0	570.940769	572.692412	574.808029	575.862196	570.0361760000001	573.900698			3.0	2.0	0.0	3.0					
578.161	35.90700000000004	trials	2.0	610.820599	612.607331	613.717672	613.97396	610.0264860000001	612.860482			3.0	2.0	0.0	3.0					
616.079	11.024000000000001	trials	2.0	622.910327	624.1774230000001	625.431175	625.7610990000001	622.1879720000001	624.7717640000001	626.048	627.103	3.0	2.0	1.0	1.0					
630.123	15.349999999999909	trials	2.0	642.285416	643.393579	644.6562240000001	645.556021	641.598194	643.918616			3.0	2.0	0.0	3.0					
647.033	4.7549999999999955	trials	2.0	649.042904	650.3342560000001	651.521288	651.729046	648.2638400000001	650.907134			3.0	1.0	0.0	3.0					
653.798	8.460000000000036	trials	2.0	657.8323210000001	659.642924	661.1193900000001	662.3456550000001	656.8608230000001	660.2697420000001			3.0	2.0	0.0	3.0					
665.468	7.61099999999999	trials	2.0	668.3514200000001	670.268981	671.4205770000001	671.652421	667.7157990000001	670.811	672.233	673.079	3.0	2.0	1.0	1.0					
676.172	19.775999999999954	trials	2.0	691.4317470000001	693.4769120000001	694.285258	694.682552	690.7824870000001	693.669484	694.918	695.948	3.0	2.0	1.0	1.0					
700.003	22.03099999999995	trials	2.0	718.417864	719.8928970000001	721.0699370000001	722.1209110000001	717.8542550000001	720.3729900000001			3.0	2.0	0.0	3.0					
723.463	5.650000000000091	trials	2.0	726.076396	727.6809790000001	728.796233	728.9621530000001	725.170066	728.101354			3.0	1.0	0.0	3.0					
731.19	10.372999999999934	trials	2.0	734.7326790000001	736.113055	739.6826040000001	740.170742	734.119577	738.637681	740.363	741.563	3.0	2.0	1.0	1.0					
743.625	21.898000000000025	trials	2.0	760.672045	761.987876	763.6975950000001	764.109604	759.690091	762.752239	764.298	765.523	3.0	2.0	1.0	1.0					
769.553	16.664999999999964	trials	2.0	782.127334	783.782411	785.076542	786.302536	781.576129	784.377823			3.0	2.0	0.0	3.0					
788.408	5.360000000000014	trials	2.0	790.3729400000001	791.663765	792.900244	793.8521330000001	788.990716	792.091118			3.0	2.0	0.0	3.0					
795.248	9.174999999999955	trials	2.0	799.4062170000001	801.39724	802.594994	802.9724160000001	798.6501350000001	801.8355680000001	803.208	804.423	3.0	2.0	1.0	1.0					
807.444	2482.534	BlockDesign														1.0	55.0	202.0	50.0	50.0
807.444	18.204000000000065	trials	3.0	821.692669	822.8279540000001	825.3632	825.5814640000001	820.838603	824.54447			2.0	1.0	0.0	3.0					
827.674	5.574000000000069	trials	3.0	829.333031	830.627428	832.0600400000001	833.3342160000001	828.05822	831.178795			2.0	2.0	0.0	3.0					
835.41	14.343000000000075	trials	3.0	844.6828340000001	846.0186990000001	848.728918	848.907967	843.8620440000001	847.9580970000001			2.0	1.0	1.0	1.0					
852.266	23.038999999999987	trials	3.0	870.811733	871.953289	873.5829560000001	873.827255	870.02506	872.767675	874.288	875.305	2.0	1.0	1.0	1.0					
877.323	19.975000000000023	trials	3.0	892.293673	894.040106	895.450813	895.6637770000001	891.469865	894.491341	896.003	897.298	3.0	2.0	1.0	1.0					
901.39	9.519000000000005	trials	3.0	905.352058	906.8216180000001	908.7392100000001	909.147592	904.627931	907.695289	909.333	910.909	3.0	2.0	1.0	1.0					
913.997	13.381000000000085	trials	3.0	922.6967870000001	923.9036040000001	926.196574	927.4661030000001	921.8958620000001	925.184603			3.0	2.0	0.0	3.0					
930.597	29.260999999999967	trials	3.0	953.402195	955.009226	956.943566	957.794422	952.5757070000001	956.023144			3.0	2.0	0.0	3.0					
961.318	4.644999999999982	trials	3.0	963.357376	964.7633370000001	965.529485	966.051131	959.943157	964.913441			3.0	2.0	0.0	3.0					
967.848	11.261000000000081	trials	3.0	973.772506	975.6057440000001	977.738377	979.194755	973.092848	976.857475			3.0	2.0	0.0	3.0					
980.143	21.442000000000007	trials	3.0	996.732244	998.599144	1001.164699	1001.6732390000001	996.125701	1000.326257			3.0	1.0	0.0	3.0					
1004.516	14.757000000000062	trials	3.0	1013.4424160000001	1014.599378	1018.254541	1018.4304470000001	1012.647179	1017.432503			2.0	1.0	0.0	3.0					
1021.601	8.861999999999966	trials	3.0	1024.753004	1025.941462	1028.859497	1029.017641	1024.146613	1028.059495	1029.363	1030.463	2.0	1.0	1.0	1.0					
1033.553	23.684999999999945	trials	3.0	1051.5976719999999	1052.729692	1055.238568	1055.7818359999999	1050.5917279999999	1054.0831839999998	1055.888	1057.238	3.0	2.0	1.0	1.0					
1061.26	16.66300000000001	trials	3.0	1073.312569	1075.170598	1077.122909	1078.010393	1072.388324	1075.99903			2.0	2.0	0.0	3.0					
1079.509	6.429000000000087	trials	3.0	1081.392819	1082.669115	1084.306169	1084.448024	1080.7325899999998	1083.540197	1085.103	1085.938	2.0	1.0	1.0	1.0					
1087.988	20.215999999999894	trials	3.0	1103.084204	1104.222069	1106.565535	1106.7516409999998	1102.3966309999998	1105.765559	1107.298	1108.204	2.0	1.0	1.0	1.0					
1111.235	26.743000000000166	trials	3.0	1133.128493	1134.964597	1136.167565	1136.59141	1132.608493	1135.3243089999999	1136.784	1137.978	3.0	2.0	1.0	1.0					
1141.083	17.439999999999827	trials	3.0	1154.093762	1155.737819	1156.8058449999999	1157.05028	1153.220451	1155.9953229999999	1157.543	1158.523	2.0	1.0	1.0	1.0					
1160.588	10.56899999999996	trials	3.0	1166.853676	1168.454744	1170.754927	1171.1763549999998	1166.334923	1169.03749			3.0	2.0	0.0	3.0					
1174.083	5.059999999999945	trials	3.0	1176.093392	1177.7495569999999	1178.880663	1179.149884	1174.597301	1178.0878579999999			2.0	1.0	0.0	3.0					
1181.219	13.1099999999999	trials	3.0	1187.3281299999999	1189.189745	1193.463896	1194.417996	1186.383498	1192.287817			2.0	2.0	0.0	3.0					
1197.738	9.069999999999936	trials	3.0	1201.3185859999999	1202.921347	1204.8197539999999	1205.2417209999999	1200.4318879999998	1203.8342719999998	1205.503	1206.808	3.0	2.0	1.0	1.0					
1210.833	9.245999999999867	trials	3.0	1218.09981	1218.160259			1217.2112089999998	1218.156166			3.0		0.0	2.0					
1222.088	5.6749999999999545	trials	3.0	1224.058634	1225.3120749999998	1226.3464629999999	1227.8507949999998	1218.264254	1225.67608			2.0	2.0	0.0	3.0					
1229.628	27.781000000000176	trials	3.0	1252.983217	1254.885752	1256.434814	1257.494675	1252.315955	1255.525439			3.0	2.0	0.0	3.0					
1259.738	5.835000000000036	trials	3.0	1261.3894719999998	1263.363635	1264.500965	1265.6589139999999	1260.0135759999998	1263.559988			3.0	2.0	0.0	3.0					
1268.773	12.0150000000001	trials	3.0	1273.714444	1275.654959	1278.833363	1279.2923449999998	1273.062542	1276.845408	1279.418	1280.788	3.0	2.0	1.0	1.0					
1284.86	18.16800000000012	trials	3.0	1296.563471	1298.150905	1301.032961	1301.284109	1295.995915	1300.162584	1301.673	1303.028	2.0	1.0	1.0	1.0					
1305.058	14.875	trials	3.0	1316.064236	1316.1154569999999			1315.1819289999999	1316.1120529999998			3.0		0.0	2.0					
1320.172	24.240999999999985	trials	3.0	1339.533772	1340.712085	1342.5746319999998	1342.7926089999999	1338.9839929999998	1341.796277	1343.261	1344.413	2.0	1.0	1.0	1.0					
1347.43	10.462999999999965	trials	3.0	1353.634492	1355.116431	1357.5760579999999	1357.9571919999998	1352.9577279999999	1356.667592			2.0	1.0	0.0	3.0					
1361.903	9.434999999999945	trials	3.0	1363.5005409999999	1364.8107639999998	1369.392226	1369.775897	1362.992699	1367.5331079999999	1369.958	1371.338	3.0	2.0	1.0	1.0					
1373.485	13.2650000000001	trials	3.0	1380.3355999999999	1381.440187	1384.701995	1385.1360339999999	1379.725471	1383.630898	1385.258	1386.75	2.0	1.0	1.0	1.0					
1389.782	67.32799999999997	trials	3.0	1430.7111639999998	1432.2193089999998	1456.719003	1457.1791349999999	1429.727207	1432.6141539999999			3.0	2.0	0.0	3.0					
1459.043	5.350000000000136	trials	3.0	1460.8797319999999	1462.571504	1464.074647	1464.220814	1459.467709	1463.3620549999998			3.0	1.0	0.0	3.0					
1468.403	11.394999999999982	trials	3.0	1473.724334	1475.311084	1479.0478429999998	1479.8845	1472.8981099999999	1477.814081			2.0	2.0	0.0	3.0					
1481.378	9.585000000000036	trials	3.0	1486.44911	1488.2080549999998	1490.6436669999998	1490.966801	1485.716891	1489.844081			3.0	1.0	0.0	3.0					
1494.003	6.685000000000173	trials	3.0	1495.8949719999998	1497.20995	1499.773858	1500.777812	1494.7600149999998	1498.709155			2.0	2.0	0.0	3.0					
1503.111	6.382999999999811	trials	3.0	1505.404202	1506.90158	1509.214685	1509.4276579999998	1504.6424359999999	1508.541321			2.0	1.0	0.0	3.0					
1512.504	17.934000000000196	trials	3.0	1524.609458	1525.737874	1528.6716219999998	1528.962773	1523.628215	1527.895031	1529.284	1530.438	2.0	1.0	1.0	1.0					
1533.518	57.08999999999992	trials	3.0	1585.119539	1586.579062	1587.8973529999998	1588.081266	1584.314165	1587.147016			2.0	1.0	0.0	3.0					
1592.238	4.894999999999982	trials	3.0	1594.001519	1595.128385	1596.040789	1596.2350299999998	1590.695428	1595.1222349999998			3.0		0.0	2.0					
1600.138	14.105999999999995	trials	3.0	1607.725256	1609.2605119999998	1612.172519	1612.71121	1606.948702	1611.0852499999999	1612.963	1614.244	3.0	2.0	1.0	1.0					
1616.325	12.168999999999869	trials	3.0	1622.635499	1624.2365889999999	1627.159298	1628.584954	1622.044698	1626.052096			2.0	2.0	0.0	3.0					
1629.438	11.774999999999864	trials	3.0	1634.6717919999999	1636.451816	1639.2153039999998	1639.6074939999999	1634.049896	1638.3077799999999	1640.159	1641.213	3.0	2.0	1.0	1.0					
1643.25	13.738000000000056	trials	3.0	1651.560289	1653.233	1656.253943	1657.076057	1651.038247	1654.801238			3.0	2.0	0.0	3.0					
1660.549	8.009000000000015	trials	3.0	1663.7705899999999	1665.321808	1668.254221	1668.499576	1662.9844779999999	1667.458664			2.0	1.0	0.0	3.0					
1672.644	7.7590000000000146	trials	3.0	1674.570215	1676.173564	1679.6795829999999	1680.477034	1673.7570289999999	1677.977183			2.0	2.0	0.0	3.0					
1682.424	15.923999999999978	trials	3.0	1691.4753039999998	1692.8435029999998	1696.503563	1696.749277	1690.75792	1695.681548	1697.043	1698.348	2.0	1.0	1.0	1.0					
1701.365	16.66300000000001	trials	3.0	1711.1860689999999	1712.604652	1717.1446489999998	1718.118331	1710.618982	1715.642641			3.0	2.0	0.0	3.0					
1721.458	10.91099999999983	trials	3.0	1726.735391	1728.576764	1730.573185	1730.8793269999999	1725.856343	1729.827359	1731.188	1732.369	2.0	1.0	1.0	1.0					
1734.407	20.55600000000004	trials	3.0	1746.752456	1747.8025089999999	1752.915912	1753.3471029999998	1746.218527	1750.917745	1753.619	1754.963	3.0	2.0	1.0	1.0					
1756.979	11.93899999999985	trials	3.0	1763.4623319999998	1765.8622249999999	1767.489257	1769.008195	1762.587344	1766.3400829999998			3.0	2.0	0.0	3.0					
1770.827	6.295000000000073	trials	3.0	1773.160676	1774.577206	1776.766292	1777.053637	1772.554627	1776.05206			2.0	1.0	0.0	3.0					
1780.044	9.213999999999942	trials	3.0	1782.002239	1783.4645859999998	1787.206186	1787.6340309999998	1781.16218	1785.2753539999999	1787.994	1789.258	3.0	2.0	1.0	1.0					
1792.408	12.4050000000002	trials	3.0	1799.3556859999999	1800.849098	1803.802213	1804.2386629999999	1798.797541	1801.9488529999999			3.0	2.0	1.0	1.0					
1807.263	13.790000000000191	trials	3.0	1815.780826	1817.6492469999998	1820.1312699999999	1821.1445469999999	1814.858383	1818.211765			2.0	2.0	0.0	3.0					
1824.473	9.049999999999955	trials	3.0	1827.8918529999999	1829.2085359999999	1831.450564	1831.939879	1826.9304789999999	1830.601136	1832.163	1833.523	3.0	2.0	1.0	1.0					
1836.549	10.754000000000133	trials	3.0	1841.4764269999998	1842.578151	1845.755416	1847.3950969999999	1840.8392529999999	1843.900142			3.0	2.0	0.0	3.0					
1849.083	14.964999999999918	trials	3.0	1860.3305329999998	1862.010659	1863.724211	1863.97361	1859.5667409999999	1862.945597			2.0	1.0	0.0	3.0					
1868.068	12.585000000000036	trials	3.0	1872.052093	1873.66354	1879.807286	1880.716381	1871.1199299999998	1877.212681			2.0	2.0	0.0	3.0					
1882.724	13.09900000000016	trials	3.0	1890.8270269999998	1891.879627	1894.092794	1894.235756	1890.2881089999998	1893.2904919999999	1894.838	1895.823	2.0	1.0	1.0	1.0					
1897.913	11.705999999999904	trials	3.0	1903.316549	1905.117767	1907.8506009999999	1909.71191	1902.769752	1906.017631			3.0	2.0	0.0	3.0					
1912.168	108.69000000000005	trials	3.0	2017.132472	2018.8027789999999	2020.285525	2020.949171	2016.260785	2019.592885			2.0	1.0	0.0	3.0					
2022.583	12.875	trials	3.0	2029.798573	2031.7494339999998	2033.342905	2033.8165299999998	2029.054972	2032.4771859999998	2033.958	2035.458	3.0	2.0	1.0	1.0					
2039.503	10.955000000000155	trials	3.0	2044.742074	2046.653644	2049.6401290000003	2050.54936	2043.895859	2048.7126710000002			2.0	2.0	0.0	3.0					
2051.958	20.23999999999978	trials	3.0	2067.9516320000002	2069.7161370000003	2071.6321430000003	2072.2873990000003	2067.109789	2070.888038			2.0	1.0	0.0	3.0					
2075.003	7.0909999999998945	trials	3.0	2077.041854	2078.34467	2080.0334030000004	2080.50374	2075.499844	2078.7367010000003	2080.599	2082.094	3.0	2.0	1.0	1.0					
2085.258	13.236000000000331	trials	3.0	2092.879225	2094.203669	2097.139663	2098.5877250000003	2092.333454	2095.6236120000003			3.0	2.0	0.0	3.0					
2100.418	30.19499999999971	trials	3.0	2126.9374460000004	2128.045262	2130.064429	2130.7018470000003	2125.9701720000003	2128.8269990000003			3.0	2.0	0.0	3.0					
2132.42	14.123000000000047	trials	3.0	2139.937304	2141.05058	2144.603102	2145.057374	2139.258926	2143.8140310000003	2145.329	2146.543	2.0	1.0	1.0	1.0					
2149.631	9.912000000000262	trials	3.0	2154.1922710000003	2155.961347	2159.090122	2159.633768	2153.6641830000003	2158.296494			2.0	1.0	0.0	3.0					
2161.378	9.609999999999673	trials	3.0	2163.972949	2165.2392670000004	2168.8204960000003	2169.3069170000003	2163.240217	2166.84602	2169.518	2170.988	3.0	2.0	1.0	1.0					
2175.144	9.769000000000233	trials	3.0	2179.8271710000004	2180.894768	2183.7511280000003	2185.007453	2178.8681100000003	2182.664648			2.0	2.0	0.0	3.0					
2186.113	14.269999999999982	trials	3.0	2194.832284	2196.525893	2199.9241140000004	2200.4003110000003	2193.901298	2199.035375			2.0	1.0	0.0	3.0					
2203.458	14.299999999999727	trials	3.0	2211.9379040000003	2213.7598620000003	2215.7975530000003	2216.1679470000004	2211.1248410000003	2214.2862870000004	2216.568	2217.758	3.0	2.0	1.0	1.0					
2220.848	13.771000000000186	trials	3.0	2225.956639	2227.803473	2232.8598030000003	2234.710501	2224.952858	2230.2045500000004			3.0	2.0	0.0	3.0					
2235.119	13.009000000000015	trials	3.0	2243.407862	2244.7793020000004	2246.370506	2246.531933	2242.889638	2245.6314300000004	2247.128	2248.128	2.0	1.0	1.0	1.0					
2252.188	11.275000000000091	trials	3.0	2257.5591360000003	2259.9977710000003	2262.6766700000003	2263.55377	2256.6327100000003	2260.666091			3.0	2.0	0.0	3.0					
2265.013	36.35600000000022	trials	3.0	2296.2331200000003	2297.8756510000003	2299.663496	2299.8474880000003	2295.545837	2299.00631	2300.217	2301.369	2.0	1.0	1.0	1.0					
2303.449	11.364000000000033	trials	3.0	2310.5766820000003	2312.0103050000002	2314.38841	2314.904387	2309.73232	2313.594858			2.0	1.0	0.0	3.0					
2317.738	6.039999999999964	trials	3.0	2319.718601	2321.542027	2323.471814	2323.583627	2318.122721	2322.776488			2.0	1.0	0.0	3.0					
2327.788	13.365999999999985	trials	3.0	2335.7185320000003	2337.1158720000003	2340.2179880000003	2341.247977	2334.980966	2338.2647650000004			3.0	2.0	0.0	3.0					
2344.594	11.900000000000091	trials	3.0	2350.939592	2352.317641	2354.4595240000003	2354.9121010000003	2349.994955	2353.54673	2355.018	2356.494	3.0	2.0	1.0	1.0					
2359.518	11.476000000000113	trials	3.0	2364.3582570000003	2365.914799	2369.817611	2371.0826660000002	2363.580907	2366.94599			2.0	2.0	0.0	3.0					
2373.125	19.82900000000018	trials	3.0	2388.4836210000003	2389.940195	2391.981373	2393.0471390000002	2387.719204	2391.1209820000004			3.0	2.0	0.0	3.0					
2394.364	8.909000000000106	trials	3.0	2398.394275	2399.518489	2401.352692	2401.7391190000003	2397.406814	2400.56741	2401.978	2403.273	3.0	2.0	1.0	1.0					
2407.318	14.099999999999909	trials	3.0	2413.693807	2414.8616540000003	2419.182725	2419.6309920000003	2412.998993	2416.771874	2419.909	2421.418	3.0	2.0	1.0	1.0					
2423.549	9.945000000000164	trials	3.0	2428.6207520000003	2430.189835	2433.165113	2435.669363	2427.8371300000003	2432.086103			2.0	2.0	0.0	3.0					
2435.563	12.141000000000076	trials	3.0	2444.083373	2445.770012	2447.263352	2447.7967390000003	2443.298051	2446.501334			2.0	1.0	0.0	3.0					
2450.589	12.483999999999924	trials	3.0	2454.4389650000003	2455.920596	2462.2243120000003	2463.166298	2453.834593	2458.0215860000003			3.0	2.0	0.0	3.0					
2464.549	30.68899999999985	trials	3.0	2492.2240580000002	2493.535952	2494.7821910000002	2495.332766	2491.308505	2494.099373			2.0	1.0	0.0	3.0					
2498.174	13.248999999999796	trials	3.0	2504.459887	2505.785753	2509.1277440000003	2509.6162	2503.757384	2507.039644	2509.843	2511.423	3.0	2.0	1.0	1.0					
2515.443	10.209999999999582	trials	3.0	2519.800423	2521.3007230000003	2524.0005920000003	2525.7463430000003	2519.2662600000003	2522.858983			3.0	2.0	0.0	3.0					
2527.405	36.927999999999884	trials	3.0	2559.064328	2561.133788	2562.611773	2562.8482200000003	2558.179525	2561.854703	2563.199	2564.333	2.0	1.0	1.0	1.0					
2567.363	10.330000000000382	trials	3.0	2573.190211	2574.3288420000003	2576.809909	2577.7874610000003	2572.5590070000003	2575.734931			2.0	2.0	0.0	3.0					
2579.133	13.401000000000295	trials	3.0	2587.6144400000003	2589.1828370000003	2591.704298	2592.623932	2586.750661	2590.621966			3.0	2.0	0.0	3.0					
2594.033	15.74499999999989	trials	3.0	2605.6142560000003	2606.8361280000004	2607.9010740000003	2608.27011	2604.6076580000004	2607.1984890000003	2608.494	2609.778	3.0	2.0	1.0	1.0					
2612.814	10.564000000000306	trials	3.0	2617.5511840000004	2618.831156	2621.4703950000003	2621.646466	2616.892624	2620.589276	2622.113	2623.378	2.0	1.0	1.0	1.0					
2627.398	29.80600000000004	trials	3.0	2652.1146120000003	2653.541783	2656.6704200000004	2657.296178	2651.5825560000003	2654.845154			3.0	2.0	0.0	3.0					
2659.077	6.0659999999998035	trials	3.0	2662.0246070000003	2663.451266	2664.8250740000003	2665.194958	2661.431003	2664.07546			2.0	1.0	0.0	3.0					
2669.095	9.468000000000302	trials	3.0	2671.555573	2672.707174	2676.3764800000004	2676.876718	2670.633353	2673.70599	2676.928	2678.563	3.0	2.0	1.0	1.0					
2681.713	13.230999999999767	trials	3.0	2687.810246	2689.481705	2693.713718	2695.0363730000004	2687.2041510000004	2691.0417230000003			2.0	2.0	0.0	3.0					
2697.028	8.178000000000338	trials	3.0	2701.591597	2703.061999	2704.8304820000003	2705.222648	2700.811948	2703.9385310000002			2.0	1.0	0.0	3.0					
2707.143	9.275000000000091	trials	3.0	2709.864869	2711.938232	2715.100229	2715.636325	2709.052999	2712.962716			3.0	2.0	1.0	1.0					
2718.658	12.075000000000273	trials	3.0	2726.954831	2728.218343	2730.473801	2733.1846990000004	2726.1678500000003	2729.1588690000003			2.0	2.0	0.0	3.0					
2732.784	14.128999999999905	trials	3.0	2740.600456	2742.4602010000003	2744.938921	2745.148037	2739.604613	2744.1346080000003	2745.659	2746.913	2.0	1.0	1.0	1.0					
2750.073	12.650000000000091	trials	3.0	2756.0153010000004	2757.8268080000003	2761.6115240000004	2762.817695	2755.299355	2759.214812			3.0	2.0	0.0	3.0					
2765.948	6.900000000000091	trials	3.0	2767.7849140000003	2769.6306280000003	2770.844168	2771.3033210000003	2766.22274	2770.0730980000003	2771.443	2772.848	3.0	2.0	1.0	1.0					
2776.908	16.230000000000018	trials	3.0	2786.2050120000004	2787.8834610000004	2791.377833	2793.233117	2785.6471060000003	2789.118343			3.0	2.0	0.0	3.0					
2794.719	6.498999999999796	trials	3.0	2796.945322	2798.6409550000003	2800.6992010000004	2801.312872	2795.9813430000004	2799.969004			2.0	1.0	0.0	3.0					
2804.97	5.8279999999999745	trials	3.0	2806.756958	2808.501757	2809.907732	2810.8915220000004	2805.2350020000003	2809.3005070000004			2.0	2.0	0.0	3.0					
2812.172	22.990999999999985	trials	3.0	2831.28029	2833.207072	2834.7364430000002	2835.256535	2830.477765	2834.004715			2.0	1.0	0.0	3.0					
2839.109	6.970000000000255	trials	3.0	2840.990605	2842.879598	2844.14071	2844.512662	2839.316221	2843.3722460000004	2844.723	2846.079	3.0	2.0	1.0	1.0					
2849.098	13.625	trials	3.0	2856.045016	2857.332742	2861.073674	2862.817861	2855.255107	2859.531859			3.0	2.0	0.0	3.0					
2864.008	11.045000000000073	trials	3.0	2870.025571	2871.4690640000003	2873.2866590000003	2873.4801380000004	2869.278214	2872.496564	2873.918	2875.053	2.0	1.0	1.0	1.0					
2878.113	13.664999999999964	trials	3.0	2884.6511600000003	2886.65738	2889.623981	2890.048961	2883.916243	2887.672904	2890.268	2891.778	3.0	2.0	1.0	1.0					
2894.86	12.627999999999702	trials	3.0	2900.636798	2902.5130510000004	2906.4124380000003	2907.5837810000003	2899.94896	2903.1608570000003			2.0	2.0	0.0	3.0					
2908.723	9.2800000000002	trials	3.0	2913.670247	2915.619152	2917.079224	2918.100254	2912.911163	2916.239231			3.0	2.0	0.0	3.0					
2921.407	8.286000000000058	trials	3.0	2923.995926	2925.578806	2927.6628530000003	2927.94452	2923.233377	2926.808515	2928.253	2929.693	3.0	2.0	1.0	1.0					
2932.843	17.460000000000036	trials	3.0	2941.6961690000003	2943.0687580000003	2947.0292670000003	2948.413832	2940.9324610000003	2945.084386			3.0	2.0	0.0	3.0					
2951.338	5.7199999999998	trials	3.0	2953.0121510000004	2955.062042	2956.031833	2956.1589000000004	2950.397374	2955.3112720000004			2.0	1.0	1.0	1.0					
2960.61	10.182999999999993	trials	3.0	2967.177611	2969.187503	2970.4871780000003	2970.861101	2966.554352	2969.6952220000003			3.0	1.0	0.0	3.0					
2972.869	7.574000000000069	trials	3.0	2974.6076620000003	2976.1128350000004	2978.6698530000003	2978.7793220000003	2973.427111	2977.913069	2979.269	2980.443	2.0	1.0	1.0	1.0					
2982.532	10.763999999999669	trials	3.0	2989.4957090000003	2991.350225	2992.979389	2993.3860790000003	2988.6547	2992.182964			2.0	1.0	0.0	3.0					
2995.228	8.569999999999709	trials	3.0	2997.467537	2999.012753	3001.6653650000003	3002.121651	2996.8628820000004	3000.1347140000003	3002.233	3003.798	3.0	2.0	1.0	1.0					
3006.884	11.768999999999778	trials	3.0	3012.4062630000003	3013.9414380000003	3017.493671	3018.746705	3011.5170150000004	3014.947749			2.0	2.0	0.0	3.0					
3019.783	13.421000000000276	trials	3.0	3027.7065190000003	3029.66771	3031.193213	3031.5884	3027.1135910000003	3030.451685	3031.768	3033.204	3.0	2.0	1.0	1.0					
3036.25	10.268000000000029	trials	3.0	3041.0123780000004	3042.8712130000004	3045.325592	3045.363791	3040.1919700000003	3043.907579			2.0	2.0	0.0	3.0					
3048.643	17.610000000000127	trials	3.0	3061.9329669999997	3063.423127	3064.9877469999997	3066.282697	3061.285398	3064.05134			3.0	2.0	0.0	3.0					
3068.384	7.1590000000001055	trials	3.0	3070.393027	3071.8897709999997	3073.574968	3073.775217	3069.552205	3072.971001	3074.223	3075.543	3.0	2.0	1.0	1.0					
3077.563	16.730000000000018	trials	3.0	3089.1579509999997	3090.679615	3092.448235	3092.735709	3088.620977	3091.6456869999997	3093.308	3094.293	2.0	1.0	1.0	1.0					
3098.333	15.804999999999836	trials	3.0	3109.189942	3110.365279	3112.32949	3112.491873	3108.193973	3111.595908	3112.973	3114.138	2.0	1.0	1.0	1.0					
3118.219	9.166000000000167	trials	3.0	3123.488602	3125.486331	3126.583177	3127.4136829999998	3122.484935	3125.8281899999997			3.0	2.0	0.0	3.0					
3129.032	4.205999999999676	trials	3.0	3130.899802	3132.169984	3132.919114	3133.1353369999997	3129.9929589999997	3132.2017			2.0	1.0	0.0	3.0					
3135.246	9.281999999999698	trials	3.0	3140.092999	3142.178427	3143.992887	3144.554806	3139.3149759999997	3143.075955			2.0	1.0	0.0	3.0					
3147.344	13.00500000000011	trials	3.0	3155.368789	3156.510956	3158.528389	3158.7248329999998	3154.7367879999997	3157.824999	3159.253	3160.349	2.0	1.0	1.0	1.0					
3162.438	12.699999999999818	trials	3.0	3168.308031	3170.385993	3172.812388	3173.270181	3167.4054819999997	3170.770239	3173.524	3175.138	3.0	2.0	1.0	1.0					
3178.16	17.827999999999975	trials	3.0	3188.503809	3190.0773759999997	3192.181974	3192.632536	3187.9346189999997	3191.27933			2.0	1.0	0.0	3.0					
3196.61	4.907999999999902	trials	3.0	3198.218478	3199.46513	3200.5290489999998	3201.545597	3196.016001	3199.626913			3.0	2.0	0.0	3.0					
3202.913	8.5	trials	3.0	3206.129005	3207.9745589999998	3209.61132	3209.774157	3205.4767389999997	3208.852109	3210.189	3211.413	2.0	1.0	1.0	1.0					
3214.433	15.625	trials	3.0	3222.694248	3224.6313809999997	3228.3200859999997	3230.085192	3221.695957	3225.6549379999997			3.0	2.0	0.0	3.0					
3232.659	7.0	trials	3.0	3234.444348	3236.230252	3237.509019	3237.992224	3233.24143	3236.77434	3238.263	3239.659	3.0	2.0	1.0	1.0					
3243.744	12.789999999999964	trials	3.0	3249.71378	3251.72019	3254.533636	3256.561275	3249.1677849999996	3252.521502			3.0	2.0	0.0	3.0					
3257.869	9.018999999999778	trials	3.0	3262.3342	3263.880118	3264.834168	3265.322865	3261.525998	3264.2416479999997	3265.648	3266.888	3.0	2.0	1.0	1.0					
3268.985	12.009000000000015	trials	3.0	3276.864181	3278.9027429999996	3280.623438	3280.746126	3276.14545	3279.798759			2.0	1.0	0.0	3.0					
3283.07	6.907999999999902	trials	3.0	3285.994327	3287.882493	3289.841794	3290.0049129999998	3285.228358	3289.090817			2.0	1.0	0.0	3.0					
3294.314	101.48399999999992	BlockDesign														1.0	203.0	208.0	0.0	0.0
3294.314	12.390000000000327	trials	4.0	3300.798874	3302.176348	3306.254713	3306.728272	3300.111292	3305.259506			2.0	1.0	0.0	3.0					
3310.584	7.739000000000033	trials	4.0	3312.365677	3314.266381	3316.9767939999997	3318.351333	3310.617615	3315.9514639999998			2.0	2.0	0.0	3.0					
3321.458	24.3449999999998	trials	4.0	3342.1643919999997	3343.969854	3345.47559	3345.670752	3341.448736	3344.7717509999998			2.0	1.0	0.0	3.0					
3349.863	5.466000000000349	trials	4.0	3351.860616	3353.350614			3350.027855	3353.342604			2.0		0.0	2.0					
3360.343	28.725000000000364	trials	4.0	3383.319967	3385.164648	3388.11517	3389.094409	3382.518796	3387.170113			2.0	2.0	0.0	3.0					
3391.598	4.199999999999818	trials	4.0	3393.394258	3394.906828	3395.708781	3395.810908	3391.862264	3395.103471			2.0	1.0	0.0	3.0					
3399.063	104.98999999999978	BlockDesign														1.0	209.0	213.0	0.0	0.0
3399.063	11.096000000000004	trials	5.0	3403.825098	3405.5610779999997	3408.6116739999998	3410.187485	3402.896842	3406.5943829999997			3.0	2.0	0.0	3.0					
3412.05	6.663000000000011	trials	5.0	3415.610955	3416.85991	3418.034722	3418.742347	3414.798643	3417.4725089999997			3.0	2.0	0.0	3.0					
3422.388	59.710000000000036	trials	5.0	3478.354554	3479.53572	3481.698276	3481.9557729999997	3477.584104	3480.779506			3.0	2.0	0.0	3.0					
3486.128	12.951000000000022	trials	5.0	3491.084947	3492.5687639999996	3494.9213339999997	3494.973114	3490.521832	3493.903164			3.0	2.0	0.0	3.0					
3499.282	4.770999999999731	trials	5.0	3501.300042	3503.091744	3503.9130729999997	3504.4988679999997	3499.109905	3503.247277			3.0	2.0	0.0	3.0					
3507.449	1509.7139999999995	BlockDesign														1.0	214.0	306.0	50.0	50.0
3507.449	11.56899999999996	trials	6.0	3512.1654129999997	3513.356401	3516.9777489999997	3517.4354639999997	3511.25524	3515.4265619999996	3517.698	3519.018	3.0	2.0	1.0	1.0					
3523.139	13.278999999999996	trials	6.0	3530.575965	3532.282851	3534.4774319999997	3534.708867	3530.040747	3533.659048	3535.119	3536.418	2.0	1.0	1.0	1.0					
3538.438	10.789999999999964	trials	6.0	3545.401942	3546.620625	3548.737137	3549.2575229999998	3544.848416	3547.932715			2.0	1.0	0.0	3.0					
3551.138	7.430000000000291	trials	6.0	3553.255329	3554.3962229999997	3557.137187	3558.594811	3552.4011729999997	3555.493654			3.0	2.0	0.0	3.0					
3559.598	9.420000000000073	trials	6.0	3564.170143	3565.680853	3568.259269	3569.049615	3563.443905	3566.886541			3.0	2.0	0.0	3.0					
3571.583	8.110000000000127	trials	6.0	3575.310447	3577.2824229999997	3579.153099	3579.7227629999998	3574.440827	3578.406			2.0	1.0	0.0	3.0					
3583.534	8.489000000000033	trials	6.0	3585.880275	3587.551145	3589.9780389999996	3590.4395569999997	3585.2486289999997	3588.165441	3590.643	3592.023	3.0	2.0	1.0	1.0					
3595.183	13.101000000000113	trials	6.0	3602.575798	3604.647348	3606.474484	3606.640677	3601.795328	3605.719767	3607.103	3608.284	2.0	1.0	1.0	1.0					
3611.338	10.490999999999985	trials	6.0	3617.035651	3618.235537	3620.008138	3620.2086019999997	3616.198273	3619.178367	3620.643	3621.829	2.0	1.0	1.0	1.0					
3623.891	9.541999999999916	trials	6.0	3629.5858319999998	3630.6228419999998	3633.108838	3633.2972609999997	3628.888855	3632.261727			2.0	1.0	0.0	3.0					
3636.469	9.735000000000127	trials	6.0	3638.571322	3639.818837	3643.9032819999998	3644.4061349999997	3637.7143779999997	3641.7285699999998	3644.598	3646.204	3.0	2.0	1.0	1.0					
3650.285	10.778000000000247	trials	6.0	3654.862471	3656.592651	3659.947489	3661.094481	3653.969503	3657.853507			2.0	2.0	0.0	3.0					
3664.833	6.539999999999964	trials	6.0	3666.640603	3668.4097869999996	3669.971901	3671.404802	3665.178094	3669.051779			3.0	2.0	0.0	3.0					
3673.393	14.81100000000015	trials	6.0	3684.560395	3686.307555	3687.643408	3687.878839	3683.577418	3687.0319499999996			2.0	1.0	0.0	3.0					
3690.106	12.256999999999607	trials	6.0	3694.766968	3695.898291	3701.5131549999996	3702.392189	3694.102579	3697.843911			3.0	2.0	0.0	3.0					
3703.928	8.644999999999982	trials	6.0	3706.4915579999997	3707.9629179999997	3710.461735	3710.902131	3705.626696	3708.575401	3711.083	3712.573	3.0	2.0	1.0	1.0					
3716.598	11.389999999999873	trials	6.0	3720.83158	3722.512792	3725.688929	3726.163657	3720.0149279999996	3723.1931409999997	3726.333	3727.988	3.0	2.0	1.0	1.0					
3730.033	12.13000000000011	trials	6.0	3735.1456	3736.88057	3740.5166639999998	3742.1939979999997	3734.556136	3735.232691			2.0	2.0	0.0	3.0					
3744.9	8.447999999999865	trials	6.0	3748.411317	3750.127912	3752.041711	3753.37723	3747.568902	3750.6237739999997			3.0	2.0	0.0	3.0					
3755.439	33.71399999999994	trials	6.0	3783.931004	3785.7936929999996	3787.3590759999997	3787.638317	3782.989507	3786.542754	3788.003	3789.153	2.0	1.0	1.0	1.0					
3791.223	10.11200000000008	trials	6.0	3796.692834	3797.988981	3800.5447809999996	3801.365393	3795.801649	3798.777232			3.0	2.0	0.0	3.0					
3802.938	5.324999999999818	trials	6.0	3804.9213929999996	3806.0885049999997	3807.231825	3808.291727	3803.189614	3806.529391			3.0	1.0	0.0	3.0					
3810.633	11.88000000000011	trials	6.0	3818.671836	3819.891732	3822.109242	3822.5454929999996	3817.88075	3821.271448			2.0	1.0	0.0	3.0					
3825.498	8.070000000000164	trials	6.0	3827.136265	3828.6794259999997	3831.985515	3833.5967149999997	3826.568528	3830.098657			2.0	2.0	0.0	3.0					
3835.369	36.353999999999814	trials	6.0	3868.7165529999997	3870.3014789999997	3871.3928109999997	3871.6043769999997	3867.978189	3870.7626299999997			2.0	1.0	0.0	3.0					
3874.75	8.023000000000138	trials	6.0	3877.547042	3879.3054509999997	3881.148806	3881.455521	3877.017433	3879.878646	3881.843	3882.773	3.0	2.0	1.0	1.0					
3884.859	19.37400000000025	trials	6.0	3899.792357	3901.171906	3902.3416749999997	3902.782236	3898.9624479999998	3901.54302	3903.043	3904.233	3.0	2.0	1.0	1.0					
3906.303	12.385000000000218	trials	6.0	3913.606584	3915.563307	3916.951768	3917.183322	3912.692267	3916.199423	3917.668	3918.688	2.0	1.0	1.0	1.0					
3921.708	7.599999999999909	trials	6.0	3926.016619	3927.401656	3928.934014	3929.12938	3925.128451	3928.187572			2.0	1.0	0.0	3.0					
3933.344	6.78899999999976	trials	6.0	3935.021833	3936.6840039999997	3938.636583	3940.164756	3933.626889	3937.593559			2.0	2.0	0.0	3.0					
3941.078	7.644999999999982	trials	6.0	3944.4885	3946.087984	3947.0737879999997	3948.749191	3943.495591	3946.2795699999997			3.0	2.0	0.0	3.0					
3951.503	41.96499999999969	trials	6.0	3989.388457	3990.92449	3993.019849	3993.5015909999997	3988.604625	3991.860205			3.0	2.0	0.0	3.0					
3996.409	33.42000000000007	trials	6.0	4024.613763	4026.4646549999998			4023.95131	4026.459516			2.0		0.0	2.0					
4030.454	19.798999999999978	trials	6.0	4047.328059	4048.7143589999996	4049.9442209999997	4050.1411	4046.731934	4049.2079919999996			2.0	1.0	0.0	3.0					
4052.348	4.4050000000002	trials	6.0	4053.9176549999997	4055.1951249999997	4056.146327	4056.786714	4052.7541109999997	4055.503991			3.0	2.0	0.0	3.0					
4059.534	14.088999999999942	trials	6.0	4068.892624	4070.457843	4071.8930259999997	4072.127955	4068.382785	4071.2141789999996	4072.458	4073.623	2.0	1.0	1.0	1.0					
4076.709	20.09900000000016	trials	6.0	4092.547714	4093.892978	4094.999544	4095.3690129999995	4091.8368579999997	4094.159745	4095.619	4096.808	3.0	2.0	1.0	1.0					
4100.829	24.814000000000306	trials	6.0	4121.154461	4122.3951	4123.705105	4124.109559	4120.377811	4122.8710169999995	4124.468	4125.643	3.0	2.0	1.0	1.0					
4129.663	10.990000000000691	trials	6.0	4136.773012	4138.301986	4139.720848	4140.685644	4135.862827	4138.8790659999995			2.0	2.0	0.0	3.0					
4142.108	5.282999999999447	trials	6.0	4143.923532	4146.007201	4146.937425	4147.421407	4142.8064859999995	4146.226779			3.0	2.0	0.0	3.0					
4149.375	13.837999999999738	trials	6.0	4155.433125	4156.562148999999	4159.42854	4159.792281	4154.644033	4158.633749			3.0	1.0	0.0	3.0					
4163.808	5.585000000000036	trials	6.0	4165.853122	4167.411241	4169.011039	4169.238839	4163.244672	4167.398775			3.0		0.0	2.0					
4172.471	36.652000000000044	trials	6.0	4204.477843	4206.42512	4208.721615	4209.155205	4203.887463	4208.052014			2.0	1.0	0.0	3.0					
4211.174	5.753999999999905	trials	6.0	4213.088779	4214.455393	4215.9070919999995	4216.959038999999	4211.850231	4214.875531			2.0	2.0	0.0	3.0					
4218.268	9.720000000000255	trials	6.0	4223.803152	4225.059598	4227.452781	4228.021981	4222.953372	4226.698192			2.0	1.0	0.0	3.0					
4231.838	8.095000000000255	trials	6.0	4235.195083	4236.683851	4239.152341	4239.967354	4234.603692	4237.273453			2.0	2.0	0.0	3.0					
4242.598	21.332000000000335	trials	6.0	4257.57936	4258.835397	4261.852468	4262.335282	4256.9797419999995	4259.943918999999	4262.494	4263.93	3.0	2.0	1.0	1.0					
4266.969	13.863999999999578	trials	6.0	4275.865339	4277.061341	4279.69438	4279.766407	4275.023599	4278.229694			3.0	2.0	1.0	1.0					
4284.36	13.82300000000032	trials	6.0	4293.338607	4295.054685	4296.231244	4298.215281	4292.459518	4295.215311			2.0	2.0	0.0	3.0					
4298.543	10.31500000000051	trials	6.0	4303.668772999999	4305.566976	4307.147206	4308.889428	4302.762796	4306.247692			3.0	2.0	0.0	3.0					
4311.578	17.67999999999938	trials	6.0	4322.414574	4324.475854	4327.092789	4327.556379	4321.49083	4325.325860999999	4327.784	4329.258	3.0	2.0	1.0	1.0					
4333.274	11.054999999999382	trials	6.0	4337.514277	4339.065526	4344.0180119999995	4346.5267029999995	4336.934703	4340.687641			2.0	2.0	0.0	3.0					
4346.363	59.899999999999636	trials	6.0	4401.8896349999995	4403.245812	4404.352074	4405.678250999999	4400.948757	4403.626557			3.0	2.0	0.0	3.0					
4406.708	7.145000000000437	trials	6.0	4410.689236	4411.902222	4413.289032	4413.885676	4409.688069	4412.542871			2.0	1.0	0.0	3.0					
4416.613	12.699999999999818	trials	6.0	4422.505305	4423.667271	4427.077251	4427.606716	4421.736924	4425.048914999999	4427.773	4429.313	3.0	2.0	1.0	1.0					
4432.333	10.076000000000022	trials	6.0	4436.919336	4438.626466	4441.601569	4442.444063999999	4436.124954	4439.015667			2.0	2.0	0.0	3.0					
4445.003	10.570000000000618	trials	6.0	4449.724096	4450.9810959999995	4453.645708	4453.851622	4448.919857	4452.796752	4454.293	4455.573	2.0	1.0	1.0	1.0					
4459.666	11.313000000000102	trials	6.0	4466.991142	4468.44103	4470.601096	4470.949391	4466.034763	4469.677129			2.0	1.0	0.0	3.0					
4472.983	9.88000000000011	trials	6.0	4477.674564	4479.514867	4482.354567	4482.89767	4476.862021	4481.485515			2.0	1.0	0.0	3.0					
4485.683	11.685999999999694	trials	6.0	4490.249675999999	4491.306248	4496.307827	4497.404451	4489.646463	4493.375856			3.0	2.0	0.0	3.0					
4500.648	10.914999999999964	trials	6.0	4504.781268	4506.355575	4509.240777999999	4509.718885	4503.872848999999	4508.2814769999995	4509.843	4511.563	3.0	2.0	1.0	1.0					
4513.648	14.215000000000146	trials	6.0	4520.859213	4522.816476	4525.883815	4527.895167	4520.130244	4523.1078689999995			3.0	2.0	0.0	3.0					
4528.485	16.423999999999978	trials	6.0	4538.665324	4540.077105	4542.9366	4543.104467	4537.950285999999	4542.106339	4543.648	4544.909	2.0	1.0	1.0	1.0					
4547.973	8.27099999999973	trials	6.0	4552.281382	4553.533041	4555.891052999999	4556.279218	4551.703767	4554.95184			3.0	1.0	0.0	3.0					
4558.223	14.38000000000011	trials	6.0	4566.689424	4568.409774	4570.663677	4570.875443999999	4565.948358	4569.822462	4571.378	4572.603	2.0	1.0	1.0	1.0					
4575.683	13.185999999999694	trials	6.0	4584.314514	4586.046531	4588.245602999999	4588.902129	4583.349112	4587.3926759999995			2.0	1.0	0.0	3.0					
4590.636	9.181999999999789	trials	6.0	4592.2745589999995	4593.588231	4597.716534	4598.105706	4591.500529	4594.76245	4598.358	4599.818	3.0	2.0	1.0	1.0					
4603.898	12.715000000000146	trials	6.0	4609.670146	4611.725389	4614.175134	4614.707135	4608.942032999999	4612.224636999999	4614.793	4616.613	3.0	2.0	1.0	1.0					
4619.633	11.75	trials	6.0	4626.450933	4628.494864	4630.195755	4631.417046	4625.64663	4628.969551			3.0	2.0	0.0	3.0					
4634.594	8.623999999999796	trials	6.0	4637.381131	4638.952585999999	4642.154141999999	4643.252424	4636.63678	4640.717447999999			3.0	2.0	0.0	3.0					
4645.549	9.618999999999687	trials	6.0	4649.984969	4651.975485	4653.189985	4653.389961	4649.460172	4652.494611	4653.858	4655.168	2.0	1.0	1.0	1.0					
4657.188	11.284999999999854	trials	6.0	4664.395288	4665.717618	4668.022073	4668.509157	4663.54156	4667.170635			2.0	1.0	0.0	3.0					
4671.443	17.894999999999527	trials	6.0	4683.100147	4685.09784	4688.191855	4689.373098	4682.169517	4685.558079			3.0	2.0	0.0	3.0					
4690.985	10.898000000000138	trials	6.0	4696.175544	4698.033556	4700.711698	4701.91552	4695.611025	4699.238623			2.0	2.0	0.0	3.0					
4703.098	10.840000000000146	trials	6.0	4708.980331	4710.482196	4713.199746	4713.972178	4708.059021	4711.713054			3.0	2.0	0.0	3.0					
4717.532	8.201000000000022	trials	6.0	4720.225243	4721.817204999999	4724.587113	4724.980498	4719.244497	4723.753327			2.0	1.0	1.0	1.0					
4728.123	17.246000000000095	trials	6.0	4739.800515	4741.268898	4743.04902	4743.31053	4739.207032	4742.139939	4743.863	4745.369	2.0	1.0	1.0	1.0					
4749.388	9.664999999999964	trials	6.0	4755.476223	4756.842173999999	4758.618979	4759.021462	4754.946137999999	4757.715996			3.0	1.0	0.0	3.0					
4761.988	9.085000000000036	trials	6.0	4764.180726	4765.995321	4768.683905	4769.115306	4763.609917	4766.661249	4769.388	4771.073	3.0	2.0	1.0	1.0					
4774.203	11.213999999999942	trials	6.0	4780.345851	4782.216547	4784.218521	4785.447688	4779.350004	4782.60027			2.0	2.0	0.0	3.0					
4787.528	8.194999999999709	trials	6.0	4792.337041	4793.926024	4795.4203	4795.652974	4791.628155	4794.617376			2.0	1.0	0.0	3.0					
4798.799	8.219000000000051	trials	6.0	4803.265969	4803.3072489999995			4802.409358	4803.300417			3.0		0.0	2.0					
4808.36	11.048999999999978	trials	6.0	4813.71138	4815.711856	4817.276796	4817.336402999999	4812.845412	4816.286758	4817.933	4819.409	3.0	2.0	1.0	1.0					
4821.478	17.805999999999585	trials	6.0	4834.47085	4836.408948	4837.733124	4839.317283	4833.541639	4836.427611			3.0	2.0	0.0	3.0					
4842.098	17.654999999999745	trials	6.0	4856.110564	4857.436291	4858.58013	4859.789151	4855.242561999999	4857.677957			2.0	2.0	0.0	3.0					
4862.987	7.854000000000269	trials	6.0	4866.650908	4868.354146	4870.37515	4870.8787919999995	4865.738976	4869.43401			2.0	1.0	0.0	3.0					
4872.753	23.55500000000029	trials	6.0	4891.493131	4893.559381	4894.552732	4894.695279	4890.584037	4893.848744999999	4895.343	4896.308	2.0	1.0	1.0	1.0					
4898.323	46.849999999999454	trials	6.0	4941.131485	4942.753621	4944.090636999999	4945.209209	4940.191602	4943.2337609999995			3.0	2.0	0.0	3.0					
4947.473	5.875	trials	6.0	4950.136801	4951.213588	4952.694939999999	4952.74143	4949.489941	4951.984987			3.0	2.0	0.0	3.0					
4957.141	6.747000000000298	trials	6.0	4960.756764	4962.14323	4963.227352	4963.924806999999	4960.070422	4962.529732			3.0	2.0	0.0	3.0					
4965.603	35.430999999999585	trials	6.0	4997.811642	4999.563443999999	5000.652373	5001.043321	4996.889992	4999.959429			2.0	1.0	0.0	3.0					
5003.11	4.515000000000327	trials	6.0	5004.681517	5005.56898			5003.60073	5005.562175			3.0		0.0	2.0					
5010.669	6.493999999999687	trials	6.0	5013.618385	5015.67926	5017.0624	5017.700604	5013.069433	5016.424825			2.0	1.0	0.0	3.0					
5019.483	303.33500000000004	BlockDesign														1.0	307.0	326.0	50.0	90.0
5019.483	19.24499999999989	trials	7.0	5033.832254999999	5035.139335	5036.442792	5036.616736	5032.926334	5035.867837	5037.159	5038.728	1.0	1.0	1.0	1.0					
5040.833	15.260000000000218	trials	7.0	5051.361723	5052.464185	5054.328852	5054.457297999999	5050.680163999999	5053.53813	5054.988	5056.093	1.0	1.0	1.0	1.0					
5058.174	13.878999999999905	trials	7.0	5064.752289	5066.423811	5068.3605609999995	5068.581024	5064.191058	5067.623516			1.0	1.0	0.0	3.0					
5072.783	6.454999999999927	trials	7.0	5074.577572	5076.433597	5077.320513	5077.66546	5072.087389	5076.668385999999	5077.978	5079.238	1.0	2.0	1.0	1.0					
5082.391	11.317000000000007	trials	7.0	5088.123351	5090.089234	5091.578805	5092.025437	5087.351817	5090.805855	5092.523	5093.708	1.0	2.0	1.0	1.0					
5095.724	14.389000000000124	trials	7.0	5104.057006	5105.688819	5107.998652	5108.417115	5103.330636	5106.5620149999995	5108.708	5110.113	1.0	2.0	1.0	1.0					
5114.238	8.594999999999345	trials	7.0	5118.01711	5119.388817999999	5120.7961510000005	5121.199629	5117.0339380000005	5119.909116999999	5121.528	5122.833	1.0	2.0	1.0	1.0					
5125.891	10.157000000000153	trials	7.0	5132.757489	5134.089216	5135.609619999999	5135.853687	5132.05375	5134.770931			1.0	1.0	0.0	3.0					
5140.019	10.407999999999447	trials	7.0	5144.057379	5145.651694	5148.178212	5148.6148840000005	5143.150261999999	5146.720257999999	5148.823	5150.427	1.0	2.0	1.0	1.0					
5153.504	16.35400000000027	trials	7.0	5163.837794	5165.861793	5167.7612229999995	5168.170201	5163.051296	5166.081098	5168.483	5169.858	1.0	2.0	1.0	1.0					
5172.943	10.114999999999782	trials	7.0	5177.409147	5178.931753	5180.272034	5180.660682	5176.714533	5179.344283	5180.938	5183.058	1.0	2.0	1.0	1.0					
5185.074	11.78900000000067	trials	7.0	5192.722494	5194.226739	5195.799994	5196.204943	5192.148193	5194.698689999999			1.0	2.0	1.0	1.0					
5201.389	13.858999999999469	trials	7.0	5209.637662	5211.625531	5213.126851	5213.540379	5209.074114999999	5212.254423	5213.659	5215.248	1.0	2.0	1.0	1.0					
5219.297	10.731000000000677	trials	7.0	5224.994575	5226.189444	5227.76485	5228.2389490000005	5224.037299	5226.988545	5228.488	5230.028	1.0	2.0	1.0	1.0					
5234.094	9.524999999999636	trials	7.0	5238.503967000001	5240.184434999999	5241.507358	5241.792719	5237.662561	5240.629811999999	5242.268	5243.619	1.0	2.0	1.0	1.0					
5246.703	7.0549999999993815	trials	7.0	5249.808003	5251.139343	5252.647469	5253.797307999999	5249.22901	5251.758467			1.0	2.0	0.0	3.0					
5257.088	11.115999999999985	trials	7.0	5261.953344	5263.8482349999995	5266.2471590000005	5266.540725999999	5261.364804999999	5264.865931	5266.85	5268.204	1.0	2.0	1.0	1.0					
5270.274	9.118999999999687	trials	7.0	5274.248328	5275.595663	5277.2494480000005	5277.631375	5273.560186	5276.25928	5277.954	5279.393	1.0	2.0	1.0	1.0					
5281.478	10.881000000000313	trials	7.0	5287.152853	5288.709903999999	5290.153924	5290.583176	5286.421752	5289.193882	5290.913	5292.359	1.0	2.0	1.0	1.0					
5295.45	27.368000000000393	trials	7.0	5316.008092	5317.509821	5320.640851	5321.037328	5315.124856	5318.745714	5321.463	5322.818	1.0	2.0	1.0	1.0					
5325.918	421.53000000000065	BlockDesign														1.0	327.0	350.0	10.0	50.0
5325.918	12.5	trials	8.0	5333.937932999999	5335.425148	5337.069971999999	5338.454242	5333.254731999999	5336.036932			1.0	2.0	0.0	3.0					
5341.473	6.496000000000095	trials	8.0	5343.93314	5345.375565	5347.583975	5348.002944	5343.181098	5346.692287			1.0	1.0	0.0	3.0					
5350.971	9.507000000000517	trials	8.0	5356.494849	5358.3883590000005	5359.413096	5360.514343	5355.964377	5358.672955			1.0	2.0	0.0	3.0					
5361.866	23.917999999999665	trials	8.0	5382.253339	5383.582229	5385.459703	5385.806379	5381.397281	5384.688558			1.0	1.0	0.0	3.0					
5387.793	38.975000000000364	trials	8.0	5421.553329	5423.170042	5424.800031	5425.18132	5420.554711999999	5423.583869	5425.468	5426.768	1.0	2.0	1.0	1.0					
5430.853	9.75	trials	8.0	5436.370002	5438.169585	5439.545061999999	5440.638292	5435.668879	5438.714900999999			1.0	2.0	0.0	3.0					
5443.0	6.2979999999997744	trials	8.0	5444.793022	5446.7718110000005	5447.7089049999995	5449.334521999999	5443.395614	5447.009604			1.0	2.0	0.0	3.0					
5451.085	7.02599999999984	trials	8.0	5453.638446999999	5455.1309870000005	5456.57122	5458.148395	5452.895136	5455.792868			1.0	2.0	0.0	3.0					
5458.898	15.9399999999996	trials	8.0	5468.653171	5470.70472	5472.754036	5473.176128	5468.14603	5471.339073	5473.563	5474.838	1.0	2.0	1.0	1.0					
5478.917	16.52599999999984	trials	8.0	5489.08431	5490.72676	5493.2128809999995	5493.689482	5488.274761	5491.209537	5493.943	5495.443	1.0	2.0	1.0	1.0					
5498.485	15.893000000000029	trials	8.0	5507.728513	5509.191814	5513.067402	5514.414742	5506.933284	5510.470611			1.0	2.0	0.0	3.0					
5516.579	9.904000000000451	trials	8.0	5521.78522	5523.560584	5524.6448980000005	5524.853983	5521.015718	5523.958151999999	5525.313	5526.483	1.0	1.0	1.0	1.0					
5530.558	11.479999999999563	trials	8.0	5538.264214	5539.835601999999	5541.5126660000005	5542.078751	5537.413288	5540.765225			1.0	1.0	0.0	3.0					
5543.922	7.581000000000131	trials	8.0	5546.238914	5547.563335	5550.432916	5550.735823	5545.454433999999	5548.669841999999			1.0	2.0	1.0	1.0					
5553.949	11.894000000000233	trials	8.0	5562.84937	5564.688099999999	5565.542512	5565.785989	5562.052192	5564.619597999999			1.0	1.0	0.0	3.0					
5567.853	61.215000000000146	trials	8.0	5624.789599	5626.75962	5627.879953	5629.106646	5624.066332	5627.1288270000005			1.0	2.0	0.0	3.0					
5632.268	10.260000000000218	trials	8.0	5637.069504	5638.4614010000005	5641.587132	5642.563867	5636.071033	5639.829913			1.0	2.0	0.0	3.0					
5645.956	5.326000000000022	trials	8.0	5647.894867	5649.2152750000005	5650.906451999999	5651.285668	5647.377477	5650.177087			1.0	1.0	0.0	3.0					
5654.293	11.21600000000035	trials	8.0	5658.274227	5660.276046999999	5663.3512200000005	5663.866377	5657.527617	5661.203227	5664.198	5665.509	1.0	2.0	1.0	1.0					
5669.528	12.404999999999745	trials	8.0	5677.200972000001	5678.635292999999	5681.054313000001	5681.973259	5676.328444	5679.2898399999995			1.0	2.0	0.0	3.0					
5684.456	10.072000000000116	trials	8.0	5688.0850470000005	5689.5354480000005	5692.21473	5692.66946	5687.133553	5690.40715	5692.873	5694.528	1.0	2.0	1.0	1.0					
5698.548	16.835000000000036	trials	8.0	5709.166182999999	5710.5137030000005	5714.10743	5715.421539999999	5708.304505	5711.590251			1.0	2.0	0.0	3.0					
5716.848	11.842999999999847	trials	8.0	5721.13517	5722.853035	5726.456224	5726.927664	5720.505891999999	5724.416824	5727.079	5728.691	1.0	2.0	1.0	1.0					
5731.75	15.69800000000032	trials	8.0	5741.380453	5742.58234	5745.017113	5745.643096	5740.854047999999	5743.432887999999	5745.659	5747.448	1.0	2.0	1.0	1.0					
5751.478	72.47000000000025	BlockDesign														1.0	351.0	355.0	0.0	0.0
5751.478	14.25	trials	9.0	5760.425977	5762.349826	5764.819006	5765.764981	5759.755219	5762.9129250000005			1.0	2.0	0.0	3.0					
5768.253	9.155999999999949	trials	9.0	5770.661413	5771.8282899999995	5774.823345999999	5777.448856	5770.087767999999	5773.627069			1.0	2.0	0.0	3.0					
5779.294	13.97900000000027	trials	9.0	5785.880574999999	5787.6305520000005	5791.842296999999	5793.313617	5785.18048	5789.094775			1.0	2.0	0.0	3.0					
5796.219	14.25	trials	9.0	5806.58606	5807.767239999999	5810.056698	5810.506119	5805.678225	5809.3034370000005			1.0	1.0	0.0	3.0					
5813.487	10.46100000000024	trials	9.0	5819.537364	5821.057511999999	5823.935497	5824.743504	5818.995808	5821.898491			1.0	2.0	0.0	3.0					
5826.343	324.9250000000002	BlockDesign														1.0	356.0	377.0	90.0	50.0
5826.343	10.375	trials	10.0	5830.581108	5832.531279	5834.668218999999	5835.050203	5829.942768999999	5833.276852	5835.373	5836.718	1.0	2.0	1.0	1.0					
5838.775	15.748000000000502	trials	10.0	5848.162302	5849.292531	5852.837919	5854.560332	5847.492763	5850.611826			1.0	2.0	0.0	3.0					
5856.279	9.92199999999957	trials	10.0	5860.2806	5861.413778	5865.3716540000005	5866.231917	5859.51814	5862.658837			1.0	2.0	0.0	3.0					
5869.153	9.554999999999382	trials	10.0	5873.3722880000005	5875.191435	5876.770377	5876.976325	5872.707705	5876.063459999999	5877.5	5878.708	1.0	1.0	1.0	1.0					
5882.739	14.514000000000124	trials	10.0	5891.655892	5893.342773	5895.163332	5895.400753	5891.114997	5894.313630000001	5895.788	5897.253	1.0	1.0	1.0	1.0					
5900.273	18.609999999999673	trials	10.0	5909.070301	5910.556113000001	5915.038947	5915.809282	5908.381160999999	5912.007818			1.0	2.0	0.0	3.0					
5919.48	15.13300000000072	trials	10.0	5929.176144999999	5930.405035	5932.5289840000005	5932.743966	5928.318424	5931.7183540000005	5933.088	5934.613	1.0	1.0	1.0	1.0					
5936.698	16.33599999999933	trials	10.0	5947.622334	5948.713039	5950.768284	5950.803151	5946.94002	5949.737482	5951.638	5953.034	1.0	2.0	1.0	1.0					
5957.12	10.13799999999992	trials	10.0	5962.751704	5964.022147	5965.347503999999	5965.60156	5962.036464999999	5964.571357	5966.318	5967.258	1.0	1.0	1.0	1.0					
5971.339	10.60400000000027	trials	10.0	5975.466141	5977.306585	5979.013897	5979.372976	5974.955499	5978.205187			1.0	1.0	0.0	3.0					
5982.333	5.850000000000364	trials	10.0	5984.306098	5986.032533	5987.249166	5988.225633	5981.985122	5986.330972			1.0	2.0	0.0	3.0					
5991.688	6.970999999999549	trials	10.0	5994.137341	5995.810459	5996.8775559999995	5997.064017	5993.425244	5996.222436	5997.598	5998.659	1.0	1.0	1.0	1.0					
6000.744	12.469000000000051	trials	10.0	6006.866077	6008.308195	6010.923642	6011.133871	6006.216687	6010.059228	6011.563	6013.213	1.0	1.0	1.0	1.0					
6015.297	14.606000000000677	trials	10.0	6024.736648	6026.827214999999	6028.0411540000005	6028.206623	6024.071717999999	6027.246259	6028.643	6029.903	1.0	1.0	1.0	1.0					
6033.019	12.844000000000051	trials	10.0	6040.946178	6042.247366	6044.124909	6044.285503	6040.217124999999	6043.3010030000005	6044.713	6045.863	1.0	1.0	1.0	1.0					
6047.883	14.784999999999854	trials	10.0	6057.266931	6058.916223	6060.362617	6060.533025	6056.757806	6059.543764	6060.968	6062.668	1.0	1.0	1.0	1.0					
6065.698	9.789999999999964	trials	10.0	6070.196776	6072.0986379999995	6073.6529	6073.873689	6069.695023	6072.86932	6074.393	6075.488	1.0	1.0	1.0	1.0					
6077.577	12.416999999999462	trials	10.0	6085.191749	6086.928733	6088.0846870000005	6088.241935	6084.294024	6087.3537670000005	6088.948	6089.994	1.0	1.0	1.0	1.0					
6093.074	8.739000000000487	trials	10.0	6097.441384	6099.138519	6100.6866580000005	6100.877064	6096.724748000001	6099.811551			1.0	1.0	1.0	1.0					
6106.293	13.510000000000218	trials	10.0	6115.002252	6116.297012999999	6117.9352149999995	6118.108416	6114.286914	6117.1559720000005	6118.869	6119.803	1.0	1.0	1.0	1.0					
6123.82	12.673999999999978	trials	10.0	6131.752737	6133.249374	6134.595903	6134.846393	6130.810005	6133.86512	6135.193	6136.494	1.0	1.0	1.0	1.0					
6138.547	12.721000000000458	trials	10.0	6147.660716	6148.906152	6150.247268	6150.395648	6146.807109	6149.529465			1.0	1.0	1.0	1.0					
6155.823	1819.6619999999994	BlockDesign														1.0	378.0	476.0	50.0	10.0
6155.823	14.46099999999933	trials	11.0	6165.986015	6167.38862	6168.547119	6168.726455	6165.285623	6167.823931	6169.233	6170.284	1.0	1.0	1.0	1.0					
6172.363	10.293999999999869	trials	11.0	6179.81144	6181.231116	6182.297319	6182.731813	6179.22885	6181.576755			1.0	1.0	0.0	3.0					
6184.693	5.46599999999944	trials	11.0	6186.786416	6188.567958	6189.709541	6190.246238	6186.060429	6188.925756			1.0	2.0	0.0	3.0					
6192.044	9.748999999999796	trials	11.0	6198.316532	6199.508964	6201.470883	6201.639767	6197.598611	6200.664631			1.0	1.0	0.0	3.0					
6203.818	12.246000000000095	trials	11.0	6211.081271	6212.468462	6215.200629	6216.15116	6210.12009	6213.821868			1.0	2.0	0.0	3.0					
6219.534	13.10400000000027	trials	11.0	6228.266982	6230.14898	6231.66135	6232.726358	6227.427804	6230.600505			1.0	2.0	0.0	3.0					
6234.013	35.9409999999998	trials	11.0	6265.86644	6267.105069	6269.243124	6270.042951	6265.262343	6268.350438			1.0	2.0	0.0	3.0					
6273.708	55.51500000000033	trials	11.0	6325.901837	6327.863693	6328.780502	6329.315862	6325.047347	6328.127942			1.0	2.0	0.0	3.0					
6333.068	9.135999999999513	trials	11.0	6337.4676	6339.304364	6340.430663	6340.644981	6336.526125	6339.75543	6340.973	6342.204	1.0	1.0	1.0	1.0					
6344.263	12.730999999999767	trials	11.0	6353.987283	6355.224432	6356.580764	6357.082116	6352.994789	6355.833807			1.0	1.0	0.0	3.0					
6359.962	6.071999999999207	trials	11.0	6361.80732	6363.844643	6364.912739	6366.123806	6360.610146	6364.144197			1.0	2.0	0.0	3.0					
6368.25	6.643000000000029	trials	11.0	6371.464002	6373.44875	6374.438454	6374.524937	6370.738795	6373.79738			1.0	1.0	0.0	3.0					
6377.816	15.01299999999992	trials	11.0	6387.576947	6389.247126	6392.219886	6392.921721	6386.819099	6390.023089			1.0	2.0	0.0	3.0					
6396.483	7.5	trials	11.0	6399.397885	6400.729252	6403.116048	6404.076639	6398.425491	6401.6934089999995			1.0	2.0	0.0	3.0					
6405.485	10.509000000000015	trials	11.0	6410.692314	6412.26937	6414.218805	6414.37901	6410.013462	6413.476821	6414.878	6415.994	1.0	1.0	1.0	1.0					
6419.114	16.75500000000011	trials	11.0	6430.648167	6431.744298	6433.896096	6434.22021	6430.075993	6433.030844	6434.718	6435.869	1.0	1.0	1.0	1.0					
6437.956	13.681999999999789	trials	11.0	6446.46394	6448.356727	6449.652837	6449.976414	6445.644487	6448.796543	6450.233	6451.638	1.0	1.0	1.0	1.0					
6454.659	16.78400000000056	trials	11.0	6466.282671	6468.034445	6469.53555	6469.790806	6465.69437	6468.703087	6470.218	6471.443	1.0	1.0	1.0	1.0					
6474.544	12.689000000000306	trials	11.0	6482.787714	6485.429168	6486.847592	6487.324269	6481.858192	6486.018365			1.0	1.0	0.0	3.0					
6489.208	9.06500000000051	trials	11.0	6493.492931	6495.227615	6497.173452	6497.718497	6492.500022	6495.986793			1.0	2.0	1.0	1.0					
6502.752	19.61699999999928	trials	11.0	6515.958209	6518.005395	6520.360668	6520.661114	6515.035902	6518.513717	6520.933	6522.369	1.0	2.0	1.0	1.0					
6526.388	14.815999999999804	trials	11.0	6535.492706	6536.560053	6540.166501	6541.295261	6534.759857	6537.643886			1.0	2.0	0.0	3.0					
6544.473	9.605999999999767	trials	11.0	6550.867809	6552.21497	6553.688033	6554.170347	6550.050276	6552.93899			1.0	1.0	0.0	3.0					
6556.067	14.390999999999622	trials	11.0	6563.513717	6564.906141	6569.177466	6570.552646	6562.531475	6566.453102			1.0	2.0	0.0	3.0					
6572.458	10.404000000000451	trials	11.0	6577.543106	6579.190821	6580.967817	6581.126601	6576.753713	6580.170134	6581.564	6582.862	1.0	1.0	1.0	1.0					
6585.873	14.740000000000691	trials	11.0	6593.763988	6595.395648	6599.135993	6600.7047	6593.169924	6597.208914			1.0	2.0	0.0	3.0					
6602.422	5.2960000000002765	trials	11.0	6604.537974	6606.3873810000005	6607.40828	6607.560398	6603.967058	6606.688848			1.0	1.0	0.0	3.0					
6610.728	8.390999999999622	trials	11.0	6614.418494	6616.432043	6618.735688	6619.21374	6613.883682	6617.919747			1.0	1.0	0.0	3.0					
6623.128	8.180000000000291	trials	11.0	6627.174816	6628.3067360000005	6631.004438	6633.473463	6626.561629	6629.404594			1.0	2.0	0.0	3.0					
6633.318	11.105999999999767	trials	11.0	6640.283637	6641.660232	6643.25492	6644.514312	6639.475523	6642.2628349999995			1.0	2.0	0.0	3.0					
6647.513	11.00500000000011	trials	11.0	6653.449327	6654.681936	6656.778822	6658.611939	6652.683056	6655.670139			1.0	2.0	0.0	3.0					
6660.048	12.275000000000546	trials	11.0	6668.594424	6670.240199	6671.859218	6672.41459	6667.644527	6671.072459			1.0	1.0	0.0	3.0					
6674.114	6.9890000000004875	trials	11.0	6676.113704	6677.780549	6679.031052	6679.45386	6675.189671	6678.080644	6679.813	6681.103	1.0	2.0	1.0	1.0					
6685.168	12.289999999999964	trials	11.0	6693.149052	6694.528934	6696.369428	6697.551999	6692.255148	6695.38745			1.0	2.0	0.0	3.0					
6699.747	14.717999999999847	trials	11.0	6710.604303	6712.000425	6714.057498	6714.533262	6709.988169	6713.237737			1.0	1.0	0.0	3.0					
6716.45	14.44800000000032	trials	11.0	6727.325603	6729.304367	6730.273289	6730.989994	6726.397512	6729.615612			1.0	2.0	0.0	3.0					
6733.588	25.381000000000313	trials	11.0	6755.434389	6757.0731670000005	6758.041735	6759.06447	6754.9020550000005	6757.368594			1.0	2.0	0.0	3.0					
6762.363	6.795999999999367	trials	11.0	6766.404207	6767.94584	6768.890417	6769.239665	6765.601128	6768.217632			1.0	1.0	0.0	3.0					
6773.163	44.82500000000073	trials	11.0	6814.849543	6816.795887	6817.724415	6817.958274	6813.889574	6817.051025			1.0	1.0	0.0	3.0					
6820.068	13.594999999999345	trials	11.0	6829.789128	6831.298756	6833.109444	6833.757002	6828.926888	6831.543214			1.0	2.0	0.0	3.0					
6836.5	46.52300000000014	trials	11.0	6877.779548	6879.226911	6882.54266	6883.117148	6877.091494	6880.258695			1.0	2.0	0.0	3.0					
6886.878	6.1599999999998545	trials	11.0	6888.749057	6890.182185	6891.222697	6891.47772	6887.279474	6890.498946	6891.954	6893.038	1.0	1.0	1.0	1.0					
6897.126	16.39800000000014	trials	11.0	6908.395878	6909.732897	6912.35732	6913.61829	6907.888652	6910.687787			1.0	2.0	0.0	3.0					
6914.688	9.00500000000011	trials	11.0	6918.9147570000005	6920.365086	6921.970355	6922.144868	6918.114477	6921.15241	6922.508	6923.693	1.0	1.0	1.0	1.0					
6927.845	12.222999999999956	trials	11.0	6935.039884	6936.194799	6938.1022140000005	6938.41273	6934.312067	6937.224879	6938.72	6940.068	1.0	1.0	1.0	1.0					
6944.148	13.365999999999985	trials	11.0	6951.906693	6953.281754	6954.703952	6954.902178	6951.0670979999995	6953.851652	6955.353	6957.514	1.0	1.0	1.0	1.0					
6960.626	19.186999999999898	trials	11.0	6976.454967	6977.89077	6979.454436	6979.905693	6975.452463	6978.6517189999995			1.0	1.0	0.0	3.0					
6982.708	9.664999999999964	trials	11.0	6984.551711	6985.650326	6988.319666	6989.160252	6983.37967	6986.506439			1.0	2.0	0.0	3.0					
6992.563	5.9399999999996	trials	11.0	6994.34573	6996.3186239999995	6997.272851	6998.599233	6992.469373	6996.54437			1.0	2.0	0.0	3.0					
7001.591	6.791999999999462	trials	11.0	7004.875434	7005.970671	7007.955626	7008.478041	7003.941653	7007.0813689999995			1.0	1.0	0.0	3.0					
7011.288	8.44000000000051	trials	11.0	7013.295189	7015.274865	7017.776453	7018.091777	7011.584201	7015.77743	7018.463	7019.728	1.0	2.0	1.0	1.0					
7021.749	17.583999999999833	trials	11.0	7033.240216	7035.028363	7038.495515	7039.428253	7032.666542	7035.749806			1.0	2.0	0.0	3.0					
7041.848	8.670000000000073	trials	11.0	7045.170003	7046.43815	7048.668129	7048.86242	7044.473457	7047.826905	7049.228	7050.518	1.0	1.0	1.0	1.0					
7052.568	16.229999999999563	trials	11.0	7064.632187	7065.775323	7068.407865	7068.892884	7063.993431	7067.54886			1.0	1.0	0.0	3.0					
7071.783	7.764999999999418	trials	11.0	7073.6362420000005	7075.098626	7078.900101	7079.641634	7072.508648	7076.491077			1.0	2.0	0.0	3.0					
7083.448	6.029999999999745	trials	11.0	7085.240385	7086.860874	7088.282486	7089.574605	7083.751117	7087.32901			1.0	2.0	0.0	3.0					
7090.583	10.363000000000284	trials	11.0	7096.455351	7098.708864	7100.622474	7101.02238	7095.746192	7099.349455			1.0	1.0	0.0	3.0					
7104.878	5.860000000000582	trials	11.0	7106.620392	7108.631706	7109.8753560000005	7110.834546	7105.190154	7108.984877			1.0	2.0	0.0	3.0					
7113.203	57.59399999999914	trials	11.0	7167.981278	7169.181893	7170.417537	7170.879462	7167.34967	7169.667162			1.0	1.0	0.0	3.0					
7172.733	10.329999999999927	trials	11.0	7178.717673	7180.361674	7182.727048	7183.157117	7177.821765	7181.85468			1.0	1.0	0.0	3.0					
7186.048	6.630000000000109	trials	11.0	7187.72137	7189.644567	7191.917066	7192.774028	7186.594569	7190.440781			1.0	2.0	0.0	3.0					
7194.253	10.760000000000218	trials	11.0	7201.552181	7203.393511	7204.7714479999995	7204.948794	7200.724926	7204.052203			1.0	1.0	0.0	3.0					
7208.088	6.5600000000004	trials	11.0	7209.976541	7211.747576	7212.694974	7213.052422	7208.491808	7211.96144	7213.213	7214.648	1.0	2.0	1.0	1.0					
7218.674	15.134000000000015	trials	11.0	7227.522435	7229.5683	7232.341875	7233.902836	7226.593248	7230.117654			1.0	2.0	0.0	3.0					
7235.731	9.097999999999956	trials	11.0	7239.1569230000005	7240.723101	7242.78153	7243.022814	7238.203845	7241.918735	7243.413	7244.829	1.0	1.0	1.0	1.0					
7246.848	18.39599999999973	trials	11.0	7258.428136	7259.570337	7263.5891090000005	7265.336319	7257.903915	7260.658373			1.0	2.0	0.0	3.0					
7266.233	10.394999999999527	trials	11.0	7271.633312	7272.943883	7274.680755	7274.929712	7270.923162	7273.827254	7275.223	7276.628	1.0	1.0	1.0	1.0					
7280.643	13.715000000000146	trials	11.0	7287.561863	7289.083269	7293.402936	7294.453035	7286.707698	7290.325229			1.0	2.0	0.0	3.0					
7296.703	7.375999999999294	trials	11.0	7300.593467	7302.4736	7303.830914	7303.96946	7299.809889	7303.0706979999995			1.0	1.0	0.0	3.0					
7308.155	7.038000000000466	trials	11.0	7310.066982	7311.6681260000005	7313.046729	7313.454417	7308.674362	7312.0917819999995	7313.653	7315.193	1.0	2.0	1.0	1.0					
7317.213	16.605000000000473	trials	11.0	7326.580362	7328.153208	7332.260856	7333.9129140000005	7325.888601	7328.929928			1.0	2.0	0.0	3.0					
7336.578	5.099999999999454	trials	11.0	7338.232292	7339.760542	7341.2889749999995	7341.77481	7337.726358	7340.511389			1.0	1.0	0.0	3.0					
7343.593	43.625	trials	11.0	7382.347664	7383.667857	7386.197967	7387.31181	7381.705005	7384.105619			1.0	2.0	0.0	3.0					
7388.517	5.9409999999998035	trials	11.0	7390.862134	7391.951955	7394.026161	7394.553929	7390.257156	7393.2378659999995			1.0	1.0	0.0	3.0					
7396.303	17.55500000000029	trials	11.0	7407.56733	7408.599228	7411.861234	7413.95225	7406.959848	7409.375649			1.0	2.0	0.0	3.0					
7414.168	39.0600000000004	trials	11.0	7447.068767	7448.392107	7450.921008	7451.3925739999995	7446.21824	7450.045668	7451.583	7453.228	1.0	2.0	1.0	1.0					
7456.248	11.789999999999964	trials	11.0	7463.157579	7464.775352	7467.258896	7468.136442	7462.644657	7465.322778			1.0	2.0	0.0	3.0					
7471.613	5.75	trials	11.0	7473.383717	7474.841334	7476.642339	7477.46099	7472.043033	7475.26004			1.0	2.0	0.0	3.0					
7478.913	11.831000000000131	trials	11.0	7485.062721	7486.162548	7488.735429	7489.027272	7484.421044	7487.651567	7489.268	7490.744	1.0	1.0	1.0	1.0					
7493.783	13.99499999999989	trials	11.0	7502.397824	7503.9311099999995	7505.752421	7506.0482329999995	7501.784189	7504.799819	7506.311	7507.778	1.0	1.0	1.0	1.0					
7511.93	10.639000000000124	trials	11.0	7517.147608	7518.969266	7520.57735	7520.853774	7516.6367549999995	7519.657317	7521.163	7522.569	1.0	1.0	1.0	1.0					
7526.61	15.384000000000015	trials	11.0	7537.733838	7539.164481	7540.920993	7541.271024	7537.001244	7540.057067			1.0	1.0	1.0	1.0					
7545.451	19.36200000000008	trials	11.0	7559.917499	7561.554323	7562.818353	7563.0945090000005	7559.378844	7561.982394	7563.488	7564.813	1.0	1.0	1.0	1.0					
7567.9	15.463000000000648	trials	11.0	7578.587613	7580.039594	7581.472764	7581.789654	7577.621133000001	7580.700723	7582.119	7583.363	1.0	1.0	1.0	1.0					
7585.407	14.842999999999847	trials	11.0	7595.013563	7596.964154	7598.271425	7598.48769	7594.115868	7597.473015	7598.943	7600.25	1.0	1.0	1.0	1.0					
7604.405	9.243000000000393	trials	11.0	7608.509328	7610.28705	7611.712397	7611.961842	7607.660627	7610.952617	7612.273	7613.648	1.0	1.0	1.0	1.0					
7617.729	11.743999999999687	trials	11.0	7624.179737	7625.611908	7627.460801	7627.7078	7623.5985390000005	7626.57366	7627.988	7629.473	1.0	1.0	1.0	1.0					
7631.498	17.00500000000011	trials	11.0	7645.688145	7646.89022	7648.194015	7648.599119	7644.877296	7647.380913			1.0	1.0	0.0	3.0					
7650.458	80.53999999999996	trials	11.0	7726.363634	7728.045014	7729.04903	7729.405632	7725.615938	7728.336354	7729.704	7730.998	1.0	1.0	1.0	1.0					
7735.018	26.61999999999989	trials	11.0	7757.039693	7759.029338	7759.89813	7760.0662219999995	7756.328546	7759.217657	7750.208	7761.638	1.0	1.0	1.0	1.0					
7763.659	19.66400000000067	trials	11.0	7776.368912	7778.018284	7779.320637	7779.675054	7775.620941	7778.582286			1.0	1.0	0.0	3.0					
7783.693	4.744999999999891	trials	11.0	7785.608915	7786.526459			7783.418706	7786.520526			1.0		0.0	2.0					
7791.458	34.46600000000035	trials	11.0	7821.9086179999995	7823.9596679999995	7825.0947909999995	7826.019083	7820.906241	7824.214342			1.0	2.0	0.0	3.0					
7828.394	4.368999999999687	trials	11.0	7830.1442879999995	7831.524326	7832.448717	7832.796252	7828.769465	7831.793897			1.0	1.0	0.0	3.0					
7834.828	17.17999999999938	trials	11.0	7846.083866	7847.941149	7850.123808	7852.10546	7845.342711	7848.4901549999995			1.0	2.0	0.0	3.0					
7853.398	6.3859999999995125	trials	11.0	7856.544215	7858.512444	7859.470323	7859.614364	7855.969521	7858.785564			1.0	1.0	0.0	3.0					
7862.788	14.030000000000655	trials	11.0	7870.53423	7872.031575	7876.086806	7876.9142360000005	7869.9234	7873.403418			1.0	2.0	0.0	3.0					
7880.425	83.92299999999977	trials	11.0	7960.994367	7962.613746	7963.632658	7964.444771	7960.253171	7962.891072			1.0	2.0	0.0	3.0					
7967.966	7.518999999999323	trials	11.0	7971.863723	7973.064306	7975.423032	7975.878434	7971.303984	7974.474536			1.0	1.0	0.0	3.0					
7977.783	312.03999999999996	BlockDesign														1.0	477.0	496.0	50.0	0.0
7977.783	5.375999999999294	trials	12.0	7979.587689	7981.47407	7982.685976	7983.254208	7978.491188	7982.003196			2.0	1.0	0.0	3.0					
7986.025	6.6580000000003565	trials	12.0	7987.874172	7989.246389	7991.026106	7991.2275150000005	7987.003271	7990.305633	7991.638	7992.683	2.0	1.0	1.0	1.0					
7996.699	15.639000000000124	trials	12.0	8007.930885	8009.177031	8011.9124329999995	8012.4354619999995	8006.9402150000005	8010.97922			2.0	1.0	0.0	3.0					
8014.198	15.924999999999272	trials	12.0	8024.754351	8025.903893	8028.458786	8028.689393	8024.2025269999995	8027.651567	8029.083	8030.123	2.0	1.0	1.0	1.0					
8032.203	16.519999999999527	trials	12.0	8043.234725	8044.821312	8046.781733	8046.990507	8042.320749	8045.947842	8047.463	8048.723	2.0	1.0	1.0	1.0					
8050.753	15.240999999999985	trials	12.0	8062.306122	8063.848332	8065.67222	8066.02791	8061.307707	8064.698031			2.0	1.0	0.0	3.0					
8069.068	7.399999999999636	trials	12.0	8070.904649	8072.013648	8074.638623	8074.903385	8069.799779	8073.293858	8075.139	8076.468	2.0	1.0	1.0	1.0					
8080.613	15.885999999999513	trials	12.0	8092.089822	8093.152017	8096.097144	8096.600889	8091.576233	8095.116413			2.0	1.0	0.0	3.0					
8098.423	10.605000000000473	trials	12.0	8102.874599	8104.2903559999995	8106.841037	8107.067846	8102.251442	8105.923013	8107.494	8109.028	2.0	1.0	1.0	1.0					
8111.363	30.454999999999927	trials	12.0	8138.3398799999995	8140.359389	8141.501086	8141.800265	8137.513328999999	8140.704152			2.0	1.0	0.0	3.0					
8145.829	6.5090000000000146	trials	12.0	8147.855879	8149.608453	8151.430128	8152.437354	8147.115093	8150.292222			2.0	2.0	0.0	3.0					
8153.708	6.411000000000058	trials	12.0	8155.4604469999995	8157.291911	8158.2602640000005	8158.360265	8154.908184	8157.617736	8158.973	8160.119	2.0	1.0	1.0	1.0					
8162.208	22.140000000000327	trials	12.0	8178.721809000001	8179.873735	8182.280751	8182.594362	8178.130884	8181.421016	8183.079	8184.348	2.0	1.0	1.0	1.0					
8186.438	14.861000000000786	trials	12.0	8197.715079	8199.150743	8200.953594	8201.381178	8197.203033	8199.970116			2.0	1.0	0.0	3.0					
8204.268	7.6299999999992	trials	12.0	8206.807227	8208.047844	8210.002398	8210.159829	8206.054966	8208.98771	8210.619	8211.898	2.0	1.0	1.0	1.0					
8215.918	18.56999999999971	trials	12.0	8231.089963999999	8232.629555	8234.058663	8234.570368	8230.153656	8233.108158			2.0	1.0	0.0	3.0					
8236.353	7.695000000001528	trials	12.0	8239.920555	8241.677291	8243.716134	8243.947803	8238.949857	8242.844006			2.0	1.0	0.0	3.0					
8246.978	12.556000000000495	trials	12.0	8253.565629	8255.255876	8257.532393	8257.930155	8252.732001	8256.609408	8258.238	8259.534	2.0	1.0	1.0	1.0					
8263.553	15.587999999999738	trials	12.0	8275.500848	8276.65089	8278.802612	8279.211372	8274.518507	8277.875621			2.0	1.0	0.0	3.0					
8281.128	8.694999999999709	trials	12.0	8283.790711	8285.270192	8287.888233	8288.072271000001	8282.988527	8286.995635	8288.509	8289.823	2.0	1.0	1.0	1.0					
8291.869	325.0699999999997	BlockDesign														1.0	497.0	516.0	0.0	50.0
8291.869	24.388999999999214	trials	13.0	8307.837083999999	8308.853093	8315.243909	8315.605903	8306.845345	8310.157287			3.0	2.0	1.0	1.0					
8319.683	16.48999999999978	trials	13.0	8330.575744	8332.329400999999	8333.822641	8334.322803	8329.668558	8332.781558	8334.483	8336.173	3.0	2.0	1.0	1.0					
8340.263	13.549999999999272	trials	13.0	8349.790943	8351.290814	8353.014677	8353.913235	8348.788876999999	8351.926434			3.0	2.0	0.0	3.0					
8355.418	7.055000000000291	trials	13.0	8357.902367	8359.322804	8362.167528	8362.554452	8357.276171	8361.306545			3.0	1.0	0.0	3.0					
8364.479	6.59400000000096	trials	13.0	8366.465898	8367.731781	8368.823657	8369.287897	8364.93958	8367.968433	8369.543	8371.073	3.0	2.0	1.0	1.0					
8375.133	16.25500000000102	trials	13.0	8387.615489	8388.803100000001	8390.473298	8391.490265	8386.903537	8389.172566000001			3.0	2.0	0.0	3.0					
8392.782	7.861000000000786	trials	13.0	8395.191283	8396.337265	8398.540227	8398.853069	8394.274062	8397.32677	8399.173	8400.643	3.0	2.0	1.0	1.0					
8403.738	20.460000000000946	trials	13.0	8419.881074	8421.252768	8423.294103	8424.30014	8419.303958	8421.893409			3.0	2.0	0.0	3.0					
8426.657	10.636000000000422	trials	13.0	8433.381516	8434.993237	8436.637769	8437.393268	8432.41438	8435.404895			3.0	2.0	0.0	3.0					
8438.963	8.180000000000291	trials	13.0	8442.026768	8443.422828	8445.136647	8445.494716000001	8441.209880999999	8444.346578	8445.803	8447.143	3.0	2.0	1.0	1.0					
8451.203	17.605000000001382	trials	13.0	8462.446905	8463.923039	8467.190378	8468.908262	8461.462081	8464.776464999999			3.0	2.0	0.0	3.0					
8469.518	10.7450000000008	trials	13.0	8474.977187	8476.205772	8478.228221	8478.616544	8473.998015000001	8477.326347	8478.913	8480.263	3.0	2.0	1.0	1.0					
8482.284	15.66400000000067	trials	13.0	8492.223173	8493.477402	8495.777976	8496.158377	8491.311303	8493.873754	8496.373	8497.948	3.0	2.0	1.0	1.0					
8500.968	23.584999999999127	trials	13.0	8519.921616	8521.999488	8523.165347	8524.652855	8518.936617	8522.196636			3.0	2.0	0.0	3.0					
8525.469	11.790000000000873	trials	13.0	8533.848151	8534.998156	8536.251008	8536.292732	8532.921001	8535.46946			3.0	2.0	0.0	3.0					
8540.562	12.391999999999825	trials	13.0	8546.216799	8548.045404	8550.738272999999	8551.216368	8545.239534	8549.25051	8551.333	8552.954	3.0	2.0	1.0	1.0					
8556.043	14.951000000000931	trials	13.0	8566.602297	8568.332451	8569.924799	8571.093420000001	8566.014224999999	8568.817392			3.0	2.0	0.0	3.0					
8572.178	9.941000000000713	trials	13.0	8576.267282	8577.943976999999	8579.867366	8580.305723	8575.53023	8578.959414	8580.688	8582.119	3.0	2.0	1.0	1.0					
8586.221	16.67699999999968	trials	13.0	8596.122169	8597.979647	8600.577356	8601.034598	8595.392676	8598.558735	8601.128	8602.898	3.0	2.0	1.0	1.0					
8604.991	11.94800000000032	trials	13.0	8613.437733	8614.885079	8616.912588	8618.455064	8612.569362	8615.292012			3.0	2.0	0.0	3.0					
8620.244	719.6989999999987	BlockDesign														1.0	517.0	562.0	50.0	50.0
8620.244	12.134000000000015	trials	14.0	8625.723958999999	8627.864282999999	8630.183316	8630.618811	8625.000085	8625.782457	8630.823	8632.378	2.0	1.0	1.0	1.0					
8636.398	14.260000000000218	trials	14.0	8646.362457	8647.974528	8650.256877	8650.75633	8645.665125	8649.279873			2.0	1.0	0.0	3.0					
8653.657	6.956000000000131	trials	14.0	8655.312546000001	8657.100475	8659.376096	8660.711711	8654.759053	8657.784068			3.0	2.0	0.0	3.0					
8663.693	9.71600000000035	trials	14.0	8667.41712	8668.916874	8671.114433	8671.544213000001	8666.494927	8669.29521	8671.744	8673.409	3.0	2.0	1.0	1.0					
8675.428	17.284999999999854	trials	14.0	8686.809393	8688.039621	8691.152549	8692.815182	8685.968085	8688.800417999999			2.0	2.0	0.0	3.0					
8694.503	8.449999999998909	trials	14.0	8699.030071000001	8701.027437	8702.607987	8702.990543	8698.430788	8701.800453			2.0	1.0	0.0	3.0					
8704.883	12.264999999999418	trials	14.0	8710.403226	8712.48018	8715.801483	8717.251214	8709.652667	8713.151693			3.0	2.0	0.0	3.0					
8718.219	9.324000000000524	trials	14.0	8722.087281	8723.589161	8725.34181	8725.384683	8721.090926	8724.439398	8725.833	8727.543	3.0	2.0	1.0	1.0					
8730.559	22.054000000000087	trials	14.0	8746.567828	8747.959605	8751.855543	8752.715737999999	8745.876493	8749.578441			2.0	2.0	0.0	3.0					
8755.198	7.074999999998909	trials	14.0	8756.951711	8758.984938	8760.356421	8760.624738	8756.304642	8759.564102	8761.009	8762.273	2.0	1.0	1.0	1.0					
8766.299	19.263999999999214	trials	14.0	8781.293072	8783.236952	8785.306499	8785.647409000001	8780.572377	8784.413912			2.0	1.0	0.0	3.0					
8789.583	5.739999999999782	trials	14.0	8791.563216	8793.044973	8794.724823	8794.786163	8789.726061	8793.369585			2.0	2.0	0.0	3.0					
8796.978	15.306000000000495	trials	14.0	8805.292723999999	8807.194184	8810.093786	8810.564178	8804.411906	8808.077736	8810.663	8812.284	3.0	2.0	1.0	1.0					
8814.373	18.246000000001004	trials	14.0	8826.653579	8828.055561000001	8831.972587	8832.721017	8826.103529	8828.697144			3.0	2.0	0.0	3.0					
8834.488	7.595000000001164	trials	14.0	8836.503521999999	8837.605463	8840.052917	8840.459997	8835.518295	8838.559188	8840.674	8842.083	3.0	2.0	1.0	1.0					
8845.158	14.965000000000146	trials	14.0	8855.148509999999	8857.126818	8859.286268	8860.22472	8854.272933	8857.440086999999			3.0	2.0	0.0	3.0					
8861.578	12.626000000000204	trials	14.0	8870.958311	8872.480175	8873.949985	8874.247829	8870.0402	8872.679886			3.0	2.0	0.0	3.0					
8877.25	17.828999999999724	trials	14.0	8891.868859	8893.009517999999	8894.824934	8895.162261	8891.275747	8893.950861			2.0	1.0	0.0	3.0					
8897.083	6.850000000000364	trials	14.0	8899.453945000001	8900.969848	8901.977837	8902.460609	8898.688487	8901.217229	8902.748	8903.933	3.0	2.0	1.0	1.0					
8908.032	24.837000000001353	trials	14.0	8924.553127	8925.955736	8930.421531	8932.969899	8923.718273	8926.217328			3.0	2.0	0.0	3.0					
8933.693	42.32999999999993	trials	14.0	8971.164445999999	8972.396288	8974.305866	8974.584936	8970.458903	8973.561593999999	8974.933	8976.023	2.0	1.0	1.0	1.0					
8978.108	13.761000000000422	trials	14.0	8987.149299	8988.926436	8990.056563	8990.25387	8986.369926	8989.280156	8990.524	8991.869	2.0	1.0	1.0	1.0					
8994.888	15.094999999999345	trials	14.0	9004.579455	9006.449281000001	9007.781194	9008.268866	9003.730376	9006.921811	9008.353	9009.983	3.0	2.0	1.0	1.0					
9014.073	11.760000000000218	trials	14.0	9021.16952	9022.412699	9024.445884	9025.936038	9020.380943	9023.325077			2.0	2.0	0.0	3.0					
9028.723	6.344999999999345	trials	14.0	9030.344099	9031.385642000001	9032.944573	9033.320571	9029.276526	9032.112498	9033.528	9035.068	3.0	2.0	1.0	1.0					
9038.113	21.171000000000276	trials	14.0	9053.549642	9054.826015999999	9056.329928	9056.359733	9052.896149	9055.348877			3.0	2.0	0.0	3.0					
9060.674	8.003999999998996	trials	14.0	9065.044911	9066.795915	9068.229282	9068.783433	9064.131869	9067.412115			2.0	1.0	0.0	3.0					
9070.488	8.204999999999927	trials	14.0	9073.119593	9074.39657	9076.586574	9077.062134	9072.140028	9075.541025	9077.173	9078.693	3.0	2.0	1.0	1.0					
9080.713	17.979999999999563	trials	14.0	9092.289703999999	9093.696733	9097.859953	9098.794763	9091.537806	9095.075243			2.0	2.0	0.0	3.0					
9100.186	10.777000000000044	trials	14.0	9107.30453	9109.096023	9110.074713	9111.068133	9106.390994	9109.350458			3.0	2.0	0.0	3.0					
9113.33	13.718000000000757	trials	14.0	9121.380464	9123.20538	9124.95078	9125.285972	9120.453599	9124.057012000001	9125.633	9127.048	2.0	1.0	1.0	1.0					
9130.125	27.183000000000902	trials	14.0	9152.670014	9154.348422	9155.625839	9155.700764000001	9152.117277	9154.900751000001	9156.318	9157.308	2.0	1.0	1.0	1.0					
9159.333	12.18499999999949	trials	14.0	9166.530526999999	9168.609548	9169.732541	9169.97664	9165.580044	9168.893957	9170.473	9171.518	2.0	1.0	1.0	1.0					
9173.599	21.979999999999563	trials	14.0	9189.324896	9190.936289000001	9193.514407	9193.890466	9188.669426	9191.549189	9194.119	9195.579	3.0	2.0	1.0	1.0					
9198.593	8.2599999999984	trials	14.0	9203.756097	9205.056458000001	9206.432313	9206.941463000001	9202.793369	9205.583435			2.0	1.0	0.0	3.0					
9209.769	5.689000000000306	trials	14.0	9211.904107	9213.24115	9214.446449000001	9215.548882000001	9210.113702	9213.614389			3.0	2.0	0.0	3.0					
9217.773	6.81000000000131	trials	14.0	9219.993965	9221.851284	9222.895501	9223.093786	9219.079106000001	9222.194816000001	9223.633	9224.583	2.0	1.0	1.0	1.0					
9226.628	14.670000000000073	trials	14.0	9237.449143	9239.225914	9240.859193	9241.388765	9236.831563	9239.979667			2.0	1.0	0.0	3.0					
9245.141	6.143000000000029	trials	14.0	9247.114282	9248.361091	9250.182749	9251.375547	9246.51037	9249.048101			3.0	2.0	0.0	3.0					
9254.518	6.315000000000509	trials	14.0	9256.449305	9257.678871	9258.806104	9259.292428	9254.788005	9258.225965	9259.534	9260.833	3.0	2.0	1.0	1.0					
9264.966	12.192999999999302	trials	14.0	9273.524518	9275.31385	9276.729641	9277.250555	9272.919399	9275.940005			2.0	1.0	0.0	3.0					
9279.008	8.460000000000946	trials	14.0	9282.265039	9284.037856	9285.716491000001	9285.899246	9281.719069	9284.943979	9286.548	9287.468	2.0	1.0	1.0	1.0					
9290.498	14.170000000000073	trials	14.0	9300.815075	9302.533187	9304.209211	9304.757668	9300.171544	9303.342353			3.0	1.0	0.0	3.0					
9306.612	8.436000000001513	trials	14.0	9308.930053	9310.508219	9312.899096000001	9313.372678	9308.137126	9311.045443	9313.543	9315.048	3.0	2.0	1.0	1.0					
9318.134	14.134000000000015	trials	14.0	9327.260233	9329.007575	9330.934105	9330.988149	9326.624399	9329.572393			3.0	2.0	0.0	3.0					
9334.193	5.75	trials	14.0	9336.760285	9338.14232	9339.91562	9340.275398	9335.921022	9339.115382			2.0	1.0	0.0	3.0					
9344.19	90.73799999999937	BlockDesign														1.0	563.0	567.0	0.0	0.0
9344.19	5.554000000000087	trials	15.0	9346.255442	9347.893816	9348.813649	9349.834141	9344.034232	9347.971513			2.0	2.0	0.0	3.0					
9353.223	4.944999999999709	trials	15.0	9355.079897	9357.000373	9357.891514	9358.111424	9353.350483	9357.209651000001			2.0	1.0	0.0	3.0					
9362.178	35.23999999999978	trials	15.0	9394.866802	9396.091438	9397.088731	9397.271119	9394.211527	9396.378942			2.0	1.0	0.0	3.0					
9401.428	11.174999999999272	trials	15.0	9409.410191	9410.692124000001	9412.171619	9412.691749	9408.634705	9411.406814			2.0	1.0	0.0	3.0					
9415.588	19.340000000000146	trials	15.0	9431.86546	9433.447594000001	9434.891768	9435.658225000001	9430.858163	9434.183168			2.0	1.0	0.0	3.0					
9439.238	110.35000000000036	BlockDesign														1.0	568.0	572.0	0.0	0.0
9439.238	31.63500000000022	trials	16.0	9467.405494	9469.004405	9470.302118	9470.964273	9466.694042000001	9469.346033			3.0	2.0	0.0	3.0					
9474.708	6.010000000000218	trials	16.0	9477.842112	9479.272589	9480.300689	9480.809605	9477.14701	9479.630360000001			3.0	2.0	0.0	3.0					
9484.628	27.18199999999888	trials	16.0	9508.712422	9510.577992	9511.404779	9511.839254	9507.830531	9510.825805			3.0	2.0	0.0	3.0					
9515.813	17.575000000000728	trials	16.0	9530.665985	9531.787388	9532.897607	9533.479858	9529.856565	9532.1347			3.0	2.0	0.0	3.0					
9537.163	12.424999999999272	trials	16.0	9547.011351000001	9548.665303	9549.552139	9550.745425000001	9546.110476	9548.825898000001			3.0	2.0	0.0	3.0					
9551.928	1417.1149999999998	BlockDesign														1.0	573.0	631.0	50.0	50.0
9551.928	6.545000000000073	trials	17.0	9555.666023	9557.083937	9558.2024	9558.484271	9554.873938	9557.451319			3.0	1.0	0.0	3.0					
9560.516	7.882999999999811	trials	17.0	9565.111345000001	9567.171318	9567.915692	9568.491308	9564.334925000001	9567.258026			2.0	1.0	0.0	3.0					
9571.214	13.634000000000015	trials	17.0	9581.991437	9583.182256	9584.173344	9584.937557000001	9581.236247	9583.494118			3.0	2.0	0.0	3.0					
9588.563	5.829999999999927	trials	17.0	9590.495994	9592.189421000001	9592.852463000001	9593.129189	9588.821773	9592.321147	9593.483	9594.393	3.0	2.0	1.0	1.0					
9598.428	34.92000000000007	trials	17.0	9629.106505	9630.510973	9631.518553	9631.552966000001	9628.285507	9630.846522	9632.208	9633.348	3.0	2.0	1.0	1.0					
9635.376	85.90799999999945	trials	17.0	9717.366699	9718.614593	9719.761973	9719.966134	9716.782491	9719.052344	9720.488	9721.284	2.0	1.0	1.0	1.0					
9724.375	23.19800000000032	trials	17.0	9744.447297	9745.918575	9747.240716	9747.655955	9743.80952	9746.511505			2.0	1.0	0.0	3.0					
9750.579	4.854000000001179	trials	17.0	9752.338583	9753.520352			9750.796823	9753.505751			2.0		0.0	2.0					
9757.506	5.287000000000262	trials	17.0	9759.285917000001	9760.833983	9762.020261	9762.882794000001	9758.343713	9761.360178			3.0	2.0	0.0	3.0					
9764.375	7.222999999999956	trials	17.0	9767.432531	9768.888298	9769.808652	9770.030713	9766.476128	9769.162805	9770.494	9771.598	2.0	1.0	1.0	1.0					
9773.688	13.420000000000073	trials	17.0	9781.886591	9783.729517	9784.95663	9785.431343	9781.060165	9783.969416	9785.603	9787.108	3.0	2.0	1.0	1.0					
9791.133	12.075000000000728	trials	17.0	9798.452126	9799.761926000001	9802.108667	9802.484853	9797.741764	9801.221599			2.0	1.0	1.0	1.0					
9806.613	12.070000000001528	trials	17.0	9815.191427	9817.009874	9818.347853	9818.750155	9814.313366	9817.549691			2.0	1.0	0.0	3.0					
9821.763	5.520999999998821	trials	17.0	9823.723444	9825.419202000001	9826.95176	9827.09425	9822.484421000001	9826.21451			2.0	1.0	0.0	3.0					
9831.293	5.940000000000509	trials	17.0	9833.192591	9834.949335000001	9837.011995	9837.326057	9831.567351	9834.93815			3.0		0.0	2.0					
9839.934	5.725000000000364	trials	17.0	9842.464049	9843.668567	9844.605299	9845.751470000001	9840.899124	9843.966277			3.0	2.0	0.0	3.0					
9848.893	11.524999999999636	trials	17.0	9853.70757	9855.209161	9858.431804	9858.900391000001	9852.796319000001	9857.434532	9859.023	9860.418	3.0	2.0	1.0	1.0					
9862.438	16.71600000000035	trials	17.0	9875.028019	9876.573101	9878.299152	9879.246155	9874.321587	9877.210019			2.0	2.0	0.0	3.0					
9882.613	5.712000000001353	trials	17.0	9885.028211	9886.696195	9887.924350000001	9888.388703	9884.210575000001	9887.04141			3.0	2.0	0.0	3.0					
9891.3	14.779000000000451	trials	17.0	9900.707684	9902.439847	9903.931205	9904.474587	9899.765449	9903.019664	9904.558	9906.079	3.0	2.0	1.0	1.0					
9909.158	14.3700000000008	trials	17.0	9918.879491	9920.913308000001	9922.562245000001	9923.622287	9917.904056	9921.145456			2.0	2.0	0.0	3.0					
9925.953	75.1200000000008	trials	17.0	9997.893495	9999.485957	10000.614775	10001.163052	9997.178866	9999.845381000001			2.0	1.0	0.0	3.0					
10003.003	5.4099999999998545	trials	17.0	10004.94824	10006.702807	10007.553248	10008.505873	10003.374343	10006.76466			3.0	2.0	0.0	3.0					
10009.891	6.7370000000009895	trials	17.0	10012.288093000001	10013.410784	10014.766133000001	10015.146485000001	10011.405257	10014.05071	10015.433	10016.628	2.0	1.0	1.0	1.0					
10019.668	14.860000000000582	trials	17.0	10030.4532	10032.309536	10034.104589	10034.620508	10029.487106	10033.237486			2.0	1.0	0.0	3.0					
10036.373	8.06500000000051	trials	17.0	10038.648623000001	10040.015543	10042.580727	10042.85503	10038.088816	10041.842483	10043.163	10044.438	2.0	1.0	1.0	1.0					
10048.522	17.59099999999853	trials	17.0	10060.43905	10062.490437	10064.869963000001	10066.204826000001	10059.501688	10062.901196			3.0	2.0	0.0	3.0					
10067.158	11.829999999999927	trials	17.0	10071.208714	10072.882168	10074.852494	10075.821334	10070.570602	10073.434673			3.0	2.0	0.0	3.0					
10079.235	6.487999999999374	trials	17.0	10081.130677000001	10082.252408	10083.723645	10084.186291	10079.078863	10083.030851	10084.313	10085.723	3.0	2.0	1.0	1.0					
10088.744	15.523999999999432	trials	17.0	10099.444042000001	10100.959337	10103.85306	10104.359647000001	10098.779528000001	10102.967379			2.0	1.0	0.0	3.0					
10107.128	7.644999999998618	trials	17.0	10109.244118	10110.777411000001	10114.152308	10114.866623	10108.375489	10111.925916			2.0	2.0	0.0	3.0					
10116.484	6.859000000000378	trials	17.0	10120.149325	10121.639993	10123.092941	10123.248385	10119.362254	10122.366914			3.0	1.0	0.0	3.0					
10125.419	10.6200000000008	trials	17.0	10131.19426	10132.36072	10135.718812000001	10136.133382	10130.288317	10134.902251			2.0	1.0	0.0	3.0					
10138.973	8.405000000000655	trials	17.0	10141.235872000001	10142.818913000001	10145.326417	10145.774323	10140.338806	10143.458206	10145.963	10147.378	3.0	2.0	1.0	1.0					
10149.393	16.299999999999272	trials	17.0	10160.715974	10161.967355	10164.596303	10165.787246	10159.793644	10163.550304			2.0	2.0	0.0	3.0					
10167.978	37.530000000000655	trials	17.0	10201.489498	10202.631439	10204.063378	10205.601379	10200.94288	10203.243829000001			3.0	2.0	0.0	3.0					
10207.441	6.521999999999025	trials	17.0	10209.309572	10210.731551	10212.229873	10212.584438	10208.712129	10211.274937	10212.784	10213.963	3.0	2.0	1.0	1.0					
10216.003	15.755999999999403	trials	17.0	10227.194777	10229.174176	10230.350989	10231.853669	10226.362702	10229.372985			3.0	2.0	0.0	3.0					
10234.683	6.395999999998821	trials	17.0	10236.730194	10238.122831	10239.23272	10239.453725	10235.28405	10238.565824000001	10239.799	10241.079	2.0	1.0	1.0	1.0					
10244.973	22.810999999999694	trials	17.0	10263.149821	10264.943045	10266.027011	10266.281089	10262.335616	10265.342531	10266.521	10267.784	2.0	1.0	1.0	1.0					
10269.823	17.469999999999345	trials	17.0	10281.176378	10282.81935	10285.188368000001	10285.597004	10280.17144	10283.111525	10285.778	10287.293	3.0	2.0	1.0	1.0					
10290.323	14.889999999999418	trials	17.0	10299.301178	10301.165537	10304.346192	10305.305635	10298.777521	10301.873048			2.0	2.0	0.0	3.0					
10306.833	10.425999999999476	trials	17.0	10311.966999	10313.626411000001	10315.171375	10315.624349	10311.211226	10314.182119000001	10315.823	10317.259	3.0	2.0	1.0	1.0					
10321.348	16.485000000000582	trials	17.0	10333.935602	10335.602144	10336.613489	10337.926904	10333.166762	10335.66176			3.0	2.0	0.0	3.0					
10339.994	6.064000000000306	trials	17.0	10342.845487	10344.160882	10345.7491	10346.154425	10342.323556	10345.013696			2.0	1.0	0.0	3.0					
10348.128	22.545000000000073	trials	17.0	10365.225377	10366.841873000001	10368.852817	10368.993442	10364.513797	10368.134953	10369.613	10370.673	2.0	1.0	1.0	1.0					
10373.708	15.799999999999272	trials	17.0	10385.570516	10387.067053	10389.158819	10389.602074	10384.923499	10388.276402			2.0	1.0	0.0	3.0					
10393.469	5.84900000000016	trials	17.0	10395.480777	10396.633751000001	10398.649093	10399.412620000001	10394.007024	10397.115394			3.0	2.0	0.0	3.0					
10401.898	7.335000000000946	trials	17.0	10405.120081000001	10406.921593000001	10408.106446	10409.329321000001	10404.167719000001	10407.333136000001			3.0	2.0	0.0	3.0					
10412.363	381.9150000000009	trials	17.0	10791.072138	10792.941247	10793.896118	10794.370102	10790.299609	10793.224484			2.0	1.0	0.0	3.0					
10797.278	10.334999999999127	trials	17.0	10803.08673	10804.554275	10806.888071000001	10807.709363	10802.474498	10805.84843			3.0	2.0	0.0	3.0					
10811.153	17.11499999999978	trials	17.0	10822.422079	10823.698994	10827.835423	10828.366127000001	10821.634591	10826.905592000001			3.0	1.0	0.0	3.0					
10831.173	14.75	trials	17.0	10841.134084000001	10843.024543	10844.221237	10844.432323	10840.348655	10843.608725	10844.803	10845.923	2.0	1.0	1.0	1.0					
10848.044	50.29900000000089	trials	17.0	10893.028787	10894.499773	10896.37419	10896.832144	10892.367694	10895.473469	10897.028	10898.343	3.0	2.0	1.0	1.0					
10900.439	19.54399999999987	trials	17.0	10914.407528	10915.794436	10918.461121	10920.078938	10913.740981	10917.393293000001			2.0	2.0	0.0	3.0					
10920.792	10.636000000000422	trials	17.0	10925.634641	10927.224815	10929.569681	10929.870815	10925.114851	10928.587792	10930.093	10931.428	2.0	1.0	1.0	1.0					
10934.547	14.572000000000116	trials	17.0	10944.957503	10946.968612	10948.860684	10949.181532	10944.33421	10947.981167			2.0	1.0	0.0	3.0					
10953.125	6.528000000000247	trials	17.0	10955.148881000001	10957.044001	10958.679844	10959.751276	10953.451567	10957.703611			3.0	2.0	0.0	3.0					
10962.053	6.989999999999782	trials	17.0	10963.929298000001	10965.629641	10967.204189	10967.461171	10963.015342	10966.469389	10967.869	10969.043	2.0	1.0	1.0	1.0					
10972.093	2242.654999999999	BlockDesign														1.0	632.0	759.0	50.0	10.0
10972.093	19.40099999999984	trials	18.0	10987.408063	10988.741746	10991.182606	10991.551952	10986.756239	10990.382977000001			1.0	1.0	0.0	3.0					
10993.571	7.402000000000044	trials	18.0	10995.238247000001	10996.765263000001	10998.876587	10999.224277000001	10994.331757	10997.988872	10999.518	11000.973	1.0	2.0	1.0	1.0					
11002.994	15.189000000000306	trials	18.0	11012.408599	11013.730657	11016.342317	11016.665219	11011.874842000001	11015.571131	11016.923	11018.183	1.0	1.0	1.0	1.0					
11021.198	15.625	trials	18.0	11032.94857	11034.42562	11036.133397	11036.921195	11032.162483	11035.19665			1.0	2.0	0.0	3.0					
11040.469	6.229000000001179	trials	18.0	11042.73509	11044.670180000001	11046.276361	11046.794564	11041.926202	11045.49707			1.0	1.0	0.0	3.0					
11048.611	6.976999999998952	trials	18.0	11051.108606	11052.390691	11054.80244	11055.686759	11050.478521000001	11053.858333			1.0	2.0	0.0	3.0					
11059.078	6.364999999999782	trials	18.0	11061.193438	11063.101754	11064.472522	11065.537969	11059.849962	11063.768974			1.0	2.0	0.0	3.0					
11067.804	17.138999999999214	trials	18.0	11079.543158	11081.201836	11083.141345	11083.415661000001	11078.942669	11082.36184	11083.784	11084.943	1.0	1.0	1.0	1.0					
11087.963	14.675000000001091	trials	18.0	11098.833647	11100.126824	11102.390348	11102.673418	11097.916786	11101.466901			1.0	1.0	0.0	3.0					
11104.648	7.2450000000008	trials	18.0	11106.563791	11108.565775000001	11110.891849	11111.992081	11105.473787	11109.972635			1.0	2.0	0.0	3.0					
11115.266	25.412000000000262	trials	18.0	11135.278844	11136.899665	11138.862401	11139.112543	11134.435145	11138.080332	11139.698	11140.678	1.0	1.0	1.0	1.0					
11143.728	16.350000000000364	trials	18.0	11155.669121	11157.607964	11159.74411	11160.138686	11154.736951	11158.448225			1.0	1.0	0.0	3.0					
11162.098	6.6599999999998545	trials	18.0	11164.109328	11165.215508000001	11167.647407	11168.854921	11163.015698	11166.297671			1.0	2.0	0.0	3.0					
11169.918	22.770000000000437	trials	18.0	11187.463969	11189.192012	11191.76428	11192.786323	11186.597315	11190.120557			1.0	2.0	0.0	3.0					
11195.098	38.64600000000064	trials	18.0	11230.044023	11232.063866	11233.444181	11233.708451	11229.238744	11232.720064000001			1.0	1.0	0.0	3.0					
11235.753	11.969999999999345	trials	18.0	11242.729531	11244.279692	11246.021083	11246.318519	11242.024181	11245.244231	11246.638	11247.723	1.0	1.0	1.0	1.0					
11251.842	13.240999999999985	trials	18.0	11261.520617	11263.076522	11264.72599	11265.184129000001	11260.714175000001	11263.801931			1.0	1.0	0.0	3.0					
11269.047	7.244999999998981	trials	18.0	11270.852056	11272.226834000001	11275.613374	11276.390039	11269.649299	11273.568086			1.0	2.0	0.0	3.0					
11279.953	5.170000000000073	trials	18.0	11282.02965	11283.243511	11284.883288	11285.064956	11281.493551	11284.108415			1.0	1.0	0.0	3.0					
11287.141	18.442000000000917	trials	18.0	11298.846095	11300.934068	11304.807067	11305.682591	11298.244246	11302.250857			1.0	2.0	0.0	3.0					
11309.058	46.029999999998836	trials	18.0	11348.864876	11350.459218	11354.45428	11355.189545000001	11348.032255	11352.083050000001			1.0	2.0	0.0	3.0					
11357.754	6.779999999998836	trials	18.0	11359.605411	11360.966379000001	11363.868258	11364.632991	11358.577435	11361.784391000001			1.0	2.0	0.0	3.0					
11368.113	4.890000000001237	trials	18.0	11369.780333	11371.477409	11372.539192	11373.102774	11368.616366	11371.897282			1.0	1.0	0.0	3.0					
11376.788	16.264999999999418	trials	18.0	11384.597144	11386.348871	11392.41466	11393.152145	11383.702143	11387.652365			1.0	2.0	0.0	3.0					
11395.669	24.799000000000888	trials	18.0	11414.316132	11415.749617000001	11419.798042	11420.565233000001	11413.533385	11417.819414			1.0	2.0	0.0	3.0					
11424.188	10.170000000000073	trials	18.0	11429.916889	11431.322564	11432.629022000001	11432.862242	11429.183138	11431.903558	11433.369	11434.358	1.0	1.0	1.0	1.0					
11436.378	21.43499999999949	trials	18.0	11453.340532	11454.778717000001	11456.060021000001	11456.220535	11452.569782	11455.213393	11456.704	11457.813	1.0	1.0	1.0	1.0					
11461.898	15.015000000001237	trials	18.0	11472.270818	11473.664248000001	11475.04901	11475.315058	11471.514534	11474.21249	11475.768	11476.913	1.0	1.0	1.0	1.0					
11479.068	13.44000000000051	trials	18.0	11487.347687000001	11489.031886	11490.553088	11490.832132	11486.379289	11489.71354	11491.353	11492.508	1.0	1.0	1.0	1.0					
11495.568	54.3650000000016	trials	18.0	11546.449178	11547.953828			11545.686446	11547.944876			1.0		0.0	2.0					
11552.953	58.48999999999978	trials	18.0	11606.6317	11607.933799	11609.564144	11609.82076	11605.643171	11608.738877	11610.123	11611.443	1.0	1.0	1.0	1.0					
11613.516	20.072000000000116	trials	18.0	11628.866332	11630.648651	11631.935415	11632.157945	11628.070537	11631.222592	11632.483	11633.588	1.0	1.0	1.0	1.0					
11637.672	11.71600000000035	trials	18.0	11646.057932	11647.883026	11649.14759	11649.396439	11645.424102	11648.415836			1.0	1.0	0.0	3.0					
11653.459	15.80699999999888	trials	18.0	11665.817122	11667.193199000001	11668.959455	11669.200592000001	11665.283905	11668.128707			1.0	1.0	0.0	3.0					
11672.239	6.015000000001237	trials	18.0	11674.388121	11675.954849	11677.344187	11678.354234	11672.426809	11676.407998			1.0	2.0	0.0	3.0					
11679.658	11.079999999999927	trials	18.0	11686.197179	11687.248598	11690.442094	11690.779328	11685.625202	11689.625621			1.0	1.0	0.0	3.0					
11693.746	62.512000000000626	trials	18.0	11752.763714	11754.084062	11755.216796	11756.357837	11751.937775	11754.410261			1.0	2.0	0.0	3.0					
11758.598	5.329999999999927	trials	18.0	11760.532607000001	11762.289073	11763.291926	11764.028158000001	11759.274241	11762.589434000001			1.0	2.0	0.0	3.0					
11765.598	9.386000000000422	trials	18.0	11771.832385	11773.104356	11774.630864	11775.0866	11770.862519	11773.81517			1.0	1.0	0.0	3.0					
11776.963	24.924000000000888	trials	18.0	11797.592219	11798.940627	11800.943483	11801.984699	11796.955597	11799.869659			1.0	2.0	0.0	3.0					
11805.254	26.013999999999214	trials	18.0	11827.80197	11829.193841	11830.956713	11831.361817	11826.818812000001	11830.066976			1.0	2.0	0.0	3.0					
11833.278	22.289999999999054	trials	18.0	11852.197586	11853.95923	11855.169713	11855.667373	11851.453548000001	11854.370488			1.0	2.0	0.0	3.0					
11859.505	9.858000000000175	trials	18.0	11864.264285000001	11866.024729	11867.607693	11867.856067	11863.573223	11866.855144000001	11868.148	11869.363	1.0	1.0	1.0	1.0					
11872.438	15.405000000000655	trials	18.0	11884.523531	11885.699662	11887.433656000001	11887.943878	11883.630127	11886.670672			1.0	1.0	0.0	3.0					
11889.753	8.149999999999636	trials	18.0	11892.632737	11894.717783	11896.599142	11898.002695	11891.716841000001	11895.503729			1.0	2.0	0.0	3.0					
11898.918	6.944999999999709	trials	18.0	11902.462919	11904.124691	11905.558273	11905.689101	11901.91034	11904.785698			1.0	1.0	0.0	3.0					
11907.909	10.09900000000016	trials	18.0	11914.148591000001	11915.435015	11917.637606	11918.108540000001	11913.160007	11916.815118			1.0	1.0	0.0	3.0					
11921.922	6.940999999998894	trials	18.0	11924.483183	11925.659818	11927.926751	11928.966755000001	11923.818628	11926.768069			1.0	2.0	0.0	3.0					
11931.183	10.449999999998909	trials	18.0	11935.893997	11937.654919	11939.781929	11940.158476	11935.150412	11938.922315	11940.393	11941.633	1.0	1.0	1.0	1.0					
11944.75	15.772999999999229	trials	18.0	11956.583231	11958.440246	11960.123663	11960.624938	11956.027052000001	11959.300316			1.0	1.0	0.0	3.0					
11963.383	8.121000000001004	trials	18.0	11967.099568	11968.895615000001	11971.072324	11971.606097	11966.519026	11970.274058			1.0	1.0	0.0	3.0					
11974.438	12.614999999999782	trials	18.0	11982.428189	11984.263016	11986.677122000001	11987.153759	11981.837282	11985.758078			1.0	1.0	0.0	3.0					
11989.973	17.344999999999345	trials	18.0	12002.878235	12004.800932	12006.006503	12007.418273	12002.275421	12005.100604			1.0	2.0	0.0	3.0					
12009.318	21.21600000000035	trials	18.0	12025.818595	12026.960422	12028.712279	12028.95383	12024.899917	12027.865310000001	12029.448	12030.534	1.0	1.0	1.0	1.0					
12034.553	14.885000000000218	trials	18.0	12043.398749	12045.700406	12047.496188000001	12047.851451	12042.472579000001	12046.691973	12048.034	12049.438	1.0	1.0	1.0	1.0					
12053.463	22.475000000000364	trials	18.0	12071.418833	12072.947964	12074.147622	12074.38269	12070.828031000001	12073.324666	12074.768	12075.938	1.0	1.0	1.0	1.0					
12078.028	17.670000000000073	trials	18.0	12091.943930000001	12093.740048	12095.385241	12095.749805	12090.942176	12094.510841			1.0	1.0	0.0	3.0					
12099.75	22.538000000000466	trials	18.0	12117.640526	12119.085632	12120.363238	12120.804892	12117.075913	12119.510879000001	12120.998	12122.288	1.0	2.0	1.0	1.0					
12126.373	11.746000000001004	trials	18.0	12133.534439	12135.055312	12136.918903	12138.218495000001	12132.538309	12135.820585000001			1.0	2.0	0.0	3.0					
12139.238	6.275000000001455	trials	18.0	12142.213967	12143.321269	12145.061939	12145.615792	12141.318754	12144.341704			1.0	1.0	0.0	3.0					
12148.407	4.861000000000786	trials	18.0	12150.351181	12151.645877	12152.894134	12153.301864000001	12148.77154	12152.180173			1.0	2.0	0.0	3.0					
12155.204	12.863999999999578	trials	18.0	12162.284080000001	12163.901999	12166.149032000001	12166.340518	12161.609132	12165.318112	12166.683	12168.068	1.0	1.0	1.0	1.0					
12170.149	17.629000000000815	trials	18.0	12182.449725	12184.460867	12185.719136	12185.943565	12181.782305	12184.929395	12186.228	12187.778	1.0	1.0	1.0	1.0					
12189.793	13.280000000000655	trials	18.0	12199.884182	12201.022201	12202.762867000001	12203.145129	12199.192304	12201.937616			1.0	1.0	0.0	3.0					
12207.153	11.24200000000019	trials	18.0	12214.459472	12215.625484	12218.080205	12218.496641	12213.476174	12217.208723			1.0	1.0	0.0	3.0					
12220.399	6.565000000000509	trials	18.0	12222.115468	12223.495898000001	12226.100962	12227.065789	12220.807394	12224.827429			1.0	2.0	0.0	3.0					
12229.458	4.725000000000364	trials	18.0	12231.179432	12232.216115	12233.900025	12234.28775	12229.946981000001	12233.152600000001			1.0	1.0	0.0	3.0					
12236.143	17.23999999999978	trials	18.0	12248.505815	12249.656498	12252.620272000002	12252.655012000001	12247.990111000001	12251.252186000002			1.0	2.0	0.0	3.0					
12256.943	6.980000000001382	trials	18.0	12258.901136	12260.122157000002	12262.194357	12262.35819	12258.014459000002	12261.371927000002	12262.693	12263.923	1.0	1.0	1.0	1.0					
12266.008	15.125	trials	18.0	12277.010732	12278.261902	12280.750430000002	12281.238805	12276.337864000001	12279.808972			1.0	1.0	0.0	3.0					
12284.068	8.390000000001237	trials	18.0	12287.160886000001	12288.567236	12292.007036	12292.565081	12286.364625000002	12291.181460000002			1.0	1.0	0.0	3.0					
12294.323	9.034999999999854	trials	18.0	12298.095854000001	12299.798452	12302.716244000001	12303.463670000001	12297.565760000001	12300.705245000001			1.0	2.0	0.0	3.0					
12307.039	8.073999999998705	trials	18.0	12309.750669000001	12311.361572000002	12313.297424	12313.487332	12309.17969	12312.486701000002	12313.973	12315.113	1.0	1.0	1.0	1.0					
12319.141	30.67699999999968	trials	18.0	12343.9706	12345.522698	12347.864945000001	12348.175978000001	12343.447942	12346.958980000001	12348.478	12349.818	1.0	1.0	1.0	1.0					
12352.903	15.255999999999403	trials	18.0	12364.531007000001	12365.774021000001	12367.776367	12368.261147000001	12363.654875	12366.894679			1.0	1.0	0.0	3.0					
12371.028	7.388999999999214	trials	18.0	12372.921265	12374.623644000001	12377.893468	12378.477307000001	12371.580283000001	12375.531991000002			1.0	2.0	0.0	3.0					
12380.412	5.950999999999112	trials	18.0	12383.321838000002	12384.914485000001	12386.108303	12386.280925000001	12382.412884000001	12385.384856			1.0	1.0	0.0	3.0					
12390.375	6.7039999999997235	trials	18.0	12393.017627000001	12394.163368000001	12396.765377000002	12397.158988000001	12392.152279000002	12395.854735			1.0	1.0	0.0	3.0					
12401.004	9.373999999999796	trials	18.0	12403.040939	12404.737148	12408.280100000002	12408.705511000002	12401.671279000002	12405.74587	12408.981	12410.378	1.0	2.0	1.0	1.0					
12413.429	19.78900000000067	trials	18.0	12428.496718	12429.837621	12432.534605	12433.321960000001	12427.558916000002	12430.924189000001			1.0	2.0	0.0	3.0					
12434.829	11.654000000000451	trials	18.0	12442.876457	12444.695671000001	12446.188922000001	12446.410313	12442.217414	12445.419994000002			1.0	1.0	0.0	3.0					
12448.494	13.334999999999127	trials	18.0	12453.966062000001	12456.173534000001	12460.846930000002	12461.932192	12453.406384000002	12457.655907			1.0	2.0	0.0	3.0					
12464.159	11.0	trials	18.0	12468.021924	12469.560407	12474.288100000002	12474.784486	12467.141594	12473.2715			1.0	1.0	0.0	3.0					
12477.593	24.974999999998545	trials	18.0	12496.992343000002	12498.663362000001	12501.841554	12502.674943000002	12496.182383000001	12499.712833000001			1.0	2.0	0.0	3.0					
12506.128	7.934999999999491	trials	18.0	12508.736786000001	12509.858992000001	12513.238416	12514.167842	12507.817575000001	12511.278693			1.0	2.0	0.0	3.0					
12517.504	6.364999999999782	trials	18.0	12519.491734000001	12520.633367	12521.965449000001	12522.02476	12518.083337000002	12521.13269	12522.708	12523.869	1.0	2.0	1.0	1.0					
12527.888	16.36999999999898	trials	18.0	12536.452146000001	12538.446979	12542.562290000002	12544.363211000002	12535.502584000002	12539.441582000001			1.0	2.0	0.0	3.0					
12545.049	44.56399999999849	trials	18.0	12586.251791	12587.882089	12588.790051000002	12589.716905000001	12585.411290000002	12587.905304000002			1.0	2.0	0.0	3.0					
12591.043	56.66100000000006	trials	18.0	12642.438858000001	12644.480219000001	12645.904181000002	12646.302209000001	12641.464232	12644.705115	12646.583	12647.704	1.0	1.0	1.0	1.0					
12651.75	11.778000000000247	trials	18.0	12658.854067	12660.518157	12661.772544000001	12662.018182000002	12658.213342000001	12661.033492	12662.353	12663.528	1.0	1.0	1.0	1.0					
12666.628	16.55500000000029	trials	18.0	12674.479255	12676.010648000001	12681.287901000002	12681.726853000002	12673.901974	12676.557039000001	12681.954	12683.183	1.0	1.0	1.0	1.0					
12686.333	8.992999999998574	trials	18.0	12692.057071000001	12693.619882	12694.959840000001	12695.429711	12691.213806000002	12694.165825000002			1.0	1.0	0.0	3.0					
12698.303	6.15099999999984	trials	18.0	12700.207894000001	12701.66918	12703.136317	12704.559371000001	12698.708531	12702.381046			1.0	2.0	0.0	3.0					
12707.443	6.2849999999998545	trials	18.0	12709.287659000001	12710.547689	12712.20059	12712.380538000001	12708.364127	12711.547405000001	12712.994	12713.728	1.0	1.0	1.0	1.0					
12715.753	13.545000000000073	trials	18.0	12725.382413000001	12726.985282000001	12728.738219	12729.402723000001	12724.504006000001	12727.965596000002			1.0	1.0	0.0	3.0					
12731.065	7.608000000000175	trials	18.0	12733.293007	12734.700013000001	12736.671355	12737.064071	12732.704782	12735.577867000002	12737.358	12738.673	1.0	2.0	1.0	1.0					
12741.763	14.989999999999782	trials	18.0	12750.663316000002	12752.414755000002	12755.44079	12756.86158	12749.889601	12752.859068000002			1.0	2.0	0.0	3.0					
12757.744	8.0	trials	18.0	12762.439721	12763.672913	12765.504811	12765.818066000002	12761.857786	12764.749669			1.0	1.0	0.0	3.0					
12769.753	11.231999999999971	trials	18.0	12776.833439000002	12778.747046	12780.627353000002	12781.070594	12776.316056000001	12779.879671			1.0	1.0	0.0	3.0					
12783.943	6.0	trials	18.0	12785.583523000001	12787.28771	12789.186836	12790.052224000001	12784.719881	12788.113333000001			1.0	2.0	0.0	3.0					
12791.555	9.273999999999432	trials	18.0	12796.243516	12798.147907	12800.032346000002	12800.93733	12795.51466	12799.023029000002			1.0	2.0	0.0	3.0					
12804.348	13.135000000000218	trials	18.0	12813.953242000001	12815.199823	12817.121059000001	12817.588359000001	12813.039593000001	12816.307630000001			1.0	1.0	0.0	3.0					
12820.424	11.823999999998705	trials	18.0	12827.088505000002	12828.740243	12831.514502000002	12832.354746	12826.428176000001	12829.408202			1.0	2.0	0.0	3.0					
12834.833	18.279999999998836	trials	18.0	12849.168237000002	12850.639798	12852.785142	12853.221593000002	12848.628573000002	12852.013400000002			1.0	1.0	0.0	3.0					
12856.087	8.041000000001077	trials	18.0	12858.093674000002	12859.251461000002	12863.165892	12864.236200000001	12856.786742	12859.993529000001			1.0	2.0	0.0	3.0					
12865.619	14.854999999999563	trials	18.0	12876.848735000001	12878.580496	12880.096487	12880.548499	12875.854547	12879.338099			1.0	1.0	0.0	3.0					
12883.443	7.486000000000786	trials	18.0	12885.293905	12886.785796	12890.02972	12891.035924000002	12884.247707	12887.887352000002			1.0	2.0	0.0	3.0					
12892.371	19.447000000000116	trials	18.0	12908.329591000002	12909.63088	12910.878339	12911.927824	12907.356529	12910.063747			1.0	2.0	0.0	3.0					
12915.188	20.280000000000655	trials	18.0	12930.494149000002	12932.085741	12933.5624	12933.877427000001	12929.851309000001	12932.716334	12934.138	12935.468	1.0	1.0	1.0	1.0					
12937.553	15.614999999999782	trials	18.0	12947.565255000001	12949.532486000002	12951.139553	12951.473146	12946.871264000001	12950.275468000002	12951.719	12953.168	1.0	1.0	1.0	1.0					
12956.268	11.465000000000146	trials	18.0	12964.329440000001	12965.435371000001	12967.366362	12967.778825000001	12963.385481000001	12966.471555000002			1.0	1.0	0.0	3.0					
12969.693	8.801000000001295	trials	18.0	12972.319430000001	12973.616460000001	12976.691745000002	12976.923867000001	12971.4631	12975.878255000001	12977.174	12978.494	1.0	1.0	1.0	1.0					
12982.61	22.761999999998807	trials	18.0	12998.084597000001	12999.298621000002	13001.540307000001	13002.115882000002	12997.495843	13000.740860000002			1.0	1.0	0.0	3.0					
13005.853	5.68500000000131	trials	18.0	13007.839292	13008.968303000001	13010.552627000001	13011.6488	13005.479135000001	13009.601771000001			1.0	2.0	0.0	3.0					
13014.852	6.605999999999767	trials	18.0	13016.944584	13018.993783000002	13019.978291000001	13020.111136000001	13015.787578000001	13019.311613000002	13020.613	13021.458	1.0	1.0	1.0	1.0					
13025.543	15.335000000000946	trials	18.0	13035.514441000001	13037.561343000001	13038.932932000002	13039.22321	13034.827309	13038.120728000002	13039.449	13040.878	1.0	1.0	1.0	1.0					
13044.96	9.718000000000757	trials	18.0	13050.754374000002	13052.510110000001	13054.284902000001	13054.785212	13049.927903000002	13053.427431000002			1.0	1.0	0.0	3.0					
13056.573	9.409999999999854	trials	18.0	13060.041098000002	13061.836487	13065.216510000002	13066.091998000002	13059.224198000002	13063.019957			1.0	2.0	0.0	3.0					
13068.839	9.655000000000655	trials	18.0	13073.825069	13075.470259000002	13076.904254000001	13077.084914000001	13072.874164	13076.212645000001	13077.623	13078.494	1.0	1.0	1.0	1.0					
13080.621	17.6770000000015	trials	18.0	13091.151361	13092.261481000001	13094.737304	13095.087172000001	13090.644754	13093.960265000002			1.0	1.0	0.0	3.0					
13099.0	5.539000000000669	trials	18.0	13100.744951	13102.646765000001	13103.703686	13104.649097000001	13098.408553000001	13102.847041			1.0	2.0	0.0	3.0					
13107.031	16.351999999998952	trials	18.0	13118.131034000002	13119.971668000002	13121.651471000001	13121.988258000001	13117.581653000001	13120.805945000002	13122.204	13123.383	1.0	1.0	1.0	1.0					
13125.471	14.79200000000128	trials	18.0	13136.539966	13137.568319000002	13139.917926000002	13140.370885	13135.544246000001	13139.057227000001			1.0	1.0	0.0	3.0					
13142.234	6.260000000000218	trials	18.0	13144.245368000002	13146.168563000001	13147.538128	13148.601383000001	13143.00811	13146.515842			1.0	2.0	0.0	3.0					
13151.833	12.2549999999992	trials	18.0	13160.430382	13162.276388	13163.490518	13163.644782000001	13159.673401000002	13162.808677			1.0	1.0	0.0	3.0					
13167.798	10.474999999998545	trials	18.0	13172.740740000001	13174.802800000001	13176.499145000002	13176.724373000001	13171.945871000002	13175.788853000002	13177.079	13178.273	1.0	1.0	1.0	1.0					
13181.293	15.800000000001091	trials	18.0	13191.700912	13193.337079	13195.240666000002	13195.532438000002	13191.131821	13194.364816000001	13195.869	13197.093	1.0	1.0	1.0	1.0					
13200.153	14.594999999999345	trials	18.0	13209.010330000001	13210.531460000002	13212.254041	13212.590636	13208.406359	13211.360507000001	13212.928	13214.748	1.0	1.0	1.0	1.0					
13216.908	387.1750000000011	BlockDesign														1.0	760.0	783.0	90.0	50.0
13216.908	18.110000000000582	trials	19.0	13229.646958000001	13231.598699000002	13233.037579000002	13233.308531	13228.771754000001	13232.224074000002	13233.728	13235.018	1.0	1.0	1.0	1.0					
13237.083	12.323999999998705	trials	19.0	13245.560143	13246.977124000001	13249.020763	13249.464640000002	13244.938904	13248.189971000002			1.0	1.0	0.0	3.0					
13253.353	5.940000000000509	trials	19.0	13255.175935000001	13256.323199	13258.029658000001	13259.404558000002	13253.76077	13257.017825			1.0	2.0	0.0	3.0					
13262.409	6.554000000000087	trials	19.0	13264.465475	13266.303166000002	13267.102912	13267.402633000002	13262.771515	13266.521987000002	13267.693	13268.963	1.0	2.0	1.0	1.0					
13272.068	19.855000000001382	trials	19.0	13289.371487	13290.618163000001	13291.608629	13292.029181000002	13288.492046000001	13290.858965000001			1.0	2.0	0.0	3.0					
13293.922	11.136000000000422	trials	19.0	13299.567827	13301.384288000001	13303.346681	13303.597343000001	13298.593514	13302.109767000002	13303.909	13305.058	1.0	2.0	1.0	1.0					
13308.098	18.625	trials	19.0	13319.171248	13321.181258	13322.626660000002	13323.071201	13318.513399000001	13321.823548			1.0	1.0	0.0	3.0					
13326.878	6.084999999999127	trials	19.0	13328.547865	13329.937591000002	13331.044727	13331.472287	13326.834164000002	13330.299458000001	13331.653	13332.963	1.0	2.0	1.0	1.0					
13336.051	15.24200000000019	trials	19.0	13347.067688000001	13348.605512000002	13350.006892000001	13351.401427	13346.219453000002	13348.939277000001			1.0	2.0	0.0	3.0					
13352.284	9.304000000000087	trials	19.0	13356.716248	13358.167231000001	13359.702943	13359.9338	13356.085355000001	13358.967493	13360.393	13361.588	1.0	1.0	1.0	1.0					
13365.668	15.201000000000931	trials	19.0	13375.451471	13377.490955000001	13379.051491000002	13379.292922	13374.839876000002	13378.284407000001	13379.603	13380.869	1.0	1.0	1.0	1.0					
13382.956	17.60200000000077	trials	19.0	13395.451946000001	13396.638976000002	13398.808675	13399.118038	13394.908760000002	13397.949802000001	13399.538	13400.558	1.0	1.0	1.0	1.0					
13402.583	17.700999999999112	trials	19.0	13415.436511000002	13416.877003000001	13418.424652000002	13418.698754000001	13414.665322	13417.627145	13418.973	13420.284	1.0	1.0	1.0	1.0					
13423.308	13.139999999999418	trials	19.0	13431.291827000001	13433.184682000001	13434.557065	13434.836566000002	13430.662670000002	13433.728050000002	13435.369	13436.448	1.0	1.0	1.0	1.0					
13439.533	14.930000000000291	trials	19.0	13449.656949	13450.958700000001	13452.734828	13452.870256000002	13448.75011	13451.900000000001	13453.398	13454.463	1.0	1.0	1.0	1.0					
13457.55	14.529000000000451	trials	19.0	13467.052244	13468.221608000002	13470.129573000002	13470.446493000001	13466.098042000001	13469.250719000001	13470.744	13472.079	1.0	1.0	1.0	1.0					
13475.125	17.358000000000175	trials	19.0	13487.483803000001	13489.164245000002	13490.617583000001	13490.838266	13486.814522	13489.810492	13491.313	13492.483	1.0	1.0	1.0	1.0					
13494.588	16.965000000000146	trials	19.0	13506.762208	13508.079422	13509.645716	13509.925451000001	13505.757427	13508.900741000001	13510.313	13511.553	1.0	1.0	1.0	1.0					
13514.488	11.155000000000655	trials	19.0	13520.608514000001	13522.586507000002	13523.811131	13524.047090000002	13520.040400000002	13523.036989	13524.378	13525.643	1.0	1.0	1.0	1.0					
13527.674	13.873999999999796	trials	19.0	13535.898970000002	13537.794412000001	13539.813889000001	13540.057025000002	13535.300503	13538.709439000002	13540.463	13541.548	1.0	1.0	1.0	1.0					
13545.568	8.0	trials	19.0	13548.912755000001	13550.828927	13551.86554	13552.075928000002	13548.099160000002	13551.158751	13552.593	13553.568	1.0	1.0	1.0	1.0					
13555.613	15.950000000000728	trials	19.0	13567.087258000001	13568.334250000002	13569.786559	13570.014524000002	13566.372544000002	13569.073573000001	13570.348	13571.563	1.0	1.0	1.0	1.0					
13575.583	12.475000000000364	trials	19.0	13583.19403	13585.002100000002	13586.274325	13586.600869000002	13582.408633000001	13585.521773	13586.803	13588.058	1.0	1.0	1.0	1.0					
13592.172	11.911000000000058	trials	19.0	13598.687053000001	13599.901070000002	13602.217148000002	13602.596269000001	13597.840954000001	13601.328884	13602.844	13604.083	1.0	1.0	1.0	1.0					
13607.238	156.32600000000093	BlockDesign														1.0	784.0	789.0	0.0	0.0
13607.238	15.4950000000008	trials	20.0	13616.654489	13618.114802	13619.672572000001	13620.160916	13616.090233	13618.857610000001			1.0	1.0	0.0	3.0					
13624.983	13.420000000000073	trials	20.0	13635.017764	13636.480249	13638.019253	13638.513269000001	13634.237119000001	13637.197951000002			1.0	1.0	0.0	3.0					
13641.345	41.24800000000141	trials	20.0	13675.307574	13676.685265	13678.4444	13679.002874000002	13674.638225	13677.690127000002			1.0	1.0	0.0	3.0					
13682.818	4.945999999999913	trials	20.0	13684.778639	13685.865673			13682.703727	13685.855518			1.0		0.0	2.0					
13690.773	17.265000000001237	trials	20.0	13703.985044000001	13705.171145	13707.080533	13708.151434000001	13703.247418	13706.127455000002			1.0	2.0	0.0	3.0					
13711.454	52.11000000000058	trials	20.0	13760.562949000001	13762.283114000002	13763.506197	13764.537646	13759.811045	13762.615418000001			1.0	2.0	0.0	3.0					
13766.767	1342.6710000000003	BlockDesign														1.0	790.0	858.0	10.0	50.0
13766.767	12.056000000000495	trials	21.0	13773.464057000001	13775.401238	13776.998864000001	13777.288373000001	13772.886242	13776.128233000001	13777.553	13778.823	1.0	1.0	1.0	1.0					
13781.879	13.179000000000087	trials	21.0	13791.978274000001	13793.259711	13794.602441	13795.168843000001	13791.243546000002	13793.748871000002			1.0	1.0	0.0	3.0					
13797.919	10.429000000000087	trials	21.0	13803.853724	13804.992820000001	13807.780955000002	13808.461532000001	13802.992835000001	13805.934098000002			1.0	2.0	0.0	3.0					
13811.038	11.3799999999992	trials	21.0	13818.204334000002	13819.936168	13822.063981000001	13822.530944000002	13817.224883	13821.145058000002			1.0	1.0	0.0	3.0					
13824.33	43.38299999999981	trials	21.0	13863.304016000002	13864.621087000001	13866.043633000001	13866.378379000002	13862.668789000001	13865.000542000002	13866.718	13867.713	1.0	2.0	1.0	1.0					
13871.793	14.430000000000291	trials	21.0	13880.389118000001	13882.419206	13885.579043000002	13886.328137	13879.809713	13883.129984000001			1.0	2.0	0.0	3.0					
13890.244	5.213999999999942	trials	21.0	13892.325079000002	13894.071449000001	13894.993924	13895.572344	13890.71276	13894.281859			1.0	1.0	0.0	3.0					
13897.244	15.243999999998778	trials	21.0	13905.268861	13906.751556000001	13911.753101000002	13912.599022	13904.417800000001	13908.150925000002			1.0	2.0	0.0	3.0					
13915.108	15.524999999999636	trials	21.0	13925.344033000001	13927.341139	13928.815036000002	13930.747894	13924.342795	13927.791215000001			1.0	2.0	0.0	3.0					
13931.134	6.720999999999549	trials	21.0	13934.195651000002	13935.961253000001	13937.501530000001	13937.925205000001	13933.264166	13936.716662			1.0	1.0	0.0	3.0					
13939.828	11.210000000000946	trials	21.0	13946.175067	13948.166645000001	13950.584174000001	13951.152835	13945.636688	13949.640614000002			1.0	1.0	0.0	3.0					
13953.833	140.92000000000007	trials	21.0	14090.861441000001	14092.012303000001	14094.316985000001	14094.868544	14089.960499	14093.431973			1.0	1.0	0.0	3.0					
14098.619	8.068999999999505	trials	21.0	14100.490568000001	14102.362036	14104.571720000002	14104.969808000002	14099.863957000001	14102.798752	14105.113	14106.688	1.0	2.0	1.0	1.0					
14108.769	18.009000000000015	trials	21.0	14119.300072000002	14120.711135000001	14124.528379000001	14124.916594000002	14118.770174000001	14121.672287000001	14125.159	14126.778	1.0	2.0	1.0	1.0					
14130.793	11.411000000000058	trials	21.0	14137.666645000001	14138.848963	14141.469311	14142.316295	14136.965741000002	14139.847544			1.0	2.0	0.0	3.0					
14145.788	10.584999999999127	trials	21.0	14150.741000000002	14151.854111	14154.218501000001	14154.686510000001	14150.078074000001	14152.758967000002	14154.889	14156.373	1.0	2.0	1.0	1.0					
14159.464	15.689000000000306	trials	21.0	14170.690063000002	14171.903876	14174.354314	14175.265613000001	14169.882874	14172.829976			1.0	2.0	0.0	3.0					
14178.588	5.210000000000946	trials	21.0	14180.410907000001	14182.282576000001	14183.508209000001	14183.90342	14178.888284	14182.826039000001			1.0	1.0	0.0	3.0					
14185.803	8.165000000000873	trials	21.0	14188.546049	14190.504586000001	14191.710437000002	14192.315600000002	14187.588776	14190.822652	14192.393	14193.968	1.0	2.0	1.0	1.0					
14196.023	16.025000000001455	trials	21.0	14205.850603	14207.589266	14209.669090000001	14210.173241	14205.117092	14208.169627000001	14210.258	14212.048	1.0	2.0	1.0	1.0					
14216.188	12.44000000000051	trials	21.0	14221.335776000002	14223.390491000002	14226.242111000001	14226.698665000002	14220.452489000001	14223.78707	14226.784	14228.628	1.0	2.0	1.0	1.0					
14231.672	11.261000000000422	trials	21.0	14238.002542000002	14239.542884	14242.152445000002	14243.047600000002	14237.358061	14240.243398			1.0	2.0	0.0	3.0					
14246.443	9.2400000000016	trials	21.0	14248.261177	14249.592527	14252.590348000002	14253.543788	14247.377176000002	14251.501801			1.0	2.0	0.0	3.0					
14256.94	5.9429999999993015	trials	21.0	14258.752063000002	14260.261477000002	14261.713081000002	14262.999211	14255.797351000001	14260.972546			1.0	2.0	0.0	3.0					
14263.956	45.73199999999997	trials	21.0	14307.002654000002	14308.594364	14309.401597	14309.593915000001	14306.031172	14308.725798000001			1.0	1.0	0.0	3.0					
14311.767	17.786000000000058	trials	21.0	14325.076967	14326.472962000002	14327.871008000002	14328.150984000002	14324.349106000001	14327.116721000002	14328.403	14329.553	1.0	1.0	1.0	1.0					
14331.638	42.13999999999942	trials	21.0	14369.952118000001	14371.364216000002	14372.296388	14372.503994	14369.241445000001	14371.614557	14372.903	14373.778	1.0	1.0	1.0	1.0					
14377.848	28.324000000000524	trials	21.0	14403.028241	14404.602978	14405.926846000002	14406.285814	14402.512253	14405.218016			1.0	1.0	0.0	3.0					
14408.154	6.189000000000306	trials	21.0	14410.653065	14412.383534	14413.691879000002	14414.458078000001	14409.751711	14412.80549			1.0	2.0	0.0	3.0					
14415.948	9.364999999999782	trials	21.0	14421.461735	14422.867834	14425.075723000002	14425.342937000001	14420.946365000002	14424.290806			1.0	1.0	0.0	3.0					
14428.318	10.511000000000422	trials	21.0	14435.153722000001	14437.167779000001	14438.594270000001	14438.840240000001	14434.164112000002	14437.997933			1.0	1.0	0.0	3.0					
14440.984	13.074000000000524	trials	21.0	14449.573592	14451.294289000001	14453.617453	14454.174797000001	14448.637481000002	14452.869737			1.0	1.0	0.0	3.0					
14457.879	5.983999999998559	trials	21.0	14459.516779000001	14460.736200000001	14462.96275	14463.97652	14458.937279000002	14461.880718			1.0	2.0	0.0	3.0					
14466.268	9.784999999999854	trials	21.0	14471.672153000001	14473.428662000002	14475.098822000002	14476.167500000001	14470.911374000001	14474.279447			1.0	2.0	0.0	3.0					
14478.466	38.52299999999923	trials	21.0	14513.221963	14515.247113000001	14516.612726000001	14517.103862	14512.55959	14515.896142000001			1.0	1.0	0.0	3.0					
14518.918	7.145000000000437	trials	21.0	14520.614242000001	14521.849026000002	14523.994084000002	14524.521905000001	14519.827534	14522.937489000002	14524.708	14526.063	1.0	2.0	1.0	1.0					
14529.079	22.144000000000233	trials	21.0	14546.057481000002	14547.56621	14549.092406000002	14549.498705000002	14545.458142000001	14548.013004	14549.606	14551.223	1.0	2.0	1.0	1.0					
14554.333	16.524999999999636	trials	21.0	14562.837622000001	14564.007534	14568.473359000001	14568.984019000001	14562.028136	14565.026230000001	14569.079	14570.858	1.0	2.0	1.0	1.0					
14574.899	12.40900000000147	trials	21.0	14581.782923	14583.139385	14584.911252000002	14585.501288000001	14581.084148000002	14583.657839000001	14585.503	14587.308	1.0	2.0	1.0	1.0					
14591.329	9.793999999999869	trials	21.0	14596.864372	14597.964439000001	14600.182167	14601.242051000001	14596.276801	14599.080911000001			1.0	2.0	0.0	3.0					
14602.558	11.6299999999992	trials	21.0	14607.922684000001	14609.375251000001	14613.218090000002	14614.302697000001	14607.18374	14610.165143000002			1.0	2.0	0.0	3.0					
14615.723	45.82500000000073	trials	21.0	14656.012793000002	14657.684669000002	14659.415156000001	14659.852552	14655.501914	14658.085966	14659.938	14661.548	1.0	2.0	1.0	1.0					
14664.563	11.095999999999549	trials	21.0	14671.062853000001	14672.910431	14674.945243000002	14675.778959000001	14670.544208000001	14673.445256			1.0	2.0	0.0	3.0					
14678.251	7.32799999999952	trials	21.0	14680.302943	14681.979566000002	14684.408555000002	14685.696529	14678.742198000002	14682.850300000002			1.0	2.0	0.0	3.0					
14687.638	7.084999999999127	trials	21.0	14689.83367	14691.418484000002	14692.907562	14693.219603000001	14688.886942000001	14692.104491000002	14693.494	14694.723	1.0	1.0	1.0	1.0					
14697.813	14.649999999999636	trials	21.0	14707.763468000001	14709.425207	14712.054950000002	14712.582649	14707.081663	14711.228749000002			1.0	1.0	0.0	3.0					
14715.403	7.094999999999345	trials	21.0	14717.104910000002	14718.910561	14721.483905000001	14722.614800000001	14716.022303000002	14719.426280000001			1.0	2.0	0.0	3.0					
14724.87	6.643000000000029	trials	21.0	14726.898135000001	14728.503918000002	14730.818668000002	14731.631381000001	14725.875316000001	14729.277308			1.0	2.0	0.0	3.0					
14733.113	12.076000000000931	trials	21.0	14741.413619	14743.363730000001	14744.768467000002	14745.305104000001	14740.854848	14743.940798000001			1.0	1.0	0.0	3.0					
14747.152	7.210999999999331	trials	21.0	14750.253533000001	14751.378908	14753.891165000001	14754.48248	14749.271572000001	14752.987366000001			1.0	1.0	0.0	3.0					
14758.185	10.413000000000466	trials	21.0	14761.563796000002	14762.984984	14766.629767000002	14768.715467000002	14760.884444000001	14763.945107000001			1.0	2.0	0.0	3.0					
14771.409	54.064000000000306	trials	21.0	14820.115918000001	14821.21735	14824.100118000002	14825.592917000002	14819.373019	14821.947593			1.0	2.0	0.0	3.0					
14826.452	6.981000000001586	trials	21.0	14829.759005000002	14831.316266000002	14833.076078000002	14833.550297000002	14829.236098000001	14832.275796000002			1.0	1.0	0.0	3.0					
14837.361	7.291999999999462	trials	21.0	14839.433725	14841.285124000002	14842.519424000002	14843.016077	14837.850236000002	14841.586264000001	14843.213	14844.653	1.0	2.0	1.0	1.0					
14848.703	16.44000000000051	trials	21.0	14859.934441000001	14861.166155	14864.689754	14865.262036	14859.073755000001	14863.684848			1.0	1.0	0.0	3.0					
14868.994	7.908999999999651	trials	21.0	14870.853833000001	14872.651097000002	14874.789079000002	14875.252048000002	14869.074373000001	14873.293343000001	14875.413	14876.903	1.0	2.0	1.0	1.0					
14878.919	17.759000000000015	trials	21.0	14891.52389	14893.091617000002	14895.904297000001	14896.794073000001	14890.695259	14893.700260000001			1.0	2.0	0.0	3.0					
14900.262	14.755999999999403	trials	21.0	14910.479104000002	14911.948592	14914.406653000002	14915.138188	14909.738926000002	14912.527028			1.0	2.0	0.0	3.0					
14917.688	17.985000000000582	trials	21.0	14929.684476000002	14931.638780000001	14934.902737	14935.789811	14928.834890000002	14932.159895			1.0	2.0	0.0	3.0					
14937.253	6.418999999999869	trials	21.0	14939.664976	14941.419983000002	14943.348251000001	14943.753761	14938.728628	14942.474992000001			1.0	1.0	0.0	3.0					
14947.672	6.765999999999622	trials	21.0	14949.479291000001	14950.816175000002	14953.479628000001	14954.557319000001	14948.570855000002	14952.066881			1.0	2.0	0.0	3.0					
14957.778	37.905000000000655	trials	21.0	14990.319776	14991.517406	14993.877310000002	14994.273064	14989.379423000002	14992.328114000002	14994.483	14995.683	1.0	2.0	1.0	1.0					
14997.829	16.71900000000096	trials	21.0	15009.214996	15010.980074000001	15012.338737000002	15012.817601	15008.354111	15011.425171	15012.948	15014.548	1.0	2.0	1.0	1.0					
15018.628	15.424999999999272	trials	21.0	15028.920380000001	15030.219106	15031.963499000001	15032.431553000002	15028.110862000001	15031.026536000001	15032.478	15034.053	1.0	2.0	1.0	1.0					
15037.11	15.712999999999738	trials	21.0	15047.452033000001	15049.116419000002	15050.578397000001	15051.046855	15046.652903000002	15049.649795000001	15051.218	15052.823	1.0	2.0	1.0	1.0					
15056.843	13.264999999999418	trials	21.0	15064.859816	15066.159182000001	15067.972159	15068.400247000001	15064.225477	15067.070915	15068.473	15070.108	1.0	2.0	1.0	1.0					
15073.253	12.110999999998967	trials	21.0	15081.760729000001	15083.743669000001	15084.675563	15085.483907000002	15080.783327000001	15083.952062			1.0	2.0	0.0	3.0					
15086.988	7.579999999999927	trials	21.0	15089.265443	15090.811941	15092.551650000001	15092.950622	15088.385657	15091.796125	15093.159	15094.568	1.0	2.0	1.0	1.0					
15096.657	12.781000000000859	trials	21.0	15104.161342000001	15106.041910000002	15107.262794000002	15107.742173	15103.162328000002	15106.295363000001	15107.933	15109.438	1.0	2.0	1.0	1.0					
15112.547	301.4959999999992	BlockDesign														1.0	859.0	878.0	50.0	90.0
15112.547	12.86199999999917	trials	22.0	15121.105247000001	15123.087959	15124.748321000001	15125.531427000002	15120.497899000002	15123.37138			1.0	2.0	0.0	3.0					
15128.016	9.807000000000698	trials	22.0	15132.690307	15134.158441000001	15135.846281000002	15136.218481000002	15132.00933	15134.763395000002	15136.478	15137.823	1.0	2.0	1.0	1.0					
15141.907	11.066000000000713	trials	22.0	15148.011163000001	15149.503009	15150.812826000001	15151.282249000002	15147.130507000002	15149.889867000002	15151.409	15152.973	1.0	2.0	1.0	1.0					
15155.994	14.039999999999054	trials	22.0	15164.827629000001	15166.030298000001	15168.18596	15168.510380000002	15164.169623000002	15166.696084000001	15168.818	15170.034	1.0	2.0	1.0	1.0					
15174.053	8.385000000000218	trials	22.0	15178.230644000001	15179.447573000001	15181.469569	15181.973495000002	15177.728015	15180.221197			1.0	2.0	1.0	1.0					
15185.978	13.175000000001091	trials	22.0	15194.077964	15195.254621	15196.909705000002	15197.429722	15193.453658000002	15195.630002000002	15197.633	15199.153	1.0	2.0	1.0	1.0					
15201.188	15.556000000000495	trials	22.0	15211.786459	15213.317048	15214.434515	15214.971394	15211.101695000001	15213.539792000001	15214.909	15216.744	1.0	2.0	1.0	1.0					
15219.833	13.30999999999949	trials	22.0	15227.992746000002	15229.784554000002	15230.952022000001	15231.42069	15227.158804	15230.027803	15231.558	15233.143	1.0	2.0	1.0	1.0					
15236.203	13.210000000000946	trials	22.0	15243.876457000002	15245.776081	15246.975673	15247.406849	15242.932351000001	15246.076995000001	15247.563	15249.413	1.0	2.0	1.0	1.0					
15251.253	11.344999999999345	trials	22.0	15257.296782000001	15258.879970000002	15260.334547000002	15260.794394	15256.320049000002	15259.321051	15260.909	15262.598	1.0	2.0	1.0	1.0					
15264.674	10.058999999999287	trials	22.0	15269.756888000002	15271.351652000001	15272.491813	15272.902087	15269.119366	15271.558540000002	15273.159	15274.733	1.0	2.0	1.0	1.0					
15276.753	13.969999999999345	trials	22.0	15286.086641000002	15287.262711000001	15288.519677	15288.917870000001	15285.279403	15287.543321000001	15289.048	15290.723	1.0	2.0	1.0	1.0					
15292.801	15.778000000000247	trials	22.0							15307.058	15308.579	1.0	2.0	1.0	1.0					
15310.598	14.614999999999782	trials	22.0	15319.920202000001	15321.977291000001	15323.041774000001	15323.452579	15319.289783	15322.205816	15323.723	15325.213	1.0	2.0	1.0	1.0					
15328.253	8.950999999999112	trials	22.0	15333.399073	15335.040259000001	15336.173840000001	15336.636976	15332.661325000001	15335.31011	15336.853	15336.863	1.0	2.0	1.0	1.0					
15341.664	17.804000000000087	trials	22.0	15354.924338	15356.261422	15357.278696000001	15357.719812000001	15354.201028000001	15356.496803	15357.848	15359.468	1.0	2.0	1.0	1.0					
15363.5	10.828999999999724	trials	22.0	15369.65389	15371.277460000001	15372.23979	15372.675027000001	15368.699897	15371.413111	15372.869	15374.329	1.0	2.0	1.0	1.0					
15377.348	9.39600000000064	trials	22.0	15381.960818	15383.386211000001	15384.584321	15385.004645	15381.250451	15383.702992	15385.233	15386.744	1.0	2.0	1.0	1.0					
15389.758	8.31500000000051	trials	22.0	15393.264671	15394.757737	15396.038366	15396.471782	15392.711870000001	15395.144303000001	15396.653	15398.073	1.0	2.0	1.0	1.0					
15402.093	11.949999999998909	trials	22.0	15408.795388	15410.830411	15411.788641000001	15412.253432000001	15407.879414	15410.968135000001	15412.383	15414.043	1.0	2.0	1.0	1.0					
15417.141	443.3819999999996	BlockDesign														1.0	879.0	899.0	50.0	0.0
15417.141	8.777000000000044	trials	23.0	15421.204376	15422.692159	15423.948386	15424.245625	15420.317930000001	15423.175256	15424.523	15425.918	2.0	1.0	1.0	1.0					
15427.939	14.584999999999127	trials	23.0	15438.089975	15439.616093	15440.959655	15441.145463	15437.342115000001	15440.247979	15441.579	15442.524	2.0	1.0	1.0	1.0					
15444.553	8.90099999999984	trials	23.0	15449.82457	15451.593157000001	15452.664022	15453.545309000001	15448.894449000001	15451.97033			2.0	2.0	0.0	3.0					
15457.018	6.954999999999927	trials	23.0	15460.729909	15462.032486	15463.542374	15464.051475	15459.964328	15462.725722000001			2.0	1.0	0.0	3.0					
15465.884	42.95900000000074	trials	23.0	15505.630618000001	15506.92339			15504.977287	15506.916034			2.0		0.0	2.0					
15512.908	80.90000000000146	trials	23.0	15589.671791	15591.321473	15593.012087000001	15593.897836	15589.062875	15592.258546000001			2.0	1.0	0.0	3.0					
15596.373	8.050000000001091	trials	23.0	15599.790350000001	15601.592546	15603.798848	15604.512778	15599.202581000001	15602.991035000001			2.0	2.0	0.0	3.0					
15606.079	6.894000000000233	trials	23.0	15609.501788000001	15610.607288000001	15612.523572	15613.061259	15608.523220000001	15611.728867			2.0	1.0	0.0	3.0					
15614.848	13.985000000000582	trials	23.0	15624.25621	15626.222664	15628.415855000001	15628.923055000001	15623.725601	15627.62569			2.0	1.0	0.0	3.0					
15632.818	75.83500000000095	trials	23.0	15703.816409000001	15705.825838	15706.800965	15707.039269	15702.887108	15706.06334	15707.403	15708.653	2.0	1.0	1.0	1.0					
15711.818	13.261000000000422	trials	23.0	15719.860795	15721.514653	15723.198502000001	15723.588517	15719.084815	15722.416339000001	15723.994	15725.079	2.0	1.0	1.0	1.0					
15727.098	13.070999999999913	trials	23.0	15736.681658000001	15737.898139	15739.792070000001	15740.259481000001	15735.8575	15738.987529			2.0	1.0	0.0	3.0					
15742.178	6.489999999999782	trials	23.0	15743.882356	15745.848211	15747.809329	15748.759033	15743.125067	15747.035222			2.0	1.0	0.0	3.0					
15751.133	7.393000000000029	trials	23.0	15753.176473	15754.73326	15756.661826	15758.61248	15751.732302	15755.643144			2.0	2.0	0.0	3.0					
15760.914	6.587999999999738	trials	23.0	15762.811678	15764.30846	15766.399265	15766.679822	15762.055001	15765.671194			2.0	1.0	1.0	1.0					
15769.907	21.53100000000086	trials	23.0	15785.672698	15786.875485	15789.349279	15789.716911000001	15784.877168	15788.459083	15790.008	15791.438	2.0	1.0	1.0	1.0					
15793.523	15.375	trials	23.0	15803.691604	15805.188469	15806.934008	15807.253277	15802.77028	15806.063147	15807.503	15808.898	2.0	1.0	1.0	1.0					
15810.948	15.909999999999854	trials	23.0	15821.366517	15823.255000000001	15824.81726	15825.101747	15820.692881	15823.921595	15825.518	15826.858	2.0	1.0	1.0	1.0					
15831.003	12.240999999999985	trials	23.0	15839.597189	15840.794058000001	15842.874727	15843.336531	15838.983035000001	15842.007178			2.0	1.0	0.0	3.0					
15846.154	6.1489999999994325	trials	23.0	15847.963	15849.807356000001	15851.767143000001	15852.395437000001	15846.920384000001	15850.981403			2.0	1.0	0.0	3.0					
15854.068	6.454999999999927	trials	23.0	15856.766944	15857.914403	15860.479325	15861.560425	15856.110035	15859.613440000001			2.0	2.0	0.0	3.0					
15862.803	258.7399999999998	BlockDesign														1.0	900.0	919.0	0.0	50.0
15862.803	6.9099999999998545	trials	24.0	15865.151611000001	15866.662301	15867.820465	15868.191049000001	15864.334818000001	15867.217576000001	15868.454	15869.713	3.0	2.0	1.0	1.0					
15872.733	17.579999999999927	trials	24.0	15884.731799000001	15885.852748000001	15887.943755	15888.477326	15883.798934	15886.514309	15888.563	15890.313	3.0	2.0	1.0	1.0					
15892.375	15.227999999999156	trials	24.0	15900.746945	15901.86623	15903.560939	15904.633406	15899.979955	15902.609451			3.0	2.0	0.0	3.0					
15907.986	5.271999999999025	trials	24.0	15909.706565	15911.144944	15912.166683000001	15913.349285	15907.693916	15911.447195			3.0	2.0	0.0	3.0					
15914.518	8.3799999999992	trials	24.0	15918.121787	15920.223629	15921.702795000001	15922.986878	15917.565688	15920.491746			3.0	2.0	0.0	3.0					
15925.113	6.364999999999782	trials	24.0	15926.838724000001	15927.929327	15929.791513	15929.959304	15926.08134	15928.882429000001	15930.433	15931.478	3.0	2.0	1.0	1.0					
15935.568	13.2450000000008	trials	24.0	15943.593552	15945.191927	15946.708466	15947.199269	15942.934952	15945.464093	15947.363	15948.813	3.0	2.0	1.0	1.0					
15950.974	14.91400000000067	trials	24.0	15960.772606	15962.128988	15963.993838	15965.978412	15960.100145	15962.539748000001			3.0	2.0	0.0	3.0					
15966.404	8.134000000000015	trials	24.0	15970.47781	15972.414122	15973.474690000001	15974.631263000001	15969.725918	15972.695974			3.0	2.0	0.0	3.0					
15976.803	7.825000000000728	trials	24.0	15980.287432000001	15981.548218	15983.118003	15984.720142	15979.662767	15982.234333			3.0	2.0	0.0	3.0					
15987.463	10.774999999999636	trials	24.0	15991.753825	15993.609081	15996.183848	15996.685072	15991.23062	15994.108333	15996.773	15998.238	3.0	2.0	1.0	1.0					
16000.282	15.901000000001659	trials	24.0	16009.843151000001	16011.579103	16013.915418	16014.432683	16009.167992	16012.084597000001	16014.638	16016.183	3.0	2.0	1.0	1.0					
16019.317	11.316000000000713	trials	24.0	16026.393046000001	16028.241353000001	16029.835361000001	16030.724662	16025.435720000001	16028.455848000001			3.0	2.0	0.0	3.0					
16032.203	9.44000000000051	trials	24.0	16035.892741	16037.524706	16039.457980000001	16039.933874	16035.148055	16037.938107	16040.159	16041.643	3.0	2.0	1.0	1.0					
16045.734	14.010000000000218	trials	24.0	16054.343055000001	16055.429698	16057.542533	16057.989772	16053.465587	16056.108948000001	16058.138	16059.744	3.0	2.0	1.0	1.0					
16061.833	9.375	trials	24.0	16067.77327	16068.850045000001	16070.234351000001	16071.301889	16066.894448000001	16069.258295			3.0	2.0	0.0	3.0					
16072.598	10.25	trials	24.0	16077.997430000001	16079.558424	16081.793641	16082.940582000001	16077.141265	16080.249261			3.0	2.0	0.0	3.0					
16085.284	11.375	trials	24.0	16092.840033	16094.600039	16096.221235	16096.748271	16092.01424	16095.386846000001			3.0	1.0	0.0	3.0					
16098.563	7.190000000000509	trials	24.0	16100.488178	16102.409747	16103.612896	16104.196896000001	16099.592633	16102.759174	16104.273	16105.753	3.0	2.0	1.0	1.0					
16109.844	11.699000000000524	trials	24.0	16118.768327	16120.320604	16121.514972	16122.96844	16117.786483	16120.621427			3.0	2.0	0.0	3.0					
16125.803	659.4850000000006	BlockDesign														1.0	920.0	964.0	50.0	50.0
16125.803	6.694999999999709	trials	25.0	16128.043189	16129.994641000001	16131.660411	16132.591931	16127.47342	16130.611700000001			3.0	2.0	0.0	3.0					
16135.003	11.90599999999904	trials	25.0	16140.417959	16142.764631	16144.510139	16144.537526	16139.888078	16143.395866	16145.123	16146.909	3.0	2.0	1.0	1.0					
16149.969	18.184000000001106	trials	25.0	16161.907972	16163.76051	16166.173424	16166.490773000001	16161.269941	16165.322201	16166.878	16168.153	2.0	1.0	1.0	1.0					
16171.193	17.0	trials	25.0	16183.013506000001	16184.654869	16186.259872	16186.632352	16182.409113	16185.437973	16186.833	16188.193	2.0	1.0	1.0	1.0					
16190.253	14.713999999999942	trials	25.0	16201.839813	16203.555853	16204.615874000001	16205.029900000001	16201.274024	16203.846784000001			3.0	1.0	0.0	3.0					
16208.903	7.094999999999345	trials	25.0	16210.844615	16212.659905	16214.915803	16216.089584000001	16209.82804	16213.974849			2.0	2.0	0.0	3.0					
16217.314	7.298999999999069	trials	25.0	16220.938927000001	16222.360648	16224.275646	16224.693188000001	16220.139992	16223.504992			2.0	1.0	0.0	3.0					
16226.598	7.575000000000728	trials	25.0	16229.380431000001	16230.894398	16232.066573	16232.513722	16228.431658000001	16231.234218000001	16232.704	16234.173	3.0	2.0	1.0	1.0					
16237.193	23.81000000000131	trials	25.0	16255.554082	16257.467813000001	16259.086175	16259.29974	16254.743354	16258.270190000001	16259.603	16261.003	2.0	1.0	1.0	1.0					
16265.049	11.21099999999933	trials	25.0	16272.090746	16273.870289	16275.279493	16275.355688	16271.558787	16274.176834			3.0	2.0	0.0	3.0					
16278.659	8.045000000000073	trials	25.0	16280.264570000001	16282.311213	16283.488727	16284.090226	16278.988529	16282.756093			2.0	1.0	0.0	3.0					
16286.828	4.920000000000073	trials	25.0	16288.833442000001	16290.461507	16291.180526	16291.842063	16286.793775	16290.360862000001			2.0	2.0	0.0	3.0					
16293.575	8.018000000000029	trials	25.0	16296.683986	16298.481658	16299.715412000001	16299.88585	16296.01354	16299.058973000001	16300.383	16301.593	2.0	1.0	1.0	1.0					
16305.674	13.738999999999578	trials	25.0	16313.944043	16315.717379	16318.306145	16319.505902	16313.108831000001	16316.287991000001			3.0	2.0	0.0	3.0					
16320.631	8.057000000000698	trials	25.0	16323.184391	16325.018699	16326.630743	16326.989333000001	16322.435704	16325.618111	16327.088	16328.688	3.0	2.0	1.0	1.0					
16330.769	19.28900000000067	trials	25.0	16345.39967	16346.564754	16347.94763	16348.507897	16344.624214	16346.958377	16348.518	16350.058	3.0	2.0	1.0	1.0					
16352.08	14.503000000000611	trials	25.0	16362.845521000001	16364.320361	16365.909298	16366.675229	16362.102480000001	16364.552621			3.0	2.0	0.0	3.0					
16368.179	8.03399999999965	trials	25.0	16370.640151	16372.420745000001	16374.269909	16374.662122	16369.751704	16373.496112	16374.863	16376.213	2.0	1.0	1.0	1.0					
16378.235	13.048999999999069	trials	25.0	16386.349646000002	16387.495717	16389.203993	16389.581119000002	16385.81483	16387.997137000002	16389.803	16391.284	3.0	2.0	1.0	1.0					
16394.303	10.2400000000016	trials	25.0	16399.860598	16401.387056	16402.668641	16403.051422	16399.016387	16401.854263	16403.233	16404.543	2.0	1.0	1.0	1.0					
16407.573	10.71099999999933	trials	25.0	16413.083294	16415.045891	16416.157759	16416.579451	16412.229205	16415.324423000002	16416.663	16418.284	3.0	2.0	1.0	1.0					
16421.371	11.953000000001339	trials	25.0	16429.8152	16431.376265	16432.935356	16433.418104	16428.888817	16432.06841			2.0	2.0	0.0	3.0					
16437.246	6.797000000002299	trials	25.0	16439.949229	16441.860416	16443.661573	16444.135471	16438.941647	16442.855595			2.0	1.0	0.0	3.0					
16447.928	5.325000000000728	trials	25.0	16449.640292	16450.822117	16452.649871	16453.348048	16448.605184	16451.439570000002			3.0	2.0	0.0	3.0					
16455.044	5.4209999999984575	trials	25.0	16456.794361	16458.600154	16460.116549000002	16460.518585	16455.683017	16459.399757			2.0	1.0	0.0	3.0					
16464.393	41.513999999999214	trials	25.0	16503.185244	16504.943176	16505.588173	16505.960685000002	16502.345707	16504.890353			2.0	1.0	0.0	3.0					
16508.843	18.010999999998603	trials	25.0	16523.61365	16524.938672	16526.254351	16526.76767	16522.740763	16524.932927			3.0		0.0	2.0					
16528.863	7.299999999999272	trials	25.0	16532.507039	16533.597212	16535.714114000002	16536.257353	16531.714003	16534.607332			2.0	2.0	0.0	3.0					
16538.963	4.525000000001455	trials	25.0	16540.810349	16542.070522	16542.858419	16543.579883000002	16539.332908	16542.213050000002			3.0	2.0	0.0	3.0					
16547.211	6.243000000002212	trials	25.0	16548.881441	16550.301976	16551.678176	16551.988429	16547.695075	16550.910404000002	16552.329	16553.454	2.0	1.0	1.0	1.0					
16555.473	28.19499999999971	trials	25.0	16580.665061	16582.185842	16583.18452	16583.763077	16579.915547	16582.441036			3.0	2.0	0.0	3.0					
16586.503	8.451000000000931	trials	25.0	16590.360215	16591.903552	16593.196585	16593.545561	16589.562463000002	16592.389384000002	16593.829	16594.954	3.0	2.0	1.0	1.0					
16599.038	18.986000000000786	trials	25.0	16614.995738	16616.685799	16617.575351	16618.116154	16614.368848000002	16616.879981000002			2.0	1.0	0.0	3.0					
16620.848	5.039999999997235	trials	25.0	16622.895617000002	16623.972727			16621.766003	16623.963917			2.0		0.0	2.0					
16628.968	16.854999999999563	trials	25.0	16640.236732	16641.547004	16643.880581	16644.297496	16639.23316	16642.346312	16644.438	16645.823	3.0	2.0	1.0	1.0					
16647.903	18.705000000001746	trials	25.0	16662.680869	16664.02684	16665.509315	16666.701079	16661.830835	16664.260622			3.0	2.0	0.0	3.0					
16669.818	27.650000000001455	trials	25.0	16693.511434	16695.49369	16696.498181	16697.561602	16692.978865	16695.669644			3.0	2.0	0.0	3.0					
16699.843	7.059999999997672	trials	25.0	16701.8425	16703.777618	16704.982637	16705.451363	16701.003667	16704.01161	16705.718	16706.903	3.0	2.0	1.0	1.0					
16708.919	11.190999999998894	trials	25.0	16717.007666	16718.515384000002	16719.815153	16720.190369	16716.377384	16719.084674			2.0	1.0	0.0	3.0					
16722.058	5.985000000000582	trials	25.0	16723.846307	16725.289847	16726.905971	16728.137694	16722.913364	16725.828665			2.0	2.0	0.0	3.0					
16729.173	9.111000000000786	trials	25.0	16733.795636	16735.237682	16736.616710000002	16736.828117	16733.189506	16735.935047	16737.298	16738.284	2.0	1.0	1.0	1.0					
16741.369	11.104000000002998	trials	25.0	16749.008086	16750.635776	16752.052541	16752.569315	16748.056901	16750.821031			3.0	2.0	0.0	3.0					
16756.303	5.2849999999998545	trials	25.0	16758.346679000002	16759.989411000002	16761.155312	16761.684391	16756.573685	16760.396102			2.0	1.0	0.0	3.0					
16763.494	7.71900000000096	trials	25.0	16766.195238	16768.062713	16769.437981	16769.630302	16765.390742	16768.725824	16769.998	16771.213	2.0	1.0	1.0	1.0					
16774.235	11.052999999999884	trials	25.0	16781.936725	16783.739319	16785.255158	16785.798292	16781.423740000002	16784.390144			2.0	1.0	0.0	3.0					
16789.693	69.90500000000247	BlockDesign														1.0	965.0	969.0	0.0	0.0
16789.693	6.18500000000131	trials	26.0	16791.78614	16793.702381	16795.493657	16795.974436	16791.250916	16794.676826			2.0	1.0	0.0	3.0					
16799.828	21.368999999998778	trials	26.0	16817.911324	16819.846462	16820.751014	16821.269291	16817.231431	16820.148082			2.0	1.0	0.0	3.0					
16824.113	10.364999999997963	trials	26.0	16831.258163	16832.411735	16833.881431	16834.573232	16830.342652	16832.806124			2.0	2.0	0.0	3.0					
16838.235	11.20799999999872	trials	26.0	16843.362617	16844.568461	16848.994058	16849.540132000002	16842.841448	16848.033422			2.0	1.0	0.0	3.0					
16853.268	6.330000000001746	trials	26.0	16856.642113	16858.308502	16859.521205	16859.692147	16856.095073	16858.838957			2.0	1.0	0.0	3.0					
16864.002	113.93599999999788	BlockDesign														1.0	970.0	974.0	0.0	0.0
16864.002	11.577000000001135	trials	27.0	16870.91188	16872.412334	16874.734915	16874.911957	16870.330084	16873.229597			3.0	2.0	0.0	3.0					
16879.069	27.840000000000146	trials	27.0	16903.246697000002	16904.640872	16906.378252000002	16907.006258	16902.549286	16905.005498			3.0	2.0	0.0	3.0					
16910.714	9.098999999998341	trials	27.0	16915.772193	16917.351329	16918.668163000002	16919.907473	16915.113911	16917.72917			3.0	2.0	0.0	3.0					
16922.023	41.20000000000073	trials	27.0	16959.952153000002	16961.295884	16962.438649	16963.318871	16959.430217	16961.639111			3.0	2.0	0.0	3.0					
16965.773	12.164999999997235	trials	27.0	16975.197379	16976.968656	16977.926341000002	16978.676752	16974.233188000002	16977.156581			3.0	2.0	0.0	3.0					
16980.278	1706.3810000000012	BlockDesign														1.0	975.0	1065.0	50.0	50.0
16980.278	12.970000000001164	trials	28.0	16989.208424	16991.2205	16992.39485	16992.745966000002	16988.30419	16991.619398			2.0	2.0	0.0	3.0					
16994.768	11.875	trials	28.0	17001.187376	17002.229489	17004.891938	17005.164505	17000.415994	17003.8937	17005.458	17006.643	3.0	2.0	1.0	1.0					
17009.736	13.218000000000757	trials	28.0	17018.97779	17020.685624	17021.971792	17022.638102	17018.181349	17021.013639			3.0	2.0	0.0	3.0					
17025.313	27.181000000000495	trials	28.0	17049.808045	17051.043958000002	17051.9948	17052.591016000002	17048.962384	17051.345222			2.0	1.0	0.0	3.0					
17056.253	6.4909999999981665	trials	28.0	17057.858737000002	17059.203989	17060.639617	17061.087556	17057.20544	17059.735327000002	17061.244	17062.744	3.0	2.0	1.0	1.0					
17065.823	14.364999999997963	trials	28.0	17075.647639	17077.624271	17079.629536	17080.282232	17074.708739	17077.912364			3.0	2.0	0.0	3.0					
17081.958	9.610000000000582	trials	28.0	17086.327624	17088.260892000002	17089.6963	17089.991386	17085.388594	17088.861185	17090.313	17091.568	2.0	1.0	1.0	1.0					
17095.598	12.334999999999127	trials	28.0	17102.692682	17103.821293	17105.991418	17106.361055	17101.980374	17105.049299000002	17106.643	17107.933	2.0	1.0	1.0	1.0					
17111.003	15.590000000000146	trials	28.0	17120.55409	17122.601393	17124.289985	17124.820118	17119.60106	17123.17264	17124.968	17126.593	3.0	2.0	1.0	1.0					
17130.644	13.899000000001251	trials	28.0	17137.898554	17139.854968	17141.481565000002	17141.917117	17137.23839	17140.377638	17142.063	17144.543	3.0	2.0	1.0	1.0					
17147.628	13.889999999999418	trials	28.0	17157.61775	17158.905011	17160.574505	17161.614581	17157.100577	17159.540428			2.0	2.0	0.0	3.0					
17162.889	7.193999999999505	trials	28.0	17165.829064	17167.049456	17169.571915	17170.179724	17164.961278	17168.773832			2.0	1.0	0.0	3.0					
17171.963	5.6599999999998545	trials	28.0	17173.643627	17175.529883	17176.772005	17177.719286	17172.738259	17175.991223			3.0	2.0	0.0	3.0					
17181.098	13.284999999999854	trials	28.0	17188.138888	17190.15955	17192.578424	17192.904109	17187.204845	17191.810411	17193.284	17194.383	2.0	1.0	1.0	1.0					
17196.465	16.177999999999884	trials	28.0	17206.492988	17208.159079	17209.809259	17210.224325	17205.792382	17209.025863			2.0	1.0	0.0	3.0					
17213.125	5.19800000000032	trials	28.0	17215.103437	17216.249906	17217.409339	17218.42117	17212.738157	17216.58104			3.0	2.0	0.0	3.0					
17219.723	7.584999999999127	trials	28.0	17222.658442	17224.045081	17225.532826000002	17225.770069000002	17221.656395	17224.823165	17226.138	17227.308	2.0	1.0	1.0	1.0					
17231.378	12.816999999999098	trials	28.0	17238.203155	17240.123884	17242.143106	17242.547407000002	17237.348672	17240.317738	17242.869	17244.195	3.0	2.0	1.0	1.0					
17248.263	11.590000000000146	trials	28.0	17254.8856	17256.386446	17259.249962	17259.95285	17254.141124	17257.252612			2.0	2.0	0.0	3.0					
17262.518	10.595000000001164	trials	28.0	17269.608866000002	17271.468547	17272.690822	17273.212133	17268.974103	17271.895867			2.0	1.0	0.0	3.0					
17276.007	5.2369999999973516	trials	28.0	17277.663514	17278.914530000002	17280.707783	17281.339661	17276.295649	17279.267452			2.0	2.0	0.0	3.0					
17283.008	9.779999999998836	trials	28.0	17288.798164	17289.920429	17291.811064	17292.886295	17288.166465000002	17291.050868000002			3.0	2.0	0.0	3.0					
17294.098	7.429999999996653	trials	28.0	17297.733773	17299.686038	17300.747395000002	17301.625705	17296.789939000002	17299.976468			3.0	2.0	0.0	3.0					
17304.073	11.485000000000582	trials	28.0	17307.955456	17309.652779	17313.689834	17314.06762	17307.179288	17310.430693000002	17314.228	17315.558	3.0	2.0	1.0	1.0					
17319.643	13.415000000000873	trials	28.0	17327.885440000002	17329.336196	17331.997408	17333.154388	17327.079994	17329.824008			2.0	2.0	0.0	3.0					
17335.254	12.737999999997555	trials	28.0	17344.409086	17345.78573	17347.610233	17348.085107	17343.554284	17346.598277			2.0	1.0	0.0	3.0					
17350.991	7.206999999998516	trials	28.0	17352.835022	17354.365901	17356.089235	17356.54645	17352.075032	17354.746576	17356.572	17358.198	3.0	2.0	1.0	1.0					
17361.309	10.763999999999214	trials	28.0	17367.585316	17369.450966	17371.495043	17372.17102	17366.935741	17370.561319			2.0	2.0	0.0	3.0					
17373.875	10.247999999999593	trials	28.0	17379.734677	17381.735539	17383.320931000002	17384.223976	17379.050782	17382.28343			3.0	2.0	0.0	3.0					
17385.626	8.086999999999534	trials	28.0	17390.329152	17390.371199			17389.787536	17390.366722			3.0		0.0	2.0					
17394.318	12.670000000001892	trials	28.0	17402.314591000002	17404.293798	17406.42308	17407.087013	17401.38101	17404.586765			3.0	2.0	0.0	3.0					
17410.748	58.54999999999927	trials	28.0	17464.655051	17466.19032	17467.514187	17467.801282	17464.117325	17466.848812	17468.128	17469.298	2.0	1.0	1.0	1.0					
17472.313	13.171000000002095	trials	28.0	17480.684921	17482.076552	17483.71705	17483.995729000002	17479.880569	17482.96934	17484.388	17485.484	2.0	1.0	1.0	1.0					
17489.57	10.213999999999942	trials	28.0	17496.294379	17497.847918	17499.317715	17499.881044	17495.586196	17498.547317			2.0	1.0	0.0	3.0					
17502.628	6.544999999998254	trials	28.0	17504.390302	17505.662113	17507.221472	17507.64773	17502.708234	17506.312958000002	17507.829	17509.173	3.0	2.0	1.0	1.0					
17512.208	13.06000000000131	trials	28.0	17521.794604000002	17523.161608000002	17524.363217000002	17525.366945	17521.039286	17523.450563			3.0	2.0	0.0	3.0					
17526.698	7.0459999999984575	trials	28.0	17529.999695	17531.139175	17533.257569	17533.841451	17529.265803000002	17532.528325			2.0	1.0	0.0	3.0					
17535.568	11.375	trials	28.0	17541.025478	17543.363556	17544.80804	17545.335977000002	17540.097652	17543.799047	17545.508	17546.943	3.0	2.0	1.0	1.0					
17551.025	12.042999999997846	trials	28.0	17557.580543	17559.412139	17561.337811	17561.63797	17557.072445	17560.578773	17561.994	17563.068	2.0	1.0	1.0	1.0					
17565.09	18.808000000000902	trials	28.0	17579.822305	17581.171756	17583.368512	17583.99797	17579.292412000003	17581.887673			3.0	2.0	0.0	3.0					
17585.643	7.3400000000001455	trials	28.0	17587.900676	17589.051808	17591.234227	17591.5703	17587.259122	17590.439944	17591.869	17592.983	2.0	1.0	1.0	1.0					
17596.073	13.659999999999854	trials	28.0	17605.465276	17607.395879	17608.526627	17609.832323000002	17604.762364000002	17607.551753			3.0	2.0	0.0	3.0					
17610.833	9.930000000000291	trials	28.0	17616.960008000002	17618.902433	17620.440917	17620.836377	17616.321058	17619.710881			2.0	1.0	0.0	3.0					
17624.708	5.335000000002765	trials	28.0	17626.800406000002	17628.208072	17629.370018	17630.141766	17625.182576	17628.441442			2.0	2.0	0.0	3.0					
17633.751	14.182000000000698	trials	28.0	17643.505172	17645.002052	17646.256513	17646.561841000002	17642.608288	17645.620172	17646.918	17647.933	2.0	1.0	1.0	1.0					
17650.023	24.534999999999854	trials	28.0	17667.851057	17669.122501	17673.307447	17674.656302	17666.991797000002	17669.667794			3.0	2.0	0.0	3.0					
17676.62	7.038000000000466	trials	28.0	17679.186014	17680.450108	17683.318175	17683.747715	17678.533706000002	17682.421274			3.0	1.0	0.0	3.0					
17686.674	14.388999999999214	trials	28.0	17696.089831	17697.507692	17699.176552	17699.575514	17695.511831	17697.907465	17699.838	17701.063	3.0	2.0	1.0	1.0					
17704.079	13.583999999998923	trials	28.0	17712.973058	17714.095970000002	17716.908367	17717.763568000002	17712.085223000002	17714.929268			2.0	2.0	0.0	3.0					
17719.282	8.84100000000035	trials	28.0	17722.671063	17724.681194	17726.064613000002	17726.142353	17721.888734	17724.924842	17726.598	17728.123	3.0	2.0	1.0	1.0					
17731.143	12.354999999999563	trials	28.0	17738.637722	17739.992978000002	17742.341579	17743.600708	17737.957925000002	17740.718142			2.0	2.0	0.0	3.0					
17744.694	9.743999999998778	trials	28.0	17749.501415	17751.018273	17753.371198	17753.819381	17748.636592	17751.964084			3.0	2.0	1.0	1.0					
17756.873	16.45600000000195	trials	28.0	17766.321534000002	17767.408234000002	17769.466814	17769.990818000002	17765.358191	17768.598298			2.0	1.0	0.0	3.0					
17773.75	5.613000000001193	trials	28.0	17775.861353	17777.139719	17778.235415	17778.549305	17773.428381	17777.352238			3.0	2.0	0.0	3.0					
17781.551	10.692999999999302	trials	28.0	17788.912513	17790.382772	17791.687063	17792.345932	17788.127111	17790.847373			3.0	2.0	0.0	3.0					
17795.958	75.79000000000087	trials	28.0	17827.91158	17829.798131	17830.939952	17831.123972	17827.312209	17830.24641	17831.503	17871.748	2.0	1.0	1.0	1.0					
17873.773	52.17499999999927	trials	28.0	17922.086966	17923.690466	17925.643123	17926.022706	17921.490716	17924.014078			2.0	2.0	0.0	3.0					
17927.988	12.594999999997526	trials	28.0	17935.532446	17937.556355	17938.78299	17939.195591	17934.747238	17937.995654	17939.403	17940.583	3.0	2.0	1.0	1.0					
17944.669	13.093999999997322	trials	28.0	17951.122107	17952.784387			17950.238388	17952.778841			3.0		0.0	2.0					
17957.841	5.272000000000844	trials	28.0	17959.506868	17961.135586			17957.862329	17961.131321			3.0		0.0	2.0					
17967.194	17.489000000001397	trials	28.0	17979.546936	17981.070794	17982.882518	17983.165744	17978.797141	17982.153253	17983.433	17984.683	2.0	1.0	1.0	1.0					
17986.763	13.075000000000728	trials	28.0	17994.977725	17996.937037	17997.787611	17998.226326	17994.352379	17997.031598	17998.409	17999.838	3.0	2.0	1.0	1.0					
18002.903	15.25	trials	28.0	18012.497641	18014.266163	18016.194366	18016.557505	18011.824628000002	18015.469373	18016.784	18018.153	2.0	1.0	1.0	1.0					
18021.169	8.848999999998341	trials	28.0	18026.693264	18028.499371	18029.632375	18030.120173	18026.050342000002	18028.81683			2.0	1.0	0.0	3.0					
18033.963	6.010000000002037	trials	28.0	18035.948072	18037.943719	18039.104875	18040.076276	18034.199534	18038.18932			2.0	2.0	0.0	3.0					
18042.473	4.889999999999418	trials	28.0	18044.363588	18045.784363	18046.854286	18047.465148	18043.137465	18046.147209000002			2.0	1.0	0.0	3.0					
18049.188	7.30000000000291	trials	28.0	18051.139367	18052.982266	18054.348479	18054.817096	18049.813216000002	18053.257977	18054.883	18056.488	3.0	2.0	1.0	1.0					
18060.508	12.102999999999156	trials	28.0	18067.257458	18069.270874	18070.380745000002	18070.854979	18066.539078	18069.3253	18070.988	18072.611	3.0	2.0	1.0	1.0					
18075.649	25.338999999999942	trials	28.0	18097.858445	18099.009507000002	18100.481395	18101.090365	18097.161896	18099.760652			2.0	2.0	0.0	3.0					
18102.871	13.092000000000553	trials	28.0	18111.309783	18112.57561	18114.071861	18114.409636	18110.502848	18113.261791	18114.683	18115.963	2.0	1.0	1.0	1.0					
18117.979	26.369000000002416	trials	28.0	18140.748468	18142.313854	18143.625526	18144.449963	18139.941982	18142.737110000002			3.0	2.0	0.0	3.0					
18146.943	7.389999999999418	trials	28.0	18149.998067	18151.390068	18153.076586	18154.438406	18149.102411	18152.373758			3.0	2.0	0.0	3.0					
18156.375	14.59400000000096	trials	28.0	18167.33828	18168.936832			18166.578737	18168.927881			2.0		0.0	2.0					
18174.032	33.85100000000239	trials	28.0	18204.644923	18206.663114	18207.489359	18207.984538	18203.880188	18206.788289			3.0	2.0	0.0	3.0					
18209.803	11.639999999999418	trials	28.0	18216.613664	18218.500296000002	18219.558804	18219.952195	18215.79632	18218.78113	18220.124	18221.443	2.0	1.0	1.0	1.0					
18223.463	22.075000000000728	trials	28.0	18238.088489	18240.133234	18241.322459	18242.031415	18237.155755	18240.530218			2.0	1.0	0.0	3.0					
18245.638	8.730999999999767	trials	28.0	18247.479235	18248.871778	18252.610370000002	18252.990746	18245.641843	18249.318873	18253.134	18254.369	3.0	2.0	1.0	1.0					
18258.449	19.519000000000233	trials	28.0	18273.024491	18274.919171	18276.00256	18276.407795	18272.253013	18275.229846000002	18276.573	18277.968	2.0	1.0	1.0	1.0					
18280.113	15.651999999998225	trials	28.0	18291.734107	18293.465369	18294.6392	18295.864867	18290.827405	18293.732083			3.0	2.0	0.0	3.0					
18297.893	7.686000000001513	trials	28.0	18300.548597	18302.600659	18303.604718000002	18304.01134	18299.978875	18302.860792	18304.163	18305.579	3.0	2.0	1.0	1.0					
18307.598	12.534999999999854	trials	28.0	18316.154356	18317.745753	18319.128317000002	18320.235554	18315.223478	18318.310814			3.0	2.0	0.0	3.0					
18321.423	9.585000000002765	trials	28.0	18327.054389	18328.767539	18330.722497000002	18331.111968	18326.317683	18329.883137			2.0	1.0	0.0	3.0					
18332.973	15.0099999999984	trials	28.0	18343.649395	18345.68029	18346.814786	18348.084686000002	18342.799612	18345.86278			3.0	2.0	0.0	3.0					
18350.157	233.51699999999983	trials	28.0	18578.317576999998	18579.774037	18581.627912	18582.020646999998	18577.392958999997	18580.153852	18582.323	18583.674	3.0	2.0	1.0	1.0					
18586.758	18.6349999999984	trials	28.0	18599.883853	18601.760007999997	18603.517352	18603.900037	18598.923574999997	18602.752319	18604.233	18605.393	2.0	1.0	1.0	1.0					
18609.433	9.02100000000064	trials	28.0	18613.283011	18614.304786999997	18616.064965999998	18616.613369	18612.760841	18615.126986	18616.653	18618.454	3.0	2.0	1.0	1.0					
18621.538	10.307000000000698	trials	28.0	18628.318289	18629.499261999998	18631.299301	18631.935198	18627.773522	18630.484564			2.0	1.0	0.0	3.0					
18635.627	7.460999999999331	trials	28.0	18637.978303	18639.970235999997	18641.204939	18641.487904999998	18637.431317	18640.370707	18641.909	18643.088	2.0	1.0	1.0	1.0					
18645.105	14.013999999999214	trials	28.0	18654.204407999998	18655.782284999998	18656.946995	18657.390244	18653.695141	18656.097832	18657.563	18659.119	3.0	2.0	1.0	1.0					
18662.219	11.583999999998923	trials	28.0	18667.473265999997	18669.109758	18671.608484	18672.109474999997	18666.934309999997	18670.754224	18672.204	18673.803	2.0	1.0	1.0	1.0					
18676.958	9.701000000000931	trials	28.0	18683.343611999997	18684.458647	18686.636333	18687.255409999998	18682.495609999998	18685.772710999998			2.0	1.0	0.0	3.0					
18690.033	617.7109999999993	BlockDesign														1.0	1066.0	1108.0	90.0	50.0
18690.033	6.115000000001601	trials	29.0	18691.87273	18692.950042	18694.618438999998	18694.764608999998	18690.311068	18693.947726	18695.409	18696.148	1.0	1.0	1.0	1.0					
18698.178	14.026000000001659	trials	29.0	18706.818335	18707.940226	18710.430806	18710.726075	18705.903307999997	18709.705321999998	18711.154	18712.204	1.0	1.0	1.0	1.0					
18715.223	10.719999999997526	trials	29.0	18722.583671	18724.616981	18725.674595999997	18726.022183999998	18722.068709	18724.953664999997			1.0	2.0	0.0	3.0					
18730.023	17.010999999998603	trials	29.0	18741.703016	18743.706274999997	18745.161262999998	18745.463753	18741.166804	18743.966167	18745.763	18747.034	1.0	2.0	1.0	1.0					
18751.053	9.776000000001659	trials	29.0	18757.1135	18758.987967999998	18760.115393	18760.922198	18756.16721	18759.323548			1.0	2.0	0.0	3.0					
18763.458	9.885000000002037	trials	29.0	18768.005194999998	18769.895918	18771.227802999998	18771.663465999998	18767.058089	18770.488996	18771.933	18773.343	1.0	1.0	1.0	1.0					
18775.43	12.343000000000757	trials	29.0	18782.688588999998	18784.461792	18785.671451	18786.004084	18781.741375999998	18784.920127999998	18786.433	18787.773	1.0	1.0	1.0	1.0					
18789.788	12.215000000000146	trials	29.0	18796.698870999997	18798.511209	18799.970536999997	18800.403199999997	18796.116620999997	18799.201274	18800.628	18802.003	1.0	1.0	1.0	1.0					
18806.028	11.230000000003201	trials	29.0	18812.493392	18813.669338	18815.272793	18815.604181	18811.803758	18814.445944	18815.954	18817.258	1.0	1.0	1.0	1.0					
18820.333	9.215000000000146	trials	29.0	18824.849172	18826.028903	18827.534507	18827.874307	18824.026633999998	18826.727185	18828.253	18829.548	1.0	1.0	1.0	1.0					
18832.633	12.715000000000146	trials	29.0	18840.118532999997	18841.782905	18843.254374	18843.677767999998	18839.248156999998	18842.473237	18843.869	18845.348	1.0	1.0	1.0	1.0					
18849.443	8.409999999999854	trials	29.0	18852.974073999998	18854.078118999998	18855.90797	18856.255653999997	18852.292072999997	18855.056483	18856.593	18857.853	1.0	1.0	1.0	1.0					
18860.878	9.53099999999904	trials	29.0	18865.144161999997	18866.356045	18868.341775999997	18868.751967999997	18864.620458999998	18867.495847	18868.974	18870.409	1.0	1.0	1.0	1.0					
18872.428	10.334999999999127	trials	29.0	18878.649245	18880.030714999997	18881.802612	18882.855315999997	18878.004853	18880.856266			1.0	2.0	0.0	3.0					
18884.083	7.371000000002823	trials	29.0	18886.934531	18888.563287999998	18889.644806	18889.946366	18885.973081	18888.895382	18890.473	18891.454	1.0	1.0	1.0	1.0					
18893.583	11.955000000001746	trials	29.0	18900.849307999997	18902.31502	18903.589914999997	18903.933125	18900.14	18902.859774999997	18904.198	18905.538	1.0	1.0	1.0	1.0					
18907.594	12.429000000000087	trials	29.0	18915.099847999998	18916.785622	18918.127441999997	18918.429406	18914.289054999997	18917.428690999997	18918.938	18920.023	1.0	1.0	1.0	1.0					
18923.108	14.040000000000873	trials	29.0	18932.13065	18933.592361	18935.153131	18935.489008999997	18931.157582	18934.395464999998	18935.988	18937.148	1.0	1.0	1.0	1.0					
18941.193	14.636000000002241	trials	29.0	18949.819728	18950.946077999997	18952.580625	18953.266782	18949.073818999997	18951.868064			1.0	1.0	0.0	3.0					
18955.928	6.485000000000582	trials	29.0	18957.600089	18959.607745999998	18960.409239	18960.831441	18955.919463	18959.648284	18961.148	18962.413	1.0	2.0	1.0	1.0					
18964.494	15.024000000001251	trials	29.0	18974.449840999998	18975.989602999998	18977.362156	18977.786636999997	18973.709335	18976.504453999998	18977.983	18979.518	1.0	2.0	1.0	1.0					
18982.588	14.170000000001892	trials	29.0	18991.631455	18993.416181	18994.702298999997	18995.098098	18991.103189999998	18993.797350999997	18995.573	18996.758	1.0	2.0	1.0	1.0					
18998.803	12.014999999999418	trials	29.0	19006.994616	19008.878827	19009.897262	19010.911837	19006.132438999997	19009.044415			1.0	2.0	0.0	3.0					
19012.163	7.3400000000001455	trials	29.0	19014.939900999998	19016.062858999998	19017.685072999997	19017.991857999998	19014.191956	19016.926394	19018.363	19019.503	1.0	1.0	1.0	1.0					
19021.563	16.590000000000146	trials	29.0	19032.971036	19034.174021	19036.003384	19036.442185	19032.25754	19035.185913999998	19036.698	19038.153	1.0	1.0	1.0	1.0					
19040.173	11.420000000001892	trials	29.0	19046.500033	19048.548752	19049.769107	19050.050767999997	19045.816154	19049.053313	19050.393	19051.593	1.0	1.0	1.0	1.0					
19054.613	12.6349999999984	trials	29.0	19060.631286	19062.311357	19063.820332	19064.581546999998	19059.724437999997	19062.806441999997			1.0	2.0	0.0	3.0					
19068.088	4.712999999999738	trials	29.0	19069.994783	19070.883542			19067.343634999997	19070.880503			1.0		0.0	2.0					
19076.813	6.56000000000131	trials	29.0	19079.385245999998	19080.461307999998	19083.000892	19083.469361	19078.843297	19082.303398			1.0	1.0	0.0	3.0					
19086.253	4.935999999997875	trials	29.0	19088.29454	19089.759811	19090.795259	19091.285262999998	19086.588935	19090.064282			1.0	2.0	0.0	3.0					
19093.073	36.98999999999796	trials	29.0	19125.390738	19126.508594	19128.258030999998	19128.667375999998	19124.710594	19127.622745999997	19128.893	19130.063	1.0	1.0	1.0	1.0					
19134.141	12.182000000000698	trials	29.0	19141.891148	19143.437598999997	19144.620569	19144.843255	19141.081423	19143.941162	19145.198	19146.323	1.0	1.0	1.0	1.0					
19149.345	9.984000000000378	trials	29.0	19154.500051	19155.791688999998	19157.458602	19157.813593	19153.912868	19156.704377	19158.098	19159.329	1.0	1.0	1.0	1.0					
19161.344	12.348999999998341	trials	29.0	19169.131821	19170.526089	19171.644731	19171.863653	19168.212988	19170.892281999997	19172.353	19173.693	1.0	1.0	1.0	1.0					
19176.437	13.300999999999476	trials	29.0	19182.700840999998	19183.957126999998	19185.446495	19185.934219	19182.181805	19184.672701			1.0	1.0	0.0	3.0					
19189.753	5.264999999999418	trials	29.0	19191.552181	19192.886852	19194.154705999998	19195.110301999997	19189.830926	19193.188928			1.0	2.0	0.0	3.0					
19198.409	11.019000000000233	trials	29.0	19203.796742	19205.849162	19207.597954999997	19207.934921	19202.8936	19206.827372	19208.208	19209.428	1.0	1.0	1.0	1.0					
19213.47	13.547999999998865	trials	29.0	19221.790772	19223.709049999998	19225.059737	19225.429309	19221.012646	19224.306558999997	19225.848	19227.018	1.0	1.0	1.0	1.0					
19231.079	13.164999999997235	trials	29.0	19238.455651	19240.117524999998	19242.410746999998	19242.752559999997	19237.666446	19241.635849	19243.074	19244.244	1.0	1.0	1.0	1.0					
19248.263	10.75	trials	29.0	19253.821003999998	19255.537484999997	19257.131335	19257.517960999998	19253.117758	19256.353434999997	19257.643	19259.013	1.0	1.0	1.0	1.0					
19262.098	8.489999999997963	trials	29.0	19265.566343	19266.761893	19268.726407	19269.121305999997	19264.693529	19267.951318	19269.378	19270.588	1.0	1.0	1.0	1.0					
19274.672	15.711000000002969	trials	29.0	19285.705768	19287.033782	19288.524217	19288.801451	19284.993263	19287.844054999998	19289.178	19290.383	1.0	1.0	1.0	1.0					
19293.403	14.34100000000035	trials	29.0	19302.007648	19304.629084	19305.840205999997	19306.143916999998	19301.357524	19305.157992999997	19306.494	19307.744	1.0	1.0	1.0	1.0					
19310.926	693.8820000000014	BlockDesign														1.0	1109.0	1141.0	10.0	50.0
19310.926	14.601999999998952	trials	30.0	19319.036146	19320.86797	19322.423154	19322.978305999997	19318.105658	19321.678096			1.0	1.0	0.0	3.0					
19326.832	6.342000000000553	trials	30.0	19328.776745	19330.056338	19331.303404	19331.664805999997	19325.623174999997	19330.345787	19332.018	19333.174	1.0	2.0	1.0	1.0					
19336.193	11.470000000001164	trials	30.0	19341.467654	19343.685045	19345.456678	19345.912838	19340.839256	19344.61652	19346.188	19347.663	1.0	2.0	1.0	1.0					
19349.719	16.763999999999214	trials	30.0	19360.481534	19362.072720999997	19366.065376	19366.580071999997	19359.781402	19362.857727			1.0	1.0	0.0	3.0					
19368.398	7.599999999998545	trials	30.0	19372.457828	19374.449097999997	19375.527586	19376.094092	19371.567235	19374.671077			1.0	2.0	0.0	3.0					
19379.875	4.918000000001484	trials	30.0	19381.512053	19382.757987999998	19384.325642	19384.888655	19380.778768999997	19383.56191			1.0	1.0	0.0	3.0					
19388.654	232.01400000000285	trials	30.0	19607.384024	19608.822292999997	19620.137851	19620.76715	19606.512332	19608.801443			1.0	1.0	0.0	3.0					
19624.418	6.3400000000001455	trials	30.0	19627.252307	19629.334887999998	19630.359959999998	19630.857719	19626.505748	19629.581598999997			1.0	2.0	0.0	3.0					
19633.628	11.369999999998981	trials	30.0	19641.634172	19642.868272	19644.504116	19645.097425	19640.799802999998	19643.821191			1.0	1.0	0.0	3.0					
19647.753	13.674999999999272	trials	30.0	19656.80443	19657.909507	19659.422394999998	19659.883733	19655.885822	19658.456948	19659.994	19661.428	1.0	2.0	1.0	1.0					
19665.503	17.625	trials	30.0	19679.31353	19680.867040999998	19682.165515999997	19683.224462	19678.359571999998	19681.242077			1.0	2.0	0.0	3.0					
19685.343	5.440999999998894	trials	30.0	19687.212937999997	19689.034498999998	19690.502903	19690.883944999998	19685.669132	19689.761062999998			1.0	1.0	0.0	3.0					
19692.797	10.941000000002532	trials	30.0	19698.929152999997	19700.249699	19703.348243999997	19703.832895	19698.1292	19702.317129			1.0	1.0	0.0	3.0					
19706.693	42.69000000000233	trials	30.0	19745.219902999997	19746.31528	19748.152264	19749.480914	19744.497916999997	19747.029446			1.0	2.0	0.0	3.0					
19752.473	4.709999999999127	trials	30.0	19754.423391999997	19755.523021999998	19756.671222999998	19757.282200999998	19752.986857	19755.90688			1.0	1.0	0.0	3.0					
19758.985	6.57300000000032	trials	30.0	19760.808695	19762.160523	19763.329041999998	19763.816495	19759.737178	19762.491317	19764.018	19765.558	1.0	2.0	1.0	1.0					
19769.603	14.630000000001019	trials	30.0	19777.684168	19779.342873999998	19781.990732	19782.479072	19776.978606999997	19779.834253999998	19782.719	19784.233	1.0	2.0	1.0	1.0					
19787.318	13.920000000001892	trials	30.0	19795.114644999998	19797.150717999997	19798.960807	19799.425489999998	19794.179927999998	19797.519752	19799.678	19801.238	1.0	2.0	1.0	1.0					
19805.322	9.961999999999534	trials	30.0	19808.823749	19810.466250999998	19812.963856	19813.436943999997	19807.925023	19811.012418	19813.558	19815.284	1.0	2.0	1.0	1.0					
19818.318	25.88000000000102	trials	30.0	19839.243672999997	19840.601873	19841.719374	19842.227607999997	19838.694485	19840.904831	19842.303	19844.198	1.0	2.0	1.0	1.0					
19846.253	9.470000000001164	trials	30.0	19852.635668	19854.00449	19855.162975	19855.82	19851.752998	19854.302572			1.0	2.0	0.0	3.0					
19857.469	8.028999999998632	trials	30.0	19860.249334	19861.512368	19863.275788	19863.745949	19859.612143	19862.403931999997	19863.82	19865.498	1.0	2.0	1.0	1.0					
19867.518	12.169999999998254	trials	30.0	19875.954316	19877.026271	19878.884190999997	19879.785841999998	19875.412501	19877.744861			1.0	2.0	0.0	3.0					
19881.244	8.335000000002765	trials	30.0	19884.689648	19885.955711	19889.147954	19889.676052	19883.907677	19887.299174			1.0	2.0	0.0	3.0					
19892.483	6.550999999999476	trials	30.0	19894.18078	19896.175584999997	19897.692892	19899.134971	19893.0497	19896.923467			1.0	2.0	0.0	3.0					
19902.019	9.224999999998545	trials	30.0	19905.214348999998	19906.823608	19910.425584999997	19911.341273	19904.600865999997	19908.413537			1.0	2.0	0.0	3.0					
19914.318	6.776000000001659	trials	30.0	19916.004491	19917.422794	19919.025880999998	19919.432869	19915.104352	19918.238975	19919.659	19921.094	1.0	1.0	1.0	1.0					
19924.113	14.170999999998457	trials	30.0	19934.128606	19935.581	19937.902545999998	19938.380613999998	19933.245639999997	19937.131282			1.0	1.0	0.0	3.0					
19940.168	8.154999999998836	trials	30.0	19942.020008	19943.510143	19946.189945	19946.634267999998	19940.820607999998	19944.08038	19946.899	19948.323	1.0	2.0	1.0	1.0					
19950.408	13.43500000000131	trials	30.0	19958.744579	19960.722880999998	19963.079268999998	19963.939457	19958.21924	19961.184161999998			1.0	2.0	0.0	3.0					
19965.393	6.634999999998399	trials	30.0	19968.225145999997	19970.071389999997	19971.571556	19972.125240999998	19967.23313	19970.755565			1.0	1.0	0.0	3.0					
19973.949	8.53900000000067	trials	30.0	19976.120104999998	19977.344735	19980.222013	19980.684879999997	19975.122113999998	19978.382866	19980.793	19982.488	1.0	2.0	1.0	1.0					
19986.508	18.299999999999272	trials	30.0	19998.060002	19999.794238	20002.524433	20002.986059	19997.146366999998	20000.133590999998	20003.238	20004.808	1.0	2.0	1.0	1.0					
20008.838	50.241000000001804	BlockDesign														1.0	1142.0	1146.0	0.0	0.0
20008.838	12.366000000001804	trials	31.0	20016.846642999997	20018.634781999997	20020.250572999998	20020.316972	20016.286767999998	20019.104515			1.0	2.0	0.0	3.0					
20024.588	6.045000000001892	trials	31.0	20026.570151	20028.558139999997	20029.615046	20030.733224	20024.934479	20028.833620999998			1.0	2.0	0.0	3.0					
20033.018	4.544999999998254	trials	31.0	20034.931556	20035.966312999997	20037.180382	20037.651082	20033.466186999998	20036.462978			1.0	1.0	0.0	3.0					
20040.508	8.329999999998108	trials	31.0	20044.270807999997	20045.460515	20048.429935	20048.934874	20043.284117	20047.543987999998			1.0	1.0	0.0	3.0					
20053.766	5.313000000001921	trials	31.0	20056.036	20057.865067	20059.045525999998	20060.240083999997	20054.281934	20058.185053999998			1.0	2.0	0.0	3.0					
20063.358	356.5	BlockDesign														1.0	1147.0	1168.0	50.0	10.0
20063.358	4.849999999998545	trials	32.0	20065.240015	20066.594756	20067.814222999998	20068.246704999998	20063.886971	20067.098326			1.0	1.0	0.0	3.0					
20072.138	30.264999999999418	trials	32.0	20098.511938	20100.023824	20101.727477	20102.501837	20097.569557	20100.266987			1.0	2.0	0.0	3.0					
20105.049	11.74500000000262	trials	32.0	20112.245165	20114.278557999998	20116.411685	20116.893214	20111.69446	20115.603913			1.0	1.0	0.0	3.0					
20118.782	8.252000000000407	trials	32.0	20121.775834	20123.457188	20126.293528	20127.130857999997	20121.019452999997	20124.267974			1.0	2.0	0.0	3.0					
20128.641	19.207000000002154	trials	32.0	20142.500858	20143.697504	20145.502985	20145.918502999997	20141.824241	20144.686266999997	20146.173	20147.848	1.0	1.0	1.0	1.0					
20151.594	12.468999999997322	trials	32.0	20158.767445999998	20160.582796	20162.069724999998	20162.453425	20157.956854999997	20161.264712	20162.659	20164.063	1.0	1.0	1.0	1.0					
20167.153	14.825000000000728	trials	32.0	20176.645902999997	20178.427181	20180.034121999997	20180.380445	20175.886973	20179.227431	20180.683	20181.978	1.0	1.0	1.0	1.0					
20183.998	19.529999999998836	trials	32.0	20197.93218	20199.237944	20201.319099999997	20201.826274	20197.342768	20200.461902	20202.093	20203.528	1.0	1.0	1.0	1.0					
20205.683	12.540000000000873	trials	32.0	20214.642397	20216.536685	20217.857471	20218.324684	20213.778959	20216.995741			1.0	1.0	0.0	3.0					
20221.123	6.68500000000131	trials	32.0	20223.057300999997	20224.259842	20227.175524	20227.905693999997	20221.449382	20225.593369			1.0	2.0	0.0	3.0					
20231.47	7.938999999998487	trials	32.0	20234.182835	20235.615436	20237.485502	20237.830054	20233.264906999997	20236.715861999997	20238.068	20239.409	1.0	1.0	1.0	1.0					
20241.428	16.684000000001106	trials	32.0	20253.057988	20254.790299	20256.061222999997	20256.427402999998	20252.423654	20255.243083999998	20256.643	20258.112	1.0	1.0	1.0	1.0					
20261.124	16.49499999999898	trials	32.0	20270.986522	20272.421951	20273.746489999998	20274.193384	20270.127491	20272.890149			1.0	1.0	0.0	3.0					
20278.003	6.020000000000437	trials	32.0	20279.921481999998	20281.578382	20283.074400999998	20284.125236	20277.718312999998	20281.936513			1.0	2.0	0.0	3.0					
20285.448	5.56000000000131	trials	32.0	20287.546238	20288.667874	20290.030778	20291.109995	20286.732053	20289.237254			1.0	2.0	0.0	3.0					
20292.294	25.679000000000087	trials	32.0	20314.74625	20316.193259	20317.471682	20318.072849999997	20314.039354	20316.719332999997			1.0	1.0	0.0	3.0					
20321.779	6.7150000000001455	trials	32.0	20323.598094999998	20325.469739	20326.53721	20327.016091999998	20322.781831	20325.842855	20327.378	20328.494	1.0	1.0	1.0	1.0					
20332.608	12.371999999999389	trials	32.0	20341.402900999998	20343.008822	20344.662613999997	20345.076845	20340.710977	20343.826321			1.0	1.0	0.0	3.0					
20348.973	12.694999999999709	trials	32.0	20358.451552	20360.095276	20361.177295999998	20361.766781	20357.572011999997	20360.411884999998			1.0	1.0	0.0	3.0					
20364.438	11.580000000001746	trials	32.0	20369.866707999998	20372.046714999997	20374.065617	20374.49569	20369.292502	20373.029162	20374.665	20376.018	1.0	1.0	1.0	1.0					
20378.038	18.745999999999185	trials	32.0	20391.416718999997	20393.418310999998	20394.942871	20395.236253	20390.573887	20394.068281	20395.688	20396.784	1.0	1.0	1.0	1.0					
20399.803	20.05500000000029	trials	32.0	20416.451875	20417.74624	20419.839475	20420.379868999997	20415.827181999997	20419.001538999997			1.0	1.0	0.0	3.0					
20422.089	308.21900000000096	BlockDesign														1.0	1169.0	1188.0	50.0	90.0
20422.089	7.09400000000096	trials	33.0	20423.727267	20425.125584999998	20427.412152999997	20427.730223	20422.803098999997	20426.532905	20428.018	20429.183	1.0	1.0	1.0	1.0					
20433.313	17.280000000002474	trials	33.0	20443.786934	20444.94058	20447.414236999997	20447.863525	20442.965969999997	20446.587231999998			1.0	1.0	0.0	3.0					
20451.693	6.670000000001892	trials	33.0	20453.367505	20455.426198999998	20456.271469	20456.707099	20450.694799999997	20455.577268999998	20456.818	20458.363	1.0	2.0	1.0	1.0					
20460.407	17.541000000001077	trials	33.0	20473.252130999997	20474.479314	20475.920545999998	20476.303477999998	20472.284484	20474.927531999998	20476.483	20477.948	1.0	2.0	1.0	1.0					
20482.067	12.611000000000786	trials	33.0	20489.448558999997	20491.015664	20492.327777	20492.732071	20488.655294	20491.384867	20492.903	20494.678	1.0	2.0	1.0	1.0					
20497.723	18.959999999999127	trials	33.0	20507.452327	20509.024564	20510.415436	20510.919124	20506.876469	20509.426992	20511.193	20516.683	1.0	2.0	1.0	1.0					
20518.773	14.674999999999272	trials	33.0	20528.051988	20529.479815	20530.666856	20531.108042	20527.533586999998	20529.849306999997	20531.333	20533.448	1.0	2.0	1.0	1.0					
20537.468	11.486000000000786	trials	33.0	20543.842103	20545.7447	20546.693975	20547.095901	20543.015344	20545.864201999997	20547.409	20548.954	1.0	2.0	1.0	1.0					
20553.039	11.519000000000233	trials	33.0	20559.323365	20561.011357	20562.167384	20562.547261	20558.715664	20561.293358	20562.784	20564.558	1.0	2.0	1.0	1.0					
20567.594	12.03399999999965	trials	33.0	20574.497923	20576.234898	20577.400286	20577.797866999997	20573.908744	20576.542424	20578.083	20579.628	1.0	2.0	1.0	1.0					
20581.663	13.380000000001019	trials	33.0	20589.793242	20591.406329999998	20592.752614999998	20593.143772	20589.086098	20591.88884	20593.488	20595.043	1.0	2.0	1.0	1.0					
20598.125	13.454000000001543	trials	33.0	20606.327839999998	20607.609803	20609.123743999997	20609.635855	20605.62284	20608.286563999998	20609.753	20611.579	1.0	2.0	1.0	1.0					
20613.663	10.849999999998545	trials	33.0	20619.139906999997	20621.304245	20622.291874	20622.710541999997	20618.542376999998	20621.502067999998	20622.858	20624.513	1.0	2.0	1.0	1.0					
20626.668	9.774999999997817	trials	33.0	20631.298225	20632.999838	20634.175261999997	20634.581436999997	20630.760743	20633.345377999998	20634.869	20636.443	1.0	2.0	1.0	1.0					
20638.463	9.90599999999904	trials	33.0	20644.413343	20645.635277999998	20647.278732	20647.748977	20643.665521	20646.331264			1.0	2.0	1.0	1.0					
20651.759	12.320000000003347	trials	33.0	20658.615213999998	20660.200363999997	20661.32099	20661.708316999997	20657.87632	20660.549736999998	20661.943	20664.079	1.0	2.0	1.0	1.0					
20666.098	13.344999999997526	trials	33.0	20674.25782	20675.853919999998	20677.097157	20677.540321	20673.519765999998	20676.20363	20677.808	20679.443	1.0	2.0	1.0	1.0					
20682.5	8.76299999999901	trials	33.0	20686.297924	20687.862455	20689.273269999998	20689.712369999997	20685.627674	20688.482359999998			1.0	1.0	0.0	3.0					
20692.585	17.177999999999884	trials	33.0	20704.26513	20705.620068	20707.18463	20707.852705999998	20703.446992999998	20706.154526	20707.969	20709.763	1.0	2.0	1.0	1.0					
20711.784	18.52400000000125	trials	33.0	20724.553377	20726.274908	20728.086666	20728.514912	20724.018861999997	20726.622264999998	20728.688	20730.308	1.0	2.0	1.0	1.0					
20732.363	444.3299999999981	BlockDesign														1.0	1189.0	1211.0	50.0	0.0
20732.363	13.149999999997817	trials	34.0	20740.104077	20741.570555	20743.484942	20743.900532	20739.359342	20742.650589999997			2.0	1.0	0.0	3.0					
20745.878	4.049999999999272	trials	34.0	20747.593408	20747.620554999998	20749.903004	20750.03228	20746.127872999998	20747.616760999997			2.0		0.0	2.0					
20752.7	79.41300000000047	trials	34.0	20827.374383	20829.089234	20830.193533999998	20830.558344999998	20826.453926	20829.531877999998	20830.773	20832.113	2.0	1.0	1.0	1.0					
20836.128	22.915000000000873	trials	34.0	20855.963832999998	20857.731409	20858.711511999998	20858.963098	20855.408607999998	20858.029829			2.0	1.0	0.0	3.0					
20863.122	15.957000000002154	trials	34.0	20873.905984999998	20875.058438	20877.284944	20877.536933	20873.163327	20876.567959	20877.869	20879.079	2.0	1.0	1.0	1.0					
20881.093	23.00500000000102	trials	34.0	20900.289425	20901.510946	20902.507212999997	20902.735954	20899.339459	20901.819076	20903.043	20904.098	2.0	1.0	1.0	1.0					
20907.148	8.135999999998603	trials	34.0	20912.384251	20913.791332999997	20914.971134	20915.259996	20911.424012	20914.248595999998			2.0	1.0	0.0	3.0					
20917.299	8.319999999999709	trials	34.0	20921.740610999997	20923.237859999997	20925.237769	20925.721612999998	20920.881305	20924.291853			2.0	1.0	0.0	3.0					
20927.503	6.604999999999563	trials	34.0	20929.409846	20931.416257999997	20932.503856	20932.78991	20928.502268	20931.817024999997	20933.168	20934.108	2.0	1.0	1.0	1.0					
20938.129	33.21399999999994	trials	34.0	20967.804602	20969.466560999997	20970.951488	20971.448487999998	20967.269075	20970.230444999997			2.0	1.0	0.0	3.0					
20973.353	6.578000000001339	trials	34.0	20975.311531	20976.876517999997	20978.425655	20978.543615	20973.545145999997	20976.870031			2.0		0.0	2.0					
20981.869	9.979000000002998	trials	34.0	20987.664636999998	20989.294633999998	20991.427810999998	20991.953943999997	20986.716364	20990.810933			2.0	1.0	0.0	3.0					
20994.744	8.746000000002823	trials	34.0	20999.539998	21000.893098	21003.124926999997	21003.581264	20998.775843	21002.382878999997			2.0	1.0	0.0	3.0					
21005.443	30.2400000000016	trials	34.0	21032.025502999997	21033.817122999997	21035.439344	21035.616865	21031.334552	21034.587486999997			2.0	1.0	0.0	3.0					
21037.719	9.359000000000378	trials	34.0	21041.856676	21043.502192	21045.428411999997	21045.700919	21041.150213999998	21044.611338	21046.053	21047.078	2.0	1.0	1.0	1.0					
21051.11	14.542999999997846	trials	34.0	21060.709893	21062.040965	21063.820810999998	21064.223585	21060.186207	21063.137491999998	21064.494	21065.653	2.0	1.0	1.0	1.0					
21067.747	20.056000000000495	trials	34.0	21084.205141	21085.462072	21087.276368	21087.909203	21083.414453999998	21086.434882999998			2.0	2.0	0.0	3.0					
21091.603	11.575000000000728	trials	34.0	21099.830781999997	21101.527412	21102.778177	21103.283068999997	21099.146137	21102.057584			2.0	1.0	0.0	3.0					
21104.954	5.0	trials	34.0	21106.755359	21107.972224999998			21105.417022999998	21107.969445			2.0		0.0	2.0					
21113.034	15.259000000001834	trials	34.0	21123.790312999998	21125.262139	21126.559569999998	21126.907023	21122.850851	21125.834123	21127.268	21128.293	2.0	1.0	1.0	1.0					
21130.309	11.093999999997322	trials	34.0	21136.467125	21138.423977	21139.434917	21139.701839999998	21135.648291999998	21138.69578	21139.995	21141.403	2.0	1.0	1.0	1.0					
21145.418	13.055000000000291	trials	34.0	21152.365620999997	21153.552236	21155.312283	21155.773029999997	21151.424004999997	21154.578358			2.0	1.0	0.0	3.0					
21158.638	18.05500000000029	trials	34.0	21172.892389999997	21173.991275	21176.673541999997	21177.225801999997	21172.001451999997	21175.786199			2.0	1.0	0.0	3.0					
21180.158	588.6800000000003	BlockDesign														1.0	1212.0	1233.0	0.0	50.0
21180.158	5.81000000000131	trials	35.0	21182.021471	21183.362259999998	21185.547123999997	21186.074377999998	21180.707377	21184.09712			3.0	2.0	0.0	3.0					
21187.875	13.378000000000611	trials	35.0	21195.721114	21197.517125	21199.18492	21199.595064999998	21195.034181	21198.252776999998	21199.848	21201.253	3.0	2.0	1.0	1.0					
21203.344	10.703999999997905	trials	35.0	21209.590556	21211.264209999998	21212.754392	21214.153465	21208.874192	21211.75148			3.0	2.0	0.0	3.0					
21217.003	7.194999999999709	trials	35.0	21218.835701	21220.567984999998	21222.222126999997	21222.622509999997	21218.186704	21221.484145	21222.833	21224.198	3.0	2.0	1.0	1.0					
21227.25	10.53399999999965	trials	35.0	21232.73675	21234.200034999998	21235.712408	21236.140523	21232.036179	21234.430840999998	21236.378	21237.784	3.0	2.0	1.0	1.0					
21241.873	10.745999999999185	trials	35.0	21248.462029	21249.992159999998	21251.238562	21252.720471999997	21247.619586999997	21250.408444999997			3.0	2.0	0.0	3.0					
21253.559	16.938999999998487	trials	35.0	21267.767619	21269.209113999997	21270.177177999998	21270.591386	21266.756117999998	21269.499118			3.0	2.0	0.0	3.0					
21272.504	28.254000000000815	trials	35.0	21296.721079	21298.177185999997	21298.925778999997	21299.370023	21296.090951	21298.324009	21299.893	21300.758	3.0	2.0	1.0	1.0					
21302.773	25.93999999999869	trials	35.0	21325.056279999997	21326.533792	21328.524199	21328.819796	21324.204637	21326.523130999998			3.0		0.0	2.0					
21331.514	33.9890000000014	trials	35.0	21362.192207	21363.296743	21364.747847	21365.610511	21361.670797	21363.932122			3.0	2.0	0.0	3.0					
21369.018	9.944999999999709	trials	35.0	21375.077057	21376.981378999997	21377.955664999998	21379.069528	21374.100517	21377.20407			3.0	2.0	0.0	3.0					
21380.329	13.948999999996886	trials	35.0	21389.657303	21391.533820999997	21392.373115	21392.901572	21389.088475999997	21391.766649999998	21393.048	21394.278	3.0	2.0	1.0	1.0					
21398.367	13.131000000001222	trials	35.0	21407.912039	21409.312936	21411.408561	21411.604001	21407.329083999997	21409.302112999998			3.0		0.0	2.0					
21413.25	13.308000000000902	trials	35.0	21422.532001	21424.566644			21421.736668999998	21424.817095			3.0	2.0	0.0	3.0					
21428.818	16.88600000000224	trials	35.0	21441.674573	21443.426715	21444.872389	21445.807541000002	21441.041523	21443.774759			3.0	2.0	0.0	3.0					
21447.193	236.21600000000035	trials	35.0	21679.142624	21680.405852	21681.308132000002	21681.818637	21678.297752	21680.528744	21681.958	21683.409	3.0	2.0	1.0	1.0					
21685.428	13.0099999999984	trials	35.0	21693.706911	21695.104859	21696.382859	21696.887028	21693.102228	21695.566127000002	21697.068	21698.438	3.0	2.0	1.0	1.0					
21702.458	12.525000000001455	trials	35.0	21708.416250000002	21710.178018	21712.510485	21713.172067	21707.776624000002	21711.489147	21713.403	21714.983	3.0	2.0	1.0	1.0					
21716.836	14.011000000002241	trials	35.0	21727.23669	21729.110145	21730.045513	21730.947525	21726.534452	21729.34538			3.0	2.0	0.0	3.0					
21733.218	8.555000000000291	trials	35.0	21737.961365	21739.251065	21740.290076	21741.877959	21737.423287	21739.550118			3.0	2.0	0.0	3.0					
21742.55	11.003000000000611	trials	35.0	21747.846585	21749.642955	21751.451586	21752.040326000002	21747.285001	21750.615651	21752.048	21753.553	3.0	2.0	1.0	1.0					
21756.595	12.242999999998574	trials	35.0	21765.167412	21766.672161	21767.843243	21768.377295000002	21764.513127000002	21767.003283000002			3.0	2.0	1.0	1.0					
21772.282	436.1010000000024	BlockDesign														0.0	1234.0	1254.0	50.0	50.0
21772.282	11.421000000002095	trials	36.0	21779.786742	21780.907297	21782.614008	21783.076872	21778.956413	21781.77984			2.0	1.0	1.0	1.0					
21787.162	13.640999999999622	trials	36.0	21797.371788	21799.160469	21800.182749	21800.910925	21796.827674	21799.405508			3.0	2.0	0.0	3.0					
21802.532	9.711999999999534	trials	36.0	21808.938335	21810.680012	21811.967159	21812.292599	21808.235486	21811.007962			3.0	1.0	0.0	3.0					
21815.253	11.729999999999563	trials	36.0	21823.24254	21824.833908	21826.570395	21827.088295	21822.382195000002	21825.832282			2.0	1.0	0.0	3.0					
21828.893	81.75500000000102	trials	36.0	21905.872875	21907.539723	21908.829462	21909.139647	21905.092988	21908.258138	21909.478	21910.648	2.0	1.0	1.0	1.0					
21914.728	9.985000000000582	trials	36.0	21921.597626	21922.925699	21924.413454	21924.79324	21920.791403	21923.112258			3.0	2.0	0.0	3.0					
21928.72	18.112999999997555	trials	36.0	21940.817992	21941.94243	21944.821594	21945.297438	21940.265257	21942.891171	21945.418	21946.833	3.0	2.0	1.0	1.0					
21948.853	13.520000000000437	trials	36.0	21958.53843	21960.235127	21961.455434	21962.482701	21957.955832	21960.617253			2.0	2.0	0.0	3.0					
21964.773	18.544999999998254	trials	36.0	21979.473162000002	21980.595128	21981.628025	21981.942066	21978.743042000002	21980.946201	21982.228	21983.318	2.0	1.0	1.0	1.0					
21986.358	13.645000000000437	trials	36.0	21996.422915	21997.650183	21999.580057	22000.111913	21995.439132	21998.727068			2.0	1.0	0.0	3.0					
22003.903	5.600000000002183	trials	36.0	22005.908192	22007.549453			22004.251551	22007.534083			3.0		0.0	2.0					
22012.586	75.4220000000023	trials	36.0	22082.748687	22083.910704	22086.08742	22086.527418	22081.950275	22085.448393	22086.744	22088.008	2.0	1.0	1.0	1.0					
22090.093	14.955999999998312	trials	36.0	22101.520338000002	22102.757484	22104.670027	22105.147439	22100.641050000002	22103.906444			2.0	1.0	0.0	3.0					
22107.043	5.419999999998254	trials	36.0	22108.679	22110.749997	22111.869845	22112.570849	22107.644075	22111.108859			3.0	2.0	0.0	3.0					
22116.125	6.707999999998719	trials	36.0	22118.639373	22119.790477	22120.854702	22121.303798	22117.973886	22120.191576	22121.333	22122.833	3.0	2.0	1.0	1.0					
22124.9	17.218999999997322	trials	36.0	22137.008747	22138.803881	22139.920485	22140.377431	22136.466389	22139.056459	22140.438	22142.119	3.0	2.0	1.0	1.0					
22144.157	13.9220000000023	trials	36.0	22153.847637	22155.28671	22157.702439	22158.187433	22153.265061000002	22156.896572			2.0	1.0	0.0	3.0					
22160.01	5.338000000003376	trials	36.0	22161.759512	22163.482266	22164.532501	22165.454267	22160.439925	22163.676738000002			2.0	2.0	0.0	3.0					
22167.793	7.536000000000058	trials	36.0	22170.909116	22172.492425	22173.564146	22173.892895	22170.053601	22172.832497	22174.313	22175.329	2.0	1.0	1.0	1.0					
22179.413	16.416000000001077	trials	36.0	22190.928767	22192.060038	22194.996095	22195.938275	22190.380343	22193.055447			3.0	2.0	0.0	3.0					
22198.234	10.149000000001251	trials	36.0	22204.709647	22205.978868000002	22206.947047	22208.493372	22203.749181	22206.231974000002			3.0	2.0	0.0	3.0					
