onset	duration	nwb_table	block	tone_on_time	tone_off_time	action_on_time	action_off_time	pokeC_on_time	pokeC_off_time	reward_on_time	reward_off_time	state	action	reward	result	FinishedBlock	FirstTrial	LastTrial	RewardRule_L	RewardRule_R
3.677	572.8969999999999	BlockDesign														1.0	1.0	21.0	50.0	0.0
3.677	108.895	trials	1.0	109.604396	111.269755	112.053493	112.54975	108.98497	111.520462			2.0	2.0	0.0	3.0					
114.569	15.804999999999993	trials	1.0	126.859906	128.77082000000001	129.76507900000001	130.370531	126.207566	129.253876			2.0	1.0	0.0	3.0					
134.139	21.24799999999999	trials	1.0	151.039065	152.347716	153.017901	153.455536	150.482069	152.487698	153.744	155.387	2.0	1.0	1.0	1.0					
157.3	12.32899999999998	trials	1.0	166.293838	167.762295	168.696244	169.625399	165.562626	168.113299			2.0	1.0	0.0	3.0					
172.146	86.69700000000003	trials	1.0	256.419443	257.590687	258.382574	258.776746	255.424895	257.880071			2.0	1.0	0.0	3.0					
262.802	15.257000000000005	trials	1.0	273.54450499999996	275.00563	275.70860500000003	276.041831	272.71405000000004	275.236097	276.449	278.059	2.0	1.0	1.0	1.0					
280.076	9.867999999999995	trials	1.0	287.26138000000003	288.521789	289.20577000000003	289.9393	286.479914	288.596036			2.0	1.0	0.0	3.0					
291.696	26.83299999999997	trials	1.0	313.560341	315.44864500000006	316.19462799999997	316.520117	313.01014799999996	315.67028300000004	316.919	318.529	2.0	1.0	1.0	1.0					
320.589	9.451000000000022	trials	1.0	327.03441799999996	328.626808	329.36016500000005	330.03601000000003	326.17873699999996	328.81140500000004			2.0	1.0	0.0	3.0					
332.787	18.885000000000048	trials	1.0	349.194701	350.43112199999996	351.17408	351.66425200000003	348.60985300000004	350.75160500000004			2.0	2.0	0.0	3.0					
355.62	13.879000000000019	trials	1.0	366.515044	368.12366299999996	368.91361700000004	369.497894	365.94824800000004	368.41734499999995			2.0	1.0	0.0	3.0					
371.32	26.92900000000003	trials	1.0	393.16987400000005	394.93311800000004	395.760272	396.242848	392.25732500000004	395.278109	396.559	398.249	2.0	1.0	1.0	1.0					
400.271	10.132999999999981	trials	1.0	406.60551499999997	408.30386999999996	409.39091099999996	409.719329	405.689626	408.289808			2.0		0.0	2.0					
414.414	20.15500000000003	trials	1.0	431.19518600000004	433.26821299999995	434.049344	434.56602399999997	430.63498400000003	433.510313			2.0	1.0	0.0	3.0					
437.43	21.079999999999984	trials	1.0	454.19553499999995	455.87978499999997	456.470963	456.814172	453.655664	455.959025	457.359	458.51	2.0	1.0	1.0	1.0					
460.568	10.76600000000002	trials	1.0	468.290165	469.706648	470.64578200000005	471.333482	467.43923299999994	470.12767099999996			2.0	1.0	0.0	3.0					
475.119	22.63499999999999	trials	1.0	492.655265	494.41109600000004	495.203251	495.61601599999995	491.828298	494.67554199999995	496.044	497.754	2.0	1.0	1.0	1.0					
499.8	17.45999999999998	trials	1.0	514.410011	515.9080670000001	516.785807	517.258445	513.551252	516.2218740000001			2.0	1.0	0.0	3.0					
520.299	19.040000000000077	trials	1.0	533.886925	535.803589	536.757197	537.135802	533.283041	536.2030050000001	537.619	539.339	2.0	1.0	1.0	1.0					
541.359	12.004999999999995	trials	1.0	550.100822	551.9011310000001	552.679573	553.3634460000001	549.222541	552.153932			2.0	1.0	0.0	3.0					
555.05	21.524	trials	1.0	574.339963	575.512677	576.5316670000001	577.127207	573.801683	576.020453			2.0	1.0	0.0	3.0					
579.054	475.2199999999999	BlockDesign														1.0	22.0	43.0	0.0	50.0
579.054	44.69500000000005	trials	2.0	620.990661	622.814558	623.375212	623.6622570000001	620.1541500000001	623.011619			3.0	2.0	0.0	3.0					
626.76	10.524000000000001	trials	2.0	632.000273	634.059353	634.637704	634.970107	631.48566	634.2675730000001	635.464	637.284	3.0	2.0	1.0	1.0					
641.329	27.004999999999995	trials	2.0	663.815977	665.61805	666.035372	666.107423	663.2375460000001	665.654368	666.744	668.334	3.0	2.0	1.0	1.0					
670.354	30.029999999999973	trials	2.0	696.887516	698.2831620000001	698.6477090000001	699.147497	696.229451	698.270855			3.0		0.0	2.0					
702.43	21.31000000000006	trials	2.0	719.8612340000001	721.728821	722.068984	722.653763	719.102572	721.7157080000001			3.0		0.0	2.0					
725.825	16.288999999999987	trials	2.0	737.505628	739.182988	739.8407000000001	740.180791	736.903138	739.50716	740.689	742.114	3.0	2.0	1.0	1.0					
745.262	38.62300000000005	trials	2.0	781.026191	782.485222	783.087502	783.883739	780.197305	782.734379			3.0	2.0	0.0	3.0					
787.524	13.809999999999945	trials	2.0	798.396821	800.080313	800.9250480000001	801.3280480000001	797.4004130000001	800.408504			3.0	1.0	0.0	3.0					
804.294	11.789999999999964	trials	2.0	813.0311370000001	814.839781	815.5680950000001	816.0732350000001	812.3733470000001	815.2179600000001			3.0	2.0	0.0	3.0					
818.014	21.399999999999977	trials	2.0	835.406525	836.554709	837.22163	837.482608	834.525311	836.886082	837.904	839.414	3.0	2.0	1.0	1.0					
843.508	13.336999999999989	trials	2.0	852.12606	854.0926850000001	854.615407	854.8538060000001	851.539967	854.273765	855.309	856.845	3.0	2.0	1.0	1.0					
858.914	9.440000000000055	trials	2.0	865.47682	866.6930540000001	867.5567060000001	868.352398	864.835687	867.238954			3.0	2.0	0.0	3.0					
869.945	13.43999999999994	trials	2.0	880.831666	881.957996	882.838798	883.382516	880.29625	882.4876750000001			3.0	2.0	0.0	3.0					
885.264	30.279999999999973	trials	2.0	912.701447	913.9125750000001	914.841949	915.544403	911.932591	914.476801			3.0	2.0	0.0	3.0					
918.339	11.659999999999968	trials	2.0	926.732302	928.3569100000001	929.2077780000001	930.0004680000001	925.821847	928.668808			3.0	1.0	0.0	3.0					
933.559	11.850000000000023	trials	2.0	940.894943	942.5007770000001	943.143872	943.399805	939.996439	942.8172020000001	943.845	945.409	3.0	2.0	1.0	1.0					
947.434	16.710000000000036	trials	2.0	960.932417	962.367388	963.4297230000001	964.1431200000001	959.991565	963.0731390000001			3.0	2.0	0.0	3.0					
965.99	17.57899999999995	trials	2.0	978.848345	979.971946	981.15494	981.55019	978.1992740000001	980.763419	981.97	983.569	3.0	2.0	1.0	1.0					
986.649	11.740000000000009	trials	2.0	993.7280870000001	994.8651120000001	995.860954	996.3203030000001	992.81219	995.5195100000001	996.55	998.389	3.0	2.0	1.0	1.0					
1002.429	9.22199999999998	trials	2.0	1008.4520570000001	1009.905655	1010.763271	1011.6489310000001	1007.906911	1010.396116			3.0	2.0	0.0	3.0					
1013.165	24.294000000000096	trials	2.0	1032.541663	1033.724354	1034.89501	1035.235105	1031.884162	1034.5453850000001	1035.675	1037.459	3.0	2.0	1.0	1.0					
1040.479	13.794999999999845	trials	2.0	1051.553674	1053.416891	1054.113521	1054.8868400000001	1050.880991	1053.771599			3.0	2.0	0.0	3.0					
1058.539	875.8800000000001	BlockDesign														1.0	44.0	84.0	50.0	50.0
1058.539	16.65000000000009	trials	3.0	1071.943258	1073.779581	1074.659144	1075.190168	1071.342062	1074.172801			2.0	1.0	0.0	3.0					
1078.175	23.104000000000042	trials	3.0	1096.1225630000001	1097.76545	1098.553424	1098.970955	1095.286898	1098.05998	1099.253	1101.279	2.0	1.0	1.0	1.0					
1103.409	10.36999999999989	trials	3.0	1109.987562	1111.819405	1112.584349	1112.917177	1109.168843	1112.210857			3.0	2.0	1.0	1.0					
1117.249	21.305000000000064	trials	3.0	1135.877359	1137.225418	1137.945908	1138.554466	1135.063345	1137.576155			3.0	2.0	0.0	3.0					
1142.445	67.56899999999996	trials	3.0	1205.787565	1207.244782	1207.953657	1207.981591	1205.225042	1207.550099	1208.595	1210.014	3.0	2.0	1.0	1.0					
1212.104	9.254999999999882	trials	3.0	1218.127213	1219.97597	1220.599379	1221.361617	1217.593016	1220.23649			2.0	2.0	0.0	3.0					
1223.024	17.82100000000014	trials	3.0	1235.538008	1237.363198	1238.120314	1238.525549	1234.822009	1237.602584	1238.984	1240.845	2.0	1.0	1.0	1.0					
1243.931	8.538999999999987	trials	3.0	1249.208462	1250.413687	1251.578299	1252.473649	1248.322154	1251.122536			3.0	2.0	0.0	3.0					
1256.006	12.857999999999947	trials	3.0	1265.697017	1267.470328	1268.125978	1268.866706	1264.80329	1267.597336			2.0	1.0	0.0	3.0					
1270.559	24.845000000000027	trials	3.0	1290.94315	1292.604166	1293.253373	1293.56327	1290.295445	1292.897254	1293.879	1295.404	3.0	2.0	1.0	1.0					
1298.425	8.256000000000085	trials	3.0	1303.542909	1304.649991	1306.002651	1306.683688	1302.901103	1305.620038			3.0	2.0	0.0	3.0					
1309.434	18.0	trials	3.0	1322.429449	1324.320728	1324.99369	1325.31442	1321.827033	1324.636985	1325.774	1327.434	3.0	2.0	1.0	1.0					
1331.419	8.184999999999945	trials	3.0	1334.403071	1336.145207	1337.018971	1337.4292580000001	1333.725938	1336.458519	1337.722	1339.604	2.0	1.0	1.0	1.0					
1341.696	10.314000000000078	trials	3.0	1347.538013	1348.588111	1349.43023	1349.844614	1346.946022	1348.884489	1350.184	1352.01	2.0	1.0	1.0	1.0					
1354.094	9.565000000000055	trials	3.0	1360.81384	1362.0095840000001	1362.832639	1363.662315	1360.047636	1362.306401			3.0	1.0	0.0	3.0					
1366.339	24.211000000000013	trials	3.0	1387.243643	1389.151502	1389.898979	1390.553887	1386.550403	1389.371158			2.0	1.0	0.0	3.0					
1394.372	20.201999999999998	trials	3.0	1409.61511	1411.70585	1412.2767920000001	1412.500886	1409.09977	1411.919633	1413.019	1414.574	3.0	2.0	1.0	1.0					
1416.659	10.521999999999935	trials	3.0	1422.80547	1423.905328	1424.667484	1425.020485	1422.121676	1424.298019	1425.459	1427.181	3.0	2.0	1.0	1.0					
1431.24	9.528999999999996	trials	3.0	1435.353641	1436.555893	1437.716504	1438.09383	1434.393751	1436.957596	1438.319	1440.769	2.0	1.0	1.0	1.0					
1442.789	7.25	trials	3.0	1447.043633	1448.525443	1449.368506	1450.039495	1446.47345	1448.844322			2.0	1.0	0.0	3.0					
1452.78	19.605000000000018	trials	3.0	1466.708512	1468.706156	1469.782295	1470.137137	1466.031506	1469.2237460000001	1470.479	1472.385	2.0	1.0	1.0	1.0					
1474.404	7.691000000000031	trials	3.0	1478.894386	1480.700704	1481.393261	1482.0982960000001	1478.337583	1481.017918			3.0	2.0	0.0	3.0					
1484.849	13.529999999999973	trials	3.0	1495.93885	1497.097573	1497.8013740000001	1498.382239	1495.036054	1497.319685			2.0	1.0	0.0	3.0					
1501.279	26.464999999999918	trials	3.0	1524.569324	1526.4404690000001	1527.016628	1527.747953	1523.8034	1526.673845			3.0	2.0	0.0	3.0					
1529.364	76.67499999999995	trials	3.0	1601.409016	1602.870666	1603.771124	1604.091023	1600.614689	1603.241411	1604.539	1606.039	2.0	1.0	1.0	1.0					
1608.128	15.32100000000014	trials	3.0	1619.934547	1621.561307	1622.344786	1622.616427	1619.243705	1621.941119			3.0	2.0	1.0	1.0					
1625.929	11.439999999999827	trials	3.0	1634.641013	1636.101422	1636.836919	1637.371174	1633.922544	1636.438877			3.0	2.0	0.0	3.0					
1640.26	16.384000000000015	trials	3.0	1653.359506	1655.166043	1655.959505	1656.644792	1652.792621	1655.59095			3.0	2.0	0.0	3.0					
1660.414	14.305000000000064	trials	3.0	1670.994373	1672.711311			1670.0043170000001	1672.704952			2.0		0.0	2.0					
1677.789	27.77500000000009	trials	3.0	1701.424361	1703.136041	1703.740009	1703.970751	1700.666752	1703.411629	1704.399	1705.564	3.0	2.0	1.0	1.0					
1708.695	8.969000000000051	trials	3.0	1714.799359	1715.931217	1716.707954	1717.666766	1713.796826	1716.317558			2.0	2.0	0.0	3.0					
1721.099	24.545000000000073	trials	3.0	1742.935228	1744.326211	1745.118478	1745.647292	1741.965481	1744.620931			2.0	1.0	0.0	3.0					
1747.534	15.829999999999927	trials	3.0	1758.619931	1760.183101	1760.895226	1761.249848	1757.771177	1760.462779	1761.675	1763.364	2.0	1.0	1.0	1.0					
1767.425	9.625	trials	3.0	1772.14162	1774.07681	1774.840915	1774.933742	1771.5507380000001	1774.425962	1775.55	1777.05	3.0	2.0	1.0	1.0					
1780.139	7.800000000000182	trials	3.0	1785.219611	1786.431346	1787.157158	1787.9434370000001	1784.668055	1786.768051			3.0	2.0	0.0	3.0					
1790.514	14.14500000000021	trials	3.0	1801.219454	1803.1919090000001	1803.950591	1804.664174	1800.681295	1803.6057700000001			3.0	2.0	0.0	3.0					
1807.32	20.66300000000001	trials	3.0	1824.745483	1826.796001	1827.563671	1827.921122	1823.860298	1827.052468			2.0	1.0	0.0	3.0					
1831.929	18.919999999999845	trials	3.0	1847.535662	1849.305877	1850.14145	1850.851349	1846.597366	1849.641079			2.0	1.0	0.0	3.0					
1852.509	41.60500000000002	trials	3.0	1888.8657170000001	1890.814973	1891.770605	1892.109919	1888.235911	1891.35668	1892.675	1894.114	3.0	2.0	1.0	1.0					
1896.162	12.132000000000062	trials	3.0	1903.340091	1904.6765930000001	1905.6650710000001	1906.1604790000001	1902.425418	1905.151357	1906.47	1908.294	2.0	1.0	1.0	1.0					
1910.339	24.080000000000155	trials	3.0	1929.340262	1930.507769	1931.758175	1932.2114980000001	1928.670787	1931.273705	1932.444	1934.419	2.0	1.0	1.0	1.0					
1937.47	83.53800000000001	BlockDesign														1.0	85.0	89.0	0.0	0.0
1937.47	10.239000000000033	trials	4.0	1944.590753	1946.171344	1947.075542	1947.712825	1944.021578	1946.557333			2.0	1.0	0.0	3.0					
1951.49	13.483999999999924	trials	4.0	1961.5118380000001	1963.462211	1964.270339	1964.9768980000001	1960.754027	1963.780117			2.0	1.0	0.0	3.0					
1967.705	12.57400000000007	trials	4.0	1977.32597	1978.837418	1979.617628	1980.281723	1976.695784	1979.159012			2.0	1.0	0.0	3.0					
1984.135	15.439000000000078	trials	4.0	1996.545571	1998.130193	1998.962765	1999.576561	1995.661484	1998.476138			2.0	1.0	0.0	3.0					
2003.468	17.539999999999964	trials	4.0	2018.5505620000001	2020.082417	2020.907165	2021.517232	2017.704566	2020.4119210000001			2.0	1.0	0.0	3.0					
2024.18	124.2639999999999	BlockDesign														1.0	90.0	94.0	0.0	0.0
2024.18	27.330000000000155	trials	5.0	2048.951126	2050.090964	2050.727797	2051.5156089999996	2048.115494	2050.3587249999996			3.0	2.0	0.0	3.0					
2055.214	17.661000000000058	trials	5.0	2070.005686	2071.254721	2072.030387	2072.8787469999997	2069.2787359999998	2071.6867789999997			3.0	2.0	0.0	3.0					
2075.484	19.820000000000164	trials	5.0	2091.8118409999997	2093.6981229999997	2094.512252	2095.310936	2091.2311929999996	2094.1680199999996			3.0	2.0	0.0	3.0					
2098.915	16.804999999999836	trials	5.0	2112.42092	2114.410598	2114.9980509999996	2115.726158	2111.659295	2114.678664			3.0	2.0	0.0	3.0					
2118.415	30.028999999999996	trials	5.0	2145.8118489999997	2147.3026269999996	2148.279338	2148.798797	2145.1477809999997	2147.7448849999996			3.0	1.0	0.0	3.0					
2152.803	802.261	BlockDesign														1.0	95.0	137.0	50.0	50.0
2152.803	22.59999999999991	trials	6.0	2172.522821	2173.973563	2174.748286	2175.4081749999996	2171.989595	2174.2800169999996			2.0	1.0	0.0	3.0					
2177.179	20.871000000000095	trials	6.0	2193.486641	2194.8086949999997	2195.747449	2196.08846	2192.93129	2195.3867349999996	2196.51	2198.05	3.0	2.0	1.0	1.0					
2199.946	11.968000000000302	trials	6.0	2208.5865999999996	2209.653656	2211.1549849999997	2211.9170409999997	2207.813894	2210.67033			2.0	2.0	0.0	3.0					
2214.604	15.446000000000367	trials	6.0	2227.0912759999997	2228.572471	2229.306584	2230.051168	2226.3819559999997	2228.9089329999997			3.0	2.0	0.0	3.0					
2232.729	14.9350000000004	trials	6.0	2242.761647	2244.4010059999996	2245.132995	2245.5871429999997	2241.8775499999997	2244.6343779999997	2245.8	2247.664	2.0	1.0	1.0	1.0					
2251.689	7.275000000000091	trials	6.0	2256.081605	2257.1956099999998	2258.2096509999997	2258.9700159999998	2255.121437	2257.8511399999998			3.0	2.0	0.0	3.0					
2260.637	12.631999999999607	trials	6.0	2268.546789	2270.4262909999998	2271.2533649999996	2271.5859429999996	2267.615922	2270.8891399999998	2271.869	2273.269	3.0	2.0	1.0	1.0					
2276.289	10.044999999999618	trials	6.0	2281.301352	2282.976193	2283.8101789999996	2284.2344719999996	2280.454147	2283.2296269999997	2284.559	2286.334	2.0	1.0	1.0	1.0					
2289.458	10.375999999999749	trials	6.0	2296.69202	2298.420026	2299.117186	2299.8410839999997	2296.1053559999996	2298.604875			2.0	1.0	0.0	3.0					
2303.689	17.325000000000273	trials	6.0	2315.541707	2317.574108	2318.4785629999997	2318.8335519999996	2314.786036	2317.7442589999996	2319.179	2321.014	2.0	1.0	1.0	1.0					
2323.119	9.924999999999727	trials	6.0	2329.942227	2331.5073679999996	2332.3447239999996	2333.047497	2329.0466499999998	2331.7471969999997			3.0	1.0	0.0	3.0					
2334.76	17.648999999999887	trials	6.0	2349.282088	2351.036075	2351.871619	2352.415541	2348.7587479999997	2351.29623			2.0	1.0	0.0	3.0					
2355.359	18.345000000000255	trials	6.0	2370.627338	2372.15264	2372.8748509999996	2373.7085389999997	2369.717737	2372.5347349999997			3.0	2.0	0.0	3.0					
2377.365	15.59900000000016	trials	6.0	2388.434108	2389.7635929999997	2390.630447	2390.9286159999997	2387.4944469999996	2390.286772	2391.374	2392.964	3.0	2.0	1.0	1.0					
2395.984	10.385000000000218	trials	6.0	2401.67218	2403.2492829999997	2404.2582169999996	2404.734412	2400.9459009999996	2403.6750589999997	2404.989	2406.369	2.0	1.0	1.0	1.0					
2408.506	10.518000000000029	trials	6.0	2415.823234	2417.2583799999998	2418.4689759999997	2419.031426	2414.949963	2417.920918			3.0	1.0	0.0	3.0					
2422.954	7.949999999999818	trials	6.0	2427.502466	2429.5629259999996	2430.3003489999996	2430.908794	2426.558697	2429.7814059999996			2.0	1.0	0.0	3.0					
2433.72	20.814000000000306	trials	6.0	2451.4277859999997	2453.194196	2453.7767529999996	2454.539378	2450.5090729999997	2453.4172009999997			3.0	2.0	0.0	3.0					
2458.244	26.269999999999982	trials	6.0	2480.011231	2481.126233	2481.9868549999997	2482.2952189999996	2479.383274	2481.613822	2482.894	2484.514	3.0	2.0	1.0	1.0					
2486.534	11.060999999999694	trials	6.0	2493.8773969999997	2495.9563869999997	2496.785265	2497.602578	2493.3663579999998	2496.416671			3.0	2.0	0.0	3.0					
2499.21	17.18899999999985	trials	6.0	2513.243199	2515.0108309999996	2515.7821339999996	2516.404399	2512.529342	2515.258801			2.0	1.0	0.0	3.0					
2518.214	31.095000000000255	trials	6.0	2544.2174269999996	2545.92481	2546.8002039999997	2547.238625	2543.5451209999997	2546.2812759999997	2547.484	2549.309	2.0	1.0	1.0	1.0					
2552.389	10.029999999999745	trials	6.0	2557.0728889999996	2558.9949439999996	2559.7341319999996	2560.1532979999997	2556.513993	2559.222503	2560.519	2562.419	2.0	1.0	1.0	1.0					
2565.443	10.040999999999713	trials	6.0	2571.0526659999996	2572.8850289999996	2574.1906719999997	2575.4922469999997	2570.304707	2573.6311729999998			3.0	1.0	0.0	3.0					
2578.534	16.476000000000113	trials	6.0	2590.1777479999996	2592.164847	2592.5961439999996	2592.903086	2589.3514689999997	2592.197533	2593.26	2595.01	3.0	2.0	1.0	1.0					
2598.079	9.069999999999709	trials	6.0	2602.7977269999997	2604.250193	2606.6354499999998	2607.1572619999997	2601.972035	2604.2384119999997			2.0		0.0	2.0					
2608.345	16.814000000000306	trials	6.0	2620.479728	2621.5497349999996	2622.46544	2622.828295	2619.4910419999997	2622.0964339999996	2623.169	2625.159	3.0	2.0	1.0	1.0					
2626.928	12.957000000000335	trials	6.0	2637.30995	2638.6907779999997	2639.3510319999996	2639.894041	2636.364455	2638.989705			3.0	2.0	0.0	3.0					
2641.771	14.042999999999665	trials	6.0	2650.770223	2652.6590229999997	2653.3953549999997	2653.833255	2650.1912629999997	2652.911291	2654.164	2655.814	2.0	1.0	1.0	1.0					
2658.721	6.704000000000178	trials	6.0	2662.6848699999996	2664.268411	2664.891683	2665.432711	2661.8368179999998	2664.5000569999997			3.0	2.0	0.0	3.0					
2669.296	14.648000000000138	trials	6.0	2681.222734	2682.449456	2683.313777	2683.9508299999998	2680.2488409999996	2682.7903039999997			2.0	1.0	0.0	3.0					
2686.669	20.66000000000031	trials	6.0	2703.9389499999997	2706.0341829999998	2706.685862	2707.3369669999997	2703.2460189999997	2706.178211			2.0	1.0	0.0	3.0					
2709.054	22.665999999999713	trials	6.0	2727.685279	2728.8752179999997	2729.560172	2730.0659079999996	2726.9139	2729.085756	2730.284	2731.72	2.0	1.0	1.0	1.0					
2735.774	6.640000000000327	trials	6.0	2739.489139	2740.7211559999996	2741.669508	2742.4184109999997	2738.8243159999997	2741.2564239999997			3.0	2.0	0.0	3.0					
2744.006	29.577999999999975	trials	6.0	2769.6454599999997	2770.6801419999997	2771.4267879999998	2771.7054829999997	2768.971129	2771.03638	2772.054	2773.584	3.0	2.0	1.0	1.0					
2776.619	9.93100000000004	trials	6.0	2781.64923	2783.46514	2784.0565149999998	2784.3377859999996	2780.992428	2783.691038	2784.814	2786.55	3.0	2.0	1.0	1.0					
2789.639	14.824999999999818	trials	6.0	2800.489094	2802.376037			2799.6974179999997	2802.3651019999998			2.0		0.0	2.0					
2807.494	14.978000000000065	trials	6.0	2819.843363	2821.1513659999996	2821.959395	2822.4767479999996	2819.316202	2821.4906469999996			2.0	1.0	0.0	3.0					
2826.413	14.68600000000015	trials	6.0	2837.965264	2839.3404379999997	2840.3801989999997	2841.09905	2837.258973	2839.8631779999996			2.0	1.0	0.0	3.0					
2842.792	40.9369999999999	trials	6.0	2881.31087	2882.412454	2883.2479879999996	2883.7241719999997	2880.628958	2882.870353			3.0	2.0	0.0	3.0					
2886.605	20.458999999999833	trials	6.0	2903.7704019999996	2905.580778	2906.545589	2907.073763	2903.243858	2906.0160579999997			2.0	1.0	0.0	3.0					
2909.994	14.277000000000044	trials	6.0	2920.7708719999996	2922.256253	2922.779459	2923.179361	2920.0488619999996	2922.24912			3.0		0.0	2.0					
2926.284	28.779999999999745	trials	6.0	2950.949609	2952.2263629999998	2953.14317	2953.562751	2950.2326949999997	2952.656048	2953.914	2955.064	2.0	1.0	1.0	1.0					
2959.114	1262.8809999999999	BlockDesign														1.0	138.0	210.0	50.0	10.0
2959.114	32.429999999999836	trials	7.0	2988.620383	2989.986058	2990.9801589999997	2991.552566	2987.905031	2990.5144819999996			1.0	1.0	0.0	3.0					
2993.483	9.240999999999985	trials	7.0	2998.399758	2999.7589879999996	3000.9411649999997	3001.2193209999996	2997.7533999999996	3000.44461	3001.724	3002.724	1.0	2.0	1.0	1.0					
3004.74	18.739000000000033	trials	7.0	3018.9593059999997	3020.24171	3021.1963969999997	3021.4521849999996	3018.023354	3020.7276279999996	3021.919	3023.479	1.0	1.0	1.0	1.0					
3025.537	16.26700000000028	trials	7.0	3035.5492849999996	3036.957034	3037.4609149999997	3037.945847	3034.995137	3036.945221			1.0		0.0	2.0					
3041.97	16.694000000000415	trials	7.0	3053.145976	3054.9539499999996	3056.3835639999998	3056.646539	3052.543964	3055.896401	3057.209	3058.664	1.0	1.0	1.0	1.0					
3061.685	13.575000000000273	trials	7.0	3072.481414	3073.5728289999997	3074.7139389999998	3075.36501	3071.74771	3074.180805			1.0	1.0	0.0	3.0					
3078.099	12.378999999999905	trials	7.0	3087.192706	3088.4947899999997	3090.113422	3090.242413	3086.661141	3089.555468			1.0	1.0	0.0	3.0					
3092.559	11.054999999999836	trials	7.0	3099.5662509999997	3101.405123	3102.7220159999997	3103.719991	3098.8473989999998	3102.1397859999997			1.0	2.0	0.0	3.0					
3107.02	14.798999999999978	trials	7.0	3118.601288	3120.066267	3121.234801	3121.925109	3117.923092	3120.672486			1.0	2.0	0.0	3.0					
3125.537	29.22300000000041	trials	7.0	3151.431498	3152.7536649999997	3154.04436	3154.86387	3150.704566	3153.5394539999998			1.0	2.0	0.0	3.0					
3156.334	20.546000000000276	trials	7.0	3171.9765159999997	3173.928949	3174.5338739999997	3174.8049069999997	3171.093945	3174.023478	3175.004	3176.88	1.0	1.0	1.0	1.0					
3178.894	15.885000000000218	trials	7.0	3190.346701	3191.6841409999997	3192.525262	3192.876605	3189.485767	3192.022281	3193.209	3194.779	1.0	1.0	1.0	1.0					
3198.839	9.11999999999989	trials	7.0	3203.6407719999997	3204.983275	3205.986945	3206.413794	3202.925731	3205.393443	3206.614	3207.959	1.0	1.0	1.0	1.0					
3212.024	8.690000000000055	trials	7.0	3215.856619	3217.236922	3218.069301	3218.519298	3214.927982	3217.514235	3218.604	3220.714	1.0	1.0	1.0	1.0					
3223.771	7.812999999999647	trials	7.0	3227.9819669999997	3229.4436809999997	3230.199951	3231.690517	3227.2320369999998	3229.6640939999997			1.0	1.0	0.0	3.0					
3232.46	15.335000000000036	trials	7.0	3242.618808	3244.46091	3245.147791	3245.482089	3242.0379749999997	3244.636212	3245.814	3247.795	1.0	1.0	1.0	1.0					
3250.789	8.299999999999727	trials	7.0	3255.67306	3257.649939	3258.4908339999997	3259.1942679999997	3254.729131	3257.939719			1.0	1.0	0.0	3.0					
3262.725	12.91000000000031	trials	7.0	3272.226964	3273.452631	3274.613368	3275.7377349999997	3271.586737	3274.027495			1.0	2.0	0.0	3.0					
3277.925	12.268999999999778	trials	7.0	3286.857157	3288.803092	3289.616559	3290.299063	3286.145731	3289.138224			1.0	1.0	0.0	3.0					
3291.94	18.463999999999942	trials	7.0	3304.722486	3306.706507	3307.917131	3308.3283109999998	3304.136881	3307.339069	3308.414	3310.404	1.0	1.0	1.0	1.0					
3313.454	7.106999999999971	trials	7.0	3316.962864	3318.930102	3319.940805	3320.668622	3316.031374	3319.355113			1.0	2.0	0.0	3.0					
3323.204	7.819999999999709	trials	7.0	3328.082773	3329.725265	3330.5147859999997	3331.130452	3327.131457	3329.91916			1.0	1.0	0.0	3.0					
3332.756	15.758000000000266	trials	7.0	3345.122943	3346.36114	3347.260859	3348.61914	3344.578375	3346.703653			1.0	1.0	0.0	3.0					
3350.635	22.54399999999987	trials	7.0	3369.677479	3371.380772	3372.21436	3373.285711	3368.953737	3371.6382759999997			1.0	2.0	0.0	3.0					
3375.514	28.76399999999967	trials	7.0	3400.704601	3402.518905	3403.418434	3404.380423	3399.911295	3402.911368			1.0	2.0	0.0	3.0					
3407.679	25.790999999999713	trials	7.0	3430.183296	3432.149628	3432.898804	3433.574102	3429.67327	3432.375537			1.0	1.0	0.0	3.0					
3435.245	16.503999999999905	trials	7.0	3448.56303	3450.18458	3451.116677	3451.85595	3447.942375	3450.62881			1.0	2.0	0.0	3.0					
3454.499	16.53500000000031	trials	7.0	3466.829707	3468.44131	3469.457229	3469.83024	3465.91662	3468.918077	3470.179	3471.034	1.0	1.0	1.0	1.0					
3473.079	8.990999999999985	trials	7.0	3479.034358	3480.709722	3481.514713	3482.173301	3478.357059	3480.963388			1.0	1.0	0.0	3.0					
3485.789	15.254999999999654	trials	7.0	3497.822874	3498.996988	3500.1195629999997	3501.15012	3497.0382879999997	3499.536998			1.0	2.0	0.0	3.0					
3502.494	13.774999999999636	trials	7.0	3513.291063	3515.045236	3515.762271	3516.375299	3512.338918	3515.29038			1.0	1.0	0.0	3.0					
3520.059	16.285999999999603	trials	7.0	3533.463339	3534.600327	3535.856554	3536.4523959999997	3532.488808	3535.2697479999997			1.0	2.0	0.0	3.0					
3540.105	18.73999999999978	trials	7.0	3555.0132869999998	3556.944882			3554.236485	3556.929421			1.0		0.0	2.0					
3562.925	19.098999999999705	trials	7.0	3578.889499	3580.739937	3581.464117	3582.128499	3577.956535	3580.9802769999997			1.0	1.0	0.0	3.0					
3585.774	19.440000000000055	trials	7.0	3602.073545	3603.911785	3604.656424	3605.317877	3601.54078	3604.171622			1.0	1.0	0.0	3.0					
3607.987	50.68199999999979	trials	7.0	3655.999426	3657.287235	3658.232376	3658.774929	3655.153024	3657.767143			1.0	2.0	0.0	3.0					
3661.554	10.605000000000018	trials	7.0	3668.999065	3670.160524	3671.158144	3671.4934169999997	3668.070706	3670.603429			1.0	1.0	1.0	1.0					
3676.711	8.263000000000375	trials	7.0	3681.79459	3683.572151	3684.402847	3685.080575	3681.086677	3683.814491			1.0	1.0	0.0	3.0					
3686.659	10.05600000000004	trials	7.0	3693.474247	3695.385679	3696.347358	3696.781866	3692.692044	3695.813875			1.0	2.0	0.0	3.0					
3698.718	12.292000000000371	trials	7.0	3705.59419	3707.555511	3708.520935	3708.862695	3705.034657	3707.9863809999997	3709.309	3711.01	1.0	1.0	1.0	1.0					
3714.03	9.80199999999968	trials	7.0	3719.70242	3721.225491	3722.109516	3723.939711	3718.891454	3721.517425			1.0	1.0	0.0	3.0					
3725.494	8.329999999999927	trials	7.0	3729.890655	3731.375944	3732.4371499999997	3733.930675	3729.246823	3731.8963089999997			1.0	1.0	0.0	3.0					
3736.82	8.878999999999905	trials	7.0	3742.199008	3744.2212879999997	3745.165336	3745.805836	3741.214191	3744.630457			1.0	1.0	0.0	3.0					
3748.421	10.264000000000124	trials	7.0	3755.414535	3756.693622	3757.684495	3757.967937	3754.561957	3757.047058			1.0	1.0	1.0	1.0					
3763.185	20.784999999999854	trials	7.0	3779.233985	3780.645773	3781.433251	3781.694224	3778.536443	3780.870149	3782.039	3783.97	1.0	1.0	1.0	1.0					
3786.058	11.735999999999876	trials	7.0	3792.629775	3794.030633	3795.165774	3795.535525	3792.03078	3794.4980109999997	3795.694	3797.794	1.0	1.0	1.0	1.0					
3800.814	9.615000000000236	trials	7.0	3805.795225	3807.09331	3808.084015	3808.44448	3805.185024	3807.581128	3808.684	3810.429	1.0	1.0	1.0	1.0					
3812.47	11.819000000000415	trials	7.0	3818.979288	3820.432778	3821.762668	3821.989536	3818.230479	3821.271928	3822.359	3824.289	1.0	2.0	1.0	1.0					
3827.369	12.045000000000073	trials	7.0	3836.5363939999997	3838.396839	3839.166664	3839.38047	3835.854228	3838.806633			1.0	2.0	0.0	3.0					
3841.425	7.114000000000033	trials	7.0	3845.5242479999997	3847.221493	3848.053404	3848.648299	3844.835707	3847.524225			1.0	1.0	0.0	3.0					
3852.302	24.45199999999977	trials	7.0	3871.649707	3873.955954	3874.625889	3874.813564	3870.93022	3874.119364	3875.284	3876.754	1.0	2.0	1.0	1.0					
3878.774	8.865000000000236	trials	7.0	3885.0456	3886.740223	3887.271469	3887.747362	3884.262946	3886.8589199999997			1.0	2.0	0.0	3.0					
3889.594	9.125999999999749	trials	7.0	3893.434618	3895.51204	3896.24751	3896.513638	3892.757571	3895.726768	3896.764	3898.72	1.0	1.0	1.0	1.0					
3902.739	7.864999999999782	trials	7.0	3907.090427	3908.448042	3909.29225	3910.710592	3906.451705	3908.738755			1.0	1.0	0.0	3.0					
3911.677	8.431999999999789	trials	7.0	3916.7999529999997	3918.547061	3919.553305	3920.2179779999997	3916.254082	3919.02127			1.0	1.0	0.0	3.0					
3921.805	11.173999999999978	trials	7.0	3929.404502	3931.077112	3932.676055	3932.944162	3928.589469	3931.067818			1.0		0.0	2.0					
3937.024	12.010000000000218	trials	7.0	3945.496372	3947.104708	3948.560098	3949.1443019999997	3944.883473	3947.800765			1.0	2.0	0.0	3.0					
3950.896	12.317999999999756	trials	7.0	3960.1618799999997	3961.606839	3962.678157	3963.3232239999998	3959.332936	3962.1427329999997			1.0	1.0	0.0	3.0					
3966.014	27.074999999999818	trials	7.0	3989.104965	3990.623795	3991.886806	3993.195855	3988.523151	3991.306567			1.0	2.0	0.0	3.0					
3996.169	13.414999999999964	trials	7.0	4006.2751289999997	4007.90659	4008.659073	4009.694214	4005.502878	4008.189488			1.0	2.0	0.0	3.0					
4012.979	8.495000000000346	trials	7.0	4018.365594	4020.29009	4020.933519	4021.5847329999997	4017.548266	4020.443006			1.0	1.0	0.0	3.0					
4025.195	15.048999999999978	trials	7.0	4037.238786	4038.69141	4039.474014	4040.3544309999997	4036.306369	4039.055104			1.0	2.0	0.0	3.0					
4043.779	21.90000000000009	trials	7.0	4062.530146	4064.4466	4065.325182	4065.778185	4061.561635	4064.824507			1.0	1.0	0.0	3.0					
4068.704	18.12599999999975	trials	7.0	4084.105375	4085.7777459999998	4086.454605	4086.93001	4083.171961	4085.973916			1.0	1.0	0.0	3.0					
4088.764	22.215000000000146	trials	7.0	4108.090801	4109.532342	4110.441365	4111.087245	4107.253103999999	4109.8507150000005			1.0	1.0	0.0	3.0					
4113.809	22.474999999999454	trials	7.0	4131.381117	4132.915201	4133.6589	4134.145224	4130.662061999999	4133.169945	4134.289	4136.284	1.0	1.0	1.0	1.0					
4139.306	9.863000000000284	trials	7.0	4145.435697	4147.342463999999	4148.68023	4149.276384	4144.529863	4147.717269			1.0	1.0	0.0	3.0					
4150.989	15.325000000000728	trials	7.0	4161.6715110000005	4163.080673	4163.966992	4164.425949	4160.942503	4163.459766	4164.559	4166.314	1.0	1.0	1.0	1.0					
4170.334	7.551000000000386	trials	7.0	4175.241932	4176.503371	4177.4328160000005	4177.994902	4174.3735799999995	4176.835459			1.0	1.0	0.0	3.0					
4181.74	7.969000000000051	trials	7.0	4184.912601	4186.242721	4187.621133	4187.913571	4184.272364	4186.999459	4188.22	4189.709	1.0	1.0	1.0	1.0					
4192.729	10.344999999999345	trials	7.0	4198.391434	4199.835719	4200.625441	4201.091632	4197.447397	4200.087867	4201.199	4203.074	1.0	1.0	1.0	1.0					
4205.104	7.905999999999949	trials	7.0	4210.14106	4211.516113	4212.498535	4213.116735	4209.220651	4211.942091			1.0	1.0	0.0	3.0					
4215.86	6.135000000000218	trials	7.0	4219.056499	4221.081966	4221.948151	4222.6156439999995	4218.506631	4221.408013			1.0	1.0	0.0	3.0					
4226.229	259.3209999999999	BlockDesign														1.0	211.0	230.0	90.0	50.0
4226.229	12.715000000000146	trials	8.0	4235.426332	4236.983236	4238.1786250000005	4239.054508	4234.783483	4237.675988999999			1.0	2.0	0.0	3.0					
4241.569	9.970999999999549	trials	8.0	4246.236113	4248.117556	4248.935146	4249.3780719999995	4245.292912	4248.395206	4249.629	4251.54	1.0	1.0	1.0	1.0					
4255.559	6.684999999999491	trials	8.0	4258.141248	4259.229049	4259.8877489999995	4260.362358	4257.450927	4259.45697	4260.639	4262.244	1.0	1.0	1.0	1.0					
4265.334	10.614999999999782	trials	8.0	4271.781562	4272.919903	4273.622278	4273.975446	4270.904319	4273.116169	4274.199	4275.949	1.0	1.0	1.0	1.0					
4277.97	11.548999999999978	trials	8.0	4284.654946	4286.119231	4287.073225	4287.410886	4283.965093	4286.543986	4287.784	4289.519	1.0	1.0	1.0	1.0					
4291.604	9.445999999999913	trials	8.0	4296.651684	4297.973571	4298.735628	4299.058768	4296.072158999999	4298.213842	4299.27	4301.05	1.0	1.0	1.0	1.0					
4304.07	9.15900000000056	trials	8.0	4308.958281	4310.108104	4310.862813	4311.1755969999995	4308.410872	4310.368317	4311.635	4313.229	1.0	1.0	1.0	1.0					
4317.246	9.582999999999629	trials	8.0	4321.951387	4323.904002	4324.562978	4324.839159	4321.0409039999995	4324.052296	4325.095	4326.829	1.0	1.0	1.0	1.0					
4330.849	7.875	trials	8.0	4333.821607	4335.7949659999995	4336.571759	4336.879242999999	4333.1071919999995	4336.076326	4337.204	4338.724	1.0	1.0	1.0	1.0					
4340.789	12.3100000000004	trials	8.0	4348.251985	4349.780114	4350.545215	4350.834275	4347.537552	4350.050235	4351.175	4353.099	1.0	1.0	1.0	1.0					
4357.084	11.38000000000011	trials	8.0	4363.841804	4365.200929	4366.129659	4366.383667	4363.053543	4365.689391	4360.074	4368.464	1.0	1.0	1.0	1.0					
4372.481	7.583000000000538	trials	8.0	4376.466922	4378.314582	4379.088711	4379.373192999999	4375.8007020000005	4378.566382			1.0	1.0	1.0	1.0					
4383.647	12.686999999999898	trials	8.0	4391.4175589999995	4393.248102	4394.023869	4394.340997	4390.6179250000005	4393.566003	4394.734	4396.334	1.0	1.0	1.0	1.0					
4400.419	7.900000000000546	trials	8.0	4403.817069	4405.115315999999	4405.927725	4406.235780999999	4402.893496	4405.437487	4406.449	4408.319	1.0	1.0	1.0	1.0					
4412.401	8.097999999999956	trials	8.0	4417.458388	4419.068928	4420.265187	4420.553634	4416.749199	4419.736436			1.0	2.0	0.0	3.0					
4422.51	6.875	trials	8.0	4426.312134	4427.9189320000005	4428.778143	4429.495416	4425.650205	4428.25246			1.0	1.0	0.0	3.0					
4431.095	13.833999999999833	trials	8.0	4441.16403	4443.187537	4443.998746	4445.039208	4440.389457	4443.523825			1.0	2.0	0.0	3.0					
4448.309	12.079999999999927	trials	8.0	4455.098524	4457.1038499999995	4457.897285999999	4458.282577	4454.164831	4457.417455	4458.489	4460.389	1.0	1.0	1.0	1.0					
4462.464	11.13000000000011	trials	8.0	4468.737252	4470.3285	4471.180692	4471.515787	4467.742926	4470.697886	4471.749	4473.594	1.0	1.0	1.0	1.0					
4476.68	8.86999999999989	trials	8.0	4481.047519	4482.41569	4483.151284	4483.479277	4480.293282	4482.638484	4483.699	4485.55	1.0	1.0	1.0	1.0					
4490.631	72.94799999999941	BlockDesign														1.0	231.0	235.0	0.0	0.0
4490.631	9.652999999999338	trials	9.0	4496.34835	4498.185904	4499.596455	4500.393502	4495.722396	4498.650717			1.0	2.0	0.0	3.0					
4502.987	12.332000000000335	trials	9.0	4512.45868	4513.988826	4514.751678	4515.428818	4511.702896	4514.251674			1.0	1.0	0.0	3.0					
4519.006	11.875	trials	9.0	4528.03881	4529.774026	4530.51858	4530.947784	4527.447085	4530.05373			1.0	2.0	0.0	3.0					
4534.914	13.414999999999964	trials	9.0	4544.852803	4546.554646	4547.38644	4548.437244	4544.346167	4546.901773			1.0	2.0	0.0	3.0					
4551.83	11.748999999999796	trials	9.0	4561.477951	4562.679816			4560.604597	4563.119383			1.0	1.0	0.0	3.0					
4568.004	2641.3410000000003	BlockDesign														1.0	236.0	403.0	50.0	90.0
4568.004	50.375	trials	10.0	4615.437594	4617.054147	4617.725483	4618.4888009999995	4614.874572	4617.220939			1.0	1.0	0.0	3.0					
4620.021	14.978000000000065	trials	10.0	4632.124435	4633.63963	4634.466414	4635.110565	4631.435527	4633.947184			1.0	1.0	0.0	3.0					
4638.784	25.25500000000011	trials	10.0	4661.303079	4662.67995	4663.5234629999995	4664.1522939999995	4660.575283	4662.997954			1.0	1.0	0.0	3.0					
4665.805	27.188999999999396	trials	10.0	4690.334361	4691.5282019999995	4692.430158	4693.103544	4689.38872	4691.904262			1.0	1.0	0.0	3.0					
4695.744	23.306000000000495	trials	10.0	4714.1733509999995	4715.949696	4716.799	4717.03974	4713.559846	4716.335385	4717.279	4719.05	1.0	2.0	1.0	1.0					
4721.131	13.893000000000029	trials	10.0	4730.107942	4732.045737	4732.615441	4732.875015	4729.198036	4732.210645	4733.269	4735.024	1.0	2.0	1.0	1.0					
4739.179	8.864999999999782	trials	10.0	4742.933742	4744.720924	4745.889157	4746.165765	4742.056048	4745.071743	4746.449	4748.044	1.0	2.0	1.0	1.0					
4751.198	8.000999999999294	trials	10.0	4755.540048	4757.3006669999995			4754.595202	4757.284632			1.0		0.0	2.0					
4761.27	13.03899999999976	trials	10.0	4769.139865	4771.135462	4771.99524	4772.225326	4768.594357	4771.495003	4772.595	4774.309	1.0	2.0	1.0	1.0					
4776.385	11.614999999999782	trials	10.0	4783.348897	4784.775459	4785.60517	4785.9735359999995	4782.631134	4785.257971	4786.249	4788.0	1.0	2.0	1.0	1.0					
4791.084	10.176000000000386	trials	10.0	4796.243006	4798.167369	4798.994109	4799.249464	4795.669701	4798.636033	4799.694	4801.26	1.0	2.0	1.0	1.0					
4803.343	12.386000000000422	trials	10.0	4811.1703529999995	4812.816739	4813.59996	4813.820145	4810.189677	4813.172166	4814.234	4815.729	1.0	2.0	1.0	1.0					
4818.774	10.43499999999949	trials	10.0	4824.779527	4826.4295600000005	4826.95974	4827.165574	4824.0530770000005	4826.516385	4827.739	4829.209	1.0	2.0	1.0	1.0					
4833.275	8.179000000000087	trials	10.0	4837.598994	4838.680605	4839.679279	4839.916544	4836.837664	4839.303534	4840.269	4841.454	1.0	2.0	1.0	1.0					
4844.544	8.565999999999804	trials	10.0	4848.903795	4850.042146	4850.956228	4851.189641	4847.902062	4850.498583	4851.529	4853.11	1.0	2.0	1.0	1.0					
4855.019	9.05999999999949	trials	10.0	4860.129471	4861.535065	4861.986016	4862.258847	4859.2257549999995	4861.610047	4862.584	4864.079	1.0	2.0	1.0	1.0					
4866.164	9.5	trials	10.0	4870.988689	4872.892509	4873.578265	4873.827402	4870.463595	4873.21576	4874.149	4875.664	1.0	2.0	1.0	1.0					
4879.744	7.391000000000531	trials	10.0	4882.863724	4884.248388	4885.074087999999	4885.304844	4881.927841	4884.678634	4885.689	4887.135	1.0	2.0	1.0	1.0					
4890.15	6.529000000000451	trials	10.0	4893.179328	4894.696399	4895.085376	4895.4744869999995	4892.244535	4894.685133999999			1.0		0.0	2.0					
4899.689	7.905999999999949	trials	10.0	4902.564174	4903.960414	4905.186865	4905.535911999999	4901.691591	4904.576874	4905.709	4907.595	1.0	1.0	1.0	1.0					
4909.675	9.85400000000027	trials	10.0	4914.103986	4916.1895509999995	4916.912119	4917.156568	4913.47067	4916.442319	4917.434	4919.529	1.0	1.0	1.0	1.0					
4923.619	7.8969999999999345	trials	10.0	4926.719385	4928.41293	4929.20064	4929.444685	4925.877568	4928.660553	4929.679	4931.516	1.0	1.0	1.0	1.0					
4935.539	4.900000000000546	trials	10.0	4937.904363	4939.070931	4939.859244	4940.551578	4937.038113	4939.357194			1.0	1.0	0.0	3.0					
4944.159	10.510000000000218	trials	10.0	4949.5237720000005	4951.34116	4952.270589	4952.538703	4948.94181	4951.741221	4952.885	4954.669	1.0	1.0	1.0	1.0					
4956.754	8.84100000000035	trials	10.0	4962.359415	4963.620321	4964.428263	4965.710143	4961.501721	4963.911043			1.0	1.0	0.0	3.0					
4967.792	18.41699999999946	trials	10.0	4981.25444	4983.085686	4983.853813	4984.196385	4980.728144	4983.3088	4984.414	4986.209	1.0	1.0	1.0	1.0					
4989.29	7.838999999999942	trials	10.0	4993.375556999999	4995.106048	4996.547705999999	4997.242998	4992.57175	4996.009902			1.0	1.0	0.0	3.0					
4999.869	9.910000000000764	trials	10.0	5004.614595999999	5006.199927	5007.423664	5007.767592	5003.914546	5006.9377779999995	5007.925	5009.779	1.0	2.0	1.0	1.0					
5013.836	7.1340000000000146	trials	10.0	5015.7505679999995	5017.74636	5018.632828	5019.092257	5014.630921	5018.163007	5019.214	5020.97	1.0	1.0	1.0	1.0					
5025.054	6.925000000000182	trials	10.0	5027.279204	5028.668142	5029.747336	5030.076075	5026.453203	5029.132201	5030.444	5031.979	1.0	1.0	1.0	1.0					
5035.995	8.189000000000306	trials	10.0	5040.980823	5042.869515	5043.6213370000005	5044.296991	5040.444573	5043.123801			1.0	1.0	0.0	3.0					
5047.929	14.824999999999818	trials	10.0	5057.725757	5059.815006	5060.81251	5061.164406	5057.046117	5060.261655	5061.464	5062.754	1.0	1.0	1.0	1.0					
5066.909	9.27600000000075	trials	10.0	5071.524816	5072.6113239999995	5074.045981	5074.406618999999	5070.9993699999995	5073.5783759999995	5074.659	5076.185	1.0	2.0	1.0	1.0					
5078.215	8.703999999999724	trials	10.0	5082.5946189999995	5083.917148	5084.851732	5085.127507	5082.010877	5084.466882	5085.394	5086.919	1.0	2.0	1.0	1.0					
5090.006	8.19799999999941	trials	10.0	5094.925087	5096.590620999999	5097.4249469999995	5097.687234999999	5094.231204	5097.065286			1.0	2.0	0.0	3.0					
5099.677	15.543000000000575	trials	10.0	5110.170253	5111.996187	5113.314894	5113.658533	5109.287627	5112.909016	5113.914	5115.22	1.0	2.0	1.0	1.0					
5118.274	7.3049999999993815	trials	10.0	5122.144638	5123.951362	5124.596600999999	5124.906188999999	5121.179784	5124.257455			1.0	2.0	1.0	1.0					
5128.244	9.365000000000691	trials	10.0	5132.300404	5134.281387999999	5135.399872	5135.637932	5131.643059	5134.8280780000005	5136.039	5137.609	1.0	1.0	1.0	1.0					
5139.724	9.264999999999418	trials	10.0	5143.8102	5145.713089	5146.611534	5146.94989	5143.041841	5146.223011	5147.234	5148.989	1.0	2.0	1.0	1.0					
5152.07	7.548999999999978	trials	10.0	5155.135224	5156.66796	5157.567032999999	5157.759257	5154.616559	5157.164158	5158.209	5159.619	1.0	2.0	1.0	1.0					
5161.689	8.80999999999949	trials	10.0	5165.5054660000005	5167.3264770000005	5168.217825	5168.476563	5164.857991	5167.821975	5168.824	5170.499	1.0	2.0	1.0	1.0					
5174.554	8.135000000000218	trials	10.0	5178.041997	5179.161499	5180.099920000001	5180.43265	5177.165107	5179.728827999999	5180.814	5182.689	1.0	2.0	1.0	1.0					
5186.776	8.498000000000502	trials	10.0	5190.204508	5192.150023	5192.821223999999	5193.033979	5189.2913499999995	5192.323414	5193.284	5195.274	1.0	1.0	1.0	1.0					
5199.079	6.798000000000684	trials	10.0	5201.800254	5203.056802	5203.855275	5204.10454	5200.196118	5203.462665999999	5204.459	5205.877	1.0	2.0	1.0	1.0					
5209.959	4.650000000000546	trials	10.0	5212.105201	5213.463039	5214.364573	5214.667759	5211.410682	5213.751102			1.0	1.0	0.0	3.0					
5218.615	15.838999999999942	trials	10.0	5228.8702809999995	5230.861975	5231.4872589999995	5231.769475	5227.980077	5231.0707299999995	5232.135	5234.454	1.0	2.0	1.0	1.0					
5236.471	8.933000000000902	trials	10.0	5240.921913	5242.090522	5244.012604	5245.515367	5240.133142000001	5243.460290999999			1.0	2.0	0.0	3.0					
5247.249	6.405000000000655	trials	10.0	5250.605258	5252.361731999999	5253.246918	5253.767317	5249.642358	5252.698045			1.0	1.0	0.0	3.0					
5255.614	12.936000000000604	trials	10.0	5263.114935	5264.757475	5266.564949	5266.85039	5262.394958999999	5265.935987999999	5267.254	5268.55	1.0	1.0	1.0	1.0					
5270.65	9.042000000000371	trials	10.0	5276.775393	5278.411896	5279.217576999999	5279.801969	5275.892583999999	5278.6748800000005			1.0	1.0	0.0	3.0					
5281.555	13.668999999999869	trials	10.0	5290.310652	5292.24279	5293.042456	5293.339189	5289.547429	5292.627695	5293.764	5295.224	1.0	2.0	1.0	1.0					
5298.244	8.545000000000073	trials	10.0	5303.370364	5304.7624510000005	5305.799052	5306.0646130000005	5302.8360219999995	5305.31467			1.0	2.0	1.0	1.0					
5310.288	9.611000000000786	trials	10.0	5314.765428000001	5316.3069479999995	5317.456512	5317.8167109999995	5313.965459999999	5316.951725999999	5317.987	5319.899	1.0	2.0	1.0	1.0					
5323.027	8.006999999999607	trials	10.0	5326.167133	5327.825774999999	5328.536598000001	5328.762309	5325.314118	5328.152494	5329.169	5331.034	1.0	2.0	1.0	1.0					
5333.123	9.416000000000167	trials	10.0	5337.896124999999	5339.442582	5340.34338	5340.610951000001	5337.143464	5339.97567	5340.944	5342.539	1.0	2.0	1.0	1.0					
5345.559	9.615999999999985	trials	10.0	5350.455469	5351.682322000001	5352.562739999999	5352.764217	5349.506035	5352.168733	5353.026	5355.175	1.0	2.0	1.0	1.0					
5359.264	7.279999999999745	trials	10.0	5362.226076	5363.5274229999995	5364.266115	5364.485094	5361.632269	5363.883549	5364.749	5366.544	1.0	2.0	1.0	1.0					
5369.633	8.587000000000444	trials	10.0	5374.756176	5376.327361			5374.0382740000005	5376.318975			1.0		0.0	2.0					
5381.229	77.82999999999993	trials	10.0	5455.917366	5457.798681	5458.583728	5459.174115	5455.098848	5458.0171740000005			1.0	1.0	0.0	3.0					
5460.929	33.210000000000036	trials	10.0	5489.3817340000005	5491.093228	5491.935805	5492.247219	5488.705747	5491.40765	5492.584	5494.139	1.0	1.0	1.0	1.0					
5498.214	34.33600000000024	trials	10.0	5528.571914	5530.178014	5530.953717	5531.173063	5527.634757	5530.478218	5531.554	5532.55	1.0	2.0	1.0	1.0					
5534.57	41.06500000000051	trials	10.0	5573.131737	5574.358294	5575.328065	5575.673645999999	5572.424107	5574.868458999999			1.0	1.0	0.0	3.0					
5577.695	15.900000000000546	trials	10.0	5589.691344999999	5591.073197	5591.82543	5592.175003	5589.134332	5591.371708000001	5592.624	5593.595	1.0	2.0	1.0	1.0					
5596.574	20.240999999999985	trials	10.0	5613.031639	5614.534378	5615.244844	5615.447309	5612.40639	5614.790327	5616.004	5616.815	1.0	2.0	1.0	1.0					
5620.817	8.978000000000065	trials	10.0	5625.576283	5627.12319	5628.016938	5628.249388	5624.712949	5627.536468	5628.644	5629.795	1.0	1.0	1.0	1.0					
5631.929	9.4399999999996	trials	10.0	5636.746659	5638.183607999999	5639.077649999999	5639.332517999999	5635.9688160000005	5638.667203	5639.815	5641.369	1.0	2.0	1.0	1.0					
5644.407	5.811999999999898	trials	10.0	5647.231612	5648.437408	5649.232054	5649.445349	5646.530106	5648.874333			1.0	2.0	1.0	1.0					
5652.675	10.233999999999469	trials	10.0	5659.52685	5661.009367000001			5658.546308999999	5661.001903			1.0		0.0	2.0					
5665.919	8.015000000000327	trials	10.0	5670.977133	5672.789304	5673.632686	5673.890782	5670.096738	5673.137416			1.0	1.0	0.0	3.0					
5678.014	37.585000000000036	trials	10.0	5712.9724989999995	5714.379031	5715.141525999999	5715.714676	5712.283389	5714.640589000001			1.0	1.0	0.0	3.0					
5719.514	18.224999999999454	trials	10.0	5732.577133	5734.234254999999	5735.220423	5735.543745999999	5731.857613	5734.72728	5735.789	5737.739	1.0	2.0	1.0	1.0					
5739.76	10.128999999999905	trials	10.0	5744.992619000001	5746.494316	5747.4581020000005	5747.722227	5744.422823999999	5747.082495000001	5748.189	5749.889	1.0	2.0	1.0	1.0					
5753.959	7.275000000000546	trials	10.0	5756.132997000001	5757.679384	5758.613619	5758.860866999999	5755.601866	5758.237939000001	5759.345	5761.234	1.0	2.0	1.0	1.0					
5763.214	9.86999999999989	trials	10.0	5767.65213	5769.45835	5770.28176	5770.589194	5767.108527	5769.935568999999	5770.839	5773.084	1.0	2.0	1.0	1.0					
5776.179	8.376000000000204	trials	10.0	5779.702587	5781.364267	5782.056751	5782.222646	5778.957788	5781.7109820000005	5782.534	5784.555	1.0	2.0	1.0	1.0					
5787.639	9.095000000000255	trials	10.0	5791.712891	5793.436293	5794.346183	5794.64023	5791.099517000001	5793.99792	5794.874	5796.734	1.0	2.0	1.0	1.0					
5799.754	7.5479999999997744	trials	10.0	5803.58922	5805.545752	5806.252452	5806.540437	5802.9875919999995	5805.880207			1.0	2.0	1.0	1.0					
5811.802	10.11200000000008	trials	10.0	5818.3271970000005	5820.122338	5820.851601	5821.120788	5817.68619	5820.424509			1.0	2.0	1.0	1.0					
5824.284	24.75500000000011	trials	10.0	5844.919564	5846.229729000001	5847.073125	5847.361885	5844.089336999999	5846.514894	5847.774	5849.039	1.0	1.0	1.0	1.0					
5853.064	7.0349999999998545	trials	10.0	5857.223441	5858.619579	5859.532315	5860.214962	5856.367378	5859.051264			1.0	2.0	0.0	3.0					
5863.855	5.8090000000001965	trials	10.0	5867.102722	5868.194944	5869.231761999999	5869.777452	5866.5815170000005	5868.6723569999995			1.0	1.0	0.0	3.0					
5871.594	15.614999999999782	trials	10.0	5881.718586999999	5883.787428	5884.95838	5885.241792	5880.909814000001	5884.415998	5885.539	5887.209	1.0	1.0	1.0	1.0					
5890.26	8.960000000000036	trials	10.0	5894.152932999999	5895.905404	5896.969021	5897.179233999999	5893.576693	5896.443611000001	5897.669	5899.22	1.0	1.0	1.0	1.0					
5902.304	7.246000000000095	trials	10.0	5906.448304	5908.1244879999995	5908.997281	5909.667756	5905.809096999999	5908.463247			1.0	1.0	0.0	3.0					
5913.294	13.574999999999818	trials	10.0	5921.783031999999	5923.414862	5924.6170569999995	5924.919191999999	5921.038306	5924.051355	5925.334	5926.869	1.0	1.0	1.0	1.0					
5929.889	10.661000000000058	trials	10.0	5935.755134999999	5937.385512	5938.175884	5938.504972	5935.000855	5937.664032000001	5938.834	5940.55	1.0	1.0	1.0	1.0					
5942.569	11.74499999999989	trials	10.0	5949.893346999999	5951.40484	5952.191934	5952.482468	5948.920158	5951.760204	5952.869	5954.314	1.0	2.0	1.0	1.0					
5956.369	11.476000000000568	trials	10.0	5962.947898	5964.525154	5965.436364	5965.745139000001	5962.026119	5965.004455	5966.154	5967.845	1.0	2.0	1.0	1.0					
5971.932	8.266999999999825	trials	10.0	5975.294644	5976.954881	5977.698405	5977.902295	5974.400584	5977.297435	5978.345	5980.199	1.0	2.0	1.0	1.0					
5984.256	8.672999999999774	trials	10.0	5987.964322	5989.555759	5990.4191900000005	5990.697238	5987.265558	5990.0524000000005	5990.989	5992.929	1.0	2.0	1.0	1.0					
5996.914	6.074999999999818	trials	10.0	6000.14841	6001.760279	6002.614491	6002.88145	5999.629949	6002.1096			1.0	1.0	0.0	3.0					
6004.899	8.799999999999272	trials	10.0	6010.573302	6012.62782	6013.319707000001	6013.815076	6009.955311	6012.797863			1.0	1.0	0.0	3.0					
6015.629	13.796000000000276	trials	10.0	6024.929941	6026.583388	6027.429262	6027.738757	6023.956563	6026.917665	6028.3	6029.425	1.0	1.0	1.0	1.0					
6031.444	8.804999999999382	trials	10.0	6035.715663999999	6037.580049	6038.303076	6038.589615999999	6035.097232	6037.794726	6038.984	6040.249	1.0	1.0	1.0	1.0					
6043.339	6.3100000000004	trials	10.0	6046.599075	6048.526555	6049.424278	6049.711567	6045.9959180000005	6048.850585			1.0	1.0	0.0	3.0					
6051.695	9.609000000000378	trials	10.0	6056.363284	6058.2254250000005	6059.048653	6059.341483	6055.8346409999995	6058.51498	6059.76	6061.304	1.0	1.0	1.0	1.0					
6063.389	11.449999999999818	trials	10.0	6069.828192	6071.656684	6072.44095	6072.721459	6068.878173	6071.999750999999	6073.079	6074.839	1.0	2.0	1.0	1.0					
6078.787	6.641999999999825	trials	10.0	6080.595082	6082.239058	6082.880494	6083.159353	6079.551205	6082.521063	6083.429	6085.429	1.0	2.0	1.0	1.0					
6087.515	8.923999999999978	trials	10.0	6091.389536000001	6093.446769	6094.049953	6094.321506	6090.534097	6093.6974470000005	6094.569	6096.439	1.0	2.0	1.0	1.0					
6098.527	10.186999999999898	trials	10.0	6104.0197929999995	6105.49492	6106.413054000001	6106.654057	6103.078885	6106.009752	6106.944	6108.714	1.0	2.0	1.0	1.0					
6111.754	9.659999999999854	trials	10.0	6116.5091919999995	6117.745677999999	6119.494531	6119.747058999999	6115.815661000001	6118.978211	6120.034	6121.414	1.0	1.0	1.0	1.0					
6124.434	5.84099999999944	trials	10.0	6127.531126999999	6128.811229	6129.59753	6130.291706999999	6126.919833999999	6129.074882999999			1.0	1.0	0.0	3.0					
6134.024	11.38000000000011	trials	10.0	6141.643596999999	6143.412554			6140.6426169999995	6143.404465			1.0		0.0	2.0					
6149.474	13.234999999999673	trials	10.0	6157.229179999999	6158.715198999999	6160.1142279999995	6160.455274999999	6156.305084	6159.755028	6160.874	6162.709	1.0	2.0	1.0	1.0					
6164.824	8.095000000000255	trials	10.0	6168.244992	6169.796383	6170.654998999999	6170.947028	6167.6149239999995	6170.313451999999	6171.315	6172.919	1.0	2.0	1.0	1.0					
6176.037	8.80199999999968	trials	10.0	6179.960966	6181.968067999999	6182.463465999999	6182.742031999999	6178.9872829999995	6182.116832	6183.314	6184.839	1.0	2.0	1.0	1.0					
6188.924	6.914999999999964	trials	10.0	6191.224412	6192.3466	6193.368283999999	6193.60795	6190.489336	6193.022677	6194.079	6195.839	1.0	2.0	1.0	1.0					
6198.864	7.405000000000655	trials	10.0	6203.249937	6205.185488	6205.934128999999	6206.243291	6202.28173	6205.404864			1.0	1.0	0.0	3.0					
6209.349	10.849999999999454	trials	10.0	6217.499921	6219.061769	6219.851627	6220.160335	6216.670743	6219.319367			1.0	1.0	0.0	3.0					
6222.206	12.068000000000211	trials	10.0	6229.241639	6230.891584999999	6231.816613	6232.091288	6228.639238	6231.3268	6232.534	6234.274	1.0	1.0	1.0	1.0					
6237.304	6.2150000000001455	trials	10.0	6240.85016	6242.006966	6242.826945999999	6243.535293999999	6240.230023	6242.349386			1.0	1.0	0.0	3.0					
6246.175	14.048999999999978	trials	10.0	6255.795344	6256.905938	6257.598690999999	6258.0410679999995	6255.076792999999	6257.120650999999	6258.254	6260.224	1.0	2.0	1.0	1.0					
6264.244	9.181000000000495	trials	10.0	6268.656381	6270.242880999999	6270.996179	6271.349155	6267.752630999999	6270.64408	6271.595	6273.425	1.0	2.0	1.0	1.0					
6275.439	8.585000000000036	trials	10.0	6279.157214	6280.497431	6281.505362	6281.796249999999	6278.517000999999	6281.072703999999	6282.239	6284.024	1.0	2.0	1.0	1.0					
6287.104	7.375	trials	10.0	6291.055203999999	6292.995723999999	6293.752214	6294.498761	6290.2477149999995	6293.416517			1.0	2.0	0.0	3.0					
6297.12	11.094000000000051	trials	10.0	6303.3053	6304.651589	6305.592836	6305.889238	6302.322055	6305.119928	6306.354	6308.214	1.0	1.0	1.0	1.0					
6312.194	13.724999999999454	trials	10.0	6320.899794999999	6322.094722999999	6322.967705	6323.231384	6320.208006	6322.45649	6323.588	6325.919	1.0	1.0	1.0	1.0					
6329.935	5.964999999999236	trials	10.0	6332.770380999999	6334.19893	6335.224260999999	6335.920435	6331.969583	6334.714034			1.0	1.0	0.0	3.0					
6339.555	9.389000000000124	trials	10.0	6343.400374999999	6344.784044	6346.212146	6346.447378999999	6342.820492	6345.777878999999	6346.974	6348.944	1.0	2.0	1.0	1.0					
6351.029	9.154999999999745	trials	10.0	6357.665864	6358.722119	6359.565677	6360.204312999999	6356.911585999999	6359.052793999999			1.0	1.0	0.0	3.0					
6363.964	13.046000000000276	trials	10.0	6373.095659	6374.942233			6372.187903999999	6374.938501			1.0		0.0	2.0					
6381.053	109.3720000000003	trials	10.0	6486.605579	6488.432989	6489.509747	6489.789656	6485.753957	6488.42058			1.0		0.0	2.0					
6492.499	22.210000000000036	trials	10.0	6511.0914139999995	6512.692305	6513.367864	6514.7278129999995	6510.412777	6512.862399			1.0	1.0	0.0	3.0					
6517.724	12.514999999999418	trials	10.0	6526.4122609999995	6528.442918	6529.146401	6530.259163	6525.7311199999995	6528.644675			1.0	1.0	0.0	3.0					
6532.535	17.679000000000087	trials	10.0	6547.1575809999995	6548.825551999999	6549.577249999999	6550.232051	6546.567295999999	6549.088833999999			1.0	1.0	0.0	3.0					
6552.989	17.7450000000008	trials	10.0	6565.541437999999	6567.290217	6567.99677	6568.401718	6564.923483	6567.480828	6568.694	6570.734	1.0	1.0	1.0	1.0					
6574.819	6.0049999999992	trials	10.0	6577.636498999999	6579.106398999999	6580.030403	6580.843734	6577.014692	6579.523773999999			1.0	2.0	0.0	3.0					
6584.443	17.850999999999658	trials	10.0	6598.346278	6600.435434	6601.135133	6601.508809999999	6597.432808	6600.6099859999995			1.0	1.0	1.0	1.0					
6605.678	12.082000000000335	trials	10.0	6614.566465999999	6616.463959	6617.254945	6617.779798	6613.578313999999	6616.722508			1.0	1.0	0.0	3.0					
6619.604	14.144999999999527	trials	10.0	6630.232169	6631.558728999999	6633.106102	6633.770463999999	6629.649104	6632.554198999999			1.0	1.0	0.0	3.0					
6637.56	12.588999999999942	trials	10.0	6645.581974999999	6646.713905	6647.692606	6647.919554	6644.831163999999	6647.131823	6648.374	6650.149	1.0	2.0	1.0	1.0					
6652.169	13.574999999999818	trials	10.0	6663.202294999999	6664.284922999999	6665.1692809999995	6665.7656799999995	6662.624320999999	6664.590475999999			1.0	1.0	0.0	3.0					
6668.524	15.589999999999236	trials	10.0	6679.752227	6681.160183999999	6681.896054	6682.142572	6679.118796999999	6681.490847	6682.574	6684.114	1.0	2.0	1.0	1.0					
6688.135	9.5	trials	10.0	6692.75261	6694.218824	6694.993466	6695.213809	6691.749529999999	6694.586679999999	6695.67	6697.635	1.0	2.0	1.0	1.0					
6701.71	9.550000000000182	trials	10.0	6706.547447999999	6707.8253859999995	6708.621536	6708.835596	6705.550568	6708.20921	6709.199	6711.26	1.0	2.0	1.0	1.0					
6714.304	10.00500000000011	trials	10.0	6719.008027	6720.643716	6721.595816999999	6721.832098999999	6718.505633	6721.218857	6722.244	6724.309	1.0	2.0	1.0	1.0					
6726.426	10.88299999999981	trials	10.0	6732.037514	6734.039812	6734.711117	6734.981497999999	6731.256257	6734.3706919999995	6735.529	6737.309	1.0	2.0	1.0	1.0					
6739.345	8.954999999999927	trials	10.0	6745.151959999999	6746.229222999999			6744.150339	6746.21901			1.0		0.0	2.0					
6751.375	9.27599999999984	trials	10.0	6758.192056999999	6759.357978999999	6760.07684	6760.672740999999	6757.310358999999	6759.552688			1.0	1.0	0.0	3.0					
6763.479	9.884999999999309	trials	10.0	6769.137025999999	6770.894348	6771.9751	6773.383828999999	6768.475724999999	6771.457229			1.0	1.0	0.0	3.0					
6774.399	13.769999999999527	trials	10.0	6785.067305	6786.61831	6787.474558	6788.187379999999	6784.1047229999995	6786.98002			1.0	2.0	0.0	3.0					
6789.869	17.61500000000069	trials	10.0	6802.357402	6804.084327	6804.868133	6805.120747	6801.438271	6804.342495999999	6805.659	6807.484	1.0	1.0	1.0	1.0					
6810.537	10.42199999999957	trials	10.0	6815.342269	6817.311253	6818.127149999999	6818.382944	6814.765426	6817.571714	6818.874	6820.959	1.0	1.0	1.0	1.0					
6822.976	9.694000000000415	trials	10.0	6828.482677999999	6830.224007	6830.8993869999995	6831.502592	6827.931887	6830.370263999999			1.0	1.0	0.0	3.0					
6833.319	14.924999999999272	trials	10.0	6843.232016	6844.809276999999	6845.587877	6845.915279	6842.500121	6845.096017999999	6846.249	6848.244	1.0	1.0	1.0	1.0					
6850.324	8.4950000000008	trials	10.0	6855.8522649999995	6857.153855	6858.087673999999	6858.841786999999	6855.206459	6857.506783			1.0	1.0	0.0	3.0					
6860.5	27.800000000000182	trials	10.0	6883.567131	6885.309509	6885.816578	6886.114877	6882.646882	6885.345674	6886.441	6888.3	1.0	2.0	1.0	1.0					
6892.354	9.359999999999673	trials	10.0	6897.092584	6898.200511	6898.978153999999	6899.315804	6896.2129319999995	6898.620011	6899.769	6901.714	1.0	2.0	1.0	1.0					
6905.734	7.796999999999571	trials	10.0	6910.119017	6911.235177	6912.35795	6912.585238	6909.570597	6911.976589			1.0	2.0	1.0	1.0					
6915.943	16.990999999999985	trials	10.0	6928.0741339999995	6929.585776999999	6930.499057	6930.691672999999	6927.144832	6930.043572	6931.111	6932.934	1.0	2.0	1.0	1.0					
6937.019	7.994999999999891	trials	10.0	6940.713086	6941.76542	6942.656841999999	6942.861642999999	6939.757678999999	6942.279409	6943.354	6945.014	1.0	2.0	1.0	1.0					
6949.052	7.29700000000048	trials	10.0	6953.647795	6955.0710229999995	6955.954505	6956.168897	6952.962745999999	6955.418524			1.0	1.0	0.0	3.0					
6959.359	11.714999999999236	trials	10.0	6965.950037	6967.719819	6968.475312	6968.785030999999	6965.388913999999	6967.976172	6969.052	6971.074	1.0	1.0	1.0	1.0					
6973.115	12.766000000000531	trials	10.0	6980.478386	6981.855044999999	6982.986707	6983.269334	6979.54934	6982.50482	6983.644	6985.881	1.0	1.0	1.0	1.0					
6988.927	10.55200000000059	trials	10.0	6994.383185	6995.474749999999	6996.855393999999	6997.106847	6993.575269999999	6996.391264	6997.494	6999.479	1.0	2.0	1.0	1.0					
7002.584	10.301000000000386	trials	10.0	7008.058096	7009.91462	7010.645006	7010.874013	7007.373943	7010.2838839999995	7011.374	7012.885	1.0	2.0	1.0	1.0					
7014.929	11.420000000000073	trials	10.0	7022.074858	7023.400954999999	7024.118165	7024.427725	7021.083728	7023.740357	7024.804	7026.349	1.0	2.0	1.0	1.0					
7030.369	7.670000000000073	trials	10.0	7033.398254	7035.218629999999	7035.604208	7035.902878999999	7032.500768	7035.196513	7036.385	7038.039	1.0	2.0	1.0	1.0					
7041.064	9.329999999999927	trials	10.0	7045.5144279999995	7047.121671999999	7047.854740999999	7048.05397	7044.846648999999	7047.504467	7048.599	7050.394	1.0	2.0	1.0	1.0					
7053.43	8.389000000000124	trials	10.0	7057.16375	7058.514665	7059.302479	7059.611575999999	7056.253595	7058.917823	7059.889	7061.819	1.0	2.0	1.0	1.0					
7064.839	9.805000000000291	trials	10.0	7070.788904	7072.585725	7073.001974	7073.400331	7069.793799	7072.583132			1.0		0.0	2.0					
7077.724	54.23499999999967	trials	10.0	7127.433883	7128.900076999999	7130.03456	7130.2769499999995	7126.829204	7129.516965999999	7130.729	7131.959	1.0	2.0	1.0	1.0					
7133.979	8.164999999999964	trials	10.0	7138.509008	7140.156059			7137.821258	7140.146978			1.0		0.0	2.0					
7145.221	18.75300000000061	trials	10.0	7159.089742	7160.840802999999	7161.575158	7161.864388999999	7158.451333999999	7161.191863999999	7162.364	7163.974	1.0	2.0	1.0	1.0					
7166.062	7.837000000000444	trials	10.0	7170.403187	7172.162154	7173.291094	7173.923046999999	7169.646699999999	7172.815282			1.0	1.0	0.0	3.0					
7177.619	8.641000000000531	trials	10.0	7180.713833	7182.778678999999	7183.768537999999	7184.019506	7179.731952	7183.206603	7184.409	7186.26	1.0	2.0	1.0	1.0					
7189.345	8.25	trials	10.0	7193.024041	7194.178249	7195.097776	7195.433695	7192.4101089999995	7194.7621309999995	7195.72	7197.595	1.0	2.0	1.0	1.0					
7200.635	8.710000000000036	trials	10.0	7204.438926999999	7206.060600999999	7206.97463	7207.21009	7203.744863	7206.614818	7207.675	7209.345	1.0	2.0	1.0	1.0					
7212.439	306.7649999999994	BlockDesign														1.0	404.0	423.0	10.0	50.0
7212.439	7.384999999999309	trials	11.0	7216.560727	7218.560944	7219.334997999999	7219.846018	7215.983177	7219.003822			1.0	2.0	0.0	3.0					
7223.795	11.009000000000015	trials	11.0	7231.393951	7233.156158	7234.114444999999	7234.826476	7230.828358999999	7233.564624			1.0	1.0	0.0	3.0					
7236.524	10.735999999999876	trials	11.0	7242.169666	7243.73871	7244.704132	7244.957058999999	7241.480517999999	7244.200037	7245.319	7247.26	1.0	2.0	1.0	1.0					
7251.339	5.635000000000218	trials	11.0	7253.484340999999	7255.415607999999	7256.083583	7256.997178	7252.89016	7255.664476			1.0	2.0	0.0	3.0					
7258.494	12.0600000000004	trials	11.0	7265.72465	7266.796252	7268.370347	7268.694184999999	7264.955924	7267.874379	7269.154	7270.554	1.0	2.0	1.0	1.0					
7273.569	8.074999999999818	trials	11.0	7277.884561	7279.500301	7280.53932	7281.667186999999	7277.339257	7279.424472999999			1.0	2.0	0.0	3.0					
7283.885	17.559000000000196	trials	11.0	7297.689085999999	7299.235624999999	7300.945508	7301.46689	7296.819437	7300.386930999999			1.0	1.0	0.0	3.0					
7303.345	15.15899999999965	trials	11.0	7313.299529	7315.230842	7316.153668999999	7316.482306999999	7312.438948999999	7315.638091999999	7316.854	7318.504	1.0	2.0	1.0	1.0					
7321.552	8.80200000000059	trials	11.0	7324.919409	7326.851310999999	7327.791767	7328.197149	7324.138618	7327.313114	7328.524	7330.354	1.0	2.0	1.0	1.0					
7332.406	9.877999999999702	trials	11.0	7337.344746999999	7339.0724979999995	7339.744675999999	7339.989634	7336.5186889999995	7339.364205	7340.385	7342.284	1.0	2.0	1.0	1.0					
7345.304	8.519999999999527	trials	11.0	7350.471296	7351.883177	7352.923129999999	7353.847103	7349.809697	7352.549241999999			1.0	2.0	0.0	3.0					
7355.334	15.09100000000035	trials	11.0	7366.959815	7368.655853	7369.696425	7370.447477	7366.031347	7369.326644			1.0	2.0	0.0	3.0					
7372.099	16.045000000000073	trials	11.0	7382.944348999999	7384.134032	7385.683236	7385.932294	7382.411652999999	7385.304655999999	7386.334	7388.144	1.0	2.0	1.0	1.0					
7391.169	8.21100000000024	trials	11.0	7396.205201999999	7397.351414999999	7398.733505	7399.400465	7395.567043999999	7398.358466			1.0	2.0	0.0	3.0					
7403.099	17.545000000000073	trials	11.0	7415.764483999999	7417.56156	7418.290064	7418.596034	7414.867945999999	7417.92581	7419.095	7420.644	1.0	2.0	1.0	1.0					
7424.705	9.28399999999965	trials	11.0	7430.64445	7432.704446	7433.452829	7434.013546	7430.122189	7432.8803419999995			1.0	1.0	0.0	3.0					
7437.844	20.324999999999818	trials	11.0	7455.009942999999	7456.655677999999	7457.677774	7458.192227	7454.311454	7457.1048279999995			1.0	2.0	0.0	3.0					
7461.084	27.676000000000386	trials	11.0	7485.260552	7487.00728	7488.189579	7488.784159	7484.3827599999995	7487.6294			1.0	1.0	0.0	3.0					
7491.65	14.704000000000633	trials	11.0	7501.3015159999995	7502.332173999999	7503.753283	7504.016721999999	7500.3365779999995	7503.381267999999	7504.47	7506.354	1.0	2.0	1.0	1.0					
7510.374	8.829999999999927	trials	11.0	7514.081706999999	7515.466751	7516.646355	7516.855441	7513.411241	7516.139378	7517.329	7519.204	1.0	2.0	1.0	1.0					
7521.314	698.8209999999999	BlockDesign														1.0	424.0	451.0	50.0	0.0
7521.314	8.634999999999309	trials	12.0	7525.101197	7527.2015949999995	7528.13591	7528.354819	7524.38666	7527.608173	7528.752	7529.949	2.0	1.0	1.0	1.0					
7533.979	6.155999999999949	trials	12.0	7536.895071999999	7538.306008	7539.695479999999	7540.160215	7536.292101999999	7539.2447839999995			2.0	2.0	0.0	3.0					
7542.099	15.225999999999658	trials	12.0	7554.621816999999	7556.042641999999	7556.745199	7557.344912	7553.818772	7556.253111999999			2.0	1.0	0.0	3.0					
7560.244	35.0	trials	12.0	7592.939977999999	7594.070489	7594.8447	7595.115909	7592.321696999999	7594.340211999999			2.0	1.0	0.0	3.0					
7597.249	26.650000000000546	trials	12.0	7618.664698	7620.624002	7621.451153999999	7621.697533	7617.743573	7620.97192	7622.169	7623.899	2.0	1.0	1.0	1.0					
7627.869	8.155000000000655	trials	12.0	7632.680359999999	7633.857986999999	7635.520286	7636.047898999999	7632.002242	7634.9747449999995			2.0	2.0	0.0	3.0					
7638.945	13.459000000000742	trials	12.0	7649.456047	7650.837458	7651.825981999999	7652.426039	7648.812024999999	7651.273423			2.0	1.0	0.0	3.0					
7654.224	18.014999999999418	trials	12.0	7668.901553	7670.735417	7671.15576	7672.261495999999	7668.147008	7670.751816999999			2.0	2.0	0.0	3.0					
7673.524	23.719999999999345	trials	12.0	7694.001270999999	7695.841946	7696.4098699999995	7697.265899999999	7693.276425999999	7696.048632999999			2.0	2.0	0.0	3.0					
7700.819	50.5659999999998	trials	12.0	7746.211783999999	7748.093153	7748.897148999999	7749.159371	7745.284879	7748.382409	7728.524	7751.385	2.0	1.0	1.0	1.0					
7754.468	13.207000000000335	trials	12.0	7764.5705419999995	7766.183714	7767.131176	7767.696859	7763.737528	7766.694974			2.0	2.0	0.0	3.0					
7769.539	16.550000000000182	trials	12.0	7783.372373	7784.642384999999	7785.450704	7786.110505	7782.738805	7784.883893			2.0	1.0	0.0	3.0					
7787.867	22.603000000000065	trials	12.0	7805.966536999999	7807.803226999999	7808.532206	7808.876608	7805.394636999999	7808.012822	7809.264	7810.47	2.0	1.0	1.0	1.0					
7814.554	14.055000000000291	trials	12.0	7824.876818	7826.840681	7828.07459	7828.634348	7823.8966009999995	7827.523217			2.0	1.0	0.0	3.0					
7830.49	23.9350000000004	trials	12.0	7849.561557999999	7851.103483	7852.097741	7852.374153999999	7848.870763	7851.566653	7852.649	7854.425	2.0	1.0	1.0	1.0					
7857.57	10.230000000000473	trials	12.0	7864.5514539999995	7866.415073	7867.201692	7867.827276999999	7863.891643	7866.666146			2.0	1.0	0.0	3.0					
7870.559	22.295000000000073	trials	12.0	7890.512584	7891.548484999999	7892.403877999999	7892.870204	7889.720558999999	7891.871838999999			2.0	1.0	0.0	3.0					
7896.869	37.10100000000057	trials	12.0	7929.328476999999	7930.468589	7931.453985	7931.755735999999	7928.7033169999995	7930.9033389999995	7932.234	7933.97	2.0	1.0	1.0	1.0					
7935.984	8.955999999999221	trials	12.0	7942.337578999999	7943.501393	7944.305048	7944.961794999999	7941.745084	7943.736752			2.0	1.0	0.0	3.0					
7946.754	22.409999999999854	trials	12.0	7964.007661	7965.7904149999995	7966.498780999999	7966.876636999999	7963.045343	7965.994871	7967.264	7969.164	2.0	1.0	1.0	1.0					
7971.26	15.264999999999418	trials	12.0	7983.357145999999	7985.198791999999	7986.055114	7986.550662	7982.584629999999	7985.4890749999995			2.0	1.0	0.0	3.0					
7989.385	39.83899999999994	trials	12.0	8026.163667999999	8027.907784999999	8028.427858999999	8029.251977	8025.279796	8027.998927			2.0	2.0	0.0	3.0					
8032.77	13.673999999999978	trials	12.0	8042.623487	8043.922748	8045.170862	8046.469963	8042.104101999999	8044.3058169999995			2.0	1.0	0.0	3.0					
8047.649	24.485999999999876	trials	12.0	8068.309832	8070.154525	8070.784675	8071.307756	8067.535661	8070.143623999999			2.0		0.0	2.0					
8076.144	16.524999999999636	trials	12.0	8089.612654	8091.328992999999	8092.075768999999	8092.692856	8089.060358	8091.5446569999995			2.0	1.0	0.0	3.0					
8094.494	75.125	trials	12.0	8165.883526	8167.635317	8168.515039999999	8169.000241	8165.1700599999995	8167.628959			2.0		0.0	2.0					
8171.701	19.690999999999804	trials	12.0	8188.878516	8190.100887999999	8190.942321999999	8191.417222	8187.9251349999995	8190.091512999999			2.0	1.0	0.0	3.0					
8194.29	25.844999999999345	trials	12.0	8215.329803	8216.665676	8217.376938	8217.82532	8214.747539	8216.897733	8218.254	8220.135	2.0	1.0	1.0	1.0					
8223.159	359.4200000000001	BlockDesign														1.0	452.0	471.0	0.0	50.0
8223.159	17.915000000000873	trials	13.0	8238.124479999999	8239.359790999999	8240.277983	8241.101923999999	8237.328492999999	8239.905261			3.0	2.0	0.0	3.0					
8242.679	23.149999999999636	trials	13.0	8262.613153	8264.396437	8265.120524	8265.856344	8262.106422	8264.755906			3.0	2.0	0.0	3.0					
8267.534	19.290000000000873	trials	13.0	8282.040344	8283.341455	8284.224613999999	8284.492723	8281.458751999999	8283.839641999999	8284.834	8286.824	3.0	2.0	1.0	1.0					
8290.877	9.451999999999316	trials	13.0	8296.733572	8298.51077	8299.134857	8299.426900999999	8295.936668	8298.760547			3.0	2.0	1.0	1.0					
8304.802	25.572000000000116	trials	13.0	8324.833792	8326.786372999999	8327.44897	8327.734242999999	8324.102918	8327.037109	8328.169	8330.374	3.0	2.0	1.0	1.0					
8332.479	11.0	trials	13.0	8340.415224	8342.4574	8342.998075	8343.505503	8339.664052	8342.625225			3.0	2.0	0.0	3.0					
8345.399	21.295000000000073	trials	13.0	8362.868473999999	8364.345007	8365.155005	8366.722072999999	8362.07889	8364.681849999999			3.0	2.0	0.0	3.0					
8368.623	10.277000000000044	trials	13.0	8373.98386	8375.715897999999	8376.482404	8376.725186	8373.361507	8376.104105999999	8377.064	8378.9	3.0	2.0	1.0	1.0					
8382.919	7.555000000000291	trials	13.0	8387.885273	8389.00953	8389.730689	8390.50216	8386.971019999999	8389.355566999999			3.0	2.0	0.0	3.0					
8392.114	20.25500000000102	trials	13.0	8409.059310999999	8411.067892	8411.682898	8412.398228	8408.49728	8411.330072			3.0	2.0	0.0	3.0					
8415.099	21.18000000000029	trials	13.0	8431.705607	8433.184772	8433.857823	8434.074578	8430.979030999999	8433.510226	8434.51	8436.279	3.0	2.0	1.0	1.0					
8438.375	10.138999999999214	trials	13.0	8443.899116	8445.316305	8446.014221	8446.275943999999	8443.273648999999	8445.660501	8446.709	8448.514	3.0	2.0	1.0	1.0					
8450.615	9.238999999999578	trials	13.0	8456.544758	8458.520789	8459.236764	8459.883785	8455.982951	8458.901679999999			3.0	2.0	0.0	3.0					
8463.56	15.459000000000742	trials	13.0	8473.299341	8475.011730999999	8476.009337	8476.342702	8472.399452	8475.633025	8476.76	8479.019	3.0	2.0	1.0	1.0					
8481.074	12.774999999999636	trials	13.0	8490.634763	8492.608853	8493.27572	8493.877133	8489.997229	8492.900227			3.0	2.0	0.0	3.0					
8496.677	18.016999999999825	trials	13.0	8509.618811	8511.386209	8511.998636	8512.324123999999	8508.894927	8511.667568	8512.709	8514.694	3.0	2.0	1.0	1.0					
8516.744	12.864999999999782	trials	13.0	8524.081451	8525.806248	8526.477042999999	8526.851797	8523.084938	8526.136042	8527.199	8529.609	3.0	2.0	1.0	1.0					
8532.671	9.708999999998923	trials	13.0	8539.225114	8540.865869	8541.605372	8542.408915	8538.572575999999	8541.242011			3.0	2.0	0.0	3.0					
8546.068	11.806000000000495	trials	13.0	8554.364156	8556.42137	8557.1013	8557.904099	8553.686355	8556.753617			3.0	2.0	0.0	3.0					
8559.501	23.07799999999952	trials	13.0	8577.714807	8578.826307	8579.89775	8580.175874	8576.84089	8579.550659	8580.644	8582.579	3.0	2.0	1.0	1.0					
8586.699	1129.5720000000001	BlockDesign														1.0	472.0	512.0	50.0	50.0
8586.699	8.369999999998981	trials	14.0	8592.349913	8593.602955999999	8594.404762999999	8595.097399999999	8591.741659	8593.861859			2.0	1.0	0.0	3.0					
8597.809	15.820000000001528	trials	14.0	8609.135262	8610.786323	8611.706151	8612.059682	8608.541501	8611.24508	8612.439	8613.629	2.0	1.0	1.0	1.0					
8616.649	8.225000000000364	trials	14.0	8621.880422	8623.491457	8624.321003	8624.903581999999	8620.948785999999	8623.782414			2.0	1.0	0.0	3.0					
8626.659	16.045000000000073	trials	14.0	8637.184999	8639.196901	8639.912712	8640.196683999999	8636.34824	8639.536178	8640.589	8642.704	3.0	2.0	1.0	1.0					
8644.787	11.42200000000048	trials	14.0	8651.980285	8653.006945	8654.004606999999	8654.498035	8651.28056	8653.440584	8654.739	8656.209	2.0	1.0	1.0	1.0					
8660.287	7.057999999999083	trials	14.0	8664.336538	8665.806058999999	8666.618611	8667.373919	8663.578742	8666.236359999999			3.0	2.0	0.0	3.0					
8669.974	14.06500000000051	trials	14.0	8680.760837	8682.257223999999	8683.548682	8684.067391999999	8680.053454	8683.021429			3.0	1.0	0.0	3.0					
8685.949	24.420000000000073	trials	14.0	8707.957021999999	8709.06834	8709.784537	8710.395925	8707.440462999999	8709.443158999999			3.0	2.0	0.0	3.0					
8712.175	96.65400000000045	trials	14.0	8803.507270999999	8805.163138	8806.014623	8806.300682	8802.835643999999	8805.539383	8806.675	8808.829	2.0	1.0	1.0	1.0					
8812.885	15.029000000000451	trials	14.0	8823.075743	8824.245077	8825.177340999999	8825.466306	8822.140782999999	8824.739212	8825.929	8827.914	3.0	2.0	1.0	1.0					
8829.974	9.475000000000364	trials	14.0	8836.756266	8838.157511	8838.865507999999	8839.478554	8835.855411999999	8838.494483999999			3.0	2.0	0.0	3.0					
8842.265	12.088999999999942	trials	14.0	8851.436351	8853.16945	8853.969614	8854.367409999999	8850.562	8853.475346			2.0	1.0	0.0	3.0					
8856.364	17.55500000000029	trials	14.0	8868.736013	8870.497356	8871.279047	8871.705517999999	8867.843842	8870.793176	8872.014	8873.919	2.0	1.0	1.0	1.0					
8876.939	15.465000000000146	trials	14.0	8887.381196	8889.10789	8889.755944999999	8889.997913	8886.791705	8889.359987	8890.469	8892.404	3.0	2.0	1.0	1.0					
8895.479	9.140000000001237	trials	14.0	8901.610868	8903.222708	8904.020609	8904.649063	8900.958325	8903.48116			2.0	1.0	0.0	3.0					
8908.416	22.028000000000247	trials	14.0	8927.480935	8929.009756	8929.673367	8930.471351	8926.470844	8929.293237			3.0	2.0	0.0	3.0					
8932.109	15.805000000000291	trials	14.0	8944.641515	8945.832462	8946.83103	8947.941735	8943.934426	8946.399777999999			3.0	2.0	0.0	3.0					
8950.201	13.684000000001106	trials	14.0	8958.753251	8960.718321	8961.373217	8961.655336	8957.782836	8960.990179	8962.01	8963.885	3.0	2.0	1.0	1.0					
8967.974	63.66899999999987	trials	14.0	9028.762152	9030.605835	9031.204664	9031.620971	9027.762605	9030.829811			3.0	2.0	0.0	3.0					
9033.579	14.855999999999767	trials	14.0	9045.606592	9047.053458	9047.799668	9048.462559	9044.995244	9047.272238			2.0	1.0	0.0	3.0					
9050.164	17.180999999998676	trials	14.0	9064.200418	9065.993186	9066.730865	9067.374528	9063.583571	9066.268192			2.0	1.0	0.0	3.0					
9071.139	14.206000000000131	trials	14.0	9079.746503	9081.735036999999	9082.485249	9082.938941	9078.896123999999	9081.994902999999	9083.104	9085.345	2.0	1.0	1.0	1.0					
9088.259	18.63500000000022	trials	14.0	9102.2321	9103.70333	9104.396795	9104.666820999999	9101.334987999999	9104.026344	9105.095	9106.894	3.0	2.0	1.0	1.0					
9110.044	21.71600000000035	trials	14.0	9126.438963999999	9127.714479999999	9129.093239	9129.354910999999	9125.826262999999	9128.52751	9129.869	9131.76	2.0	1.0	1.0	1.0					
9135.839	9.954999999999927	trials	14.0	9143.003476	9144.187145	9145.145800999999	9145.825407	9142.268237	9144.606103			2.0	1.0	0.0	3.0					
9148.594	22.106000000001586	trials	14.0	9166.866603999999	9168.634487	9169.136911	9169.636754	9165.954496	9168.628259			2.0		0.0	2.0					
9172.714	12.155000000000655	trials	14.0	9182.45853	9183.643876999999	9184.309755999999	9184.901299	9181.518415999999	9183.944874			3.0	2.0	0.0	3.0					
9186.745	21.72399999999834	trials	14.0	9205.504732	9207.145619	9207.775235000001	9208.572037	9204.808106	9207.413755			3.0	2.0	0.0	3.0					
9211.105	17.22400000000016	trials	14.0	9223.980349	9225.38087	9226.044039	9226.262415	9223.069198	9225.70594	9226.644	9228.329	3.0	2.0	1.0	1.0					
9230.349	22.104999999999563	trials	14.0	9247.62916	9249.132515	9250.02204	9250.240245	9246.836413	9249.657998	9250.635	9252.454	3.0	2.0	1.0	1.0					
9255.524	14.3700000000008	trials	14.0	9266.848952	9268.1033	9268.898489	9269.250189	9266.087854	9268.375403			2.0	1.0	1.0	1.0					
9274.443	29.296000000000276	trials	14.0	9298.780799	9300.175283	9300.844649	9301.229456000001	9297.833741	9300.374564	9301.534	9303.739	2.0	1.0	1.0	1.0					
9306.788	10.540999999999258	trials	14.0	9312.144376	9314.294579	9314.72338	9315.008771	9311.262263	9314.343172	9315.274	9317.329	3.0	2.0	1.0	1.0					
9320.365	21.924000000000888	trials	14.0	9339.741098	9341.120321	9341.851438	9342.389519	9338.953354	9341.366444			2.0	1.0	0.0	3.0					
9344.219	16.2400000000016	trials	14.0	9358.049544	9359.445656	9360.104175	9360.451909	9357.128523	9359.706626			3.0	2.0	0.0	3.0					
9364.47	157.40900000000147	trials	14.0	9519.229714000001	9520.538199	9521.23742	9521.98075	9518.650538	9520.864874			3.0	2.0	0.0	3.0					
9523.614	17.475000000000364	trials	14.0	9536.531794	9537.794065	9538.650805	9539.005202	9535.993091	9538.196993	9539.404	9541.089	2.0	1.0	1.0	1.0					
9545.109	15.680000000000291	trials	14.0	9557.640335	9559.522024	9560.368349	9560.891090000001	9556.694888	9559.827661			2.0	1.0	0.0	3.0					
9563.684	51.79500000000007	trials	14.0	9610.667498	9612.184241	9612.893295	9613.240033	9609.668935	9612.399697	9613.474	9615.479	2.0	1.0	1.0	1.0					
9617.569	83.0	trials	14.0	9696.01585	9697.192888	9698.010007	9698.228663	9695.395658	9697.619181	9698.564	9700.569	3.0	2.0	1.0	1.0					
9702.589	13.682000000000698	trials	14.0	9713.675239	9715.498154			9712.798865	9715.802271			2.0	1.0	0.0	3.0					
9720.59	128.96899999999914	BlockDesign														1.0	513.0	517.0	0.0	0.0
9720.59	13.502000000000407	trials	15.0	9731.047326	9732.538262	9733.670507	9734.166314	9730.184846	9733.183069			2.0	1.0	0.0	3.0					
9738.052	13.55199999999968	trials	15.0	9749.041199	9750.43729	9750.992947	9751.706969	9748.215709	9750.552211			2.0	2.0	0.0	3.0					
9754.324	16.35099999999875	trials	15.0	9767.941452000001	9769.519078	9770.226275	9770.781718	9766.950839000001	9769.748119			2.0	1.0	0.0	3.0					
9774.654	21.44999999999891	trials	15.0	9792.966761	9794.563205	9795.359454	9796.206338	9792.358222	9794.94436			2.0	2.0	0.0	3.0					
9798.695	50.86399999999958	trials	15.0	9847.086644	9848.702111	9849.520195000001	9850.140435	9846.410671	9849.012245			2.0	1.0	0.0	3.0					
9852.934	142.72500000000036	BlockDesign														1.0	518.0	522.0	0.0	0.0
9852.934	16.18500000000131	trials	16.0	9866.33672	9867.804226	9868.490894	9869.225003	9865.754831	9868.09946			3.0	2.0	0.0	3.0					
9871.834	26.0049999999992	trials	16.0	9894.658127	9896.619922	9897.385465	9897.945578	9894.080893	9896.977445			3.0	2.0	0.0	3.0					
9901.734	17.859999999998763	trials	16.0	9916.538441	9917.827325	9918.73654	9919.698452	9915.84877	9918.346321			3.0	2.0	0.0	3.0					
9922.989	38.68000000000029	trials	16.0	9959.01893	9960.393996	9961.250243	9961.755073	9958.348563	9960.819773			3.0	2.0	0.0	3.0					
9965.659	30.0	trials	16.0	9992.92765	9994.378133	9995.603641	9996.240623	9992.36713	9995.05519			3.0	1.0	0.0	3.0					
9999.929	1060.3559999999998	BlockDesign														1.0	523.0	565.0	50.0	50.0
9999.929	36.55500000000029	trials	17.0	10033.057523	10034.951827	10035.765842	10036.592638	10032.428304000001	10035.38818			3.0	2.0	0.0	3.0					
10038.089	31.110000000000582	trials	17.0	10063.493833	10065.509305	10066.439345	10066.829209	10062.516983	10065.906529	10067.109	10069.199	2.0	1.0	1.0	1.0					
10072.298	18.860999999998967	trials	17.0	10085.852741	10087.636471	10088.572033	10089.008867	10085.267240000001	10087.936156	10089.209	10091.159	2.0	1.0	1.0	1.0					
10093.25	14.879000000000815	trials	17.0	10102.922795	10104.886396	10105.674843	10106.016972	10102.249036	10105.239861	10106.324	10108.129	3.0	2.0	1.0	1.0					
10111.175	15.064000000000306	trials	17.0	10123.607555	10124.785021	10125.710243	10126.346167	10122.804757	10125.133312			2.0	1.0	0.0	3.0					
10128.099	11.636000000000422	trials	17.0	10136.557988	10138.368986	10139.207175	10139.842034	10135.6691	10138.746212			3.0	2.0	0.0	3.0					
10142.514	18.825000000000728	trials	17.0	10158.648011	10159.968272	10160.870923	10161.446068	10157.745965	10160.332977			2.0	1.0	0.0	3.0					
10165.25	18.35900000000038	trials	17.0	10178.294068	10180.129879	10181.085109	10181.413526	10177.577259	10180.644364	10181.709	10183.609	3.0	2.0	1.0	1.0					
10185.729	12.235000000000582	trials	17.0	10192.334186	10193.87558	10194.844283	10195.315057	10191.398804	10194.194432	10195.449	10197.964	2.0	1.0	1.0	1.0					
10199.984	16.860999999998967	trials	17.0	10213.8335	10215.791606	10216.447748	10216.950721000001	10213.28456	10216.046801			3.0	2.0	0.0	3.0					
10219.786	9.032999999999447	trials	17.0	10225.678315000001	10226.986921	10228.312834	10228.924717	10225.035553	10227.79283			3.0	1.0	0.0	3.0					
10230.579	16.399999999999636	trials	17.0	10244.248553	10245.555455	10246.594451	10247.086058	10243.487249	10246.1983			2.0	2.0	0.0	3.0					
10250.963	11.486000000000786	trials	17.0	10259.639444	10261.035219	10261.827373	10262.556737	10258.971658	10261.367503			3.0	2.0	0.0	3.0					
10265.162	22.307999999999083	trials	17.0	10282.748719	10284.070114	10284.913283	10285.165619	10281.966565	10284.537004	10285.539	10287.47	3.0	2.0	1.0	1.0					
10291.555	10.588999999999942	trials	17.0	10298.963623	10301.015435	10301.742947	10302.250529	10298.348323	10301.224259			2.0	1.0	0.0	3.0					
10305.009	17.790999999999258	trials	17.0	10319.228939	10321.115131	10321.858376	10322.503627	10318.558461	10321.374913			2.0	1.0	0.0	3.0					
10326.124	80.68499999999949	trials	17.0	10404.166172000001	10405.530524	10406.13517	10406.917088	10403.193431	10405.798132			3.0	2.0	0.0	3.0					
10408.445	27.498999999999796	trials	17.0	10431.996013	10433.172617	10433.923883	10434.16775	10431.433997	10433.544019	10434.524	10435.944	3.0	2.0	1.0	1.0					
10438.964	10.921000000000276	trials	17.0	10446.679657	10448.256358	10449.04843	10449.989134	10446.124697	10448.637518			2.0	2.0	0.0	3.0					
10452.399	14.77599999999984	trials	17.0	10464.460023	10466.093561	10466.772503	10467.284593	10463.488079	10466.369273			2.0	2.0	0.0	3.0					
10471.039	15.795000000000073	trials	17.0	10482.314299	10483.723224	10484.457571	10484.837305000001	10481.566678	10483.920337	10485.164	10486.834	2.0	1.0	1.0	1.0					
10488.854	13.005000000001019	trials	17.0	10497.254605	10498.994393	10499.675402	10499.919170000001	10496.431463	10499.331257	10500.161	10501.859	3.0	2.0	1.0	1.0					
10504.934	12.381000000001222	trials	17.0	10514.195756000001	10516.147586	10516.813457	10517.423867	10513.438114	10516.472051			3.0	2.0	0.0	3.0					
10519.149	14.045000000000073	trials	17.0	10530.621745	10531.75723	10532.643281	10533.301255	10529.946508	10532.085946			2.0	1.0	0.0	3.0					
10535.886	16.623999999999796	trials	17.0	10549.129993	10550.465343	10551.504133	10551.766985	10548.48997	10551.112772			3.0	2.0	1.0	1.0					
10555.008	12.880999999999403	trials	17.0	10564.790861	10566.864532	10567.507504000001	10567.998197	10564.185161	10567.122539			3.0	2.0	0.0	3.0					
10571.945	11.28399999999965	trials	17.0	10580.225312	10581.823376	10582.620929	10583.335103	10579.490935	10582.070191			2.0	1.0	0.0	3.0					
10585.874	57.13000000000102	trials	17.0	10638.224162	10639.927175	10640.731682	10641.111937	10637.29382	10640.140174	10641.404	10643.004	2.0	1.0	1.0	1.0					
10645.052	14.527000000000044	trials	17.0	10656.145404	10657.826829	10658.578418000001	10658.797277	10655.490091	10658.169739			3.0	2.0	1.0	1.0					
10663.004	16.344999999999345	trials	17.0	10677.000889	10678.051876	10679.000606	10679.451508	10676.325557	10678.367674000001			2.0	1.0	0.0	3.0					
10683.358	16.505999999999403	trials	17.0	10695.250583000001	10696.664251	10697.356628	10697.717323	10694.279525	10696.835185	10697.97	10699.864	2.0	1.0	1.0	1.0					
10701.684	10.240999999999985	trials	17.0	10708.905547	10710.377483	10711.233794	10712.034851	10708.188628	10710.817913			3.0	2.0	0.0	3.0					
10714.504	10.194999999999709	trials	17.0	10719.746795	10721.583668	10722.352021	10722.581903	10719.133673	10721.906783	10722.894	10724.699	3.0	2.0	1.0	1.0					
10726.745	10.322999999998501	trials	17.0	10734.320536	10735.822075	10736.724452	10737.151273	10733.461107	10736.340836			3.0	2.0	0.0	3.0					
10739.095	15.029000000000451	trials	17.0	10748.551532	10750.157795	10751.462539	10751.769989	10747.902103	10750.962395	10752.129	10754.124	3.0	2.0	1.0	1.0					
10756.209	14.074999999998909	trials	17.0	10766.575271	10768.307657			10765.986556	10768.30159			2.0		0.0	2.0					
10773.32	19.054000000000087	trials	17.0	10789.425672	10791.012314	10791.886162	10792.483775	10788.42236	10791.316729			2.0	1.0	0.0	3.0					
10796.185	120.05400000000009	trials	17.0	10913.412499	10915.231036000001	10915.911557	10916.346112	10912.720357	10915.385044999999			2.0	1.0	0.0	3.0					
10919.179	19.38500000000022	trials	17.0	10933.766528	10935.527918	10936.420834	10936.802386	10933.218191	10935.832207	10936.989	10938.564	2.0	1.0	1.0	1.0					
10942.635	9.554000000000087	trials	17.0	10949.281667	10950.808556	10951.513216	10952.296294	10948.594703	10951.099295			3.0	2.0	0.0	3.0					
10954.863	24.601000000000568	trials	17.0	10976.096626	10977.367712	10978.647014	10979.573989	10975.567371000001	10977.913781			3.0	2.0	0.0	3.0					
10981.954	57.840000000000146	trials	17.0	11036.526644	11037.894893	11038.442837	11038.86829	11035.813567000001	11037.891632			3.0		0.0	2.0					
11043.864	16.421000000000276	trials	17.0	11057.427124	11059.309358	11060.277418	11060.899711	11056.830157	11059.735351			2.0	1.0	0.0	3.0					
11063.629	742.6549999999988	BlockDesign														1.0	566.0	597.0	50.0	10.0
11063.629	113.3849999999984	trials	18.0	11173.658441	11175.183314	11176.151746	11177.125096	11172.757828	11175.626426			1.0	2.0	0.0	3.0					
11178.494	9.489999999999782	trials	18.0	11184.2134	11186.079409	11187.599180000001	11188.041281	11183.548163	11187.023881000001			1.0	1.0	0.0	3.0					
11191.994	9.154999999998836	trials	18.0	11196.583744	11197.714373	11199.542498	11201.259584	11195.757265	11198.513857			1.0	2.0	0.0	3.0					
11201.789	17.764999999999418	trials	18.0	11214.512615	11215.700279	11216.965997	11217.270812	11213.512844	11216.390488000001	11217.595	11219.554	1.0	1.0	1.0	1.0					
11223.625	8.65899999999965	trials	18.0	11227.722736	11228.790682	11229.837376	11230.105868	11226.720240999999	11229.300244	11230.494	11232.284	1.0	1.0	1.0	1.0					
11234.365	10.494000000000597	trials	18.0	11239.543201	11241.743752	11242.474628	11242.847384	11238.685231	11241.931851000001	11243.094	11244.859	1.0	1.0	1.0	1.0					
11249.016	7.023000000001048	trials	18.0	11251.958798	11253.93439	11254.765129	11256.151564	11251.209695	11254.222208			1.0	1.0	0.0	3.0					
11259.149	10.445999999999913	trials	18.0	11264.432659	11265.489104	11266.929447999999	11267.177015000001	11263.674733	11266.278866	11267.554	11269.595	1.0	1.0	1.0	1.0					
11273.614	5.800000000001091	trials	18.0	11276.548042	11277.894841000001	11278.956621000001	11279.52293	11275.966236	11278.364141			1.0	1.0	0.0	3.0					
11282.329	10.739999999999782	trials	18.0	11287.437435	11289.309674	11290.146824	11290.848843	11286.454529	11289.605071			1.0	1.0	0.0	3.0					
11293.449	15.965000000000146	trials	18.0	11303.914485000001	11305.729716	11306.644512	11306.892172	11302.965248	11306.090525	11307.354	11309.414	1.0	2.0	1.0	1.0					
11313.435	7.21900000000096	trials	18.0	11317.638287	11319.13392	11319.920421	11320.766228	11316.786668	11319.441706			1.0	2.0	0.0	3.0					
11324.35	7.252999999998792	trials	18.0	11328.977831	11330.3951	11331.230974	11331.681308	11328.046458	11330.630741			1.0	1.0	0.0	3.0					
11335.539	20.264999999999418	trials	18.0	11350.414516	11352.364817	11353.44454	11353.674616	11349.5396	11352.83056	11354.169	11355.804	1.0	1.0	1.0	1.0					
11357.889	16.77600000000166	trials	18.0	11369.294327	11371.237921	11372.077346	11372.360091999999	11368.701859	11371.543846	11372.769	11374.665	1.0	1.0	1.0	1.0					
11376.701	26.929000000000087	trials	18.0	11400.554839	11402.534368	11403.236957000001	11403.737638	11399.915158	11402.575663			1.0	2.0	0.0	3.0					
11406.524	10.040000000000873	trials	18.0	11412.312935	11413.690741	11415.849470000001	11416.673974000001	11411.513686	11413.682024			1.0		0.0	2.0					
11417.743	13.93199999999888	trials	18.0	11427.233365	11428.687691	11429.436335	11429.730383	11426.542236000001	11428.879	11430.054	11431.675	1.0	1.0	1.0	1.0					
11433.816	34.39799999999923	trials	18.0	11465.188154	11466.416795000001	11467.896416	11468.291804	11464.265078	11467.335407			1.0	1.0	0.0	3.0					
11470.146	8.907999999999447	trials	18.0	11476.098678	11477.935487	11478.7542	11479.054568	11475.193459	11478.222727			1.0	1.0	0.0	3.0					
11481.132	12.17200000000048	trials	18.0	11489.765881	11491.69553	11492.484671	11493.416237	11489.139699	11491.891603			1.0	2.0	0.0	3.0					
11496.715	11.35399999999936	trials	18.0	11505.464702000001	11506.811456	11507.541229	11508.179477	11504.739662	11507.008229			1.0	1.0	0.0	3.0					
11509.869	26.36499999999978	trials	18.0	11532.934042	11534.584517	11535.720365000001	11536.347125	11532.422428	11535.153180000001			1.0	2.0	0.0	3.0					
11539.029	16.170000000000073	trials	18.0	11551.448809	11553.244615	11553.969865	11554.624439	11550.866945	11553.477379			1.0	1.0	0.0	3.0					
11558.244	25.61199999999917	trials	18.0	11581.01412	11582.9249	11583.544120999999	11583.93545	11580.086649	11583.035426			1.0	1.0	0.0	3.0					
11585.802	32.884000000000015	trials	18.0	11615.368487	11617.362011000001	11618.194316000001	11618.79537	11614.557211	11617.657999			1.0	1.0	0.0	3.0					
11621.439	14.28099999999904	trials	18.0	11632.66056	11633.99087	11635.211068	11635.832762	11631.974723	11634.313649			1.0	1.0	0.0	3.0					
11637.519	23.76000000000022	trials	18.0	11658.87599	11660.042956000001	11660.758823	11661.389815999999	11658.062515	11660.270886			1.0	1.0	0.0	3.0					
11663.019	56.01000000000022	trials	18.0	11714.594683	11715.771199	11716.667587	11716.980702	11713.778306	11716.144118	11717.374	11719.029	1.0	1.0	1.0	1.0					
11722.109	31.735999999998967	trials	18.0	11748.215054	11750.054555	11750.916677000001	11751.243439	11747.53896	11750.369156	11739.824	11753.845	1.0	1.0	1.0	1.0					
11757.897	22.52799999999843	trials	18.0	11775.244553	11776.96492	11777.697973	11778.119848	11774.685575	11777.168594	11778.266	11780.425	1.0	1.0	1.0	1.0					
11783.44	22.84399999999914	trials	18.0	11803.376209	11805.466418	11806.2806	11806.852781	11802.439419	11805.691867			1.0	1.0	0.0	3.0					
11810.609	779.4349999999995	BlockDesign														1.0	598.0	632.0	10.0	50.0
11810.609	6.574999999998909	trials	19.0	11814.475016	11815.636723	11816.640391	11817.296955	11813.579367	11815.94705			1.0	1.0	0.0	3.0					
11818.881	20.158000000001266	trials	19.0	11834.524955	11836.139425000001	11836.994879	11837.322793	11833.526429	11836.444058000001	11837.544	11839.039	1.0	1.0	1.0	1.0					
11842.059	21.400000000001455	trials	19.0	11860.720548000001	11862.265159999999	11863.032953	11863.569959	11860.049006000001	11862.448844			1.0	1.0	0.0	3.0					
11865.329	11.405000000000655	trials	19.0	11873.048447000001	11874.692377	11876.232479	11876.845762	11872.145299	11874.684983			1.0		0.0	2.0					
11880.664	11.865999999999985	trials	19.0	11890.016893	11891.102403	11891.998768	11892.640237	11889.149541	11891.459211			1.0	1.0	0.0	3.0					
11896.349	25.31500000000051	trials	19.0	11918.275634	11919.922683	11920.804087	11921.775643	11917.612509999999	11920.303423000001			1.0	2.0	0.0	3.0					
11923.135	14.173999999999069	trials	19.0	11933.435819	11934.610349	11935.621981	11937.422422	11932.774705	11935.132323			1.0	2.0	0.0	3.0					
11939.945	64.47400000000016	trials	19.0	12001.030369	12002.522981	12003.180304	12003.434909	12000.422318	12002.519335			1.0		0.0	2.0					
12008.494	10.31499999999869	trials	19.0	12015.770659	12017.482916	12018.3109	12018.923459	12014.892568	12017.725661			1.0	1.0	0.0	3.0					
12022.639	22.92500000000109	trials	19.0	12042.596589	12044.103077	12045.035345	12045.680018	12041.808464	12044.445557			1.0	1.0	0.0	3.0					
12048.349	39.93499999999949	trials	19.0	12083.745985	12085.601134	12086.234714	12088.397668	12083.138321	12085.716086			1.0	1.0	0.0	3.0					
12090.492	23.941999999999098	trials	19.0	12109.951549	12111.103664	12112.070083999999	12112.359248	12108.996497	12111.55391	12112.639	12114.434	1.0	2.0	1.0	1.0					
12117.454	19.89099999999962	trials	19.0	12134.127697	12136.112764	12137.054248	12137.435675	12133.295216999999	12136.515058			1.0	1.0	0.0	3.0					
12141.412	7.976999999998952	trials	19.0	12146.476556	12147.787777	12148.816103000001	12149.504347	12145.96394	12148.338029			1.0	2.0	0.0	3.0					
12151.979	18.740999999999985	trials	19.0	12167.81633	12169.380169	12170.158447	12170.831537	12166.955647	12169.623599			1.0	1.0	0.0	3.0					
12174.479	79.90000000000146	trials	19.0	12251.040907	12252.772021	12253.695293	12254.376997	12250.176845	12253.201346			1.0	1.0	0.0	3.0					
12257.135	33.289999999999054	trials	19.0	12284.927040999999	12286.392916	12287.736485	12288.111263	12284.210982	12286.874554	12288.519	12290.425	1.0	2.0	1.0	1.0					
12294.514	29.390000000001237	trials	19.0	12318.441824	12320.382093	12321.165582	12321.471142	12317.493393	12320.75421	12321.909	12323.904	1.0	2.0	1.0	1.0					
12327.689	9.350000000000364	trials	19.0	12333.61121	12335.074021	12335.941319	12336.300871	12332.825475	12335.432099			1.0	2.0	1.0	1.0					
12339.629	14.139999999999418	trials	19.0	12348.880937	12350.41294	12351.20216	12351.48421	12348.07585	12350.782913	12352.05	12353.769	1.0	2.0	1.0	1.0					
12356.786	9.923000000000684	trials	19.0	12361.69904	12363.425965	12364.18373	12364.511609	12361.004434	12363.764231	12365.024	12366.709	1.0	2.0	1.0	1.0					
12368.744	10.539999999999054	trials	19.0	12375.94175	12377.587867	12378.509444	12379.284846999999	12375.034184	12378.134795			1.0	2.0	0.0	3.0					
12380.944	8.095000000001164	trials	19.0	12385.597422	12387.282361	12387.92773	12388.599766	12384.864567	12387.413252			1.0	1.0	0.0	3.0					
12391.3	10.97400000000016	trials	19.0	12399.021314	12400.362142	12401.272105	12402.273473	12398.068233	12400.772108			1.0	2.0	0.0	3.0					
12404.744	13.399999999999636	trials	19.0	12412.977494	12414.140801	12415.421767	12415.805573	12412.457533	12414.890822	12416.284	12418.144	1.0	2.0	1.0	1.0					
12420.159	13.765999999999622	trials	19.0	12428.807848	12430.363444999999	12431.180407	12431.413394	12428.083544	12430.740031	12431.76	12433.925	1.0	2.0	1.0	1.0					
12436.006	8.118000000000393	trials	19.0	12440.773664	12442.567721	12443.26262	12444.122243	12440.129804	12442.855447			1.0	2.0	0.0	3.0					
12445.67	9.7549999999992	trials	19.0	12451.781828	12452.91121	12454.803914	12455.420735	12451.168135	12454.174943			1.0	1.0	0.0	3.0					
12459.145	10.134000000000015	trials	19.0	12466.086052999999	12467.358451	12468.608801	12469.279252	12465.572527	12468.123265			1.0	2.0	0.0	3.0					
12471.034	10.274999999999636	trials	19.0	12477.541845	12479.182792	12480.631390999999	12481.310621999999	12476.890372	12479.984686			1.0	1.0	0.0	3.0					
12484.069	29.329999999999927	trials	19.0	12509.746411	12511.113833	12512.383306	12513.397277	12509.212577	12511.804411			1.0	2.0	0.0	3.0					
12516.798	16.29699999999866	trials	19.0	12529.577174	12531.497733	12532.335605	12533.095387	12528.576919	12531.877105			1.0	2.0	0.0	3.0					
12535.704	15.215000000000146	trials	19.0	12545.531872	12547.154631	12548.09546	12548.353174	12544.901857	12547.551892	12548.925	12550.919	1.0	2.0	1.0	1.0					
12553.939	11.039999999999054	trials	19.0	12561.536639	12563.567837999999	12564.389310999999	12564.979828	12560.648645	12563.909768			1.0	2.0	0.0	3.0					
12566.804	23.23999999999978	trials	19.0	12584.317015	12586.101704	12587.037116	12587.46413	12583.339855	12586.552325	12587.669	12590.044	1.0	2.0	1.0	1.0					
12594.109	143.27999999999884	BlockDesign														1.0	633.0	637.0	0.0	0.0
12594.109	7.574999999998909	trials	20.0	12599.06258	12600.280282	12601.079841	12601.68517	12598.181347	12600.659462			1.0	2.0	0.0	3.0					
12604.519	19.38500000000022	trials	20.0	12620.232679	12622.325623	12623.220563	12623.903741	12619.520575999999	12622.762261			1.0	2.0	0.0	3.0					
12627.574	47.159999999999854	trials	20.0	12671.242349	12672.796653	12673.767878	12674.735375	12670.348637	12673.26724			1.0	2.0	0.0	3.0					
12677.24	27.65400000000045	trials	20.0	12701.523101	12702.94437	12703.854737	12704.894333	12701.002392	12703.392907			1.0	2.0	0.0	3.0					
12708.364	29.024999999999636	trials	20.0	12734.558167	12736.585745	12737.350715	12738.159923	12734.018423	12736.939439			1.0	2.0	0.0	3.0					
12741.774	410.09000000000015	BlockDesign														1.0	638.0	663.0	90.0	50.0
12741.774	15.986000000000786	trials	21.0	12753.243159	12754.408789	12755.300876	12755.589742	12752.598424	12754.870664	12756.084	12757.76	1.0	2.0	1.0	1.0					
12761.839	16.38500000000022	trials	21.0	12773.242553	12775.024881	12775.707956	12776.019755	12772.447724	12775.344355	12776.664	12778.224	1.0	2.0	1.0	1.0					
12780.284	13.325000000000728	trials	21.0	12790.79248	12792.150227	12793.012208	12793.611133	12789.947917	12792.572959			1.0	2.0	0.0	3.0					
12795.489	15.850000000000364	trials	21.0	12806.983479999999	12809.029808	12809.8897	12811.33801	12806.440731	12809.480791			1.0	2.0	0.0	3.0					
12813.31	14.379000000000815	trials	21.0	12822.047774	12823.769428	12824.674034	12825.032599	12821.242598	12824.224359	12825.51	12827.689	1.0	2.0	1.0	1.0					
12830.76	12.086999999999534	trials	21.0	12837.65795	12838.757477	12839.933652	12840.184001	12836.734586	12839.536286	12840.76	12842.847	1.0	2.0	1.0	1.0					
12844.864	21.17500000000109	trials	21.0	12861.058852	12862.329356	12863.383139	12863.619208	12860.203568	12862.962882	12864.199	12866.039	1.0	2.0	1.0	1.0					
12868.131	8.597999999999956	trials	21.0	12873.212762	12875.410331	12876.055966	12876.303727	12872.377418	12875.67178			1.0	2.0	0.0	3.0					
12878.493	14.911000000000058	trials	21.0	12890.63329	12891.794593	12892.813784	12893.403866	12889.931457	12892.329406			1.0	2.0	0.0	3.0					
12895.295	16.318999999999505	trials	21.0	12905.518494	12906.545012999999	12908.381449	12908.769692	12904.590113	12907.784416999999	12909.054	12911.614	1.0	1.0	1.0	1.0					
12913.649	10.4950000000008	trials	21.0	12920.078202	12922.065626	12923.583716	12924.143445	12919.494055	12922.413913			1.0	2.0	0.0	3.0					
12926.959	11.029999999998836	trials	21.0	12932.439176	12934.280365999999	12935.289448	12935.606269	12931.696058	12934.68623	12935.879	12937.989	1.0	1.0	1.0	1.0					
12941.886	11.057999999999083	trials	21.0	12946.974284	12948.960318	12949.868994	12950.121052999999	12946.00238	12949.319714	12950.52	12952.944	1.0	1.0	1.0	1.0					
12955.845	9.09900000000016	trials	21.0	12961.198663	12962.319567999999	12963.006193	12963.341228	12960.373992	12962.48489	12963.624	12964.944	1.0	1.0	1.0	1.0					
12968.024	12.93500000000131	trials	21.0	12975.323858	12977.300657	12978.075023	12978.448973	12974.417914	12977.523619	12978.809	12980.959	1.0	1.0	1.0	1.0					
12982.979	19.53100000000086	trials	21.0	12997.654096	12999.455482	13000.237319	13000.500517	12996.882619	12999.666563	13000.95	13002.51	1.0	1.0	1.0	1.0					
13005.593	7.851999999998952	trials	21.0	13010.333387	13012.080883999999	13012.797233	13013.445723	13009.425191	13012.296343			1.0	1.0	0.0	3.0					
13016.234	14.135000000000218	trials	21.0	13024.583864	13026.450449	13027.448056	13027.761597	13024.061110999999	13026.937969	13028.22	13030.369	1.0	1.0	1.0	1.0					
13033.149	9.418999999999869	trials	21.0	13037.618924	13039.057046	13039.968082	13040.391049	13036.732847	13039.380826999999	13040.809	13042.568	1.0	1.0	1.0	1.0					
13044.629	14.85899999999856	trials	21.0	13053.8941	13055.276491	13056.52432	13056.823937	13052.932349	13055.977211	13057.111	13059.488	1.0	1.0	1.0	1.0					
13063.529	11.340000000000146	trials	21.0	13069.739282	13071.099517999999	13072.094797	13072.472421	13068.841268	13071.551161	13072.774	13074.869	1.0	1.0	1.0	1.0					
13076.954	11.94000000000051	trials	21.0	13084.084225999999	13085.22088	13086.047161	13086.309662	13083.398111	13085.49188	13086.734	13088.894	1.0	1.0	1.0	1.0					
13092.959	9.764999999999418	trials	21.0	13097.350581	13099.182256	13099.988438	13100.470483	13096.349971	13099.442249	13100.729	13102.724	1.0	1.0	1.0	1.0					
13106.76	9.72899999999936	trials	21.0	13110.919062	13112.741063	13113.592929	13113.996529	13110.14264	13113.037809	13114.394	13116.489	1.0	1.0	1.0	1.0					
13119.64	13.713999999999942	trials	21.0	13127.930605	13129.643591	13130.379241999999	13130.659031	13127.266484	13129.87018	13131.034	13133.354	1.0	1.0	1.0	1.0					
13135.439	16.424999999999272	trials	21.0	13147.159115	13148.296159	13149.219401	13149.480083	13146.390614	13148.673995	13149.834	13151.864	1.0	1.0	1.0	1.0					
13155.889	354.41100000000006	BlockDesign														1.0	664.0	688.0	50.0	90.0
13155.889	10.100000000000364	trials	22.0	13161.159364	13162.596254	13163.398895	13163.746391	13160.344292	13162.837199	13164.114	13165.989	1.0	1.0	1.0	1.0					
13169.039	12.05999999999949	trials	22.0	13176.22595	13177.605306	13178.298416	13178.578999	13175.376645	13177.766774	13179.214	13181.099	1.0	1.0	1.0	1.0					
13185.258	9.93499999999949	trials	22.0	13192.309706	13193.767705	13194.549611	13195.1902	13191.779233	13194.018833			1.0	1.0	0.0	3.0					
13198.979	9.460000000000946	trials	22.0	13205.279500999999	13207.095714	13207.869143	13208.44282	13204.763368	13207.335318			1.0	1.0	0.0	3.0					
13210.316	15.492999999998574	trials	22.0	13222.829377	13224.433196	13225.244062	13225.809721	13222.007481999999	13224.727412			1.0	1.0	0.0	3.0					
13228.659	35.56500000000051	trials	22.0	13259.704997	13261.48064	13261.926524	13262.149042	13259.00642	13261.448947	13262.689	13264.224	1.0	2.0	1.0	1.0					
13266.134	11.944999999999709	trials	22.0	13272.795001	13274.736656	13275.233632	13275.457445	13272.231061	13274.827157	13276.024	13278.079	1.0	2.0	1.0	1.0					
13282.169	9.225000000000364	trials	22.0	13286.84428	13288.21037	13288.927568	13289.180423	13286.310812	13288.597724	13289.714	13291.394	1.0	2.0	1.0	1.0					
13294.484	10.510000000000218	trials	22.0	13301.169958999999	13302.90271	13303.260008	13303.511905	13300.28249	13302.891563			1.0		0.0	2.0					
13308.004	15.224999999998545	trials	22.0	13318.299981	13320.199085	13321.025279	13321.25993	13317.36131	13320.66855	13321.699	13323.229	1.0	2.0	1.0	1.0					
13327.249	9.06500000000051	trials	22.0	13330.959908	13332.920015	13333.60255	13333.852366	13330.068175	13333.238751	13334.339	13336.314	1.0	2.0	1.0	1.0					
13339.354	8.965000000000146	trials	22.0	13343.634549	13344.812492	13345.668221	13345.910473	13342.649467	13345.279583	13346.464	13348.319	1.0	2.0	1.0	1.0					
13351.385	8.843999999999141	trials	22.0	13355.340353	13357.041613	13357.659079	13357.919369	13354.684559	13357.313866	13358.425	13360.229	1.0	2.0	1.0	1.0					
13364.302	9.471999999999753	trials	22.0	13369.505846	13371.101498	13371.839645	13372.017482	13368.959152	13371.482759999999	13372.55	13373.774	1.0	2.0	1.0	1.0					
13377.874	7.139999999999418	trials	22.0	13379.965081	13381.790023	13382.3842	13382.595244	13379.103106	13382.028751	13383.069	13385.014	1.0	2.0	1.0	1.0					
13387.034	13.885000000000218	trials	22.0	13396.240513	13397.397323	13398.603464	13398.881847	13395.679379	13398.248188	13399.359	13400.919	1.0	2.0	1.0	1.0					
13402.939	8.639999999999418	trials	22.0	13407.230515	13409.221654	13409.68307	13409.925484	13406.434453	13409.301845	13410.434	13411.579	1.0	2.0	1.0	1.0					
13414.644	8.094999999999345	trials	22.0	13418.620676	13420.005223	13420.486321	13420.755797	13417.658483	13420.119809	13421.229	13422.739	1.0	2.0	1.0	1.0					
13426.789	10.914999999999054	trials	22.0	13432.86053	13434.497465	13435.362833	13435.608473	13432.104055	13434.971954	13436.069	13437.704	1.0	2.0	1.0	1.0					
13439.774	8.890000000001237	trials	22.0	13445.465318	13447.314939	13448.148017	13448.667475	13444.653512	13447.804381			1.0	2.0	0.0	3.0					
13450.584	8.049999999999272	trials	22.0	13455.445553	13456.62794	13457.250404	13457.940226	13454.63794	13456.619927			1.0		0.0	2.0					
13462.644	9.289999999999054	trials	22.0	13467.885394	13469.402635	13470.147322	13470.411488	13467.221224	13469.790125	13470.809	13471.934	1.0	2.0	1.0	1.0					
13476.015	6.854000000001179	trials	22.0	13479.126176	13480.778377999999			13478.452817	13480.768076			1.0		0.0	2.0					
13484.939	9.744999999998981	trials	22.0	13490.682059	13492.752574	13493.444426	13494.075821	13490.107099	13492.941713			1.0	1.0	0.0	3.0					
13496.839	13.46099999999933	trials	22.0	13504.740716	13506.203422	13507.196848	13507.553084	13503.951122	13506.662384	13507.854	13510.3	1.0	2.0	1.0	1.0					
13512.319	488.2350000000006	BlockDesign														1.0	689.0	709.0	50.0	0.0
13512.319	8.575000000000728	trials	23.0	13517.6509	13519.162454	13520.068267	13520.898332	13517.035751	13519.58066			2.0	2.0	0.0	3.0					
13522.479	16.53100000000086	trials	23.0	13533.795809	13535.681215	13536.483952	13536.862477	13533.138962	13535.956323	13537.104	13539.01	2.0	1.0	1.0	1.0					
13543.098	9.016999999999825	trials	23.0	13548.126452	13550.108869	13550.900475999999	13551.132248	13547.3972	13550.101688			2.0		0.0	2.0					
13555.162	47.28700000000026	trials	23.0	13597.882411	13599.653323999999	13600.382255	13600.828121	13597.183090999999	13599.847681	13601.113	13602.449	2.0	1.0	1.0	1.0					
13605.537	11.816999999999098	trials	23.0	13614.251529	13615.808683	13616.717225	13617.357491	13613.654158	13616.1473			2.0	1.0	0.0	3.0					
13619.164	19.299999999999272	trials	23.0	13633.401582999999	13634.94814	13635.666836	13635.97676	13632.414002	13634.993281	13636.459	13638.464	2.0	1.0	1.0	1.0					
13642.555	10.439000000000306	trials	23.0	13650.526813	13651.588415	13652.407557999999	13653.000673999999	13649.760001999999	13651.85948			2.0	1.0	0.0	3.0					
13654.836	18.523000000001048	trials	23.0	13667.683184	13669.023791	13670.109427	13670.602072	13666.854248	13669.56482	13671.004	13673.359	2.0	1.0	1.0	1.0					
13675.375	17.238999999999578	trials	23.0	13687.523968	13688.648609	13689.746857	13690.2784	13686.878996	13689.153802	13690.51	13692.614	2.0	1.0	1.0	1.0					
13695.629	11.795999999998457	trials	23.0	13704.137584	13705.320667	13706.488937	13707.429721	13703.197298	13705.984994			2.0	2.0	0.0	3.0					
13708.854	15.775000000001455	trials	23.0	13721.346363	13722.894968	13723.988467	13724.634562	13720.803833	13723.419131			2.0	1.0	0.0	3.0					
13728.473	28.49699999999939	trials	23.0	13754.397149	13755.653236	13756.361996	13756.975502	13753.683883	13755.970802			2.0	2.0	0.0	3.0					
13759.729	23.31000000000131	trials	23.0	13777.332026	13779.340838	13780.160879	13780.519436	13776.675074	13779.647801	13780.854	13783.039	2.0	1.0	1.0	1.0					
13785.135	17.203999999999724	trials	23.0	13797.53807	13798.819187	13799.735057	13800.103763	13796.927894	13799.18069	13800.469	13802.339	2.0	1.0	1.0	1.0					
13804.495	13.884000000000015	trials	23.0	13815.282094	13817.058874	13817.863199	13818.383593999999	13814.34178	13817.27002			2.0	1.0	0.0	3.0					
13822.279	14.965000000000146	trials	23.0	13833.962136	13835.185382	13835.928211999999	13836.594004	13833.008635	13835.422235			2.0	1.0	0.0	3.0					
13839.274	46.14000000000124	trials	23.0	13882.702651	13883.978954	13884.69317	13885.420098999999	13881.890194	13884.148621			2.0	1.0	0.0	3.0					
13887.128	62.59900000000016	trials	23.0	13945.153178	13946.969438	13947.736999	13948.106029	13944.46105	13947.16921	13948.469	13949.727	2.0	1.0	1.0	1.0					
13951.635	16.273999999999432	trials	23.0	13962.543	13964.33956	13965.253489	13965.630298	13961.586455	13964.68289	13966.079	13967.909	2.0	1.0	1.0	1.0					
13971.949	8.6299999999992	trials	23.0	13977.442948	13979.152107	13979.954987	13980.586255	13976.449588	13979.374393			2.0	1.0	0.0	3.0					
13984.384	16.170000000000073	trials	23.0	13995.243119	13996.767104	13997.498198	13997.924747	13994.722025	13996.934258	13998.199	14000.554	2.0	1.0	1.0	1.0					
14002.575	394.58100000000013	BlockDesign														1.0	710.0	729.0	0.0	50.0
14002.575	20.373999999999796	trials	24.0	14017.604269	14019.044773	14019.960563	14020.274863999999	14016.612566	14019.482849	14020.744	14022.949	3.0	2.0	1.0	1.0					
14026.01	12.753999999998996	trials	24.0	14032.788418	14034.610542999999	14035.511446	14035.818674	14031.841955	14035.073447	14036.104	14038.764	3.0	2.0	1.0	1.0					
14040.784	12.920000000000073	trials	24.0	14050.883296	14052.561581	14053.357355	14053.587977	14050.359070999999	14052.915569			3.0	2.0	0.0	3.0					
14057.744	17.352999999999156	trials	24.0	14072.208092	14073.883636	14074.587011	14075.098711999999	14071.399807	14074.037436999999			3.0	2.0	0.0	3.0					
14078.019	20.479999999999563	trials	24.0	14093.71336	14095.06181	14095.846898	14096.13049	14093.036555	14095.440668	14096.619	14098.499	3.0	2.0	1.0	1.0					
14102.637	11.92699999999968	trials	24.0	14111.953385	14113.295081	14114.06218	14114.569885	14111.428067	14113.633847			3.0	2.0	0.0	3.0					
14116.429	21.735000000000582	trials	24.0	14133.093856	14134.615436	14135.430889	14135.661025	14132.438358	14135.050441	14136.119	14138.164	3.0	2.0	1.0	1.0					
14140.256	14.203000000001339	trials	24.0	14151.696887	14153.370415	14154.036734	14154.467792	14150.93848	14153.651903			3.0	2.0	0.0	3.0					
14156.454	25.44000000000051	trials	24.0	14176.954166	14178.080273	14178.921608	14179.144172	14176.343359999999	14178.474055	14179.684	14181.894	3.0	2.0	1.0	1.0					
14184.914	19.44499999999971	trials	24.0	14199.4443	14201.04413	14201.697401	14201.940278	14198.496965	14201.312585	14202.385	14204.359	3.0	2.0	1.0	1.0					
14208.379	10.864999999999782	trials	24.0	14216.7094	14217.905911	14218.832222	14219.25109	14215.790732	14218.389898			3.0	2.0	0.0	3.0					
14221.199	17.447000000000116	trials	24.0	14235.888944	14237.010863	14238.227776	14238.647411	14235.204553	14237.807525			3.0	2.0	0.0	3.0					
14240.631	19.028000000000247	trials	24.0	14256.748955	14257.845928	14258.622322	14259.664031	14256.135208	14258.25137			3.0	2.0	0.0	3.0					
14261.05	18.5	trials	24.0	14274.383984	14276.485058	14277.134414	14277.352498	14273.725897	14276.770709	14277.839	14279.55	3.0	2.0	1.0	1.0					
14282.569	14.985000000000582	trials	24.0	14292.524962	14293.786458999999	14294.5358	14294.86577	14291.53175	14294.137931	14295.304	14297.554	3.0	2.0	1.0	1.0					
14301.64	10.014000000001033	trials	24.0	14308.504522	14310.530365	14311.226996	14311.659547	14307.60824	14310.840602			3.0	2.0	0.0	3.0					
14315.645	24.60399999999936	trials	24.0	14334.84935	14336.49575	14337.273892	14337.55114	14334.113830999999	14336.818146	14337.97	14340.249	3.0	2.0	1.0	1.0					
14342.4	15.884000000000015	trials	24.0	14355.071073	14356.826391	14357.574048999999	14357.90147	14354.072159	14357.145968			3.0	2.0	0.0	3.0					
14359.989	19.81500000000051	trials	24.0	14374.021187	14376.099812	14376.805597999999	14377.080956	14373.24848	14376.37761	14377.559	14379.804	3.0	2.0	1.0	1.0					
14382.824	14.332000000000335	trials	24.0	14394.92923	14396.296267	14397.048877	14397.475736	14394.192983	14396.608909999999			3.0	2.0	0.0	3.0					
14399.434	1090.630000000001	BlockDesign														1.0	730.0	773.0	50.0	50.0
14399.434	21.890000000001237	trials	25.0	14416.790089	14417.841492	14418.626115	14418.837577	14415.936404	14418.197828	14419.28	14421.324	3.0	2.0	1.0	1.0					
14423.408	11.831000000000131	trials	25.0	14431.771592000001	14432.956769	14434.703255	14435.246498	14431.143194	14434.292564			3.0	2.0	0.0	3.0					
14437.069	16.77599999999984	trials	25.0	14450.950516	14452.4023	14453.273181	14453.853164	14450.051754	14452.727707			2.0	1.0	0.0	3.0					
14456.68	18.52900000000045	trials	25.0	14469.714737	14471.411741	14472.167948	14472.381407	14469.102721	14471.793488	14472.774	14475.209	3.0	2.0	1.0	1.0					
14479.362	7.578000000001339	trials	25.0	14483.735208	14485.247081	14486.178991	14486.949924	14483.207634999999	14485.719629			2.0	2.0	0.0	3.0					
14489.55	28.759000000000015	trials	25.0	14512.834952	14514.671927	14515.448843	14515.874224	14511.996314	14514.902528	14516.144	14518.309	2.0	1.0	1.0	1.0					
14521.325	10.568999999999505	trials	25.0	14528.110412	14529.807205000001			14527.520876	14529.802529			2.0		0.0	2.0					
14535.974	128.89500000000044	trials	25.0	14662.308593	14663.469078	14664.148387	14664.877547	14661.616397	14663.740506			3.0	2.0	0.0	3.0					
14667.539	22.7549999999992	trials	25.0	14684.660812	14686.648898	14687.195271	14687.562421	14683.661834	14686.554505	14687.874	14690.294	2.0	1.0	1.0	1.0					
14694.385	9.314000000000306	trials	25.0	14700.836363	14702.384617	14703.251640999999	14703.709882	14700.154133	14702.786177			3.0	2.0	0.0	3.0					
14706.664	15.149999999999636	trials	25.0	14716.202819	14718.242353	14719.241186	14719.483063	14715.437061	14718.775597	14719.86	14721.814	3.0	2.0	1.0	1.0					
14723.834	18.579999999999927	trials	25.0	14739.651686	14740.973216	14741.759488	14742.423865	14739.030629	14741.210242000001			2.0	1.0	0.0	3.0					
14744.179	16.70600000000013	trials	25.0	14756.251513	14757.417311	14758.188596	14758.395155	14755.381523	14757.768044	14758.824	14760.885	3.0	2.0	1.0	1.0					
14763.909	11.1200000000008	trials	25.0	14771.411822	14773.21802	14773.964101	14775.040025	14770.721778	14773.549991			3.0	2.0	0.0	3.0					
14776.44	19.179000000000087	trials	25.0	14790.101284	14791.596785	14792.427912	14792.831466	14789.36752	14791.894102	14793.249	14795.619	2.0	1.0	1.0	1.0					
14799.756	10.493000000000393	trials	25.0	14807.131073	14808.389422	14809.232945	14810.258459	14806.61932	14808.713437			2.0	1.0	0.0	3.0					
14811.571	37.97400000000016	trials	25.0	14846.006924	14847.550552	14848.500428	14849.556539	14845.027706	14847.969578			3.0	2.0	0.0	3.0					
14851.855	15.113999999999578	trials	25.0	14862.733353	14863.759414	14866.298131	14866.979800000001	14861.794673	14863.74862			2.0		0.0	2.0					
14867.802	20.096999999999753	trials	25.0	14882.663476	14884.59229	14885.174149999999	14885.418892	14881.822961	14884.789363	14885.8	14887.899	3.0	2.0	1.0	1.0					
14890.991	46.43399999999929	trials	25.0	14932.733422	14934.029054	14934.938887	14935.290028	14931.964432	14934.321351	14935.635	14937.425	2.0	1.0	1.0	1.0					
14939.439	36.35499999999956	trials	25.0	14970.602126	14972.309234	14973.17117	14973.597155	14969.830106	14972.6108	14973.885	14975.794	2.0	1.0	1.0	1.0					
14978.885	10.798999999999069	trials	25.0	14986.543892	14988.017209	14988.955065	14989.693067	14985.595424	14988.478433			3.0	2.0	0.0	3.0					
14993.294	14.1200000000008	trials	25.0	15002.609034000001	15004.079887	15004.755958	15004.99739	15001.718723	15004.306665	15005.414	15007.414	3.0	2.0	1.0	1.0					
15011.499	22.19000000000051	trials	25.0	15030.807286	15032.278722	15033.084563	15033.698162	15030.163990000001	15032.513417			2.0	1.0	0.0	3.0					
15036.484	18.469999999999345	trials	25.0	15050.242769	15051.386287	15052.226646	15052.461688	15049.558136	15051.725791	15053.099	15054.954	3.0	2.0	1.0	1.0					
15058.925	16.23400000000038	trials	25.0	15072.318058	15073.739377	15074.646104	15075.170641	15071.771	15074.178401			2.0	2.0	0.0	3.0					
15077.104	11.545000000000073	trials	25.0	15085.843221	15087.143834	15088.063336	15088.661751	15085.231132	15087.674578			3.0	2.0	0.0	3.0					
15090.404	18.334999999999127	trials	25.0	15103.531403	15105.104069	15106.008736	15106.363852999999	15102.7952	15105.487192	15106.739	15108.739	2.0	1.0	1.0	1.0					
15110.789	26.209999999999127	trials	25.0	15133.939267	15135.57483	15136.354897	15137.009912	15132.979159999999	15135.814048			2.0	1.0	0.0	3.0					
15139.774	12.409999999999854	trials	25.0	15149.163026	15150.873853000001	15151.487231	15152.194660000001	15148.334822	15150.999106			2.0	1.0	0.0	3.0					
15155.959	18.11199999999917	trials	25.0	15171.467639	15172.83191	15173.656145	15174.077749	15170.756978	15173.155579			3.0	2.0	0.0	3.0					
15177.089	31.046000000000276	trials	25.0	15205.903703	15206.136386			15205.343906	15206.123179			3.0		0.0	2.0					
15210.144	19.69499999999971	trials	25.0	15227.138218	15228.524762000001	15229.190845000001	15229.85154	15226.4804	15228.727789			3.0	1.0	0.0	3.0					
15232.535	20.588999999999942	trials	25.0	15248.722577	15249.907408	15252.469618	15253.133126	15248.144674	15249.896729			2.0		0.0	2.0					
15256.01	42.574000000000524	trials	25.0	15295.183378	15297.123156	15297.983317	15298.597168	15294.423866000001	15297.41252			2.0	1.0	0.0	3.0					
15302.439	21.969999999999345	trials	25.0	15319.37258	15321.185029	15321.845434	15322.073627	15318.4981	15321.414346	15322.394	15324.409	3.0	2.0	1.0	1.0					
15326.524	18.765000000001237	trials	25.0	15342.538088	15344.1168	15344.831593	15345.398995	15341.76193	15344.427138			3.0	2.0	0.0	3.0					
15348.135	18.439000000000306	trials	25.0	15361.60172	15362.788469	15363.742622	15364.198723	15360.980494	15363.151382	15364.38	15366.574	2.0	1.0	1.0	1.0					
15368.619	8.975999999998749	trials	25.0	15375.163098	15376.383473	15377.168642	15377.703809	15374.586526	15376.72613			3.0	2.0	0.0	3.0					
15380.429	24.6299999999992	trials	25.0	15400.351631	15401.740609	15402.478145	15402.92647	15399.49525	15401.882695	15403.069	15405.059	2.0	1.0	1.0	1.0					
15408.089	12.9950000000008	trials	25.0	15417.917492	15419.294492	15420.170672	15421.19143	15417.161593	15419.698889			3.0	2.0	0.0	3.0					
15424.414	17.18499999999949	trials	25.0	15438.700994	15440.267051	15441.062069	15441.710582	15438.124342	15440.526117			2.0	1.0	0.0	3.0					
15443.316	27.63799999999901	trials	25.0	15465.866054	15467.394124	15468.146365	15468.562069	15464.880374	15467.636458	15468.694	15470.954	2.0	1.0	1.0	1.0					
15474.024	16.040000000000873	trials	25.0	15487.321747	15489.23938			15486.434317	15489.510286			2.0	1.0	0.0	3.0					
15493.425	352.21399999999994	BlockDesign														1.0	774.0	778.0	0.0	0.0
15493.425	29.963999999999942	trials	26.0	15520.672564	15522.007904	15522.879338	15523.50041	15519.85946	15522.292997			2.0	1.0	0.0	3.0					
15527.209	14.724999999998545	trials	26.0	15539.04764	15540.563765	15541.432951	15542.043896	15538.269562	15540.896317			2.0	1.0	0.0	3.0					
15545.679	20.420000000000073	trials	26.0	15563.31188	15564.563414	15565.586444	15566.209793	15562.635142	15564.96082			2.0	1.0	0.0	3.0					
15569.968	56.831999999998516	trials	26.0	15624.557699	15625.814677	15626.475926	15626.88979	15623.622061	15626.006771			2.0	1.0	0.0	3.0					
15629.809	215.82999999999993	trials	26.0	15843.499688	15844.635662	15845.578493	15846.283796	15842.581491	15844.991964			2.0	1.0	0.0	3.0					
15850.913	575.5159999999996	BlockDesign														1.0	779.0	785.0	0.0	0.0
15850.913	29.325999999999112	trials	27.0	15876.42371	15878.341408	15878.864164999999	15879.277853	15875.447692	15878.330153			3.0		0.0	2.0					
15883.249	30.034999999999854	trials	27.0	15910.433896	15912.01267	15912.767636	15913.394875	15909.534226	15912.307133			3.0	2.0	0.0	3.0					
15916.037	24.947000000000116	trials	27.0	15937.665764	15938.890839	15939.885214	15941.097155	15937.057558	15939.355678			3.0	2.0	0.0	3.0					
15944.224	42.41100000000006	trials	27.0	15983.273812	15985.292901	15986.031752	15986.74897	15982.676036	15985.585857			3.0	2.0	0.0	3.0					
15989.369	28.680999999998676	trials	27.0	16015.004301	16016.761217	16017.520745	16018.158877	16014.248558	16017.001283			3.0	1.0	0.0	3.0					
16021.896	280.4889999999996	trials	27.0	16298.795717	16300.487636	16301.023855	16301.615118	16297.895392	16300.483786			3.0		0.0	2.0					
16305.479	120.95000000000073	trials	27.0	16423.55156	16425.362408	16426.425311	16426.85444	16423.037581	16425.849328			3.0	1.0	0.0	3.0					
16428.669	1266.3849999999984	BlockDesign														1.0	786.0	830.0	50.0	50.0
16428.669	28.07999999999811	trials	28.0	16452.971378	16454.575871	16455.407633	16456.861083	16452.054823	16454.871635			3.0	1.0	0.0	3.0					
16458.866	151.40799999999945	trials	28.0	16605.177082	16607.02834	16607.904215	16608.179465	16604.626414	16607.416456	16608.539	16610.274	2.0	1.0	1.0	1.0					
16613.3	13.024000000001251	trials	28.0	16623.512176	16625.102885	16625.859584	16626.437798	16622.596368	16625.330995			2.0	1.0	0.0	3.0					
16628.229	16.046000000002095	trials	28.0	16639.712095	16641.228946	16641.942074	16642.283009	16638.71189	16641.393004	16642.504	16644.275	2.0	1.0	1.0	1.0					
16646.345	17.28399999999965	trials	28.0	16660.64194	16662.248044	16663.172176	16663.742764	16660.083817	16662.575531			3.0	1.0	0.0	3.0					
16667.429	19.904999999998836	trials	28.0	16683.996769	16685.723188	16686.653542	16687.449488	16683.422485	16686.06025			3.0	2.0	0.0	3.0					
16689.905	27.419000000001688	trials	28.0	16714.447183	16716.100702	16716.840302	16717.441321	16713.818156	16716.296596			3.0	1.0	0.0	3.0					
16721.224	164.99600000000282	trials	28.0	16882.787347	16883.938802	16884.8503	16886.338528	16882.119639	16884.237605			2.0	1.0	0.0	3.0					
16887.195	17.824000000000524	trials	28.0	16901.8724	16903.400953	16904.448638	16905.133006	16901.046382	16903.814447			3.0	1.0	0.0	3.0					
16907.786	29.088999999999942	trials	28.0	16932.207494	16933.441603	16934.305535	16934.532991	16931.641412	16933.785184	16934.925	16936.875	3.0	2.0	1.0	1.0					
16939.895	15.154999999998836	trials	28.0	16950.327814	16951.446389	16952.402248	16952.734496	16949.636404	16951.743895	16953.044	16955.05	2.0	1.0	1.0	1.0					
16958.115	17.093999999997322	trials	28.0	16972.178504	16974.015046	16974.828817	16975.325104	16971.624237	16974.099091			2.0	1.0	0.0	3.0					
16979.115	17.7599999999984	trials	28.0	16993.763347	16994.91716	16996.33997	16996.991146	16992.880513	16995.765662			2.0	1.0	0.0	3.0					
16998.729	28.975000000002183	trials	28.0	17022.323677	17023.720643	17024.600669	17024.924977	17021.555215	17024.150167	17025.249	17027.704	3.0	2.0	1.0	1.0					
17031.729	10.510000000002037	trials	28.0	17039.179016000002	17040.485011	17041.657064	17042.354194	17038.570517	17041.016584			2.0	2.0	0.0	3.0					
17043.899	17.395000000000437	trials	28.0	17058.143698	17059.655897	17060.384904	17061.410467	17057.231582	17059.967934			3.0	2.0	0.0	3.0					
17062.762	21.197000000000116	trials	28.0	17080.018945	17081.990642	17082.465326	17083.170382	17079.031315	17081.984629			3.0		0.0	2.0					
17087.974	31.945000000003347	trials	28.0	17114.255085	17116.196509	17117.011159	17117.331281	17113.631245	17116.520471	17117.699	17119.919	2.0	1.0	1.0	1.0					
17122.959	12.81000000000131	trials	28.0	17132.505184	17134.511148999998	17135.17628	17135.886358	17131.712191	17134.736654			3.0	2.0	0.0	3.0					
17138.464	22.205000000001746	trials	28.0	17154.618581	17156.696678	17157.427481	17157.805805	17154.065726	17156.823467	17158.064	17160.669	2.0	1.0	1.0	1.0					
17164.754	18.630999999997584	trials	28.0	17180.420552	17181.909455	17182.806466000002	17183.5048	17179.620955	17182.260389			2.0	1.0	0.0	3.0					
17186.159	19.604999999999563	trials	28.0	17200.884681	17202.275528	17203.069336	17203.316083	17199.949411	17202.606743	17203.562	17205.764	3.0	2.0	1.0	1.0					
17207.845	14.493999999998778	trials	28.0	17219.159287	17220.522677	17221.950452	17222.456221	17218.446907999998	17221.32463			3.0	1.0	0.0	3.0					
17224.311	22.51299999999901	trials	28.0	17243.869016	17245.508809	17246.314483000002	17246.942132	17243.344333	17245.717279			2.0	1.0	0.0	3.0					
17248.564	25.18000000000029	trials	28.0	17270.880839	17272.040821	17272.831738	17273.863514	17269.883761	17272.388818			3.0	2.0	0.0	3.0					
17275.079	18.549999999999272	trials	28.0	17290.019489	17291.80013	17292.576148	17292.98363	17289.49751	17292.021655			2.0	1.0	1.0	1.0					
17298.093	12.725999999998749	trials	28.0	17306.054998	17307.83611	17308.79396	17309.217380000002	17305.431083	17308.197535	17309.584	17310.819	2.0	1.0	1.0	1.0					
17313.839	21.60399999999936	trials	28.0	17330.264942	17331.54154	17332.457927	17332.732709	17329.342687	17331.93749	17333.109	17335.443	3.0	2.0	1.0	1.0					
17338.459	16.220000000001164	trials	28.0	17351.645927	17353.348232	17354.098438	17354.799608	17350.787971	17353.499071			2.0	1.0	0.0	3.0					
17356.369	18.122000000003027	trials	28.0	17371.694825	17373.386915	17374.118266999998	17374.610314999998	17370.817991	17373.657998			3.0	2.0	0.0	3.0					
17377.435	23.403999999998632	trials	28.0	17398.1201	17399.967335	17400.529588	17400.955052	17397.497905	17399.916596			2.0	1.0	0.0	3.0					
17404.774	20.469999999997526	trials	28.0	17419.845608	17421.42472	17422.260895	17422.435541	17419.11718	17421.781002	17422.814	17425.244	3.0	2.0	1.0	1.0					
17427.214	20.790000000000873	trials	28.0	17442.815512	17444.209752	17444.967711	17445.471537999998	17442.294508	17444.411957	17445.599	17448.004	2.0	1.0	1.0	1.0					
17450.024	18.110999999997148	trials	28.0	17465.216680999998	17466.412166000002	17467.322426	17468.25503	17464.64921	17466.879548			3.0	2.0	0.0	3.0					
17470.677	14.252000000000407	trials	28.0	17481.746146	17483.292035	17484.055529	17485.049822	17481.1189	17483.557322			2.0	1.0	0.0	3.0					
17487.414	37.715000000000146	trials	28.0	17520.092332	17521.232204	17521.997132	17522.425675	17519.284096	17521.498439	17522.539	17525.129	2.0	1.0	1.0	1.0					
17529.224	24.6050000000032	trials	28.0	17548.820831	17549.947042	17551.189572	17551.527521	17547.96091	17550.649591	17551.909	17553.829	3.0	2.0	1.0	1.0					
17555.918	12.501000000000204	trials	28.0	17565.355685	17566.558213	17567.512861	17568.535651	17564.662868	17566.997719			2.0	2.0	0.0	3.0					
17570.821	16.13799999999901	trials	28.0	17581.535584	17583.243935	17584.330195	17584.656456	17580.665442999998	17583.902173	17584.885	17586.959	3.0	2.0	1.0	1.0					
17591.044	15.079999999998108	trials	28.0	17603.021509	17604.643603	17605.579072	17606.243744	17602.470799	17605.028758			3.0	2.0	0.0	3.0					
17607.869	14.534999999999854	trials	28.0	17619.261329	17620.98104	17621.907094000002	17622.525441	17618.328789	17621.328005			2.0	1.0	0.0	3.0					
17626.274	16.229999999999563	trials	28.0	17636.507999	17637.997331	17639.308357	17639.786525	17635.919501	17638.729017999998	17639.874	17642.504	2.0	1.0	1.0	1.0					
17645.529	13.680000000000291	trials	28.0	17656.217817	17657.827830000002	17658.717341	17659.32675	17655.700163	17658.133239			2.0	1.0	0.0	3.0					
17661.074	18.424999999999272	trials	28.0	17674.966766	17676.003065	17676.917092	17677.306045	17674.354715	17676.45122	17677.589	17679.499	3.0	2.0	1.0	1.0					
17682.586	12.468000000000757	trials	28.0	17692.721715	17694.207892	17695.007516	17695.581487	17691.876404	17694.581141			3.0	2.0	0.0	3.0					
17698.249	435.0600000000013	BlockDesign														1.0	831.0	858.0	90.0	50.0
17698.249	21.709999999999127	trials	29.0	17714.866309	17716.018364	17717.398571	17717.727737	17714.275604	17716.714483	17718.024	17719.959	1.0	2.0	1.0	1.0					
17724.024	13.974999999998545	trials	29.0	17732.422900999998	17734.439782	17735.216234	17735.46676	17731.514324	17734.707824	17735.894	17737.999	1.0	2.0	1.0	1.0					
17740.084	13.7970000000023	trials	29.0	17748.986616000002	17750.003082	17751.334657	17751.564328	17748.218177	17750.475637	17751.944	17753.881	1.0	2.0	1.0	1.0					
17756.967	8.191999999999098	trials	29.0	17762.210816	17763.878183	17764.920181	17765.212253	17761.217353	17764.479807			1.0	2.0	0.0	3.0					
17769.235	10.708999999998923	trials	29.0	17774.072109	17775.768784	17776.975337	17777.300657	17773.319769	17776.491326	17777.54	17779.944	1.0	2.0	1.0	1.0					
17783.05	11.554000000000087	trials	29.0	17789.081598	17790.838005999998	17791.839671	17792.143126	17788.518439	17791.329907	17792.569	17794.604	1.0	2.0	1.0	1.0					
17798.649	10.474999999998545	trials	29.0	17805.352247	17807.190409	17808.135968	17808.381637	17804.372801	17807.625456			1.0	2.0	1.0	1.0					
17811.569	12.715000000000146	trials	29.0	17821.112189	17822.698496	17823.527696	17824.401635000002	17820.581339	17823.110993			1.0	2.0	0.0	3.0					
17827.82	10.720000000001164	trials	29.0	17835.603086	17837.001818	17838.092416	17838.661474	17834.856206	17837.462029			1.0	2.0	0.0	3.0					
17841.319	9.260000000002037	trials	29.0	17846.812601	17848.788881	17849.979836	17850.697551	17845.938289	17849.475223			1.0	2.0	0.0	3.0					
17853.294	19.550999999999476	trials	29.0	17867.362495	17869.03003	17869.942165	17870.409813	17866.657962	17869.381511	17870.629	17872.845	1.0	1.0	1.0	1.0					
17876.864	11.289999999997235	trials	29.0	17882.469069	17884.294083	17885.233541	17885.652757	17881.543408	17884.632835	17885.72	17888.154	1.0	1.0	1.0	1.0					
17890.204	8.73399999999674	trials	29.0	17895.87239	17896.987643	17897.693999	17898.898966	17894.95256	17896.974353			1.0		0.0	2.0					
17900.964	16.840000000000146	trials	29.0	17911.937825	17913.425945	17914.46416	17915.013428	17911.278544	17913.8596	17915.199	17917.804	1.0	1.0	1.0	1.0					
17919.834	13.389999999999418	trials	29.0	17927.255882	17929.287005	17930.356907	17930.81145	17926.56907	17929.820291	17930.889	17933.224	1.0	1.0	1.0	1.0					
17935.24	13.31499999999869	trials	29.0	17943.142854	17944.471471	17945.533756	17945.904938	17942.395936	17944.858372	17946.124	17948.555	1.0	1.0	1.0	1.0					
17950.638	13.976000000002387	trials	29.0	17959.237696	17960.584036	17961.633142	17962.065512	17958.231478	17961.028807	17962.319	17964.614	1.0	1.0	1.0	1.0					
17966.63	13.558999999997468	trials	29.0	17975.837467	17977.069783	17978.293496	17979.003362	17974.840556	17977.732047999998			1.0	1.0	0.0	3.0					
17981.649	19.039999999997235	trials	29.0	17994.718763	17996.486831000002	17997.515052	17997.953114	17994.125834	17996.928389	17998.014	18000.689	1.0	1.0	1.0	1.0					
18004.709	12.325000000000728	trials	29.0	18011.934463999998	18013.719652	18014.52662	18014.940461	18011.321	18013.936619	18015.135	18017.034	1.0	1.0	1.0	1.0					
18021.054	12.794999999998254	trials	29.0	18028.947901	18030.10782	18031.061849	18031.446415	18028.307276	18030.402646	18031.8	18033.849	1.0	1.0	1.0	1.0					
18036.869	10.065000000002328	trials	29.0	18041.438284	18043.036785	18043.951673	18044.308123	18040.518809	18043.398782	18044.479	18046.934	1.0	1.0	1.0	1.0					
18049.014	11.194999999999709	trials	29.0	18054.78313	18056.69483	18057.502508	18057.81686	18053.811026	18056.967394	18058.194	18060.209	1.0	1.0	1.0	1.0					
18064.234	11.919999999998254	trials	29.0	18070.6534	18072.240007	18073.240913	18073.643509	18070.137368	18072.592207	18073.754	18076.154	1.0	1.0	1.0	1.0					
18078.224	15.31000000000131	trials	29.0	18087.872719	18089.610052	18090.88957	18091.207295	18087.095704	18090.091066	18091.385	18093.534	1.0	2.0	1.0	1.0					
18097.554	9.75	trials	29.0	18102.643597000002	18103.944933	18104.934946	18105.208279	18101.928736	18104.333659	18105.524	18107.304	1.0	1.0	1.0	1.0					
18110.385	10.109000000000378	trials	29.0	18114.78332	18116.289102	18117.08906	18117.468306	18114.188516000002	18116.523752	18117.749	18120.494	1.0	1.0	1.0	1.0					
18123.649	9.659999999999854	trials	29.0	18128.193669	18129.360326	18130.372685	18130.729959	18127.593724	18129.769795	18130.999	18133.309	1.0	1.0	1.0	1.0					
18136.349	288.69300000000294	BlockDesign														1.0	859.0	879.0	50.0	90.0
18136.349	8.680000000000291	trials	30.0	18141.988351	18143.398805	18144.547526	18145.148825	18141.441678	18143.938911			1.0	1.0	0.0	3.0					
18146.804	15.349999999998545	trials	30.0	18156.533152	18158.15608	18159.443769999998	18159.678228	18155.726831	18158.838706	18160.024	18162.154	1.0	2.0	1.0	1.0					
18165.124	10.805000000000291	trials	30.0	18170.378309	18171.81587	18172.602047	18172.821995	18169.622186	18172.159523	18173.319	18175.929	1.0	2.0	1.0	1.0					
18180.019	8.715000000000146	trials	30.0	18183.868658	18185.537636	18186.180062	18186.3933	18183.05527	18185.78738	18186.763	18188.734	1.0	2.0	1.0	1.0					
18191.895	9.489999999997963	trials	30.0	18197.174959	18198.767515	18199.676327	18199.950688	18196.461681	18199.249619000002			1.0	2.0	0.0	3.0					
18202.04	16.993999999998778	trials	30.0	18213.641163	18215.335275999998	18216.219932	18216.645014	18213.065477	18215.596192	18216.914	18219.034	1.0	1.0	1.0	1.0					
18223.054	10.104999999999563	trials	30.0	18227.358616999998	18229.022584	18229.937306	18230.493358	18226.790657	18229.34798	18230.484	18233.159	1.0	1.0	1.0	1.0					
18235.184	9.919999999998254	trials	30.0	18240.034139	18241.275643	18242.449437	18242.7823	18239.50616	18241.84736	18243.05	18245.104	1.0	2.0	1.0	1.0					
18248.12	9.204000000001543	trials	30.0	18252.189884	18253.670543	18254.424178	18254.668609	18251.456935000002	18253.997798	18255.029	18257.324	1.0	2.0	1.0	1.0					
18260.359	10.715000000000146	trials	30.0	18266.444333	18267.955403	18268.821788	18269.098182	18265.906139	18268.390462	18269.604	18271.074	1.0	2.0	1.0	1.0					
18274.095	12.458999999998923	trials	30.0	18281.264878	18282.846437	18283.576026	18283.814066	18280.282303	18283.168139	18284.169	18286.554	1.0	2.0	1.0	1.0					
18290.574	11.507999999997992	trials	30.0	18297.51974	18298.711355	18299.439897	18299.686292	18296.871754	18299.017126	18299.969	18302.082	1.0	2.0	1.0	1.0					
18304.169	14.024999999997817	trials	30.0	18312.838935	18314.666147	18315.340507	18315.5302	18312.167731	18314.942105000002	18315.846	18318.194	1.0	2.0	1.0	1.0					
18322.24	9.878999999997177	trials	30.0	18327.029857	18328.545749	18329.31911	18329.565703	18326.217359000002	18328.908827	18329.999	18332.119	1.0	2.0	1.0	1.0					
18334.206	9.523000000001048	trials	30.0	18338.470689	18340.502295	18341.177414	18341.492338	18337.762974	18340.806794	18341.754	18343.729	1.0	2.0	1.0	1.0					
18345.749	11.215000000000146	trials	30.0	18350.874370999998	18352.473042999998	18353.358805	18353.578613	18350.344488	18352.956046	18353.874	18356.964	1.0	2.0	1.0	1.0					
18360.814	13.505000000001019	trials	30.0	18368.942982	18370.680218	18371.395604	18371.675862	18350.344488	18370.988936	18372.069	18374.319	1.0	2.0	1.0	1.0					
18378.404	6.18500000000131	trials	30.0	18380.943761000002	18382.914335	18383.699771	18383.909573	18380.069613	18383.327504			1.0	2.0	0.0	3.0					
18387.012	13.038000000000466	trials	30.0	18394.719173	18396.04858	18397.165341	18397.445798	18394.078406	18396.526397	18397.824	18400.05	1.0	1.0	1.0	1.0					
18403.139	6.407999999999447	trials	30.0	18406.439000000002	18408.066084000002	18408.948332	18409.578651	18405.846813	18408.410493			1.0	1.0	0.0	3.0					
18411.384	13.658000000003085	trials	30.0	18419.323745	18420.596615000002	18421.842324	18422.269917	18418.400696	18421.290287	18422.584	18425.042	1.0	2.0	1.0	1.0					
18429.121	237.8680000000022	BlockDesign														1.0	880.0	885.0	0.0	0.0
18429.121	8.743000000002212	trials	31.0	18434.491302000002	18436.105470000002	18436.929639	18437.895106	18433.621448	18436.485297			1.0	2.0	0.0	3.0					
18441.366	9.22899999999936	trials	31.0	18446.945288	18448.526879	18449.295474000002	18449.895873	18446.186654	18448.510116			1.0		0.0	2.0					
18453.74	50.888999999999214	trials	31.0	18499.964934	18502.113418	18503.374836	18504.660863	18499.106729	18502.802591			1.0	2.0	0.0	3.0					
18507.729	14.595000000001164	trials	31.0	18518.205007	18519.94641	18521.053263	18522.357629000002	18517.404927	18520.516916			1.0	2.0	0.0	3.0					
18525.399	33.23999999999796	trials	31.0	18555.555153	18557.346757	18558.089267	18558.674502	18555.000759000002	18557.558878			1.0	1.0	0.0	3.0					
18561.504	105.48500000000058	trials	31.0	18663.756776000002	18665.832039	18666.907141	18667.554831	18663.131445	18666.225062			1.0	1.0	0.0	3.0					
18669.26	654.0850000000028	BlockDesign														1.0	886.0	908.0	50.0	10.0
18669.26	19.05000000000291	trials	32.0	18684.534813000002	18686.342898	18687.139344	18687.550796	18683.658063	18686.413949			1.0	1.0	1.0	1.0					
18692.699	10.029999999998836	trials	32.0	18697.726163	18699.430362	18700.434908	18700.795542	18697.059004	18699.714283	18701.024	18702.729	1.0	1.0	1.0	1.0					
18704.812	15.68699999999808	trials	32.0	18715.050750000002	18716.407992	18717.787509	18718.193825000002	18714.521165000002	18717.027267	18718.629	18720.499	1.0	1.0	1.0	1.0					
18723.574	11.319999999999709	trials	32.0	18729.945138	18731.067158	18732.146492	18732.561101	18728.944302	18731.481429	18732.754	18734.894	1.0	1.0	1.0	1.0					
18737.004	12.165000000000873	trials	32.0	18743.120433	18744.817452	18745.790735000002	18746.309429	18742.302312	18745.221521	18746.579	18749.169	1.0	1.0	1.0	1.0					
18753.22	8.773999999997613	trials	32.0	18758.655291	18760.719167	18761.627604	18761.964227	18757.652796000002	18760.954854			1.0	1.0	0.0	3.0					
18765.039	13.959999999999127	trials	32.0	18776.075184	18777.837	18778.685552	18783.088713	18775.183531	18778.029484			1.0	1.0	0.0	3.0					
18783.01	19.960000000002765	trials	32.0	18799.495542	18801.4412	18802.401840000002	18803.005919	18798.595485	18801.783729			1.0	2.0	0.0	3.0					
18805.775	17.493999999998778	trials	32.0	18819.687935	18821.298432	18822.521672	18822.696698	18819.087008000002	18821.286255			1.0		0.0	2.0					
18826.287	78.97299999999814	trials	32.0	18901.382376	18903.207912			18900.844312	18903.204498			1.0		0.0	2.0					
18908.339	157.8650000000016	trials	32.0	19060.774381	19062.574433	19063.368053000002	19066.239171	19060.193328	19062.772412000002			1.0	1.0	0.0	3.0					
19066.729	25.610000000000582	trials	32.0	19089.508725	19091.269572	19092.001908000002	19094.577761	19088.555265	19091.472344			1.0	1.0	0.0	3.0					
19094.381	5.57300000000032	trials	32.0	19096.742103	19097.94191	19099.017825	19099.987848	19096.004558	19098.377655			1.0	2.0	0.0	3.0					
19101.469	17.920999999998457	trials	32.0	19113.816928	19115.232342	19116.197438	19116.6261	19113.159611	19115.608103	19116.949	19119.39	1.0	1.0	1.0	1.0					
19121.445	16.179000000000087	trials	32.0	19130.792189	19132.169076000002	19135.51284	19137.658097	19130.058528	19132.160613			1.0		0.0	2.0					
19138.309	26.264999999999418	trials	32.0	19158.588993	19160.514495	19161.511059	19161.893084	19157.603333	19160.921841	19162.214	19164.574	1.0	1.0	1.0	1.0					
19168.604	12.290000000000873	trials	32.0	19177.799079	19178.939271	19179.784281	19180.427276000002	19176.998535	19179.170793			1.0	1.0	0.0	3.0					
19183.146	30.122999999999593	trials	32.0	19208.517462	19209.569075	19210.413131	19210.835575	19207.640737	19209.83046	19211.119	19213.269	1.0	1.0	1.0	1.0					
19216.289	13.084999999999127	trials	32.0	19226.049173	19227.288101000002	19228.223931	19229.411613	19225.125612	19227.6416			1.0	1.0	0.0	3.0					
19231.564	21.656000000002678	trials	32.0	19248.24758	19249.481691	19250.241414	19250.633024	19247.40075	19249.65138	19250.944	19253.22	1.0	1.0	1.0	1.0					
19256.244	16.31500000000233	trials	32.0	19268.743334	19270.324245	19271.420208	19272.129491	19267.744117000002	19270.828025			1.0	1.0	0.0	3.0					
19275.74	33.80999999999767	trials	32.0	19304.162432	19305.44931	19306.863726	19307.114	19303.412511000002	19306.246199	19307.534	19309.55	1.0	1.0	1.0	1.0					
19311.589	11.756000000001222	trials	32.0	19320.718385	19322.133516	19323.257888	19323.818921000002	19320.088011	19322.54084			1.0	1.0	0.0	3.0					
19325.619	444.755000000001	BlockDesign														0.0	909.0	929.0	10.0	50.0
19325.619	13.765999999999622	trials	33.0	19335.853247	19336.968209	19338.084887	19339.41738	19334.921106	19337.46587			1.0	2.0	0.0	3.0					
19342.479	18.525000000001455	trials	33.0	19357.997999	19359.59142	19360.470298	19361.040858	19357.090025	19359.90986			1.0	1.0	0.0	3.0					
19364.854	19.635000000002037	trials	33.0	19380.194583	19381.909292	19382.603039	19384.523351	19379.276130000002	19382.104091			1.0	1.0	0.0	3.0					
19386.92	68.94900000000052	trials	33.0	19450.93356	19452.130067000002	19453.116804	19453.374341	19450.125705	19452.639039	19453.754	19455.869	1.0	2.0	1.0	1.0					
19458.889	17.58100000000195	trials	33.0	19470.40435	19472.390502000002	19473.426839	19473.69749	19469.73812	19472.801708	19474.135	19476.47	1.0	2.0	1.0	1.0					
19480.486	9.82300000000032	trials	33.0	19487.108831	19488.140858	19489.066434	19490.346041	19486.115546	19488.622712			1.0	2.0	0.0	3.0					
19491.414	20.47099999999773	trials	33.0	19508.393783	19510.203774	19511.29287	19511.922165	19507.750239	19510.626638			1.0	1.0	0.0	3.0					
19515.662	15.31199999999808	trials	33.0	19526.494451	19527.695592	19529.130752	19531.010477	19525.965582	19528.580866			1.0	2.0	0.0	3.0					
19531.524	29.419999999998254	trials	33.0	19555.849082	19557.181227	19558.105391	19558.484073	19555.189725	19557.650397	19558.768	19560.944	1.0	2.0	1.0	1.0					
19563.964	12.525000000001455	trials	33.0	19571.024128	19572.370106000002	19573.40928	19573.784019	19570.518544	19572.919022000002	19573.99	19576.489	1.0	2.0	1.0	1.0					
19580.305	10.333999999998923	trials	33.0	19586.809154000002	19588.07561	19589.408087	19590.676412	19586.004654	19588.897463			1.0	2.0	0.0	3.0					
19592.787	16.11699999999837	trials	33.0	19602.418602	19604.346479	19605.635481	19606.046979	19601.604489	19605.072071000002	19606.304	19608.904	1.0	2.0	1.0	1.0					
19611.964	11.325000000000728	trials	33.0	19619.609826	19621.427856000002	19622.245301	19622.878638000002	19618.625360000002	19621.720734000002			1.0	2.0	0.0	3.0					
19624.624	20.900000000001455	trials	33.0	19639.724441000002	19641.210521	19642.290242	19642.616868	19638.969503	19641.763697000002	19642.955	19645.524	1.0	2.0	1.0	1.0					
19648.541	17.39300000000003	trials	33.0	19660.029441	19661.531169	19662.677817	19662.965981	19659.51584	19662.18012	19663.329	19665.934	1.0	2.0	1.0	1.0					
19668.019	9.895000000000437	trials	33.0	19674.439754	19676.313342	19677.20615	19677.952287	19673.678211	19676.74479			1.0	2.0	0.0	3.0					
19680.58	16.823999999996886	trials	33.0	19691.253942	19692.990288	19694.317002	19694.694333	19690.565606	19693.727711	19694.979	19697.404	1.0	2.0	1.0	1.0					
19700.445	8.243999999998778	trials	33.0	19706.004496	19707.361703000002	19708.231793	19708.726223	19705.023606	19707.745083			1.0	2.0	0.0	3.0					
19711.597	18.8279999999977	trials	33.0	19727.004156	19728.456723	19729.180423	19729.759218	19726.239369	19728.443037			1.0		0.0	2.0					
19734.434	14.215000000000146	trials	33.0	19745.064689	19746.541412	19748.06973	19748.688218	19744.314787	19747.408469			1.0	1.0	0.0	3.0					
19752.514	17.860000000000582	trials	33.0	19764.765304	19766.388108	19767.450303	19767.697788	19763.828154	19766.907018	19768.139	19770.374	1.0	2.0	1.0	1.0					
19774.477	302.73199999999997	BlockDesign														0.0	930.0	935.0	50.0	0.0
19774.477	11.342000000000553	trials	34.0	19782.65019	19784.091024	19785.28427	19785.855896	19781.928599	19784.61807			2.0	1.0	0.0	3.0					
19787.649	21.784999999999854	trials	34.0	19806.060482	19807.718841	19808.538525	19809.167555	19805.234271	19807.992455			2.0	2.0	0.0	3.0					
19810.961	33.87800000000061	trials	34.0	19840.980206	19843.079186	19844.204715	19844.878328	19840.312368	19843.677168000002			2.0	2.0	0.0	3.0					
19847.546	89.65300000000207	trials	34.0	19932.680678	19934.157612	19935.127793	19937.236119	19931.72822	19934.52232			2.0	1.0	0.0	3.0					
19937.524	117.59000000000015	trials	34.0	20050.455566	20051.680037000002	20052.662685	20053.169415	20049.772628	20052.041933	20053.289	20055.114	2.0	1.0	1.0	1.0					
20058.135	19.074000000000524	trials	34.0	20071.405831	20073.238782	20074.228011	20074.608395	20070.532458	20073.592548	20074.76	20077.209	2.0	1.0	1.0	1.0					
