onset	duration	nwb_table	block	tone_on_time	tone_off_time	action_on_time	action_off_time	pokeC_on_time	pokeC_off_time	reward_on_time	reward_off_time	state	action	reward	result	FinishedBlock	FirstTrial	LastTrial	RewardRule_L	RewardRule_R
3.676	6792.893999999999	BlockDesign														1.0	1.0	43.0	50.0	0.0
3.676	248.639	trials	1.0	244.709322	245.98602899999997	250.999553	252.31589899999997	243.791927	248.64475499999998			2.0	1.0	0.0	3.0					
253.371	380.17100000000005	trials	1.0	626.990445	628.161969	633.094203	633.546848	626.122425	630.433817			2.0	2.0	0.0	3.0					
636.539	68.54600000000005	trials	1.0	698.2806899999999	699.776075	703.227731	704.011586	697.3942079999999	701.2054919999999			2.0	2.0	0.0	3.0					
707.967	448.87299999999993	trials	1.0	1148.376903	1149.743735	1155.659654	1155.67676	1147.372582	1151.516322			2.0	1.0	1.0	1.0					
1160.28	1048.6000000000001	trials	1.0	2202.4609629999995	2204.302514	2207.7178000000004	2208.0043109999997	2201.6478450000004	2206.082829	1568.2	1596.136	2.0	1.0	1.0	1.0					
2213.465	40.34999999999991	trials	1.0	2247.0813479999997	2248.951459	2253.4486180000004	2253.740189	2246.404482	2250.9000079999996			2.0	2.0	0.0	3.0					
2255.895	238.9000000000001	trials	1.0	2488.2667279999996	2490.1103430000003	2494.0903660000004	2494.8053120000004	2487.535387	2492.37662			2.0	2.0	0.0	3.0					
2496.561	13.168999999999869	trials	1.0	2503.4390089999997	2505.368679	2507.413415	2507.5962529999997	2502.90459	2506.112771			2.0	1.0	0.0	3.0					
2509.77	576.5999999999999	trials	1.0	3018.67904	3020.2809770000003			3018.1292700000004	3024.1669949999996			2.0		0.0	4.0					
3088.45	98.75	trials	1.0	3119.906996	3121.607419			3119.124419	3123.541198			2.0		0.0	4.0					
3190.265	75.29300000000012	trials	1.0	3249.098801	3250.631922	3265.096109	3265.1831310000002	3248.1976600000003	3254.9555330000003			2.0	2.0	0.0	3.0					
3269.643	186.67700000000013	trials	1.0	3446.3494960000003	3448.195682	3455.210684	3455.366026	3445.623845	3451.3939920000003			2.0	1.0	1.0	1.0					
3459.886	39.289999999999964	trials	1.0	3483.333223	3484.897669	3498.826169	3499.058708	3482.4049990000003	3487.46884			2.0	1.0	0.0	3.0					
3501.185	204.76000000000022	trials	1.0	3696.319316	3697.3804090000003	3703.4659070000002	3703.5547610000003	3695.659567	3698.234425	3704.176	3705.945	2.0	1.0	1.0	1.0					
3707.73	52.77500000000009	trials	1.0	3740.7894610000003	3742.194914	3756.241922	3756.7311710000004	3739.931103	3743.12125			2.0	2.0	0.0	3.0					
3760.705	14.260000000000218	trials	1.0	3769.0842970000003	3770.335265	3774.3689050000003	3774.4443770000003	3768.412441	3771.680824			2.0	2.0	0.0	3.0					
3778.973	466.2529999999997	trials	1.0	4239.616481	4241.594041	4244.676781	4244.965924	4238.65255	4243.098902			2.0	1.0	0.0	3.0					
4247.261	24.97899999999936	trials	1.0	4263.086504	4264.5042	4270.312204	4270.456192	4262.269661	4267.981015	4270.98	4272.24	2.0	1.0	1.0	1.0					
4274.256	30.589999999999236	trials	1.0	4297.546501	4298.83573	4302.090217	4302.38078	4296.908531	4299.878866			2.0	1.0	0.0	3.0					
4305.436	410.16899999999987	trials	1.0	4647.269699	4648.570156			4646.294129	4650.7875619999995			2.0		0.0	4.0					
4717.066	66.50900000000001	trials	1.0	4757.529131	4759.346407	4782.369715	4783.579847	4756.707122	4760.704064			2.0	1.0	0.0	3.0					
4785.826	65.84400000000005	trials	1.0	4845.834226	4847.190083	4850.512402	4850.582606	4844.981927	4848.64279			2.0	2.0	0.0	3.0					
4852.92	335.09100000000035	trials	1.0	5177.785509	5179.337138	5187.500486	5188.014273000001	5176.95704	5185.722401			2.0	2.0	0.0	3.0					
5190.005	383.0649999999996	trials	1.0	5563.877045	5565.190958	5570.976167000001	5571.049506	5563.314794	5569.198964	5571.79	5573.07	2.0	1.0	1.0	1.0					
5576.191	202.53400000000056	trials	1.0	5748.563801	5750.1146690000005	5776.3379239999995	5776.948165	5748.044423	5754.075817			2.0	2.0	0.0	3.0					
5778.765	130.13999999999942	trials	1.0	5901.288135000001	5902.309568000001	5905.754318	5905.826285	5900.501896	5904.307178	5906.575	5908.905	2.0	1.0	1.0	1.0					
5912.19	164.92500000000018	trials	1.0	6074.9043280000005	6075.116271			6073.999309000001	6075.112252			2.0		0.0	2.0					
6079.125	41.82999999999993	trials	1.0	6114.558374	6116.277242	6118.109636	6118.3517329999995	6113.631695	6117.125672			2.0	1.0	0.0	3.0					
6121.485	159.39500000000044	trials	1.0	6274.311377999999	6275.993197	6278.9318729999995	6279.0275679999995	6273.697488	6277.834328999999	6279.565	6280.88	2.0	1.0	1.0	1.0					
6282.935	62.54499999999916	trials	1.0	6336.4281009999995	6337.722594	6343.0924079999995	6343.258857999999	6335.527144	6341.738383	6343.94	6345.48	2.0	1.0	1.0	1.0					
6349.571	93.74399999999969	trials	1.0	6410.303234	6412.268601999999	6442.948265999999	6443.144254	6409.500814999999	6413.791592			2.0	1.0	0.0	3.0					
6445.36	33.76000000000022	trials	1.0	6472.182495	6474.193705	6478.766395	6479.088895	6471.625446999999	6475.6980459999995			2.0	1.0	0.0	3.0					
6481.153	13.081999999999425	trials	1.0	6490.005717	6490.3505079999995			6489.249930999999	6490.346766			2.0		0.0	2.0					
6494.375	17.73999999999978	trials	1.0	6508.192255999999	6510.104224999999			6507.387424	6510.093218			2.0		0.0	2.0					
6515.121	7.073999999999614	trials	1.0	6517.447437999999	6518.1592359999995			6516.373691999999	6518.147185			2.0		0.0	2.0					
6524.261	27.59399999999914	trials	1.0	6532.617512	6533.923648	6549.409153	6549.7009929999995	6531.849195	6538.156379999999	6550.221	6551.855	2.0	1.0	1.0	1.0					
6554.627	30.71899999999914	trials	1.0	6578.452673999999	6580.369032	6582.932191	6583.116856	6577.506694	6580.921641999999	6583.75	6585.346	2.0	1.0	1.0	1.0					
6587.432	34.76299999999992	trials	1.0	6615.933082	6617.025199			6615.300651	6617.013738			2.0		0.0	2.0					
6623.211	26.938999999999396	trials	1.0	6646.467495999999	6648.216023999999	6649.581622	6650.151526	6645.5331129999995	6648.438408999999			2.0	1.0	0.0	3.0					
6651.935	25.6899999999996	trials	1.0	6671.764279999999	6672.629392	6676.680893	6677.622883	6671.0307569999995	6672.622686			2.0		0.0	2.0					
6678.726	57.009000000000015	trials	1.0	6723.043092	6724.516178	6735.25501	6735.691422999999	6722.204863	6724.670751			2.0	2.0	0.0	3.0					
6738.67	21.98999999999978	trials	1.0	6741.724848999999	6743.120962	6759.511587999999	6759.667125999999	6740.7570479999995	6751.84771			2.0	1.0	0.0	3.0					
6761.935	34.63499999999931	trials	1.0	6780.993377999999	6782.174959	6794.411969999999	6794.613721	6780.079741	6782.948157	6795.225	6796.57	2.0	1.0	1.0	1.0					
6798.598	1240.982	BlockDesign														1.0	44.0	77.0	0.0	50.0
6798.598	28.11499999999978	trials	2.0	6815.014977999999	6816.801133	6826.273536	6826.492021	6814.197259	6818.836783			3.0	1.0	0.0	3.0					
6829.795	106.75	trials	2.0	6929.324291999999	6931.077311999999	6933.050764	6933.155726	6928.744887	6931.541969999999	6933.801	6936.545	3.0	2.0	1.0	1.0					
6940.591	32.509000000000015	trials	2.0	6966.859173999999	6968.686143	6972.675232	6973.079409999999	6966.031609	6971.799481			3.0	1.0	0.0	3.0					
6975.11	27.38500000000022	trials	2.0	6997.685001999999	6999.296904999999	7000.751141	7001.471678999999	6996.693835	6999.754768			3.0	1.0	0.0	3.0					
7003.115	19.335000000000036	trials	2.0	7017.713893	7018.911110999999	7021.227682	7022.450774999999	7017.022696	7020.229786999999			3.0	1.0	0.0	3.0					
7025.725	6.0	trials	2.0	7027.39955	7027.807828			7026.185415999999	7027.798903			3.0		0.0	2.0					
7031.92	31.23999999999978	trials	2.0	7056.409377	7058.281653999999	7060.521817	7061.5096539999995	7055.625837	7059.207232999999			3.0	1.0	0.0	3.0					
7063.965	27.279999999999745	trials	2.0	7085.379231999999	7087.022938	7089.222091	7089.562237	7084.790104	7088.126686			3.0	1.0	0.0	3.0					
7093.596	6.47400000000016	trials	2.0	7095.394958	7096.152225999999	7099.410693	7100.074248	7094.279062	7096.144195999999			3.0		0.0	2.0					
7100.176	58.460000000000036	trials	2.0	7152.834798	7154.723292	7156.579556999999	7156.865836999999	7152.140203999999	7155.706498			3.0	1.0	0.0	3.0					
7159.986	44.60400000000027	trials	2.0	7197.874894	7199.626453	7202.306595999999	7202.561616999999	7197.2489829999995	7201.067937			3.0	2.0	0.0	3.0					
7204.798	31.822000000000116	trials	2.0	7231.674741	7232.878328999999	7234.8875259999995	7236.194004999999	7230.879384	7233.921558			3.0	1.0	0.0	3.0					
7239.383	42.98199999999997	trials	2.0	7272.785403	7273.970675	7281.1204689999995	7281.364108	7271.931826	7279.277048999999			3.0	1.0	0.0	3.0					
7283.715	11.796000000000276	trials	2.0	7288.050162	7289.7822129999995	7293.025825	7293.303969999999	7287.472932	7291.863912	7293.695	7295.511	3.0	2.0	1.0	1.0					
7298.39	106.08099999999922	trials	2.0	7398.227301	7399.917297999999	7402.421764999999	7402.896658	7397.5694109999995	7401.610118			3.0	1.0	0.0	3.0					
7404.83	4.399999999999636	trials	2.0	7407.057376	7407.137392			7406.185342	7407.134475			3.0		0.0	2.0					
7412.24	49.125	trials	2.0	7458.031242999999	7459.3586319999995			7457.186979	7459.349668			3.0		0.0	2.0					
7463.421	5.549999999999272	trials	2.0	7465.26078	7466.877879			7459.766756999999	7466.873624999999			3.0		0.0	2.0					
7472.98	17.196000000000822	trials	2.0	7482.425912999999	7483.868138	7489.491612	7490.179768	7481.662512	7486.4189049999995			3.0	2.0	0.0	3.0					
7491.93	57.085000000000036	trials	2.0	7539.546189	7541.298021	7548.5723069999995	7549.020248	7538.668626999999	7547.137344999999			3.0	2.0	0.0	3.0					
7553.03	39.48100000000068	trials	2.0	7585.518161999999	7586.958289	7590.385085999999	7590.970299	7584.531091	7588.1749709999995			3.0	1.0	0.0	3.0					
7592.755	10.489999999999782	trials	2.0	7596.491720999999	7597.808743	7601.411394	7601.696545	7595.490459999999	7599.8701949999995	7602.2	7603.245	3.0	2.0	1.0	1.0					
7605.39	82.7460000000001	trials	2.0	7680.746955	7682.701338	7686.085289999999	7686.277494999999	7680.224961999999	7684.067402999999	7686.92	7688.136	3.0	2.0	1.0	1.0					
7691.156	34.02400000000034	trials	2.0	7715.558892999999	7716.997818	7723.829930999999	7725.186455999999	7714.878468999999	7718.919322			3.0	2.0	0.0	3.0					
7726.25	27.590000000000146	trials	2.0	7747.011961	7748.069168999999	7751.495809	7751.63098	7746.108778	7750.048285	7752.475	7753.84	3.0	2.0	1.0	1.0					
7755.86	21.535000000000764	trials	2.0	7771.277526	7772.532052	7774.924653	7775.204357999999	7770.380343	7773.500418			3.0	2.0	0.0	3.0					
7779.377	40.67399999999998	trials	2.0	7813.917378	7816.008234	7819.08367	7820.055784	7813.188757	7817.120089			3.0	2.0	0.0	3.0					
7822.496	10.323999999999614	trials	2.0	7825.252302999999	7827.149474	7830.4998239999995	7830.753682	7824.588669999999	7828.9176099999995	7831.2	7832.82	3.0	2.0	1.0	1.0					
7834.911	39.009000000000015	trials	2.0	7867.730173	7869.444766	7871.8329029999995	7872.142296	7866.774976	7870.321599999999	7872.515	7873.92	3.0	2.0	1.0	1.0					
7877.02	28.294999999999163	trials	2.0	7895.748168	7897.233781	7900.754856	7901.817698999999	7895.238616	7899.186083			3.0	2.0	0.0	3.0					
7905.42	8.875	trials	2.0	7907.282932	7909.044588	7912.011149999999	7912.455693	7905.317714999999	7910.399079999999			3.0	2.0	0.0	3.0					
7914.386	23.15399999999954	trials	2.0	7934.96277	7934.999957999999			7934.177017	7934.99634			3.0		0.0	2.0					
7939.076	61.74399999999969	trials	2.0	7994.913465	7996.175585999999	7998.479555999999	7998.6224409999995	7994.301938999999	7996.761614999999	7999.335	8000.82	3.0	2.0	1.0	1.0					
8002.84	36.73999999999978	trials	2.0	8036.059942	8037.956494	8039.268211	8039.540556	8035.386280999999	8038.227954999999			3.0	2.0	0.0	3.0					
8042.766	1808.0190000000002	BlockDesign														1.0	78.0	141.0	50.0	50.0
8042.766	10.41400000000067	trials	3.0	8044.523628999999	8045.679552	8051.864008	8052.0107339999995	8043.967296	8050.652547			2.0	1.0	0.0	3.0					
8055.302	16.999000000000706	trials	3.0	8066.343080999999	8067.9606779999995	8071.20004	8071.3801889999995	8065.804534	8069.811801999999			2.0	1.0	1.0	1.0					
8074.746	48.698999999999614	trials	3.0	8109.458511999999	8111.000195999999	8122.017556	8123.45307	8108.684252999999	8111.804018999999			2.0	2.0	0.0	3.0					
8125.449	11.801000000000386	trials	3.0	8128.104939	8130.054951	8134.7447219999995	8135.148131999999	8127.197241	8133.090655	8135.495	8137.25	3.0	2.0	1.0	1.0					
8139.027	27.927999999999884	trials	3.0	8158.779085	8160.450725999999	8163.207705999999	8163.627877	8157.992557	8162.335918			3.0	1.0	0.0	3.0					
8167.641	4.109000000000378	trials	3.0	8169.494273	8169.661219			8166.958479999999	8169.658029			2.0		0.0	2.0					
8173.741	33.85499999999956	trials	3.0	8202.319424	8204.02204	8206.774675	8207.599608999999	8201.382599999999	8205.450047			3.0	2.0	0.0	3.0					
8211.136	22.709999999999127	trials	3.0	8213.824903	8215.647036999999	8231.889900999999	8232.095469	8213.150001999998	8223.103724999999	8232.645	8233.846	3.0	2.0	1.0	1.0					
8236.915	20.974999999998545	trials	3.0	8252.134789	8253.945187	8255.926747	8256.188659	8251.15315	8254.498999			2.0	2.0	0.0	3.0					
8258.406	22.453999999999724	trials	3.0	8273.064535	8274.836035	8278.390924	8278.802251	8272.092449	8275.826121999999	8279.04	8280.86	3.0	2.0	1.0	1.0					
8283.89	33.220000000001164	trials	3.0	8311.924234	8314.008065999999	8315.605597	8317.115877	8311.312977	8314.285794			2.0	2.0	0.0	3.0					
8319.965	41.96099999999933	trials	3.0	8355.414524	8356.52662	8359.861741	8361.931778999999	8354.558175999999	8358.131927999999			3.0	2.0	0.0	3.0					
8362.346	12.029000000000451	trials	3.0	8366.646263999999	8367.862624	8372.035006	8372.287777	8365.973476	8371.277697			3.0	1.0	0.0	3.0					
8374.56	25.855000000001382	trials	3.0	8385.944931999999	8387.708443	8399.215377	8400.421062	8385.106550999999	8388.885199			2.0	2.0	0.0	3.0					
8402.575	18.72599999999875	trials	3.0	8415.679288	8417.532755	8420.668547	8420.906067	8414.730757	8418.045591999999			3.0	2.0	0.0	3.0					
8425.346	80.28399999999965	trials	3.0	8499.870068	8500.412196			8499.282957	8500.403422			2.0		0.0	2.0					
8506.596	20.069000000001324	trials	3.0	8520.630035999999	8522.636553	8524.560948999999	8524.723101	8520.095931	8523.710422	8525.265	8526.665	2.0	1.0	1.0	1.0					
8528.7	31.414999999999054	trials	3.0	8551.330278	8553.09661	8556.50173	8557.660714	8550.352842	8554.773898			2.0	1.0	0.0	3.0					
8560.28	7.959999999999127	trials	3.0	8562.24052	8563.386822999999	8566.275144	8566.494811	8560.122251	8564.356273	8567.035	8568.24	3.0	2.0	1.0	1.0					
8571.255	25.645000000000437	trials	3.0	8589.77163	8591.684835	8595.348453999999	8595.603384	8588.921756	8593.460061			3.0	2.0	0.0	3.0					
8599.705	7.100000000000364	trials	3.0	8604.085319	8604.167389			8603.103299999999	8604.161004			3.0		0.0	2.0					
8608.185	37.733000000000175	trials	3.0	8641.510252	8642.626633	8645.501992	8645.897933	8640.567037	8643.942209			2.0	2.0	0.0	3.0					
8647.964	49.586999999999534	trials	3.0	8692.640422	8694.255706	8696.162742	8697.560245	8692.100031999998	8695.176259			3.0	2.0	0.0	3.0					
8699.52	122.20999999999913	trials	3.0	8794.787362	8795.910286	8819.295431999999	8819.496746	8793.826503	8800.534211999999	8819.975	8821.73	2.0	1.0	1.0	1.0					
8825.82	34.534999999999854	trials	3.0	8852.716086	8854.639208999999	8859.231066	8860.365794	8852.164821999999	8855.733261			3.0	2.0	0.0	3.0					
8862.64	11.832000000000335	trials	3.0	8870.312925999999	8871.581907	8873.985588	8874.483205	8869.488084999999	8873.178009			2.0	1.0	0.0	3.0					
8876.406	132.14899999999943	trials	3.0	9003.851815	9005.561352	9006.594471	9006.751640999999	9003.287220999999	9005.821204			2.0	1.0	0.0	3.0					
9008.995	9.174999999999272	trials	3.0	9012.273582	9014.263493999999	9016.340436999999	9016.622706999999	9011.340135999999	9014.547507			2.0	2.0	0.0	3.0					
9020.735	35.39499999999862	trials	3.0	9049.882108	9051.301205	9054.385809	9054.553146	9049.154601	9053.385135999999	9055.06	9056.13	2.0	1.0	1.0	1.0					
9059.199	16.686999999999898	trials	3.0	9068.042215	9069.871342999999	9072.777213	9073.222865	9067.319494	9071.975604			3.0	1.0	0.0	3.0					
9076.25	9.709999999999127	trials	3.0	9077.842342	9079.779271	9083.752659	9084.049497	9075.892936	9082.453506	9084.52	9085.96	3.0	2.0	1.0	1.0					
9088.045	26.48999999999978	trials	3.0	9109.507311	9111.036876999999	9113.428404	9114.544321	9108.578065	9111.810997			3.0	2.0	0.0	3.0					
9115.835	14.75	trials	3.0	9124.782559	9126.771042	9129.221984	9130.592439	9124.043392	9128.252046			2.0	2.0	0.0	3.0					
9132.625	93.91500000000087	trials	3.0	9215.161787	9216.333561	9222.316164	9223.871831999999	9214.403156999999	9219.822350999999			3.0	2.0	0.0	3.0					
9226.777	14.788000000000466	trials	3.0	9233.506648999999	9235.281449999999	9240.200911999998	9240.720371	9232.873543999998	9239.252204999999			3.0	1.0	0.0	3.0					
9242.582	23.8179999999993	trials	3.0	9256.897411999998	9258.028106999998	9263.537088	9263.890904999998	9256.213711999999	9261.914132999998	9264.37	9266.4	3.0	2.0	1.0	1.0					
9270.436	25.592000000000553	trials	3.0	9291.187434	9292.704640999998	9295.595395999999	9295.983928999998	9290.404885999998	9293.611674			2.0	2.0	0.0	3.0					
9299.011	30.683999999999287	trials	3.0	9326.092453	9327.609684			9325.098182999998	9327.604742			2.0		0.0	2.0					
9332.765	4.145000000000437	trials	3.0	9334.772686999999	9334.899623			9327.780083999998	9334.895392999999			3.0		0.0	2.0					
9338.92	11.834999999999127	trials	3.0	9346.63893	9348.235422	9349.742386999998	9350.153623999999	9346.041712999999	9348.94377			2.0	1.0	0.0	3.0					
9352.136	35.17399999999907	trials	3.0	9380.067716	9381.669140999998	9384.288676999999	9384.504020999999	9379.23194	9382.343115	9384.96	9387.31	3.0	2.0	1.0	1.0					
9391.395	42.35999999999876	trials	3.0	9427.974176999998	9429.645614	9431.820898999998	9431.938607999999	9427.442405	9430.153391999998	9432.466	9433.755	3.0	2.0	1.0	1.0					
9435.775	20.720000000001164	trials	3.0	9451.8642	9453.357505999998	9456.13667	9456.315413999999	9451.361233	9454.047928999998			2.0	2.0	0.0	3.0					
9459.565	12.125	trials	3.0	9466.743032999999	9468.754475	9470.787731999999	9471.691809	9466.237119	9469.371654999999			3.0	2.0	0.0	3.0					
9473.25	16.770000000000437	trials	3.0	9482.408159999999	9483.708606999999	9485.741799	9485.799273999999	9481.588941999998	9484.317753			3.0	2.0	0.0	3.0					
9490.115	11.594999999999345	trials	3.0	9495.672818	9497.721839	9499.129124	9499.336221	9494.820294	9498.38157			2.0	1.0	0.0	3.0					
9502.596	13.924000000000888	trials	3.0	9508.778488999998	9509.995216	9514.225079	9514.431954	9507.949838999999	9513.356634	9514.915	9516.52	2.0	1.0	1.0	1.0					
9519.59	21.354999999999563	trials	3.0	9536.338343	9538.310778	9540.535813999999	9540.692415	9535.745975999998	9539.167257			2.0	1.0	0.0	3.0					
9545.02	7.994999999998981	trials	3.0	9548.043212999999	9549.347689999999	9551.108957999999	9551.288681999999	9547.350779999999	9550.410727999999	9551.715	9553.015	2.0	1.0	1.0	1.0					
9555.107	19.82300000000032	trials	3.0	9566.133203	9567.630566999998	9572.992678999999	9574.933432999998	9565.18422	9571.123576999998			3.0	2.0	0.0	3.0					
9576.47	13.445000000001528	trials	3.0	9586.069677	9588.035291999999	9589.378214999999	9589.916308999998	9585.185857999999	9588.542501999998			3.0	1.0	0.0	3.0					
9591.795	16.329999999999927	trials	3.0	9603.27875	9604.750162999999	9607.085765999998	9607.257242999998	9602.601863	9606.403982999998			2.0	1.0	0.0	3.0					
9610.491	21.689000000000306	trials	3.0	9627.819485	9628.605919	9630.410118	9630.522824999998	9626.932508	9628.601219999999			3.0		0.0	2.0					
9632.695	12.630000000001019	trials	3.0	9638.083933999998	9640.142528999999	9642.900626999999	9643.172043999999	9637.539153	9641.966176999998			3.0	2.0	0.0	3.0					
9647.261	11.144000000000233	trials	3.0	9652.765400999999	9654.905423999999	9656.539708999999	9656.692509999999	9652.06303	9655.617315	9657.19	9658.405	2.0	1.0	1.0	1.0					
9661.45	16.679000000000087	trials	3.0	9674.093477999999	9675.623287999999	9677.789577	9677.945420999999	9673.097769999998	9677.083571			2.0	1.0	0.0	3.0					
9681.206	38.568999999999505	trials	3.0	9715.445570999998	9716.913567	9719.301040999999	9719.761225999999	9714.585878999998	9718.458274999999			3.0	1.0	0.0	3.0					
9721.765	14.780000000000655	trials	3.0	9731.049147	9732.440615	9734.645896999999	9734.817318	9730.462754999999	9733.332251999998			2.0	1.0	0.0	3.0					
9737.08	8.390999999999622	trials	3.0	9740.515797999999	9742.609213999998	9744.604604999999	9745.470771999999	9739.713618	9743.069362999999			3.0	2.0	0.0	3.0					
9747.965	39.23500000000058	trials	3.0	9782.799265999998	9783.915932999998	9786.834433999999	9787.025672	9781.908183	9784.765125999998			3.0	2.0	0.0	3.0					
9789.28	5.404999999998836	trials	3.0	9791.084727	9792.932744999998	9793.926087	9794.686086	9790.103996999998	9793.04403			2.0	1.0	0.0	3.0					
9797.33	6.135000000000218	trials	3.0	9798.976131	9800.420741999998	9801.714092999999	9801.84764	9797.898403	9800.990063	9802.355	9803.465	2.0	1.0	1.0	1.0					
9807.52	23.170000000000073	trials	3.0	9824.374515	9826.044113	9828.793319999999	9828.956098999999	9823.656927	9826.708659999998	9829.485	9830.69	3.0	2.0	1.0	1.0					
9834.801	15.984000000000378	trials	3.0	9845.994799999999	9847.736958	9848.705949	9848.916094999999	9845.099032999999	9847.762786	9849.511	9850.785	2.0	1.0	1.0	1.0					
9854.918	74.83200000000033	BlockDesign														1.0	142.0	146.0	0.0	0.0
9854.918	10.79700000000048	trials	4.0	9862.294699999999	9863.497386	9865.051962	9865.200569999999	9861.733208999998	9864.155604			2.0	1.0	0.0	3.0					
9869.471	8.834000000000742	trials	4.0	9871.384913	9872.788274999999	9874.375116	9874.899463999998	9870.055799	9873.528371999999			2.0	1.0	0.0	3.0					
9878.81	6.235000000000582	trials	4.0	9880.339457999999	9881.945445	9883.128018	9883.28906	9878.306364	9882.426475999999			2.0	1.0	0.0	3.0					
9887.551	30.759000000000015	trials	4.0	9913.726503	9915.346473	9917.898932999999	9918.244478999999	9912.901407	9915.880781999998			2.0	2.0	0.0	3.0					
9922.33	7.420000000000073	trials	4.0	9924.249923	9926.192057999999	9929.370749	9929.752930999999	9923.054148	9928.500109999999			2.0	1.0	0.0	3.0					
9934.205	223.5049999999992	BlockDesign														1.0	147.0	151.0	0.0	0.0
9934.205	13.534999999999854	trials	5.0	9936.150608	9937.814182999999	9943.821596	9945.214323999999	9934.547735999999	9939.796455			3.0	2.0	0.0	3.0					
9948.275	7.329999999999927	trials	5.0	9950.635266	9951.916756999999	9954.007647999999	9955.605383999999	9949.643709	9952.864373999999			3.0	2.0	0.0	3.0					
9959.496	168.12900000000081	trials	5.0	10088.316077	10089.514346999998	10127.210991999998	10127.626853999998	10087.746056999998	10090.957427			3.0	1.0	0.0	3.0					
10130.61	11.949999999998909	trials	5.0	10139.361275	10140.557496	10141.856054999998	10142.562087999999	10138.818619	10141.081812999999			3.0	2.0	0.0	3.0					
10146.265	11.444999999999709	trials	5.0	10152.852555	10154.688207	10157.621066	10158.847839999999	10151.989775999999	10155.997405999999			3.0	2.0	0.0	3.0					
10162.055	877.0949999999993	BlockDesign														1.0	152.0	200.0	50.0	50.0
10162.055	7.90599999999904	trials	6.0	10164.057772999999	10165.608207	10168.977190999998	10169.782643999999	10162.698746999999	10167.831338			3.0	2.0	0.0	3.0					
10173.05	30.090000000000146	trials	6.0	10197.821581999999	10198.934921	10200.564446999999	10200.721798999999	10197.156454999998	10199.855669999999			2.0	1.0	0.0	3.0					
10203.875	19.1299999999992	trials	6.0	10217.201405999998	10218.438347	10221.140592	10221.373039999999	10216.606860999998	10220.30429	10221.801	10223.005	2.0	1.0	1.0	1.0					
10225.045	33.70000000000073	trials	6.0	10255.421325	10256.743482			10254.497618	10256.73165			3.0		0.0	2.0					
10260.821	32.80400000000009	trials	6.0	10289.433135	10290.874361999999	10291.779946999999	10291.958088	10288.508593999999	10291.154426	10292.565	10293.625	2.0	1.0	1.0	1.0					
10296.645	27.31499999999869	trials	6.0	10319.066984	10320.815944999998	10322.129840999998	10322.352461999999	10318.459325	10320.960914	10322.78	10323.96	3.0	2.0	1.0	1.0					
10327.98	28.045000000000073	trials	6.0	10351.386735	10353.373719	10354.94888	10355.095261999999	10350.795418999998	10354.217063			2.0	1.0	0.0	3.0					
10357.37	5.204999999999927	trials	6.0	10359.237196999999	10360.493916			10357.749946999998	10360.487936999998			3.0		0.0	2.0					
10364.64	15.864999999999782	trials	6.0	10371.728505	10372.930354999999	10376.163314	10377.285421999999	10370.85905	10375.348495999999			2.0	1.0	0.0	3.0					
10380.581	7.805000000000291	trials	6.0	10382.372143999999	10384.013341999998	10385.104502999999	10385.306787	10380.50749	10384.42623			3.0	1.0	0.0	3.0					
10388.455	7.890999999999622	trials	6.0	10391.551942999999	10392.777381	10394.479745999999	10394.706097999999	10390.715068	10393.837037	10395.261	10396.346	2.0	1.0	1.0	1.0					
10399.405	35.469999999999345	trials	6.0	10430.662235999998	10431.803683999999	10433.041684999998	10433.103283999999	10429.797546	10431.950632999999	10433.755	10434.875	3.0	2.0	1.0	1.0					
10436.96	14.580000000001746	trials	6.0	10446.872307999998	10448.204423	10450.801572999999	10451.5425	10446.346742999998	10448.200004999999			3.0		0.0	2.0					
10454.221	7.7740000000012515	trials	6.0	10456.782862999999	10458.728102	10461.693082999998	10462.001752999999	10455.886971	10458.714280999999			2.0		0.0	2.0					
10463.778	24.217000000000553	trials	6.0	10482.592497	10484.064519	10485.972714	10486.241933	10481.786814	10484.605001	10486.805	10487.995	3.0	2.0	1.0	1.0					
10490.12	14.875	trials	6.0	10500.242762999998	10500.804982999998			10499.279712	10500.79863			2.0		0.0	2.0					
10505.965	9.194999999999709	trials	6.0	10510.747472	10510.780085999999			10510.149189	10510.762198999999			3.0		0.0	2.0					
10515.88	15.285000000001673	trials	6.0	10526.097177	10527.673802	10529.251543999999	10529.532002999998	10525.100133	10528.276747999998	10529.92	10531.165	3.0	2.0	1.0	1.0					
10534.225	13.654999999998836	trials	6.0	10542.317876	10544.149636999999	10545.457767	10545.533829	10541.402214	10544.630944999999	10546.465	10547.88	3.0	2.0	1.0	1.0					
10551.895	45.54500000000007	trials	6.0	10592.927903999998	10594.109881999999	10596.636059999999	10597.17801	10592.265408	10595.711829999998			2.0	1.0	0.0	3.0					
10601.101	5.933999999999287	trials	6.0	10603.003193999999	10604.034931999999	10605.193417999999	10605.372636	10602.470372	10604.530616	10605.795	10607.035	2.0	1.0	1.0	1.0					
10609.053	26.08300000000054	trials	6.0	10630.309454999999	10631.939879	10634.178326	10635.141918	10629.37616	10632.77003			2.0	1.0	0.0	3.0					
10636.653	5.2520000000004075	trials	6.0	10638.252933	10639.605155	10640.916147	10641.803874	10636.686953999999	10639.773575			2.0	2.0	0.0	3.0					
10643.339	5.320999999999913	trials	6.0	10644.934667999998	10646.521157	10647.822965	10648.666448	10644.031953	10646.892172999998			3.0	2.0	0.0	3.0					
10650.245	10.555999999998676	trials	6.0	10656.479984999998	10658.424643999999	10659.550142	10660.804028999999	10655.726548999999	10658.726536999999			3.0	2.0	0.0	3.0					
10663.971	19.363999999999578	trials	6.0	10677.588197	10679.023036999999	10681.538933	10681.719959999999	10677.074063	10680.801249999999			2.0	1.0	0.0	3.0					
10685.015	7.405000000000655	trials	6.0	10688.949621	10690.945676	10691.933852999999	10692.138749	10688.048272999999	10691.327393			2.0	1.0	0.0	3.0					
10695.365	6.675000000001091	trials	6.0	10697.262819	10699.179682999998	10700.294897	10700.447778	10696.579279999998	10699.577387	10700.99	10702.04	2.0	1.0	1.0	1.0					
10704.168	14.211999999999534	trials	6.0	10715.743406	10715.772146			10714.760419999999	10715.760187999998			2.0		0.0	2.0					
10719.875	11.389999999999418	trials	6.0	10726.618631	10727.973719	10730.771320999998	10731.269552999998	10726.112319	10729.323724999998			3.0	1.0	0.0	3.0					
10734.235	6.029999999998836	trials	6.0	10735.748423	10736.920418	10738.475825999998	10738.579547	10735.02739	10737.57165	10739.27	10740.265	3.0	2.0	1.0	1.0					
10744.355	48.93500000000131	trials	6.0	10787.804660999998	10789.866872999999	10791.392888999999	10791.658715999998	10786.961911999999	10790.022092	10792.235	10793.29	3.0	2.0	1.0	1.0					
10795.315	16.195999999999913	trials	6.0	10807.838595	10809.439090999998	10810.996706999998	10811.517906	10807.159436999998	10810.314730999999			2.0	1.0	0.0	3.0					
10813.401	7.46900000000096	trials	6.0	10815.388487999999	10816.735905	10818.151544999999	10818.668189999999	10813.583943999998	10817.463350999999			2.0	1.0	0.0	3.0					
10821.512	23.07799999999952	trials	6.0	10837.819302	10838.84544	10841.385827999999	10842.349392	10837.110299	10839.439456999999			2.0	2.0	0.0	3.0					
10845.855	7.600000000000364	trials	6.0	10847.654078	10849.587645	10851.345683	10851.460841999999	10844.595029999999	10850.150961	10852.16	10853.455	3.0	2.0	1.0	1.0					
10856.475	12.799999999999272	trials	6.0	10863.199300999999	10865.192036999999	10868.892404999999	10869.156878	10862.688184999999	10866.447681999998			3.0	2.0	0.0	3.0					
10871.353	12.627000000000407	trials	6.0	10877.928694999999	10879.263052999999	10882.901499	10883.343969	10877.123114999999	10882.03395			3.0	1.0	0.0	3.0					
10887.81	6.985000000000582	trials	6.0	10889.739367999999	10891.225218	10892.805682999999	10893.059265	10889.016253999998	10891.921578	10893.59	10894.795	3.0	2.0	1.0	1.0					
10897.95	16.44499999999971	trials	6.0	10908.178718	10909.430597999999	10912.665731	10912.815728999998	10907.175338	10911.807485	10913.365	10914.395	2.0	1.0	1.0	1.0					
10916.48	15.010000000000218	trials	6.0	10924.349246999998	10925.906348999999	10929.342161999999	10929.403525999998	10923.837762	10928.481227999999	10930.075	10931.49	3.0	2.0	1.0	1.0					
10935.645	10.115999999999985	trials	6.0	10941.159926999999	10941.166465999999			10940.618752999999	10943.694908					0.0	2.0					
10947.315	10.40599999999904	trials	6.0	10950.489817999998	10952.071182	10954.422174	10954.840938	10949.918043	10953.281254			2.0	1.0	0.0	3.0					
10957.835	6.895000000000437	trials	6.0	10959.724268999998	10961.640614999998	10962.891188999998	10963.2269	10957.728583999999	10962.249296999998	10963.825	10964.73	2.0	1.0	1.0	1.0					
10966.81	11.694999999999709	trials	6.0	10972.344496999998	10974.237399999998	10976.130971999999	10976.164137	10971.799825999999	10975.291317	10976.737	10978.505	3.0	2.0	1.0	1.0					
10981.59	12.729999999999563	trials	6.0	10988.414981999998	10990.263460999999	10992.477008999998	10992.605898	10987.725144	10991.673642	10993.29	10994.32	2.0	1.0	1.0	1.0					
10996.341	16.513999999999214	trials	6.0	11008.579571999999	11010.621141	11012.455253	11012.776721999999	11007.699736999999	11011.283915			2.0	1.0	0.0	3.0					
11015.92	5.7450000000008	trials	6.0	11017.839498	11019.318473	11020.686572999999	11020.740145	11016.384477	11019.70769			3.0	2.0	0.0	3.0					
11023.115	16.034999999999854	trials	6.0	11034.860336	11036.796201	11039.097802999999	11039.564021999999	11034.04235	11037.483065999999			3.0	1.0	0.0	3.0					
11042.56	846.0259999999998	BlockDesign														1.0	201.0	264.0	10.0	50.0
11042.56	4.145000000000437	trials	7.0	11044.129887	11044.621677			11042.304854999998	11044.617863			1.0		0.0	2.0					
11049.715	13.104999999999563	trials	7.0	11056.179275999999	11057.856279	11059.373070999998	11059.581317999999	11055.406323	11058.734854999999			1.0	1.0	0.0	3.0					
11063.89	6.871000000001004	trials	7.0	11065.869807	11067.186101	11068.817936	11068.971891	11062.825784999999	11068.089965	11069.48	11070.761	1.0	2.0	1.0	1.0					
11072.875	8.5	trials	7.0	11077.334744999998	11078.747909999998	11080.576448	11081.379995	11076.502448	11079.861887			1.0	2.0	0.0	3.0					
11084.005	6.165000000000873	trials	7.0	11085.989964999999	11087.608102999999	11089.074016999999	11089.263732	11084.417953999999	11088.372678			1.0	1.0	0.0	3.0					
11091.515	5.895000000000437	trials	7.0	11094.231163999999	11095.631426999998	11097.078677	11097.292979999998	11093.655308	11096.471747			1.0	1.0	0.0	3.0					
11101.487	10.728000000000975	trials	7.0	11106.240265999999	11107.438112	11110.280074999999	11110.558006	11105.35652	11109.495626999998	11110.965	11112.215	1.0	2.0	1.0	1.0					
11115.23	10.274000000001251	trials	7.0	11121.039961999999	11122.308861	11125.098367999999	11125.480506999998	11120.182132999998	11124.202760999999			1.0	1.0	0.0	3.0					
11127.449	6.8989999999994325	trials	7.0	11130.289883	11132.148087	11133.860456999999	11134.349264999999	11129.312098999999	11133.169773			1.0	1.0	0.0	3.0					
11136.341	6.97899999999936	trials	7.0	11138.565386999999	11140.176562999999	11141.592311999999	11141.755706	11137.985822999999	11140.962652999999	11142.285	11143.32	1.0	1.0	1.0	1.0					
11146.34	12.046000000000276	trials	7.0	11152.424992999999	11153.83425	11157.661106	11158.362513	11151.908345	11156.229345			1.0	2.0	0.0	3.0					
11160.401	6.863999999999578	trials	7.0	11162.030827999999	11163.417866	11166.617000999999	11167.273521	11161.450706	11164.978593			1.0	2.0	0.0	3.0					
11170.982	8.938000000000102	trials	7.0	11175.514781999998	11176.563326	11179.475155999999	11179.927076	11174.852515999999	11178.759526999998			1.0	1.0	0.0	3.0					
11182.846	8.319000000001324	trials	7.0	11187.04524	11188.69062	11190.770664	11191.144354999999	11186.329526999998	11189.825609			1.0	2.0	0.0	3.0					
11194.176	25.364000000001397	trials	7.0	11213.215247999999	11214.707092999999	11217.713381	11217.779582	11212.394284999998	11216.754006	11218.395	11219.54	1.0	2.0	1.0	1.0					
11223.685	18.94499999999971	trials	7.0	11237.155781	11238.581413999998	11240.587771999999	11240.809415	11236.180547	11239.241344999999	11241.29	11242.63	1.0	2.0	1.0	1.0					
11245.683	21.82799999999952	trials	7.0	11260.455783	11261.582492999998	11264.291378999998	11264.914590999999	11259.469498999999	11262.207005			1.0	2.0	0.0	3.0					
11267.75	5.470999999999549	trials	7.0	11269.635278999998	11271.640596	11272.823455	11272.959158	11267.517791999999	11272.050455999999			1.0	1.0	0.0	3.0					
11275.226	15.333999999998923	trials	7.0	11284.022077999998	11285.652773999998	11288.701826999999	11288.913588	11283.063879	11287.653435	11289.365	11290.56	1.0	2.0	1.0	1.0					
11294.655	16.68499999999949	trials	7.0	11302.385288999998	11303.577588	11309.991143	11310.116333999998	11301.809185999999	11305.75851			1.0	1.0	0.0	3.0					
11312.48	6.1159999999999854	trials	7.0	11314.080661999998	11316.040915999998	11318.247744999999	11318.513686999999	11313.069214	11316.45924			1.0	2.0	0.0	3.0					
11320.64	7.335000000000946	trials	7.0	11324.316351	11325.772686999999	11327.586734999999	11327.957541	11323.335046	11326.431179			1.0	2.0	0.0	3.0					
11329.985	11.0	trials	7.0	11337.20157	11338.500713	11340.567969	11340.994552	11336.508876999998	11339.658318999998			1.0	1.0	0.0	3.0					
11344.0	33.54000000000087	trials	7.0	11372.316218999998	11373.524169999999	11375.702291999998	11376.143726999999	11371.487180999999	11375.020254			1.0	1.0	0.0	3.0					
11378.11	7.940999999998894	trials	7.0	11380.607275999999	11381.974095	11383.990211999999	11384.171897999999	11380.001704999999	11382.708832999999	11384.685	11386.051	1.0	2.0	1.0	1.0					
11390.096	15.029000000000451	trials	7.0	11399.201416999998	11400.534609999999	11402.972150999998	11403.21459	11398.582077	11401.384487	11403.67	11405.125	1.0	2.0	1.0	1.0					
11408.25	15.090000000000146	trials	7.0	11417.236341	11418.712658999999	11421.457868999998	11421.665877	11416.700453999998	11419.406648999999	11422.165	11423.34	1.0	2.0	1.0	1.0					
11425.356	13.210000000000946	trials	7.0	11430.425959	11432.220056999999	11436.614043	11436.813149999998	11429.869647	11433.942869999999	11437.16	11438.566	1.0	2.0	1.0	1.0					
11442.585	10.386000000000422	trials	7.0	11448.076351	11449.467114	11452.18204	11452.978909999998	11447.279539	11450.693780999998			1.0	2.0	0.0	3.0					
11455.59	9.180000000000291	trials	7.0	11458.151537999998	11459.580295	11464.378294999999	11464.742790999999	11457.150956	11461.694033			1.0	2.0	0.0	3.0					
11468.84	8.780000000000655	trials	7.0	11471.636233	11473.613631	11476.412591999999	11477.626408999999	11470.652317999999	11475.606442999999			1.0	1.0	0.0	3.0					
11478.78	12.074999999998909	trials	7.0	11482.821537	11484.820337	11487.493144999999	11490.301501999998	11481.823741	11486.650806			1.0	1.0	0.0	3.0					
11491.949	6.930999999998676	trials	7.0	11493.491541	11495.537842	11497.025168	11497.277640999999	11492.754310999999	11495.828586			1.0	2.0	0.0	3.0					
11501.435	17.25	trials	7.0	11511.871654999999	11513.543211	11517.699555	11518.695699999998	11511.057959999998	11515.458326			1.0	2.0	0.0	3.0					
11520.114	7.640999999999622	trials	7.0	11522.766076999998	11524.297811999999	11527.270403999999	11527.763341999998	11522.043827999998	11526.171772			1.0	1.0	0.0	3.0					
11529.678	7.192000000000917	trials	7.0	11532.242025	11534.125187999998	11535.570195999999	11535.682412999999	11531.247845999998	11534.911043999999			1.0	1.0	0.0	3.0					
11540.041	13.689000000000306	trials	7.0	11548.787204999999	11550.325874999999	11552.655977999999	11552.92211	11547.895014	11551.174465999999			1.0	2.0	1.0	1.0					
11558.387	11.002999999998792	trials	7.0	11563.016341999999	11564.547095999998	11567.206052999998	11567.428037	11562.203328	11565.276888999999	11567.85	11569.39	1.0	2.0	1.0	1.0					
11572.475	11.010000000000218	trials	7.0	11577.52336	11578.920506999999	11581.539966999999	11581.670726999999	11576.7892	11580.14343	11582.25	11583.485	1.0	2.0	1.0	1.0					
11587.574	12.956000000000131	trials	7.0	11593.011644999999	11594.866066999999	11597.230700999999	11598.001108999999	11592.212690999999	11595.717014999998			1.0	2.0	0.0	3.0					
11600.63	5.669000000001688	trials	7.0	11602.483559999999	11604.027920999999	11605.876408999999	11605.993526999999	11600.540276	11605.060425			1.0	1.0	0.0	3.0					
11608.23	6.550000000001091	trials	7.0	11610.331955	11611.639898	11613.741918	11614.790885999999	11609.637698999999	11612.163444999998			1.0	2.0	0.0	3.0					
11616.1	11.954999999999927	trials	7.0	11621.942266999999	11623.218421999998	11627.030423999999	11628.063656999999	11621.330720999998	11626.059914999998			1.0	2.0	0.0	3.0					
11629.515	7.790000000000873	trials	7.0	11631.432117999999	11633.048599	11636.848172999998	11637.316589999999	11630.427625999999	11634.383813999999			1.0	1.0	0.0	3.0					
11641.381	6.314000000000306	trials	7.0	11642.938438	11644.838749999999	11646.491976	11646.732858	11641.708078	11645.741536999998			1.0	1.0	0.0	3.0					
11650.835	9.450000000000728	trials	7.0	11654.766957	11656.019784	11658.843291	11660.294183999998	11654.192325	11657.44182			1.0	2.0	0.0	3.0					
11661.25	7.854999999999563	trials	7.0	11662.792141999998	11664.706411	11667.275588999999	11667.50253	11661.628257999999	11665.996301	11668.07	11669.105	1.0	2.0	1.0	1.0					
11672.126	9.203999999999724	trials	7.0	11676.197685	11678.177709	11680.349731999999	11681.34102	11675.322407	11678.91888			1.0	2.0	0.0	3.0					
11683.74	8.560999999999694	trials	7.0	11686.426904	11687.614415999999	11691.540142999998	11691.783575	11685.650677999998	11689.32996			1.0	2.0	0.0	3.0					
11696.31	10.569999999999709	trials	7.0	11700.977001	11702.914120999998	11705.697493	11706.241535	11700.300548	11704.861142999998			1.0	1.0	0.0	3.0					
11709.06	6.725000000000364	trials	7.0	11710.617721999999	11711.801986999999	11714.224751	11714.692487999999	11709.851944999999	11713.492256999998			1.0	1.0	0.0	3.0					
11717.639	5.46100000000115	trials	7.0	11719.141984999998	11720.67872	11722.760868	11722.932421999998	11718.388346	11721.298595999999			1.0	2.0	0.0	3.0					
11725.173	19.576999999999316	trials	7.0	11733.877385	11735.052575999998	11743.387077	11743.524424	11733.136251	11740.743590999999			1.0	2.0	0.0	3.0					
11746.79	8.805999999998676	trials	7.0	11748.837350999998	11750.421323999999	11753.855156999998	11754.123452	11748.234676999999	11752.413972999999	11754.74	11755.596	1.0	2.0	1.0	1.0					
11759.685	9.505000000001019	trials	7.0	11763.037612999999	11764.450010999999	11767.160834999999	11767.417319999999	11762.290329	11765.819425	11767.855	11769.19	1.0	2.0	1.0	1.0					
11773.25	12.079999999999927	trials	7.0	11778.642442999999	11779.894156999999	11782.906934999999	11783.225966999998	11778.017698	11781.305258999999	11783.63	11785.33	1.0	2.0	1.0	1.0					
11788.455	13.274999999999636	trials	7.0	11794.278067	11796.106095	11798.755987999999	11799.724860999999	11793.448293	11797.122787999999			1.0	2.0	0.0	3.0					
11802.22	7.541000000001077	trials	7.0	11804.088002999999	11805.706821	11807.819829	11808.024706	11801.738124	11806.324761	11808.551	11809.761	1.0	2.0	1.0	1.0					
11811.78	12.230999999999767	trials	7.0	11818.368024	11819.604271	11822.608946999999	11824.019495999999	11817.651818999999	11821.019874			1.0	2.0	0.0	3.0					
11825.014	8.037000000000262	trials	7.0	11827.753252999999	11829.169687999998	11832.304775999999	11833.059551999999	11827.079891	11831.325357			1.0	1.0	0.0	3.0					
11834.722	7.618000000000393	trials	7.0	11836.582918999999	11837.788043999999	11840.445779	11840.667139	11835.838704999998	11839.073339999999	11841.12	11842.34	1.0	2.0	1.0	1.0					
11844.36	16.049999999999272	trials	7.0	11851.212914	11853.059519999999	11858.273888	11858.494662	11850.628310999999	11856.792587	11858.945	11860.41	1.0	2.0	1.0	1.0					
11863.496	10.634000000000015	trials	7.0	11869.012782999998	11870.424149999999	11873.045208	11873.394820999998	11868.33881	11871.443425999998			1.0	2.0	1.0	1.0					
11876.671	11.914999999999054	trials	7.0	11884.672922999998	11885.724575999999	11888.469998999999	11889.190805999999	11884.139702999999	11886.947672999999			1.0	2.0	0.0	3.0					
11892.884	657.3310000000001	BlockDesign														1.0	265.0	304.0	50.0	10.0
11892.884	6.370999999999185	trials	8.0	11894.538994999999	11896.301678	11898.908934	11899.17241	11893.100740999998	11897.417177			1.0	2.0	0.0	3.0					
11902.265	39.63000000000102	trials	8.0	11935.788723	11937.545213999998	11938.692304	11938.728516	11935.093391999999	11937.905706			1.0	2.0	0.0	3.0					
11942.043	5.707000000000335	trials	8.0	11944.123375	11945.155471999999	11946.631528999998	11947.759226999999	11941.904427	11945.863247			1.0	2.0	0.0	3.0					
11949.06	7.235000000000582	trials	8.0	11951.564987999998	11953.012313	11955.902855999999	11956.103200999998	11950.816326	11954.569182			1.0	2.0	0.0	3.0					
11959.378	12.876999999998588	trials	8.0	11964.903779999999	11966.841269999999	11970.418124	11970.455987	11964.162037999999	11969.595598999998			1.0	2.0	0.0	3.0					
11972.815	7.18999999999869	trials	8.0	11974.744168	11976.570908999998	11978.763519	11980.017716999999	11974.133795999998	11977.715150999999			1.0	2.0	0.0	3.0					
11981.17	7.4099999999998545	trials	8.0	11983.750017999999	11985.005478	11986.867617	11987.035528999999	11983.143186	11986.143122999998	11987.676	11988.58	1.0	1.0	1.0	1.0					
11990.716	37.08899999999994	trials	8.0	11998.034153999999	11999.759039999999	12026.582681	12027.814953	11997.144586999999	12001.298665999999			1.0	2.0	0.0	3.0					
12028.971	7.954999999999927	trials	8.0	12030.853755	12032.805488999998	12035.077881	12035.483683999999	12030.112453	12033.664325			1.0	2.0	0.0	3.0					
12039.466	22.939000000000306	trials	8.0	12041.459003999998	12042.580236999998	12059.864409999998	12060.377242999999	12036.934218999999	12050.550815999999			1.0	1.0	0.0	3.0					
12064.215	17.360000000000582	trials	8.0	12076.150655	12077.980344	12080.922806999999	12081.587402	12075.624968999999	12078.491987			1.0	2.0	0.0	3.0					
12084.346	13.220999999999549	trials	8.0	12092.643954	12094.549313	12097.10118	12097.517775999999	12092.108242999999	12095.669117999998			1.0	2.0	0.0	3.0					
12099.511	65.17900000000009	trials	8.0	12157.329539999999	12158.843856	12164.258966999998	12164.701421	12156.778503	12161.571734			1.0	2.0	0.0	3.0					
12166.665	6.184999999999491	trials	8.0	12168.184186999999	12169.748438999999	12171.210618	12171.330704999998	12166.806969	12170.52866	12171.817	12172.85	1.0	1.0	1.0	1.0					
12176.965	7.343000000000757	trials	8.0	12180.879894	12182.116755	12183.839331	12184.3126	12179.951985	12183.108591			1.0	1.0	0.0	3.0					
12188.257	6.012000000000626	trials	8.0	12190.085083999998	12191.816642999998	12193.508253	12193.698229999998	12188.818722	12192.678667			1.0	1.0	0.0	3.0					
12195.936	10.793999999999869	trials	8.0	12202.28999	12204.198236	12206.317554	12206.741882999999	12201.740678999999	12205.558625			1.0	1.0	0.0	3.0					
12209.75	6.454999999999927	trials	8.0	12211.639449999999	12213.433786999998	12215.416120999998	12216.217332	12210.747658999999	12214.158266999999			1.0	2.0	0.0	3.0					
12219.89	15.739999999999782	trials	8.0	12227.825094	12229.801268	12233.906470999998	12234.202306	12227.210783999999	12231.236067999998	12234.846	12235.63	1.0	2.0	1.0	1.0					
12239.705	33.375	trials	8.0	12267.973281999999	12269.551852999999	12272.010951999999	12273.079398999998	12267.360519999998	12270.284934			1.0	2.0	0.0	3.0					
12275.433	5.966999999998734	trials	8.0	12277.171521999999	12278.563966	12279.596	12279.775647999999	12275.661302999999	12278.889564	12280.245	12281.4	1.0	1.0	1.0	1.0					
12283.486	16.268999999998414	trials	8.0	12294.916645	12296.889921999998	12299.31619	12299.754528	12294.289773999999	12298.372269			1.0	1.0	0.0	3.0					
12301.735	6.389999999999418	trials	8.0	12303.388264	12305.442114	12306.357231	12306.451374999999	12302.193037	12305.667486999999	12307.195	12308.125	1.0	1.0	1.0	1.0					
12310.207	11.013999999999214	trials	8.0	12315.631857999999	12317.84859	12319.356686	12319.534328999998	12314.718825	12318.569040999999	12320.06	12321.221	1.0	1.0	1.0	1.0					
12325.265	13.706000000000131	trials	8.0	12333.757108	12335.589493	12337.134977999998	12337.355284	12332.822784999998	12336.290031999999	12337.87	12338.971	1.0	1.0	1.0	1.0					
12343.03	11.154999999998836	trials	8.0	12346.917091	12348.649257	12350.881050999998	12350.922122999998	12346.207836	12349.789374999998			1.0	2.0	0.0	3.0					
12354.39	6.456000000000131	trials	8.0	12356.107533999999	12357.234252999999	12358.996686999999	12359.147121	12354.184806	12358.195017999999	12359.63	12360.846	1.0	1.0	1.0	1.0					
12363.865	10.680000000000291	trials	8.0	12368.543549999999	12370.078923	12372.431118999999	12372.648829	12367.751749	12371.274388	12373.275	12374.545	1.0	1.0	1.0	1.0					
12378.606	25.129000000000815	trials	8.0	12396.797451999999	12398.528413	12401.243545	12401.414809	12395.805006999999	12400.297204999999			1.0	2.0	0.0	3.0					
12404.68	6.904999999998836	trials	8.0	12406.582389	12407.964221999999	12409.127277	12409.251433	12403.734783999998	12408.420102999999	12409.77	12411.585	1.0	1.0	1.0	1.0					
12415.605	7.6159999999999854	trials	8.0	12417.933105999999	12419.805928	12421.147212999998	12421.529125	12417.024276999999	12420.427731999998	12421.905	12423.221	1.0	1.0	1.0	1.0					
12426.25	10.014999999999418	trials	8.0	12430.407561999999	12431.807841	12433.512739	12433.781259	12429.403746	12432.693680999999			1.0	1.0	0.0	3.0					
12437.905	7.974999999998545	trials	8.0	12439.577571999998	12441.549178	12442.495804999999	12442.950363999998	12436.264276999998	12441.820887			1.0	1.0	0.0	3.0					
12445.976	5.744999999998981	trials	8.0	12447.872871	12448.930929999999	12451.308836999999	12451.555269999999	12445.879599999998	12449.807866			1.0	2.0	0.0	3.0					
12453.73	24.88000000000102	trials	8.0	12474.612777999999	12476.292198	12478.125270999999	12478.609964	12474.099345999999	12477.428026			1.0	1.0	0.0	3.0					
12480.49	21.844999999999345	trials	8.0	12497.163039	12498.354958	12500.678677	12500.844308	12496.630691999999	12500.040624	12501.415	12502.335	1.0	1.0	1.0	1.0					
12505.36	7.6119999999991705	trials	8.0	12509.822966	12511.136384	12512.539771	12512.964102	12508.896337999999	12511.829571999999			1.0	1.0	0.0	3.0					
12516.905	14.329999999999927	trials	8.0	12525.207854999999	12526.369252999999	12529.616821	12529.834077	12524.659037	12528.101116			1.0	2.0	0.0	3.0					
12531.977	6.297999999998865	trials	8.0	12534.328062999999	12536.142799	12537.085133999999	12537.270272999998	12533.488441	12536.444458			1.0	1.0	1.0	1.0					
12541.671	8.543999999999869	trials	8.0	12547.248099999999	12548.480322	12550.132002999999	12550.525783	12546.549762999999	12549.313074			1.0	1.0	0.0	3.0					
12554.586	57.32900000000154	BlockDesign														1.0	305.0	309.0	0.0	0.0
12554.586	5.619000000000597	trials	9.0	12556.243306999999	12557.831155999998	12558.879432999998	12559.341789999999	12554.401912	12558.188637			1.0	1.0	0.0	3.0					
12562.325	6.310999999999694	trials	9.0	12564.264625999998	12565.641335999999	12566.676241	12566.780497	12562.638378	12566.028112999998			1.0	1.0	0.0	3.0					
12570.125	19.145000000000437	trials	9.0	12578.364527	12579.504577	12587.139604999998	12587.269267	12577.547439999998	12581.418624999998			1.0	1.0	0.0	3.0					
12590.655	6.5900000000001455	trials	9.0	12592.804893999999	12594.684588999999	12596.876037	12597.059823	12592.297422	12596.237271			1.0	1.0	0.0	3.0					
12600.31	11.605000000001382	trials	9.0	12606.653651999999	12608.633752	12611.506677	12611.917497999999	12605.919322999998	12610.449261999998			1.0	1.0	0.0	3.0					
12615.94	357.5799999999999	BlockDesign														1.0	310.0	332.0	50.0	90.0
12615.94	5.469999999999345	trials	10.0	12617.748173	12619.365435	12620.331516999999	12620.571192	12614.814852	12619.719765			1.0	1.0	0.0	3.0					
12623.75	25.784999999999854	trials	10.0	12641.543307999998	12643.333684	12647.746320999999	12647.964453999999	12640.913688999999	12645.780232	12648.475	12649.535	1.0	2.0	1.0	1.0					
12652.64	13.840000000000146	trials	10.0	12660.088211999999	12661.307020999999	12663.854003999999	12664.108879	12659.461705	12662.468969	12664.551	12666.48	1.0	2.0	1.0	1.0					
12670.5	10.80999999999949	trials	10.0	12674.658802	12676.299099999998	12679.392102	12679.605832	12674.053092999999	12676.860392999999	12680.085	12681.31	1.0	2.0	1.0	1.0					
12684.386	10.209999999999127	trials	10.0	12689.015107	12690.295280999999	12692.623176	12692.848360999998	12688.082199999999	12691.132415999999	12693.265	12694.596	1.0	2.0	1.0	1.0					
12697.61	13.299999999999272	trials	10.0	12702.313962999999	12703.524886	12706.022814	12706.311757	12701.747975999999	12704.447173999999	12706.755	12710.91	1.0	2.0	1.0	1.0					
12714.975	14.799999999999272	trials	10.0	12723.963971	12725.425238999998	12727.821887999999	12728.023903	12723.16195	12725.780766	12728.42	12729.775	1.0	2.0	1.0	1.0					
12733.815	11.829999999999927	trials	10.0	12739.128848999999	12740.432293	12742.460895999999	12742.726794999999	12738.44142	12741.44542	12743.221	12745.645	1.0	2.0	1.0	1.0					
12748.721	11.634000000000015	trials	10.0	12755.289094	12756.415647	12758.276864	12758.648506	12754.505032	12756.723933	12759.075	12760.355	1.0	2.0	1.0	1.0					
12764.441	7.833999999998923	trials	10.0	12767.184495	12768.356571999999	12770.010052	12770.244288999998	12766.322209999998	12768.883423	12770.685	12772.275	1.0	2.0	1.0	1.0					
12775.345	6.815000000000509	trials	10.0	12778.984241999999	12780.078484			12778.292849	12780.065942			1.0		0.0	2.0					
12784.169	16.131999999999607	trials	10.0	12785.869515999999	12787.688274999999	12798.392365	12798.585002999998	12780.997581	12791.606190999999	12799.105	12800.301	1.0	1.0	1.0	1.0					
12804.39	7.730000000001382	trials	10.0	12807.359403999999	12808.570414	12810.181191	12810.424395999999	12806.491961	12808.971276999999	12810.825	12812.12	1.0	2.0	1.0	1.0					
12816.21	9.890000000001237	trials	10.0	12820.519987	12821.991052	12823.38934	12823.843963	12819.657824999998	12822.359438	12826.085	12826.1	1.0	2.0	1.0	1.0					
12828.021	10.949999999998909	trials	10.0	12833.479737	12835.262374	12836.683925	12837.121680999999	12832.610164	12835.463107	12837.65	12838.971	1.0	2.0	1.0	1.0					
12840.99	14.719999999999345	trials	10.0	12850.059948999999	12851.941766999998			12849.433793999999	12851.933477999999			1.0		0.0	2.0					
12856.094	9.52100000000064	trials	10.0	12862.306384	12863.626105	12865.268365	12865.482154	12861.304498	12864.529589999998			1.0	1.0	0.0	3.0					
12867.69	25.18999999999869	trials	10.0	12887.634408	12889.371362999998	12890.665202999999	12890.95832	12886.744455999999	12889.673870999999	12891.505	12892.88	1.0	2.0	1.0	1.0					
12895.9	24.540000000000873	trials	10.0	12917.089402	12918.966739	12919.965441999999	12920.440782	12916.31116	12919.338579			1.0	1.0	0.0	3.0					
12922.315	4.735999999998967	trials	10.0	12924.035082999999	12925.551050999999	12926.698896	12926.892918	12922.996917999999	12925.884516999999			1.0	1.0	0.0	3.0					
12931.12	14.834999999999127	trials	10.0	12940.534849	12942.376443	12943.960734999999	12944.310974999999	12939.859398999999	12942.773743	12944.605	12945.955	1.0	2.0	1.0	1.0					
12950.046	6.7150000000001455	trials	10.0	12952.270444	12953.35695	12954.725647	12956.75959	12951.434887	12953.838693			1.0	2.0	0.0	3.0					
12957.213	16.3070000000007	trials	10.0	12967.726404	12969.057433	12971.271937	12971.702261999999	12967.077888	12969.851547999999	12972.015	12973.52	1.0	2.0	1.0	1.0					
12975.561	274.2039999999997	BlockDesign														1.0	333.0	355.0	90.0	50.0
12975.561	9.248999999999796	trials	11.0	12979.89562	12981.463316	12982.968669999998	12983.227954999998	12979.343772999999	12982.157092	12983.65	12984.81	1.0	1.0	1.0	1.0					
12988.83	29.8700000000008	trials	11.0	13012.719812	13014.314836	13015.470420999998	13015.526580999998	13011.942966999999	13014.762487			1.0	2.0	0.0	3.0					
13019.96	6.06000000000131	trials	11.0	13021.885215999999	13023.256845999998	13024.191574999999	13024.444554999998	13018.700152	13023.391817	13025.11	13026.02	1.0	1.0	1.0	1.0					
13030.04	7.744999999998981	trials	11.0	13033.175076	13035.035602	13036.98944	13037.788147	13032.349134999999	13035.47107			1.0	2.0	0.0	3.0					
13039.439	6.206000000000131	trials	11.0	13041.245496	13042.707642	13043.708745999998	13043.927592999999	13039.60833	13043.062354	13044.41	13045.645	1.0	1.0	1.0	1.0					
13048.705	8.465000000000146	trials	11.0	13053.322273	13054.462121999999	13056.432395999998	13056.770819	13052.520535	13055.636112999999			1.0	1.0	0.0	3.0					
13058.915	6.625	trials	11.0	13060.641910999999	13062.114894999999	13064.223005	13065.544009	13060.074446999999	13063.253795999999			1.0	2.0	0.0	3.0					
13067.696	8.899999999999636	trials	11.0	13071.285550999999	13072.561711999999	13074.823568999998	13075.02732	13070.592482999999	13073.962876	13075.475	13076.596	1.0	1.0	1.0	1.0					
13079.611	8.06499999999869	trials	11.0	13082.745633999999	13084.697472999998	13085.757886	13085.986389	13082.097376	13085.127015999999	13086.485	13087.676	1.0	1.0	1.0	1.0					
13090.735	10.30999999999949	trials	11.0	13095.780567	13098.257259999998	13100.357528999999	13100.434038	13094.936107	13098.687227999999			1.0	2.0	0.0	3.0					
13102.705	7.931000000000495	trials	11.0	13106.020999999999	13107.433330999998	13109.433771	13109.808055	13105.104992999999	13108.776077999999			1.0	1.0	1.0	1.0					
13113.14	15.319999999999709	trials	11.0	13123.146105	13124.287418999998	13126.509574	13126.734127	13122.258208	13125.775469999999	13127.23	13128.46	1.0	1.0	1.0	1.0					
13130.545	10.229999999999563	trials	11.0	13135.316464	13137.406749	13138.671897999999	13138.823298	13134.765747	13137.94848	13139.355	13140.775	1.0	1.0	1.0	1.0					
13144.52	9.539999999999054	trials	11.0	13148.920506999999	13150.554821	13152.089436999999	13152.238824	13147.937822999998	13151.348204999998	13152.81	13154.06	1.0	1.0	1.0	1.0					
13157.136	10.85399999999936	trials	11.0	13161.880899	13163.859792	13165.001924999999	13165.493418999999	13161.237717999998	13164.249366			1.0	1.0	0.0	3.0					
13169.479	6.016000000001441	trials	11.0	13171.255683	13172.658953999999	13173.696391	13173.871206	13167.993966999999	13172.994707	13174.386	13175.495	1.0	1.0	1.0	1.0					
13177.58	9.549999999999272	trials	11.0	13182.576082	13184.353146	13186.822187999998	13187.124710999999	13181.592706	13184.827233			1.0	2.0	0.0	3.0					
13189.14	6.485000000000582	trials	11.0	13191.356646999999	13192.481162999999	13193.729813999998	13193.947370999998	13190.616399999999	13192.975396	13194.45	13195.625	1.0	1.0	1.0	1.0					
13199.669	10.006999999999607	trials	11.0	13203.095549999998	13204.984588	13207.468513	13207.655475	13202.184247	13206.206052	13208.14	13209.676	1.0	1.0	1.0	1.0					
13211.823	5.938000000000102	trials	11.0	13215.741238999999	13215.753487999998			13214.909493	13215.746841999999			1.0		0.0	2.0					
13220.84	6.395000000000437	trials	11.0	13222.991854	13224.073029	13225.321727999999	13225.617011999999	13221.346897	13224.606886	13226.096	13227.235	1.0	1.0	1.0	1.0					
13230.295	7.934999999999491	trials	11.0	13233.506268	13234.674426	13236.214023999999	13236.390919	13232.711786	13235.363766999999	13236.96	13238.23	1.0	1.0	1.0	1.0					
13241.261	8.503999999998996	trials	11.0	13244.134269999999	13245.83295	13247.709417999999	13248.044418	13243.461938999999	13246.417834	13248.377	13249.765	1.0	1.0	1.0	1.0					
13251.79	289.3899999999994	BlockDesign														1.0	356.0	376.0	50.0	0.0
13251.79	9.484999999998763	trials	12.0	13256.558045999998	13258.023502	13259.094774	13259.291292	13255.813989999999	13258.325292	13259.81	13261.275	2.0	1.0	1.0	1.0					
13263.345	10.916000000001077	trials	12.0	13268.201390999999	13270.260805999998	13271.658531	13272.112834	13267.690070999999	13270.94571	13272.34	13274.261	2.0	1.0	1.0	1.0					
13277.295	10.71600000000035	trials	12.0	13281.416654999999	13283.394513	13284.782228	13285.275668999999	13280.592336	13283.999120999999			2.0	1.0	0.0	3.0					
13289.221	6.290000000000873	trials	12.0	13291.286578	13292.908366	13293.870906999999	13294.364759999999	13288.015774	13293.171181			2.0	1.0	0.0	3.0					
13296.354	7.282000000001062	trials	12.0	13298.536677	13300.448493999998	13301.771154999999	13302.050881	13297.960695999998	13301.114948999999	13302.581	13303.636	2.0	1.0	1.0	1.0					
13307.685	9.895000000000437	trials	12.0	13313.756199	13315.816674	13317.111667	13317.582339999999	13313.178337	13316.348388999999			2.0	1.0	0.0	3.0					
13320.466	5.9539999999997235	trials	12.0	13322.312014	13324.262987999999	13325.388407999999	13325.542297	13320.498016	13324.696979999999			2.0	1.0	0.0	3.0					
13327.883	8.326999999999316	trials	12.0	13330.616589	13332.677317	13334.235055	13334.465628999998	13329.970796999998	13333.580629	13334.92	13336.21	2.0	1.0	1.0	1.0					
13340.231	18.754000000000815	trials	12.0	13343.19241	13344.873457999998	13349.610009	13349.751777	13342.512487	13346.110821999999	13350.375	13358.985	2.0	1.0	1.0	1.0					
13362.005	9.6200000000008	trials	12.0	13366.841973999999	13368.447067	13369.359551	13369.555659	13366.086795	13368.499592999999			2.0	1.0	0.0	3.0					
13371.735	5.635000000000218	trials	12.0	13373.346247	13375.241992	13376.197105	13376.367020999998	13371.628031999999	13375.449772			2.0	1.0	1.0	1.0					
13379.831	14.074000000000524	trials	12.0	13390.471773	13391.906454999998	13393.471441999998	13393.907947	13389.566148999998	13392.628218999998			2.0	1.0	0.0	3.0					
13396.882	7.268000000000029	trials	12.0	13398.487011	13399.564262999998	13402.154023	13402.318664999999	13397.164299	13400.514777999999	13402.83	13404.15	2.0	1.0	1.0	1.0					
13406.201	11.949000000000524	trials	12.0	13412.591858	13414.499197	13416.226437	13416.390918	13412.009558999998	13415.472645	13417.055	13418.15	2.0	1.0	1.0	1.0					
13422.19	9.493999999998778	trials	12.0	13427.496903	13429.685478	13431.254974	13431.689572	13426.519756999998	13430.360717			2.0	1.0	0.0	3.0					
13433.676	8.574000000000524	trials	12.0	13435.247016	13436.993895	13440.947607999999	13441.352535999999	13434.672279999999	13440.124908			2.0	1.0	0.0	3.0					
13444.377	8.813000000000102	trials	12.0	13447.558479	13449.194088999999	13450.377300999999	13450.831607999999	13446.804341	13449.670155			2.0	1.0	0.0	3.0					
13454.86	5.299999999999272	trials	12.0	13456.417392	13458.154193999999			13453.196211999999	13458.142359			2.0		0.0	2.0					
13462.241	49.509000000000015	trials	12.0	13507.087266999999	13508.223618999999	13509.535623	13509.918778	13506.097275999999	13508.889347999999	13467.62	13511.75	2.0	1.0	1.0	1.0					
13513.842	11.692999999999302	trials	12.0	13522.232646999999	13523.254216	13525.125258	13525.527590999998	13521.693952	13524.342078999998			2.0	1.0	0.0	3.0					
13528.574	12.605999999999767	trials	12.0	13530.434396999999	13531.879155999999	13539.331446999999	13539.415137999998	13528.937177	13534.008762	13540.02	13541.18	2.0	1.0	1.0	1.0					
13544.21	882.9100000000017	BlockDesign														1.0	377.0	432.0	0.0	50.0
13544.21	11.670000000000073	trials	13.0	13552.277777	13553.799142			13551.395919999999	13553.793533			3.0		0.0	2.0					
13559.949	11.360999999998967	trials	13.0	13564.027908999999	13566.121901999999	13567.90994	13568.237100999999	13563.074802	13566.345270999998	13568.655	13571.31	3.0	2.0	1.0	1.0					
13573.402	10.673000000000684	trials	13.0	13578.572938	13580.618891999999	13582.864419	13584.080973	13578.018752999998	13581.324317999999			3.0	2.0	0.0	3.0					
13585.261	9.47400000000016	trials	13.0	13587.447982	13588.748192	13592.921903999999	13592.950647999998	13586.746973	13589.858966	13593.715	13594.735	3.0	2.0	1.0	1.0					
13596.871	38.03100000000086	trials	13.0	13632.144825	13633.334750999999	13634.429187	13634.908715	13631.163602999999	13633.718483999999			3.0	1.0	0.0	3.0					
13637.86	9.985999999998967	trials	13.0	13639.688289	13641.049384999998	13646.002218	13646.293923	13638.268477	13644.003752999999	13646.835	13647.846	3.0	2.0	1.0	1.0					
13650.007	11.497999999999593	trials	13.0	13658.173137	13659.504598	13661.055631	13661.208245	13657.246329999998	13659.495287999998			3.0		0.0	2.0					
13665.515	12.885000000000218	trials	13.0	13673.653642	13675.38445	13677.176049999998	13678.407632999999	13672.959918999999	13675.832034			3.0	2.0	0.0	3.0					
13679.59	6.2849999999998545	trials	13.0	13682.288504999999	13682.335272999999	13685.504213999999	13685.880522	13681.647837999999	13682.331009			3.0		0.0	2.0					
13688.424	34.45599999999831	trials	13.0	13717.663143	13718.772390999999	13720.894847	13721.067808	13716.967875999999	13719.450426	13721.78	13722.88	3.0	2.0	1.0	1.0					
13724.665	10.109999999998763	trials	13.0	13729.435011999998	13731.065616	13732.836754	13733.163622	13728.629077	13731.704001999999	13733.605	13734.775	3.0	2.0	1.0	1.0					
13737.933	11.311999999999898	trials	13.0	13743.784142999999	13745.337477	13747.107818999999	13747.400211999999	13742.793661	13745.711952			3.0	2.0	0.0	3.0					
13749.485	27.735999999998967	trials	13.0	13772.958263999999	13774.085281	13775.813224	13777.223501999999	13772.162518	13774.790448			3.0	2.0	0.0	3.0					
13780.17	24.659999999999854	trials	13.0	13781.833541999998	13783.820576999999	13802.456982	13802.863437	13780.839451	13784.174024999998			3.0	1.0	0.0	3.0					
13804.89	5.5900000000001455	trials	13.0	13806.828534999999	13808.331161999999			13804.833847	13808.320215			3.0		0.0	2.0					
13813.49	15.135000000000218	trials	13.0	13824.830956	13826.457556	13828.205202	13828.390816	13824.277494999998	13826.817036999999			3.0	2.0	0.0	3.0					
13831.67	17.25	trials	13.0	13844.348243999999	13845.95005	13848.514167	13848.924869999999	13843.76757	13845.941986			3.0		0.0	2.0					
13850.03	16.859999999998763	trials	13.0	13859.383575	13860.829977	13862.644014	13862.926591	13858.490286999999	13861.205337			3.0	2.0	0.0	3.0					
13867.075	6.680999999998676	trials	13.0	13871.185473	13872.440673	13873.268611	13873.741476	13870.655046	13872.606983999998			3.0	1.0	0.0	3.0					
13875.701	12.869000000000597	trials	13.0	13882.138909	13883.830597	13885.020009	13885.210217999998	13881.246667	13884.179865999999	13885.71	13888.57	3.0	2.0	1.0	1.0					
13892.586	8.354000000001179	trials	13.0	13895.713650999998	13897.164563999999	13898.804299	13898.836787999999	13894.720523999998	13897.661611	13899.565	13900.94	3.0	2.0	1.0	1.0					
13903.985	7.795000000000073	trials	13.0	13907.605422999999	13909.040775	13910.543103999998	13910.561690999999	13906.637304999998	13909.55914			3.0	2.0	0.0	3.0					
13912.91	4.415000000000873	trials	13.0	13914.664099	13915.750692	13916.97072	13917.097269999998	13913.199238	13916.239563			3.0	1.0	0.0	3.0					
13919.335	7.155000000000655	trials	13.0	13921.779869999998	13923.338700999999	13925.955872999999	13926.495447	13920.91327	13924.075291			3.0	2.0	0.0	3.0					
13928.375	11.595999999999549	trials	13.0	13936.178652999999	13937.318163999998	13939.529088	13939.979431	13935.433868999999	13938.778311999999			3.0	1.0	0.0	3.0					
13941.941	5.888999999999214	trials	13.0	13943.463846999999	13945.424098	13946.41354	13946.896336	13942.464723	13945.723176			3.0	1.0	0.0	3.0					
13949.89	13.005000000001019	trials	13.0	13958.138799999999	13960.208832999999	13961.742757	13961.800578999999	13957.424085999999	13960.810044999998			3.0	2.0	0.0	3.0					
13966.176	5.801000000001295	trials	13.0	13968.473718	13970.25103	13971.470892	13971.914136	13967.805117	13970.68836			3.0	1.0	0.0	3.0					
13974.905	42.815999999998894	trials	13.0	14013.829525	14015.761164	14016.987627999999	14017.433121999999	14013.259116	14016.276152999999			3.0	1.0	0.0	3.0					
14019.414	6.675999999999476	trials	13.0	14020.949747999999	14022.945876999998	14024.401305	14024.595459	14020.298481999998	14023.435993	14025.065	14026.09	3.0	2.0	1.0	1.0					
14028.11	13.215000000000146	trials	13.0	14036.839546	14038.796262	14040.972844	14041.275120999999	14035.888703999999	14039.073862			3.0	2.0	0.0	3.0					
14045.402	8.862999999999374	trials	13.0	14049.199735999999	14050.613894999999	14053.603131	14054.271417999998	14048.553499	14051.570142999999			3.0	2.0	0.0	3.0					
14056.075	4.259999999998399	trials	13.0	14057.839408	14058.901548999998	14059.992353999998	14060.216621	14056.689966999998	14059.288424999999			3.0	1.0	0.0	3.0					
14062.346	13.604000000001179	trials	13.0	14069.275119999998	14071.271862	14074.234923	14074.563027999999	14068.588371999998	14072.513316999999	14075.09	14075.95	3.0	2.0	1.0	1.0					
14079.039	12.895999999998821	trials	13.0	14084.561727999999	14086.188978999999	14088.043821	14089.184609999998	14083.795594	14086.535289			3.0	2.0	0.0	3.0					
14092.55	4.815000000000509	trials	13.0	14094.469965999999	14095.804612999998	14096.915348999999	14097.367731999999	14091.944244999999	14096.175242			3.0	1.0	0.0	3.0					
14099.351	4.443999999999505	trials	13.0	14100.869859999999	14102.349435	14103.330079	14103.593475999998	14099.786517999999	14102.653701			3.0	1.0	0.0	3.0					
14106.75	13.80999999999949	trials	13.0	14110.465014	14112.552263999998	14118.650844	14118.891096	14109.649646999998	14113.370394999998	14119.515	14120.56	3.0	2.0	1.0	1.0					
14122.595	12.320000000001528	trials	13.0	14127.085314999998	14128.88056	14134.499657999999	14134.913658	14126.274597	14133.014983			3.0	2.0	0.0	3.0					
14138.926	6.5789999999997235	trials	13.0	14141.896293	14143.426694999998			14140.903015	14143.423528			3.0		0.0	2.0					
14147.515	31.950000000000728	trials	13.0	14172.035338999998	14173.541409	14174.997918	14175.302195999999	14171.397980999998	14173.913444	14175.636	14179.465	3.0	2.0	1.0	1.0					
14182.558	12.816999999999098	trials	13.0	14191.530383	14193.036814	14194.977918999999	14195.308733999998	14190.627069999999	14193.116143			3.0	2.0	0.0	3.0					
14197.454	59.69100000000071	trials	13.0	14251.705517999999	14252.976827999999	14254.897533	14255.146068999999	14251.08176	14253.386387999999	14255.645	14257.145	3.0	2.0	1.0	1.0					
14261.239	10.686999999999898	trials	13.0	14267.955408999998	14269.447595999998	14270.520951999999	14270.558275	14267.300071	14269.687759999999			3.0	2.0	0.0	3.0					
14272.875	9.479999999999563	trials	13.0	14277.835674999998	14279.519715999999	14281.776227999999	14282.36242	14277.287946999999	14280.084889			3.0	2.0	0.0	3.0					
14286.186	8.154000000000451	trials	13.0	14289.777503	14290.997390999999	14293.933008	14294.335038	14289.196644	14292.876773999998			3.0	1.0	0.0	3.0					
14296.386	25.868999999998778	trials	13.0	14317.281097	14318.384066999999	14320.352905	14320.691981999998	14316.692108	14318.833746	14321.03	14322.255	3.0	2.0	1.0	1.0					
14325.305	10.5	trials	13.0	14330.451233	14332.097991999999	14333.893430999999	14334.136332999999	14329.696817999999	14332.648947999998	14334.535	14335.805	3.0	2.0	1.0	1.0					
14337.875	11.200000000000728	trials	13.0	14343.925651	14345.443765	14347.067815999999	14347.360056999998	14343.077951	14345.694295	14347.67	14349.075	3.0	2.0	1.0	1.0					
14352.121	9.999000000001615	trials	13.0	14355.901109999999	14357.193657	14360.036972999998	14362.126978	14355.193232999998	14357.189488			3.0		0.0	2.0					
14363.21	5.700000000000728	trials	13.0	14365.265415999998	14367.278525	14368.417587	14368.918271999999	14364.573235	14367.668985999999			3.0	1.0	0.0	3.0					
14370.83	7.229999999999563	trials	13.0	14372.897531999999	14374.113276999999	14376.257284	14376.490260999999	14372.332160999998	14374.657559	14376.905	14378.06	3.0	2.0	1.0	1.0					
14382.09	9.530000000000655	trials	13.0	14386.041292999998	14387.557023	14391.355599999999	14391.628020999999	14385.189806999999	14387.54622			3.0		0.0	2.0					
14392.565	8.360999999998967	trials	13.0	14395.47568	14396.705555999999	14398.881266999999	14399.140652999999	14394.957864	14397.538532999999	14399.533	14400.926	3.0	2.0	1.0	1.0					
14402.971	12.514000000001033	trials	13.0	14409.206289	14410.552572999999	14413.228125999998	14413.569925	14408.689280999999	14411.331162999999	14413.926	14415.485	3.0	2.0	1.0	1.0					
14417.505	9.6150000000016	trials	13.0	14424.046261	14425.257751	14427.082585	14429.391669999999	14423.332498	14425.702863999999			3.0	2.0	0.0	3.0					
14429.601	729.3869999999988	BlockDesign														1.0	433.0	477.0	50.0	50.0
14429.601	7.757999999999811	trials	14.0	14433.911128	14435.509549999999	14436.933565	14437.364542	14433.115953999999	14436.171269999999			2.0	1.0	0.0	3.0					
14440.326	40.39500000000044	trials	14.0	14475.701584999999	14477.230983999998	14479.021138	14479.202521	14475.075744	14478.133877	14479.65	14480.721	2.0	1.0	1.0	1.0					
14484.817	12.523000000001048	trials	14.0	14492.306246999999	14494.028509	14495.050167	14495.594342999999	14491.392845999999	14494.260993	14495.945	14497.34	3.0	2.0	1.0	1.0					
14499.36	16.969999999999345	trials	14.0	14511.661839999999	14513.262463	14514.290142999998	14514.419405999999	14510.949229999998	14513.535147999999	14514.955	14516.33	3.0	2.0	1.0	1.0					
14519.375	10.375	trials	14.0	14523.202538999998	14525.279532999999	14526.177934	14526.683819999998	14522.275168	14525.362104			2.0	1.0	0.0	3.0					
14530.64	20.722999999999956	trials	14.0	14532.438403	14534.451056999998	14550.883933	14551.326120999998	14529.757032999998	14538.804159			3.0	2.0	0.0	3.0					
14554.295	8.255999999999403	trials	14.0	14559.902118999998	14560.468380999999			14559.319877999998	14560.464097			2.0		0.0	2.0					
14564.573	17.04700000000048	trials	14.0	14574.20208	14576.143187999998	14579.958502	14579.989219	14573.636755	14578.758161			3.0	2.0	0.0	3.0					
14582.485	100.26999999999862	trials	14.0	14677.027806999999	14678.170197	14679.573128999999	14680.694119	14676.318841	14678.751484999999			2.0	1.0	0.0	3.0					
14683.926	6.814000000000306	trials	14.0	14685.676997999999	14685.89933			14682.765645	14685.883231			3.0		0.0	2.0					
14690.906	17.34899999999834	trials	14.0	14703.236415	14704.339113999999	14706.394642	14706.624548	14702.473802999999	14705.38396	14707.125	14708.255	2.0	1.0	1.0	1.0					
14710.308	8.921999999998661	trials	14.0	14715.43204	14717.065187	14718.828709	14719.212145	14714.907505	14717.734004999998			3.0	1.0	0.0	3.0					
14721.25	7.440000000000509	trials	14.0	14723.517248999999	14725.305631	14727.945357999999	14728.697789999998	14722.632744999999	14725.743991			3.0	2.0	0.0	3.0					
14732.293	15.907000000001062	trials	14.0	14742.39216	14743.667158	14746.22388	14746.334909	14741.635092999999	14744.723488	14746.93	14748.2	3.0	2.0	1.0	1.0					
14751.222	10.462999999999738	trials	14.0	14756.602515999999	14758.801035999999	14761.273537	14761.692594999999	14755.980188999998	14760.346856999999			2.0	1.0	0.0	3.0					
14764.685	7.024999999999636	trials	14.0	14766.682644999999	14768.115154	14770.003792	14770.187875	14765.159925	14768.656092	14770.655	14771.71	2.0	1.0	1.0	1.0					
14774.799	10.300999999999476	trials	14.0	14780.033066999998	14782.129488999999	14784.617855999999	14785.048509	14779.22508	14783.243262999998			2.0	1.0	0.0	3.0					
14787.03	7.834999999999127	trials	14.0	14788.718003999998	14790.706116	14793.391962	14793.750195999999	14787.869502	14792.498910999999			2.0	1.0	0.0	3.0					
14797.75	8.06500000000051	trials	14.0	14799.653411	14801.57171	14803.813482999998	14803.867097999999	14798.117524	14802.695623	14804.58	14805.815	3.0	2.0	1.0	1.0					
14807.835	12.2450000000008	trials	14.0	14814.318973999998	14816.099585999998	14817.82655	14818.001940999999	14813.674685999998	14816.954821	14818.59	14820.08	2.0	1.0	1.0	1.0					
14823.1	9.859999999998763	trials	14.0	14827.158247	14828.728158999998	14830.972133	14831.038658999998	14826.457740999998	14829.781578999999	14831.721	14832.96	2.0	1.0	1.0	1.0					
14836.98	22.1200000000008	trials	14.0	14851.543506999998	14853.581347	14855.974461	14856.747014999999	14850.837411999999	14853.857452			3.0	2.0	0.0	3.0					
14859.39	5.600000000000364	trials	14.0	14861.064837999998	14862.991097999999			14859.109983999999	14862.974413			3.0		0.0	2.0					
14867.011	10.289999999999054	trials	14.0	14870.778777	14872.739934	14875.257136	14875.453850999998	14869.972749999999	14873.1657	14875.87	14877.301	3.0	2.0	1.0	1.0					
14881.418	8.567000000000917	trials	14.0	14885.508216999999	14887.388777999999	14888.85046	14889.993901999998	14884.602531999999	14887.586281			3.0	2.0	0.0	3.0					
14892.275	26.736000000000786	trials	14.0	14914.958517	14916.914603	14917.924137999998	14918.180387999999	14914.101924999999	14916.83332			2.0	1.0	1.0	1.0					
14921.615	9.344999999999345	trials	14.0	14926.985278	14928.560748	14930.363889	14930.970732	14926.175088	14928.984321			3.0	2.0	0.0	3.0					
14933.83	5.399999999999636	trials	14.0	14935.580542	14937.530692999999	14938.842346	14939.221107	14934.176677	14938.002167999999			3.0	1.0	0.0	3.0					
14941.237	6.359000000000378	trials	14.0	14944.598428	14945.975228	14947.170154	14947.289233	14944.088093999999	14946.468277			2.0	1.0	0.0	3.0					
14951.53	6.664999999999054	trials	14.0	14953.275312999998	14955.281238	14956.529535999998	14956.669576	14952.099298	14955.756003999999	14957.176	14958.195	2.0	1.0	1.0	1.0					
14960.22	20.251000000000204	trials	14.0	14975.889264	14977.146867	14978.710291	14979.169468	14975.238706	14978.002003			2.0	1.0	0.0	3.0					
14982.171	6.818999999999505	trials	14.0	14984.190337	14985.651941999999	14986.812747	14987.072049999999	14983.574235999999	14985.952109999998	14987.435	14988.99	3.0	2.0	1.0	1.0					
14992.011	8.363999999999578	trials	14.0	14996.679025	14998.155987999999	14999.897927999999	15000.323138	14995.675012	14998.588796999999			2.0	1.0	0.0	3.0					
15002.346	8.144000000000233	trials	14.0	15004.868983999999	15006.230485	15008.525345999999	15008.744647	15003.916021	15006.319317	15009.145	15010.49	3.0	2.0	1.0	1.0					
15013.511	7.113999999999578	trials	14.0	15017.324154999998	15018.460098	15020.275694999998	15023.329953999999	15016.501487999998	15019.001366999999			3.0	2.0	0.0	3.0					
15022.698	9.481999999999971	trials	14.0	15026.713929999998	15028.277239			15025.794664	15028.268915999999			2.0		0.0	2.0					
15033.426	7.309000000001106	trials	14.0	15036.704870999998	15038.118073	15039.54683	15039.643527	15036.157403	15038.524215			2.0	1.0	0.0	3.0					
15043.96	10.390000000001237	trials	14.0	15049.853780999998	15051.546596999999	15052.646471999999	15052.773189	15049.268474999999	15051.867091	15053.39	15054.35	2.0	1.0	1.0	1.0					
15058.367	16.782999999999447	trials	14.0	15070.376262	15071.843243	15073.078678999998	15073.376409999999	15069.474417	15071.986834	15073.695	15075.15	3.0	2.0	1.0	1.0					
15077.24	11.444999999999709	trials	14.0	15082.404851	15084.171637	15086.368147	15088.69441	15081.76729	15084.374182			3.0	2.0	0.0	3.0					
15088.715	8.875	trials	14.0	15092.244423999999	15094.185769	15095.368622999998	15095.455641999999	15091.384492	15094.592002	15096.16	15097.59	2.0	1.0	1.0	1.0					
15100.61	9.215000000000146	trials	14.0	15106.494937	15107.825152	15109.493553	15109.617053999998	15105.945156	15108.419267			3.0	1.0	0.0	3.0					
15112.86	22.104999999999563	trials	14.0	15128.455601999998	15130.025038	15131.632236	15132.542738999999	15127.913518	15130.550076			3.0	2.0	0.0	3.0					
15136.085	10.735000000000582	trials	14.0	15141.825007	15143.546181999998	15146.419386999998	15146.694242999998	15140.975847999998	15144.160308999999			3.0	2.0	0.0	3.0					
15150.89	8.097999999999956	trials	14.0	15155.325155999999	15156.451692999999	15158.882704	15159.229422999999	15154.740699999998	15158.068372			2.0	1.0	0.0	3.0					
15164.293	108.09300000000076	BlockDesign														1.0	478.0	483.0	0.0	0.0
15164.293	6.42200000000048	trials	15.0	15166.500327999998	15167.04105	15170.279449	15170.726971	15162.945214	15167.033881			2.0		0.0	2.0					
15172.096	15.119000000000597	trials	15.0	15181.849468999999	15182.989855	15186.802732	15186.91715	15180.891597999998	15184.593351			2.0	1.0	0.0	3.0					
15190.261	6.3840000000000146	trials	15.0	15191.870370999999	15193.906679	15194.857032	15195.376955	15190.846447	15194.146992999998			2.0	1.0	0.0	3.0					
15199.215	16.08599999999933	trials	15.0	15204.080613999999	15206.086136999998	15213.17147	15213.591813	15203.553936999999	15212.365505			2.0	1.0	0.0	3.0					
15217.625	6.0349999999998545	trials	15.0	15219.268076999999	15220.376756999998	15221.881779	15221.935527999998	15218.212107	15221.033382999998			2.0	1.0	0.0	3.0					
15225.383	47.00300000000061	trials	15.0	15269.000121	15270.966726999999	15272.21379	15272.247903	15268.072463999999	15271.452900999999			2.0	1.0	0.0	3.0					
15276.64	68.84500000000116	BlockDesign														1.0	484.0	488.0	0.0	0.0
15276.64	5.775000000001455	trials	16.0	15278.566749999998	15280.495545999998	15282.052231	15282.290751999999	15274.591696	15280.724905			3.0	2.0	0.0	3.0					
15285.495	12.659999999999854	trials	16.0	15290.817189	15292.867302999999	15294.983043999999	15295.36696	15289.979462	15294.175283999999			3.0	1.0	0.0	3.0					
15298.416	19.088999999999942	trials	16.0	15300.361955999999	15302.048267999999	15316.485	15316.808091	15297.583906	15305.71582			3.0	1.0	0.0	3.0					
15319.905	17.852999999999156	trials	16.0	15328.099026	15329.144215	15337.325407	15337.511273	15327.529889	15336.104242			3.0	1.0	0.0	3.0					
15340.69	4.795000000000073	trials	16.0	15342.323159	15343.442297	15345.315877000001	15346.36404	15341.686998	15343.87058			3.0	2.0	0.0	3.0					
15348.831	770.8739999999998	BlockDesign														1.0	489.0	536.0	50.0	50.0
15348.831	73.55899999999929	trials	17.0	15418.997421	15420.862504	15421.962379	15422.378881	15418.295833	15421.231123			2.0	1.0	0.0	3.0					
15424.42	4.555000000000291	trials	17.0	15426.058068	15427.173951	15428.569903	15428.935329	15424.76037	15427.788118			2.0	1.0	0.0	3.0					
15432.056	6.3989999999994325	trials	17.0	15433.583335	15434.97759	15436.55469	15436.810494	15432.891139	15435.316965	15437.4	15438.455	3.0	2.0	1.0	1.0					
15442.475	10.661000000000058	trials	17.0	15446.228178	15448.007907	15450.900277	15451.161574	15445.31965	15448.355938	15451.521	15453.136	3.0	2.0	1.0	1.0					
15455.165	13.595999999999549	trials	17.0	15462.0997	15463.774869	15466.99796	15467.0871	15461.359858	15464.88835	15467.87	15468.761	2.0	1.0	1.0	1.0					
15471.862	9.718000000000757	trials	17.0	15477.639220000001	15478.791413	15480.218188	15481.496261	15476.639269	15479.130541			3.0	2.0	0.0	3.0					
15482.645	7.725000000000364	trials	17.0	15486.077866	15487.21051	15489.969069	15490.299888	15485.477808	15488.704035			3.0	1.0	0.0	3.0					
15494.38	7.18500000000131	trials	17.0	15496.599229	15498.558678	15499.717381	15499.849618	15495.707319000001	15498.962387	15500.61	15501.565	2.0	1.0	1.0	1.0					
15503.685	13.115999999999985	trials	17.0	15510.207978	15511.800892	15513.928147	15516.8017	15509.565887	15512.457105			3.0	2.0	0.0	3.0					
15518.285	98.17000000000007	trials	17.0	15613.323926000001	15615.290283	15616.049874	15616.41445	15612.586082	15615.322555			3.0	1.0	0.0	3.0					
15620.465	22.514999999999418	trials	17.0	15636.773848	15638.358487	15639.68536	15639.779512000001	15636.003918	15638.89296			2.0	1.0	0.0	3.0					
15643.165	5.260999999998603	trials	17.0	15645.100426	15646.420453			15642.980025	15646.414105			2.0		0.0	2.0					
15650.436	11.193999999999505	trials	17.0	15654.83844	15655.958937	15659.509936	15659.840092	15654.195727	15657.252463	15660.25	15661.63	3.0	2.0	1.0	1.0					
15664.716	20.03899999999885	trials	17.0	15679.644321	15681.220602	15682.681837	15682.944975	15679.044076	15681.639602	15683.455	15684.755	3.0	2.0	1.0	1.0					
15687.776	14.929000000000087	trials	17.0	15697.730098	15698.932636	15700.784857	15701.000611	15696.976227	15699.899179	15701.58	15702.705	2.0	1.0	1.0	1.0					
15704.735	14.324999999998909	trials	17.0	15713.555669	15715.166616	15716.865276	15717.610164	15712.577407	15715.618006			2.0	2.0	0.0	3.0					
15719.42	5.510000000000218	trials	17.0	15721.059179	15722.075644	15723.127864	15723.297633	15719.061068	15722.424603	15723.75	15724.93	2.0	1.0	1.0	1.0					
15727.945	7.920000000000073	trials	17.0	15732.574461	15733.821183	15735.519784	15735.644752	15731.625903	15734.625921			2.0	1.0	0.0	3.0					
15737.941	6.893999999998414	trials	17.0	15739.584021	15741.062815	15742.916248	15743.109015	15738.719554	15742.117512	15743.705	15744.835	2.0	1.0	1.0	1.0					
15747.855	10.695999999999913	trials	17.0	15752.489143	15753.604080000001	15756.766215	15756.978775	15751.914094	15754.761335	15757.445	15758.551	3.0	2.0	1.0	1.0					
15762.64	20.31000000000131	trials	17.0	15776.954427	15778.19209	15780.881262	15781.119174	15776.44444	15779.267099	15781.52	15782.95	3.0	2.0	1.0	1.0					
15787.0	10.475000000000364	trials	17.0	15793.754086	15795.210889	15796.441834	15796.935508	15792.953019	15795.623665			3.0	1.0	0.0	3.0					
15799.93	4.4099999999998545	trials	17.0	15801.769801	15802.255981			15800.349181	15802.252138			2.0		0.0	2.0					
15806.411	8.398999999999432	trials	17.0	15807.945148	15809.59206	15811.534843	15812.486677	15807.157675	15810.755427			3.0	2.0	0.0	3.0					
15814.996	5.169000000001688	trials	17.0	15816.664788	15818.205483	15819.700675	15820.167715	15814.811338	15818.923006			3.0	1.0	0.0	3.0					
15824.105	4.459000000000742	trials	17.0	15825.765825	15826.910964	15828.102897	15828.567433	15824.663844	15827.448848			2.0	1.0	0.0	3.0					
15831.566	7.929000000000087	trials	17.0	15834.229875	15835.830993	15838.037847	15838.181809	15833.285932	15837.062601			2.0	2.0	0.0	3.0					
15840.511	13.048999999999069	trials	17.0	15849.851039000001	15850.970917	15853.155867	15853.320397	15848.993221	15852.206632			3.0	2.0	0.0	3.0					
15855.57	8.760000000000218	trials	17.0	15858.555933	15859.717735	15861.571232	15861.903994	15857.943724	15860.596259			2.0	1.0	0.0	3.0					
15865.001	6.058999999999287	trials	17.0	15866.560282	15867.946614	15869.261868	15869.389732	15864.330773	15868.553002	15869.881	15871.06	2.0	1.0	1.0	1.0					
15873.08	15.659999999999854	trials	17.0	15882.969098	15884.936653	15886.7358	15887.038788	15882.405161	15885.636633	15887.495	15888.74	3.0	2.0	1.0	1.0					
15892.761	7.793999999999869	trials	17.0	15894.391045	15896.206285	15898.247842	15898.292276	15893.624215	15897.152375			3.0	2.0	0.0	3.0					
15901.625	5.920000000000073	trials	17.0	15904.284862	15905.651696	15907.111411	15907.545897	15903.639592	15906.210343			3.0	1.0	0.0	3.0					
15909.465	8.655000000000655	trials	17.0	15912.199734	15913.276884	15917.271421	15918.122065	15911.48846	15916.073812			2.0	2.0	0.0	3.0					
15920.705	4.8799999999992	trials	17.0	15922.536332	15923.861965	15925.124259	15925.586385	15921.530389	15924.438792			2.0	1.0	0.0	3.0					
15927.496	8.009000000000015	trials	17.0	15929.944883	15931.308164	15933.656383	15933.851146	15929.275166	15932.22513	15934.45	15935.505	3.0	2.0	1.0	1.0					
15939.418	10.057000000000698	trials	17.0	15942.909803	15944.70571	15947.347717	15947.525978	15942.118899000001	15946.601074	15948.185	15949.475	2.0	1.0	1.0	1.0					
15952.372	19.32800000000134	trials	17.0	15965.280025	15967.230643	15969.179056	15969.450669	15964.575278	15967.740668	15969.95	15971.7	3.0	2.0	1.0	1.0					
15973.74	11.2450000000008	trials	17.0	15979.36533	15981.42691	15982.698696	15982.818982	15978.470787	15981.888019	15983.41	15984.985	2.0	1.0	1.0	1.0					
15989.066	14.128999999998996	trials	17.0	15996.851556	15998.01606	16000.535595	16000.666775	15996.040382	15999.432063			3.0	2.0	0.0	3.0					
16004.975	6.370999999999185	trials	17.0	16006.625068	16008.421513	16009.526878	16009.857752	16003.198531	16008.788295	16010.365	16011.346	2.0	1.0	1.0	1.0					
16013.388	9.646999999999025	trials	17.0	16018.370092000001	16019.750301	16021.84486	16022.126493	16017.510118	16020.661873000001			3.0	2.0	1.0	1.0					
16026.426	17.670000000000073	trials	17.0	16038.955173	16040.195545	16042.117636	16042.389474	16038.147619	16040.883762	16042.886	16044.096	2.0	1.0	1.0	1.0					
16048.18	6.956000000000131	trials	17.0	16050.885612	16052.774328	16054.511233	16054.831647	16049.975411	16053.698255			2.0	1.0	0.0	3.0					
16057.875	29.774999999999636	trials	17.0	16081.226843	16082.364601	16084.547045	16084.923286	16080.550141	16083.164292	16085.495	16087.65	3.0	2.0	1.0	1.0					
16090.761	9.773999999999432	trials	17.0	16096.260246	16097.933793	16099.355318	16100.538061	16095.54847	16098.400315			3.0	2.0	0.0	3.0					
16101.834	5.460999999999331	trials	17.0	16103.660727	16105.718609	16106.806543	16107.29946	16102.878815	16106.077402			2.0	1.0	0.0	3.0					
16109.234	10.470999999999549	trials	17.0	16111.116904	16112.367961	16119.547282	16120.395595	16109.66965	16116.889017			3.0	2.0	0.0	3.0					
16124.047	2895.098	BlockDesign														1.0	537.0	678.0	50.0	90.0
16124.047	8.108000000000175	trials	18.0	16127.040472	16128.947421	16130.6554	16130.862248	16126.201663	16129.848933			1.0	1.0	0.0	3.0					
16135.143	16.342000000000553	trials	18.0	16146.425283	16146.676942	16149.990812	16150.147498	16145.667682	16146.667423			1.0		0.0	2.0					
16152.699	25.311999999999898	trials	18.0	16173.94609	16175.117661	16177.577981	16178.011687	16173.313973	16176.787339			1.0	1.0	0.0	3.0					
16180.93	7.165999999999258	trials	18.0	16182.986227	16184.596897	16186.985992	16187.132224	16182.160485	16186.239301			1.0	1.0	1.0	1.0					
16192.6	9.536000000000058	trials	18.0	16196.186518	16197.668947	16199.985478	16200.131172	16195.642823	16199.096314	16200.685	16202.136	1.0	1.0	1.0	1.0					
16204.221	10.734000000000378	trials	18.0	16210.026175	16211.462856	16212.942186	16213.150861	16209.50581	16212.041459	16213.795	16214.955	1.0	1.0	1.0	1.0					
16218.044	10.876000000000204	trials	18.0	16222.64241	16223.894304	16226.140146	16226.587881	16221.748288	16225.166904			1.0	1.0	0.0	3.0					
16230.63	6.1710000000002765	trials	18.0	16232.166079	16233.83938	16234.938495	16235.18203	16228.924883	16234.222371	16235.596	16236.801	1.0	1.0	1.0	1.0					
16240.886	10.593999999999141	trials	18.0	16247.286342	16249.240284	16250.989266	16251.452629	16246.422064	16250.272138			1.0	1.0	0.0	3.0					
16254.476	8.394000000000233	trials	18.0	16256.686833	16258.332977	16260.959645	16261.193649	16255.900393	16259.100289	16261.63	16262.87	1.0	2.0	1.0	1.0					
16265.89	9.739999999999782	trials	18.0	16269.576174	16271.089441	16273.645416	16273.936386	16269.053659000001	16271.666639000001	16274.405	16275.63	1.0	2.0	1.0	1.0					
16278.652	9.193999999999505	trials	18.0	16281.8526	16283.054788	16285.591264	16285.874335	16280.928252	16283.597055	16286.38	16287.846	1.0	2.0	1.0	1.0					
16290.918	6.832000000000335	trials	18.0	16294.308283	16296.064372	16297.409586	16297.588213	16293.669273	16296.529878			1.0	1.0	0.0	3.0					
16300.795	4.9099999999998545	trials	18.0	16302.67621	16304.141337000001	16305.265987	16305.708535	16301.148796	16304.551173			1.0	1.0	0.0	3.0					
16308.685	6.694999999999709	trials	18.0	16310.256372	16311.73419	16313.507196	16313.719404	16309.273689	16312.015303	16314.215	16315.38	1.0	2.0	1.0	1.0					
16319.465	10.270000000000437	trials	18.0	16325.096326	16326.362166	16327.823499	16327.985274	16324.479919	16327.026696	16328.57	16329.735	1.0	1.0	1.0	1.0					
16331.755	9.915000000000873	trials	18.0	16336.697462	16337.879047	16339.532338	16339.818649	16335.947572000001	16338.561712	16340.185	16341.67	1.0	1.0	1.0	1.0					
16344.761	9.600000000000364	trials	18.0	16349.041658	16350.373525	16352.171302	16352.678599	16348.266063	16350.987285	16352.945	16354.361	1.0	2.0	1.0	1.0					
16356.39	9.44000000000051	trials	18.0	16360.197003	16361.373793	16363.551066	16364.048338	16359.556936	16361.97124	16364.25	16365.83	1.0	2.0	1.0	1.0					
16369.886	10.779000000000451	trials	18.0	16373.897293	16375.888263	16378.652614	16378.917507	16373.271196	16377.66645	16379.395	16380.665	1.0	2.0	1.0	1.0					
16384.686	6.258999999998196	trials	18.0	16386.716322	16388.467699	16389.869511	16389.923077	16386.20512	16388.942034			1.0	2.0	0.0	3.0					
16392.311	5.19999999999709	trials	18.0	16394.08213	16395.770172	16397.045227	16397.490101	16393.02523	16396.305681			1.0	1.0	0.0	3.0					
16399.45	7.274999999997817	trials	18.0	16401.937337	16403.743754	16404.811708	16404.907697	16400.955634	16404.143721	16405.565	16406.725	1.0	1.0	1.0	1.0					
16410.838	7.7370000000009895	trials	18.0	16413.78682	16415.114185	16416.645834	16416.946308	16412.920284	16415.697898	16417.42	16418.575	1.0	2.0	1.0	1.0					
16420.66	9.380000000001019	trials	18.0	16424.576921	16425.718708	16427.977692	16428.363646	16424.001127	16426.930063	16428.705	16430.04	1.0	2.0	1.0	1.0					
16434.168	5.686999999998079	trials	18.0	16436.192257	16437.803442	16439.419053	16439.861431	16435.193767	16438.646838			1.0	1.0	0.0	3.0					
16441.86	7.0349999999998545	trials	18.0	16443.886683	16445.305211	16446.705004	16446.934386	16442.37731	16445.861268	16447.386	16448.895	1.0	2.0	1.0	1.0					
16450.915	11.044999999998254	trials	18.0	16456.527724	16457.704881	16459.674376	16459.993728	16455.530526	16458.22599	16460.335	16461.96	1.0	2.0	1.0	1.0					
16465.04	11.224999999998545	trials	18.0	16470.073561	16472.36352	16473.94905	16474.026469	16469.378697	16473.040486	16474.615	16476.265	1.0	2.0	1.0	1.0					
16479.285	11.0099999999984	trials	18.0	16483.48737	16485.290106	16488.107017	16488.338175	16482.750105	16486.1611	16488.725	16490.295	1.0	2.0	1.0	1.0					
16492.03	8.9900000000016	trials	18.0	16497.072474	16498.484272	16499.842126	16500.197327	16496.452843	16498.843757			1.0	2.0	1.0	1.0					
16503.505	16.80999999999767	trials	18.0	16515.337218	16516.734465	16518.238939	16518.46081	16514.781895	16517.00159	16518.96	16520.315	1.0	2.0	1.0	1.0					
16523.346	8.75	trials	18.0	16526.962056	16528.523654	16530.112852	16530.411006	16526.425422	16529.319898	16530.9	16532.096	1.0	1.0	1.0	1.0					
16534.12	11.900000000001455	trials	18.0	16541.092002	16542.18958	16543.790989	16543.930296	16540.342519	16542.915025	16544.54	16546.02	1.0	1.0	1.0	1.0					
16550.172	4.973000000001775	trials	18.0	16551.837118	16552.914295	16554.793077	16555.086433	16551.195105	16553.984059			1.0	1.0	0.0	3.0					
16558.168	17.40099999999802	trials	18.0	16570.222189	16571.6658	16573.22374	16574.301981	16569.306009	16572.329838999998			1.0	2.0	0.0	3.0					
16575.701	8.27299999999741	trials	18.0	16577.512264	16579.287633	16580.776008	16581.233848	16575.570435	16579.915699			1.0	1.0	0.0	3.0					
16585.18	4.025000000001455	trials	18.0	16587.028054	16587.199307			16583.974584	16587.191997			1.0		0.0	2.0					
16591.28	7.585000000002765	trials	18.0	16593.898215	16594.964238	16596.722122	16597.037425	16593.318403	16595.889198	16597.545	16598.865	1.0	2.0	1.0	1.0					
16600.882	17.26299999999901	trials	18.0	16612.813147	16614.169779	16617.955482	16618.149379	16612.139979	16614.164991			1.0		0.0	2.0					
16619.252	67.84400000000096	trials	18.0	16661.863477	16662.91495	16685.060711	16685.28493	16661.277531	16664.342482	16685.875	16687.096	1.0	2.0	1.0	1.0					
16690.18	13.375	trials	18.0	16699.059645	16700.334097	16701.663802	16701.850489	16698.197289	16700.700223	16702.31	16703.555	1.0	2.0	1.0	1.0					
16705.649	11.755999999997584	trials	18.0	16711.769734	16713.700218	16715.321172	16715.598319	16711.012212	16714.178726	16715.955	16717.405	1.0	2.0	1.0	1.0					
16720.434	9.61699999999837	trials	18.0	16724.668042	16726.113114	16727.373475	16728.263217	16723.846144	16726.539522	16728.136	16730.051	1.0	2.0	1.0	1.0					
16732.21	24.06500000000233	trials	18.0	16751.552827	16752.817252	16754.123244	16754.424537	16750.566892	16753.116928	16754.87	16756.275	1.0	2.0	1.0	1.0					
16758.36	13.650999999998021	trials	18.0	16766.560275	16768.445359	16769.777432	16770.170302	16765.724429	16768.857339000002	16770.465	16772.011	1.0	2.0	1.0	1.0					
16774.03	11.220000000001164	trials	18.0	16779.339352	16780.7901	16782.754390000002	16783.359088	16778.726366	16781.612968	16783.555	16785.25	1.0	2.0	1.0	1.0					
16789.308	7.401999999998225	trials	18.0	16791.722962	16793.458978	16794.668682	16794.890274	16791.15942	16793.922015	16795.386	16796.71	1.0	1.0	1.0	1.0					
16799.735	11.8849999999984	trials	18.0	16805.9734	16807.525419	16808.613609	16808.924751	16805.155971	16807.89696			1.0	1.0	0.0	3.0					
16813.06	11.490999999998166	trials	18.0	16820.614194	16822.110979	16823.847223	16824.082884	16819.931232	16823.120952			1.0	1.0	0.0	3.0					
16828.25	16.395000000000437	trials	18.0	16836.048555	16837.475403	16844.237859	16844.602017	16835.421672	16842.944515			1.0	1.0	0.0	3.0					
16847.671	46.64400000000023	trials	18.0	16887.480306	16888.545777	16892.46891	16892.62933	16886.940166	16890.884973	16893.215	16894.315	1.0	1.0	1.0	1.0					
16898.356	8.093000000000757	trials	18.0	16902.48976	16904.525683	16905.995787	16906.40818	16901.69307	16905.27429			1.0	1.0	0.0	3.0					
16909.418	6.9869999999973516	trials	18.0	16911.463714	16913.028703	16914.151867	16914.65671	16909.850754	16913.326624	16914.886	16916.405	1.0	2.0	1.0	1.0					
16918.54	12.075000000000728	trials	18.0	16923.395582	16924.877575	16926.215394	16927.809823	16922.52777	16925.244943	16926.965	16930.615	1.0	2.0	1.0	1.0					
16934.652	42.50300000000061	trials	18.0	16971.084333	16973.001114	16975.140262	16975.421859000002	16970.477806	16973.5726	16975.955	16977.155	1.0	2.0	1.0	1.0					
16979.246	9.16400000000067	trials	18.0	16984.414543	16986.036954	16987.324239	16987.65175	16983.661947	16986.367737			1.0	2.0	1.0	1.0					
16993.005	9.005999999997584	trials	18.0	16997.009362	16998.871041	17000.115513	17000.277523	16996.136506	16999.309336	17000.721	17002.011	1.0	1.0	1.0	1.0					
17006.032	10.067999999999302	trials	18.0	17010.804432	17012.870452	17014.036131	17014.160356	17010.27996	17013.280899	17014.715	17016.1	1.0	1.0	1.0	1.0					
17020.12	9.476000000002387	trials	18.0	17023.549393	17025.62082	17027.159893	17027.679288	17022.69996	17026.132158	17027.771	17029.596	1.0	2.0	1.0	1.0					
17032.681	70.76900000000023	trials	18.0	17100.250027000002	17101.44748			17099.49205	17101.437969			1.0		0.0	2.0					
17105.455	134.49099999999817	trials	18.0	17236.740649	17237.943783			17235.754783	17237.940456			1.0		0.0	2.0					
17244.02	22.81499999999869	trials	18.0	17257.312096	17258.577345	17266.420252	17266.783744	17256.561207	17264.343397			1.0	1.0	0.0	3.0					
17270.911	66.27899999999863	trials	18.0	17313.357421	17315.247892	17334.871905	17335.134325	17312.402784	17316.403308	17335.565	17337.19	1.0	2.0	1.0	1.0					
17341.295	16.06500000000233	trials	18.0	17349.786106	17351.588046	17355.114256	17355.412125	17349.167198	17353.943758	17355.935	17357.36	1.0	2.0	1.0	1.0					
17360.449	15.411000000000058	trials	18.0	17368.906689	17370.278685	17374.777569	17375.087641	17367.975361	17371.749665			1.0	1.0	1.0	1.0					
17378.39	16.95600000000195	trials	18.0	17388.527815	17390.314658	17392.621867	17393.031068	17387.910727	17390.782324	17393.28	17395.346	1.0	2.0	1.0	1.0					
17398.221	23.153999999998632	trials	18.0	17414.273191	17415.757888	17418.645805	17418.70608	17413.455094	17417.562375	17419.415	17421.375	1.0	2.0	1.0	1.0					
17423.461	29.989000000001397	trials	18.0	17447.497636	17448.678124	17451.176011	17451.731701	17446.95515	17450.145984			1.0	1.0	0.0	3.0					
17453.555	22.96099999999933	trials	18.0	17473.157098	17474.40871	17475.858429	17476.523965	17472.441733	17475.021862			1.0	2.0	0.0	3.0					
17478.25	40.5	trials	18.0	17509.252059	17510.598477	17516.03971	17516.087624	17508.443785	17512.317544	17516.655	17518.75	1.0	1.0	1.0	1.0					
17522.841	13.40899999999965	trials	18.0	17527.992085	17529.375138	17533.145617000002	17533.245703	17527.081747	17531.407535	17533.801	17536.25	1.0	2.0	1.0	1.0					
17538.293	27.25	trials	18.0	17557.733506	17559.3195	17563.269125	17563.506585	17557.213273	17559.663532	17564.07	17565.543	1.0	2.0	1.0	1.0					
17568.556	41.79000000000087	trials	18.0	17605.182118	17607.266269	17609.761870000002	17610.358386	17604.500712	17607.858033			1.0	1.0	0.0	3.0					
17613.234	124.04599999999846	trials	18.0	17734.142489	17735.192053			17733.523066	17735.181683			1.0		0.0	2.0					
17739.286	18.443999999999505	trials	18.0	17745.713202	17747.165187	17757.333466	17757.351508	17745.0088	17753.369215			1.0	1.0	0.0	3.0					
17761.805	30.06000000000131	trials	18.0	17784.178255	17785.490268	17789.596368	17789.89887	17783.29653	17787.259252	17790.315	17791.865	1.0	2.0	1.0	1.0					
17793.945	14.776000000001659	trials	18.0	17802.593172	17804.388778	17806.742961	17807.019047	17801.664382	17805.459787	17807.48	17808.721	1.0	1.0	1.0	1.0					
17811.74	15.419999999998254	trials	18.0	17818.9234	17820.9484	17824.775977	17824.980006	17817.918088	17822.710569	17825.575	17827.16	1.0	1.0	1.0	1.0					
17830.18	9.534999999999854	trials	18.0	17834.789763	17835.879399	17838.365902	17839.724058	17833.916557	17837.318052			1.0	2.0	0.0	3.0					
17840.831	15.463999999999942	trials	18.0	17849.303832999998	17850.795378	17853.712363	17854.060905	17848.334446	17852.462812	17854.465	17856.295	1.0	1.0	1.0	1.0					
17859.451	11.075999999997293	trials	18.0	17865.008754	17866.245496	17870.063935	17870.519469	17864.310321	17867.959903			1.0	1.0	0.0	3.0					
17872.465	16.45300000000134	trials	18.0	17883.154458	17884.580233	17888.521729	17888.90955	17882.503384	17885.893275			1.0	1.0	0.0	3.0					
17890.927	53.108000000000175	trials	18.0	17937.444445	17939.130947999998	17941.93339	17942.175379	17936.743363	17940.527988	17942.766	17944.035	1.0	1.0	1.0	1.0					
17946.115	15.81499999999869	trials	18.0	17955.914328	17957.607709	17959.810952	17960.065401	17955.073336	17958.607195	17960.471	17961.93	1.0	2.0	1.0	1.0					
17964.95	12.594999999997526	trials	18.0	17971.15918	17972.810565	17975.132158	17975.589892	17970.173246	17973.764446	17975.793	17977.545	1.0	2.0	1.0	1.0					
17981.635	29.890000000003056	trials	18.0	18006.574579	18008.555257	18010.437655	18011.537452	18005.656444	18009.391068			1.0	2.0	0.0	3.0					
18014.835	7.4099999999998545	trials	18.0	18016.679173	18018.350701	18019.962145	18020.229132	18015.247078	18019.12461	18020.65	18022.245	1.0	1.0	1.0	1.0					
18025.265	12.25	trials	18.0	18030.705586	18032.212127	18034.724742	18035.192749	18030.116191	18033.429352	18035.52	18037.515	1.0	1.0	1.0	1.0					
18040.655	13.545000000001892	trials	18.0	18047.775804	18049.60642	18051.161313	18051.738826	18046.764004	18050.179188000002			1.0	1.0	0.0	3.0					
18054.595	6.7150000000001455	trials	18.0	18056.474183	18058.185834	18060.015562	18060.036186	18054.210156	18059.026293			1.0	1.0	0.0	3.0					
18062.421	8.880000000001019	trials	18.0	18064.414518	18066.261005	18068.996626	18069.320737000002	18063.568101	18067.196034	18069.605	18071.301	1.0	2.0	1.0	1.0					
18075.39	14.520000000000437	trials	18.0	18081.884584	18083.607316	18087.392868	18087.635433	18081.125395	18086.060119	18088.115	18089.91	1.0	1.0	1.0	1.0					
18093.971	13.329999999998108	trials	18.0	18100.066339	18101.238058	18104.173357	18104.693144	18099.340942	18102.276862			1.0	1.0	0.0	3.0					
18108.596	5.5	trials	18.0	18110.165059	18112.250821	18113.299078	18114.10842	18107.309956	18112.279615			1.0	2.0	0.0	3.0					
18116.636	50.119000000002416	trials	18.0	18160.196279	18162.197047	18164.147539	18164.409445	18159.597556	18163.218246			1.0	1.0	0.0	3.0					
18167.5	6.474999999998545	trials	18.0	18169.240294	18170.550628	18171.480705	18171.531447	18166.766016	18170.542798	18172.261	18173.975	1.0	2.0	1.0	1.0					
18177.061	11.968999999997322	trials	18.0	18183.615441	18184.757804	18186.635034	18187.125686	18182.643745	18185.580399	18187.279	18189.03	1.0	2.0	1.0	1.0					
18192.045	13.135000000002037	trials	18.0	18198.66538	18200.115614000002	18202.90264	18203.209276	18198.116059	18200.867629	18203.475	18205.18	1.0	2.0	1.0	1.0					
18207.248	16.202000000001135	trials	18.0	18213.026849	18214.662169	18218.847672	18219.262171000002	18212.383962	18217.254095	18219.485	18223.45	1.0	1.0	1.0	1.0					
18225.53	14.095000000001164	trials	18.0	18232.350246	18233.852642	18236.470011	18236.776852	18231.76951	18234.483135	18237.215	18239.625	1.0	2.0	1.0	1.0					
18241.684	29.170999999998457	trials	18.0	18263.620501	18264.943649	18267.617151	18267.7866	18262.86565	18266.642832			1.0	1.0	0.0	3.0					
18270.956	7.180000000000291	trials	18.0	18272.576145	18274.037833000002	18275.753683	18276.189576	18270.869311	18274.664922	18276.44	18278.136	1.0	2.0	1.0	1.0					
18280.221	30.539999999997235	trials	18.0	18305.487262	18307.267128	18308.708925	18309.096727	18304.881509	18307.693906	18309.285	18310.761	1.0	2.0	1.0	1.0					
18314.817	8.348000000001775	trials	18.0	18317.246427	18318.340491	18320.643082	18321.032151	18316.721308	18319.047199	18321.52	18323.165	1.0	2.0	1.0	1.0					
18326.261	12.085000000002765	trials	18.0	18332.130766000002	18333.980623	18335.798301	18336.272494	18331.537819	18334.62874	18336.56	18338.346	1.0	2.0	1.0	1.0					
18340.365	14.794999999998254	trials	18.0	18349.105516	18350.561338	18352.709076	18352.962153	18348.382576	18351.205099	18353.596	18355.16	1.0	1.0	1.0	1.0					
18359.176	11.859000000000378	trials	18.0	18365.015474999997	18366.546035999996	18368.326365999998	18368.913678999998	18364.612977999997	18367.130382999996	18369.136	18371.035	1.0	2.0	1.0	1.0					
18375.118	10.592000000000553	trials	18.0	18378.515869	18380.597415999997	18383.055666999997	18383.365805999998	18378.005584	18381.039980999998	18383.775	18385.71	1.0	2.0	1.0	1.0					
18389.795	12.010000000002037	trials	18.0	18394.975566999998	18396.590109999997	18398.518326999998	18399.047016999997	18394.086666999996	18397.146453999998	18399.225	18401.805	1.0	2.0	1.0	1.0					
18405.896	21.063999999998487	trials	18.0	18420.809677999998	18422.057825999997	18424.278839	18424.447508999998	18419.919291	18423.093653999997	18425.176	18426.96	1.0	2.0	1.0	1.0					
18428.98	9.491000000001804	trials	18.0	18434.459613999996	18436.190669999996	18438.12	18438.412621999996	18433.864864999996	18436.964506999997			1.0	1.0	0.0	3.0					
18441.497	21.00800000000163	trials	18.0	18457.024982999996	18458.470544999996	18460.029736999997	18460.509600999998	18456.193773999996	18458.885415999997	18460.785	18462.505	1.0	2.0	1.0	1.0					
18464.52	13.365999999998166	trials	18.0	18471.469095999997	18472.933179999996	18474.727107	18475.397567999997	18470.553668999997	18473.516639999998	18475.471	18477.886	1.0	2.0	1.0	1.0					
18479.905	11.275000000001455	trials	18.0	18487.209539999996	18488.969619999996	18490.621139999996	18491.184519	18486.340068999998	18489.531543999998			1.0	2.0	0.0	3.0					
18494.03	14.780000000002474	trials	18.0	18502.924477999997	18504.272288999997	18508.128603999998	18508.418448999997	18502.274124999996	18506.981233			1.0	1.0	0.0	3.0					
18510.886	14.411000000000058	trials	18.0	18520.259550999996	18521.416515999998	18524.865059999996	18525.286385999996	18519.521295	18522.594467999996			1.0	2.0	0.0	3.0					
18529.285	6.694999999999709	trials	18.0	18531.839796999997	18533.522068	18535.558146999996	18535.685967999998	18530.896373999996	18534.627661			1.0	1.0	0.0	3.0					
18540.03	11.64600000000064	trials	18.0	18543.290324999998	18544.987076999998	18548.028045999996	18548.144988999997	18542.712972999998	18547.095459999997			1.0	1.0	0.0	3.0					
18552.441	16.179000000000087	trials	18.0	18554.409969999997	18556.165897	18566.405583999996	18566.757184	18551.678690999997	18563.381739999997	18567.096	18568.62	1.0	2.0	1.0	1.0					
18572.64	17.095000000001164	trials	18.0	18576.485343999997	18577.93942	18587.516822999998	18587.729941999998	18575.808252999996	18586.132295999996	18588.25	18589.735	1.0	1.0	1.0	1.0					
18591.761	15.239000000001397	trials	18.0	18597.280887999998	18599.187068999996	18604.517369999998	18604.822941	18596.693108999996	18601.939582	18605.24	18607.0	1.0	2.0	1.0	1.0					
18610.04	21.320999999999913	trials	18.0	18624.834969999996	18626.801865999998	18628.386617999997	18628.933763999998	18624.038529999998	18627.253344999997	18629.17	18631.361	1.0	2.0	1.0	1.0					
18635.435	16.459999999999127	trials	18.0	18644.980936999997	18646.570647999997	18649.117163999996	18649.742216	18644.142311999996	18647.567028999998	18649.735	18651.895	1.0	2.0	1.0	1.0					
18655.935	12.944999999999709	trials	18.0	18664.160526999996	18665.420583	18668.371852999997	18668.882619999997	18663.312946	18666.944127999996			1.0	1.0	0.0	3.0					
18671.801	10.71900000000096	trials	18.0	18676.432113999996	18677.492216	18679.903158999998	18680.421551999996	18675.714411999998	18678.767899	18680.685	18682.52	1.0	2.0	1.0	1.0					
18684.56	15.904999999998836	trials	18.0	18694.556933999997	18695.922796	18697.676008	18698.219467	18693.608363999996	18696.56617	18698.48	18700.465	1.0	2.0	1.0	1.0					
18703.56	15.825999999997293	trials	18.0	18713.380347	18715.357589999996	18717.100449999998	18717.424807999996	18712.501965999996	18715.695399999997	18717.855	18719.386	1.0	2.0	1.0	1.0					
18721.405	14.525000000001455	trials	18.0	18729.970320999997	18731.287527999997	18733.434991	18733.794825999998	18729.370684999998	18731.849154999996	18734.085	18735.93	1.0	2.0	1.0	1.0					
18738.015	15.069999999999709	trials	18.0	18746.760524999998	18748.282823999998	18750.41077	18750.944904999997	18745.844608999996	18748.793646	18751.061	18753.085	1.0	2.0	1.0	1.0					
18757.173	19.582000000002154	trials	18.0	18771.165650999996	18772.519743999997	18774.381940999996	18776.756218	18770.496138	18773.055222			1.0	2.0	0.0	3.0					
18777.826	88.4989999999998	trials	18.0	18859.478174999997	18860.993219999997	18863.335272999997	18863.594307999996	18858.640524	18861.353870999996	18864.07	18866.325	1.0	2.0	1.0	1.0					
18870.403	7.917000000001281	trials	18.0	18873.876023999997	18875.089331999996	18877.178073999996	18877.696298999996	18872.891214999996	18876.108893999997			1.0	2.0	1.0	1.0					
18881.862	29.797999999998865	trials	18.0	18906.20137	18907.702499999996	18909.201686999997	18909.395748999996	18905.488533999996	18908.035652	18909.82	18911.66	1.0	2.0	1.0	1.0					
18915.75	13.377000000000407	trials	18.0	18923.436789999996	18925.118942999998	18926.902121999996	18927.183414	18922.895512999996	18925.873529999997	18927.665	18929.127	1.0	1.0	1.0	1.0					
18931.21	11.37000000000262	trials	18.0	18936.442016999998	18938.623623999996	18940.064208999996	18940.499703999998	18935.616217	18939.080604	18940.865	18942.58	1.0	2.0	1.0	1.0					
18946.6	10.815000000002328	trials	18.0	18952.183101	18953.963112999998	18955.488905	18955.953733	18951.244023999996	18954.447915999997			1.0	1.0	0.0	3.0					
18959.959	4.866000000001804	trials	18.0	18961.721271	18962.819078999997			18957.420721	18962.814914			1.0		0.0	2.0					
18966.832	8.343000000000757	trials	18.0	18971.456559	18972.503392	18974.758770999997	18975.135681999996	18970.933005999996	18973.926915999997			1.0	1.0	0.0	3.0					
18977.14	7.786000000000058	trials	18.0	18979.312257999998	18980.883509999996	18982.393495999997	18982.793687999998	18978.604824	18981.342716999996	18983.105	18984.926	1.0	2.0	1.0	1.0					
18987.06	14.264999999999418	trials	18.0	18994.916842	18996.784923	18998.618348999997	18999.067877999998	18994.035600999996	18997.298873999996	18999.29	19001.325	1.0	2.0	1.0	1.0					
19005.405	13.7400000000016	trials	18.0	19012.611982	19013.885086	19016.838238999997	19017.266292999997	19011.715857999996	19014.990354999998	19017.551	19019.145	1.0	2.0	1.0	1.0					
19023.171	557.7150000000001	BlockDesign														1.0	679.0	713.0	90.0	50.0
19023.171	14.873999999999796	trials	19.0	19031.081922999998	19032.258293999996	19035.530673999998	19035.729848999996	19030.201913999997	19034.074273	19036.34	19038.045	1.0	1.0	1.0	1.0					
19042.188	10.378000000000611	trials	19.0	19045.742543999997	19047.095975999997	19050.091890999996	19050.429870999997	19045.167722	19047.908294999997	19050.81	19052.566	1.0	2.0	1.0	1.0					
19055.653	12.597000000001572	trials	19.0	19062.317507999996	19063.586883999997	19066.436651999997	19068.256326999996	19061.342103	19064.601768999997			1.0	2.0	0.0	3.0					
19070.865	6.579999999998108	trials	19.0	19072.562768999996	19073.713797999997	19075.110615999998	19075.284666999996	19070.911347999998	19074.15946	19075.915	19077.445	1.0	1.0	1.0	1.0					
19081.543	13.516999999999825	trials	19.0	19087.797226	19089.569046999997	19092.776856999997	19092.93829	19087.226844999997	19091.217198	19093.495	19095.06	1.0	1.0	1.0	1.0					
19097.085	13.575000000000728	trials	19.0	19104.462152999997	19105.673898999998	19108.282332999996	19108.550333	19103.557039999996	19106.405173	19109.185	19110.66	1.0	2.0	1.0	1.0					
19113.722	11.297999999998865	trials	19.0	19120.647795999997	19122.638781999998	19124.680181999996	19124.818945	19119.665625999998	19123.319234			1.0	1.0	0.0	3.0					
19127.03	21.980999999999767	trials	19.0	19143.443155999998	19144.659377999997	19146.544418999998	19146.829949999996	19142.519234999996	19145.434372999996	19147.208	19149.011	1.0	2.0	1.0	1.0					
19150.949	12.306000000000495	trials	19.0	19157.637336999996	19159.569611999996	19160.972361999997	19161.123191	19156.779809999996	19160.049284999997	19161.645	19163.255	1.0	1.0	1.0	1.0					
19167.275	9.864999999997963	trials	19.0	19170.993381999997	19172.111184999998	19174.413827999997	19174.965341999996	19170.334842999997	19172.927574999998	19175.09	19177.14	1.0	2.0	1.0	1.0					
19179.16	25.11999999999898	trials	19.0	19200.12736	19201.771023999998	19203.933424	19204.233324999997	19199.354062	19202.508117999998			1.0	2.0	0.0	3.0					
19207.359	6.876000000000204	trials	19.0	19208.847429999998	19210.789496999998	19211.918019999997	19212.084993999997	19207.452542999996	19211.127096999997	19212.65	19214.235	1.0	1.0	1.0	1.0					
19216.325	11.685999999997875	trials	19.0	19223.042851	19225.064259	19227.245811999997	19228.015793	19222.179016	19225.572281999997			1.0	2.0	0.0	3.0					
19230.671	13.380000000001019	trials	19.0	19238.002689999998	19239.171201999998	19242.373023999997	19244.052206999997	19237.406236	19240.279968999996			1.0	2.0	0.0	3.0					
19244.795	9.475000000002183	trials	19.0	19247.623160999996	19248.784761	19252.085203	19252.399176999996	19246.99499	19250.258134999996	19252.801	19254.27	1.0	2.0	1.0	1.0					
19256.354	17.751000000000204	trials	19.0	19266.833033999996	19267.864890999997	19271.239982999996	19271.549811999997	19266.077656999998	19268.601183	19272.075	19274.105	1.0	2.0	1.0	1.0					
19277.152	11.333000000002357	trials	19.0	19282.507960999996	19284.035058999998	19286.129805999997	19286.433661999996	19281.851332	19285.065249999996	19286.95	19288.485	1.0	1.0	1.0	1.0					
19290.562	10.40899999999965	trials	19.0	19297.088426	19299.021681	19300.627848999997	19300.730315999997	19296.395361999996	19299.524333999998			1.0	1.0	0.0	3.0					
19304.985	16.90099999999802	trials	19.0	19316.028432999996	19317.900125999997	19319.809516999998	19319.993045999996	19315.381797	19318.818868	19320.5	19321.886	1.0	1.0	1.0	1.0					
19325.919	9.17699999999968	trials	19.0	19329.934800999996	19331.094333999998	19333.917024	19334.170965999998	19329.257622999998	19331.822723999998			1.0	2.0	1.0	1.0					
19338.556	12.223999999998341	trials	19.0	19345.259226	19346.565375	19348.596423999996	19348.814186999996	19344.668844999997	19347.143094999996	19349.33	19350.78	1.0	1.0	1.0	1.0					
19354.865	10.849999999998545	trials	19.0	19359.262189999998	19361.205686999998	19362.887585999997	19363.177728	19358.497457999998	19361.725098	19363.54	19365.715	1.0	2.0	1.0	1.0					
19368.735	11.544999999998254	trials	19.0	19375.489116999997	19376.814884999996	19378.888787999997	19380.287975999996	19374.867174999996	19377.433094999997			1.0	2.0	0.0	3.0					
19382.285	6.720000000001164	trials	19.0	19383.833676	19385.405253999998	19386.743852999996	19386.890790999998	19383.220176999996	19385.787320999996	19387.45	19389.005	1.0	1.0	1.0	1.0					
19393.021	11.04399999999805	trials	19.0	19397.083582999996	19398.645558999997	19401.795449999998	19401.986459999996	19396.315171	19400.894612999997	19402.535	19404.065	1.0	1.0	1.0	1.0					
19408.085	32.35000000000218	trials	19.0	19435.560109	19436.686948	19438.264429	19438.439747999997	19435.036623999997	19437.369185999996	19439.015	19440.435	1.0	1.0	1.0	1.0					
19442.5	11.840000000000146	trials	19.0	19449.244122999997	19451.025779999996	19452.137573999997	19452.272178999996	19448.268633999996	19451.421517999996	19452.835	19454.34	1.0	1.0	1.0	1.0					
19458.43	9.305000000000291	trials	19.0	19462.954149999998	19464.815948999996	19466.640206999997	19466.869561999996	19462.190307999997	19465.820357999997			1.0	1.0	1.0	1.0					
19470.265	19.44499999999971	trials	19.0	19484.843682	19485.973324	19487.380858999997	19487.579616999996	19484.182236999997	19486.457496999996	19488.045	19489.71	1.0	1.0	1.0	1.0					
19492.795	10.256000000001222	trials	19.0	19497.824285999995	19499.059338	19500.486296999996	19500.703749999997	19496.917561	19499.560404999997	19501.45	19503.051	1.0	1.0	1.0	1.0					
19505.076	15.713999999999942	trials	19.0	19514.900082999997	19516.832189999997	19518.527049999997	19518.877473999997	19514.314251999996	19517.627787999998	19519.45	19520.79	1.0	1.0	1.0	1.0					
19523.936	12.239999999997963	trials	19.0	19530.968925999998	19532.521824999996	19533.835974999998	19534.008936	19530.163512	19533.017312999997	19534.596	19536.176	1.0	1.0	1.0	1.0					
19538.197	16.01299999999901	trials	19.0	19549.134234999998	19550.470590999998	19551.918848999998	19552.067624999996	19548.272951999996	19551.023443	19552.676	19554.21	1.0	1.0	1.0	1.0					
19558.265	8.045000000001892	trials	19.0	19562.324555999996	19563.974933999998	19565.152205	19565.339483999996	19561.435374999997	19564.236374999997			1.0	1.0	1.0	1.0					
19570.756	10.12999999999738	trials	19.0	19576.4695	19578.206344	19579.793660999996	19579.93986	19575.781265999998	19578.90213			1.0	1.0	1.0	1.0					
19584.365	101.09499999999753	BlockDesign														1.0	714.0	718.0	0.0	0.0
19584.365	11.659999999999854	trials	20.0	19590.744765999996	19592.720961999996	19594.079113999996	19594.272424	19589.928647999997	19593.205287999997			1.0	1.0	0.0	3.0					
19598.567	5.712999999999738	trials	20.0	19600.174516	19601.660504999996	19603.415082999996	19604.285721999997	19596.032502	19602.085497999997			1.0	2.0	0.0	3.0					
19606.79	10.994999999998981	trials	20.0	19614.271287999996	19616.323265999996	19617.373395	19617.724460999998	19613.315844999997	19616.634599999998			1.0	1.0	0.0	3.0					
19621.795	53.69500000000335	trials	20.0	19627.044613	19628.886200999998	19674.949479999996	19675.496744999997	19626.262473999996	19629.157725999998			1.0	1.0	0.0	3.0					
19678.346	7.113999999997759	trials	20.0	19680.985327	19682.681599999996	19685.107104	19685.465042999997	19680.103241999997	19683.360873999998			1.0	2.0	0.0	3.0					
19688.596	914.0239999999976	BlockDesign														1.0	719.0	771.0	10.0	50.0
19688.596	79.6260000000002	trials	21.0	19751.231859999996	19752.779272999996	19767.807606	19768.169375999998	19750.391912999996	19755.426513			1.0	1.0	0.0	3.0					
19772.225	18.7300000000032	trials	21.0	19777.385384999998	19778.814414999997	19790.179587	19790.963458	19776.812905	19782.085567			1.0	1.0	0.0	3.0					
19793.64	12.209999999999127	trials	21.0	19801.521978999997	19802.956166999997	19805.007932999997	19805.857536999996	19800.798603999996	19803.482266			1.0	2.0	0.0	3.0					
19809.48	34.080000000001746	trials	21.0	19836.470726999996	19838.458523999998	19839.553738	19839.927816999996	19835.813088999996	19838.833699			1.0	1.0	0.0	3.0					
19843.896	6.164000000000669	trials	21.0	19845.937608999997	19847.432093999996	19849.231269999997	19850.070354999996	19843.566118	19847.569579			1.0	2.0	0.0	3.0					
19853.652	26.59400000000096	trials	21.0	19875.600618999997	19877.092491999996	19879.818481	19880.255448999997	19874.857971999998	19878.321315999998			1.0	1.0	0.0	3.0					
19882.165	15.284999999999854	trials	21.0	19889.100747999997	19890.573476999998	19895.104442999997	19895.498041	19888.121116	19892.888602	19895.775	19897.45	1.0	2.0	1.0	1.0					
19900.535	16.395000000000437	trials	21.0	19909.526426999997	19911.087575999998	19914.782247999996	19915.011587999998	19908.678314999997	19912.709819999996	19915.74	19916.93	1.0	2.0	1.0	1.0					
19919.95	15.209999999999127	trials	21.0	19930.680771999996	19932.652382999997	19933.971300999998	19934.183874	19929.733487999998	19933.080608999997			1.0	1.0	0.0	3.0					
19936.45	6.329999999998108	trials	21.0	19938.041160999997	19939.504847999997	19942.233619	19942.788362999996	19936.914672	19940.561222999997			1.0	2.0	0.0	3.0					
19946.636	4.6490000000012515	trials	21.0	19948.346142	19949.727765999996	19950.937335	19951.119465999996	19947.108741999997	19950.177065999997			1.0	1.0	0.0	3.0					
19953.326	7.008999999998196	trials	21.0	19955.373401999997	19957.181221	19958.322631999996	19958.635593	19954.278492999998	19957.351028999998	19959.31	19960.335	1.0	2.0	1.0	1.0					
19963.355	15.588999999999942	trials	21.0	19973.616873	19975.213073999996	19978.461063999996	19978.939816	19972.804001999997	19976.210262999997			1.0	2.0	0.0	3.0					
19981.941	7.174000000002707	trials	21.0	19983.621580999996	19985.653563999997	19987.005978999998	19987.207248	19981.969089	19986.111243999996	19987.75	19989.115	1.0	1.0	1.0	1.0					
19992.152	21.173000000002503	trials	21.0	20007.688170999998	20008.993406999998	20012.623451999996	20012.939883999996	20006.840962	20009.871281999996			1.0	2.0	0.0	3.0					
20015.39	4.540000000000873	trials	21.0	20017.306458999996	20018.402106999998	20019.605062	20019.782628999998	20015.572393	20018.762979			1.0	1.0	0.0	3.0					
20021.935	38.92499999999927	trials	21.0	20054.961972999998	20056.440165999997	20058.792508	20059.026078	20054.153188999997	20057.85058			1.0	1.0	0.0	3.0					
20061.17	6.040000000000873	trials	21.0	20063.148309999997	20064.718425	20066.868555999998	20067.032623	20060.867229999996	20064.935370999996			1.0	2.0	0.0	3.0					
20071.216	32.10399999999936	trials	21.0	20096.737401	20098.158998	20101.137153999996	20101.419624	20095.821921999996	20098.916865	20101.89	20103.32	1.0	2.0	1.0	1.0					
20107.34	7.8770000000004075	trials	21.0	20110.398678999998	20111.836301999996	20113.837967999996	20115.060834999997	20109.523406999997	20112.571224999996			1.0	2.0	0.0	3.0					
20116.155	7.855999999999767	trials	21.0	20118.742454999996	20120.744289	20121.98635	20122.060911999997	20117.830037999996	20121.169302	20122.685	20124.011	1.0	1.0	1.0	1.0					
20126.096	17.278999999998632	trials	21.0	20136.418007999997	20137.904360999997	20140.602906999997	20140.886613	20135.765933999995	20138.527164	20141.265	20143.375	1.0	2.0	1.0	1.0					
20146.152	8.213000000003376	trials	21.0	20150.038065999997	20151.682576	20153.746940999998	20153.780229999997	20149.287551999998	20152.324484999997			1.0	2.0	0.0	3.0					
20156.17	5.676000000003114	trials	21.0	20158.002303999998	20159.989329999997	20161.451001999998	20161.605934	20157.184718999997	20160.688004999996			1.0	1.0	0.0	3.0					
20163.85	17.3550000000032	trials	21.0	20171.313774	20173.374378999997	20179.195173999997	20179.620215999996	20170.335106	20174.658669999997			1.0	1.0	0.0	3.0					
20181.576	8.059999999997672	trials	21.0	20183.492553999997	20185.365078	20186.527142999996	20186.951592999998	20181.215174999998	20185.669287999997	20187.305	20189.636	1.0	2.0	1.0	1.0					
20193.655	9.99500000000262	trials	21.0	20197.217234999996	20198.362302999998	20201.147809	20201.372672999998	20196.308992	20199.133465	20201.886	20203.65	1.0	2.0	1.0	1.0					
20205.685	15.639999999999418	trials	21.0	20213.182587999996	20214.594665999997	20217.804954	20218.304495999997	20212.380339999996	20215.587579			1.0	2.0	0.0	3.0					
20222.19	4.635000000002037	trials	21.0	20223.833067999996	20224.969377999998	20226.436974999997	20226.618501999998	20221.334494	20225.4279			1.0	1.0	0.0	3.0					
20229.846	8.734000000000378	trials	21.0	20231.78776	20232.750128999996	20238.017212	20238.591600999996	20230.028238	20232.744327999997			1.0		0.0	2.0					
20238.826	14.90899999999965	trials	21.0	20248.399383999997	20249.574844	20251.312383999997	20251.555616999998	20247.523007999996	20250.424539999996	20251.945	20253.735	1.0	2.0	1.0	1.0					
20256.816	18.08400000000256	trials	21.0	20268.257992	20270.271586	20272.719531	20274.911457	20267.505231999996	20270.878047			1.0	2.0	0.0	3.0					
20276.036	5.949000000000524	trials	21.0	20278.142588999995	20279.894675999996	20281.555647999998	20281.951881999998	20277.195657999997	20280.204513999997			1.0	1.0	0.0	3.0					
20285.987	7.672999999998865	trials	21.0	20287.658216999997	20288.849512999997	20291.263743999996	20291.741057999996	20286.276195	20289.305366999997	20292.025	20293.66	1.0	2.0	1.0	1.0					
20295.721	22.914999999997235	trials	21.0	20310.597896999996	20311.97947	20316.099341999998	20316.444854999998	20310.072948999998	20313.399779999996	20316.82	20318.636	1.0	2.0	1.0	1.0					
20321.71	14.220000000001164	trials	21.0	20329.363702	20331.244875999997	20334.319623999996	20335.939535999998	20328.370719	20331.982737			1.0	2.0	0.0	3.0					
20338.75	6.180000000000291	trials	21.0	20340.689619999997	20341.802595999998	20344.596841	20344.805598999996	20339.251184999997	20342.927873999997			1.0	1.0	0.0	3.0					
20348.009	6.39600000000064	trials	21.0	20349.738597999996	20351.070228999997	20353.998706	20354.408053	20348.420244999998	20351.938098			1.0	2.0	0.0	3.0					
20358.421	5.689000000002125	trials	21.0	20360.26804	20362.115006999997	20363.725173	20364.109751999997	20358.826296999996	20362.671012			1.0	1.0	0.0	3.0					
20366.096	6.877999999996973	trials	21.0	20368.073763999997	20369.100846999998	20372.570811999998	20372.900795999998	20367.371199999998	20369.915772999997			1.0	2.0	0.0	3.0					
20376.996	8.03399999999965	trials	21.0	20379.553301999997	20381.631288999997	20384.031897999997	20384.049585999997	20378.894669999998	20383.158579			1.0	1.0	0.0	3.0					
20388.42	33.09100000000035	trials	21.0	20413.525419999998	20414.680260999998	20420.604273999998	20421.518094	20412.931138999997	20417.654745999997			1.0	2.0	0.0	3.0					
20423.002	7.3879999999990105	trials	21.0	20425.468736	20427.175382999998	20429.966109999998	20430.400669	20424.467812	20427.684076999998			1.0	1.0	0.0	3.0					
20434.325	17.125	trials	21.0	20443.348455	20445.444164999997	20449.262111999997	20449.519149999996	20442.446763999997	20447.564664999998	20449.895	20451.45	1.0	2.0	1.0	1.0					
20454.471	15.083999999998923	trials	21.0	20461.633779999996	20463.320845	20467.112576999996	20467.394797999998	20461.023501999996	20464.873208999998	20467.971	20469.555	1.0	2.0	1.0	1.0					
20472.61	12.084999999999127	trials	21.0	20478.888805	20480.408687999996	20482.249746999998	20482.661107999997	20478.097202999998	20480.913735	20482.99	20484.695	1.0	2.0	1.0	1.0					
20488.715	14.2599999999984	trials	21.0	20496.414374999997	20497.826171999997	20500.341956999997	20500.889748999998	20495.826252	20498.559800999996	20501.1	20502.975	1.0	2.0	1.0	1.0					
20505.126	16.174999999999272	trials	21.0	20514.739428999997	20515.805523999996	20518.485452999998	20519.078546999997	20514.064634	20516.964996999995	20519.261	20521.301	1.0	2.0	1.0	1.0					
20523.344	13.96099999999933	trials	21.0	20531.324814999996	20532.705819	20536.414953999996	20537.318537999996	20530.499418	20533.493793999998			1.0	2.0	0.0	3.0					
20539.765	15.380000000001019	trials	21.0	20547.276159999998	20549.010674999998	20552.568805	20552.939144999997	20546.696844	20549.967540999998	20553.29	20555.145	1.0	2.0	1.0	1.0					
20559.18	11.739999999997963	trials	21.0	20563.949834999996	20565.685757999996	20568.993927999996	20570.93206	20563.26374	20566.486806999997			1.0	2.0	0.0	3.0					
20571.561	9.423999999999069	trials	21.0	20574.169303	20575.652313	20580.554996	20580.935244999997	20573.179356999997	20576.68494			1.0	2.0	0.0	3.0					
20583.03	19.590000000000146	trials	21.0	20598.209827	20599.61282	20602.511835999998	20603.774685999997	20597.634243999997	20600.752173999997			1.0	2.0	0.0	3.0					
20605.871	1172.8539999999994	BlockDesign														1.0	772.0	834.0	50.0	10.0
20605.871	7.689000000002125	trials	22.0	20609.489954999997	20610.883003999996	20613.158161	20613.574113999995	20608.691386	20611.974312			1.0	1.0	0.0	3.0					
20617.566	6.0	trials	22.0	20619.579638999996	20620.856481999996	20622.194940999998	20623.577182999998	20618.099004999996	20621.377905999998			1.0	2.0	0.0	3.0					
20625.56	49.13999999999942	trials	22.0	20670.669744	20671.824332999997	20673.918921999997	20674.710840999996	20669.830887999997	20672.478427			1.0	2.0	0.0	3.0					
20677.35	44.125	trials	22.0	20713.875364999996	20715.943283999997	20718.394557999996	20719.217987999997	20712.950598999996	20716.847026999996			1.0	2.0	0.0	3.0					
20721.889	6.876000000000204	trials	22.0	20723.611514999997	20724.711558999996	20726.693325999997	20726.933256999997	20721.489638999996	20725.764791999998	20727.4	20728.765	1.0	1.0	1.0	1.0					
20730.85	13.755000000001019	trials	22.0	20737.736622999997	20739.039764999998	20742.313336	20742.575840999998	20736.960667	20740.890907999998	20743.096	20744.605	1.0	1.0	1.0	1.0					
20746.666	14.993999999998778	trials	22.0	20754.720446	20756.060284	20761.266488999998	20761.392593999997	20754.107932	20759.765601			1.0	1.0	0.0	3.0					
20763.67	7.551000000003114	trials	22.0	20765.310387999998	20766.873045999997	20770.443256	20770.967544999996	20764.434538999998	20767.266271999997			1.0	2.0	0.0	3.0					
20775.301	8.28900000000067	trials	22.0	20777.519871999997	20778.772365999997	20781.621219999997	20781.833757999997	20776.722991	20780.426692999998	20782.285	20783.59	1.0	1.0	1.0	1.0					
20787.652	9.853000000002794	trials	22.0	20791.480008	20793.007056	20795.171049999997	20795.560884	20790.687309999998	20794.110875	20795.886	20797.505	1.0	1.0	1.0	1.0					
20801.543	13.891999999999825	trials	22.0	20806.810214999998	20808.365877999997	20812.849240999996	20813.100405999998	20805.905615999996	20810.173830999996	20813.69	20815.435	1.0	1.0	1.0	1.0					
20817.516	13.93500000000131	trials	22.0	20825.116905	20826.267326999998	20831.001769	20831.464022999997	20824.417641999997	20829.723747999997			1.0	1.0	0.0	3.0					
20834.46	7.405000000002474	trials	22.0	20836.752160999997	20838.472732	20841.359383999996	20841.400788	20835.836274999998	20839.360902999997			1.0	2.0	0.0	3.0					
20843.824	11.181000000000495	trials	22.0	20846.995770999998	20848.112608999996	20852.624808999997	20852.681338	20846.17389	20851.405016999997	20853.31	20855.005	1.0	1.0	1.0	1.0					
20857.134	16.14600000000064	trials	22.0	20863.890785999996	20865.138376	20870.513368999997	20870.780620999998	20863.15687	20866.323803999996	20871.145	20873.28	1.0	1.0	1.0	1.0					
20875.346	12.683999999997468	trials	22.0	20880.448177	20881.824600999997	20885.864687999998	20886.037479	20879.940091999997	20883.673638999997	20886.495	20888.03	1.0	1.0	1.0	1.0					
20892.051	15.20600000000195	trials	22.0	20903.601303999996	20905.189562999996	20906.797461	20907.223071999997	20902.714323999997	20905.739905			1.0	1.0	0.0	3.0					
20910.257	14.018000000000029	trials	22.0	20915.501288999996	20917.659365999996	20923.749302999997	20924.289051999996	20914.698339	20918.405691999997			1.0	2.0	0.0	3.0					
20926.23	37.85000000000218	trials	22.0	20959.436082999997	20961.043021999998	20963.441919999997	20964.091140999997	20958.543501999997	20962.174839			1.0	2.0	0.0	3.0					
20965.771	56.08399999999892	trials	22.0	21016.987673999996	21018.732002999997	21020.296500999997	21020.599213999998	21016.308852	21019.525274999996			1.0	1.0	0.0	3.0					
21023.626	4.299999999999272	trials	22.0	21025.706739999998	21025.853052			21024.354728	21025.847235999998			1.0		0.0	2.0					
21030.935	9.0099999999984	trials	22.0	21034.036890999996	21035.968181999997	21037.824259999998	21038.013188999998	21033.377292999998	21036.956508999996	21038.58	21039.945	1.0	1.0	1.0	1.0					
21043.971	11.753999999997177	trials	22.0	21048.211815	21050.091543999995	21053.573237999997	21053.827247999998	21047.629985999996	21052.105130999997	21054.315	21055.725	1.0	1.0	1.0	1.0					
21059.851	9.209000000002561	trials	22.0	21064.372094	21066.330374999998	21068.718305	21068.899340999997	21063.837069999998	21067.801058999998			1.0	1.0	0.0	3.0					
21073.14	13.425999999999476	trials	22.0	21081.976699	21083.900553999996	21085.838900999996	21086.577953999997	21080.976959999996	21084.564303			1.0	2.0	0.0	3.0					
21090.253	20.031999999999243	trials	22.0	21106.971765	21108.151664999998	21109.884877999997	21110.241930999997	21106.088671999998	21109.092290999997			1.0	1.0	0.0	3.0					
21113.281	24.979999999999563	trials	22.0	21134.092037	21136.043929999996	21137.749143999998	21138.276300999998	21133.369950999997	21136.827288999997			1.0	1.0	0.0	3.0					
21140.152	8.38300000000163	trials	22.0	21142.297199999997	21144.089915999997	21148.204460999998	21148.551138	21141.563363999998	21145.279790999997			1.0	2.0	0.0	3.0					
21150.545	17.135000000002037	trials	22.0	21163.997523	21165.562045	21167.346680999995	21167.515283999997	21163.002961	21166.543427999997			1.0	1.0	0.0	3.0					
21170.69	5.8400000000001455	trials	22.0	21172.447505999997	21174.527894	21175.598194	21175.950191999997	21171.082977	21174.445569999996			1.0	1.0	0.0	3.0					
21178.94	19.80500000000029	trials	22.0	21189.726930999997	21190.910395	21196.544551	21196.798923	21188.944745999997	21194.873010999996	21181.46	21198.745	1.0	1.0	1.0	1.0					
21200.765	20.279999999998836	trials	22.0	21207.03274	21208.450980999998	21220.305034999998	21221.056749999996	21206.224978	21209.937046			1.0	2.0	0.0	3.0					
21224.765	6.729999999999563	trials	22.0	21226.66278	21228.030582	21229.223316999996	21229.350441999995	21224.742233999998	21228.441751	21229.86	21231.495	1.0	1.0	1.0	1.0					
21233.64	16.06999999999971	trials	22.0	21242.982240999998	21244.345093999997	21247.400853999996	21247.569207999997	21242.34365	21246.333564999997	21248.18	21249.71	1.0	1.0	1.0	1.0					
21252.726	12.957000000002154	trials	22.0	21259.903995999997	21261.291445	21265.267937999997	21265.651542999996	21259.316284999997	21263.736131999998			1.0	2.0	0.0	3.0					
21269.615	5.369999999998981	trials	22.0	21271.677535	21272.986071999996	21274.579842999996	21274.728573999997	21270.702788999995	21273.627818999998			1.0	1.0	0.0	3.0					
21279.03	5.17500000000291	trials	22.0	21280.962985	21282.734183999997	21283.820417999996	21284.123463999997	21279.166821	21283.045080999997			1.0	1.0	0.0	3.0					
21286.235	10.049999999999272	trials	22.0	21291.836782	21293.534988999996	21295.894733999998	21296.257637999995	21291.172254999998	21293.903755			1.0	2.0	0.0	3.0					
21299.346	21.98400000000038	trials	22.0	21313.158109999997	21315.016331	21320.214024999997	21321.34438	21312.506121	21317.459637999997			1.0	2.0	0.0	3.0					
21324.565	45.1150000000016	trials	22.0	21363.512977	21364.663568999997	21368.558642999997	21369.695968999997	21362.645359	21366.374745999998			1.0	2.0	0.0	3.0					
21372.965	9.244999999998981	trials	22.0	21378.177905999997	21380.214262999998	21381.409420999997	21381.606265	21377.509995999997	21380.206734999996			1.0		0.0	2.0					
21386.215	22.32999999999811	trials	22.0	21400.614563999996	21401.921733999996	21407.959166999997	21408.561954999997	21400.100382999997	21405.013790999998			1.0	2.0	0.0	3.0					
21412.421	12.239000000001397	trials	22.0	21419.489958	21421.733599	21422.800592999996	21423.021468	21418.960389999997	21422.083518999996	21423.435	21424.66	1.0	1.0	1.0	1.0					
21428.676	10.70600000000195	trials	22.0	21434.696108999997	21435.82849	21438.926	21439.382200999997	21434.017722999997	21437.878255			1.0	1.0	0.0	3.0					
21441.35	7.036000000000058	trials	22.0	21443.110286	21445.128280999998	21447.625919	21448.388175999997	21442.381561	21445.669738999997			1.0	2.0	0.0	3.0					
21450.032	7.833000000002357	trials	22.0	21451.95509	21453.70682	21455.786279999997	21456.008931999997	21450.678110999997	21454.547851	21456.44	21457.865	1.0	1.0	1.0	1.0					
21460.886	19.65899999999965	trials	22.0	21469.290180999997	21470.832352999998	21477.175414999998	21477.594145	21468.463043	21475.626317			1.0	1.0	0.0	3.0					
21480.596	6.0789999999979045	trials	22.0	21482.23045	21484.220289999997	21486.241342999998	21486.652332999998	21480.546082999997	21484.549901			1.0	1.0	0.0	3.0					
21489.605	12.03099999999904	trials	22.0	21496.705736	21498.703200999997	21501.187069	21501.613802	21495.904234999998	21499.503244			1.0	1.0	0.0	3.0					
21505.625	9.830000000001746	trials	22.0	21509.620289	21511.355800999998	21515.124066999997	21517.659298	21508.867187	21512.063918			1.0	2.0	0.0	3.0					
21517.465	12.795999999998457	trials	22.0	21523.135078	21524.204629	21529.193806	21530.262748999998	21522.516472	21528.103612			1.0	1.0	0.0	3.0					
21531.605	33.08499999999913	trials	22.0	21558.525679	21560.038590999997	21564.283983999998	21564.445777999998	21557.928505	21563.235997			1.0	1.0	0.0	3.0					
21568.735	8.294999999998254	trials	22.0	21570.307206999998	21572.117491999998	21576.427945	21577.032894999997	21569.151563	21572.911823			1.0	2.0	0.0	3.0					
21579.905	8.780000000002474	trials	22.0	21581.825163999998	21583.188131	21584.362103	21584.497198999998	21580.367757	21583.632189	21585.069	21588.685	1.0	1.0	1.0	1.0					
21592.765	15.275000000001455	trials	22.0	21599.635165	21600.792312999998	21607.601811999997	21607.986208	21599.016173	21604.101002			1.0	2.0	0.0	3.0					
21612.015	5.56000000000131	trials	22.0	21614.155755999996	21615.778193	21617.168477	21617.233127	21613.151160999998	21616.268799999998			1.0	1.0	0.0	3.0					
21619.625	57.5109999999986	trials	22.0	21673.831002	21675.052875999998			21673.243221999997	21675.041645999998			1.0		0.0	2.0					
21679.186	16.6449999999968	trials	22.0	21691.121164999997	21693.121733999997	21695.401156	21695.834697	21690.232676	21694.640174999997			1.0	1.0	0.0	3.0					
21697.75	6.973999999998341	trials	22.0	21699.371282999997	21701.317481	21702.627632999996	21702.839422999998	21698.845759	21701.897332999997	21703.361	21704.724	1.0	1.0	1.0	1.0					
21707.811	16.57499999999709	trials	22.0	21717.086224	21718.163085999997	21722.389238	21722.544834999997	21716.418730999998	21720.997852999997	21723.13	21724.386	1.0	1.0	1.0	1.0					
21726.405	23.825000000000728	trials	22.0	21736.696427	21738.230151999996	21748.001459	21748.316403999997	21736.180228999998	21746.518985	21748.88	21750.23	1.0	1.0	1.0	1.0					
21754.246	11.994000000002416	trials	22.0	21759.116516	21761.19243	21765.887910999998	21766.123784	21758.335423999997	21763.086393999998			1.0	1.0	0.0	3.0					
21769.25	9.474999999998545	trials	22.0	21772.675024999997	21774.752351	21776.626256	21776.806329	21771.977830999997	21775.819598	21777.375	21778.725	1.0	1.0	1.0	1.0					
21780.778	202.3060000000005	BlockDesign														0.0	835.0	846.0	50.0	0.0
21780.778	18.582000000002154	trials	23.0	21794.018149	21795.636634	21797.214152999997	21797.320098999997	21793.136293	21796.274868999997	21797.926	21799.36	2.0	1.0	1.0	1.0					
21803.401	9.411999999996624	trials	23.0	21808.751383	21810.810172999998	21812.309643999997	21812.753128999997	21807.802569	21811.257598999997			2.0	1.0	0.0	3.0					
21814.735	10.794999999998254	trials	23.0	21820.281823999998	21821.479795	21823.08699	21823.242471999998	21819.452632999997	21822.170718999998	21823.75	21825.53	2.0	1.0	1.0	1.0					
21828.625	10.255000000001019	trials	23.0	21834.511429	21835.825266999997	21838.458484	21838.845512	21833.577243	21837.511958			2.0	1.0	0.0	3.0					
21840.905	9.81800000000294	trials	23.0	21844.90697	21846.736150999997	21848.359384	21848.529574999997	21844.178658999997	21847.383637			2.0	1.0	0.0	3.0					
21850.785	7.200000000000728	trials	23.0	21852.511262	21854.435200999997	21855.890274999998	21856.131061999997	21850.722321999998	21854.557524999997	21856.735	21857.985	2.0	1.0	1.0	1.0					
21861.073	14.281999999999243	trials	23.0	21868.317074	21869.640456999998	21872.948335999998	21873.146198	21867.693839	21872.100199999997	21873.721	21875.355	2.0	1.0	1.0	1.0					
21879.42	10.993000000002212	trials	23.0	21886.518216999997	21888.258271	21889.982705	21890.416494999998	21885.621313	21888.893578			2.0	1.0	0.0	3.0					
21892.405	38.85599999999977	trials	23.0	21895.357373	21896.653383999997	21930.907047999997	21931.123064	21894.743732	21908.131860999998			2.0	1.0	0.0	3.0					
21934.293	22.146999999997206	trials	23.0	21949.551948999997	21950.875601	21954.334923	21954.560587	21948.639872	21953.52854	21955.096	21956.44	2.0	1.0	1.0	1.0					
21958.324	12.181000000000495	trials	23.0	21964.622098999997	21966.337237	21968.197377999997	21968.552046999997	21963.944141	21967.367137999998	21969.051	21970.505	2.0	1.0	1.0	1.0					
21974.596	8.487999999997555	trials	23.0	21978.67699	21980.286960999998	21982.659463999997	21983.068113999998	21977.734077999998	21981.605632			2.0	1.0	0.0	3.0					
