onset	duration	nwb_table	block	tone_on_time	tone_off_time	action_on_time	action_off_time	pokeC_on_time	pokeC_off_time	reward_on_time	reward_off_time	state	action	reward	result	FinishedBlock	FirstTrial	LastTrial	RewardRule_L	RewardRule_R
2.658	409.21	BlockDesign														1.0	1.0	26.0	50.0	0.0
2.658	6.014000000000001	trials	1.0	4.275451999999999	6.257327999999999	8.155358999999999	8.672348	3.114731999999999	6.997509999999998			2.0	1.0	0.0	3.0					
10.607	17.59	trials	1.0	23.45702	24.657449	26.237	26.455947	22.679793	25.272721999999998	26.993	28.197	2.0	1.0	1.0	1.0					
32.289	7.992999999999995	trials	1.0	36.26574	37.852164	39.581995	40.280426	35.273272	38.246573			2.0	1.0	0.0	3.0					
42.938	12.218999999999994	trials	1.0	50.675818	52.356871	54.509648	55.159742	49.871148	52.974623			2.0	2.0	0.0	3.0					
56.948	11.598999999999997	trials	1.0	62.195658	64.09209999999999	67.414211	68.55017799999999	61.270888	66.12515099999999			2.0	2.0	0.0	3.0					
69.838	19.299000000000007	trials	1.0	82.77077700000001	84.062475	88.511438	89.13972799999999	82.138035	85.471914			2.0	1.0	0.0	3.0					
91.902	17.64	trials	1.0	103.18087700000001	105.138158	107.691764	107.877993	102.244518	105.58904999999999	108.362	109.542	2.0	1.0	1.0	1.0					
113.636	5.841000000000008	trials	1.0	115.26604499999999	117.265017	118.78620799999999	119.47609499999999	113.922506	117.215664			2.0	2.0	0.0	3.0					
121.297	18.090000000000003	trials	1.0	131.941331	133.757394	136.768017	137.023181	131.422785	134.649519	137.467	139.387	2.0	1.0	1.0	1.0					
142.482	10.235000000000014	trials	1.0	146.44086299999998	147.81744	150.63200799999998	150.916548	145.67390799999998	148.799409	151.357	152.717	2.0	1.0	1.0	1.0					
156.799	6.257999999999981	trials	1.0	158.615729	160.334141	162.09299099999998	163.058115	157.94333699999999	161.195976			2.0	1.0	0.0	3.0					
164.512	14.759999999999991	trials	1.0	174.490805	176.456415	178.286174	179.273744	173.78346	177.464046			2.0	1.0	0.0	3.0					
180.782	24.835999999999984	trials	1.0	200.44600499999999	202.309596	203.56707899999998	203.73413399999998	199.66901	202.534575	204.297	205.618	2.0	1.0	1.0	1.0					
208.632	18.86099999999999	trials	1.0	221.873096	223.03139099999999	224.81512899999998	225.075618	220.896207	224.027702	225.527	227.493	2.0	1.0	1.0	1.0					
229.542	8.664999999999992	trials	1.0	233.87276699999998	235.742501	237.584671	238.210893	233.237009	236.51416999999998			2.0	2.0	0.0	3.0					
241.961	10.455999999999989	trials	1.0	247.45782599999998	249.277829	251.459213	252.417569	246.57947299999998	249.483959			2.0	1.0	0.0	3.0					
253.837	15.555000000000007	trials	1.0	263.066126	264.32405	267.46324	267.631658	262.274654	265.233971	268.107	269.392	2.0	1.0	1.0	1.0					
272.43	9.831999999999994	trials	1.0	277.35179	279.068016	280.949787	282.26599	276.770712	279.423743			2.0	1.0	0.0	3.0					
285.462	13.305000000000007	trials	1.0	294.016386	295.892129	298.116918	298.768288	293.338998	296.561913			2.0	1.0	0.0	3.0					
300.497	20.894999999999982	trials	1.0	315.41112499999997	317.38347	319.730284	320.270355	314.479607	317.713256			2.0	2.0	0.0	3.0					
323.22	21.72199999999998	trials	1.0	338.841888	340.183452	342.974327	343.206591	337.949382	341.335204	343.707	344.942	2.0	1.0	1.0	1.0					
347.038	10.699000000000012	trials	1.0	351.516894	353.14097399999997	356.214751	356.903667	350.85408	353.785578			2.0	2.0	0.0	3.0					
358.705	7.201999999999998	trials	1.0	360.410792	361.273328	365.43926	365.906008	357.73639199999997	361.26390299999997			2.0		0.0	2.0					
367.357	10.924999999999955	trials	1.0	373.052139	374.940883	376.270848	376.615052	372.533993	375.411948	376.922	378.282	2.0	1.0	1.0	1.0					
382.352	7.045000000000016	trials	1.0	384.792201	386.07317	388.796244	389.396955	384.020743	387.165462			2.0	1.0	0.0	3.0					
391.357	20.510999999999967	trials	1.0	404.102131	405.762872	410.00503399999997	410.200407	403.20534499999997	406.269459	410.692	411.868	2.0	1.0	1.0	1.0					
413.942	392.93999999999994	BlockDesign														1.0	27.0	49.0	0.0	50.0
413.942	13.29000000000002	trials	2.0	421.476836	422.778632	425.339874	425.918835	420.541049	423.161246			3.0	2.0	0.0	3.0					
429.788	19.18399999999997	trials	2.0	443.30237	444.513627	448.540203	448.885362	442.770447	445.163328			3.0	1.0	0.0	3.0					
451.042	16.440000000000055	trials	2.0	461.137639	462.868569	465.693845	466.109687	460.151294	463.281021	466.383	467.482	3.0	2.0	1.0	1.0					
470.502	8.779999999999973	trials	2.0	474.731984	476.357292	478.712213	479.282902	474.142848	476.686997			3.0	2.0	0.0	3.0					
481.082	16.215000000000032	trials	2.0	491.321733	493.023633	496.73047099999997	497.301264	490.501402	493.69971			3.0	2.0	0.0	3.0					
499.152	18.314999999999998	trials	2.0	513.2368590000001	514.683707	517.105185	517.440287	512.259753	515.510792			3.0	1.0	0.0	3.0					
521.556	13.365999999999985	trials	2.0	529.09244	531.1747340000001	533.114039	533.58686	528.530168	532.1120400000001	533.722	534.922	3.0	2.0	1.0	1.0					
538.02	7.247000000000071	trials	2.0	540.72708	542.7039490000001	544.7129970000001	545.266835	539.9422000000001	543.422756			3.0	2.0	0.0	3.0					
547.092	49.414999999999964	trials	2.0	592.563021	593.7638860000001	596.196053	596.5105580000001	591.560694	593.755845			3.0		0.0	2.0					
598.828	9.844000000000051	trials	2.0	602.4988360000001	603.9471880000001	606.7718130000001	607.192703	601.825676	604.78133	607.397	608.672	3.0	2.0	1.0	1.0					
610.692	10.80499999999995	trials	2.0	616.1169540000001	618.143225	620.902941	621.501329	615.194162	618.837608			3.0	2.0	0.0	3.0					
625.413	11.754000000000019	trials	2.0	631.123823	632.920032	635.686016	636.4520070000001	630.366263	633.6306810000001			3.0	2.0	0.0	3.0					
639.125	18.98199999999997	trials	2.0	653.8575060000001	655.490616	657.573915	658.1100540000001	652.960137	656.1749080000001			3.0	1.0	0.0	3.0					
660.052	13.829999999999927	trials	2.0	667.5977780000001	668.949198	671.874821	672.336084	666.7948230000001	669.9125680000001	672.52	673.882	3.0	2.0	1.0	1.0					
677.973	7.734000000000037	trials	2.0	680.717834	682.4606610000001	684.9830760000001	685.710629	679.806678	683.182535			3.0	2.0	0.0	3.0					
687.475	15.893000000000029	trials	2.0	696.52733	698.0458160000001	701.371248	701.8542940000001	695.886597	699.064736	702.127	703.368	3.0	2.0	1.0	1.0					
706.387	11.800000000000068	trials	2.0	711.4426870000001	713.595093	716.1460000000001	716.569247	710.550096	714.18956	716.917	718.187	3.0	2.0	1.0	1.0					
722.247	6.338000000000079	trials	2.0	724.5725940000001	725.8641190000001	727.861176	728.5869660000001	723.944685	726.5290650000001			3.0	2.0	0.0	3.0					
730.208	15.609000000000037	trials	2.0	740.438625	742.32987	745.3060780000001	745.820003	739.5784480000001	742.805744			3.0	1.0	0.0	3.0					
747.722	19.350000000000023	trials	2.0	762.692942	764.7361380000001	766.3869530000001	767.073242	762.172983	764.7909960000001			3.0	1.0	0.0	3.0					
768.825	14.15199999999993	trials	2.0	776.687906	777.759755	780.8109300000001	781.260848	775.9348080000001	778.9884330000001	781.497	782.977	3.0	2.0	1.0	1.0					
787.039	6.442999999999984	trials	2.0	789.374507	790.678074	792.8190810000001	793.4825930000001	788.424215	791.0685900000001			3.0	2.0	0.0	3.0					
795.255	11.626999999999953	trials	2.0	802.5282040000001	804.454367	806.776421	807.3314290000001	801.6953050000001	804.5654440000001			3.0	2.0	0.0	3.0					
811.217	860.696	BlockDesign														1.0	50.0	97.0	50.0	50.0
811.217	23.565000000000055	trials	3.0	831.312899	832.501388	834.016293	834.7856280000001	830.3488090000001	832.7952250000001			2.0	1.0	0.0	3.0					
837.446	9.672000000000025	trials	3.0	843.4526850000001	845.076396	846.6196030000001	847.068699	842.466305	845.1694960000001			2.0	1.0	0.0	3.0					
851.107	6.965000000000032	trials	3.0	852.9479550000001	854.573511	856.1480160000001	856.525016	851.8978340000001	855.091793	856.748	858.072	3.0	2.0	1.0	1.0					
861.102	8.879999999999995	trials	3.0	863.8786650000001	865.2961730000001	867.9027410000001	868.073258	862.9571490000001	866.267555	868.663	869.982	2.0	1.0	1.0	1.0					
872.022	10.079999999999927	trials	3.0	878.099187	879.546809	881.542586	882.102932	877.3462760000001	880.1598690000001			3.0	2.0	0.0	3.0					
884.043	15.245000000000005	trials	3.0	893.503635	895.3244860000001	897.467379	897.855306	892.649756	895.6782820000001	898.042	899.288	3.0	2.0	1.0	1.0					
902.317	7.801000000000045	trials	3.0	905.08866	906.3304890000001	908.255085	908.415971	904.375754	906.928941	908.967	910.118	2.0	1.0	1.0	1.0					
912.137	8.717000000000098	trials	3.0	916.2780180000001	917.7594220000001	920.4107200000001	920.846319	915.641687	918.0237800000001			3.0	1.0	0.0	3.0					
923.772	12.375	trials	3.0	930.6787400000001	931.9398940000001	934.2851870000001	934.4478270000001	929.7322790000001	932.519676	936.137	936.147	2.0	1.0	1.0	1.0					
937.847	30.639999999999986	trials	3.0	964.209924	965.64552	967.974962	968.488382	963.6600400000001	965.643087			2.0		0.0	2.0					
971.663	8.479000000000042	trials	3.0	975.443651	977.46087	979.4676860000001	980.147246	974.872106	977.763182			3.0	2.0	0.0	3.0					
981.877	14.030000000000086	trials	3.0	991.0682790000001	992.199819	994.8272350000001	995.9095050000001	990.317313	992.816681			3.0	2.0	0.0	3.0					
999.243	8.875	trials	3.0	1002.718961	1004.3862260000001	1007.165064	1008.1189850000001	1001.7753560000001	1004.379864			3.0		0.0	2.0					
1008.397	60.46500000000003	trials	3.0	1016.33549	1017.7606850000001	1018.78539	1019.1484740000001	1015.355219	1017.882152	1019.497	1068.862	2.0	1.0	1.0	1.0					
1071.149	145.73300000000017	trials	3.0	1211.7295729999998	1212.951306	1213.787775	1213.853736	1210.9559299999999	1212.938883			3.0		0.0	2.0					
1217.962	7.780999999999949	trials	3.0	1221.619256	1222.5518479999998	1225.090508	1225.749687	1220.708833	1222.545905			2.0		0.0	2.0					
1227.722	9.345000000000027	trials	3.0	1233.034095	1234.6465249999999	1236.8484059999998	1237.073076	1232.2491539999999	1234.642824			2.0		0.0	2.0					
1239.742	10.25500000000011	trials	3.0	1244.554973	1246.356165	1248.045116	1248.333604	1244.0137889999999	1247.018102	1248.732	1249.997	3.0	2.0	1.0	1.0					
1254.087	9.9849999999999	trials	3.0	1257.5926769999999	1258.999623	1261.725281	1262.1570259999999	1256.898131	1259.678894	1262.352	1264.072	2.0	1.0	1.0	1.0					
1265.767	8.034999999999854	trials	3.0	1270.0458959999999	1271.375177	1273.239136	1273.80636	1269.507065	1271.912187			3.0	2.0	0.0	3.0					
1275.656	11.942000000000007	trials	3.0	1283.340254	1284.905532	1287.066558	1287.60402	1282.3563259999999	1284.894632			3.0		0.0	2.0					
1289.922	9.240999999999985	trials	3.0	1296.3399259999999	1297.5869659999998	1298.69343	1299.1689979999999	1295.6590139999998	1297.624253			2.0	1.0	0.0	3.0					
1301.11	13.582000000000107	trials	3.0	1309.965078	1311.602052	1314.495719	1314.6980389999999	1309.1435119999999	1311.5888869999999			2.0		0.0	2.0					
1317.637	11.559999999999945	trials	3.0	1324.2750409999999	1325.466311	1328.785046	1329.1734299999998	1323.556905	1326.334543			3.0	1.0	0.0	3.0					
1331.203	11.608999999999924	trials	3.0	1336.960953	1338.350099	1340.80215	1341.1610429999998	1336.227827	1338.9259399999999	1341.682	1342.812	2.0	1.0	1.0	1.0					
1346.899	6.943000000000211	trials	3.0	1348.5791789999998	1350.300009	1351.803852	1352.175871	1348.051146	1350.706119	1352.427	1353.842	2.0	1.0	1.0	1.0					
1356.932	8.444999999999936	trials	3.0	1361.78949	1363.166109	1364.7919439999998	1365.384258	1360.9653779999999	1363.490016			3.0	2.0	0.0	3.0					
1368.181	17.471000000000004	trials	3.0	1378.961691	1380.831162	1383.899759	1384.255391	1378.254438	1381.2673499999999	1384.587	1385.652	3.0	2.0	1.0	1.0					
1387.673	11.94900000000007	trials	3.0	1394.3996399999999	1396.161093	1399.01705	1399.6263199999999	1393.7896759999999	1396.921469			3.0	2.0	0.0	3.0					
1403.508	19.67899999999986	trials	3.0	1417.8196639999999	1419.536132	1422.4438109999999	1423.194123	1416.81125	1419.5242739999999			3.0		0.0	2.0					
1424.615	12.446999999999889	trials	3.0	1430.3104349999999	1431.5619809999998	1435.808036	1435.8872939999999	1429.7856809999998	1432.900365			2.0	1.0	0.0	3.0					
1438.218	15.013999999999896	trials	3.0	1448.1195559999999	1449.814439	1452.188517	1453.0201279999999	1447.53899	1450.991204			2.0	1.0	0.0	3.0					
1454.592	12.235999999999876	trials	3.0	1461.930324	1463.3532539999999	1466.2648669999999	1466.8334519999999	1461.153857	1464.283721			3.0	2.0	0.0	3.0					
1469.672	11.474999999999909	trials	3.0	1476.150302	1478.215925	1479.377141	1479.543405	1475.311554	1478.515295	1479.997	1481.147	2.0	1.0	1.0	1.0					
1484.188	10.304999999999836	trials	3.0	1488.5508149999998	1490.317959	1492.300119	1492.807716	1487.5741189999999	1490.538026	1492.993	1494.493	3.0	2.0	1.0	1.0					
1496.524	8.018000000000029	trials	3.0	1501.0018069999999	1502.588597	1503.613926	1504.540295	1500.0608069999998	1502.988096			2.0	1.0	0.0	3.0					
1506.977	10.649999999999864	trials	3.0	1512.944955	1514.4744349999999	1515.9681859999998	1516.120488	1511.9976239999999	1514.4555679999999	1516.712	1517.627	2.0	1.0	1.0	1.0					
1519.718	9.548999999999978	trials	3.0	1523.324979	1525.241765	1527.333617	1527.776784	1522.7953189999998	1526.479746	1528.002	1529.267	3.0	2.0	1.0	1.0					
1533.288	6.878999999999905	trials	3.0	1536.480405	1537.746606	1539.5969089999999	1540.173863	1535.8594409999998	1538.503005			2.0	1.0	0.0	3.0					
1544.027	12.559999999999945	trials	3.0	1552.051448	1553.954736	1556.0134799999998	1556.592132	1551.292767	1554.2598839999998			3.0	2.0	0.0	3.0					
1558.422	18.38499999999999	trials	3.0	1572.001836	1573.433447	1575.6495539999999	1576.811327	1571.079863	1573.926419			3.0	2.0	0.0	3.0					
1578.067	12.210000000000036	trials	3.0	1584.21582	1586.2790029999999	1588.442372	1588.698101	1583.522004	1586.93321	1589.118	1590.277	2.0	1.0	1.0	1.0					
1594.362	8.865000000000009	trials	3.0	1599.4620929999999	1601.508492	1602.736923	1603.23225	1598.7131689999999	1601.769149			2.0	1.0	0.0	3.0					
1606.18	12.626999999999953	trials	3.0	1613.3926549999999	1614.494397	1618.108589	1618.81064	1612.670858	1616.105544			2.0	1.0	0.0	3.0					
1621.532	10.521000000000186	trials	3.0	1627.676757	1629.1243399999998	1631.51355	1632.055421	1626.9978629999998	1630.398182			3.0	2.0	0.0	3.0					
1634.918	9.495000000000118	trials	3.0	1638.790154	1640.147201	1643.9937209999998	1644.313469	1637.930087	1641.015596			3.0	1.0	0.0	3.0					
1648.453	9.804000000000087	trials	3.0	1651.7854849999999	1653.70419	1656.221646	1656.666544	1650.951948	1654.21509	1657.002	1658.257	2.0	1.0	1.0	1.0					
1660.272	11.641000000000076	trials	3.0	1666.070721	1667.17407	1669.76091	1670.181944	1665.201855	1667.721554	1670.392	1671.913	3.0	2.0	1.0	1.0					
1675.937	70.71500000000015	BlockDesign														1.0	98.0	102.0	0.0	0.0
1675.937	8.43100000000004	trials	4.0	1679.842344	1681.517754	1683.793389	1684.370178	1678.9858279999999	1682.3657489999998			2.0	2.0	0.0	3.0					
1687.259	12.562999999999874	trials	4.0	1694.627702	1696.645391	1699.233155	1699.825638	1694.114529	1697.917377			2.0	1.0	0.0	3.0					
1702.664	14.502999999999929	trials	4.0	1711.9313929999998	1713.927807	1716.5561639999999	1717.173276	1711.403355	1714.410103			2.0	1.0	0.0	3.0					
1720.917	13.210000000000036	trials	4.0	1727.6205049999999	1729.170557	1733.3592469999999	1734.135579	1726.669875	1729.916182			2.0	1.0	0.0	3.0					
1737.727	8.924999999999955	trials	4.0	1742.400831	1743.892079	1746.554658	1747.05073	1741.559634	1744.479431			2.0	1.0	0.0	3.0					
1749.937	87.0	BlockDesign														1.0	103.0	107.0	0.0	0.0
1749.937	9.55600000000004	trials	5.0	1755.1865269999998	1757.1269929999999	1758.8958949999999	1759.497042	1754.552019	1757.5139159999999			3.0	2.0	0.0	3.0					
1762.323	10.55399999999986	trials	5.0	1767.4159829999999	1769.4717449999998	1772.261937	1772.882987	1766.7604469999999	1769.724861			3.0	2.0	0.0	3.0					
1777.692	33.28500000000008	trials	5.0	1807.011429	1808.6743649999999	1810.5256319999999	1810.9852819999999	1806.381872	1809.176769			3.0	2.0	0.0	3.0					
1813.967	8.57899999999995	trials	5.0	1817.2663579999999	1818.7329029999999	1821.933536	1822.5549469999999	1816.407864	1819.184928			3.0	2.0	0.0	3.0					
1826.433	10.503999999999905	trials	5.0	1832.576859	1834.416099	1836.8613329999998	1838.019221	1831.743219	1834.8879359999999			3.0	1.0	0.0	3.0					
1840.289	554.1479999999999	BlockDesign														1.0	108.0	149.0	50.0	50.0
1840.289	11.258000000000038	trials	6.0	1846.081499	1847.928308	1849.6686889999999	1849.9112519999999	1845.3229549999999	1848.657062	1850.578	1851.547	2.0	1.0	1.0	1.0					
1855.607	7.7000000000000455	trials	6.0	1858.84185	1860.322985	1862.7045349999999	1863.3111509999999	1858.065605	1860.8964389999999			3.0	2.0	0.0	3.0					
1867.147	8.535000000000082	trials	6.0	1871.666489	1872.939651	1875.16411	1875.688748	1870.691038	1873.5132389999999			3.0	2.0	0.0	3.0					
1877.622	14.684999999999945	trials	6.0	1886.691908	1888.02822	1889.9712359999999	1890.4052849999998	1885.7500909999999	1888.5312629999999	1890.812	1892.307	2.0	1.0	1.0	1.0					
1895.342	7.759999999999991	trials	6.0	1898.64159	1899.7450529999999	1902.622968	1903.107746	1897.910711	1899.7345579999999			2.0		0.0	2.0					
1904.824	11.26299999999992	trials	6.0	1909.878002	1911.81829	1914.265571	1914.784985	1908.8704189999999	1911.9550649999999	1914.932	1916.087	3.0	2.0	1.0	1.0					
1918.103	12.110999999999876	trials	6.0	1924.227776	1926.0048869999998	1929.4613749999999	1930.201977	1923.405401	1926.707743			3.0	1.0	0.0	3.0					
1932.142	9.145999999999958	trials	6.0	1936.706508	1938.0887	1940.700912	1941.294639	1936.101359	1939.115615			2.0	1.0	0.0	3.0					
1944.102	13.214999999999918	trials	6.0	1951.5074029999998	1953.149979	1955.2277119999999	1955.584674	1950.710225	1953.66033	1955.962	1957.317	3.0	2.0	1.0	1.0					
1960.342	11.695999999999913	trials	6.0	1968.472086	1969.590888	1971.253289	1972.046036	1967.8206169999999	1970.315693			2.0	1.0	0.0	3.0					
1973.743	10.538999999999987	trials	6.0	1979.356961	1981.330455	1983.473973	1984.2883789999998	1978.800914	1981.969335			2.0	1.0	0.0	3.0					
1987.897	12.965000000000146	trials	6.0	1994.912507	1996.905254	1998.5948389999999	1999.073667	1994.112093	1997.407905	1999.223	2000.862	3.0	2.0	1.0	1.0					
2004.952	8.049999999999955	trials	6.0	2007.1823689999999	2009.028803	2010.685098	2010.930097	2006.649191	2009.5344229999998	2011.357	2013.002	2.0	1.0	1.0	1.0					
2015.022	7.875	trials	6.0	2018.762328	2020.47688	2022.3466079999998	2022.9050009999999	2018.081715	2020.8447589999998			3.0	2.0	0.0	3.0					
2024.769	12.968000000000075	trials	6.0	2033.44199	2035.5413389999999	2037.1622599999998	2037.745567	2032.7781889999999	2035.480568			3.0	2.0	0.0	3.0					
2040.607	10.309999999999945	trials	6.0	2045.01251	2047.0664639999998	2049.0596010000004	2049.255939	2044.132316	2047.3409329999997	2049.687	2050.917	2.0	1.0	1.0	1.0					
2053.007	8.784000000000106	trials	6.0	2056.992479	2058.6228690000003	2061.281031	2061.7940200000003	2056.36137	2059.43723			3.0	1.0	0.0	3.0					
2063.769	10.148000000000138	trials	6.0	2069.478255	2071.209123	2073.256011	2073.926954	2068.7970450000003	2071.7533230000004			3.0	2.0	0.0	3.0					
2075.652	16.00500000000011	trials	6.0	2086.0275060000004	2087.3584140000003	2091.204792	2091.6379890000003	2085.237545	2088.2358830000003			3.0	1.0	0.0	3.0					
2095.732	12.135999999999967	trials	6.0	2101.621857	2103.435626	2105.904747	2106.3763430000004	2100.894092	2104.0837180000003	2106.727	2107.868	2.0	1.0	1.0	1.0					
2110.993	10.159000000000106	trials	6.0	2115.4534590000003	2117.302086	2119.1862810000002	2119.6072200000003	2114.621576	2117.7558120000003	2119.977	2121.152	3.0	2.0	1.0	1.0					
2124.257	8.474999999999909	trials	6.0	2127.609143	2129.4586900000004	2130.842912	2131.1760990000002	2126.989396	2129.7117740000003	2131.602	2132.732	2.0	1.0	1.0	1.0					
2135.762	6.714999999999691	trials	6.0	2138.682527	2139.898329	2141.811393	2142.4856480000003	2137.95404	2140.4313140000004			2.0	1.0	0.0	3.0					
2146.212	8.525000000000091	trials	6.0	2150.388092	2151.505641	2154.0055220000004	2154.743046	2149.600245	2152.6136970000002			2.0	1.0	0.0	3.0					
2157.43	13.376999999999953	trials	6.0	2164.48743	2165.7603430000004	2170.2311990000003	2170.816511	2163.733752	2166.8308730000003			2.0	1.0	0.0	3.0					
2172.656	12.646000000000186	trials	6.0	2180.072924	2181.540504	2183.328675	2183.7941100000003	2179.108385	2182.283874	2184.027	2185.302	3.0	2.0	1.0	1.0					
2187.442	9.42599999999993	trials	6.0	2191.942665	2193.850121	2196.2938900000004	2196.872676	2191.022249	2194.1246960000003			2.0	2.0	0.0	3.0					
2198.717	12.924999999999727	trials	6.0	2206.4127630000003	2208.2245860000003	2209.792884	2210.0195820000004	2205.7346070000003	2208.739935	2210.512	2211.642	2.0	1.0	1.0	1.0					
2214.779	6.907999999999902	trials	6.0	2217.1782660000003	2219.0550070000004	2220.766607	2221.69353	2216.53722	2219.402282			3.0	2.0	0.0	3.0					
2225.241	10.541000000000167	trials	6.0	2230.433234	2231.661392	2233.9178380000003	2234.40189	2229.7165320000004	2232.4731060000004	2234.602	2235.782	3.0	2.0	1.0	1.0					
2238.83	8.976999999999862	trials	6.0	2241.674274	2243.6495090000003	2245.334084	2245.6699230000004	2241.090968	2244.0046930000003	2245.937	2247.807	2.0	1.0	1.0	1.0					
2251.892	5.5	trials	6.0	2253.792597	2254.933638	2256.8260410000003	2257.4007810000003	2252.8586560000003	2255.505795			3.0	2.0	0.0	3.0					
2259.182	10.845000000000255	trials	6.0	2265.5230920000004	2267.2461040000003	2268.9938190000003	2269.367235	2264.8672770000003	2267.8295230000003			2.0	1.0	0.0	3.0					
2273.417	11.204999999999927	trials	6.0	2279.1577150000003	2280.7044330000003	2282.6993340000004	2283.1926080000003	2278.6260660000003	2281.3501880000003	2283.388	2284.622	3.0	2.0	1.0	1.0					
2287.667	9.735000000000127	trials	6.0	2293.63868	2295.6729130000003	2296.8591370000004	2297.4100390000003	2293.0541160000002	2295.6295990000003			3.0	2.0	0.0	3.0					
2301.292	13.110000000000127	trials	6.0	2308.407983	2310.003059	2312.449568	2312.9210040000003	2307.844466	2310.488898	2313.027	2314.402	3.0	2.0	1.0	1.0					
2316.427	9.504999999999654	trials	6.0	2321.09852	2322.6599290000004	2325.3878200000004	2325.939107	2320.331604	2322.6541070000003			3.0		0.0	2.0					
2326.872	11.725000000000364	trials	6.0	2332.943036	2334.240608	2336.360153	2336.5447080000004	2332.334801	2335.2015960000003	2337.097	2338.597	2.0	1.0	1.0	1.0					
2341.613	6.354000000000269	trials	6.0	2344.8180970000003	2345.865494	2347.1493050000004	2347.974178	2344.033101	2346.50691			2.0	1.0	0.0	3.0					
2350.564	15.663000000000011	trials	6.0	2359.608522	2360.783234	2363.521671	2363.970389	2358.75734	2361.6159770000004	2364.362	2366.227	2.0	1.0	1.0	1.0					
2368.321	9.411000000000058	trials	6.0	2373.5088250000003	2375.1363490000003	2376.856014	2377.5024240000002	2372.510454	2375.670153			2.0	1.0	0.0	3.0					
2379.213	15.223999999999705	trials	6.0	2389.278468	2390.667159	2392.3455510000003	2392.7737770000003	2388.41292	2391.144581	2393.092	2394.437	3.0	2.0	1.0	1.0					
2396.533	312.4200000000001	BlockDesign														1.0	150.0	174.0	50.0	90.0
2396.533	9.954000000000178	trials	7.0	2402.453304	2402.6954990000004			2401.6025120000004	2402.6901850000004			1.0		0.0	2.0					
2408.792	13.345000000000255	trials	7.0	2415.533577	2417.365059	2420.057753	2420.2301850000003	2414.6754060000003	2418.0965410000003	2420.797	2422.137	1.0	1.0	1.0	1.0					
2425.157	8.134999999999764	trials	7.0	2427.215021	2428.470533	2431.633343	2431.8056960000004	2426.5290050000003	2429.314308	2432.307	2433.292	1.0	1.0	1.0	1.0					
2436.312	6.425000000000182	trials	7.0	2438.5286330000004	2439.7754	2442.1425750000003	2442.745038	2437.8341880000003	2441.068818			1.0	1.0	0.0	3.0					
2446.578	7.918999999999869	trials	7.0	2449.208412	2450.997948	2452.700811	2453.105392	2448.340242	2451.0286290000004	2453.413	2454.497	1.0	2.0	1.0	1.0					
2458.572	8.420999999999822	trials	7.0	2461.2150180000003	2462.6322440000004	2465.297601	2465.663093	2460.598418	2463.3151580000003	2465.972	2466.993	1.0	2.0	1.0	1.0					
2469.038	13.44900000000007	trials	7.0	2477.06387	2478.2451410000003	2480.7157300000003	2481.173142	2476.466084	2479.272566	2481.357	2482.487	1.0	2.0	1.0	1.0					
2484.504	8.76299999999992	trials	7.0	2488.4390270000004	2489.9969100000003	2492.9004480000003	2493.2779800000003	2487.9180290000004	2491.5139560000002			1.0	1.0	0.0	3.0					
2496.262	9.304999999999836	trials	7.0	2499.668817	2501.6708740000004	2503.6140480000004	2503.9600990000004	2498.74472	2502.4889820000003	2504.302	2505.567	1.0	2.0	1.0	1.0					
2508.587	6.195000000000164	trials	7.0	2510.6793850000004	2510.7359060000003	2514.430752	2514.792609	2509.929438	2510.73084			1.0		0.0	2.0					
2516.893	9.583999999999833	trials	7.0	2521.5542170000003	2522.141189			2520.9108490000003	2522.135589			1.0		0.0	2.0					
2527.222	15.02099999999973	trials	7.0	2536.2838020000004	2538.2610520000003	2540.25707	2540.7261270000004	2535.668103	2539.0233780000003	2541.078	2542.243	1.0	2.0	1.0	1.0					
2545.292	8.860000000000127	trials	7.0	2547.849348	2549.482131	2552.1391310000004	2552.64575	2546.983499	2550.5976130000004	2552.917	2554.152	1.0	2.0	1.0	1.0					
2556.198	11.423999999999978	trials	7.0	2561.0835540000003	2563.0463130000003	2565.3763080000003	2565.8148490000003	2560.2545880000002	2563.740296	2566.072	2567.622	1.0	2.0	1.0	1.0					
2569.652	9.855000000000018	trials	7.0	2573.731188	2574.8481770000003	2577.416	2577.831195	2573.0305860000003	2575.870187	2578.034	2579.507	1.0	2.0	1.0	1.0					
2581.527	9.860000000000127	trials	7.0	2585.3894360000004	2587.4256	2589.354836	2589.846668	2584.8526890000003	2587.8144420000003	2590.147	2591.387	1.0	2.0	1.0	1.0					
2595.402	7.414999999999964	trials	7.0	2597.2843980000002	2598.7177100000004	2600.59886	2601.133445	2595.9129420000004	2599.186149	2601.262	2602.817	1.0	2.0	1.0	1.0					
2604.906	9.81100000000015	trials	7.0	2608.954106	2610.425432	2612.8107210000003	2613.212852	2608.136051	2611.549599	2613.502	2614.717	1.0	2.0	1.0	1.0					
2616.788	9.19399999999996	trials	7.0	2619.7348230000002	2620.8856680000004	2623.8872020000003	2624.435307	2618.9651510000003	2621.981396	2624.597	2625.982	1.0	2.0	1.0	1.0					
2630.055	8.61200000000008	trials	7.0	2632.043888	2633.8913700000003	2636.522343	2636.92861	2630.627199	2634.644165	2637.328	2638.667	1.0	1.0	1.0	1.0					
2641.754	8.94900000000007	trials	7.0	2645.1399920000003	2646.312515	2648.551883	2648.952695	2644.407068	2647.3917410000004	2649.129	2650.703	1.0	2.0	1.0	1.0					
2654.732	19.75	trials	7.0	2667.7599960000002	2669.3514830000004	2672.4061110000002	2672.942657	2666.9072250000004	2670.785843	2673.082	2674.482	1.0	2.0	1.0	1.0					
2676.502	7.7800000000002	trials	7.0	2679.8812270000003	2681.113257	2683.8058260000003	2684.221199	2679.3392630000003	2682.556707			1.0	1.0	0.0	3.0					
2687.213	10.759000000000015	trials	7.0	2693.109519	2694.2371470000003	2696.0076280000003	2696.4147270000003	2692.271544	2694.8277310000003	2696.598	2697.972	1.0	2.0	1.0	1.0					
2700.022	8.93100000000004	trials	7.0	2702.8594620000003	2704.8613130000003	2706.951806	2707.4484970000003	2702.287005	2705.373027	2707.712	2708.953	1.0	2.0	1.0	1.0					
2712.055	457.27300000000014	BlockDesign														1.0	175.0	206.0	90.0	50.0
2712.055	32.40700000000015	trials	8.0	2738.105261	2739.6932060000004	2742.1718170000004	2742.333915	2737.1706550000004	2740.0562750000004	2742.757	2744.462	1.0	1.0	1.0	1.0					
2747.487	8.36999999999989	trials	8.0	2749.3700550000003	2750.597033	2753.6898450000003	2754.0225960000002	2748.856292	2752.2835170000003	2754.587	2755.857	1.0	1.0	1.0	1.0					
2759.917	8.365000000000236	trials	8.0	2761.6848790000004	2763.3484820000003	2765.972361	2766.5028150000003	2760.875204	2764.8175370000004	2766.632	2768.282	1.0	2.0	1.0	1.0					
2771.298	8.945000000000164	trials	8.0	2774.4263210000004	2775.646808	2777.776578	2778.0088640000004	2773.8180340000004	2777.0191630000004	2778.557	2780.243	1.0	1.0	1.0	1.0					
2783.353	8.958999999999833	trials	8.0	2785.801425	2787.7667410000004	2790.164601	2790.380165	2784.822633	2788.432245	2790.837	2792.312	1.0	1.0	1.0	1.0					
2795.402	8.474999999999909	trials	8.0	2798.0254600000003	2799.751502	2801.6308120000003	2802.069762	2797.179051	2800.5466450000004	2802.243	2803.877	1.0	2.0	1.0	1.0					
2807.966	12.530999999999949	trials	8.0	2814.3013210000004	2815.441991	2818.363334	2818.6224220000004	2813.2988440000004	2816.7113750000003	2819.212	2820.497	1.0	1.0	1.0	1.0					
2823.542	9.309999999999945	trials	8.0	2826.2702790000003	2828.3210120000003	2830.9031360000004	2831.3831830000004	2825.5185180000003	2828.8020810000003	2831.637	2832.852	1.0	2.0	1.0	1.0					
2836.922	7.030999999999949	trials	8.0	2838.544796	2839.678527	2841.67911	2841.839835	2837.8015910000004	2840.8188560000003	2842.272	2843.953	1.0	1.0	1.0	1.0					
2846.982	7.885999999999967	trials	8.0	2849.2447930000003	2850.985506	2852.7628910000003	2853.0859010000004	2848.6808840000003	2852.039094	2853.572	2854.868	1.0	1.0	1.0	1.0					
2858.927	7.839999999999691	trials	8.0	2860.610172	2861.934494	2864.769734	2865.0022820000004	2860.100949	2862.690971	2865.487	2866.767	1.0	1.0	1.0	1.0					
2870.788	6.773000000000138	trials	8.0	2873.220615	2875.126502	2877.147648	2877.5593470000003	2872.298588	2876.2505880000003			1.0	2.0	0.0	3.0					
2879.487	9.400000000000091	trials	8.0	2883.471047	2884.847388	2886.898431	2887.17039	2882.518031	2885.855055	2887.557	2888.887	1.0	1.0	1.0	1.0					
2892.914	7.542999999999665	trials	8.0	2894.72577	2896.134419	2898.180374	2898.468093	2893.9622790000003	2897.2675950000003	2898.852	2900.457	1.0	1.0	1.0	1.0					
2902.578	9.889000000000124	trials	8.0	2905.881734	2907.71598	2910.1404730000004	2910.5152190000003	2905.0545340000003	2908.0473890000003	2912.432	2912.467	1.0	1.0	1.0	1.0					
2914.837	12.639999999999873	trials	8.0	2922.716796	2924.352296	2926.646552	2927.4859730000003	2922.0656860000004	2925.350324			1.0	2.0	0.0	3.0					
2930.042	20.434999999999945	trials	8.0	2945.0854470000004	2947.1231070000003	2949.9297020000004	2950.488226	2944.386984	2947.644636			1.0	1.0	0.0	3.0					
2953.373	18.18399999999974	trials	8.0	2965.39098	2967.4491900000003	2969.489771	2969.808011	2964.6182240000003	2968.128764	2970.152	2971.557	1.0	1.0	1.0	1.0					
2973.647	11.855000000000018	trials	8.0	2979.016266	2980.4221620000003	2983.52497	2983.7633880000003	2978.333349	2980.743081	2984.118	2985.502	1.0	1.0	1.0	1.0					
2987.578	9.528999999999996	trials	8.0	2990.765946	2992.119662	2995.11339	2995.3803500000004	2989.9231320000004	2992.5349100000003	2995.772	2997.107	1.0	1.0	1.0	1.0					
2999.192	9.221000000000004	trials	8.0	3002.4206510000004	3004.4055980000003	3006.325764	3006.5727180000004	3001.791549	3005.3291000000004	3007.022	3008.413	1.0	1.0	1.0	1.0					
3012.432	8.7800000000002	trials	8.0	3014.401448	3016.338092	3018.766242	3019.2861070000004	3013.792737	3016.692156	3019.397	3021.212	1.0	2.0	1.0	1.0					
3023.232	8.275000000000091	trials	8.0	3026.5803880000003	3028.2123610000003	3030.8138080000003	3031.51949	3025.812375	3029.036931			1.0	1.0	0.0	3.0					
3035.277	9.590999999999894	trials	8.0	3038.0456980000004	3040.0539160000003	3042.7225200000003	3043.2024490000003	3037.298519	3041.036724	3043.413	3044.868	1.0	2.0	1.0	1.0					
3048.961	8.856000000000222	trials	8.0	3051.5524210000003	3053.177882	3055.931841	3056.1219920000003	3050.7319930000003	3053.898677	3056.547	3057.817	1.0	1.0	1.0	1.0					
3061.842	8.543999999999869	trials	8.0	3064.4729979999997	3065.788983	3068.490722	3068.74145	3063.940216	3066.5086779999997	3069.147	3070.386	1.0	1.0	1.0	1.0					
3072.454	7.518000000000029	trials	8.0	3075.458432	3077.3949509999998	3079.421273	3079.975403	3074.846267	3077.794317			1.0	2.0	0.0	3.0					
3083.903	9.87900000000036	trials	8.0	3086.8519699999997	3088.02329	3091.357	3091.6897719999997	3085.852137	3088.907326	3092.022	3093.782	1.0	1.0	1.0	1.0					
3096.838	8.398999999999887	trials	8.0	3098.981827	3100.121147	3102.943625	3103.087928	3098.338511	3101.5315459999997	3105.207	3105.237	1.0	1.0	1.0	1.0					
3108.537	33.095000000000255	trials	8.0	3136.37802	3137.889562	3139.628143	3139.813001	3135.523051	3138.17369	3140.252	3141.632	1.0	1.0	1.0	1.0					
3144.718	12.719000000000051	trials	8.0	3150.077048	3151.733756	3153.442815	3153.687658	3149.466591	3152.311643	3146.597	3157.437	1.0	1.0	1.0	1.0					
3159.527	9.80099999999993	trials	8.0	3163.448693	3164.83931	3166.962265	3167.156164	3162.758653	3165.381076	3167.627	3169.328	1.0	1.0	1.0	1.0					
3173.427	95.71000000000004	BlockDesign														1.0	207.0	212.0	0.0	0.0
3173.427	10.8449999999998	trials	9.0	3178.637396	3180.759371	3183.802208	3184.273372	3177.720043	3180.755764			1.0		0.0	2.0					
3185.869	8.897999999999683	trials	9.0	3190.513184	3192.1089469999997	3194.224963	3194.7681509999998	3189.817111	3192.623998			1.0	1.0	0.0	3.0					
3198.663	12.954999999999927	trials	9.0	3202.132628	3203.819447	3207.5830339999998	3208.002623	3201.233813	3205.0614379999997			1.0	1.0	0.0	3.0					
3211.977	22.220000000000255	trials	9.0	3229.543593	3231.234615	3233.624273	3234.200336	3228.689872	3231.697672			1.0	1.0	0.0	3.0					
3237.073	18.014000000000124	trials	9.0	3249.873962	3251.188874	3253.9103299999997	3255.087725	3249.348181	3251.9755689999997			1.0	1.0	0.0	3.0					
3257.289	11.847999999999956	trials	9.0	3264.75812	3266.698978	3269.008411	3269.586175	3264.219016	3266.9857819999997			1.0	2.0	0.0	3.0					
3272.538	1028.0139999999997	BlockDesign														1.0	213.0	286.0	50.0	10.0
3272.538	9.789999999999964	trials	10.0	3276.298038	3277.674423	3281.800319	3282.3285619999997	3275.654062	3278.605814			1.0	2.0	0.0	3.0					
3286.18	13.977000000000317	trials	10.0	3294.162029	3295.830206	3298.310701	3298.693391	3293.418548	3296.658743	3299.067	3300.157	1.0	2.0	1.0	1.0					
3303.247	10.581000000000131	trials	10.0	3307.003204	3308.730308	3311.887957	3312.068473	3306.294947	3309.136711	3312.663	3313.828	1.0	1.0	1.0	1.0					
3315.887	9.87099999999964	trials	10.0	3320.742422	3322.219913	3325.252708	3325.757756	3319.930552	3322.733374			1.0	1.0	0.0	3.0					
3327.762	13.299999999999727	trials	10.0	3336.729205	3337.905401	3340.46733	3341.064041	3335.771398	3338.788407			1.0	2.0	0.0	3.0					
3342.972	13.89599999999973	trials	10.0	3351.607882	3353.60954	3356.2431579999998	3356.456513	3350.712389	3355.027734			1.0	1.0	0.0	3.0					
3359.736	11.976000000000113	trials	10.0	3367.428134	3368.782535	3371.096029	3371.716466	3366.432148	3369.554055			1.0	2.0	0.0	3.0					
3374.512	59.10999999999967	trials	10.0	3429.233378	3430.4467919999997	3431.773796	3431.933882	3428.263538	3430.472052	3432.437	3433.622	1.0	1.0	1.0	1.0					
3436.652	6.809999999999945	trials	10.0	3440.04859	3441.455006	3443.142875	3443.2974249999997	3439.073771	3441.4438419999997			1.0		0.0	2.0					
3447.472	24.274999999999636	trials	10.0	3466.7135209999997	3467.8831219999997	3469.902416	3470.060599	3466.013576	3468.6848959999998	3470.627	3471.747	1.0	1.0	1.0	1.0					
3475.762	9.099999999999909	trials	10.0	3480.1784589999997	3481.805959	3484.287608	3484.865579	3479.281361	3482.382827			1.0	2.0	0.0	3.0					
3487.743	11.81399999999985	trials	10.0	3493.412939	3494.520016	3497.475893	3497.802365	3492.469744	3495.2035419999997	3498.147	3499.557	1.0	1.0	1.0	1.0					
3503.651	10.08600000000024	trials	10.0	3509.413102	3510.632677	3512.998615	3513.741173	3508.60571	3511.820146			1.0	2.0	0.0	3.0					
3517.417	12.815000000000055	trials	10.0	3523.835096	3525.692252	3528.289565	3528.640429	3523.216359	3526.2401099999997	3529.133	3530.232	1.0	1.0	1.0	1.0					
3533.252	5.755000000000109	trials	10.0	3535.6535559999998	3536.575841			3534.848486	3536.5631			1.0		0.0	2.0					
3540.602	5.3400000000001455	trials	10.0	3542.383735	3543.601417	3545.737013	3545.945723	3541.631918	3543.594401			1.0		0.0	2.0					
3548.677	10.569999999999709	trials	10.0	3553.544822	3555.468073	3558.50292	3559.226272	3552.978412	3556.058482			1.0	2.0	0.0	3.0					
3561.267	13.190000000000055	trials	10.0	3569.879126	3571.7393359999996	3573.844091	3574.46072	3569.325019	3572.222132			1.0	1.0	0.0	3.0					
3576.199	17.942999999999756	trials	10.0	3587.768613	3589.290979	3592.1880469999996	3592.627326	3586.829342	3590.382051	3592.868	3594.142	1.0	2.0	1.0	1.0					
3597.163	7.6340000000000146	trials	10.0	3599.453283	3601.3058659999997	3602.858051	3603.128045	3598.607555	3601.5715849999997	3603.703	3604.797	1.0	1.0	1.0	1.0					
3606.852	8.965000000000146	trials	10.0	3609.898648	3611.690375	3613.916819	3614.098402	3609.255828	3611.809438	3614.597	3615.817	1.0	1.0	1.0	1.0					
3618.887	8.324999999999818	trials	10.0	3620.94841	3622.761051	3626.73992	3627.2174809999997	3620.4015679999998	3622.7436399999997			1.0		0.0	2.0					
3628.924	10.148000000000138	trials	10.0	3633.335747	3635.420637	3636.912587	3637.33907	3632.373083	3635.716414	3637.567	3639.072	1.0	1.0	1.0	1.0					
3641.167	8.536000000000058	trials	10.0	3644.818743	3646.265604	3647.814276	3648.020111	3644.248928	3646.643902	3648.437	3649.703	1.0	1.0	1.0	1.0					
3651.786	6.83199999999988	trials	10.0	3654.359149	3656.338921	3657.798286	3658.619587	3653.834399	3656.578416			1.0	1.0	0.0	3.0					
3662.203	9.159000000000106	trials	10.0	3666.183982	3668.0840709999998	3670.8283039999997	3671.366887	3665.373701	3668.580505			1.0	1.0	0.0	3.0					
3673.292	17.740000000000236	trials	10.0	3684.889385	3686.570859	3688.8211039999997	3689.053861	3684.362072	3687.14414	3689.453	3691.032	1.0	1.0	1.0	1.0					
3693.052	8.759999999999764	trials	10.0	3697.0391769999997	3698.370541	3699.8909919999996	3700.069567	3696.1460829999996	3698.8085419999998	3700.552	3701.812	1.0	1.0	1.0	1.0					
3703.857	10.025000000000091	trials	10.0	3708.670576	3710.660778	3711.876687	3712.013939	3708.023795	3710.860426	3712.647	3713.882	1.0	1.0	1.0	1.0					
3717.927	5.90099999999984	trials	10.0	3719.504925	3721.256685	3723.278632	3723.831694	3718.394272	3722.154892			1.0	1.0	0.0	3.0					
3726.781	9.016000000000076	trials	10.0	3730.98461	3732.212674	3734.749331	3735.800865	3730.202191	3732.799564			1.0	2.0	0.0	3.0					
3737.167	13.577999999999975	trials	10.0	3745.00096	3746.981945	3749.941388	3750.732497	3744.348103	3747.5380649999997			1.0	1.0	0.0	3.0					
3754.696	9.58600000000024	trials	10.0	3757.46129	3758.891117	3763.6669039999997	3764.28553	3756.8623909999997	3759.6530279999997			1.0	1.0	0.0	3.0					
3767.068	11.198999999999614	trials	10.0	3771.904219	3773.740759	3777.609275	3778.27121	3770.902996	3774.525455			1.0	2.0	0.0	3.0					
3782.073	10.664000000000215	trials	10.0	3788.154113	3789.2760989999997	3792.244796	3792.742426	3787.626091	3790.480955			1.0	1.0	0.0	3.0					
3796.652	10.945999999999913	trials	10.0	3803.189899	3804.462716	3806.961811	3807.604069	3802.608437	3805.267238			1.0	2.0	0.0	3.0					
3810.457	11.036000000000058	trials	10.0	3815.4849169999998	3817.356509	3821.078275	3821.467987	3814.9163289999997	3817.859846			1.0	1.0	0.0	3.0					
3823.572	8.204999999999927	trials	10.0	3826.894636	3828.567314	3831.1517049999998	3831.77915	3826.06481	3829.420905			1.0	2.0	0.0	3.0					
3835.692	8.670000000000073	trials	10.0	3839.269529	3840.405413	3843.616152	3844.368211	3838.41043	3841.5832419999997			1.0	2.0	0.0	3.0					
3848.107	8.092999999999847	trials	10.0	3851.1800329999996	3852.676775	3855.706463	3856.1482809999998	3850.195214	3853.35022			1.0	1.0	0.0	3.0					
3859.127	10.0	trials	10.0	3864.495536	3866.547983	3868.636638	3869.120552	3863.973745	3867.061114			1.0	2.0	0.0	3.0					
3871.088	6.858999999999924	trials	10.0	3873.399937	3875.056834	3877.453486	3877.907785	3872.7957579999998	3875.609899			1.0	2.0	0.0	3.0					
3881.877	23.485000000000127	trials	10.0	3901.845362	3903.325378	3904.698214	3905.368298	3901.121279	3903.289172			1.0	1.0	0.0	3.0					
3909.152	8.355000000000018	trials	10.0	3911.454383	3912.9112569999998	3915.686593	3916.251279	3910.513826	3913.7431669999996			1.0	2.0	0.0	3.0					
3919.137	26.799999999999727	trials	10.0	3941.7694	3943.768268	3945.277391	3945.943792	3940.934879	3943.976639			1.0	1.0	0.0	3.0					
3947.627	9.309999999999945	trials	10.0	3952.501753	3954.23675	3956.374651	3956.9432749999996	3951.577348	3954.786473			1.0	2.0	0.0	3.0					
3958.714	13.07400000000007	trials	10.0	3965.7517989999997	3967.1449549999998	3969.97921	3970.239136	3964.7847469999997	3968.004207	3970.624	3971.788	1.0	1.0	1.0	1.0					
3975.807	6.545000000000073	trials	10.0	3978.615209	3980.083931	3981.693988	3982.356686	3977.6362959999997	3980.473643			1.0	1.0	0.0	3.0					
3984.038	14.878999999999905	trials	10.0	3992.805509	3994.482886	3997.010597	3997.528244	3992.294789	3994.964101	3997.722	3998.917	1.0	2.0	1.0	1.0					
4002.007	7.364999999999782	trials	10.0	4005.215757	4006.462163	4008.812742	4009.3766619999997	4004.222449	4006.803239			1.0	2.0	0.0	3.0					
4011.102	9.914999999999964	trials	10.0	4015.936133	4017.713036	4020.514801	4021.020467	4015.324196	4018.412548			1.0	1.0	0.0	3.0					
4024.899	11.179000000000087	trials	10.0	4030.815582	4032.027277	4034.196801	4034.656514	4029.827882	4032.570443	4034.868	4036.078	1.0	2.0	1.0	1.0					
4038.102	7.695000000000164	trials	10.0	4041.4304629999997	4042.973324	4045.227019	4045.8055209999998	4040.50621	4043.566694			1.0	2.0	0.0	3.0					
4049.707	8.720000000000255	trials	10.0	4053.4553809999998	4054.5669159999998	4056.578023	4056.8046649999997	4052.555585	4054.963261	4057.357	4058.427	1.0	1.0	1.0	1.0					
4061.498	7.619999999999891	trials	10.0	4063.890848	4065.312296	4066.9868269999997	4067.163919	4063.35707	4065.6476979999998	4067.718	4069.118	1.0	1.0	1.0	1.0					
4071.192	8.894999999999982	trials	10.0	4076.03998	4077.254435	4079.548571	4080.0921399999997	4075.313801	4077.692788			1.0	1.0	0.0	3.0					
4084.042	10.951000000000022	trials	10.0	4089.1358689999997	4090.353737	4093.146989	4093.289431	4088.369789	4091.171881	4093.792	4094.993	1.0	1.0	1.0	1.0					
4098.079	8.458999999999833	trials	10.0	4099.921898	4101.896624	4104.402886	4104.540514	4099.225542	4102.384751	4105.016	4106.538	1.0	1.0	1.0	1.0					
4110.622	6.639999999999418	trials	10.0	4113.195392	4114.598101	4116.667321	4117.266871	4112.255671	4115.082404			1.0	2.0	0.0	3.0					
4119.143	12.109000000000378	trials	10.0	4125.950321	4127.915523	4130.608703	4131.2597559999995	4125.110188	4128.274085			1.0	1.0	0.0	3.0					
4132.982	15.00500000000011	trials	10.0	4140.860565999999	4142.543745999999	4145.763403999999	4146.025016	4140.215222	4143.408309	4146.477	4147.987	1.0	1.0	1.0	1.0					
4152.012	7.155000000000655	trials	10.0	4153.900873	4155.263594			4152.652024999999	4155.254113			1.0		0.0	2.0					
4159.292	14.25	trials	10.0	4168.66069	4170.285933	4173.02427	4173.550174	4168.093849	4171.041593			1.0	2.0	0.0	3.0					
4175.382	10.510000000000218	trials	10.0	4180.127573	4181.924201	4184.073843	4184.1771229999995	4179.4277	4182.59453	4184.682	4185.892	1.0	1.0	1.0	1.0					
4188.992	7.376000000000204	trials	10.0	4191.066167	4192.487215	4194.304595	4194.520876	4190.550791	4193.046738999999	4194.957	4196.368	1.0	1.0	1.0	1.0					
4198.383	7.354000000000269	trials	10.0	4201.610903	4202.931745	4205.324737999999	4205.724953	4200.77621	4203.844204			1.0	2.0	0.0	3.0					
4207.817	11.3100000000004	trials	10.0	4213.566106	4215.113558	4217.1384259999995	4217.4092089999995	4212.960562	4215.705263	4217.898	4219.127	1.0	1.0	1.0	1.0					
4222.232	6.2849999999998545	trials	10.0	4224.608489	4225.860463	4228.020981	4228.5211309999995	4223.848015	4226.772489999999			1.0	1.0	0.0	3.0					
4230.417	13.995999999999185	trials	10.0	4238.616163	4240.317878	4243.621483	4244.422044	4238.0169399999995	4241.545964			1.0	1.0	0.0	3.0					
4247.088	10.22400000000016	trials	10.0	4251.047825	4252.7379949999995	4255.417499	4255.840199	4250.352803	4253.415998	4256.347	4257.312	1.0	2.0	1.0	1.0					
4261.329	6.32300000000032	trials	10.0	4263.156086	4264.508534	4267.315798	4267.631678	4262.225683	4265.064769			1.0	1.0	0.0	3.0					
4271.663	7.899000000000342	trials	10.0	4273.3867040000005	4275.470504	4277.429989	4277.789134	4272.735149	4275.959042	4278.016	4279.562	1.0	1.0	1.0	1.0					
4283.582	7.661000000000058	trials	10.0	4285.512046	4287.514372	4288.942745	4289.112510999999	4284.684082	4287.757121	4289.657	4291.243	1.0	1.0	1.0	1.0					
4295.332	5.219999999999345	trials	10.0	4297.221842	4298.308459	4300.441666	4301.174462	4296.363149	4299.440008			1.0	1.0	0.0	3.0					
4303.922	903.6350000000002	BlockDesign														1.0	287.0	348.0	10.0	50.0
4303.922	10.975000000000364	trials	11.0	4309.566386	4310.947894	4314.35215	4314.901001	4308.766373	4311.496972999999			1.0	2.0	0.0	3.0					
4318.622	103.47999999999956	trials	11.0	4418.7180769999995	4419.778907	4421.780992	4422.10714	4417.864711	4419.774689			1.0		0.0	2.0					
4423.868	8.34899999999925	trials	11.0	4427.206581	4428.992042	4431.723613	4432.223978	4426.520173	4429.32317			1.0	2.0	0.0	3.0					
4434.08	14.341999999999643	trials	11.0	4443.692056	4445.3409759999995	4448.172901	4448.429653	4443.067898	4445.326919			1.0		0.0	2.0					
4449.477	12.525000000000546	trials	11.0	4457.956877	4458.96925	4461.11702	4462.010867	4457.1735499999995	4459.8284029999995			1.0	1.0	0.0	3.0					
4465.482	10.175000000000182	trials	11.0	4471.577042	4473.118418	4475.00328	4475.662885	4470.89377	4473.53821			1.0	2.0	0.0	3.0					
4477.423	12.259000000000015	trials	11.0	4484.963847999999	4486.2019629999995	4488.857084	4489.691228	4484.219597	4487.350304			1.0	1.0	0.0	3.0					
4492.338	9.884000000000015	trials	11.0	4498.122181	4499.62804	4501.64387	4502.226949	4497.28583	4500.0823359999995			1.0	2.0	0.0	3.0					
4506.046	8.300999999999476	trials	11.0	4509.967726	4511.884537	4513.577764	4514.355807	4509.44918	4512.190816			1.0	1.0	0.0	3.0					
4517.073	14.214999999999236	trials	11.0	4524.167087	4526.2704699999995	4528.641412999999	4529.075833	4523.419481	4526.798518	4529.292	4531.288	1.0	2.0	1.0	1.0					
4534.377	8.076000000000022	trials	11.0	4537.897537	4539.72566	4541.855906	4542.457084	4537.361827	4540.1837			1.0	2.0	0.0	3.0					
4545.197	13.21599999999944	trials	11.0	4553.532008	4554.799733	4557.8936109999995	4558.4185689999995	4552.548388	4555.387604			1.0	2.0	0.0	3.0					
4562.307	8.210000000000036	trials	11.0	4565.162216	4566.543941	4569.031138	4569.6259900000005	4564.338541	4567.262769999999			1.0	2.0	0.0	3.0					
4571.432	5.4450000000006185	trials	11.0	4573.036988	4574.176801	4576.574447	4576.884943999999	4570.524674	4574.165188			1.0		0.0	2.0					
4579.274	8.662999999999556	trials	11.0	4584.383111	4585.494359	4587.219059	4587.943642	4583.790457	4586.328332			1.0	1.0	0.0	3.0					
4589.704	10.583999999999833	trials	11.0	4596.143003	4597.420882	4599.55587	4600.297673	4595.513249	4598.127361			1.0	2.0	0.0	3.0					
4602.022	11.49499999999989	trials	11.0	4609.452356	4611.115301	4612.832737	4613.525203	4608.550666	4611.492889			1.0	1.0	0.0	3.0					
4617.203	8.238999999999578	trials	11.0	4620.771995	4622.475161	4624.839395	4625.4517670000005	4619.947442	4622.872547			1.0	2.0	0.0	3.0					
4628.197	8.229999999999563	trials	11.0	4632.674215	4633.803211	4635.866692	4636.4364669999995	4632.127088	4634.519642			1.0	1.0	0.0	3.0					
4638.328	24.568999999999505	trials	11.0	4658.027905999999	4659.892996	4662.430816	4662.90491	4657.044745	4659.808304			1.0	2.0	0.0	3.0					
4666.842	7.6850000000004	trials	11.0	4670.192743	4671.659129	4673.855635	4674.536429	4669.672946	4672.495096			1.0	2.0	0.0	3.0					
4678.277	11.289999999999964	trials	11.0	4686.228838999999	4687.755946	4689.148467999999	4689.515552	4685.313047	4687.938167			1.0	1.0	0.0	3.0					
4692.578	10.898999999999432	trials	11.0	4697.987884	4699.574584	4702.959755	4703.485321	4697.34589	4699.744037			1.0	2.0	0.0	3.0					
4707.322	9.8149999999996	trials	11.0	4712.839805	4714.909493	4716.089148999999	4717.144069	4712.190583	4715.1043549999995			1.0	1.0	0.0	3.0					
4718.462	12.920999999999367	trials	11.0	4725.464666	4726.645351	4729.48347	4729.903622	4724.950194999999	4727.993356999999	4730.222	4731.383	1.0	2.0	1.0	1.0					
4734.467	9.460000000000036	trials	11.0	4740.357946	4742.1911199999995	4743.398716	4743.935147	4739.397364	4742.377867			1.0	1.0	0.0	3.0					
4747.814	7.737999999999374	trials	11.0	4750.987831	4752.771658	4755.070138	4755.561017	4750.160191999999	4753.153427			1.0	2.0	0.0	3.0					
4757.481	14.311000000000604	trials	11.0	4764.488147	4766.292776	4770.063623	4770.44765	4763.783098	4767.253687	4770.737	4771.792	1.0	2.0	1.0	1.0					
4775.812	5.704999999999927	trials	11.0	4777.438196	4779.015496	4781.034052	4781.45764	4776.876412	4779.551171			1.0	1.0	0.0	3.0					
4783.453	9.273999999999432	trials	11.0	4788.263364	4789.699961	4792.10999	4792.735804	4787.4397	4790.507237			1.0	2.0	0.0	3.0					
4794.608	13.173999999999978	trials	11.0	4800.203714	4802.363992	4806.172543	4806.453313	4799.448548	4802.77549	4806.897	4807.782	1.0	2.0	1.0	1.0					
4811.873	8.614000000000487	trials	11.0	4814.332807	4816.275221	4818.616993	4818.97069	4813.526116999999	4816.456775	4819.392	4820.487	1.0	2.0	1.0	1.0					
4823.503	6.918999999999869	trials	11.0	4826.428948	4828.021756	4829.8826659999995	4830.43124	4825.502469999999	4828.292966			1.0	2.0	0.0	3.0					
4833.305	12.072000000000116	trials	11.0	4840.185388	4841.365291	4843.665298	4843.918186	4839.676217	4842.804451	4844.402	4845.377	1.0	1.0	1.0	1.0					
4848.448	6.809999999999491	trials	11.0	4850.928818	4852.266797	4854.7958149999995	4855.243183	4850.4227439999995	4853.2777399999995			1.0	1.0	0.0	3.0					
4858.232	7.989999999999782	trials	11.0	4862.228744	4863.871725999999	4865.602504	4866.229214	4861.5725299999995	4864.27286			1.0	2.0	0.0	3.0					
4867.977	13.360000000000582	trials	11.0	4874.754898	4876.260778	4879.620473	4880.042590999999	4873.821335	4876.926006	4880.232	4881.337	1.0	2.0	1.0	1.0					
4885.424	6.988999999999578	trials	11.0	4887.427658	4888.931476	4891.986476	4892.420671	4886.255117	4888.917761			1.0		0.0	2.0					
4894.942	7.949999999999818	trials	11.0	4898.7241269999995	4900.15355	4902.06955	4902.900968	4897.734898	4900.626378999999			1.0	1.0	0.0	3.0					
4904.482	12.704999999999927	trials	11.0	4911.219079	4913.026831	4915.362564999999	4915.7570479999995	4910.483518999999	4913.310203	4915.987	4917.187	1.0	2.0	1.0	1.0					
4920.35	6.80199999999968	trials	11.0	4922.6134839999995	4924.653515	4926.674272	4927.127544999999	4921.684251	4925.198806			1.0	1.0	0.0	3.0					
4931.087	9.049999999999272	trials	11.0	4935.684404	4937.71239	4939.553017	4940.14391	4934.903633	4938.081871			1.0	2.0	0.0	3.0					
4942.002	11.224999999999454	trials	11.0	4948.719073	4950.000518	4952.465326	4953.234532	4948.112426	4950.691387			1.0	2.0	0.0	3.0					
4955.952	10.019999999999527	trials	11.0	4961.724397	4962.765977999999	4965.493264	4965.983674	4960.847002	4963.665784			1.0	1.0	0.0	3.0					
4968.872	10.944999999999709	trials	11.0	4975.679276	4977.188911	4979.260058	4979.825983	4974.820778	4977.356618			1.0	2.0	0.0	3.0					
4983.682	9.675000000000182	trials	11.0	4988.288765	4989.878197	4992.911017	4993.364036	4987.457176	4990.522829			1.0	1.0	0.0	3.0					
4995.267	11.614999999999782	trials	11.0	5002.134572	5003.995937	5005.78844	5006.134991	5001.625706	5004.537359			1.0	2.0	1.0	1.0					
5009.337	10.411999999999352	trials	11.0	5015.349779	5016.977038	5019.229898	5019.755684	5014.844197	5017.415977			1.0	2.0	0.0	3.0					
5023.717	11.740000000000691	trials	11.0	5028.649714	5030.460391	5033.585032	5033.911685	5027.651662	5030.983126	5034.297	5035.457	1.0	2.0	1.0	1.0					
5039.545	8.277000000000044	trials	11.0	5041.384645	5043.2318080000005	5045.173772	5045.638129	5040.572482	5043.510034	5045.887	5047.822	1.0	2.0	1.0	1.0					
5051.867	8.164999999999964	trials	11.0	5053.524144999999	5054.910722	5058.000625	5058.413737	5052.698654	5055.472853	5058.817	5060.032	1.0	2.0	1.0	1.0					
5062.047	14.025000000000546	trials	11.0	5069.716288	5071.589689	5074.259282	5074.609609	5068.782035	5071.903214	5074.868	5076.072	1.0	2.0	1.0	1.0					
5078.127	6.680999999999585	trials	11.0	5080.814958999999	5082.607798999999	5084.410355	5084.717576	5079.814999	5082.6566			1.0	2.0	0.0	3.0					
5087.822	7.368999999999687	trials	11.0	5089.9657879999995	5091.128606	5094.706156	5095.161911	5089.300247	5091.833909			1.0	1.0	0.0	3.0					
5097.187	10.587999999999738	trials	11.0	5102.149834	5103.277921	5105.722264	5106.164551	5101.156762	5103.993236	5106.413	5107.775	1.0	2.0	1.0	1.0					
5111.857	5.733000000000175	trials	11.0	5113.5510460000005	5115.351834	5117.142082	5117.601524	5112.69882	5115.893321			1.0	2.0	0.0	3.0					
5121.552	8.0600000000004	trials	11.0	5124.675791	5126.156771	5129.055651000001	5129.622601	5124.068205	5126.8628929999995			1.0	2.0	0.0	3.0					
5132.526	9.681000000000495	trials	11.0	5137.159621	5138.438986	5141.528727999999	5142.215719	5136.25987	5139.3617030000005			1.0	2.0	0.0	3.0					
5144.962	9.549999999999272	trials	11.0	5150.529494	5151.638228	5154.035771	5154.521833	5149.859136	5152.401234999999			1.0	1.0	0.0	3.0					
5157.503	26.298999999999978	trials	11.0	5178.614683	5179.807226	5183.335661	5183.810697999999	5177.747771	5179.794548			1.0		0.0	2.0					
5184.872	12.049999999999272	trials	11.0	5190.006389	5192.352583	5194.703668	5195.141996	5189.0191159999995	5192.539925	5195.377	5196.922	1.0	2.0	1.0	1.0					
5198.977	8.579999999999927	trials	11.0	5202.734683000001	5204.7427370000005	5207.453762	5208.026141	5201.7319640000005	5205.194447			1.0	2.0	0.0	3.0					
5209.852	274.0550000000003	BlockDesign														1.0	349.0	369.0	50.0	0.0
5209.852	11.409999999999854	trials	12.0	5216.7651160000005	5218.526358	5220.156731	5221.271246	5216.004862	5219.2730790000005			2.0	1.0	0.0	3.0					
5224.578	7.423999999999978	trials	12.0	5227.881235999999	5229.39248	5231.20706	5232.011537	5226.885032	5229.963785			2.0	1.0	0.0	3.0					
5234.553	15.884000000000015	trials	12.0	5245.070298000001	5246.626791	5248.588043	5248.8154890000005	5244.483072999999	5246.815385	5249.382	5250.437	2.0	1.0	1.0	1.0					
5252.538	10.429000000000087	trials	12.0	5257.079887	5258.86237	5260.418657	5260.651673	5256.458975	5259.076462999999	5261.087	5262.967	2.0	1.0	1.0	1.0					
5265.071	7.3419999999996435	trials	12.0	5268.624884	5270.332217			5268.0905060000005	5270.3254			2.0		0.0	2.0					
5275.423	10.064000000000306	trials	12.0	5279.860360000001	5281.707581000001	5283.3019939999995	5283.720727	5278.879546	5282.220819	5283.972	5285.487	2.0	1.0	1.0	1.0					
5287.517	9.605000000000473	trials	12.0	5291.7801469999995	5293.347007	5295.161289	5295.334597	5290.879727	5293.972292	5295.782	5297.122	2.0	1.0	1.0	1.0					
5301.216	5.560999999999694	trials	12.0	5303.065407	5304.908547999999	5306.1214039999995	5306.786636	5302.235057	5305.120843			2.0	1.0	0.0	3.0					
5308.611	11.701000000000022	trials	12.0	5314.9585910000005	5316.09767	5319.121214	5320.321666	5314.225834999999	5317.6291249999995			2.0	2.0	0.0	3.0					
5323.547	11.531000000000859	trials	12.0	5329.70498	5330.8072520000005	5332.817187000001	5333.027534	5328.902108	5332.096055	5333.453	5335.078	2.0	1.0	1.0	1.0					
5338.137	6.990000000000691	trials	12.0	5340.802052	5342.059905	5344.450919	5345.137701	5339.828095999999	5343.227025			2.0	1.0	0.0	3.0					
5346.899	12.853000000000065	trials	12.0	5354.820460999999	5356.238327	5358.565612	5358.727649	5354.105189	5357.413718			2.0	1.0	1.0	1.0					
5363.109	16.14300000000003	trials	12.0	5374.660438999999	5376.70091	5378.773589	5379.263684	5373.957446	5377.073625999999			2.0	2.0	0.0	3.0					
5381.211	11.456000000000131	trials	12.0	5387.491624	5389.017059	5390.7911220000005	5391.136702	5386.571311	5389.709629999999	5391.597	5392.667	2.0	1.0	1.0	1.0					
5396.777	6.644999999999527	trials	12.0	5399.370331	5400.71159	5402.909395000001	5403.431712	5398.444549	5401.378055			2.0	1.0	0.0	3.0					
5405.403	14.528999999999542	trials	12.0	5415.771586999999	5417.054013999999	5419.147578	5419.941342	5414.893031	5417.981653			2.0	1.0	0.0	3.0					
5421.512	15.200000000000728	trials	12.0	5431.475767	5433.164817999999	5434.774241	5434.991266999999	5430.91827	5433.177469	5435.453	5436.712	2.0	1.0	1.0	1.0					
5438.762	8.5600000000004	trials	12.0	5443.450822	5445.143097	5446.804454	5447.333592999999	5442.518684000001	5445.2412810000005			2.0	1.0	0.0	3.0					
5450.302	11.295000000000073	trials	12.0	5456.05249	5457.947629	5459.702567	5460.058617	5455.361328999999	5458.205467	5460.368	5461.597	2.0	1.0	1.0	1.0					
5465.677	6.115000000000691	trials	12.0	5467.910974	5469.627154	5471.365847	5471.80148	5467.255118	5469.761732			2.0	1.0	0.0	3.0					
5473.712	10.194999999999709	trials	12.0	5478.835547000001	5480.302546999999	5483.750529999999	5484.337772	5478.264041	5481.7845259999995			2.0	1.0	0.0	3.0					
5488.172	311.8250000000007	BlockDesign														1.0	370.0	389.0	0.0	50.0
5488.172	11.135000000000218	trials	13.0	5493.150853	5494.367534	5497.006802	5497.419945	5492.585873	5495.248369	5498.892	5499.307	3.0	2.0	1.0	1.0					
5500.597	20.170000000000073	trials	13.0	5516.656918000001	5517.83762	5520.205035999999	5520.777332	5515.897627	5518.357975999999			3.0	2.0	0.0	3.0					
5523.747	13.884999999999309	trials	13.0	5532.266571	5533.8177049999995	5535.839657	5536.232167	5531.27016	5534.526515	5536.572	5537.632	3.0	2.0	1.0	1.0					
5539.727	7.470000000000255	trials	13.0	5543.382528	5544.594713	5546.575839	5547.208799	5542.452218	5544.9857950000005			3.0	2.0	0.0	3.0					
5548.948	13.554000000000087	trials	13.0	5555.7225450000005	5557.2979909999995	5560.615467	5561.057075	5555.022806	5557.752171	5561.282	5562.502	3.0	2.0	1.0	1.0					
5565.517	8.235000000000582	trials	13.0	5567.571040999999	5569.659971	5571.9598399999995	5572.376518	5566.984742000001	5570.185547	5572.747	5573.752	3.0	2.0	1.0	1.0					
5577.788	6.3090000000001965	trials	13.0	5579.76656	5581.498103	5583.553564	5584.107911	5578.582925	5582.3443050000005			3.0	2.0	0.0	3.0					
5585.977	13.065999999999804	trials	13.0	5594.596726	5596.091827	5598.568954	5599.0552	5593.645007	5596.419084			3.0	2.0	0.0	3.0					
5602.012	11.965000000000146	trials	13.0	5609.642064	5611.128479	5613.358797999999	5613.987591	5608.860911	5611.434404			3.0	2.0	0.0	3.0					
5615.932	10.775000000000546	trials	13.0	5620.741504	5622.278075	5624.748995	5625.20065	5619.8618320000005	5622.6619279999995	5625.328	5626.707	3.0	2.0	1.0	1.0					
5628.824	12.643000000000029	trials	13.0	5634.746791	5636.369008	5639.243345	5639.71672	5633.838496	5636.81966	5639.817	5641.467	3.0	2.0	1.0	1.0					
5645.487	6.17699999999968	trials	13.0	5647.102038999999	5648.9084299999995	5651.210868	5651.660119	5645.805761	5649.257726			3.0	2.0	0.0	3.0					
5653.717	9.950000000000728	trials	13.0	5659.193447	5660.608369	5663.140762999999	5663.681157999999	5658.215663	5661.648392			3.0	2.0	0.0	3.0					
5667.497	10.540999999999258	trials	13.0	5672.086388	5673.220402999999	5677.367362999999	5677.933223	5671.381934	5673.874292			3.0	2.0	0.0	3.0					
5681.047	13.055000000000291	trials	13.0	5687.777916999999	5689.445206	5692.34167	5692.753535	5687.171754999999	5689.878707	5692.967	5694.102	3.0	2.0	1.0	1.0					
5696.194	8.718999999999141	trials	13.0	5700.937191999999	5702.594829	5704.427522	5704.922436999999	5700.203187	5702.909607			3.0	1.0	0.0	3.0					
5708.777	57.51099999999951	trials	13.0	5762.262138	5764.294454	5765.891938	5766.230487999999	5761.651282	5764.5558980000005			3.0	1.0	0.0	3.0					
5769.323	8.03399999999965	trials	13.0	5772.796428	5774.660304999999	5776.790981	5777.366527	5771.896697	5775.503884			3.0	2.0	0.0	3.0					
5779.263	11.173999999999978	trials	13.0	5784.086809	5786.099453	5788.482615999999	5788.985789	5783.473865	5786.565404	5789.227	5790.437	3.0	2.0	1.0	1.0					
5792.523	7.47400000000016	trials	13.0	5796.403897	5797.784261	5799.8384590000005	5800.3621	5795.456332	5798.476519			3.0	2.0	0.0	3.0					
5804.283	662.1639999999998	BlockDesign														1.0	390.0	436.0	50.0	50.0
5804.283	10.523999999999432	trials	14.0	5808.062338	5809.7207180000005	5812.660338	5813.063371	5807.557312	5810.528252	5813.337	5814.807	3.0	2.0	1.0	1.0					
5817.842	6.805000000000291	trials	14.0	5821.477507	5822.79552	5824.195618	5824.621787	5820.623054	5823.085793			2.0	1.0	0.0	3.0					
5828.622	13.920000000000073	trials	14.0	5836.773192000001	5838.430217	5840.713576	5841.1783350000005	5835.9912349999995	5838.801925	5841.373	5842.542	3.0	2.0	1.0	1.0					
5845.632	8.111000000000786	trials	14.0	5848.072437999999	5850.135724	5851.444543	5851.867157000001	5847.445818	5850.292868	5852.267	5853.743	2.0	1.0	1.0	1.0					
5855.758	7.719000000000051	trials	14.0	5858.19227	5860.180075	5861.539275	5861.751337	5857.645622	5860.699119999999	5862.163	5863.477	2.0	1.0	1.0	1.0					
5865.624	8.40900000000056	trials	14.0	5869.812629	5871.748787	5873.539067	5874.045136	5869.123667	5872.228085			3.0	2.0	0.0	3.0					
5875.962	9.625	trials	14.0	5881.12228	5883.205814	5884.991404	5885.598701	5880.301644	5883.885109999999			3.0	1.0	0.0	3.0					
5888.387	13.51299999999992	trials	14.0	5896.652924	5898.35434	5901.271699	5901.911066000001	5896.014395	5898.795872			2.0	2.0	0.0	3.0					
5903.612	18.81800000000021	trials	14.0	5916.157338999999	5917.885886	5921.95991	5922.425755	5915.1717260000005	5918.389311999999			3.0	1.0	0.0	3.0					
5924.372	19.474999999999454	trials	14.0	5940.343892	5941.444412	5943.294067999999	5943.860092999999	5939.3872200000005	5941.789717			2.0	1.0	0.0	3.0					
5946.712	10.125	trials	14.0	5952.0686559999995	5954.169119	5956.341283	5956.848889	5951.169721	5954.21716			3.0	2.0	0.0	3.0					
5960.747	58.23499999999967	trials	14.0	6015.776683	6017.144048	6018.5927919999995	6018.973574	6014.825776	6017.379478999999			2.0	1.0	0.0	3.0					
6022.022	10.135000000000218	trials	14.0	6026.509318	6027.633363999999	6030.132758	6030.573109999999	6025.915077	6028.964548	6030.872	6032.157	3.0	2.0	1.0	1.0					
6035.207	7.661000000000058	trials	14.0	6038.487988	6040.05623	6042.663802	6042.877225	6037.923946	6040.049059999999			2.0		0.0	2.0					
6046.137	8.231000000000677	trials	14.0	6049.399742	6050.9750540000005	6052.303567999999	6052.551644	6048.7050500000005	6051.235404999999	6052.993	6054.368	2.0	1.0	1.0	1.0					
6055.977	10.194999999999709	trials	14.0	6061.848529999999	6063.917503000001	6065.612965	6066.18303	6061.015319	6063.902996999999			3.0	1.0	0.0	3.0					
6070.092	11.5600000000004	trials	14.0	6076.048199	6077.545511	6079.823354	6080.0131839999995	6075.081425	6078.096799	6080.427	6081.652	2.0	1.0	1.0	1.0					
6083.744	7.398000000000138	trials	14.0	6087.584342	6089.0652740000005	6090.487399	6091.153136	6086.9031589999995	6089.593349			2.0	1.0	0.0	3.0					
6093.899	11.522999999999229	trials	14.0	6099.742893000001	6101.7107080000005	6104.235280999999	6105.434257999999	6099.004707	6102.355415			2.0	2.0	0.0	3.0					
6106.721	10.851000000000568	trials	14.0	6113.538007	6114.685273	6117.24517	6117.561442	6112.801808	6115.958246			3.0	2.0	0.0	3.0					
6119.637	9.055000000000291	trials	14.0	6123.887825000001	6125.735456	6128.260196	6128.6912090000005	6123.175337000001	6125.727716			2.0		0.0	2.0					
6131.836	8.970999999999549	trials	14.0	6134.767777000001	6136.064281000001	6139.162822	6139.381553	6134.053727	6136.80575	6139.922	6140.807	3.0	2.0	1.0	1.0					
6143.823	8.733999999999469	trials	14.0	6148.20797	6149.395742000001	6152.118	6152.473922	6147.592625	6150.479341			3.0	1.0	0.0	3.0					
6155.559	8.347999999999956	trials	14.0	6159.602689	6161.1989920000005	6163.100129	6163.902829000001	6158.757545	6161.865845			3.0	2.0	0.0	3.0					
6167.582	8.854999999999563	trials	14.0	6172.498303	6174.189857	6175.687157	6176.432649	6171.933803000001	6174.687113000001			2.0	1.0	0.0	3.0					
6178.15	11.780999999999949	trials	14.0	6185.418023	6186.528952000001	6189.390731	6189.926883	6184.476704000001	6187.422173000001			2.0	2.0	0.0	3.0					
6191.788	10.455000000000837	trials	14.0	6196.673677000001	6198.278578	6200.310642	6200.674787000001	6195.946298000001	6199.009298000001	6201.072	6202.243	2.0	1.0	1.0	1.0					
6205.329	7.057999999999993	trials	14.0	6208.978037000001	6210.375599000001	6211.837268	6212.383063	6208.3196450000005	6210.7607530000005			2.0	1.0	0.0	3.0					
6215.187	10.975999999999658	trials	14.0	6221.392777000001	6222.456428	6225.605815000001	6226.157257000001	6220.499665	6223.629202			3.0	2.0	0.0	3.0					
6228.009	17.15399999999954	trials	14.0	6240.103048000001	6241.140029	6243.247424	6243.71582	6239.593126000001	6241.903889	6244.007	6245.163	3.0	2.0	1.0	1.0					
6248.317	13.225000000000364	trials	14.0	6256.073171000001	6257.58136	6259.476832	6259.9117670000005	6255.133052	6258.141582	6260.047	6261.542	3.0	2.0	1.0	1.0					
6265.622	6.739999999999782	trials	14.0	6267.878648000001	6269.953874000001	6271.822669	6272.360467	6266.935373	6270.819153			3.0	2.0	0.0	3.0					
6274.309	8.862999999999374	trials	14.0	6279.148915000001	6280.698145	6282.739799000001	6283.117249000001	6278.298625	6281.127871000001			2.0	1.0	0.0	3.0					
6285.25	14.412999999999556	trials	14.0	6294.4078850000005	6296.2755290000005	6297.8413630000005	6298.10407	6293.517374000001	6296.613937	6298.542	6299.663	2.0	1.0	1.0	1.0					
6301.722	8.686999999999898	trials	14.0	6305.1687520000005	6306.425419	6309.905077	6310.408670000001	6304.39583	6307.391920000001			3.0	2.0	0.0	3.0					
6313.357	10.4350000000004	trials	14.0	6317.812585000001	6318.831738000001	6322.694476000001	6323.469425	6317.141467	6320.155057000001			3.0	1.0	0.0	3.0					
6327.868	8.003999999999905	trials	14.0	6330.518214000001	6332.066500000001	6333.821111	6334.01597	6329.954146000001	6332.534855000001	6334.532	6335.872	2.0	1.0	1.0	1.0					
6339.892	7.494999999999891	trials	14.0	6342.068228	6343.561229000001	6345.717874000001	6346.104919	6341.256732000001	6344.195774000001	6347.365	6347.387	3.0	2.0	1.0	1.0					
6350.274	20.513999999999214	trials	14.0	6366.293936000001	6368.0855950000005	6370.366162	6370.749606	6365.611831	6368.426780000001			2.0	2.0	0.0	3.0					
6373.797	6.875	trials	14.0	6375.878813	6377.167249	6380.082692000001	6380.673024000001	6374.881718000001	6377.77199			3.0	2.0	0.0	3.0					
6383.462	7.0649999999996	trials	14.0	6385.9337780000005	6387.720505	6389.8486410000005	6390.525745000001	6385.21543	6388.251475000001			3.0	2.0	0.0	3.0					
6394.262	10.135000000000218	trials	14.0	6399.459570000001	6400.694609	6402.3063090000005	6402.631447000001	6398.674748	6401.356854000001	6402.987	6404.397	2.0	1.0	1.0	1.0					
6408.417	8.920000000000073	trials	14.0	6413.943383000001	6415.505074000001	6416.684373	6417.336544000001	6412.957751000001	6415.680512000001			2.0	1.0	0.0	3.0					
6419.038	11.674000000000888	trials	14.0	6425.124026	6426.425915000001	6429.5561720000005	6429.994280000001	6424.587706	6428.427033000001			2.0	1.0	1.0	1.0					
6434.277	11.085000000000036	trials	14.0	6439.344559	6441.100565000001	6443.100091	6443.561487000001	6438.569185	6441.233630000001	6443.792	6445.362	3.0	2.0	1.0	1.0					
6447.446	7.871000000000095	trials	14.0	6451.393682000001	6453.060796000001	6454.827623	6455.300613	6450.394712	6453.125062000001			3.0	2.0	0.0	3.0					
6458.247	8.199999999999818	trials	14.0	6460.839148000001	6462.170840000001	6464.5022420000005	6464.926093	6459.8702490000005	6462.941923	6465.192	6466.447	3.0	2.0	1.0	1.0					
6470.557	69.78499999999985	BlockDesign														1.0	437.0	442.0	0.0	0.0
6470.557	5.920000000000073	trials	15.0	6472.238654000001	6473.372576000001	6476.023257000001	6476.462363000001	6471.154269000001	6474.983452			2.0	1.0	0.0	3.0					
6479.497	8.215000000000146	trials	15.0	6484.040536	6485.305910000001	6486.808532000001	6487.709203	6483.231869	6486.130336			2.0	1.0	0.0	3.0					
6490.247	12.75500000000011	trials	15.0	6498.830413000001	6500.311387000001	6501.863162000001	6503.001493000001	6498.1006130000005	6500.705053000001			2.0	1.0	0.0	3.0					
6506.292	10.839999999999236	trials	15.0	6513.259487	6514.916927	6516.680585	6517.129466	6512.332016	6514.908323000001			2.0		0.0	2.0					
6520.017	8.699999999999818	trials	15.0	6524.870648	6526.775788000001	6528.223126000001	6528.716383000001	6524.2803650000005	6527.10281			2.0	1.0	0.0	3.0					
6532.662	7.6799999999993815	trials	15.0	6537.019160000001	6538.341092000001	6539.956752	6540.342131	6536.505865000001	6538.747187000001			2.0	1.0	0.0	3.0					
6544.432	98.85000000000036	BlockDesign														1.0	443.0	450.0	0.0	0.0
6544.432	8.430000000000291	trials	16.0	6548.679476	6550.565917000001	6552.164220000001	6552.861071	6548.022245	6550.902121000001			3.0	2.0	0.0	3.0					
6556.607	10.471000000000458	trials	16.0	6562.594829000001	6563.622728	6566.431306	6567.075385	6561.790510000001	6564.207329000001			3.0	2.0	0.0	3.0					
6569.793	9.484000000000378	trials	16.0	6574.859333	6576.346405	6578.694572	6579.276140000001	6573.914546000001	6576.800002000001			3.0	2.0	0.0	3.0					
6583.165	9.54700000000048	trials	16.0	6586.8048260000005	6588.885173000001	6592.121035	6592.700251	6586.106642000001	6589.091876			3.0	2.0	0.0	3.0					
6596.797	17.321000000000822	trials	16.0	6611.504827000001	6612.110207000001			6610.799014	6612.101219			3.0		0.0	2.0					
6617.127	5.654999999999745	trials	16.0	6619.783953	6620.411224	6622.391078000001	6622.780619	6617.5017530000005	6620.398051			3.0		0.0	2.0					
6626.429	6.57799999999952	trials	16.0	6628.8944360000005	6630.552644	6632.825897000001	6633.005840000001	6628.140257000001	6630.546412000001			3.0		0.0	2.0					
6636.651	6.631000000000313	trials	16.0	6639.925015000001	6641.276177000001	6643.1133310000005	6643.8076790000005	6639.414931	6641.905058			3.0	2.0	0.0	3.0					
6647.622	540.9349999999995	BlockDesign														1.0	451.0	493.0	50.0	50.0
6647.622	8.484999999999673	trials	17.0	6652.354729000001	6653.8164050000005	6655.366224	6656.107463	6651.788834000001	6654.2051630000005			2.0	1.0	0.0	3.0					
6658.792	9.389999999999418	trials	17.0	6664.2460120000005	6665.726316	6667.586569000001	6668.184149000001	6663.240229000001	6666.052757			3.0	2.0	0.0	3.0					
6670.027	13.475000000000364	trials	17.0	6678.904570000001	6680.601638	6683.047837	6683.500283	6678.2935210000005	6680.59382			2.0		0.0	2.0					
6684.687	10.835000000000036	trials	17.0	6690.920201000001	6692.452114000001	6694.967921	6695.521832	6689.909702000001	6692.689170000001			3.0	2.0	0.0	3.0					
6698.338	13.60400000000027	trials	17.0	6707.456453000001	6708.913612	6710.356286	6710.494081000001	6706.554129	6709.231551000001	6711.192	6711.942	2.0	1.0	1.0	1.0					
6714.997	7.331000000000131	trials	17.0	6718.420446	6720.413273	6721.545719000001	6722.3298190000005	6717.629974	6720.497756000001			3.0	1.0	0.0	3.0					
6723.967	11.170000000000073	trials	17.0	6730.104817	6731.676776	6732.940703	6733.405204000001	6729.183500000001	6732.238253	6733.707	6735.137	2.0	1.0	1.0	1.0					
6739.231	8.262000000000626	trials	17.0	6741.315197000001	6742.422073000001	6745.764047000001	6746.197146	6740.763815	6743.355571	6746.557	6747.493	3.0	2.0	1.0	1.0					
6750.538	8.004000000000815	trials	17.0	6752.730341	6754.116084	6756.799862000001	6757.215440000001	6752.220896000001	6755.12783	6757.558	6758.542	3.0	2.0	1.0	1.0					
6760.664	10.168000000000575	trials	17.0	6767.069990000001	6768.106781	6769.746002000001	6770.834735	6766.287878000001	6768.836606000001			2.0	1.0	0.0	3.0					
6772.18	10.817000000000007	trials	17.0	6777.569812000001	6779.471933000001	6781.125225000001	6781.656522	6776.660711	6779.53995	6781.729	6782.997	3.0	2.0	1.0	1.0					
6787.086	5.701999999999316	trials	17.0	6788.864867	6790.5828950000005	6792.1652890000005	6792.789614	6787.558961000001	6791.031846000001			2.0	1.0	0.0	3.0					
6796.557	7.4650000000001455	trials	17.0	6799.279987000001	6800.7895610000005	6802.839035000001	6803.230949000001	6798.439609000001	6801.497545			2.0	1.0	1.0	1.0					
6807.487	19.104999999999563	trials	17.0	6812.210801	6814.154197000001	6826.079873000001	6826.590383000001	6811.281001	6814.152446			3.0	2.0	0.0	3.0					
6829.572	7.989999999999782	trials	17.0	6832.780352000001	6834.366881000001	6835.701779000001	6835.93202	6831.965674000001	6834.751895	6836.442	6837.562	2.0	1.0	1.0	1.0					
6839.622	8.094999999999345	trials	17.0	6843.465452	6845.002493000001	6847.194576000001	6847.716310000001	6842.719081	6845.523152000001			3.0	1.0	0.0	3.0					
6850.674	10.398000000000138	trials	17.0	6855.105364000001	6857.083415000001	6858.859177	6859.070899	6854.476463000001	6857.9347640000005	6859.493	6861.072	2.0	1.0	1.0	1.0					
6864.127	7.655999999999949	trials	17.0	6866.87236	6868.671509000001	6871.254959000001	6871.784360000001	6866.208157000001	6868.956626			3.0	2.0	0.0	3.0					
6873.667	10.982999999999265	trials	17.0	6880.390747	6882.438143	6883.786325000001	6884.651213000001	6879.542767000001	6882.917858000001			2.0	1.0	0.0	3.0					
6888.288	12.199000000000524	trials	17.0	6895.9803440000005	6897.587576000001	6899.760524	6900.489557000001	6895.073177	6898.186211			3.0	2.0	0.0	3.0					
6904.151	14.576000000000022	trials	17.0	6912.490329	6914.495543000001	6916.948333	6917.333573000001	6911.674411000001	6915.017041000001	6917.612	6918.727	3.0	2.0	1.0	1.0					
6920.82	9.717999999999847	trials	17.0	6924.966128	6926.977373000001	6928.1024720000005	6928.345268000001	6924.313857000001	6927.229733	6928.972	6930.538	2.0	1.0	1.0	1.0					
6933.557	8.436000000000604	trials	17.0	6936.461249000001	6937.857269	6940.1562460000005	6940.544081	6935.930986	6938.4796160000005	6940.828	6941.993	3.0	2.0	1.0	1.0					
6944.082	16.911000000000058	trials	17.0	6956.400476000001	6957.702359000001	6960.34586	6960.990599000001	6955.486406000001	6958.359403			2.0	1.0	0.0	3.0					
6963.861	8.33600000000024	trials	17.0	6968.030468000001	6969.4726040000005	6971.552402	6972.196554	6967.406882	6970.059391000001			3.0	2.0	0.0	3.0					
6973.963	13.189000000000306	trials	17.0	6980.957668000001	6982.464069000001	6984.635135	6985.021436000001	6980.362682000001	6982.974287000001	6985.377	6987.152	2.0	1.0	1.0	1.0					
6989.241	7.15099999999984	trials	17.0	6992.436044	6994.336387	6995.765240000001	6996.392510000001	6991.468495000001	6994.747423000001			2.0	1.0	0.0	3.0					
6999.118	10.638999999999214	trials	17.0	7003.820686000001	7005.312728000001	7007.4956	7007.9938090000005	7002.942141	7006.071482	7008.187	7009.757	3.0	2.0	1.0	1.0					
7012.777	7.960000000000036	trials	17.0	7016.061217	7017.919091000001	7020.183967000001	7020.739450000001	7015.062293000001	7018.407125000001			2.0	2.0	0.0	3.0					
7024.538	7.119000000000597	trials	17.0	7026.957338	7028.742356000001	7030.412916	7031.659587	7026.393831	7029.405281			2.0	1.0	0.0	3.0					
7032.897	15.819999999999709	trials	17.0	7042.6224760000005	7044.548393000001	7046.871308000001	7047.330584	7041.920989	7045.049628000001	7047.618	7048.717	3.0	2.0	1.0	1.0					
7052.805	6.773000000000138	trials	17.0	7055.08639	7056.678427000001	7059.044819000001	7059.581990000001	7053.085975000001	7057.0757300000005			3.0	2.0	0.0	3.0					
7063.472	7.914999999999964	trials	17.0	7065.911042000001	7067.383393	7070.536054	7070.965702	7065.275576000001	7067.974034000001			2.0	1.0	0.0	3.0					
7073.963	11.509000000000015	trials	17.0	7080.521248000001	7082.243021	7084.996201000001	7085.471993000001	7079.594408000001	7082.238043			3.0		0.0	2.0					
7087.323	11.813999999999396	trials	17.0	7093.886368	7095.500255000001	7097.339989	7097.5826990000005	7093.007430000001	7096.507673	7098.137	7099.137	2.0	1.0	1.0	1.0					
7101.211	8.755999999999403	trials	17.0	7104.463868000001	7105.723361	7107.852065000001	7108.216142	7103.849086	7106.502356000001	7108.557	7109.967	3.0	2.0	1.0	1.0					
7112.049	9.832999999999629	trials	17.0	7116.766109	7117.9292080000005	7120.086179000001	7120.325710000001	7115.914500000001	7118.935463000001	7120.842	7121.882	2.0	1.0	1.0	1.0					
7123.938	8.644000000000233	trials	17.0	7126.622956	7127.713514000001	7130.533583	7130.943728	7126.102913000001	7129.136282	7131.212	7132.582	3.0	2.0	1.0	1.0					
7136.737	4.725000000000364	trials	17.0	7138.582795	7139.457176000001	7141.264501000001	7141.348286	7137.141917000001	7139.450021000001			3.0		0.0	2.0					
7144.539	7.523000000000138	trials	17.0	7148.177020000001	7149.353515000001	7151.405377000001	7152.065083	7147.217855000001	7150.128458000001			2.0	1.0	0.0	3.0					
7153.862	12.420000000000073	trials	17.0	7159.927234000001	7161.624827000001	7164.483273000001	7164.7037820000005	7159.3038830000005	7162.6979120000005	7165.302	7166.282	2.0	1.0	1.0	1.0					
7170.432	7.0	trials	17.0	7171.986648	7173.013774000001	7175.310042000001	7175.720943	7170.821486000001	7173.980867	7176.137	7177.432	3.0	2.0	1.0	1.0					
7180.472	8.085000000000036	trials	17.0	7183.257224000001	7185.027284000001	7186.606276	7187.065378	7182.441778	7185.198637	7187.402	7188.557	3.0	2.0	1.0	1.0					
7190.622	446.4499999999998	BlockDesign														1.0	494.0	522.0	90.0	50.0
7190.622	12.154999999999745	trials	18.0	7196.192099000001	7197.938264	7200.918395000001	7201.181683000001	7195.402480000001	7199.049788	7201.703	7202.777	1.0	1.0	1.0	1.0					
7205.857	7.864999999999782	trials	18.0	7208.793335	7210.585061000001	7211.994680000001	7212.147793	7208.208398000001	7210.714199	7212.574	7213.722	1.0	1.0	1.0	1.0					
7216.743	8.398999999999432	trials	18.0	7220.0069140000005	7221.3938960000005	7223.084858	7223.2460360000005	7219.125181	7221.735715000001	7223.732	7225.142	1.0	1.0	1.0	1.0					
7228.196	8.556000000000495	trials	18.0	7230.726815	7232.648714000001	7234.662888000001	7234.918681000001	7229.894066000001	7233.593216	7235.342	7236.752	1.0	1.0	1.0	1.0					
7240.807	5.015000000000327	trials	18.0	7242.531623000001	7243.679237	7245.5502050000005	7245.826033	7241.192025	7243.675590000001			1.0		0.0	2.0					
7249.697	6.2960000000002765	trials	18.0	7251.377771	7253.063691	7255.499360000001	7255.9961570000005	7250.6756350000005	7253.814394000001			1.0	2.0	0.0	3.0					
7257.934	10.443000000000211	trials	18.0	7262.851805	7264.65076	7267.026286	7267.439685	7262.1986560000005	7264.987207			1.0	2.0	0.0	3.0					
7269.368	13.303999999999178	trials	18.0	7277.81711	7279.811111000001	7282.158491	7282.671971000001	7276.857695000001	7280.279312000001			1.0	2.0	0.0	3.0					
7284.657	125.90999999999985	trials	18.0	7405.4675720000005	7407.266702000001	7408.291211000001	7408.498319	7404.941743	7407.244501000001	7388.487	7410.567	1.0	1.0	1.0	1.0					
7414.647	7.105000000000473	trials	18.0	7416.637787000001	7418.354410000001	7419.887102000001	7420.163794	7415.126936000001	7418.445998000001	7420.697	7421.752	1.0	1.0	1.0	1.0					
7423.828	9.448999999999614	trials	18.0	7427.293819	7428.636347000001	7430.840362000001	7431.086539000001	7426.421923000001	7429.618885000001	7431.497	7433.277	1.0	1.0	1.0	1.0					
7436.302	8.36999999999989	trials	18.0	7438.282517000001	7440.149437	7442.465812	7442.6902230000005	7437.630908000001	7440.490907	7443.212	7444.672	1.0	1.0	1.0	1.0					
7446.752	8.524999999999636	trials	18.0	7449.037207	7450.835839	7453.4063160000005	7453.612261	7448.478878000001	7451.495623000001	7454.147	7455.277	1.0	1.0	1.0	1.0					
7458.297	6.071000000000822	trials	18.0	7460.543957000001	7461.953227	7463.749661000001	7464.368686000001	7459.779008	7462.772551			1.0	1.0	0.0	3.0					
7468.157	7.279999999999745	trials	18.0	7470.308984	7471.994141000001	7474.909403000001	7475.4385600000005	7469.613067	7472.959033000001			1.0	2.0	0.0	3.0					
7478.383	11.939000000000306	trials	18.0	7483.513057	7485.681250000001	7488.4318060000005	7488.6677150000005	7482.772505000001	7486.041380000001	7489.072	7490.322	1.0	1.0	1.0	1.0					
7493.397	9.181000000000495	trials	18.0	7496.048129000001	7498.101191000001	7500.428893	7500.7724020000005	7495.4653690000005	7498.433261	7501.262	7502.578	1.0	2.0	1.0	1.0					
7505.679	8.524000000000342	trials	18.0	7508.503352000001	7510.317542000001	7512.1701410000005	7512.367625000001	7507.656751	7511.031910000001	7512.832	7514.203	1.0	1.0	1.0	1.0					
7518.232	10.850000000000364	trials	18.0	7520.17309	7521.774697000001	7523.605708000001	7523.875428	7519.449362	7522.372876	7524.352	7525.607	1.0	1.0	1.0	1.0					
7529.692	6.555000000000291	trials	18.0	7531.324060000001	7532.699216000001	7534.471073000001	7534.745645000001	7529.085050000001	7533.010819000001	7535.262	7536.247	1.0	1.0	1.0	1.0					
7540.332	6.75	trials	18.0	7542.308084	7543.564592000001	7545.281293	7545.759685000001	7540.303025000001	7543.985476000001	7546.042	7547.082	1.0	2.0	1.0	1.0					
7549.152	10.019999999999527	trials	18.0	7553.992586	7555.090175	7557.136064	7557.33719	7553.018941	7555.836806	7557.902	7559.172	1.0	1.0	1.0	1.0					
7562.258	8.934000000000196	trials	18.0	7564.853218	7566.565276	7569.216384	7569.405856	7564.181357	7567.2725820000005	7569.923	7571.192	1.0	1.0	1.0	1.0					
7575.281	7.530999999999949	trials	18.0	7577.018372	7578.256132	7580.775665000001	7581.079159000001	7576.297202000001	7579.0278530000005	7581.432	7582.812	1.0	1.0	1.0	1.0					
7584.898	8.41399999999976	trials	18.0	7588.303384000001	7589.643649000001	7591.218436000001	7591.447595000001	7587.392195	7589.925469000001	7591.882	7593.312	1.0	1.0	1.0	1.0					
7596.397	6.306000000000495	trials	18.0	7598.5886390000005	7599.744570000001	7602.455611	7602.707464000001	7597.2456010000005	7599.736045000001			1.0		0.0	2.0					
7605.789	8.658000000000357	trials	18.0	7608.013261	7609.100138000001	7612.561136	7612.828421	7607.4233300000005	7610.524514000001	7613.288	7614.447	1.0	1.0	1.0	1.0					
7617.467	6.585000000000036	trials	18.0	7619.388644000001	7620.867755	7623.482515000001	7624.0557610000005	7618.766468000001	7621.540688000001			1.0	2.0	0.0	3.0					
7625.928	11.144000000000233	trials	18.0	7630.625078000001	7632.424082	7634.592338	7634.8499360000005	7629.689167	7632.864356	7635.227	7637.072	1.0	1.0	1.0	1.0					
7640.222	1163.4410000000007	BlockDesign														1.0	523.0	601.0	50.0	10.0
7640.222	8.539999999999964	trials	19.0	7642.448434000001	7644.162403	7646.3301200000005	7646.595332000001	7641.678643	7644.734531	7647.067	7648.762	1.0	1.0	1.0	1.0					
7651.782	8.760000000000218	trials	19.0	7654.013707	7655.410869	7658.474624	7658.818321000001	7652.990305	7656.278902	7659.102	7660.542	1.0	1.0	1.0	1.0					
7663.562	7.704999999999927	trials	19.0	7666.435529	7667.9003410000005	7670.795894000001	7671.268547000001	7665.7829600000005	7669.097062000001			1.0	1.0	0.0	3.0					
7673.102	10.034999999999854	trials	19.0	7677.238574000001	7679.195224000001	7682.239445000001	7682.895929	7676.519939000001	7680.0115000000005			1.0	2.0	0.0	3.0					
7685.219	8.814000000000306	trials	19.0	7688.75006	7690.82224	7693.600912000001	7694.013143	7687.776715	7691.300753			1.0	1.0	0.0	3.0					
7696.086	17.46599999999944	trials	19.0	7708.804046	7710.594050000001	7712.698373000001	7713.253139	7707.981809000001	7711.126469000001			1.0	2.0	0.0	3.0					
7716.107	8.954999999999927	trials	19.0	7720.158781	7721.315479000001	7724.629802	7725.063425	7719.398672	7722.1530760000005			1.0	2.0	0.0	3.0					
7727.973	11.1899999999996	trials	19.0	7733.219152000001	7735.014083	7738.576762000001	7739.164435000001	7732.655969	7735.8375670000005			1.0	2.0	0.0	3.0					
7740.997	35.69499999999971	trials	19.0	7772.523818000001	7773.92209	7776.214832000001	7776.697808000001	7771.5423470000005	7773.915011000001			1.0		0.0	2.0					
7778.027	11.824999999999818	trials	19.0	7783.754621	7784.995196000001	7787.841428000001	7788.3926280000005	7782.931381	7786.1370050000005			1.0	2.0	0.0	3.0					
7790.272	19.81500000000051	trials	19.0	7805.019155	7806.131959	7809.383352000001	7810.0893590000005	7804.365608	7807.379288			1.0	2.0	0.0	3.0					
7813.797	73.42500000000018	trials	19.0	7883.514643	7885.217936000001	7886.581703000001	7886.6288890000005	7882.831016	7885.208276			1.0		0.0	2.0					
7891.289	5.82300000000032	trials	19.0	7892.890273000001	7894.973341000001	7896.245786	7897.117339	7891.720015000001	7895.416809			1.0	1.0	0.0	3.0					
7899.716	11.930999999999585	trials	19.0	7906.074661000001	7907.656231000001	7910.044142000001	7910.199270000001	7905.087502	7908.182117	7910.762	7911.647	1.0	1.0	1.0	1.0					
7914.692	10.274999999999636	trials	19.0	7916.725703	7918.026103	7922.002343	7922.527462	7915.844870000001	7919.056316			1.0	2.0	0.0	3.0					
7926.402	13.510999999999513	trials	19.0	7935.324343	7936.491205	7939.3609480000005	7939.915283	7934.351354	7937.422340000001			1.0	2.0	0.0	3.0					
7941.777	11.274999999999636	trials	19.0	7948.519777	7949.659600000001	7952.4415850000005	7953.055708000001	7947.588549	7951.219612000001			1.0	1.0	0.0	3.0					
7956.942	12.784999999999854	trials	19.0	7964.6751380000005	7966.531739	7969.218411000001	7969.733531000001	7964.080385	7966.910116000001			1.0	2.0	0.0	3.0					
7973.608	10.378999999999905	trials	19.0	7979.299805000001	7980.427265	7982.3666650000005	7982.6067410000005	7978.392013000001	7981.244591000001	7983.087	7983.987	1.0	1.0	1.0	1.0					
7987.007	9.10400000000027	trials	19.0	7990.104800000001	7991.613661	7995.624496	7996.108612	7989.438211000001	7992.356597			1.0	1.0	0.0	3.0					
8000.038	7.38300000000072	trials	19.0	8002.540156000001	8003.738950000001	8006.861474	8007.426351	8001.827203000001	8004.919483000001			1.0	2.0	0.0	3.0					
8009.272	19.295000000000073	trials	19.0	8022.059819	8023.669183	8026.6600530000005	8026.952948	8021.150672000001	8024.067433	8027.317	8028.567	1.0	1.0	1.0	1.0					
8030.609	7.947999999999411	trials	19.0	8033.649805000001	8035.516573000001	8037.887818000001	8038.563274	8032.948732000001	8036.752741			1.0	1.0	0.0	3.0					
8040.332	10.080999999999221	trials	19.0	8044.239526	8046.137108000001	8049.817526000001	8050.4179460000005	8043.7218920000005	8046.8122			1.0	2.0	0.0	3.0					
8052.198	14.134000000000015	trials	19.0	8060.260093000001	8061.67082	8064.511013	8064.878839000001	8059.4252830000005	8062.591483	8065.137	8066.332	1.0	2.0	1.0	1.0					
8068.387	12.066000000000713	trials	19.0	8073.385454	8075.369168000001	8078.169179	8078.4111760000005	8072.629388	8075.770828000001	8078.962	8080.453	1.0	1.0	1.0	1.0					
8082.547	10.8700000000008	trials	19.0	8087.4755350000005	8088.859966	8091.580057000001	8092.165009	8086.536209000001	8089.541141000001			1.0	1.0	0.0	3.0					
8093.982	13.079999999999927	trials	19.0	8102.19991	8104.0128700000005	8106.266014000001	8107.067992	8101.401337	8104.471405			1.0	1.0	0.0	3.0					
8109.744	9.82800000000043	trials	19.0	8114.564977	8115.616987	8118.917023	8119.577303	8113.654647	8117.036021000001			1.0	2.0	0.0	3.0					
8123.352	10.909999999999854	trials	19.0	8127.660059000001	8129.291696	8132.335799	8132.6278250000005	8126.827174	8130.108574000001	8133.047	8134.262	1.0	1.0	1.0	1.0					
8138.282	6.849999999999454	trials	19.0	8139.806081000001	8141.612641000001	8143.319417000001	8143.568236000001	8139.0591380000005	8142.023953000001	8144.067	8145.132	1.0	1.0	1.0	1.0					
8149.152	6.1850000000004	trials	19.0	8150.935214000001	8152.7467990000005	8154.787268	8155.344806000001	8149.5954280000005	8153.257886			1.0	2.0	0.0	3.0					
8159.203	10.97399999999925	trials	19.0	8165.376913	8166.509264	8168.472661000001	8168.68382	8164.518026000001	8167.131884	8169.127	8170.177	1.0	1.0	1.0	1.0					
8173.229	5.643000000000029	trials	19.0	8175.065507000001	8176.492234000001	8178.241373000001	8178.877207	8174.366693	8177.1228280000005			1.0	1.0	0.0	3.0					
8182.683	9.203999999999724	trials	19.0	8187.368013000001	8188.749211	8191.332845000001	8191.891809000001	8186.650765	8189.522966			1.0	2.0	0.0	3.0					
8194.748	13.009000000000015	trials	19.0	8202.620426000001	8204.622754	8205.883918	8206.120496	8202.105205	8204.740616000001	8206.597	8207.757	1.0	1.0	1.0	1.0					
8210.777	7.180000000000291	trials	19.0	8212.940542	8214.337619	8216.071576	8216.363943	8212.213293	8214.762874	8216.757	8217.957	1.0	1.0	1.0	1.0					
8221.977	5.664999999999054	trials	19.0	8223.720916	8225.167067	8227.054257	8227.646867	8222.827818000002	8225.847974			1.0	1.0	0.0	3.0					
8231.413	7.153999999998632	trials	19.0	8234.520845000001	8235.562402	8237.959316	8238.570302	8233.692317000001	8236.502232			1.0	2.0	0.0	3.0					
8241.39	8.73700000000099	trials	19.0	8245.662168	8246.832845	8249.503397	8250.135355	8244.83743	8247.607952			1.0	1.0	0.0	3.0					
8251.853	14.679000000000087	trials	19.0	8260.515862	8262.01991	8265.656878000002	8266.535157	8259.714697	8262.612290000001			1.0	1.0	0.0	3.0					
8270.447	9.902000000000044	trials	19.0	8273.445941	8275.032265000002	8279.902310000001	8280.352934	8272.696226	8275.842589			1.0	2.0	0.0	3.0					
8284.277	7.1599999999998545	trials	19.0	8286.346165	8288.163359	8290.823783	8291.444925	8285.573612	8288.776451000002			1.0	1.0	0.0	3.0					
8293.26	11.947000000000116	trials	19.0	8298.450445	8300.862725	8303.153432000001	8303.597696	8297.745175	8301.199973	8303.872	8305.207	1.0	2.0	1.0	1.0					
8307.227	13.68999999999869	trials	19.0	8311.172294	8312.472775	8315.184070000001	8315.43395	8310.591955	8313.891968	8315.997	8317.032	1.0	1.0	1.0	1.0					
8321.152	6.809999999999491	trials	19.0	8322.761377	8324.452403000001	8327.575862000002	8327.968429	8320.924	8324.454913000001			1.0	2.0	0.0	3.0					
8332.007	5.895000000000437	trials	19.0	8334.047521	8335.167479	8337.31314	8337.908306000001	8333.415014	8336.034164			1.0	1.0	0.0	3.0					
8340.667	10.725000000000364	trials	19.0	8345.770898	8347.610272	8350.764086000001	8351.399375	8344.961371000001	8348.449937000001			1.0	2.0	0.0	3.0					
8353.152	11.44000000000051	trials	19.0	8358.116107000002	8359.540866000001	8362.162027	8362.451219	8357.414972	8360.351543	8362.977	8364.592	1.0	1.0	1.0	1.0					
8367.732	7.229999999999563	trials	19.0	8370.700868	8372.228972	8374.481984	8374.966063	8369.717686	8373.016230000001			1.0	1.0	0.0	3.0					
8377.897	8.604999999999563	trials	19.0	8382.311353000001	8383.872771	8385.944003	8386.509047	8381.700404000001	8384.584920000001			1.0	2.0	0.0	3.0					
8388.417	10.755000000001019	trials	19.0	8394.511635	8396.112377000001	8398.433311	8399.180884000001	8393.668808	8396.950046			1.0	1.0	0.0	3.0					
8401.777	11.137000000000626	trials	19.0	8406.951206000002	8409.098467	8412.502516	8412.919243	8406.399737	8409.379891			1.0	2.0	0.0	3.0					
8414.933	11.673999999999069	trials	19.0	8420.956181000001	8422.443634000001	8424.757601000001	8424.922812	8420.385433	8423.075363	8425.427	8426.607	1.0	1.0	1.0	1.0					
8428.658	8.619000000000597	trials	19.0	8431.491098	8433.069568	8435.400950000001	8435.690878000001	8430.878457	8433.590958	8436.118	8437.277	1.0	1.0	1.0	1.0					
8440.312	6.8989999999994325	trials	19.0	8443.571365	8444.819765	8446.738981	8447.217961	8442.663152000001	8445.418101000001			1.0	1.0	0.0	3.0					
8450.167	8.235000000000582	trials	19.0	8453.536315000001	8455.355335	8457.855374	8458.408428	8452.673900000002	8455.898831			1.0	1.0	0.0	3.0					
8462.272	7.239999999999782	trials	19.0	8465.302026000001	8466.398462000001	8468.899966	8469.517896000001	8464.599836000001	8467.544327			1.0	2.0	0.0	3.0					
8472.338	15.229999999999563	trials	19.0	8482.30185	8483.603280000001	8487.04754	8487.571654	8481.777217	8484.37435			1.0	2.0	0.0	3.0					
8489.512	8.510000000000218	trials	19.0	8494.081132000001	8495.204189	8497.387700000001	8498.028476	8493.123908000001	8495.980237			1.0	1.0	0.0	3.0					
8500.807	8.93999999999869	trials	19.0	8504.481745000001	8505.815861000001	8507.805975000001	8507.966915	8503.883465	8506.442037	8508.447	8509.747	1.0	1.0	1.0	1.0					
8511.905	10.146999999999025	trials	19.0	8516.451875	8517.988532	8520.169051	8520.221575	8515.632869000001	8518.602214	8520.788	8522.052	1.0	1.0	1.0	1.0					
8525.069	6.0680000000011205	trials	19.0	8527.503173000001	8529.307616	8530.71661	8531.145077000001	8526.657101	8529.558275			1.0	1.0	0.0	3.0					
8533.122	13.541000000001077	trials	19.0	8542.522054000001	8544.038143000002	8546.253836	8546.648936000001	8541.686617	8544.477674000002			1.0	2.0	0.0	3.0					
8550.707	10.831000000000131	trials	19.0	8555.827195	8557.244574	8559.427672000002	8559.574021	8554.979098	8557.721171000001	8560.06	8561.538	1.0	1.0	1.0	1.0					
8565.627	5.569999999999709	trials	19.0	8567.217946	8569.175267	8570.756650000001	8571.201964	8566.67028	8569.417978000001			1.0	1.0	0.0	3.0					
8575.164	6.433999999999287	trials	19.0	8577.182335000001	8579.063995	8581.164119000001	8581.604758000001	8575.97264	8579.364944			1.0	2.0	0.0	3.0					
8585.607	86.29999999999927	trials	19.0	8667.503761	8668.458679	8671.689325000001	8671.913986	8666.79149	8668.45307			1.0		0.0	2.0					
8672.547	11.019999999998618	trials	19.0	8678.02619	8679.900356	8681.540990000001	8681.887618	8677.134976000001	8680.138151000001	8682.322	8683.567	1.0	1.0	1.0	1.0					
8686.722	5.989999999999782	trials	19.0	8688.996824000002	8690.898739	8692.144073	8692.720901	8688.041982	8691.067585			1.0	1.0	0.0	3.0					
8695.586	8.941000000000713	trials	19.0	8698.617284	8700.643541000001	8703.525949	8704.044196	8697.66409	8701.107041000001			1.0	2.0	0.0	3.0					
8706.586	10.90099999999984	trials	19.0	8711.258012	8712.985934	8715.588409	8715.758851	8710.254350000001	8713.779848	8716.227	8717.487	1.0	1.0	1.0	1.0					
8721.575	6.101999999998952	trials	19.0	8723.097613	8725.084511000001	8727.12227	8727.687440000002	8722.232072	8725.559644			1.0	1.0	0.0	3.0					
8731.637	8.670000000000073	trials	19.0	8734.407375	8736.430550000001	8739.671082	8740.314106000002	8733.823507000001	8737.062281			1.0	1.0	0.0	3.0					
8743.082	12.692999999999302	trials	19.0	8749.666976	8751.359077000001	8753.923223000002	8754.138271	8749.004713	8752.14961	8754.562	8755.775	1.0	1.0	1.0	1.0					
8759.83	7.3770000000004075	trials	19.0	8761.395065	8762.75597	8765.189845	8765.503379000002	8760.26891	8763.85082	8765.832	8767.207	1.0	1.0	1.0	1.0					
8769.293	7.950000000000728	trials	19.0	8772.242352000001	8773.850779	8776.692162000001	8777.251390000001	8771.35375	8774.708345000001			1.0	1.0	0.0	3.0					
8780.058	7.798999999999069	trials	19.0	8782.73255	8784.275045	8786.966947	8787.592271000001	8782.029556000001	8785.299088			1.0	1.0	0.0	3.0					
8791.328	12.335000000000946	trials	19.0	8798.407394	8799.969461	8801.804372	8802.050744	8797.729292	8800.684342	8802.392	8803.663	1.0	1.0	1.0	1.0					
8806.825	60.69999999999891	BlockDesign														1.0	602.0	606.0	0.0	0.0
8806.825	6.682999999999083	trials	20.0	8809.273054000001	8810.602846000002	8813.075840000001	8813.364568	8808.450298	8811.307337			1.0	1.0	0.0	3.0					
8816.522	6.282999999999447	trials	20.0	8818.487675	8819.712064000001	8822.38942	8822.773336	8817.968023000001	8820.869782000002			1.0	2.0	0.0	3.0					
8825.893	10.369000000000597	trials	20.0	8829.648217	8831.042743	8834.341757	8834.920738	8828.708241	8832.096461000001			1.0	1.0	0.0	3.0					
8837.698	12.259000000000015	trials	20.0	8844.832418	8846.744396	8849.434147	8849.964098	8844.250104	8847.438093			1.0	1.0	0.0	3.0					
8853.857	13.667999999999665	trials	20.0	8862.207439000002	8864.204617	8867.435368	8867.970706	8861.274688000001	8864.703160000001			1.0	1.0	0.0	3.0					
8870.977	354.5199999999986	BlockDesign														1.0	607.0	631.0	10.0	50.0
8870.977	16.929999999998472	trials	21.0	8883.542501	8884.955079	8887.512355	8887.913861	8882.759819	8884.952145000001			1.0		0.0	2.0					
8889.962	10.326000000000931	trials	21.0	8895.697778000002	8897.612651	8899.870256	8900.294912000001	8894.961355	8898.161083			1.0	1.0	0.0	3.0					
8902.288	8.528999999998632	trials	21.0	8907.048413	8908.065337	8910.141887000002	8910.827035	8906.193191	8909.255803			1.0	1.0	0.0	3.0					
8913.588	53.897000000000844	trials	21.0	8963.303818	8965.015955	8967.294689	8967.494868000002	8962.560131	8965.013102			1.0		0.0	2.0					
8970.027	7.4099999999998545	trials	21.0	8972.448439	8974.350872	8975.526884	8975.813668	8971.839155000001	8974.803446	8976.212	8977.437	1.0	1.0	1.0	1.0					
8979.487	6.8180000000011205	trials	21.0	8982.693611	8983.948391	8985.806624	8986.288796	8981.709226	8984.541747000001			1.0	1.0	0.0	3.0					
8988.222	11.625	trials	21.0	8993.505581000001	8995.480313	8998.16373	8998.410141	8992.939267000002	8996.591326000002	8999.818	8999.847	1.0	2.0	1.0	1.0					
9003.742	9.965000000000146	trials	21.0	9008.093713	9009.689363000001	9011.727551	9012.188623	9007.316583	9010.248439	9012.413	9013.707	1.0	2.0	1.0	1.0					
9017.727	7.084999999999127	trials	21.0	9019.323807	9020.672336	9022.711283	9023.09575	9018.692282	9021.307226	9023.447	9024.812	1.0	2.0	1.0	1.0					
9027.903	8.593999999999141	trials	21.0	9030.358831000001	9032.355604	9034.759477	9035.098725	9029.391205	9032.838536000001	9035.453	9036.497	1.0	2.0	1.0	1.0					
9040.583	6.739999999999782	trials	21.0	9042.76402	9043.88174	9046.828348000001	9047.328569000001	9041.974549	9044.835483			1.0	2.0	0.0	3.0					
9049.289	10.688000000000102	trials	21.0	9053.60382	9055.275484000002	9059.30723	9059.985508000002	9052.723693	9055.979207			1.0	1.0	0.0	3.0					
9061.722	12.75	trials	21.0	9068.924995000001	9070.547202000002	9072.570958	9072.957241	9068.047919	9071.056466	9073.347	9074.472	1.0	2.0	1.0	1.0					
9077.493	8.963999999999942	trials	21.0	9080.744873	9082.571047000001	9084.183728	9084.614207	9080.187521	9082.922233000001	9084.812	9086.457	1.0	2.0	1.0	1.0					
9089.586	8.676000000001295	trials	21.0	9092.488937	9093.973153	9095.912657	9096.388379	9091.758877	9094.634375000001	9096.717	9098.262	1.0	2.0	1.0	1.0					
9102.328	7.210000000000946	trials	21.0	9104.719241	9106.007339	9108.974296	9109.54333	9103.821244	9106.671328			1.0	2.0	0.0	3.0					
9111.392	9.840000000000146	trials	21.0	9116.434229	9118.326478	9120.740792	9121.240685	9115.65957	9118.97177			1.0	2.0	0.0	3.0					
9125.102	10.694999999999709	trials	21.0	9131.809606	9132.895348	9135.360797000001	9135.806366	9131.015314	9133.767773			1.0	1.0	0.0	3.0					
9137.832	12.19000000000051	trials	21.0	9143.474111	9144.834005	9149.516506	9150.032741	9142.737341	9146.240476			1.0	2.0	0.0	3.0					
9153.937	10.045000000000073	trials	21.0	9158.109111000002	9159.670261000001	9163.014268	9163.601470000001	9157.257035	9160.435778000001			1.0	2.0	0.0	3.0					
9165.993	10.259000000000015	trials	21.0	9171.124115	9173.192143	9175.770393	9176.260748	9170.214802	9173.558201			1.0	1.0	0.0	3.0					
9178.188	11.253999999998996	trials	21.0	9183.049206000002	9184.829669	9187.316476000002	9187.788268000002	9182.46305	9185.278775	9188.007	9189.442	1.0	2.0	1.0	1.0					
9193.462	6.041000000001077	trials	21.0	9195.028597	9197.003422000002	9199.004332	9199.502806	9194.254552	9197.458211000001			1.0	2.0	0.0	3.0					
9201.495	11.231999999999971	trials	21.0	9206.733498000001	9208.430791	9210.523541	9211.003805	9206.017523	9208.994102	9211.248	9212.727	1.0	2.0	1.0	1.0					
9216.783	8.713999999999942	trials	21.0	9219.178706	9221.010664000001	9223.699834000001	9224.049781000002	9218.231267000001	9221.478068	9224.453	9225.497	1.0	2.0	1.0	1.0					
9227.538	241.628999999999	BlockDesign														1.0	632.0	652.0	50.0	90.0
9227.538	11.463999999999942	trials	22.0	9232.098955000001	9233.426005000001	9237.020600000002	9237.454057	9231.415760000002	9234.187075000002	9237.743	9239.002	1.0	2.0	1.0	1.0					
9241.078	15.139000000001033	trials	22.0	9250.794082	9252.570791000002	9254.102	9254.301419000001	9249.947510000002	9252.997491000002	9254.927	9256.217	1.0	1.0	1.0	1.0					
9259.307	7.889999999999418	trials	22.0	9261.544259000002	9263.028526000002	9265.308893000001	9265.745321	9260.059648	9263.412338000002	9266.072	9267.197	1.0	2.0	1.0	1.0					
9271.207	7.029999999998836	trials	22.0	9272.863982	9274.392482000001	9276.460739000002	9276.857242000002	9271.208586	9274.568489000001	9277.112	9278.237	1.0	2.0	1.0	1.0					
9280.289	8.617999999998574	trials	22.0	9283.384345	9284.945726000002	9286.896142000001	9287.40997	9282.519199	9285.687130000002	9287.677	9288.907	1.0	2.0	1.0	1.0					
9290.922	9.719999999999345	trials	22.0	9294.174131000002	9295.853548000001	9298.989239	9299.282347	9293.200357000002	9296.181856000001	9299.712	9300.642	1.0	2.0	1.0	1.0					
9303.727	7.539999999999054	trials	22.0	9305.558918	9307.075736	9309.282691	9309.635638000002	9304.85668	9307.737515	9309.997	9311.267	1.0	2.0	1.0	1.0					
9315.288	7.783999999999651	trials	22.0	9316.823842000002	9318.176209000001	9320.512961	9320.985878000001	9315.869396000002	9318.689534000001	9321.272	9323.072	1.0	2.0	1.0	1.0					
9327.097	7.730999999999767	trials	22.0	9328.72405	9330.545515000002	9332.635246000002	9332.994622000002	9327.568856000002	9330.945743000002	9333.397	9334.828	1.0	2.0	1.0	1.0					
9338.843	7.573999999998705	trials	22.0	9340.600952	9342.267308	9344.439057000001	9344.849300000002	9340.005797000002	9342.671721	9345.078	9346.417	1.0	2.0	1.0	1.0					
9350.557	7.289999999999054	trials	22.0	9352.496027000001	9353.784794000001	9355.832053000002	9356.302456000001	9350.964590000001	9354.411547000002	9356.502	9357.847	1.0	2.0	1.0	1.0					
9361.002	6.7590000000000146	trials	22.0	9362.964913000002	9364.816081	9367.327951000001	9367.741504000001	9362.049385000002	9365.418917			1.0	1.0	0.0	3.0					
9369.713	10.03900000000067	trials	22.0	9373.509686000001	9375.346277	9379.320545	9379.701760000002	9372.632758000002	9375.748063000001			1.0	1.0	0.0	3.0					
9381.696	8.730999999999767	trials	22.0	9385.174483	9386.668936000002	9388.662184	9389.018803	9384.529067000001	9387.017872	9389.257	9390.427	1.0	2.0	1.0	1.0					
9393.447	12.084999999999127	trials	22.0	9395.699051000001	9397.171349000002	9399.190733000001	9399.635414	9394.913986000001	9397.808039000001	9399.828	9401.647	1.0	2.0	1.0	1.0					
9405.682	6.799999999999272	trials	22.0	9407.692708	9408.811801000002	9411.923138000002	9412.48133	9405.530222000001	9408.802868			1.0		0.0	2.0					
9414.887	8.574999999998909	trials	22.0	9417.819364	9418.997776000002	9421.272691000002	9421.800464000002	9416.842718000002	9419.889142000002	9422.027	9423.462	1.0	2.0	1.0	1.0					
9426.482	6.2849999999998545	trials	22.0	9428.800232000001	9430.237805	9432.295895000001	9432.768281	9428.076803000002	9431.385554			1.0	1.0	0.0	3.0					
9435.79	9.281999999999243	trials	22.0	9438.389877000001	9440.243881	9443.258561	9443.651135000002	9437.672227000001	9441.578435000001	9444.062	9445.072	1.0	2.0	1.0	1.0					
9447.159	10.233000000000175	trials	22.0	9452.545648000001	9454.641374	9456.862631000002	9457.393431	9451.913252	9454.867269			1.0	2.0	0.0	3.0					
9461.321	7.845999999999549	trials	22.0	9463.069468000002	9464.43648	9467.370275000001	9467.805692000002	9462.096937000002	9465.512528000001	9468.057	9469.167	1.0	2.0	1.0	1.0					
9473.288	270.03399999999965	BlockDesign														0.0	653.0	673.0	50.0	0.0
9473.288	8.548999999999069	trials	23.0	9476.640192	9478.420348000001	9479.88383	9480.150029	9475.828696	9479.261891000002	9480.622	9481.837	2.0	1.0	1.0	1.0					
9484.002	7.164999999999054	trials	23.0	9487.479859000001	9488.653793000001	9490.579785000002	9491.166714	9486.5969	9489.396228000001			2.0	2.0	0.0	3.0					
9494.057	9.304999999998472	trials	23.0	9497.444417	9498.547256000002	9502.637927000002	9502.733734000001	9496.675082000002	9500.239744			2.0	1.0	0.0	3.0					
9505.414	14.188000000000102	trials	23.0	9515.574447	9517.101761000002	9519.206440000002	9519.594433000002	9514.598567000001	9517.583632000002			2.0	1.0	0.0	3.0					
9521.661	18.560999999999694	trials	23.0	9536.734856000001	9538.316057000002	9539.708138000002	9540.222530000001	9535.851616000002	9538.347022000002			2.0	1.0	0.0	3.0					
9542.08	36.67200000000048	trials	23.0	9575.184937000002	9576.747106	9578.121883000002	9578.421689	9574.625789000002	9576.732430000002			2.0		0.0	2.0					
9582.84	6.8770000000004075	trials	23.0	9585.416736000001	9586.880989000001	9587.967386	9588.196625	9584.458254000001	9587.19892	9588.712	9589.717	2.0	1.0	1.0	1.0					
9592.737	7.400000000001455	trials	23.0	9594.819778000001	9596.196874000001	9598.292522000002	9598.577542	9594.037246000002	9597.034070000002	9599.107	9600.137	2.0	1.0	1.0	1.0					
9603.172	6.68999999999869	trials	23.0	9606.456509000001	9608.356043000002	9609.193637	9609.860468	9605.613995000002	9608.572557000001			2.0	1.0	0.0	3.0					
9611.689	10.067999999999302	trials	23.0	9616.640171000001	9618.582385000002	9619.796894000001	9620.110522	9616.073422000001	9618.988775000002	9620.474	9621.757	2.0	1.0	1.0	1.0					
9623.887	7.0049999999992	trials	23.0	9627.975479	9629.203828000002	9630.325996000001	9630.894035000001	9626.991547000001	9629.622712			2.0	1.0	0.0	3.0					
9634.732	11.954999999999927	trials	23.0	9640.175794	9641.741962000002	9644.941190000001	9645.110573000002	9639.668164	9642.102119000001	9645.632	9646.687	2.0	1.0	1.0	1.0					
9648.857	8.079999999999927	trials	23.0	9652.380922	9654.085273	9654.794764000002	9655.241510000002	9651.498182000001	9654.154352000001	9655.532	9656.937	2.0	1.0	1.0	1.0					
9659.075	5.918999999999869	trials	23.0	9661.775311000001	9663.428638000001	9664.494115000001	9664.995094000002	9660.829403000002	9663.758074000001			2.0	1.0	0.0	3.0					
9668.917	7.795000000000073	trials	23.0	9670.940167	9672.782948000002	9674.684947000002	9675.071674	9670.393209000002	9673.39975	9675.512	9676.712	2.0	1.0	1.0	1.0					
9679.732	8.3700000000008	trials	23.0	9684.130942000002	9685.282008000002	9686.98313	9688.100585000002	9683.421439000002	9685.789302000001			2.0	1.0	0.0	3.0					
9689.432	9.674999999999272	trials	23.0	9693.985250000002	9695.326436000001	9697.169401000001	9697.431380000002	9693.288895000002	9695.778306000002	9697.937	9699.107	2.0	1.0	1.0	1.0					
9703.177	5.2150000000001455	trials	23.0	9704.940768	9706.186858000001	9707.870093000001	9708.391025	9703.392756000001	9706.567244000002			2.0	2.0	0.0	3.0					
9711.308	10.40899999999965	trials	23.0	9716.457460000001	9718.617761000001	9719.781437000001	9719.960307000001	9715.617334	9718.872850000002	9720.472	9721.717	2.0	1.0	1.0	1.0					
9723.807	7.685999999999694	trials	23.0	9728.04195	9729.902853000001	9730.943663000002	9731.490468000002	9727.189604000001	9730.168152000002			2.0	1.0	0.0	3.0					
9735.328	7.994000000000597	trials	23.0	9739.992124	9741.313573000001	9743.284483000001	9744.101885000002	9739.401619	9742.269947			2.0	1.0	0.0	3.0					
9746.742	2584.9230000000007	BlockDesign														0.0	674.0	709.0	0.0	50.0
9746.742	14.479999999999563	trials	24.0	9755.930713000002	9757.527277000001	9759.300308000002	9759.776448	9755.027546000001	9758.218379000002	9759.972	9761.222	3.0	2.0	1.0	1.0					
9763.317	6.880000000001019	trials	24.0	9766.457393	9767.833997000002	9769.639752000001	9770.196116000001	9765.467015000002	9768.233040000001			3.0	2.0	0.0	3.0					
9774.092	8.604999999999563	trials	24.0	9777.650815	9779.097983000001	9780.931786000001	9781.349107000002	9776.891153	9779.427731000002	9781.877	9782.697	3.0	2.0	1.0	1.0					
9784.737	9.704999999999927	trials	24.0	9789.320836	9791.032871000001	9793.511550000001	9794.441651000001	9788.753894000001	9791.501620000001			3.0	2.0	0.0	3.0					
9796.884	11.708000000000538	trials	24.0	9803.211197	9804.982972000002	9807.965972000002	9808.593709	9802.369424	9804.974978000002			3.0		0.0	2.0					
9809.057	20.27099999999882	trials	24.0	9824.405740000002	9825.621203	9828.738080000001	9829.326865	9823.460564	9825.881765000002			3.0	2.0	0.0	3.0					
9833.242	9.546000000000276	trials	24.0	9838.061192000001	9839.657504	9842.371886	9842.690117000002	9837.488395	9840.024752000001			3.0	1.0	0.0	3.0					
9844.797	12.909999999999854	trials	24.0	9851.910577	9853.394123000002	9855.922423000002	9856.405091	9851.280266000002	9853.944770000002	9848.337	9857.707	3.0	2.0	1.0	1.0					
9859.802	9.954999999999927	trials	24.0	9865.886645	9867.844628	9869.386458	9869.740835	9865.21261	9868.034646000002			3.0	1.0	0.0	3.0					
9873.807	11.230999999999767	trials	24.0	9880.851083000001	9882.508311000001	9884.643398000002	9885.04015	9879.882401	9882.501957			3.0		0.0	2.0					
9886.618	11.564000000000306	trials	24.0	9893.570869000001	9894.753316000002	9897.47686	9898.053800000002	9893.042372000002	9895.496651000001			3.0	2.0	0.0	3.0					
9900.928	9.949000000000524	trials	24.0	9904.151078	9905.490778000001	9908.042807000002	9908.641103000002	9903.632054000002	9906.62786			3.0	2.0	0.0	3.0					
9912.417	55.913000000000466	trials	24.0	9965.101996000001	9966.31932	9967.820971000001	9968.293282	9964.106041000001	9966.306431			3.0	2.0	0.0	3.0					
9970.325	7.682999999999083	trials	24.0	9974.286022	9975.774578	9977.485936000001	9978.006544000002	9973.646515	9975.760231			3.0		0.0	2.0					
9980.858	10.373999999999796	trials	24.0	9985.737263	9986.973025000001	9989.315746	9989.790771000002	9985.037891000002	9987.567799	9982.446	9991.232	3.0	2.0	1.0	1.0					
9993.258	8.148999999999432	trials	24.0	9997.002116000001	9998.216970000001	10000.519028	10001.407426000002	9996.487928	9998.847097000002			3.0	2.0	0.0	3.0					
10002.917	121.59000000000015	trials	24.0	10121.418596000001	10122.498643			10120.759434000001	10122.489860000001			3.0		0.0	2.0					
10127.517	48.715000000000146	trials	24.0	10171.352743000001	10172.574281000001			10170.651832000001	10172.568502000002			3.0		0.0	2.0					
10178.593	294.3239999999987	trials	24.0	10467.493274	10469.357745000001	10471.997816000001	10472.921216	10466.897924	10469.867786			3.0	1.0	0.0	3.0					
10474.446	29.46099999999933	trials	24.0	10499.253791000001	10500.740726000002	10503.464455000001	10503.908107000001	10498.300197	10501.259364000001			3.0	1.0	0.0	3.0					
10507.887	107.85599999999977	trials	24.0	10605.974902000002	10607.530549000001	10613.276258000002	10613.726998000002	10605.274730000001	10609.902689	10614.082	10615.743	3.0	2.0	1.0	1.0					
10617.789	33.112999999999374	trials	24.0	10645.979162000001	10648.043632	10650.302084	10650.905018000001	10645.188418000002	10648.201471			3.0	1.0	0.0	3.0					
10653.727	14.475999999998749	trials	24.0	10663.300291000001	10664.645969000001	10667.466895000001	10668.204316000001	10662.720596000001	10665.462319000002			3.0	2.0	0.0	3.0					
10669.967	8.079999999999927	trials	24.0	10671.849485	10673.266196	10676.873893000002	10678.051787	10671.191959000002	10673.848186000001			3.0	2.0	0.0	3.0					
10679.823	17.8799999999992	trials	24.0	10692.274070000001	10693.521128	10696.419133000001	10697.707310000002	10691.466824000001	10694.039195000001			3.0	2.0	0.0	3.0					
10700.847	6.649999999999636	trials	24.0	10702.625804000001	10703.393094000001	10706.926511000001	10707.503942000001	10701.149169	10703.386154000002			3.0		0.0	2.0					
10708.417	22.790000000000873	trials	24.0	10726.574288000002	10727.909503	10730.526056	10731.211906	10726.029221	10728.925931000002			3.0	2.0	0.0	3.0					
10733.014	50.36800000000039	trials	24.0	10777.609294000002	10778.962755	10782.375722	10782.661390000001	10776.788041000002	10780.478453000002			3.0	1.0	0.0	3.0					
10784.811	30.47700000000077	trials	24.0	10809.159613000002	10810.397881	10814.696093	10815.292177000001	10808.652482000001	10811.691446			3.0	2.0	0.0	3.0					
10817.088	21.575000000000728	trials	24.0	10832.430212000001	10833.80656	10836.591995	10837.012594000002	10831.680709	10834.462160000001	10837.328	10838.663	3.0	2.0	1.0	1.0					
10841.747	18.31999999999971	trials	24.0	10851.850019000001	10853.222002	10856.310245	10857.116632000001	10850.899108000001	10854.664299000002			3.0	2.0	0.0	3.0					
10860.777	4.969999999999345	trials	24.0	10862.614466	10863.662041000001	10865.165891	10865.421332000002	10860.072073000001	10863.653743			3.0		0.0	2.0					
10868.762	29.63799999999901	trials	24.0	10894.296233000001	10894.554203000002	10896.472685	10898.404073000002	10893.560227000002	10894.540634			3.0		0.0	2.0					
10898.685	1342.8770000000004	trials	24.0	12237.044715000002	12238.881263000001	12240.687757000002	12241.571083	12236.536909000002	12239.241016000002			3.0	1.0	0.0	3.0					
12243.107	83.47099999999955	trials	24.0									3.0		0.0	2.0					
12330.587	1.0780000000013388	trials	24.0											0.0	0.0					
