onset	duration	nwb_table	block	tone_on_time	tone_off_time	action_on_time	action_off_time	pokeC_on_time	pokeC_off_time	reward_on_time	reward_off_time	state	action	reward	result	FinishedBlock	FirstTrial	LastTrial	RewardRule_L	RewardRule_R
3.537	440.92	BlockDesign														1.0	1.0	20.0	50.0	0.0
3.537	38.45	trials	1.0	37.52429	39.471165	40.052634000000005	40.257462000000004	36.793565	39.652023	40.617	41.987	2.0	1.0	1.0	1.0					
45.008	27.678999999999995	trials	1.0	69.309392	70.415239	71.088497	71.270904	68.698672	70.61865	71.682	72.687	2.0	1.0	1.0	1.0					
76.732	50.540000000000006	trials	1.0	124.74512	126.058068	127.014348	127.276461	123.756614	126.593445			2.0	1.0	0.0	3.0					
129.282	25.569999999999993	trials	1.0	152.531345	153.637091	154.53736199999997	154.675454	151.73091900000003	153.99455999999998			2.0	1.0	0.0	3.0					
156.907	15.394999999999982	trials	1.0	168.71991000000003	169.961525	170.78401200000002	171.015353	168.199097	170.34770300000002	171.423	172.302	2.0	1.0	1.0	1.0					
175.387	13.969999999999999	trials	1.0	186.406476	188.166836	189.04400400000003	189.26336099999997	185.776955	188.562887			2.0	1.0	0.0	3.0					
193.412	11.715000000000003	trials	1.0	202.78153500000002	203.88957800000003	204.866267	205.121731	202.26889699999998	204.29681499999998			2.0	2.0	0.0	3.0					
207.182	13.535000000000025	trials	1.0	218.16562499999998	219.761955	220.453416	220.73466000000002	217.267608	220.057793			2.0	1.0	0.0	3.0					
222.744	18.483000000000004	trials	1.0	237.580514	239.10683	239.697608	239.87296500000002	236.680748	239.33084100000002	240.207	241.227	2.0	1.0	1.0	1.0					
245.247	10.154999999999973	trials	1.0	252.66067199999998	254.27691600000003	255.08549699999998	255.351047	252.08569799999998	254.675211			2.0	1.0	0.0	3.0					
258.457	12.16500000000002	trials	1.0	268.120544	269.499884	270.357209	270.590286	267.12841	269.96691			2.0	1.0	0.0	3.0					
272.633	21.17900000000003	trials	1.0	291.135269	292.229979	293.556108	293.821828	290.524011	292.92330799999996			2.0	2.0	0.0	3.0					
295.842	17.595000000000027	trials	1.0	310.810404	312.00539599999996	313.180989	313.442232	310.218839	312.765343			2.0	1.0	0.0	3.0					
316.482	28.034999999999968	trials	1.0	340.50557699999996	342.2058	342.82284799999996	343.03083599999997	339.699532	342.448131	343.42	344.517	2.0	1.0	1.0	1.0					
348.537	14.66500000000002	trials	1.0	360.326819	362.196038	362.94872399999997	363.158218	359.362738	362.528141			2.0	1.0	0.0	3.0					
365.252	18.664999999999964	trials	1.0	380.202095	381.44357099999996	382.284928	382.495798	379.560998	381.841205	383.112	383.917	2.0	1.0	1.0	1.0					
386.954	12.863	trials	1.0	395.992002	397.111906	397.970276	398.22243299999997	395.219757	397.54523	398.812	399.817	2.0	1.0	1.0	1.0					
401.887	9.73599999999999	trials	1.0	407.760446	408.892054	409.683449	409.92346499999996	407.02362899999997	409.233798	410.267	411.623	2.0	1.0	1.0	1.0					
415.556	6.831000000000017	trials	1.0	419.765516	421.38730499999997	422.145575	422.361965	418.985703	421.71952999999996			2.0	1.0	0.0	3.0					
424.44	20.016999999999996	trials	1.0	442.270808	443.492702	444.38660899999996	444.89764099999996	441.356579	443.96434999999997			2.0	1.0	0.0	3.0					
448.707	521.27	BlockDesign														1.0	21.0	44.0	0.0	50.0
448.707	21.19999999999999	trials	2.0	465.445401	466.682258	467.675562	467.960108	464.854259	467.10468199999997	468.347	469.907	3.0	2.0	1.0	1.0					
472.963	6.656000000000006	trials	2.0	476.900652	478.30238299999996	479.348946	479.66826299999997	476.039748	478.767973			3.0	2.0	0.0	3.0					
481.667	15.610000000000014	trials	2.0	494.041107	496.052782	496.928392	497.344263	493.531832	496.419464			3.0	2.0	0.0	3.0					
499.312	18.36099999999999	trials	2.0	512.735781	514.762385	515.480136	515.714907	512.057985	514.952097	516.142	517.673	3.0	2.0	1.0	1.0					
519.707	17.82000000000005	trials	2.0	534.796026	536.342654	537.192549	537.5223139999999	534.269517	536.622655			3.0	2.0	0.0	3.0					
540.577	16.30600000000004	trials	2.0	552.367394	553.6958119999999	554.590275	554.806953	551.530062	554.042427	555.117	556.883	3.0	2.0	1.0	1.0					
558.916	21.375999999999976	trials	2.0	577.306017	579.043014	580.039628	580.228706	576.705139	579.463503			3.0	2.0	0.0	3.0					
584.342	15.129999999999995	trials	2.0	595.436177	596.821771	597.680531	597.889106	594.608486	597.14757	598.287	599.472	3.0	2.0	1.0	1.0					
603.537	23.971000000000004	trials	2.0	623.371596	624.750172	625.6257899999999	625.880072	622.740189	625.069248	626.342	627.508	3.0	2.0	1.0	1.0					
629.597	22.215000000000032	trials	2.0	647.551146	648.885333	649.631549	649.838389	646.923374	649.09565	650.227	651.812	3.0	2.0	1.0	1.0					
654.879	17.817999999999984	trials	2.0	670.0415869999999	671.703771	672.33217	672.5525269999999	669.225866	671.71979			3.0	2.0	0.0	3.0					
674.707	15.255999999999972	trials	2.0	687.386411	689.072196	689.643676	689.909637	686.528466	689.137086			3.0	2.0	0.0	3.0					
691.972	23.710000000000036	trials	2.0	711.882471	712.98771	713.7652469999999	714.020006	710.964861	713.252255	714.487	715.682	3.0	2.0	1.0	1.0					
719.717	20.600000000000023	trials	2.0	736.416621	738.323037	738.980697	739.230917	735.613957	738.320059			3.0		0.0	2.0					
743.337	17.875999999999976	trials	2.0	757.816188	759.267785			756.9760679999999	759.2593469999999			3.0		0.0	2.0					
763.267	19.04499999999996	trials	2.0	777.986341	779.474247	780.331401	780.5766	777.463368	779.824454	780.907	782.312	3.0	2.0	1.0	1.0					
786.332	22.565000000000055	trials	2.0	804.141411	805.903315	806.548393	806.693122	803.235428	806.021799	800.552	808.897	3.0	2.0	1.0	1.0					
810.419	30.33299999999997	trials	2.0	837.462039	838.7588	839.326733	839.598702	836.534223	838.754427			3.0		0.0	2.0					
843.808	15.048999999999978	trials	2.0	856.227009	857.613179	858.519924	858.918867	855.699483	858.006183			3.0	2.0	0.0	3.0					
860.895	28.187000000000012	trials	2.0	885.19659	886.646647	887.2671379999999	887.517989	884.3123879999999	886.74777	861.017	889.082	3.0	2.0	1.0	1.0					
891.142	20.1099999999999	trials	2.0	907.936934	909.24536			907.046097	909.24212			3.0		0.0	2.0					
914.309	12.94900000000007	trials	2.0	924.601848	925.931243	927.004548	927.267761	923.937468	926.530628			3.0	1.0	0.0	3.0					
931.287	14.099999999999909	trials	2.0	942.641997	944.1122809999999	944.912105	945.117246	941.72295	944.400478			3.0	2.0	0.0	3.0					
947.237	22.74000000000001	trials	2.0	966.292824	968.3161279999999	968.919396	969.137547	965.630859	968.3344519999999			3.0	2.0	1.0	1.0					
973.447	915.6850000000001	BlockDesign														1.0	45.0	87.0	50.0	50.0
973.447	27.649999999999977	trials	3.0	998.627643	999.928946	1000.821915	1001.035361	997.821749	1000.259424			3.0	2.0	0.0	3.0					
1004.152	30.060999999999922	trials	3.0	1031.88236	1033.205541	1033.949516	1034.123489	1031.270252	1033.572426			2.0	1.0	0.0	3.0					
1038.262	6.445000000000164	trials	3.0	1041.917673	1043.839397	1044.453059	1044.662394	1041.109115	1043.982695			3.0	1.0	0.0	3.0					
1046.715	17.09699999999998	trials	3.0	1059.682361	1061.146691	1061.829069	1062.09187	1059.102617	1061.335716	1062.502	1063.812	3.0	2.0	1.0	1.0					
1065.762	19.99000000000001	trials	3.0	1081.527018	1082.863727	1083.721877	1083.922272	1080.581201	1083.179933	1084.258	1085.752	3.0	2.0	1.0	1.0					
1088.817	33.83999999999992	trials	3.0	1118.409462	1119.858692	1120.796094	1121.009385	1117.829799	1120.366434	1121.527	1122.657	2.0	1.0	1.0	1.0					
1126.722	14.170000000000073	trials	3.0	1136.112704	1137.673968	1138.70328	1138.885604	1135.334859	1137.714435	1139.332	1140.892	2.0	1.0	1.0	1.0					
1142.857	24.605999999999995	trials	3.0	1164.458067	1166.438435	1167.154337	1167.391806	1163.743608	1166.779376			2.0	1.0	0.0	3.0					
1169.472	18.605000000000018	trials	3.0	1184.402825	1186.134425	1186.64909	1186.96536	1183.771515	1186.125825			3.0		0.0	2.0					
1190.128	17.420000000000073	trials	3.0	1204.942611	1206.298307	1207.225148	1207.496586	1204.007075	1206.802784			2.0	1.0	0.0	3.0					
1211.597	13.326000000000022	trials	3.0	1222.293551	1223.699186	1224.663521	1224.915732	1221.41464	1224.131414			3.0	2.0	0.0	3.0					
1227.937	6.670000000000073	trials	3.0	1231.803402	1233.4043	1234.346313	1234.496529	1231.049759	1233.967196			2.0	1.0	0.0	3.0					
1238.617	13.509999999999991	trials	3.0	1248.95436	1250.839997	1251.724342	1252.194086	1248.430935	1251.168555			3.0	2.0	0.0	3.0					
1255.025	12.281999999999925	trials	3.0	1263.237672	1264.792785	1265.565668	1265.802723	1262.381439	1265.166461	1266.167	1267.307	2.0	1.0	1.0	1.0					
1269.372	13.204999999999927	trials	3.0	1278.397854	1279.653621	1280.631962	1280.818814	1277.576805	1280.235328	1281.177	1282.577	2.0	1.0	1.0	1.0					
1285.432	23.25499999999988	trials	3.0	1304.329929	1305.564659	1306.417448	1306.657797	1303.534359	1305.877698	1307.147	1308.687	3.0	2.0	1.0	1.0					
1311.744	20.483000000000175	trials	3.0	1327.69772	1329.583132	1330.223462	1330.427787	1326.846593	1329.843651	1330.798	1332.227	2.0	1.0	1.0	1.0					
1336.244	15.663000000000011	trials	3.0	1347.902873	1349.252604	1350.152537	1350.343013	1347.225432	1349.574038	1350.767	1351.907	3.0	2.0	1.0	1.0					
1354.972	20.815000000000055	trials	3.0	1373.293653	1374.909029	1375.520777	1375.643204	1372.438067	1375.138533			2.0	1.0	0.0	3.0					
1378.798	19.673999999999978	trials	3.0	1396.119798	1397.464466	1398.224663	1398.516183	1395.291203	1397.817137			2.0	1.0	0.0	3.0					
1402.522	15.810000000000173	trials	3.0	1413.508738	1415.415528	1416.632921	1416.862762	1412.998056	1416.16701	1417.338	1418.332	2.0	1.0	1.0	1.0					
1420.352	15.579999999999927	trials	3.0	1433.318478	1434.795664	1435.681204	1435.999724	1432.642167	1435.170312			3.0	2.0	0.0	3.0					
1437.987	14.375	trials	3.0	1448.293872	1449.466604	1450.326297	1450.554198	1447.539716	1449.789978	1450.967	1452.362	3.0	2.0	1.0	1.0					
1454.383	14.104000000000042	trials	3.0	1465.678633	1467.519089	1468.237805	1468.435527	1465.025537	1467.813398			3.0	1.0	0.0	3.0					
1470.497	16.684999999999945	trials	3.0	1483.268954	1484.47323	1485.472532	1485.629229	1482.726662	1485.060491	1486.147	1487.182	2.0	1.0	1.0	1.0					
1490.202	17.55600000000004	trials	3.0	1504.549061	1506.55046	1507.495398	1507.797912	1504.02108	1506.898262			3.0	2.0	0.0	3.0					
1511.763	15.910000000000082	trials	3.0	1523.259113	1524.49254	1525.566606	1525.805145	1522.460993	1525.018454	1526.242	1527.673	3.0	2.0	1.0	1.0					
1529.717	21.419999999999845	trials	3.0	1546.620603	1548.4916	1549.445207	1549.678076	1545.883724	1548.546191	1550.147	1551.137	2.0	1.0	1.0	1.0					
1554.198	14.423999999999978	trials	3.0	1565.544228	1567.541187	1568.300511	1568.690945	1564.729629	1567.91697			2.0	1.0	0.0	3.0					
1572.602	20.355000000000018	trials	3.0	1590.354261	1591.97814	1592.702098	1593.005907	1589.3849089999999	1592.333016			2.0	1.0	0.0	3.0					
1595.967	12.894999999999982	trials	3.0	1606.24571	1607.695688	1608.539375	1608.91734	1605.368568	1607.973749			3.0	2.0	0.0	3.0					
1610.917	18.310000000000173	trials	3.0	1625.108744	1626.513629	1627.390472	1627.648109	1624.315814	1626.8244359999999	1611.197	1629.227	3.0	2.0	1.0	1.0					
1631.287	20.105000000000018	trials	3.0	1647.374568	1648.753638	1649.400888	1649.614772	1646.428403	1648.806776	1649.997	1651.392	3.0	2.0	1.0	1.0					
1655.463	23.375	trials	3.0	1674.104462	1675.905339	1676.676812	1676.982566	1673.210853	1676.1389609999999	1677.367	1678.838	3.0	2.0	1.0	1.0					
1680.931	20.870999999999867	trials	3.0	1698.160946	1699.861532	1700.8702289999999	1700.982882	1697.427086	1699.850151			3.0		0.0	2.0					
1704.812	18.450000000000045	trials	3.0	1720.574175	1721.842858	1722.953114	1723.193759	1719.75164	1722.357614			3.0	2.0	0.0	3.0					
1726.272	13.691000000000031	trials	3.0	1735.974357	1737.393437	1738.099541	1738.538906	1735.055885	1737.740793	1738.812	1739.963	2.0	1.0	1.0	1.0					
1743.987	12.079999999999927	trials	3.0	1752.099345	1753.636335	1754.357366	1754.530665	1751.496876	1753.992857	1755.022	1756.067	2.0	1.0	1.0	1.0					
1758.092	15.745999999999867	trials	3.0	1771.160961	1772.617719	1773.418092	1773.904679	1770.564827	1773.004671			2.0	1.0	0.0	3.0					
1776.763	56.62000000000012	trials	3.0	1830.331382	1832.038055	1832.945293	1833.452002	1829.7192479999999	1832.524104			2.0	1.0	0.0	3.0					
1837.262	19.27500000000009	trials	3.0	1853.908431	1855.384266	1856.144175	1856.605212	1853.004546	1855.560464			3.0	2.0	0.0	3.0					
1859.452	11.346000000000004	trials	3.0	1866.354629	1867.745649	1869.073193	1869.275979	1865.607294	1868.626202	1869.577	1870.798	2.0	1.0	1.0	1.0					
1872.898	16.23400000000015	trials	3.0	1886.565015	1888.166505	1889.096607	1889.474189	1885.892975	1888.506077			3.0	2.0	0.0	3.0					
1893.353	120.71399999999994	BlockDesign														1.0	88.0	93.0	0.0	0.0
1893.353	11.55399999999986	trials	4.0	1902.005258	1902.96737			1901.019612	1902.961716			2.0		0.0	2.0					
1907.963	26.399000000000115	trials	4.0	1931.780064	1932.986447	1934.102045	1934.304171	1930.820882	1933.727256			2.0	1.0	0.0	3.0					
1938.387	13.025000000000091	trials	4.0	1948.496532	1949.911772	1950.89448	1951.480988	1947.779607	1950.425537			2.0	1.0	0.0	3.0					
1955.202	16.75	trials	4.0	1968.655251	1970.432543	1971.616652	1972.021241	1967.7694099999999	1971.222468			2.0	1.0	0.0	3.0					
1974.931	16.392000000000053	trials	4.0	1988.480364	1990.076672	1990.978559	1991.393714	1987.596072	1990.604744			2.0	1.0	0.0	3.0					
1995.258	18.80899999999997	trials	4.0	2010.996797	2013.051617	2014.054506	2014.453314	2010.42378	2013.6268949999999			2.0	1.0	0.0	3.0					
2018.327	80.89500000000021	BlockDesign														1.0	94.0	98.0	0.0	0.0
2018.327	24.565000000000055	trials	5.0	2039.895311	2041.695385	2042.38776	2042.964818	2038.950666	2041.811238			3.0	2.0	0.0	3.0					
2046.713	10.638999999999896	trials	5.0	2054.7958000000003	2055.9112870000004	2057.024682	2057.4216570000003	2054.0484180000003	2056.4516460000004			3.0	2.0	0.0	3.0					
2061.308	9.184000000000196	trials	5.0	2066.7255600000003	2068.4324610000003	2070.040347	2070.564033	2065.7782960000004	2069.485901			3.0	2.0	0.0	3.0					
2074.357	7.360000000000127	trials	5.0	2078.25563	2080.1010950000004	2081.4003510000002	2081.633666	2077.667703	2080.872554			3.0	1.0	0.0	3.0					
2085.727	13.495000000000346	trials	5.0	2096.456846	2097.7775370000004	2099.046353	2099.2915110000004	2095.847834	2098.4865040000004			3.0	2.0	0.0	3.0					
2103.402	786.7799999999997	BlockDesign														1.0	99.0	138.0	50.0	50.0
2103.402	9.9699999999998	trials	6.0	2110.775649	2111.991143	2113.038257	2113.441776	2109.7866940000004	2112.6693960000002			2.0	1.0	0.0	3.0					
2116.338	34.98900000000003	trials	6.0	2146.920885	2148.7176630000004	2149.6476150000003	2149.7921220000003	2146.3335410000004	2149.2752360000004	2127.963	2151.327	2.0	1.0	1.0	1.0					
2153.418	17.958999999999833	trials	6.0	2168.876016	2170.280217	2171.076309	2171.4363190000004	2168.0746510000004	2170.517702			3.0	2.0	0.0	3.0					
2174.373	17.139999999999873	trials	6.0	2186.872428	2188.2723800000003	2189.6252240000003	2189.9155010000004	2186.2880480000003	2189.018685	2190.247	2191.513	3.0	2.0	1.0	1.0					
2195.552	14.184999999999945	trials	6.0	2205.6711360000004	2206.947144	2207.828649	2208.1546380000004	2205.11762	2207.257974	2208.463	2209.737	3.0	2.0	1.0	1.0					
2211.802	26.86499999999978	trials	6.0	2236.280643	2237.5256860000004	2238.3434260000004	2238.7375770000003	2235.279347	2237.770656			3.0	2.0	0.0	3.0					
2241.642	13.450000000000273	trials	6.0	2252.4614020000004	2253.5478890000004	2254.4041570000004	2255.1627460000004	2251.910021	2254.000653			2.0	1.0	0.0	3.0					
2256.682	20.370000000000346	trials	6.0	2272.82087	2273.9954850000004	2275.2377100000003	2275.487508	2272.117971	2274.838427	2275.987	2277.052	2.0	1.0	1.0	1.0					
2279.114	14.592999999999847	trials	6.0	2289.2965390000004	2290.509515	2291.682189	2291.967341	2288.637893	2291.0564790000003	2292.338	2293.707	3.0	2.0	1.0	1.0					
2295.759	22.842999999999847	trials	6.0	2314.485905	2315.8624120000004	2316.6488550000004	2316.939413	2313.5968690000004	2316.0475260000003	2317.287	2318.602	3.0	2.0	1.0	1.0					
2322.682	11.080000000000382	trials	6.0	2329.78094	2331.2071140000003	2331.995612	2332.208183	2329.155506	2331.5964550000003	2332.542	2333.762	2.0	1.0	1.0	1.0					
2335.777	17.11499999999978	trials	6.0	2350.0264490000004	2351.9269700000004	2352.561818	2352.829721	2349.2233640000004	2352.1637360000004			2.0	1.0	0.0	3.0					
2355.897	9.105000000000018	trials	6.0	2361.691298	2363.6296350000002	2364.636524	2365.0725850000003	2360.909766	2364.2310380000004			2.0	1.0	0.0	3.0					
2367.942	20.304999999999836	trials	6.0	2385.2477940000003	2387.1081700000004	2387.9727690000004	2388.293545	2384.3112170000004	2387.377641			3.0	2.0	0.0	3.0					
2392.293	5.498999999999796	trials	6.0	2395.021329	2396.130744	2397.31115	2397.860795	2394.2037050000004	2396.7707600000003			3.0	2.0	0.0	3.0					
2400.567	16.36499999999978	trials	6.0	2412.606294	2414.1005130000003	2415.2183200000004	2415.4790770000004	2411.8807370000004	2414.8212930000004	2415.892	2416.932	2.0	1.0	1.0	1.0					
2419.014	13.268000000000029	trials	6.0	2429.8464870000003	2431.133807	2432.020379	2432.3306570000004	2429.299817	2431.607421			3.0	1.0	0.0	3.0					
2435.292	17.315000000000055	trials	6.0	2448.146607	2450.128001	2450.8152210000003	2451.0238950000003	2447.567285	2450.435648	2451.362	2452.607	2.0	1.0	1.0	1.0					
2454.687	6.974999999999909	trials	6.0	2458.498257	2460.478356	2461.4041920000004	2461.6325020000004	2457.851817	2460.97751			2.0	1.0	0.0	3.0					
2464.707	19.715999999999894	trials	6.0	2479.7483490000004	2481.4351650000003	2482.4194100000004	2482.8227690000003	2479.2293670000004	2481.785408	2482.997	2484.423	3.0	2.0	1.0	1.0					
2487.442	15.260000000000218	trials	6.0	2498.6963090000004	2500.035377	2500.762665	2501.0092950000003	2497.9151220000003	2500.3705040000004	2501.467	2502.702	2.0	1.0	1.0	1.0					
2506.722	17.109999999999673	trials	6.0	2521.3967810000004	2522.649678	2523.5896340000004	2523.8884500000004	2520.4751290000004	2522.9887820000004			3.0	2.0	0.0	3.0					
2527.842	14.856999999999971	trials	6.0	2539.6517660000004	2540.968926	2542.31799	2542.7644750000004	2538.961647	2541.9570870000002			2.0	1.0	0.0	3.0					
2544.652	22.679999999999836	trials	6.0	2564.4819530000004	2566.068611	2566.9471970000004	2567.402105	2563.502433	2566.399601			3.0	2.0	0.0	3.0					
2569.267	8.885000000000218	trials	6.0	2573.9417420000004	2575.7099430000003	2576.560499	2576.7819630000004	2573.417652	2576.1760170000002	2577.192	2578.152	2.0	1.0	1.0	1.0					
2580.173	15.738000000000284	trials	6.0	2593.437003	2594.6727060000003	2595.618299	2595.9849390000004	2592.661058	2595.0074240000004			3.0	2.0	0.0	3.0					
2599.933	9.014000000000124	trials	6.0	2604.797198	2606.0538930000002	2607.058133	2607.332973	2604.1038930000004	2606.715846	2607.827	2608.947	2.0	1.0	1.0	1.0					
2611.992	22.58999999999969	trials	6.0	2631.552399	2633.4060750000003	2634.317507	2634.619482	2630.938778	2633.716053			3.0	2.0	0.0	3.0					
2638.604	9.903999999999996	trials	6.0	2643.687237	2645.44862	2646.650525	2646.915605	2642.782784	2645.896326	2647.408	2648.508	3.0	2.0	1.0	1.0					
2651.522	8.059000000000196	trials	6.0	2656.333586	2658.368765	2659.2803000000004	2659.649448	2655.4645410000003	2658.9005840000004			2.0	1.0	0.0	3.0					
2661.534	18.38899999999967	trials	6.0	2677.281929	2678.7778420000004	2679.5776870000004	2679.996717	2676.4095650000004	2679.211142			2.0	1.0	0.0	3.0					
2682.867	43.98499999999967	trials	6.0	2722.8074800000004	2723.974619	2724.8097730000004	2725.1379420000003	2722.0044780000003	2724.224387	2725.306	2726.852	3.0	2.0	1.0	1.0					
2728.917	12.981000000000222	trials	6.0	2738.6777730000003	2740.493817	2741.3795400000004	2741.9678430000004	2737.7911190000004	2740.7902430000004			3.0	2.0	0.0	3.0					
2743.65	16.33199999999988	trials	6.0	2756.932448	2758.6628360000004	2759.5644270000003	2760.0533	2756.336873	2759.209071			2.0	1.0	0.0	3.0					
2762.863	21.059999999999945	trials	6.0	2779.0626730000004	2780.9958680000004	2781.9619740000003	2782.2101940000002	2778.1242810000003	2781.303776	2782.557	2783.923	3.0	2.0	1.0	1.0					
2787.967	10.5	trials	6.0	2793.7580310000003	2795.032712	2796.321072	2796.6583800000003	2793.0748460000004	2795.7144460000004	2796.923	2798.467	3.0	2.0	1.0	1.0					
2800.573	18.71900000000005	trials	6.0	2815.017752	2816.263241	2818.342203	2819.363024	2814.4227130000004	2817.527466			2.0	2.0	0.0	3.0					
2821.607	17.409999999999854	trials	6.0	2834.9429360000004	2836.5598440000003	2837.269634	2837.4957390000004	2834.0103550000003	2836.8710370000003	2837.977	2839.017	2.0	1.0	1.0	1.0					
2842.087	21.934999999999945	trials	6.0	2861.517984	2862.771215	2863.5219800000004	2864.094911	2860.9681530000003	2863.132532			2.0	1.0	0.0	3.0					
2867.767	22.414999999999964	trials	6.0	2888.048436	2889.200186	2890.148465	2890.6848600000003	2887.265855	2889.4776150000002			3.0	2.0	0.0	3.0					
2893.512	2426.8709999999996	BlockDesign														1.0	139.0	257.0	50.0	90.0
2893.512	18.754999999999654	trials	7.0	2907.918587	2909.4636090000004	2911.77228	2912.3406630000004	2907.2274140000004	2911.3229290000004			1.0	1.0	0.0	3.0					
2914.062	15.575000000000273	trials	7.0	2925.6516370000004	2927.614335	2929.0203570000003	2929.7106740000004	2924.872557	2928.5970960000004			1.0	1.0	0.0	3.0					
2932.298	63.4050000000002	trials	7.0	2942.6878330000004	2944.6524940000004	2993.6040780000003	2993.875445	2941.8728	2944.5923380000004	2994.227	2995.703	1.0	2.0	1.0	1.0					
2998.582	16.235000000000127	trials	7.0	3011.253818	3012.8822750000004			3010.431527	3012.875816			1.0		0.0	2.0					
3017.868	17.534000000000106	trials	7.0	3030.9332780000004	3032.074165	3033.430296	3033.668391	3030.374795	3032.771733	3034.017	3035.402	1.0	2.0	1.0	1.0					
3038.508	17.35400000000027	trials	7.0	3051.4151180000003	3052.92059	3053.846454	3054.104357	3050.5166280000003	3053.202182	3054.542	3055.862	1.0	2.0	1.0	1.0					
3059.912	16.510999999999967	trials	7.0	3071.3602650000003	3073.0893840000003	3073.8048420000005	3074.0503120000003	3070.3660750000004	3073.091099	3074.417	3076.423	1.0	2.0	1.0	1.0					
3078.317	20.824999999999818	trials	7.0	3094.7959550000005	3096.0523140000005	3097.0615700000003	3097.2126860000003	3094.1907290000004	3096.4562730000002	3097.647	3099.142	1.0	2.0	1.0	1.0					
3103.202	14.479999999999563	trials	7.0	3113.3204780000005	3114.558558	3115.5385200000005	3115.7225390000003	3112.7293970000005	3114.9313100000004	3116.127	3117.682	1.0	2.0	1.0	1.0					
3119.759	17.123999999999796	trials	7.0	3132.452427	3133.792757	3134.734381	3134.9507150000004	3131.5643010000003	3134.1095630000004	3135.277	3136.883	1.0	2.0	1.0	1.0					
3138.942	10.230999999999767	trials	7.0	3146.2607070000004	3147.8025290000005	3148.9095920000004	3149.1957270000003	3145.6084960000003	3148.2861450000005			1.0	2.0	0.0	3.0					
3153.187	13.355000000000018	trials	7.0	3161.8011030000002	3163.1630790000004	3164.384574	3164.6309120000005	3161.109894	3163.8031760000003	3165.007	3166.542	1.0	2.0	1.0	1.0					
3170.427	10.402000000000044	trials	7.0	3177.9609960000003	3179.8417460000005	3180.4153880000003	3180.894051	3177.0084950000005	3179.9717790000004			1.0	1.0	0.0	3.0					
3182.737	16.5949999999998	trials	7.0	3194.0010930000003	3196.3639020000005	3197.3865280000005	3197.6202970000004	3193.452071	3196.715618	3197.897	3199.332	1.0	2.0	1.0	1.0					
3201.4	23.813000000000102	trials	7.0	3222.9260930000005	3224.1153990000003	3224.9566520000003	3225.2657550000004	3222.1002700000004	3224.4838400000003			1.0	1.0	0.0	3.0					
3229.222	58.434999999999945	trials	7.0	3283.9166070000006	3285.7181060000003			3283.0874360000003	3285.709232			1.0		0.0	2.0					
3289.683	24.2800000000002	trials	7.0	3310.0913160000005	3311.5127870000006	3312.1879800000006	3312.4404660000005	3309.1853060000003	3311.764575	3312.963	3313.963	1.0	1.0	1.0	1.0					
3317.022	7.735999999999876	trials	7.0	3320.3113650000005	3321.97974	3322.5489000000002	3322.7687570000003	3319.6643610000006	3322.1487560000005	3323.463	3324.758	1.0	1.0	1.0	1.0					
3328.777	7.278999999999996	trials	7.0	3332.2713920000006	3334.0940670000005			3331.5277710000005	3334.0816560000003			1.0		0.0	2.0					
3338.062	26.230000000000018	trials	7.0	3359.1579950000005	3361.1630810000006	3362.1422030000003	3362.37719	3358.6479740000004	3361.4438280000004	3362.832	3364.292	1.0	2.0	1.0	1.0					
3366.357	10.949999999999818	trials	7.0	3373.2516820000005	3374.5573460000005	3375.2806250000003	3375.5104670000005	3372.642729	3374.8051990000004	3375.883	3377.307	1.0	1.0	1.0	1.0					
3381.4	7.4220000000000255	trials	7.0	3384.1365740000006	3385.6525300000003	3386.3873980000003	3386.552375	3383.296036	3385.996207	3387.107	3388.822	1.0	1.0	1.0	1.0					
3391.903	10.09900000000016	trials	7.0	3398.6583090000004	3400.3904690000004	3401.1095390000005	3401.3061690000004	3398.0959960000005	3400.677465			1.0	1.0	0.0	3.0					
3405.372	21.475000000000364	trials	7.0	3422.8869650000006	3423.973683	3424.9502420000003	3425.1503930000003	3422.0272860000005	3424.4907260000004	3425.612	3426.847	1.0	1.0	1.0	1.0					
3429.902	7.960000000000036	trials	7.0	3433.2871950000003	3434.6020290000006	3435.673764	3436.00001	3432.3001220000006	3435.0170590000002	3436.372	3437.862	1.0	2.0	1.0	1.0					
3440.883	7.734000000000378	trials	7.0	3444.4862900000003	3445.86333	3446.831015	3447.0157370000006	3443.8164240000006	3446.4073470000003	3447.362	3448.617	1.0	1.0	1.0	1.0					
3450.68	6.927000000000135	trials	7.0	3455.1467360000006	3456.3212180000005	3457.3455770000005	3457.5240570000005	3454.1490750000003	3456.9283370000003			1.0	1.0	0.0	3.0					
3460.617	16.58999999999969	trials	7.0	3474.9176400000006	3476.0995930000004	3476.8585850000004	3477.2738430000004	3474.1529270000005	3476.4436860000005			1.0	1.0	0.0	3.0					
3481.157	29.585000000000036	trials	7.0	3506.0122630000005	3507.7056210000005	3508.6378710000004	3508.8747300000005	3505.4211380000006	3508.0342670000005	3509.317	3510.742	1.0	2.0	1.0	1.0					
3513.762	11.769999999999982	trials	7.0	3520.7318600000003	3522.0310230000005	3523.153689	3523.605378	3520.022706	3522.5226350000003	3523.827	3525.532	1.0	2.0	1.0	1.0					
3529.552	5.516000000000076	trials	7.0	3532.5720390000006	3533.863443	3534.709529	3535.1330500000004	3531.9134550000003	3534.188946			1.0	1.0	0.0	3.0					
3539.035	37.646999999999935	trials	7.0	3571.8124800000005	3573.6394050000004	3574.5074730000006	3574.7623250000006	3571.2246380000006	3573.9300240000002	3575.041	3576.682	1.0	2.0	1.0	1.0					
3578.744	10.057999999999993	trials	7.0	3585.0086280000005	3586.8707490000006	3587.7998070000003	3588.062358	3584.0227650000006	3587.208923			1.0	2.0	1.0	1.0					
3591.342	14.099999999999909	trials	7.0	3600.5270280000004	3602.0588760000005	3603.0147930000003	3603.26191	3599.7744660000003	3602.3936160000003	3603.673	3605.442	1.0	2.0	1.0	1.0					
3607.482	10.360000000000127	trials	7.0	3612.7840600000004	3614.1088280000004	3615.024639	3615.2918910000003	3611.9616940000005	3614.4046710000002	3615.713	3617.842	1.0	2.0	1.0	1.0					
3620.901	8.576000000000022	trials	7.0	3624.9275990000006	3626.2690710000006	3627.1604930000003	3627.363768	3624.0408860000002	3626.5453310000003	3627.923	3629.477	1.0	2.0	1.0	1.0					
3633.497	19.7470000000003	trials	7.0	3650.642584	3652.0201670000006	3652.9605380000003	3653.2887060000003	3650.0580150000005	3652.363373			1.0	2.0	0.0	3.0					
3656.247	38.36000000000013	trials	7.0	3690.3332150000006	3692.1317350000004	3692.9570590000003	3693.1599860000006	3689.5789500000005	3692.4864150000003	3693.603	3694.607	1.0	1.0	1.0	1.0					
3698.673	13.544000000000324	trials	7.0	3707.43267	3709.0944320000003	3710.0419050000005	3710.2938700000004	3706.5414490000003	3709.4194340000004	3710.677	3712.217	1.0	2.0	1.0	1.0					
3714.138	20.36999999999989	trials	7.0	3730.012998	3731.331101	3733.9704330000004	3734.5720410000004	3729.1860930000003	3731.323311			1.0		0.0	2.0					
3736.372	13.010999999999967	trials	7.0	3746.1075520000004	3748.025837	3748.78848	3749.449664	3745.544631	3748.3817930000005			1.0	1.0	0.0	3.0					
3751.102	13.690000000000055	trials	7.0	3761.8880930000005	3763.3702740000003	3764.4811250000002	3764.8606740000005	3761.1333990000003	3763.8490580000002			1.0	2.0	0.0	3.0					
3767.739	21.84900000000016	trials	7.0	3784.737524	3786.7848620000004	3787.5148910000003	3787.7589150000003	3784.097458	3786.887243	3788.182	3789.588	1.0	2.0	1.0	1.0					
3793.647	22.31600000000026	trials	7.0	3812.8627460000002	3814.024166			3811.9167090000005	3814.0144040000005			1.0		0.0	2.0					
3818.008	14.569000000000415	trials	7.0	3829.8227890000003	3831.5103620000004	3832.2687890000007	3832.505841	3829.3067310000006	3831.8231090000004			1.0	1.0	0.0	3.0					
3835.607	48.539999999999964	trials	7.0	3880.8433200000004	3882.3698600000002	3883.155936	3883.4404930000005	3879.8631530000002	3882.7425370000005			1.0	1.0	1.0	1.0					
3887.683	28.61499999999978	trials	7.0	3912.0685700000004	3913.875812	3914.6410890000006	3914.8492370000004	3911.1288110000005	3914.2156830000004	3915.207	3916.298	1.0	1.0	1.0	1.0					
3919.357	18.324999999999818	trials	7.0	3933.3741000000005	3934.446741	3935.5636890000005	3935.8643570000004	3932.3926710000005	3934.8782560000004	3936.282	3937.682	1.0	2.0	1.0	1.0					
3939.728	21.018999999999778	trials	7.0	3956.073107	3957.4608910000006	3958.412607	3958.6838190000003	3955.458633	3957.7596600000006	3959.097	3960.747	1.0	2.0	1.0	1.0					
3962.767	21.40000000000009	trials	7.0	3980.0189120000005	3981.1172100000003	3982.0376330000004	3982.333649	3979.0572170000005	3981.434118	3982.722	3984.167	1.0	2.0	1.0	1.0					
3986.232	21.304999999999836	trials	7.0	4002.2387780000004	4003.6003940000005	4004.7016280000003	4004.9828730000004	4001.5908030000005	4004.2262760000003	4005.477	4007.537	1.0	1.0	1.0	1.0					
4011.292	14.210000000000036	trials	7.0	4020.7946340000003	4022.4912270000004	4023.3081300000003	4023.5183490000004	4019.9869220000005	4022.8716920000006	4024.067	4025.502	1.0	1.0	1.0	1.0					
4027.558	22.2800000000002	trials	7.0	4044.8906010000005	4046.4855380000004	4047.4054860000006	4047.7469130000004	4044.0070590000005	4046.7965570000006	4048.097	4049.838	1.0	2.0	1.0	1.0					
4053.772	16.59999999999991	trials	7.0	4067.4593630000004	4069.0910580000004	4070.118068	4070.4324650000003	4066.6551660000005	4069.4829210000003			1.0	2.0	0.0	3.0					
4073.423	14.369000000000142	trials	7.0	4082.999415	4085.0480310000003	4085.9599190000004	4086.197367	4082.4812630000006	4085.5431450000005	4086.552	4087.792	1.0	1.0	1.0	1.0					
4090.852	25.68000000000029	trials	7.0	4112.495765000001	4113.753294	4114.6109910000005	4114.844025	4111.583463000001	4114.197186	4115.298	4116.532	1.0	1.0	1.0	1.0					
4118.588	12.975000000000364	trials	7.0	4126.339908	4127.797292	4128.722069	4129.016073000001	4125.4642220000005	4128.306373	4131.222	4131.563	1.0	1.0	1.0	1.0					
4134.342	11.25500000000011	trials	7.0	4142.724257	4143.760981	4144.589627	4144.7495180000005	4142.172015	4144.089767			1.0	1.0	1.0	1.0					
4148.107	35.534999999999854	trials	7.0	4179.089936	4180.525937	4181.496104	4181.788241	4178.246991	4180.879395	4182.167	4183.642	1.0	2.0	1.0	1.0					
4187.692	13.980999999999767	trials	7.0	4196.661084	4198.47842	4199.738144000001	4199.91833	4195.849992	4198.438716000001	4200.457	4201.673	1.0	1.0	1.0	1.0					
4203.733	8.488999999999578	trials	7.0	4209.069117000001	4210.942059000001	4211.970563000001	4212.257432	4208.164705	4211.285462			1.0	2.0	0.0	3.0					
4216.232	36.840000000000146	trials	7.0	4249.144773	4250.301818	4251.029195	4251.281286	4248.465981	4250.5996700000005	4251.707	4253.072	1.0	1.0	1.0	1.0					
4255.089	11.903000000000247	trials	7.0	4263.705994	4265.7008510000005	4266.368747	4266.543996	4263.188352	4265.943612000001			1.0	1.0	0.0	3.0					
4268.682	31.284999999999854	trials	7.0	4295.029821	4296.741285	4297.73474	4297.968113000001	4294.09302	4297.093149	4298.457	4299.967	1.0	2.0	1.0	1.0					
4303.947	10.475999999999658	trials	7.0	4309.054812	4311.0877310000005	4313.969439	4314.492264	4308.527153000001	4311.084995			1.0		0.0	2.0					
4316.082	21.234999999999673	trials	7.0	4332.831814	4334.061675000001	4335.154929	4335.375653	4331.932877	4334.478756	4335.692	4337.317	1.0	2.0	1.0	1.0					
4340.352	10.11200000000008	trials	7.0	4347.575451000001	4349.423259	4350.148874	4350.486003	4346.8010730000005	4349.689758			1.0	1.0	0.0	3.0					
4354.431	30.46600000000035	trials	7.0	4379.9349170000005	4381.597028	4382.779664000001	4383.036357000001	4379.021942	4382.163789	4383.423	4384.897	1.0	2.0	1.0	1.0					
4388.958	9.109000000000378	trials	7.0	4393.600016	4394.733477000001	4395.727571	4395.960855	4392.677750000001	4395.097656	4396.338	4398.067	1.0	2.0	1.0	1.0					
4401.09	11.317000000000007	trials	7.0	4407.239989000001	4408.601939	4409.705384000001	4409.9198400000005	4406.609297000001	4409.022021000001	4410.362	4412.407	1.0	2.0	1.0	1.0					
4415.497	12.635999999999513	trials	7.0	4423.525281	4424.571647000001	4425.766426	4425.968843000001	4422.701537000001	4425.093135	4426.527	4428.133	1.0	2.0	1.0	1.0					
4432.193	9.597999999999956	trials	7.0	4439.350200000001	4440.865266000001	4441.496496000001	4441.831566000001	4438.654464	4441.067331			1.0	1.0	0.0	3.0					
4443.762	23.920000000000073	trials	7.0	4463.005607	4464.297594000001	4465.303624	4465.742654000001	4462.478025	4464.703902	4466.008	4467.682	1.0	2.0	1.0	1.0					
4471.737	10.02099999999973	trials	7.0	4477.460874	4478.549121	4479.487676000001	4479.762473000001	4476.727296000001	4478.830893	4480.247	4481.758	1.0	2.0	1.0	1.0					
4483.817	11.359999999999673	trials	7.0	4489.895289	4491.902532	4492.765067	4492.939700000001	4489.104645	4492.132071	4493.332	4495.177	1.0	2.0	1.0	1.0					
4497.217	9.930000000000291	trials	7.0	4503.355608	4505.206322			4502.597145000001	4505.19923			1.0		0.0	2.0					
4510.157	27.475999999999658	trials	7.0	4533.591104	4535.522315	4536.599908	4536.974931000001	4532.7904100000005	4536.100197000001			1.0	1.0	0.0	3.0					
4540.872	14.13299999999981	trials	7.0	4550.206990000001	4551.512374	4553.094474	4553.2829	4549.325427000001	4552.595577	4553.673	4555.005	1.0	1.0	1.0	1.0					
4559.072	7.510000000000218	trials	7.0	4562.037592000001	4563.4191390000005	4564.371537000001	4564.585386000001	4561.259586	4563.932308	4565.032	4566.582	1.0	1.0	1.0	1.0					
4569.602	9.06500000000051	trials	7.0	4573.735668	4574.9531910000005	4576.075515	4576.309749	4572.820887	4575.403322	4576.673	4578.667	1.0	2.0	1.0	1.0					
4582.687	7.960000000000036	trials	7.0	4585.966541000001	4587.77238	4588.674623000001	4588.859787	4585.273967	4587.988655	4589.302	4590.647	1.0	1.0	1.0	1.0					
4593.687	12.395000000000437	trials	7.0	4601.985641	4603.228863	4604.169498	4604.3791710000005	4601.203335	4603.68203	4604.902	4606.082	1.0	1.0	1.0	1.0					
4608.172	8.21100000000024	trials	7.0	4612.980842000001	4614.8125230000005	4615.552884000001	4615.793652	4612.209306000001	4615.1104080000005			1.0	1.0	0.0	3.0					
4618.887	18.701000000000022	trials	7.0	4634.957538000001	4636.138088000001	4637.165765000001	4637.660252000001	4634.310078	4636.495583			1.0	2.0	0.0	3.0					
4641.482	23.23999999999978	trials	7.0	4662.20113	4663.397181	4664.393562	4664.792669	4661.628093	4663.819214			1.0	1.0	0.0	3.0					
4666.693	25.78899999999976	trials	7.0	4687.616054	4689.57746	4690.272419000001	4690.662261	4687.015634	4689.610227	4690.907	4692.482	1.0	2.0	1.0	1.0					
4695.502	9.43499999999949	trials	7.0	4699.905849000001	4701.2930240000005	4702.553724	4702.751048	4699.175637	4702.005854000001	4703.202	4704.937	1.0	1.0	1.0	1.0					
4706.854	13.087999999999738	trials	7.0	4714.926542	4716.608022	4717.49942	4717.729838	4714.051160000001	4716.910014	4718.16	4719.942	1.0	2.0	1.0	1.0					
4721.998	9.65900000000056	trials	7.0	4727.281106	4728.598151	4729.4730420000005	4729.659753	4726.733637	4728.864221	4730.258	4731.657	1.0	2.0	1.0	1.0					
4735.712	7.1899999999996	trials	7.0	4738.427832	4739.946773000001	4740.83654	4741.023258	4737.586391000001	4740.192126	4741.412	4742.902	1.0	2.0	1.0	1.0					
4744.964	35.30799999999999	trials	7.0	4775.201304	4777.143021	4778.005010000001	4778.252241	4774.431165	4777.324574	4778.607	4780.272	1.0	2.0	1.0	1.0					
4784.308	7.628999999999905	trials	7.0	4788.4316180000005	4790.000096000001	4791.041597	4791.263267	4787.677439	4789.997327			1.0		0.0	2.0					
4793.947	17.420000000000073	trials	7.0	4808.5214510000005	4809.759557	4810.785774	4811.439068000001	4807.580996000001	4810.304288			1.0	1.0	0.0	3.0					
4813.178	21.184000000000196	trials	7.0	4829.217185	4830.976883	4831.852664	4832.06148	4828.626201	4831.380272	4832.387	4834.362	1.0	1.0	1.0	1.0					
4838.417	6.989999999999782	trials	7.0	4841.2219700000005	4842.847995	4843.720869000001	4844.1048120000005	4840.391906000001	4843.2805020000005			1.0	1.0	0.0	3.0					
4848.032	48.430999999999585	trials	7.0	4893.7977120000005	4895.403884	4896.160718	4896.475182	4893.046116	4895.6984600000005			1.0	1.0	0.0	3.0					
4899.508	10.097999999999956	trials	7.0	4906.8616680000005	4908.344003	4909.306968000001	4909.656791	4906.099548	4908.786868			1.0	1.0	0.0	3.0					
4911.567	33.95499999999993	trials	7.0	4941.767387	4943.5988480000005	4944.374799	4944.694853000001	4941.067208	4943.941073			1.0	1.0	0.0	3.0					
4946.673	21.164999999999964	trials	7.0	4963.373493	4964.684483000001	4965.507629000001	4965.919205	4962.532008	4964.900364	4966.142	4967.838	1.0	2.0	1.0	1.0					
4969.902	9.170000000000073	trials	7.0	4974.427499	4975.76511	4976.585856000001	4976.773073	4973.623205	4975.976229	4977.287	4979.072	1.0	2.0	1.0	1.0					
4981.092	9.900000000000546	trials	7.0	4985.998526	4987.479234	4988.404545	4988.611674000001	4985.159294	4987.793319	4989.057	4990.992	1.0	2.0	1.0	1.0					
4994.012	9.405000000000655	trials	7.0	4998.3620040000005	4999.943034	5000.97266	5001.146112	4997.81504	5000.358867000001	5001.548	5003.417	1.0	2.0	1.0	1.0					
5007.512	8.46100000000024	trials	7.0	5012.932403000001	5014.903404000001	5015.725419	5015.927943000001	5012.221878	5015.136837			1.0	2.0	0.0	3.0					
5019.02	12.399999999999636	trials	7.0	5028.458592000001	5030.090339	5031.173391	5031.453842000001	5027.5879350000005	5030.5738280000005			1.0	1.0	0.0	3.0					
5035.431	60.186000000000604	trials	7.0	5091.003062000001	5092.195643000001	5093.247654000001	5093.540909	5090.493749	5092.571853	5093.827	5095.617	1.0	2.0	1.0	1.0					
5099.683	6.8090000000001965	trials	7.0	5102.918195	5104.504944			5102.381933000001	5104.499451000001			1.0		0.0	2.0					
5110.542	20.824999999999818	trials	7.0	5126.1777950000005	5127.851001000001	5128.895057	5129.129121	5125.207190000001	5128.337247	5129.557	5131.367	1.0	2.0	1.0	1.0					
5134.387	12.280000000000655	trials	7.0	5141.565990000001	5142.984139	5144.093029000001	5144.335226	5140.598558000001	5143.450149	5144.642	5146.667	1.0	2.0	1.0	1.0					
5148.727	10.44000000000051	trials	7.0	5153.977561	5155.765674	5156.7484380000005	5157.011289	5153.3869540000005	5156.1470850000005	5157.289	5159.167	1.0	1.0	1.0	1.0					
5161.187	9.99200000000019	trials	7.0	5167.753286000001	5169.689493	5170.446564	5170.672265	5167.0518520000005	5170.032414			1.0	1.0	0.0	3.0					
5173.759	20.488000000000284	trials	7.0	5189.1284430000005	5190.994844000001	5191.842595	5192.14545	5188.2226980000005	5191.206172	5192.517	5194.247	1.0	2.0	1.0	1.0					
5198.267	9.365999999999985	trials	7.0	5202.749406000001	5204.26267	5205.377464	5205.599652000001	5201.901874000001	5204.736608	5205.997	5207.633	1.0	2.0	1.0	1.0					
5211.695	9.728000000000065	trials	7.0	5216.3747220000005	5218.184705000001	5219.115900000001	5219.370959	5215.3867740000005	5218.423997	5219.754	5221.423	1.0	2.0	1.0	1.0					
5224.444	17.092999999999847	trials	7.0	5236.992809	5238.255084	5239.247508	5239.4782860000005	5236.148638000001	5238.574982	5239.762	5241.537	1.0	2.0	1.0	1.0					
5244.557	13.225000000000364	trials	7.0	5252.5994550000005	5254.5241000000005	5255.435364000001	5255.650389	5251.659720000001	5254.849248	5256.088	5257.782	1.0	2.0	1.0	1.0					
5259.838	11.921000000000276	trials	7.0	5268.692906	5270.47452	5271.460743000001	5271.802119	5268.107013000001	5270.764007			1.0	2.0	0.0	3.0					
5274.763	21.338999999999942	trials	7.0	5291.414701	5292.734632	5293.920591	5294.115159000001	5290.563228000001	5293.3206150000005	5294.607	5296.102	1.0	2.0	1.0	1.0					
5299.162	8.385999999999513	trials	7.0	5303.239913	5304.39487	5305.358139	5305.584866	5302.404033000001	5304.815877000001	5305.967	5307.548	1.0	1.0	1.0	1.0					
5310.652	9.730999999999767	trials	7.0	5314.803593000001	5316.4342560000005	5317.371554	5317.630433	5314.162526	5316.740733000001	5318.012	5320.383	1.0	2.0	1.0	1.0					
5324.447	920.1999999999998	BlockDesign														1.0	258.0	301.0	10.0	50.0
5324.447	6.324999999999818	trials	8.0	5327.773056	5329.389566	5330.191446000001	5330.519964000001	5327.200173	5329.727286			1.0	1.0	0.0	3.0					
5332.482	25.65099999999984	trials	8.0	5353.585050000001	5354.694977000001	5355.800559	5356.0343	5352.847496	5355.099485000001	5356.437	5358.133	1.0	2.0	1.0	1.0					
5361.192	6.6850000000004	trials	8.0	5365.308856000001	5366.38551	5367.447594	5367.949452000001	5364.678014000001	5366.745674			1.0	2.0	0.0	3.0					
5369.737	21.39599999999973	trials	8.0	5388.888735	5389.940393000001	5390.841397	5391.182148	5388.224417	5390.203529			1.0	2.0	0.0	3.0					
5395.092	21.588999999999942	trials	8.0	5414.233581	5415.465896	5416.400403000001	5416.733779	5413.417061	5415.7692400000005			1.0	2.0	0.0	3.0					
5420.666	19.67199999999957	trials	8.0	5435.573505	5437.217828000001	5438.127554000001	5438.338119	5434.948358000001	5437.561335	5438.737	5440.338	1.0	2.0	1.0	1.0					
5442.401	7.680000000000291	trials	8.0	5447.058703000001	5449.064697	5449.791195	5450.148315	5446.325544	5449.330473			1.0	1.0	0.0	3.0					
5452.042	35.414999999999964	trials	8.0	5484.328416	5486.305548	5487.21702	5487.50706	5483.503513000001	5486.628474000001			1.0	2.0	0.0	3.0					
5491.467	11.21100000000024	trials	8.0	5499.47918	5501.44743	5502.402123	5502.754557	5498.92316	5501.808488000001			1.0	2.0	0.0	3.0					
5505.692	32.32999999999993	trials	8.0	5533.2294	5535.044726	5535.899732	5536.1244990000005	5532.328056	5535.294341000001	5536.588	5538.022	1.0	2.0	1.0	1.0					
5541.052	21.520000000000437	trials	8.0	5559.994842	5561.317194	5562.162682	5562.646722	5559.161426000001	5561.568747			1.0	2.0	0.0	3.0					
5564.451	13.565999999999804	trials	8.0	5574.909029	5576.78038	5577.460719000001	5578.093103	5573.924840000001	5577.027335000001			1.0	1.0	0.0	3.0					
5579.756	15.670000000000073	trials	8.0	5592.934221	5594.233544000001	5595.124661	5595.333684	5592.035282000001	5594.507535000001			1.0	2.0	0.0	3.0					
5597.437	13.909999999999854	trials	8.0	5608.189199	5609.761079	5610.533756000001	5611.4191550000005	5607.395891	5610.131766			1.0	1.0	0.0	3.0					
5612.787	10.845999999999549	trials	8.0	5620.6892720000005	5622.211605	5623.441704000001	5623.653489	5620.023728	5622.868570000001			1.0	2.0	0.0	3.0					
5625.652	27.23999999999978	trials	8.0	5647.804248	5649.076271	5650.00866	5650.293476000001	5646.827747	5649.585749	5650.977	5652.892	1.0	1.0	1.0	1.0					
5655.912	9.3149999999996	trials	8.0	5660.519302000001	5661.6023190000005	5662.807011000001	5662.99641	5659.95117	5662.0933190000005	5663.392	5665.227	1.0	2.0	1.0	1.0					
5669.308	23.618999999999687	trials	8.0	5690.219445000001	5691.542603	5692.487981	5693.001977	5689.51598	5691.913397			1.0	2.0	0.0	3.0					
5695.857	12.954999999999927	trials	8.0	5706.376058	5707.825661000001	5708.474239000001	5708.8851460000005	5705.686829	5708.076119			1.0	1.0	0.0	3.0					
5712.777	25.699999999999818	trials	8.0	5734.720224000001	5736.543383	5737.293132000001	5737.652156	5733.863142	5736.539404000001			1.0		0.0	2.0					
5742.522	18.315999999999804	trials	8.0	5757.2044080000005	5759.176631	5759.924809	5760.1714790000005	5756.580447	5759.504000000001			1.0	1.0	0.0	3.0					
5764.197	13.117999999999483	trials	8.0	5774.239605000001	5776.212852000001	5776.9695090000005	5777.252268	5773.4264840000005	5776.560660000001			1.0	1.0	0.0	3.0					
5781.367	10.394999999999527	trials	8.0	5788.885200000001	5789.952591	5791.451406	5791.768443000001	5787.942034	5791.011338			1.0	1.0	0.0	3.0					
5794.775	14.207000000000335	trials	8.0	5805.644690000001	5807.461985	5808.6475310000005	5809.056092000001	5805.092448	5808.0303220000005			1.0	2.0	0.0	3.0					
5811.893	13.094000000000051	trials	8.0	5821.060268	5821.21308	5824.161645	5825.061132000001	5820.466373	5821.204361			1.0		0.0	2.0					
5826.217	11.220000000000255	trials	8.0	5834.364684	5836.269567	5837.134212000001	5837.427179	5833.787798	5836.778484			1.0	1.0	0.0	3.0					
5840.481	28.136000000000422	trials	8.0	5865.865755000001	5867.396723	5868.367497	5868.678905000001	5865.336191	5867.733252			1.0	2.0	0.0	3.0					
5872.668	22.60900000000038	trials	8.0	5890.270518	5892.007448	5892.897839	5893.190801000001	5889.5268240000005	5892.280463000001	5893.487	5895.277	1.0	2.0	1.0	1.0					
5899.338	15.864000000000487	trials	8.0	5910.439881	5911.7984160000005	5912.700461	5912.947505	5909.638029	5912.067522	5913.292	5915.202	1.0	2.0	1.0	1.0					
5918.168	18.78900000000067	trials	8.0	5931.810518	5933.70048	5934.596801000001	5934.845287	5931.168278000001	5933.941611	5935.367	5936.957	1.0	2.0	1.0	1.0					
5939.021	14.251000000000204	trials	8.0	5950.320137000001	5952.012278	5952.962232	5953.168814000001	5949.58236	5952.363745000001			1.0	2.0	0.0	3.0					
5957.293	18.319000000000415	trials	8.0	5973.251898	5974.347831000001	5975.107287000001	5975.685026000001	5972.604068000001	5974.642373000001			1.0	1.0	0.0	3.0					
5977.418	28.869000000000597	trials	8.0	6002.720363	6004.352138	6005.125154	6005.505801	6001.850298	6004.340779			1.0		0.0	2.0					
6008.338	28.269000000000233	trials	8.0	6031.605209	6032.651915	6033.833833000001	6034.112135	6030.907674	6033.152328	6034.472	6036.607	1.0	2.0	1.0	1.0					
6038.706	16.570999999999913	trials	8.0	6049.755800000001	6051.762435000001	6052.571967	6052.763276000001	6048.924954	6051.975548	6053.298	6055.277	1.0	2.0	1.0	1.0					
6058.293	14.249000000000706	trials	8.0	6067.035297	6069.028352	6069.93612	6070.149291	6066.2963070000005	6069.3385450000005	6070.532	6072.542	1.0	2.0	1.0	1.0					
6074.602	20.914999999999964	trials	8.0	6092.2274	6094.162240000001	6095.118341	6095.592921	6091.297539000001	6094.513451000001			1.0	2.0	0.0	3.0					
6099.4	18.467000000000553	trials	8.0	6114.925889	6116.442518	6117.1545940000005	6117.942498	6114.371414	6116.727217000001			1.0	1.0	0.0	3.0					
6120.49	18.235999999999876	trials	8.0	6135.652062	6137.4759300000005	6138.332708000001	6138.729707	6135.109944000001	6137.731580000001			1.0	2.0	0.0	3.0					
6141.682	27.735999999999876	trials	8.0	6165.992053	6168.186605000001	6169.044019	6169.448885000001	6165.279591	6168.422304000001			1.0	2.0	0.0	3.0					
6173.443	22.144999999999527	trials	8.0	6190.642572000001	6192.043628	6193.020456	6193.2617310000005	6189.6722150000005	6192.340704	6193.607	6195.588	1.0	2.0	1.0	1.0					
6199.607	10.19800000000032	trials	8.0	6204.174161000001	6205.7262040000005	6206.6087800000005	6206.818675	6203.234169	6205.971063	6207.377	6209.805	1.0	2.0	1.0	1.0					
6212.862	9.949999999999818	trials	8.0	6217.862049	6218.948246	6220.055481	6220.352611	6217.279928	6219.338001	6220.832	6222.812	1.0	2.0	1.0	1.0					
6226.887	17.76000000000022	trials	8.0	6241.827158	6243.415205	6244.46435	6244.684766	6240.978735000001	6243.8548980000005			1.0	2.0	0.0	3.0					
6248.812	134.61499999999978	BlockDesign														1.0	302.0	306.0	0.0	0.0
6248.812	28.48999999999978	trials	9.0	6273.978705	6275.798618000001	6276.702569	6277.339457	6273.328638	6276.248577			1.0	1.0	0.0	3.0					
6281.107	40.01500000000033	trials	9.0	6318.362620000001	6319.623555	6320.595698	6321.157983	6317.711216000001	6319.922571			1.0	2.0	0.0	3.0					
6324.931	22.746000000000095	trials	9.0	6344.832482000001	6346.060263	6347.1652810000005	6347.715849	6344.209254	6346.4804220000005			1.0	2.0	0.0	3.0					
6351.527	9.670000000000073	trials	9.0	6358.129476	6359.1548	6360.545411	6361.236387000001	6357.603535	6359.973444			1.0	1.0	0.0	3.0					
6364.847	18.579999999999927	trials	9.0	6381.08927	6382.1309120000005	6383.3224230000005	6383.89425	6380.393427	6382.601205000001			1.0	2.0	0.0	3.0					
6385.762	471.58500000000004	BlockDesign														1.0	307.0	327.0	90.0	50.0
6385.762	23.286000000000058	trials	10.0	6403.508326	6405.492555000001	6406.473098	6406.667728	6402.848835000001	6405.827993000001	6407.192	6409.048	1.0	2.0	1.0	1.0					
6412.937	6.960000000000036	trials	10.0	6416.729098000001	6418.699476000001	6419.590459	6419.925427	6416.098	6418.926640000001			1.0	2.0	0.0	3.0					
6423.947	23.365999999999985	trials	10.0	6442.912872000001	6444.269547000001	6445.289900000001	6445.560888	6442.239436000001	6444.731597	6446.088	6447.313	1.0	1.0	1.0	1.0					
6450.342	26.585000000000036	trials	10.0	6472.528254000001	6473.631498000001	6474.642579	6474.869431	6471.605291000001	6474.16161	6475.307	6476.927	1.0	1.0	1.0	1.0					
6479.992	11.295000000000073	trials	10.0	6486.80327	6488.179946	6488.931187	6489.224945	6485.850561	6488.476579	6489.752	6491.287	1.0	1.0	1.0	1.0					
6493.352	10.725000000000364	trials	10.0	6499.118332	6500.664699000001	6501.738113	6502.013336	6498.218886000001	6501.086543	6502.372	6504.077	1.0	2.0	1.0	1.0					
6506.137	11.385000000000218	trials	10.0	6512.393498	6514.015160000001	6514.942635	6515.187998	6511.7493380000005	6514.466658	6515.617	6517.522	1.0	1.0	1.0	1.0					
6519.582	12.534999999999854	trials	10.0	6526.957764000001	6528.963205	6529.879019	6530.096552	6526.023335000001	6529.451190000001	6530.588	6532.117	1.0	1.0	1.0	1.0					
6535.137	21.32000000000062	trials	10.0	6551.303607000001	6552.874503	6553.71885	6553.944204	6550.553478000001	6553.286805000001	6554.387	6556.457	1.0	1.0	1.0	1.0					
6558.517	21.829999999999927	trials	10.0	6575.630228	6576.85638	6579.778635000001	6580.385829000001	6574.940578000001	6576.850045			1.0		0.0	2.0					
6582.907	19.074999999999818	trials	10.0	6597.714789000001	6599.04335	6599.882263	6600.071364	6596.798142000001	6599.359958	6600.487	6601.982	1.0	1.0	1.0	1.0					
6605.002	19.05999999999949	trials	10.0	6619.518608	6620.879642000001	6621.590115	6621.761697	6618.662939000001	6621.176346	6622.392	6624.062	1.0	1.0	1.0	1.0					
6626.122	22.954999999999927	trials	10.0	6644.108825	6646.104075	6647.099631	6647.333621000001	6643.384978	6646.112590000001	6647.707	6649.077	1.0	1.0	1.0	1.0					
6653.182	14.990999999999985	trials	10.0	6664.068935	6665.33295	6666.106156000001	6666.281621	6663.088186000001	6665.683690000001	6666.702	6668.173	1.0	1.0	1.0	1.0					
6672.222	17.19500000000062	trials	10.0	6686.60469	6688.134849	6688.935476000001	6689.457525000001	6685.998909	6688.503429			1.0	1.0	0.0	3.0					
6692.247	28.585000000000036	trials	10.0	6716.6343560000005	6717.84166	6718.902172	6719.135682	6716.070693000001	6718.342381	6719.542	6720.832	1.0	1.0	1.0	1.0					
6724.867	14.164999999999964	trials	10.0	6736.090194	6737.1834690000005	6737.9386380000005	6738.110547	6735.376031000001	6737.471955			1.0	1.0	1.0	1.0					
6743.504	22.028000000000247	trials	10.0	6761.069494	6762.741078	6763.414394	6763.660375	6760.2823020000005	6762.936555	6763.982	6765.532	1.0	1.0	1.0	1.0					
6769.593	18.059000000000196	trials	10.0	6782.6539410000005	6784.6032000000005	6785.2763190000005	6785.461596	6781.831238000001	6784.856374000001	6785.947	6787.652	1.0	1.0	1.0	1.0					
6791.673	36.625	trials	10.0	6823.038933000001	6824.568365	6825.579512	6825.9048	6822.147147000001	6824.8842	6826.252	6828.298	1.0	2.0	1.0	1.0					
6832.372	24.974999999999454	trials	10.0	6852.524447000001	6854.093247000001	6854.9405480000005	6855.254262	6851.906928	6854.081328	6855.588	6857.347	1.0	1.0	1.0	1.0					
6859.472	2878.4050000000007	BlockDesign														1.0	328.0	392.0	50.0	10.0
6859.472	12.226000000000568	trials	11.0	6868.974410000001	6870.06102	6871.297463000001	6871.710026000001	6868.436712000001	6870.871776			1.0	1.0	0.0	3.0					
6875.681	19.09600000000046	trials	11.0	6891.95923	6893.280857000001	6894.305873	6894.818196	6891.240506	6893.605426			1.0	2.0	0.0	3.0					
6896.683	15.28899999999976	trials	11.0	6908.614635	6910.559502	6911.636253000001	6911.991992	6908.0707950000005	6910.990764			1.0	2.0	0.0	3.0					
6915.987	12.64599999999973	trials	11.0	6923.369662	6924.6730210000005	6926.6829800000005	6926.944458	6922.813761	6926.203392	6927.329	6928.633	1.0	1.0	1.0	1.0					
6932.673	10.173999999999978	trials	11.0	6940.319351	6941.720665000001	6942.500574000001	6942.814028000001	6939.359906000001	6942.038621000001			1.0	1.0	0.0	3.0					
6946.857	32.904999999999745	trials	11.0	6974.469824000001	6976.361501	6977.446941	6977.771007	6973.624146	6976.732456000001	6978.173	6979.762	1.0	2.0	1.0	1.0					
6981.823	17.498999999999796	trials	11.0	6996.426329	6998.21924	6998.971488	6999.360002	6995.464571	6998.512115			1.0	1.0	0.0	3.0					
7002.342	106.78000000000065	trials	11.0	7105.8054010000005	7107.356779000001	7108.595209	7109.163056	7104.850541000001	7107.9262340000005			1.0	2.0	0.0	3.0					
7111.942	17.720000000000255	trials	11.0	7126.855346	7128.118238	7129.3077570000005	7129.7035670000005	7126.241916000001	7128.661901			1.0	2.0	0.0	3.0					
7131.594	16.908000000000357	trials	11.0	7143.709724	7145.107181	7146.056259000001	7146.311207000001	7142.903037	7145.6302160000005	7132.847	7148.502	1.0	1.0	1.0	1.0					
7152.522	17.050000000000182	trials	11.0	7166.480625	7168.197596	7169.132535000001	7169.614459	7165.739459	7168.689387			1.0	1.0	0.0	3.0					
7171.447	27.625	trials	11.0	7194.535469	7196.086676000001	7196.813069	7196.987884	7193.645721000001	7196.356319	7197.332	7199.072	1.0	1.0	1.0	1.0					
7202.133	15.833999999999833	trials	11.0	7215.040173	7216.621809	7217.588168	7217.975465	7214.047101	7216.878863			1.0	2.0	0.0	3.0					
7219.972	17.720000000000255	trials	11.0	7233.275669000001	7234.855803	7235.572248	7235.830784000001	7232.710067	7235.154795	7236.252	7237.692	1.0	1.0	1.0	1.0					
7240.747	15.364999999999782	trials	11.0	7253.00064	7254.894915000001	7255.7559200000005	7256.1225030000005	7252.342841000001	7255.336652			1.0	1.0	0.0	3.0					
7259.134	25.96900000000005	trials	11.0	7282.045481	7283.624359	7284.771812000001	7285.113182	7281.4007280000005	7284.052622			1.0	2.0	0.0	3.0					
7288.077	21.764999999999418	trials	11.0	7307.346107	7308.638462000001	7309.565586000001	7309.81523	7306.495689	7308.919917			1.0	2.0	0.0	3.0					
7312.852	21.76000000000022	trials	11.0	7329.95075	7331.216223	7332.191672000001	7332.417834	7329.206898	7331.739396000001	7332.806	7334.612	1.0	1.0	1.0	1.0					
7337.668	19.498000000000502	trials	11.0	7353.967232000001	7355.8323120000005	7356.844668000001	7357.204397	7353.42511	7356.373125			1.0	1.0	0.0	3.0					
7359.128	27.210000000000036	trials	11.0	7383.2410070000005	7385.105067	7386.011004	7386.320419000001	7382.430837	7385.577535			1.0	1.0	0.0	3.0					
7388.42	52.85699999999997	trials	11.0	7437.178173	7438.262528	7439.158554000001	7439.356838000001	7436.516739000001	7438.738356	7439.747	7441.277	1.0	1.0	1.0	1.0					
7443.327	8.838999999999942	trials	11.0	7449.5812430000005	7451.00013	7451.825958	7452.196056000001	7448.640176000001	7451.362643			1.0	1.0	0.0	3.0					
7456.137	25.881000000000313	trials	11.0	7477.156237	7478.598330000001	7479.7252100000005	7479.832235	7476.608184000001	7478.964008000001	7480.312	7482.018	1.0	1.0	1.0	1.0					
7485.078	14.693999999999505	trials	11.0	7497.0416190000005	7498.179565	7499.405736000001	7499.811834	7496.2579590000005	7498.571415			1.0	2.0	0.0	3.0					
7503.722	14.490999999999985	trials	11.0	7514.0169750000005	7515.103443	7515.924539000001	7516.290491000001	7513.189986	7515.451723	7516.517	7518.213	1.0	1.0	1.0	1.0					
7520.273	14.53899999999976	trials	11.0	7532.086415000001	7533.666977000001	7534.480302	7534.806140000001	7531.220886	7534.013601000001			1.0	1.0	0.0	3.0					
7538.857	28.100999999999658	trials	11.0	7564.066599000001	7565.594367000001	7566.625533	7566.990267	7563.123882	7565.942730000001			1.0	2.0	0.0	3.0					
7569.923	11.434000000000196	trials	11.0	7576.821743	7578.324305	7579.283976000001	7579.527893	7575.867461	7578.867206000001	7579.937	7581.357	1.0	1.0	1.0	1.0					
7585.417	14.242999999999483	trials	11.0	7596.831653	7598.4084680000005	7599.273059	7599.584661000001	7596.0141810000005	7598.808852			1.0	1.0	0.0	3.0					
7603.673	26.878999999999905	trials	11.0	7625.758841000001	7627.117611000001	7628.201901	7628.515085000001	7625.159358000001	7627.506498000001	7608.937	7630.552	1.0	2.0	1.0	1.0					
7634.642	19.449999999999818	trials	11.0	7651.331997	7652.630660000001	7653.706833	7654.136695	7650.718259	7652.9235260000005			1.0	2.0	0.0	3.0					
7657.992	12.840000000000146	trials	11.0	7667.60702	7669.533422	7670.496197	7670.7596490000005	7666.85588	7669.795881			1.0	2.0	0.0	3.0					
7672.84	97.85699999999997	trials	11.0	7705.7190200000005	7707.6686150000005			7705.002421	7708.512219			1.0		0.0	5.0					
7772.747	33.72999999999956	trials	11.0	7801.582395	7803.352217000001	7804.157526000001	7804.382441000001	7800.94346	7803.6660440000005	7804.717	7806.477	1.0	1.0	1.0	1.0					
7809.548	196.5540000000001	trials	11.0	8003.099469000001	8004.721836000001	8005.476936000001	8006.145312000001	8002.313340000001	8005.034777000001			1.0	1.0	0.0	3.0					
8007.793	38.8090000000002	trials	11.0	8041.514706	8043.339962	8044.029468000001	8044.282239	8040.583471	8043.526101	8044.673	8046.602	1.0	1.0	1.0	1.0					
8049.637	9.485000000000582	trials	11.0	8056.373249	8057.770251	8058.572153	8059.1628630000005	8055.814601	8058.053618			1.0	1.0	0.0	3.0					
8060.862	755.8399999999992	trials	11.0	8813.286492	8814.68448			8812.459278	8814.681366			1.0		0.0	2.0					
8819.752	166.4399999999987	trials	11.0	8980.272111	8982.325736	8983.619136000001	8983.866225	8979.327267	8983.071114	8984.189	8986.192	1.0	1.0	1.0	1.0					
8990.253	24.96899999999914	trials	11.0	9012.827261	9014.108764	9014.940888000001	9015.197669000001	9011.922992	9014.414651000001			1.0	1.0	0.0	3.0					
9018.262	86.56499999999869	trials	11.0	9101.756625	9103.444359000001	9104.378343	9104.871853	9101.160441	9103.497704000001			1.0	2.0	0.0	3.0					
9107.702	11.739999999999782	trials	11.0	9116.53735	9117.979724	9119.038809000001	9119.489982000001	9115.666707	9118.326498			1.0	2.0	0.0	3.0					
9123.387	81.34999999999854	trials	11.0	9201.301910999999	9202.798547999999			9200.765539999999	9202.791019999999			1.0		0.0	2.0					
9206.747	15.230000000001382	trials	11.0	9219.026875	9220.414665999999	9221.414319999998	9222.046229999998	9218.215515999998	9220.732724			1.0	2.0	0.0	3.0					
9225.673	14.653999999998632	trials	11.0	9237.633088999999	9238.937106	9240.068913	9240.383912999998	9236.895247999999	9239.345967			1.0	2.0	0.0	3.0					
9243.334	21.20799999999872	trials	11.0	9261.637472999999	9263.145422	9264.024311	9264.608348999998	9260.922976999998	9263.466159			1.0	1.0	0.0	3.0					
9267.338	29.479999999999563	trials	11.0	9293.453424	9295.398826999999	9296.457255	9296.887192999999	9292.593405	9295.728538999998			1.0	2.0	0.0	3.0					
9298.759	14.108000000000175	trials	11.0	9309.731822999998	9311.526140999998	9312.462606	9312.932706	9308.748728999999	9311.927999999998			1.0	1.0	0.0	3.0					
9316.816	14.718999999999141	trials	11.0	9328.691971999999	9330.2969	9331.277278999998	9331.561318999999	9327.888824999998	9330.801760999999			1.0	1.0	0.0	3.0					
9334.577	23.88000000000102	trials	11.0	9353.757511999998	9355.144154	9356.179849999999	9356.402882999999	9352.907039999998	9355.672126999998	9356.792	9358.457	1.0	1.0	1.0	1.0					
9360.492	13.530000000000655	trials	11.0	9370.942559	9372.684562999999	9373.705363	9373.952893999998	9370.002266	9373.003104999998			1.0	1.0	0.0	3.0					
9376.032	11.540000000000873	trials	11.0	9384.482146999999	9385.677096	9387.173765999998	9387.639454999999	9383.738924	9386.434421999998			1.0	2.0	0.0	3.0					
9389.452	11.90099999999984	trials	11.0	9398.458373999998	9399.929870999998	9401.032142999999	9401.421869999998	9397.526547	9400.360364999999			1.0	2.0	0.0	3.0					
9404.292	20.96600000000035	trials	11.0	9420.882674999999	9422.064574999999	9423.164233999998	9423.373801999998	9420.174964999998	9422.67477	9423.817	9425.258	1.0	1.0	1.0	1.0					
9427.316	21.59099999999853	trials	11.0	9444.507826	9445.660736999998	9446.838961999998	9447.017249999999	9443.716058999998	9446.205466999998	9447.472	9448.907	1.0	1.0	1.0	1.0					
9450.932	22.450999999999112	trials	11.0	9468.807770999998	9470.615349999998	9471.452905999999	9471.637558999999	9468.076099999998	9470.918217999999	9471.982	9473.383	1.0	1.0	1.0	1.0					
9477.452	13.06000000000131	trials	11.0	9487.503227	9489.209929999999	9490.124729	9490.579312999998	9486.773395999999	9489.675280999998			1.0	1.0	0.0	3.0					
9494.378	22.045000000000073	trials	11.0	9512.098381999998	9513.429884	9514.184693	9514.438826	9511.162809	9513.731133	9514.782	9516.423	1.0	1.0	1.0	1.0					
9519.482	19.590000000000146	trials	11.0	9534.737586	9536.260823999999	9537.127685	9537.322049999999	9533.798082	9536.337319999999	9537.787	9539.072	1.0	1.0	1.0	1.0					
9543.092	9.456000000000131	trials	11.0	9549.602939999999	9551.425081	9552.304967999999	9552.561662999999	9548.699185999998	9551.824880999999			1.0	1.0	0.0	3.0					
9556.557	32.88999999999942	trials	11.0	9584.784485999999	9586.765909999998	9587.466182999999	9587.677249999999	9583.996960999999	9587.027057	9588.042	9589.447	1.0	1.0	1.0	1.0					
9591.508	10.644000000000233	trials	11.0	9599.433615999998	9601.040775	9601.783467999998	9602.219931999998	9598.868107999999	9601.304527999999			1.0	1.0	0.0	3.0					
9606.078	57.48400000000038	trials	11.0	9660.683876	9662.000847	9663.081758999999	9663.632470999999	9659.791641999998	9662.363984			1.0	2.0	0.0	3.0					
9665.342	21.68499999999949	trials	11.0	9684.608234999998	9685.819636999999	9686.684669999999	9687.095075	9683.711153999999	9686.213858			1.0	1.0	0.0	3.0					
9688.992	48.88500000000022	trials	11.0	9735.410477999998	9736.582333999999	9737.724905	9737.944457999998	9734.723662999999	9736.983805999998			1.0	1.0	0.0	3.0					
9740.983	684.2440000000006	BlockDesign														1.0	393.0	412.0	50.0	0.0
9740.983	30.949000000000524	trials	12.0	9767.285398999999	9768.913580999999	9769.641230999998	9769.910515	9766.440895999998	9769.244611999999	9770.402	9771.932	2.0	1.0	1.0	1.0					
9775.967	8.5049999999992	trials	12.0	9779.814121	9781.408617	9782.314207	9782.575405999998	9779.230652999999	9781.776485999999	9782.977	9784.472	2.0	1.0	1.0	1.0					
9786.497	13.93500000000131	trials	12.0	9797.669441999999	9798.864292999999	9799.863672	9800.503204999999	9796.906975999998	9799.422206			2.0	1.0	0.0	3.0					
9802.193	25.114000000001397	trials	12.0	9824.723982	9825.904582	9826.947929999998	9827.376334999999	9824.033564	9826.46252			2.0	1.0	0.0	3.0					
9830.214	30.852999999999156	trials	12.0	9857.919434999998	9859.275271999999	9860.428928	9861.13719	9856.956318999999	9860.018903999999			2.0	1.0	0.0	3.0					
9862.767	16.90600000000086	trials	12.0	9876.403941999999	9877.699668	9879.353517	9879.743513999998	9875.457080999999	9878.924457			2.0	1.0	0.0	3.0					
9883.657	8.409999999999854	trials	12.0	9886.911125999999	9888.895826999998	9889.799227999998	9890.066288999999	9886.292891	9889.397477999999	9890.633	9892.067	2.0	1.0	1.0	1.0					
9894.128	16.28899999999885	trials	12.0	9905.484526999999	9907.276765999999	9908.121455999999	9908.381709	9904.941056999998	9907.685378999999	9908.838	9910.417	2.0	1.0	1.0	1.0					
9914.437	158.9300000000003	trials	12.0	10068.524489999998	10069.950373	10071.053290999998	10071.233366999999	10068.000514999998	10070.595845999998	10071.702	10073.367	2.0	1.0	1.0	1.0					
10076.436	14.39600000000064	trials	12.0	10088.05994	10089.666968	10090.581521999999	10090.887286	10087.455366999999	10090.152861999999			2.0	1.0	0.0	3.0					
10092.887	44.0049999999992	trials	12.0	10132.484781	10133.828881	10134.869326999999	10135.108401	10131.894513	10134.381175999999	10135.457	10136.892	2.0	1.0	1.0	1.0					
10138.912	15.7549999999992	trials	12.0	10151.610125	10153.298996	10154.155518	10154.737873999999	10151.032947999998	10153.683415999998			2.0	1.0	0.0	3.0					
10158.463	33.67900000000009	trials	12.0	10187.395466999998	10189.030600999999	10189.888153999998	10190.218982999999	10186.626255	10189.403278999998	10190.592	10192.142	2.0	1.0	1.0	1.0					
10194.162	15.529999999998836	trials	12.0	10206.395228999998	10208.368417999998	10209.087889999999	10209.762332999999	10205.628883999998	10208.628964999998			2.0	1.0	0.0	3.0					
10212.387	36.08499999999913	trials	12.0	10243.180628999999	10245.124715999998	10245.865805	10246.124025	10242.599997	10245.433011	10246.612	10248.472	2.0	1.0	1.0	1.0					
10250.556	11.251000000000204	trials	12.0	10259.115319999999	10260.522269	10261.475282999998	10261.879186999999	10258.131311	10260.986176999999			2.0	1.0	0.0	3.0					
10263.777	62.23999999999978	trials	12.0	10323.126572999998	10324.511953999998	10325.430524	10325.795881999999	10322.514098999998	10324.972297999999			2.0	1.0	0.0	3.0					
10327.807	35.115999999999985	trials	12.0	10358.412654	10359.741546	10360.760149999998	10360.973230999998	10357.572245	10360.250660999998	10361.383	10362.923	2.0	1.0	1.0	1.0					
10365.987	14.4950000000008	trials	12.0	10377.511144999999	10379.136977999999	10380.232442999999	10380.526130999999	10376.779939999999	10379.760221999999			2.0	1.0	0.0	3.0					
10384.492	40.73500000000058	trials	12.0	10420.186183999998	10422.059865	10422.964876999999	10423.255663999998	10419.338636999999	10422.561701999999	10423.588	10425.227	2.0	1.0	1.0	1.0					
10428.308	559.2399999999998	BlockDesign														1.0	413.0	432.0	0.0	50.0
10428.308	16.19499999999971	trials	13.0	10441.730951999998	10442.972043999998	10444.113655999998	10444.570484999998	10440.890677	10443.389148999999			3.0	2.0	0.0	3.0					
10448.383	31.34900000000016	trials	13.0	10474.606419	10476.542281999999	10477.408673999998	10477.741898999999	10473.631937999999	10476.747677	10478.037	10479.732	3.0	2.0	1.0	1.0					
10481.798	14.703999999999724	trials	13.0	10493.186216999999	10494.849605	10495.703228999999	10496.016058999998	10492.273458	10495.058710999998			3.0	2.0	0.0	3.0					
10498.043	20.924000000000888	trials	13.0	10513.616181	10515.566579999999	10516.696606999998	10517.04409	10513.055024999998	10515.850481999998	10517.387	10518.967	3.0	2.0	1.0	1.0					
10521.032	45.06000000000131	trials	13.0	10560.976703999999	10563.025856999999	10563.800267999999	10564.077389999999	10560.066647999998	10563.111404	10564.537	10566.092	3.0	2.0	1.0	1.0					
10568.157	23.957000000000335	trials	13.0	10589.16341	10590.582706999998	10591.692196999998	10592.163602999999	10588.379276	10590.931138999998			3.0	2.0	0.0	3.0					
10596.062	19.221999999999753	trials	13.0	10612.342514999998	10614.115840999999	10614.991316	10615.236684999998	10611.486868999998	10614.352372999998			3.0	2.0	0.0	3.0					
10618.337	16.33600000000115	trials	13.0	10630.031374999999	10631.184908	10632.272151	10632.531856999998	10629.237364999999	10631.622502999999	10633.042	10634.673	3.0	2.0	1.0	1.0					
10638.692	35.61000000000058	trials	13.0	10671.186800999998	10672.902449999998	10673.993519999998	10674.299947999998	10670.256097999998	10673.157188			3.0	2.0	0.0	3.0					
10676.322	23.976000000000568	trials	13.0	10697.942024999998	10699.112450999999	10699.980714	10700.341712999998	10697.130409	10699.420643999998			3.0	1.0	0.0	3.0					
10703.304	28.063000000000102	trials	13.0	10727.826974	10729.427404999999	10730.359196999998	10730.545270999999	10727.123714999998	10729.746427999999			3.0	2.0	1.0	1.0					
10733.918	33.28900000000067	trials	13.0	10764.827200999998	10766.019239999998	10766.884834999999	10767.281335999998	10763.892940999998	10766.198239999998			3.0	2.0	0.0	3.0					
10770.157	13.829999999999927	trials	13.0	10781.242591999999	10782.736337999999	10783.634381999998	10784.061494999998	10780.617895	10783.009509			3.0	2.0	0.0	3.0					
10787.907	18.085000000000946	trials	13.0	10801.128142999998	10802.464509	10803.644879999998	10803.993358999998	10800.447907999998	10802.992337	10798.152	10805.992	3.0	2.0	1.0	1.0					
10808.052	20.865999999999985	trials	13.0	10826.13863	10827.524178	10828.559358999999	10828.966790999999	10825.437119999999	10827.941241999999			3.0	2.0	0.0	3.0					
10830.923	66.08899999999994	trials	13.0	10891.983137	10893.521314999998	10894.516166	10894.753180999998	10891.452608999998	10893.925544999998	10895.298	10897.012	3.0	2.0	1.0	1.0					
10898.937	16.350000000000364	trials	13.0	10910.508350999999	10912.157933999999	10913.150269999998	10913.376207	10909.785854999998	10912.484837999998	10913.762	10915.287	3.0	2.0	1.0	1.0					
10918.357	24.36499999999978	trials	13.0	10939.897711999998	10941.513157	10942.39907	10942.796433999998	10938.912632999998	10941.882440999998			3.0	1.0	0.0	3.0					
10946.673	20.323999999998705	trials	13.0	10962.043278	10964.081336	10964.906234999999	10965.163105	10961.275808999999	10964.250238999999	10965.527	10966.997	3.0	2.0	1.0	1.0					
10969.043	18.50500000000102	trials	13.0	10984.938161999999	10986.729148999999	10987.532279	10987.966310999998	10984.108768999999	10986.747583999999			3.0	2.0	0.0	3.0					
10990.847	1120.116	BlockDesign														1.0	433.0	472.0	50.0	50.0
10990.847	26.139999999999418	trials	14.0	11014.058422999999	11015.649914999998	11016.515131999999	11017.06165	11013.302803999999	11016.074904			2.0	1.0	0.0	3.0					
11018.872	24.301000000001295	trials	14.0	11040.428338999998	11041.75211	11042.74161	11043.248402	11039.862125999998	11042.114024999999			3.0	2.0	0.0	3.0					
11046.056	44.33100000000013	trials	14.0	11087.069774999998	11088.201275999998	11089.326925999998	11089.571339999999	11086.520774999999	11088.694048999998			3.0	2.0	1.0	1.0					
11094.838	18.949000000000524	trials	14.0	11108.808866	11110.437879	11111.440352999998	11111.723581999999	11108.106434999998	11110.404695999998	11112.137	11113.787	2.0	1.0	1.0	1.0					
11115.857	16.51000000000022	trials	14.0	11129.588993999998	11130.855479999998	11131.796914999999	11132.440067999998	11128.846601999998	11131.310422999999			2.0	1.0	0.0	3.0					
11135.102	119.125	trials	14.0	11249.684194999998	11250.917383999998	11251.850036	11252.085578999999	11248.719634999998	11251.371041999999	11252.502	11254.227	2.0	1.0	1.0	1.0					
11258.247	19.460000000000946	trials	14.0	11272.729286999998	11274.041120999998	11275.093702999999	11275.358102999999	11272.104989	11274.424243999998	11275.777	11277.707	3.0	2.0	1.0	1.0					
11279.582	18.601000000000568	trials	14.0	11295.259374	11296.822683999999	11297.819668999999	11298.216731999999	11294.494625	11297.162515999999			3.0	2.0	0.0	3.0					
11300.187	26.405000000000655	trials	14.0	11322.014423999999	11323.256301999998	11324.352313	11324.559803999999	11321.065826999999	11323.863125999998	11325.042	11326.592	2.0	1.0	1.0	1.0					
11328.235	20.68199999999888	trials	14.0	11344.085837999999	11345.334929999999	11346.589326	11346.84291	11343.577935	11345.908413	11347.237	11348.917	3.0	2.0	1.0	1.0					
11351.997	11.25	trials	14.0	11360.085965999999	11362.133199999998	11362.945284999998	11363.315126999998	11359.112362	11362.505581999998			2.0	1.0	0.0	3.0					
11366.197	23.185999999999694	trials	14.0	11386.909337999998	11388.065078	11389.068263999998	11389.418405999999	11386.193390999999	11388.475552999998			3.0	2.0	0.0	3.0					
11392.389	13.824000000000524	trials	14.0	11402.884718999998	11404.661882999999	11405.593171999999	11406.287127	11402.270133999999	11405.146334			2.0	1.0	0.0	3.0					
11407.957	20.44999999999891	trials	14.0	11423.541097	11425.497607	11426.219657999998	11426.425637999999	11422.611136999998	11425.586061999998	11426.747	11428.407	3.0	2.0	1.0	1.0					
11432.427	24.590000000000146	trials	14.0	11453.755388999998	11455.789616999999	11456.713091999998	11457.091916	11452.835669999999	11456.090420999999			3.0	2.0	0.0	3.0					
11461.022	22.299999999999272	trials	14.0	11478.489626999999	11480.371195999998	11481.192571999998	11481.38942	11477.540932999998	11480.751944	11481.838	11483.322	2.0	1.0	1.0	1.0					
11486.388	26.308999999999287	trials	14.0	11509.685773999998	11511.526503	11512.382601	11512.658005	11508.999727999999	11511.783843			3.0	2.0	0.0	3.0					
11515.727	24.7599999999984	trials	14.0	11537.751359999998	11538.821828999999	11539.914658999998	11540.564336	11537.200152999998	11539.505102			2.0	1.0	0.0	3.0					
11542.223	30.648999999999432	trials	14.0	11568.234927999998	11569.905198999999	11570.758719999998	11570.984572	11567.273946	11570.300078999999	11571.362	11572.872	2.0	1.0	1.0	1.0					
11576.892	20.710000000000946	trials	14.0	11592.135412999998	11593.951450999999	11594.939858999998	11595.184040999999	11591.584255999998	11594.249989999998	11595.512	11597.602	3.0	2.0	1.0	1.0					
11600.519	23.413000000000466	trials	14.0	11619.086474999998	11620.806563999999	11622.000509999998	11622.270713999998	11618.508716999999	11621.550629999998	11622.533	11623.932	2.0	1.0	1.0	1.0					
11625.952	18.98999999999978	trials	14.0	11642.160441999999	11643.793502999999	11644.702330999999	11644.999313999999	11641.396535	11644.017273999998			3.0	2.0	0.0	3.0					
11646.992	22.119000000000597	trials	14.0	11666.530444999999	11667.758532	11668.768340999999	11669.166845999998	11665.773108	11668.364006			2.0	1.0	0.0	3.0					
11673.072	22.625	trials	14.0	11691.070283	11692.377353999998	11693.355982999998	11693.575212	11690.476594999998	11692.722213	11694.057	11695.697	3.0	2.0	1.0	1.0					
11698.791	21.342000000000553	trials	14.0	11716.225709999999	11717.312261	11718.134482999998	11718.293212999999	11715.369594	11717.676647999999	11718.902	11720.133	2.0	1.0	1.0	1.0					
11724.197	33.024999999999636	trials	14.0	11752.816409	11753.902363999998	11754.816974	11755.239727999999	11751.948757999999	11754.202634999998	11755.452	11757.222	3.0	2.0	1.0	1.0					
11761.242	16.316000000000713	trials	14.0	11774.825571	11776.583362	11777.286764999999	11777.624339999998	11774.077446	11776.599212			3.0	2.0	0.0	3.0					
11780.577	14.079999999999927	trials	14.0	11791.470945	11793.266559	11794.315378	11794.733443999998	11790.625031999998	11793.881891999998			2.0	1.0	0.0	3.0					
11797.618	43.64799999999923	trials	14.0	11838.516812999998	11839.999963999999	11840.967131999998	11841.333971999999	11837.956978999999	11840.483153999998			2.0	1.0	0.0	3.0					
11843.222	44.17000000000007	trials	14.0	11882.731373999999	11884.589157999999	11885.296434	11885.502734999998	11881.940415	11884.893229	11885.987	11887.392	2.0	1.0	1.0	1.0					
11889.439	17.48400000000038	trials	14.0	11901.83082	11903.790493999999	11904.678550999999	11904.932452999998	11901.149349	11903.996145	11905.327	11906.923	3.0	2.0	1.0	1.0					
11908.987	14.470000000001164	trials	14.0	11920.727958	11922.239051999999	11923.149531	11923.499612	11919.906516	11922.469517999998			3.0	2.0	0.0	3.0					
11925.482	19.36499999999978	trials	14.0	11941.886706	11943.403128999998	11944.331205999999	11944.922417999998	11941.372013999999	11943.878675999998			2.0	1.0	0.0	3.0					
11947.683	26.273999999999432	trials	14.0	11971.330704999998	11972.566082	11973.483475999998	11974.032145999998	11970.700864999999	11972.868555			3.0	2.0	0.0	3.0					
11976.759	17.868000000000393	trials	14.0	11990.546887999999	11991.734919999999	11992.673805999999	11992.898933999999	11990.033624999998	11992.20963	11993.312	11994.627	2.0	1.0	1.0	1.0					
11998.687	18.854999999999563	trials	14.0	12012.792754999999	12014.309260999999	12015.227899999998	12015.480012999999	12012.020966999999	12014.533456999998	12015.807	12017.542	3.0	2.0	1.0	1.0					
12021.604	19.20800000000054	trials	14.0	12036.331963999999	12037.795133999998	12038.696396	12039.019626	12035.633092999999	12038.080743999999	12039.342	12040.812	3.0	2.0	1.0	1.0					
12043.872	12.905000000000655	trials	14.0	12054.156221999998	12055.643359999998	12056.480500999998	12056.760971999998	12053.201341999998	12056.051539999999			2.0	1.0	0.0	3.0					
12058.782	22.978000000000975	trials	14.0	12079.44163	12080.541976999999	12081.418647999999	12081.817852999999	12078.914893999998	12080.791129999998			3.0	2.0	0.0	3.0					
12083.782	27.181000000000495	trials	14.0	12106.503308	12107.883833999998	12108.70891	12108.975004999998	12105.661960999998	12108.245950999999	12109.497	12110.963	2.0	1.0	1.0	1.0					
12114.083	130.9339999999993	BlockDesign														1.0	473.0	477.0	0.0	0.0
12114.083	12.304000000000087	trials	15.0	12122.887179	12124.873384999999	12125.706898999999	12126.463628999998	12122.187460999998	12125.255857999999			2.0	1.0	0.0	3.0					
12131.007	12.944999999999709	trials	15.0	12141.684275999998	12142.930237999999	12143.550653999999	12144.030082999998	12141.140703	12143.110036999999			2.0	1.0	0.0	3.0					
12147.812	32.7549999999992	trials	15.0	12177.647249999998	12179.447252999998	12180.187829999999	12180.645417	12177.123923	12179.411273999998			2.0	1.0	0.0	3.0					
12183.432	38.80999999999949	trials	15.0	12219.146996	12220.242409999999	12221.888965999999	12222.317857999999	12218.253794999999	12220.639914			2.0	2.0	0.0	3.0					
12226.157	18.860000000000582	trials	15.0	12242.887727999998	12244.131069	12244.971705999998	12245.458421	12242.075399999998	12244.498559			2.0	1.0	0.0	3.0					
12249.272	120.35099999999875	BlockDesign														1.0	478.0	482.0	0.0	0.0
12249.272	27.98999999999978	trials	16.0	12274.191920999998	12276.064983999999	12276.806043999999	12277.305301999999	12273.412849999999	12276.202779999998			3.0	2.0	0.0	3.0					
12280.097	12.514999999999418	trials	16.0	12289.766951999998	12291.333256999998	12292.255717999999	12292.651998999998	12289.095393999998	12291.654856999998			3.0	2.0	0.0	3.0					
12295.548	28.134000000000015	trials	16.0	12320.586974999998	12322.474062999998	12323.345809999999	12323.714899999999	12320.078058999998	12322.715701999998			3.0	2.0	0.0	3.0					
12327.737	18.14600000000064	trials	16.0	12342.887350999998	12344.468953999998	12345.371092999998	12345.925336999999	12342.350365999999	12344.768601999998			3.0	2.0	0.0	3.0					
12349.707	19.915999999999258	trials	16.0	12367.001688999999	12368.659510999998	12369.568513999999	12370.090429999998	12366.257301999998	12368.984862999998			3.0	2.0	0.0	3.0					
12373.937	2162.09	BlockDesign														1.0	483.0	525.0	50.0	50.0
12373.937	6.815000000000509	trials	17.0	12378.227104999998	12379.260406999998	12380.402557999998	12380.691798999998	12377.689053999999	12380.029552999998			2.0	1.0	0.0	3.0					
12382.763	14.363999999999578	trials	17.0	12393.843954999998	12395.318962	12396.336484999998	12397.166931999998	12392.866726999999	12395.912883999998			2.0	1.0	0.0	3.0					
12399.762	31.215000000000146	trials	17.0	12426.258896	12427.723186999998	12428.687958999999	12428.922137999998	12425.531863999999	12428.229045999999	12429.347	12430.977	2.0	1.0	1.0	1.0					
12434.042	11.530000000000655	trials	17.0	12440.126927	12441.757316	12442.601593	12442.879235999999	12439.514331999999	12441.978881	12443.227	12445.572	3.0	2.0	1.0	1.0					
12449.594	13.222999999999956	trials	17.0	12459.822295999998	12461.510422	12462.332602999999	12462.859201	12458.947795999999	12461.630124999998			3.0	2.0	0.0	3.0					
12465.634	28.77299999999923	trials	17.0	12491.433207999999	12493.133623999998	12493.784982999998	12494.450245999999	12490.601541999999	12493.247748999998			3.0	1.0	0.0	3.0					
12496.062	31.1200000000008	trials	17.0	12521.737608999998	12523.199147	12524.158276999999	12524.409187	12520.738212999999	12523.508192999998	12524.832	12527.182	3.0	2.0	1.0	1.0					
12529.277	13.014999999999418	trials	17.0	12537.042723999999	12539.048812999998	12539.825922999999	12540.044700999999	12536.483693999999	12539.353866999998	12540.512	12542.292	2.0	1.0	1.0	1.0					
12544.353	30.78900000000067	trials	17.0	12570.912405999998	12572.305607999999	12573.09904	12573.343135999998	12569.939235999998	12572.658057999999	12573.666	12575.142	2.0	1.0	1.0	1.0					
12578.202	19.4950000000008	trials	17.0	12592.732854999998	12593.959259	12594.965309	12595.180161999999	12592.031206999998	12594.297095999998	12595.727	12597.697	3.0	2.0	1.0	1.0					
12600.753	14.153999999998632	trials	17.0	12611.457589999998	12612.944985999999	12613.902461999998	12613.990252999998	12610.584058999999	12612.934449999999			3.0		0.0	2.0					
12617.923	33.52899999999863	trials	17.0	12646.577639	12648.449481999998	12649.319838999998	12649.535428999998	12645.995222999998	12648.860521999999	12618.972	12651.452	2.0	1.0	1.0	1.0					
12655.482	17.350000000000364	trials	17.0	12670.018435999998	12671.319946999998	12672.448121999998	12672.873607999998	12669.424896999999	12671.778957999999			3.0	2.0	0.0	3.0					
12674.788	24.868999999998778	trials	17.0	12694.462597999998	12696.176301999998	12697.101443999998	12697.390961	12693.781291999998	12696.49456	12697.732	12699.657	3.0	2.0	1.0	1.0					
12701.722	14.204999999999927	trials	17.0	12712.759839999999	12714.045427999998	12715.114426999999	12715.969231	12711.981154	12714.657678999998			2.0	1.0	0.0	3.0					
12719.392	27.53100000000086	trials	17.0	12743.877754	12745.314289999998	12746.177437999999	12746.966008	12743.079671999998	12745.663890999998			2.0	1.0	0.0	3.0					
12749.558	109.69999999999891	trials	17.0	12854.368578999998	12856.020586999999	12856.982383999999	12857.261702999998	12853.430821999998	12856.384234999998	12857.757	12859.258	2.0	1.0	1.0	1.0					
12863.302	9.181000000000495	trials	17.0	12869.514403999998	12870.890931999998	12871.974387999999	12872.527129999999	12868.846300999998	12871.257462999998			3.0	2.0	0.0	3.0					
12875.367	33.600000000000364	trials	17.0	12904.143930999999	12905.490412999998	12906.445276999999	12906.777070999999	12903.613875	12905.721027999998	12907.133	12908.967	3.0	2.0	1.0	1.0					
12911.073	19.93499999999949	trials	17.0	12927.760336	12929.541546999999	12930.574950999999	12931.048036999999	12927.022002999998	12930.129129999998			2.0	1.0	0.0	3.0					
12933.907	888.9760000000006	trials	17.0	13819.598917999998	13820.920866999999	13822.059643999999	13822.930083999998	13818.730122999998	13821.544252999998			2.0	1.0	0.0	3.0					
13824.377	15.414999999999054	trials	17.0	13836.866997	13838.267871999999	13839.438175	13839.837720999998	13835.954127999998	13838.909152999999			3.0	1.0	0.0	3.0					
13841.767	36.32500000000073	trials	17.0	13872.482458999999	13874.362021999998	13875.728755999999	13875.988870999998	13871.941055	13875.299595999999	13876.332	13878.092	2.0	1.0	1.0	1.0					
13882.112	175.26000000000022	trials	17.0	14051.278699999999	14052.763111999999	14053.772041999999	14054.170801999999	14050.597396	14053.065297999998	14054.447	14057.372	3.0	2.0	1.0	1.0					
14059.433	24.46899999999914	trials	17.0	14079.462859999998	14080.681317999999	14081.458410999998	14081.684435	14078.581309999998	14080.978183	14082.112	14083.902	2.0	1.0	1.0	1.0					
14085.917	49.475000000000364	trials	17.0	14131.133065999999	14132.333368999998	14133.327178999998	14133.589801999999	14130.621702999999	14132.695623999998	14134.042	14135.392	3.0	2.0	1.0	1.0					
14139.457	14.920000000000073	trials	17.0	14151.462957999998	14153.355109999999	14153.902992999998	14154.427498999998	14150.640693999998	14153.383194999999			2.0	1.0	0.0	3.0					
14156.187	23.014999999999418	trials	17.0	14176.489446999998	14177.7506	14178.766365999998	14179.252744999998	14175.496828999998	14177.737264			2.0	1.0	0.0	3.0					
14183.186	21.496000000001004	trials	17.0	14199.273838999998	14201.185878999999	14201.988990999998	14202.229872999998	14198.406850999998	14201.561763999998	14202.648	14204.682	2.0	1.0	1.0	1.0					
14207.597	10.3700000000008	trials	17.0	14214.952725999998	14215.969898	14217.416610999999	14218.014657999998	14214.083811999999	14216.718733999998			3.0	2.0	0.0	3.0					
14220.798	20.193999999999505	trials	17.0	14238.108787	14239.646813	14240.595210999998	14241.041672	14237.505264999998	14239.876923999998			3.0	2.0	0.0	3.0					
14243.924	21.78899999999885	trials	17.0	14261.079226999998	14262.160714999998	14263.142262999998	14263.462072999999	14260.301812999998	14262.495414999998	14263.872	14265.713	3.0	2.0	1.0	1.0					
14269.759	20.927999999999884	trials	17.0	14287.303993999998	14289.297639999999	14290.261138999998	14290.736191999998	14286.773597	14289.599427999998			3.0	2.0	0.0	3.0					
14292.558	25.47899999999936	trials	17.0	14315.024109999998	14316.751685	14317.695431999999	14318.087145999998	14314.278610999998	14317.252545999998			2.0	1.0	0.0	3.0					
14320.969	28.898000000001048	trials	17.0	14346.614645999998	14348.290830999998	14349.473245999998	14349.915550999998	14346.020233	14348.845845999998			3.0	2.0	0.0	3.0					
14353.808	23.873999999999796	trials	17.0	14372.810753999998	14374.144783999998	14375.132460999997	14375.423947	14372.050543999998	14374.496349	14367.372	14377.682	3.0	2.0	1.0	1.0					
14380.742	13.260000000000218	trials	17.0	14388.899420999998	14390.133064999998	14391.538729999998	14391.733378999998	14388.315037999999	14390.724144999998	14392.088	14394.002	2.0	1.0	1.0	1.0					
14397.067	29.100000000000364	trials	17.0	14422.209669999998	14424.206744			14421.366578999998	14424.199788999998			3.0		0.0	2.0					
14428.216	14.286000000000058	trials	17.0	14439.259111999998	14440.365834999999	14442.164503999998	14442.447400999998	14438.455965999998	14441.689011999999			2.0	1.0	0.0	3.0					
14444.545	20.957000000000335	trials	17.0	14461.019833999999	14462.367605	14463.316647999998	14463.533550999999	14460.028787	14462.851426999998	14456.722	14465.502	2.0	1.0	1.0	1.0					
14469.562	18.73999999999978	trials	17.0	14485.549435999998	14486.837891	14487.968095999999	14488.309646999998	14485.042307999998	14487.234874999998			3.0	2.0	0.0	3.0					
14490.262	24.529999999998836	trials	17.0	14510.326068999999	14511.566985999998	14512.334085999999	14512.579665999998	14509.633356999999	14511.894618999999	14513.032	14514.792	2.0	1.0	1.0	1.0					
14518.812	17.215000000000146	trials	17.0	14531.351745999998	14532.446955999998	14533.441797999998	14533.664476999998	14530.729366	14532.807076	14534.237	14536.027	3.0	2.0	1.0	1.0					
14538.143	1048.7240000000002	BlockDesign														1.0	526.0	562.0	50.0	10.0
14538.143	32.14400000000023	trials	18.0	14567.879533999998	14568.973300999998	14570.022922999999	14570.290674999998	14566.928592999999	14569.513346999998			1.0	1.0	0.0	3.0					
14573.337	9.376000000000204	trials	18.0	14579.400102	14581.447660999998	14582.330500999999	14582.764882999998	14578.744024	14581.707187999998			1.0	2.0	0.0	3.0					
14586.652	16.69000000000051	trials	18.0	14600.949996999998	14602.402108999999	14603.041152999998	14603.367975999998	14600.191584999999	14602.612182999997			1.0	1.0	0.0	3.0					
14606.362	13.160000000001673	trials	18.0	14615.82764	14617.846564999998	14618.765818999998	14619.574669999998	14615.169495999999	14618.267118999998			1.0	1.0	0.0	3.0					
14623.104	21.57300000000032	trials	18.0	14641.766614999999	14643.462387	14644.267270999999	14644.726271	14640.762185	14643.690070999999			1.0	2.0	0.0	3.0					
14647.582	19.829999999999927	trials	18.0	14663.174906999999	14664.211787999999	14665.303798999998	14665.503712999998	14662.532089999999	14664.776456	14666.042	14667.412	1.0	1.0	1.0	1.0					
14669.473	21.058999999999287	trials	18.0	14687.690737999998	14689.377933999998	14690.252844999999	14690.574577999998	14687.021563999999	14689.613776999999			1.0	2.0	0.0	3.0					
14692.582	22.404999999998836	trials	18.0	14712.630604999998	14713.723079	14714.650152999999	14715.038481	14711.681169999998	14714.179806999999			1.0	1.0	0.0	3.0					
14719.024	18.57300000000032	trials	18.0	14735.075769	14736.431797999998	14737.300152999998	14737.648152999998	14734.146368999998	14736.706119999999			1.0	2.0	0.0	3.0					
14741.607	17.924999999999272	trials	18.0	14756.845444999999	14758.288960999998	14759.231280999998	14759.581588999998	14756.038276999998	14758.791726999998			1.0	1.0	0.0	3.0					
14763.527	20.639999999999418	trials	18.0	14779.701034999998	14781.280310999999	14782.140841999999	14782.378207999998	14779.043064999998	14781.62287	14782.912	14784.167	1.0	1.0	1.0	1.0					
14787.197	24.560999999999694	trials	18.0	14807.010360999999	14808.273591999998	14809.180290999999	14809.418688999998	14806.444309999999	14808.704844999998	14809.832	14811.758	1.0	1.0	1.0	1.0					
14814.817	23.320000000001528	trials	18.0	14833.135404999999	14835.103890999999	14835.857805999998	14836.040965999999	14832.161146999999	14835.364252	14836.517	14838.137	1.0	1.0	1.0	1.0					
14840.198	21.773999999999432	trials	18.0	14859.116074999998	14860.843828999998	14861.699205999998	14862.025722999999	14858.607087999999	14861.149416999999			1.0	1.0	0.0	3.0					
14863.982	42.29999999999927	trials	18.0	14903.136373999998	14904.638582	14905.492648999998	14905.853346999998	14902.336242999998	14904.879109999998			1.0	2.0	0.0	3.0					
14907.827	23.846000000001368	trials	18.0	14926.651752999998	14928.668614999999	14929.4456	14929.688305999998	14925.823858999998	14928.926634999998	14930.142	14931.673	1.0	1.0	1.0	1.0					
14934.732	25.420000000000073	trials	18.0	14957.216116999998	14958.847585	14959.786656999999	14960.201887	14956.322395	14959.106633			1.0	2.0	0.0	3.0					
14962.067	19.31000000000131	trials	18.0	14978.796076999999	14980.138336999999	14981.040895999999	14981.428193999998	14978.223274999998	14980.585284999997			1.0	1.0	0.0	3.0					
14984.362	33.460000000000946	trials	18.0	15015.091434999998	15016.428812999999	15017.438757999998	15017.875612999998	15014.367283999998	15016.739199999998			1.0	2.0	0.0	3.0					
15020.722	28.30500000000029	trials	18.0	15044.377020999998	15045.493686999998	15046.307281999998	15046.568917999999	15043.850561	15045.843208999999	15047.082	15049.027	1.0	1.0	1.0	1.0					
15051.062	20.264999999999418	trials	18.0	15068.461466999997	15069.950233	15070.934019999999	15071.380429999997	15067.912258999999	15070.294558999998			1.0	2.0	0.0	3.0					
15075.217	85.21500000000015	trials	18.0	15155.457068999998	15157.413688999999	15158.120160999999	15158.363551999999	15154.708074999999	15157.640379999999	15158.883	15160.432	1.0	1.0	1.0	1.0					
15162.497	10.020000000000437	trials	18.0	15169.171999999999	15171.23981	15171.924174999998	15172.569597999998	15168.208755999998	15171.467176999999			1.0	1.0	0.0	3.0					
15176.268	17.61499999999978	trials	18.0	15191.127484999999	15192.173765	15193.274293999999	15193.935781999999	15190.289250999998	15192.784014999997			1.0	1.0	0.0	3.0					
15197.557	23.11999999999898	trials	18.0	15217.782340999998	15219.352672999998	15220.224811999999	15220.731411999997	15217.132970999999	15219.749517999999			1.0	1.0	0.0	3.0					
15224.508	11.290000000000873	trials	18.0	15230.772978999998	15232.520787999998	15233.444853999998	15233.689561	15230.191101999999	15233.017186999998	15234.372	15235.798	1.0	1.0	1.0	1.0					
15239.858	8.109000000000378	trials	18.0	15245.112631999998	15246.345674999999	15247.626742999999	15248.021071	15244.230102999998	15246.798481999998			1.0	2.0	0.0	3.0					
15250.908	19.559000000001106	trials	18.0	15267.832525999998	15269.138889999998	15269.935061999999	15270.519438999998	15267.249358999998	15269.471407999998			1.0	1.0	0.0	3.0					
15273.222	24.915000000000873	trials	18.0	15295.172866999997	15297.019357999998	15297.790807999998	15298.190895999998	15294.348311999998	15297.367665999998			1.0	1.0	0.0	3.0					
15302.067	62.551000000001295	trials	18.0	15361.715611	15363.454086	15364.251699	15364.695266	15361.077802	15363.754794			1.0	1.0	0.0	3.0					
15368.517	39.76000000000022	trials	18.0	15403.595629	15404.772793	15405.734121	15405.949377	15402.76857	15405.159684	15406.377	15408.277	1.0	1.0	1.0	1.0					
15409.978	10.235000000000582	trials	18.0	15417.417174	15419.206053	15419.977875	15420.257259	15416.731665000001	15419.496430000001			1.0	1.0	0.0	3.0					
15423.258	48.23400000000038	trials	18.0	15469.030924	15470.102521	15471.108951	15471.568542	15468.262842	15470.401718000001			1.0	2.0	0.0	3.0					
15473.417	24.21600000000035	trials	18.0	15492.271312	15494.272651000001	15495.163227000001	15495.460296000001	15491.623273000001	15494.699656	15495.902	15497.633	1.0	1.0	1.0	1.0					
15501.697	9.965000000000146	trials	18.0	15506.882826000001	15508.497837	15509.240142	15509.47491	15506.304429	15508.8112	15509.856	15511.662	1.0	1.0	1.0	1.0					
15513.717	11.599999999998545	trials	18.0	15522.57111	15524.422329	15525.0591	15525.358354	15521.610399000001	15524.61709			1.0	1.0	0.0	3.0					
15527.362	59.50500000000102	trials	18.0	15582.700825	15584.054411000001	15584.793907000001	15584.985219	15581.696811	15584.343772	15585.367	15586.867	1.0	1.0	1.0	1.0					
15590.933	426.22899999999936	BlockDesign														1.0	563.0	584.0	90.0	50.0
15590.933	30.839999999998327	trials	19.0	15617.266969	15618.509938000001	15619.316819	15619.604568	15616.356678	15618.897771	15620.022	15621.773	1.0	1.0	1.0	1.0					
15623.512	18.777000000000044	trials	19.0	15638.418115	15639.561631	15640.294621000001	15640.499858000001	15637.821315000001	15639.822851	15640.872	15642.289	1.0	1.0	1.0	1.0					
15644.327	31.5	trials	19.0	15671.482284	15673.169973	15673.690447	15673.866527	15670.83904	15673.212958	15674.352	15675.827	1.0	1.0	1.0	1.0					
15679.887	22.014999999999418	trials	19.0	15697.168201	15698.944099	15699.605619	15699.839742	15696.472457	15699.189229	15700.322	15701.902	1.0	1.0	1.0	1.0					
15703.932	15.549999999999272	trials	19.0	15715.326538000001	15716.579095000001	15717.360404000001	15717.538432000001	15714.533535	15716.873621	15717.877	15719.482	1.0	1.0	1.0	1.0					
15721.522	21.90099999999984	trials	19.0	15739.391874	15740.46916	15741.262497	15741.456227	15738.471048	15740.779944	15741.842	15743.423	1.0	1.0	1.0	1.0					
15745.442	17.6150000000016	trials	19.0	15758.590588000001	15760.035576	15760.807621	15761.013319	15758.042887	15760.347217	15761.372	15763.057	1.0	1.0	1.0	1.0					
15766.107	14.200000000000728	trials	19.0	15776.543466000001	15778.319433			15775.884497000001	15778.310010000001			1.0		0.0	2.0					
15784.312	16.415000000000873	trials	19.0	15795.896989	15797.054325000001	15798.133578	15798.372358	15795.372913000001	15797.37694	15791.838	15800.727	1.0	2.0	1.0	1.0					
15803.762	13.614999999999782	trials	19.0	15812.406907	15814.205242	15815.127907	15815.379471	15811.819399	15814.414048	15815.65	15817.377	1.0	2.0	1.0	1.0					
15820.452	18.735000000000582	trials	19.0	15834.701848	15836.219882000001	15836.934122	15837.087009	15833.870829	15836.503122	15837.497	15839.187	1.0	1.0	1.0	1.0					
15842.207	14.505999999999403	trials	19.0	15852.152766000001	15853.939536	15854.662389000001	15854.824287	15851.49922	15854.225379	15855.312	15856.713	1.0	1.0	1.0	1.0					
15858.775	15.523000000001048	trials	19.0	15869.744909000001	15871.471783	15871.916856	15872.114455	15869.165496	15871.471155000001	15872.517	15874.298	1.0	1.0	1.0	1.0					
15878.317	9.660000000001673	trials	19.0	15885.253967	15886.630567	15887.446322	15887.622414	15884.690461	15886.972462			1.0	1.0	0.0	3.0					
15890.808	15.828999999999724	trials	19.0	15901.754358	15903.548197	15904.062835	15904.280193	15900.990134	15903.655307	15904.754	15906.637	1.0	1.0	1.0	1.0					
15908.702	12.585000000000946	trials	19.0	15916.732453	15918.384828	15919.093606	15919.313824	15915.867291	15918.664792	15919.862	15921.287	1.0	1.0	1.0	1.0					
15925.232	9.834999999999127	trials	19.0	15930.818059000001	15931.930774	15934.77078	15935.142605000001	15929.957934	15931.919743			1.0		0.0	2.0					
15936.913	15.719999999999345	trials	19.0	15950.284887	15951.324418	15952.382365	15952.612436	15949.401723	15951.901543			1.0	1.0	0.0	3.0					
15954.642	21.049999999999272	trials	19.0	15970.312923	15972.294067	15973.1221	15973.40712	15969.388997	15972.477153	15973.767	15975.692	1.0	2.0	1.0	1.0					
15978.713	11.585000000000946	trials	19.0	15985.493557	15987.084124	15987.936544	15988.135878000001	15984.883057000001	15987.422456	15988.557	15990.298	1.0	1.0	1.0	1.0					
15992.317	13.081000000000131	trials	19.0	16000.952534	16002.110884	16003.039846	16003.214182	16000.264493	16002.491382	16003.652	16005.398	1.0	1.0	1.0	1.0					
16007.467	9.694999999999709	trials	19.0	16014.948082	16015.975054	16016.933589	16017.239341	16014.091104000001	16016.259466			1.0	2.0	0.0	3.0					
16020.267	214.89999999999964	BlockDesign														1.0	585.0	589.0	0.0	0.0
16020.267	16.55999999999949	trials	20.0	16033.662734	16035.728293	16036.517679	16036.833331	16032.711682000001	16036.03614			1.0	1.0	0.0	3.0					
16040.872	35.4320000000007	trials	20.0	16073.169802	16074.984911	16076.008087	16076.373099	16072.54551	16075.325932			1.0	1.0	0.0	3.0					
16080.302	39.25500000000102	trials	20.0	16116.093909000001	16117.994951	16118.986516	16119.636423	16115.336967000001	16118.279524			1.0	2.0	0.0	3.0					
16123.349	26.26299999999901	trials	20.0	16147.184913000001	16148.230414	16149.192094	16149.688774	16146.511875	16148.607015			1.0	1.0	0.0	3.0					
16153.447	81.71999999999935	trials	20.0	16232.529138	16234.179586	16235.150941	16235.669245000001	16231.59189	16234.411646			1.0	2.0	0.0	3.0					
16237.417	1892.8560000000016	BlockDesign														1.0	590.0	642.0	10.0	50.0
16237.417	31.96600000000035	trials	21.0	16266.944296	16268.200752	16269.071752	16269.463863	16266.058297	16268.60716			1.0	1.0	0.0	3.0					
16271.418	69.23400000000038	trials	21.0	16338.429487000001	16339.637556	16340.409087	16340.679499	16337.532993	16339.903891			1.0	1.0	0.0	3.0					
16342.662	116.23500000000058	trials	21.0	16455.774916000002	16457.810238000002	16458.542254	16458.930142	16455.120329	16458.047049			1.0	1.0	0.0	3.0					
16461.857	19.4900000000016	trials	21.0	16478.54682	16479.742791	16480.892301	16481.263852	16477.672557	16480.140184			1.0	2.0	0.0	3.0					
16483.17	17.217000000000553	trials	21.0	16497.624808	16498.946553	16499.912116	16500.469177	16496.689669	16499.35801			1.0	1.0	0.0	3.0					
16503.283	22.77400000000125	trials	21.0	16523.680687	16524.750907	16525.714314	16526.117404	16522.860114	16525.225326			1.0	1.0	0.0	3.0					
16528.017	18.784999999999854	trials	21.0	16543.425498	16545.467757	16546.230567	16546.882279	16542.796351	16545.728679			1.0	1.0	0.0	3.0					
16549.522	23.361000000000786	trials	21.0	16567.69534	16569.051648	16570.152369	16570.467574000002	16566.707455	16569.415654	16570.887	16572.883	1.0	2.0	1.0	1.0					
16576.942	26.400000000001455	trials	21.0	16598.775303000002	16600.128451	16602.744427	16603.422889	16598.20332	16600.114944			1.0		0.0	2.0					
16605.162	22.18000000000029	trials	21.0	16623.570572	16625.357578	16626.281727	16626.540286	16622.903782	16625.677026			1.0	2.0	1.0	1.0					
16629.872	18.540000000000873	trials	21.0	16646.155675	16647.517665	16648.12293	16648.467004000002	16645.231435	16647.605278			1.0	1.0	0.0	3.0					
16650.407	28.6150000000016	trials	21.0	16675.047478	16676.92726	16678.088712	16678.567321	16674.149157	16677.432802			1.0	2.0	0.0	3.0					
16681.342	16.63000000000102	trials	21.0	16695.740505	16696.862951	16697.728504	16697.948235	16694.921958	16697.199792			1.0	1.0	0.0	3.0					
16702.022	19.465000000000146	trials	21.0	16716.382516	16717.952985	16718.941738	16719.284988	16715.873086	16718.279592	16719.707	16721.487	1.0	2.0	1.0	1.0					
16724.548	11.242000000002008	trials	21.0	16731.522076	16732.692711	16733.502379	16733.703597	16730.587412	16732.968667	16734.077	16735.79	1.0	1.0	1.0	1.0					
16739.804	14.148000000001048	trials	21.0	16751.401213	16752.956983	16753.71514	16753.996671	16750.734073	16753.260355			1.0	1.0	0.0	3.0					
16755.963	57.07900000000154	trials	21.0	16809.467902	16811.328829000002	16811.999571	16812.255379000002	16808.634076000002	16811.539671			1.0	1.0	1.0	1.0					
16816.637	23.794000000001688	trials	21.0	16837.106455	16838.493408000002			16836.476661	16838.48112			1.0		0.0	2.0					
16844.483	23.958999999998923	trials	21.0	16865.76675	16867.356882	16868.070887	16868.52246	16865.13946	16867.558165000002			1.0	1.0	0.0	3.0					
16872.342	54.32500000000073	trials	21.0	16924.383273	16925.554917	16926.434464	16926.722151	16923.839182	16925.970211			1.0	1.0	0.0	3.0					
16930.712	19.610000000000582	trials	21.0	16947.646866	16948.843831000002	16949.894892	16949.929849	16946.723169	16949.140192			1.0	2.0	0.0	3.0					
16952.167	67.54599999999846	trials	21.0	17017.211872	17018.750107	17019.420781	17019.68398	17016.509107	17018.94486			1.0	1.0	0.0	3.0					
17023.762	38.05500000000029	trials	21.0	17058.924025	17060.484274000002	17061.335346	17061.899425	17057.929875	17060.73219			1.0	2.0	0.0	3.0					
17065.678	132.3889999999992	trials	21.0	17195.032758	17196.140037			17194.209642	17196.128559			1.0		0.0	2.0					
17201.122	109.95000000000073	trials	21.0	17308.038421	17309.144844000002			17307.244659	17309.129247			1.0		0.0	2.0					
17314.118	84.22000000000116	trials	21.0	17392.818751	17394.740917	17395.776847	17395.979882	17392.217614	17395.132755	17396.407	17398.338	1.0	2.0	1.0	1.0					
17402.398	9.06499999999869	trials	21.0	17408.359134	17410.025751	17410.982473	17411.546519	17407.728918	17410.361626			1.0	2.0	0.0	3.0					
17413.222	17.904999999998836	trials	21.0	17427.878599	17429.475969	17430.620914	17431.210719	17427.277227	17429.979717000002			1.0	2.0	0.0	3.0					
17433.878	18.4429999999993	trials	21.0	17449.809697	17450.915715	17452.043783	17452.351873	17448.91243	17451.381784			1.0	1.0	0.0	3.0					
17455.372	16.580000000001746	trials	21.0	17469.068869	17470.391554	17471.562597	17472.036468	17468.183051	17471.079175			1.0	1.0	0.0	3.0					
17473.857	20.345000000001164	trials	21.0	17491.269625	17492.917338	17493.935341	17494.257015	17490.414939000002	17493.4191			1.0	1.0	0.0	3.0					
17498.173	19.73400000000038	trials	21.0	17512.789329	17514.577409	17515.502563000002	17515.781115	17512.270914	17514.860073	17516.222	17517.907	1.0	2.0	1.0	1.0					
17521.963	12.375	trials	21.0	17531.668783	17533.206691	17534.108017	17534.360008	17530.747006	17533.568578			1.0	1.0	0.0	3.0					
17537.387	38.335000000002765	trials	21.0	17570.489642	17572.070819	17572.966065	17573.352099	17569.68624	17572.338282	17573.512	17575.722	1.0	2.0	1.0	1.0					
17577.779	16.962999999999738	trials	21.0	17590.560043	17592.101904	17594.297002	17594.826262000002	17589.749894	17592.093525			1.0		0.0	2.0					
17596.077	26.45499999999811	trials	21.0	17617.44472	17619.132356000002	17619.898714	17620.204861	17616.495403	17619.238495	17620.588	17622.532	1.0	2.0	1.0	1.0					
17626.552	20.756000000001222	trials	21.0	17643.894843000002	17645.38524			17643.193818	17645.374126			1.0		0.0	2.0					
17650.318	18.53399999999965	trials	21.0	17663.645128	17665.564024	17666.500773	17666.718715	17663.127945	17665.859268	17667.213	17668.852	1.0	2.0	1.0	1.0					
17672.872	18.70600000000195	trials	21.0	17688.984961000002	17690.416522	17691.279607	17691.65398	17688.037695	17690.681274000002			1.0	2.0	0.0	3.0					
17693.562	16.214999999996508	trials	21.0	17707.370197	17708.442336	17709.325491	17709.860175	17706.578763	17708.736928			1.0	2.0	0.0	3.0					
17712.518	32.4890000000014	trials	21.0	17742.426769	17743.532658	17744.710086	17745.091386	17741.843577	17743.770434000002			1.0	2.0	0.0	3.0					
17748.005	18.131999999997788	trials	21.0	17762.919958	17764.921402	17765.753593	17766.224637	17762.40678	17765.135084			1.0	2.0	0.0	3.0					
17768.048	16.949000000000524	trials	21.0	17781.775593	17783.716465	17784.75547	17785.036755	17781.102726	17783.981573			1.0	1.0	0.0	3.0					
17789.048	26.129000000000815	trials	21.0	17809.960672	17811.737352	17812.605796	17812.855245	17809.247264	17811.971554	17813.177	17815.177	1.0	2.0	1.0	1.0					
17817.237	29.39600000000064	trials	21.0	17844.097321	17845.402759	17846.234296	17846.720686	17843.193223000002	17845.625156000002			1.0	2.0	0.0	3.0					
17850.527	15.915000000000873	trials	21.0	17863.110784	17864.627066	17865.958339	17866.528819	17862.503845	17865.333699			1.0	1.0	0.0	3.0					
17869.328	29.373999999999796	trials	21.0	17895.835579	17897.357902	17898.270478	17898.789783	17895.234592	17897.631943			1.0	2.0	0.0	3.0					
17900.512	34.57099999999991	trials	21.0	17931.561718	17933.503592	17934.781856	17935.130505	17930.829208	17933.791412			1.0	2.0	0.0	3.0					
17937.042	67.79999999999927	trials	21.0	17999.44648	18001.30849	18002.156665000002	18002.457121	17998.575519	18001.516156	18002.872	18004.842	1.0	2.0	1.0	1.0					
18008.902	14.955000000001746	trials	21.0	18018.671233	18020.279472000002	18020.936176	18021.255645	18018.048862	18020.293536	18021.582	18023.857	1.0	2.0	1.0	1.0					
18025.872	19.9900000000016	trials	21.0	18041.557178	18042.898525	18043.639983	18043.864794	18040.751341	18042.89948	18044.367	18045.862	1.0	2.0	1.0	1.0					
18048.919	15.16899999999805	trials	21.0	18060.72303	18062.168065			18060.109573	18062.159345			1.0		0.0	2.0					
18066.097	64.17599999999948	trials	21.0	18127.317001	18129.293484	18130.223085	18130.655639	18126.572284	18129.573691			1.0	2.0	0.0	3.0					
18133.487	3610.744999999999	BlockDesign														1.0	643.0	765.0	50.0	90.0
18133.487	15.764999999999418	trials	22.0	18146.363062	18147.52896	18148.292073	18149.338699	18145.700494	18147.844474			1.0	1.0	0.0	3.0					
18150.556	25.27599999999802	trials	22.0	18172.303686	18173.910364	18175.054159	18175.294786	18171.619785	18173.903287			1.0		0.0	2.0					
18179.842	24.580999999998312	trials	22.0	18201.827274	18203.149331	18203.929462	18204.509019	18200.888562	18203.426424			1.0	1.0	0.0	3.0					
18208.182	29.49499999999898	trials	22.0	18232.452483	18234.258785	18235.444726	18235.766856000002	18231.575198	18234.555573	18236.051	18237.677	1.0	2.0	1.0	1.0					
18241.697	31.6349999999984	trials	22.0	18268.687779	18270.121141	18271.037843000002	18271.247151	18267.940495	18270.424423	18271.747	18273.332	1.0	2.0	1.0	1.0					
18275.353	27.280000000002474	trials	22.0	18297.724347	18299.533186	18300.391164	18300.708227	18296.828676	18299.744947	18301.012	18302.633	1.0	2.0	1.0	1.0					
18306.653	15.054000000000087	trials	22.0	18316.438108000002	18317.824779000002	18321.463327	18321.794833	18315.825096	18317.818242			1.0		0.0	2.0					
18321.812	87.03499999999985	trials	22.0	18404.235259	18405.351852	18406.310542	18406.531498	18403.469197	18405.661201	18407.027	18408.847	1.0	2.0	1.0	1.0					
18411.907	128.65000000000146	trials	22.0	18535.806414	18537.353578000002	18538.203039	18538.557723	18535.056388	18537.545743	18539.037	18540.557	1.0	2.0	1.0	1.0					
18543.607	11.590000000000146	trials	22.0	18551.846514	18553.162044	18554.61744	18554.940724	18550.853592	18553.156927			1.0		0.0	2.0					
18559.247	35.35000000000218	trials	22.0	18588.600804	18590.363769	18591.254347000002	18591.642091	18588.04325	18590.60511	18592.088	18594.597	1.0	2.0	1.0	1.0					
18597.617	16.850000000002183	trials	22.0	18611.551396	18613.388008	18614.040301	18614.499295	18610.731316	18613.406446			1.0	2.0	0.0	3.0					
18616.342	19.104999999999563	trials	22.0	18632.672104	18634.295317	18634.969752	18635.480137	18631.810849	18634.477672			1.0	1.0	0.0	3.0					
18639.302	18.095000000001164	trials	22.0	18652.086201000002	18653.679793	18654.510034	18654.84573	18651.352092	18653.834145	18655.267	18657.397	1.0	2.0	1.0	1.0					
18660.431	11.666000000001077	trials	22.0	18667.466293	18668.572393	18669.56304	18669.846786000002	18666.849023	18668.896293	18670.207	18672.097	1.0	2.0	1.0	1.0					
18674.117	15.695000000003347	trials	22.0	18684.935916	18686.986342	18687.590216	18687.807351	18683.986036000002	18686.919322	18688.258	18689.812	1.0	1.0	1.0	1.0					
18692.832	21.405000000002474	trials	22.0	18709.561302000002	18710.636719000002	18711.576513	18711.773395	18708.830211	18711.039369000002	18712.213	18714.237	1.0	1.0	1.0	1.0					
18718.293	15.173999999999069	trials	22.0	18729.82638	18731.49352			18729.238946	18731.482113000002			1.0		0.0	2.0					
18735.473	24.57499999999709	trials	22.0	18756.771569	18758.163365	18759.01718	18759.233797	18755.989261	18758.494881			1.0	1.0	1.0	1.0					
18763.627	80.05500000000029	trials	22.0	18840.061482	18841.653465	18842.461401	18842.709061	18839.308236	18841.649052			1.0		0.0	2.0					
18847.692	11.655000000002474	trials	22.0	18856.136973	18857.313553			18855.138218	18857.307945			1.0		0.0	2.0					
18863.357	13.6349999999984	trials	22.0	18871.481808	18873.496159000002	18874.419176	18874.632823	18870.950011	18873.917334	18875.092	18876.992	1.0	1.0	1.0	1.0					
18880.862	10.614999999997963	trials	22.0	18885.936938	18888.262785	18889.006713	18889.249426	18885.135721	18888.562169	18889.697	18891.477	1.0	1.0	1.0	1.0					
18895.538	11.345000000001164	trials	22.0	18904.187435	18905.875234	18906.594306	18906.817705	18903.463521	18906.125401			1.0	1.0	0.0	3.0					
18910.932	14.674999999999272	trials	22.0	18920.732134	18922.163106	18922.97125	18923.291629	18919.806424	18922.380108	18923.662	18925.607	1.0	2.0	1.0	1.0					
18927.637	12.690000000002328	trials	22.0	18934.672484	18936.587227	18937.574017	18937.781299000002	18934.001091000002	18936.940395	18938.227	18940.327	1.0	2.0	1.0	1.0					
18943.383	12.018000000000029	trials	22.0	18950.638564	18952.124334	18952.983824	18953.258646000002	18949.983043	18952.3672	18953.673	18955.401	1.0	2.0	1.0	1.0					
18957.423	12.210000000002765	trials	22.0	18967.342281	18968.638962	18969.348486	18969.664528	18966.576063	18968.853682			1.0	1.0	0.0	3.0					
18973.642	28.53099999999904	trials	22.0	18998.27857	19000.140039			18997.368388	19000.128394			1.0		0.0	2.0					
19005.182	53.48500000000058	trials	22.0	19053.633015	19055.318941	19056.225763	19056.652711	19052.85385	19055.592978	19056.952	19058.667	1.0	2.0	1.0	1.0					
19060.683	13.568999999999505	trials	22.0	19069.30309	19070.534715	19071.490188	19071.881586	19068.548248	19070.826979	19072.062	19074.252	1.0	2.0	1.0	1.0					
19076.312	11.284999999999854	trials	22.0	19083.682805	19085.624964	19086.508456	19086.838836	19082.964117	19085.812005			1.0	2.0	1.0	1.0					
19091.172	14.729999999999563	trials	22.0	19102.682938	19104.417271	19105.325411	19105.629581	19102.05741	19104.635519			1.0	2.0	0.0	3.0					
19108.667	28.364999999997963	trials	22.0	19131.808137	19133.387416	19134.294421	19134.692978	19130.823441	19133.654467	19134.967	19137.032	1.0	2.0	1.0	1.0					
19140.082	15.325000000000728	trials	22.0	19151.442985	19153.134218			19150.661784	19153.1245			1.0		0.0	2.0					
19158.162	367.16999999999825	trials	22.0	19520.214456	19521.285853	19522.347348	19522.629185	19519.218991	19521.688236	19522.952	19525.332	1.0	2.0	1.0	1.0					
19527.267	14.325000000000728	trials	22.0	19536.569286	19538.229688	19539.022221	19539.26729	19535.891317	19538.283	19539.667	19541.592	1.0	1.0	1.0	1.0					
19543.612	17.360000000000582	trials	22.0	19556.03433	19557.592439	19558.520128	19558.718431	19555.082272	19558.004113	19559.162	19560.972	1.0	1.0	1.0	1.0					
19562.992	11.14100000000326	trials	22.0	19571.359638	19572.6433	19573.691002	19574.170255	19570.460785	19572.960184			1.0	2.0	0.0	3.0					
19576.018	204.07400000000052	trials	22.0	19776.560469	19778.071674			19775.796496	19778.056401			1.0		0.0	2.0					
19783.122	17.165000000000873	trials	22.0	19794.914967	19796.477044	19797.697663	19797.871462	19794.201966	19796.944246	19798.307	19800.287	1.0	1.0	1.0	1.0					
19804.249	14.82300000000032	trials	22.0	19813.056014	19815.036811	19816.018775	19816.312402	19812.352054	19815.311749	19816.637	19819.072	1.0	2.0	1.0	1.0					
19822.112	12.659999999999854	trials	22.0	19829.815633	19831.032753	19831.82865	19832.026185	19829.25705	19831.387558	19832.492	19834.772	1.0	1.0	1.0	1.0					
19836.822	12.200000000000728	trials	22.0	19843.790655	19845.327346000002	19846.085554	19846.281501	19842.854536	19845.588524	19846.827	19849.022	1.0	1.0	1.0	1.0					
19851.086	13.436000000001513	trials	22.0	19861.337127	19863.397446	19863.969414	19864.240851	19860.497941	19863.430605			1.0	1.0	0.0	3.0					
19866.259	25.749000000003434	trials	22.0	19886.672236	19888.49244	19889.42997	19889.843022	19885.802268	19888.827157	19890.162	19892.008	1.0	2.0	1.0	1.0					
19896.072	12.819999999999709	trials	22.0	19905.980658	19907.055249	19907.896141	19908.927618	19905.148822	19907.377471			1.0	1.0	0.0	3.0					
19911.223	26.60899999999674	trials	22.0	19933.111014000002	19934.551614	19935.463555000002	19935.674332	19932.145435	19934.885134	19936.152	19937.832	1.0	2.0	1.0	1.0					
19941.918	7.794999999998254	trials	22.0	19946.245474	19947.69317	19948.662655	19948.867549	19945.439874	19947.685588			1.0		0.0	2.0					
19951.803	28.754000000000815	trials	22.0	19975.696224	19977.207631	19978.135833	19978.433970000002	19974.893967	19977.55275	19978.752	19980.557	1.0	2.0	1.0	1.0					
19983.577	9.674999999999272	trials	22.0	19988.136501	19989.477966	19990.374303	19990.61166	19987.309335	19989.872581	19991.102	19993.252	1.0	1.0	1.0	1.0					
19997.317	13.165000000000873	trials	22.0	20005.088089	20006.692941	20007.627586	20007.910549	20004.281477	20006.997687	20008.317	20010.482	1.0	2.0	1.0	1.0					
20014.542	10.380999999997584	trials	22.0	20020.064953	20021.156317	20022.132700000002	20022.386331	20019.448699	20021.509407	20022.852	20024.923	1.0	2.0	1.0	1.0					
20026.982	11.43500000000131	trials	22.0	20033.681457	20035.117672	20035.974547	20036.16369	20032.861992000002	20035.332459	20036.777	20038.417	1.0	2.0	1.0	1.0					
20040.479	12.943999999999505	trials	22.0	20048.717079000002	20049.924552	20050.851208	20051.040978	20048.094997	20050.216513	20051.617	20053.423	1.0	2.0	1.0	1.0					
20056.467	12.945999999999913	trials	22.0	20066.316798	20068.203924	20068.843152	20069.451502	20065.381764	20068.405764			1.0	1.0	0.0	3.0					
20072.221	28.41599999999744	trials	22.0	20095.672869	20097.494449	20098.404015	20098.648561	20094.919444	20097.772806	20098.982	20100.637	1.0	2.0	1.0	1.0					
20104.653	12.204000000001543	trials	22.0	20111.442132	20113.009294	20113.81924	20114.073001	20110.566433	20113.187298	20114.617	20116.857	1.0	2.0	1.0	1.0					
20118.917	13.104999999999563	trials	22.0	20127.142155	20128.299892	20129.299485	20129.557186000002	20126.194747	20128.654737	20130.048	20132.022	1.0	2.0	1.0	1.0					
20134.107	9.8849999999984	trials	22.0	20140.798606	20142.783931	20143.653768	20144.027095	20139.861978	20143.007593000002			1.0	2.0	0.0	3.0					
20146.967	19.88000000000102	trials	22.0	20161.81215	20163.453363	20164.333612	20164.639713	20161.159302	20163.727191	20165.122	20166.847	1.0	2.0	1.0	1.0					
20168.87	9.037000000000262	trials	22.0	20175.467478	20176.878985	20177.619891000002	20177.822935	20174.691496	20176.876467000002			1.0	1.0	0.0	3.0					
20179.952	28.414999999997235	trials	22.0	20203.632999	20204.725311000002	20205.693445	20205.974145	20202.787047	20205.045753	20206.367	20208.367	1.0	2.0	1.0	1.0					
20212.387	10.496000000002823	trials	22.0	20217.89229	20219.501067	20220.378433	20220.568305	20217.295437	20219.798535	20221.102	20222.883	1.0	1.0	1.0	1.0					
20226.967	11.674999999999272	trials	22.0	20233.518289	20234.798986	20235.711628	20235.951265	20232.972915	20235.031678	20236.347	20238.642	1.0	2.0	1.0	1.0					
20241.524	11.518000000000029	trials	22.0	20248.567628	20249.706954	20250.603682	20250.872812	20247.622483	20249.931124	20251.307	20253.042	1.0	2.0	1.0	1.0					
20256.107	9.544999999998254	trials	22.0	20263.352673	20264.549392	20265.296497	20265.449689	20262.744303	20264.811951			1.0	1.0	0.0	3.0					
20269.662	33.22999999999956	trials	22.0	20300.277652	20301.717928000002	20302.546663	20302.931104	20299.613958	20301.917101			1.0	2.0	0.0	3.0					
20305.883	22.34899999999834	trials	22.0	20322.867262	20324.910321	20325.869605	20326.198965	20322.004135	20324.897592	20326.557	20328.232	1.0	2.0	1.0	1.0					
20332.298	21.864000000001397	trials	22.0	20349.457729	20350.750768	20351.711086	20351.987295	20348.870312	20351.061669	20352.267	20354.162	1.0	2.0	1.0	1.0					
20356.217	27.334999999999127	trials	22.0	20379.268132	20380.550937	20381.354349	20381.530548	20378.617933	20380.793686	20381.972	20383.552	1.0	1.0	1.0	1.0					
20387.617	17.51600000000326	trials	22.0	20402.098374	20404.320504	20404.856815	20405.051994	20401.294867	20404.383424			1.0	1.0	0.0	3.0					
20408.142	13.420000000001892	trials	22.0	20417.027917	20418.328644	20419.167406	20419.412806	20416.326027	20418.537136	20419.832	20421.562	1.0	2.0	1.0	1.0					
20425.652	19.50500000000102	trials	22.0	20441.968294	20443.244668	20444.111049	20444.360228	20441.029849	20443.465138			1.0	2.0	1.0	1.0					
20447.637	25.100000000002183	trials	22.0	20468.778279	20470.720525	20471.413926	20471.561038	20468.08039	20470.716553			1.0		0.0	2.0					
20475.747	23.330000000001746	trials	22.0	20495.408277000002	20497.055889			20494.833297	20497.043724			1.0		0.0	2.0					
20503.123	9.583999999998923	trials	22.0	20510.418136	20511.701677	20512.366366000002	20512.713372	20509.421397	20511.92537			1.0	1.0	0.0	3.0					
20514.732	15.639999999999418	trials	22.0	20525.353771000002	20527.13574	20528.077382	20528.340912	20524.814677000002	20527.433098	20528.847	20530.372	1.0	2.0	1.0	1.0					
20533.423	46.564000000002125	trials	22.0	20577.509065	20578.645488000002	20579.707551	20579.989264	20576.77117	20579.268202			1.0	1.0	0.0	3.0					
20582.038	23.059000000001106	trials	22.0	20600.578524	20601.746962	20602.730799	20602.940883	20599.903795	20602.0863	20603.492	20605.097	1.0	2.0	1.0	1.0					
20609.156	23.656000000002678	trials	22.0	20630.270564	20631.64558	20632.475911	20632.761259	20629.381182	20631.981856			1.0	1.0	0.0	3.0					
20635.863	25.552999999999884	trials	22.0	20658.033967	20659.375889			20657.403089	20659.368504			1.0		0.0	2.0					
20665.427	28.575000000000728	trials	22.0	20689.6142	20690.798655	20691.673507	20692.101904	20688.845458	20691.058184	20692.327	20694.002	1.0	2.0	1.0	1.0					
20696.058	18.718999999997322	trials	22.0	20709.834057	20711.757178	20712.470874	20712.701614	20708.897212	20712.022344	20713.162	20714.777	1.0	1.0	1.0	1.0					
20717.798	17.684000000001106	trials	22.0	20730.873757	20732.613712	20733.355611	20733.538648	20729.923387	20732.896947	20734.002	20735.482	1.0	1.0	1.0	1.0					
20738.548	17.564000000002125	trials	22.0	20753.58309	20754.73666	20755.701802	20756.153026	20752.847235	20754.984861			1.0	2.0	0.0	3.0					
20758.997	14.584999999999127	trials	22.0	20771.024935	20772.480584	20773.216597	20773.6223	20770.387653	20772.791830000002			1.0	1.0	0.0	3.0					
20777.525	31.61199999999735	trials	22.0	20805.894961	20807.172212	20808.107787	20808.399516	20805.153031	20807.461548			1.0	2.0	1.0	1.0					
20813.702	18.889999999999418	trials	22.0	20827.649956	20829.158743	20830.090944	20830.297872	20826.957708	20829.41614	20830.802	20832.592	1.0	2.0	1.0	1.0					
20835.399	44.538000000000466	trials	22.0	20875.574764	20877.138872	20877.764227	20877.913215	20875.063852	20877.331869	20878.432	20879.937	1.0	1.0	1.0	1.0					
20883.963	15.699000000000524	trials	22.0	20894.305097	20896.09417	20896.939678	20897.168748	20893.609797	20896.259766	20897.552	20899.662	1.0	2.0	1.0	1.0					
20901.558	13.593999999997322	trials	22.0	20912.515455	20914.234063	20914.814543	20915.175399	20912.004682	20914.359346			1.0	1.0	0.0	3.0					
20917.203	17.453999999997905	trials	22.0	20930.10082	20931.336604	20932.338997	20932.577217	20929.291716	20931.663893	20932.972	20934.657	1.0	2.0	1.0	1.0					
20937.719	20.26299999999901	trials	22.0	20954.725352	20956.012679			20953.956295	20956.009894			1.0		0.0	2.0					
20959.997	14.979999999999563	trials	22.0	20970.470619	20971.611709	20972.491462	20972.705125	20969.552437	20971.848979000002	20973.137	20974.977	1.0	2.0	1.0	1.0					
20976.887	20.06500000000233	trials	22.0	20992.200277	20993.581905	20994.505099	20994.771907000002	20991.657913	20993.830082	20995.157	20996.952	1.0	2.0	1.0	1.0					
20999.972	38.5	trials	22.0	21036.270829	21037.626984000002	21038.192521	21038.351118	21035.755281	21037.790319			1.0	1.0	0.0	3.0					
21040.482	17.06000000000131	trials	22.0	21051.995167	21053.553829	21054.404236000002	21054.614308	21051.030867	21053.761806000002	21055.048	21057.542	1.0	2.0	1.0	1.0					
21059.562	20.87999999999738	trials	22.0	21075.500294	21077.222613	21078.153333000002	21078.358037	21074.722753000002	21077.459412	21078.972	21080.442	1.0	2.0	1.0	1.0					
21083.508	39.125	trials	22.0	21117.856444	21119.022612	21119.991024	21120.218119	21116.937942	21119.388982	21120.847	21122.633	1.0	2.0	1.0	1.0					
21124.692	14.855999999999767	trials	22.0	21137.141275	21138.868982	21139.26117	21139.436737	21136.592306	21138.821961			1.0	1.0	0.0	3.0					
21141.601	20.355999999999767	trials	22.0	21156.861402000002	21158.616028	21159.530146	21159.721388	21156.299182	21158.900296	21160.152	21161.957	1.0	2.0	1.0	1.0					
21165.017	19.0099999999984	trials	22.0	21177.861023	21179.700121	21180.811561000002	21181.026052	21177.296914	21180.191867	21181.532	21184.027	1.0	2.0	1.0	1.0					
21186.918	27.36399999999776	trials	22.0	21211.19618	21212.937692	21213.803949	21214.3215	21210.281119	21213.184639			1.0	2.0	0.0	3.0					
21216.187	19.485999999997148	trials	22.0	21231.982442	21233.698209000002	21234.655519	21234.94963	21231.386287	21233.984872	21219.872	21220.567	1.0	2.0	1.0	1.0					
21240.209	27.174000000002707	trials	22.0	21265.170781	21266.248777	21267.109359000002	21267.344623	21264.238539	21266.640624			1.0	1.0	0.0	3.0					
21269.438	14.84400000000096	trials	22.0	21279.383429	21281.283171	21282.017398	21282.285052	21278.459672	21281.279629	21282.612	21284.282	1.0	2.0	1.0	1.0					
21286.343	19.813999999998487	trials	22.0	21303.842971	21304.963331	21305.879461	21306.163945	21302.964916	21305.246064			1.0	1.0	0.0	3.0					
21310.167	12.875	trials	22.0	21318.641656	21320.098527000002	21320.962462	21321.171151	21318.119622	21320.337508	21321.702	21323.042	1.0	2.0	1.0	1.0					
21327.102	65.97999999999956	trials	22.0	21387.736984	21389.360251	21390.251529	21390.4938	21387.12985	21389.573503	21390.902	21393.082	1.0	2.0	1.0	1.0					
21395.102	15.2400000000016	trials	22.0	21405.932397	21407.011515	21408.028779	21408.160557	21405.092946	21407.351913	21408.633	21410.342	1.0	2.0	1.0	1.0					
21413.392	9.741000000001804	trials	22.0	21420.821708	21421.163863			21420.147806	21421.158692			1.0		0.0	2.0					
21427.142	72.6160000000018	trials	22.0	21496.453679	21498.166985	21499.099476	21499.828702	21495.478797	21498.426271			1.0	2.0	0.0	3.0					
21501.362	13.81499999999869	trials	22.0	21510.433834	21511.980719	21512.833065	21513.052786	21509.721870999998	21512.381138999997	21513.417	21515.177	1.0	1.0	1.0	1.0					
21519.243	16.23400000000038	trials	22.0	21530.544873	21531.775491999997	21532.579227	21532.797399	21529.892905999997	21532.099602	21533.213	21535.477	1.0	1.0	1.0	1.0					
21539.387	12.978000000002794	trials	22.0	21548.625652	21550.392213			21547.909365	21550.385309999998			1.0		0.0	2.0					
21556.377	78.38999999999942	trials	22.0	21630.010027	21631.745926	21632.601496	21632.83201	21629.427636999997	21631.982121999998	21633.213	21634.767	1.0	2.0	1.0	1.0					
21637.832	12.700000000000728	trials	22.0	21645.404363999998	21646.816661999997	21647.754033999998	21647.969275	21644.850225	21647.119519	21648.332	21650.532	1.0	2.0	1.0	1.0					
21653.591	17.89600000000064	trials	22.0	21666.929673	21668.160847	21669.138960999997	21669.35314	21666.018023999997	21668.517912	21669.807	21671.487	1.0	2.0	1.0	1.0					
21675.586	15.28099999999904	trials	22.0	21686.069451	21687.552462	21688.303014999998	21688.506194999998	21685.27233	21687.551653	21688.937	21690.867	1.0	2.0	1.0	1.0					
21694.887	13.75	trials	22.0	21703.704051999997	21704.956443	21705.973364999998	21706.188253	21703.014165	21705.331408	21706.572	21708.637	1.0	2.0	1.0	1.0					
21711.657	8.530000000002474	trials	22.0	21717.720311999998	21718.990762999998	21719.93203	21720.143599	21716.849361	21719.27178			1.0	2.0	0.0	3.0					
21722.232	22.0	trials	22.0	21739.279463	21741.313626	21742.137651999998	21742.45122	21738.449397999997	21741.551731	21735.822	21744.232	1.0	2.0	1.0	1.0					
21748.293	375.17399999999907	BlockDesign														1.0	766.0	785.0	50.0	0.0
21748.293	8.173999999999069	trials	23.0	21753.755643999997	21755.010512999997	21756.006982	21756.541426	21753.01095	21755.496678			2.0	1.0	0.0	3.0					
21759.293	20.30500000000029	trials	23.0	21775.045347	21776.266680999997	21777.121719	21777.366126999998	21774.21417	21776.664590999997	21777.664	21779.598	2.0	1.0	1.0	1.0					
21781.647	8.465000000000146	trials	23.0	21787.666563	21788.747343	21789.689518	21790.187750999998	21786.679287	21789.226767			2.0	1.0	0.0	3.0					
21791.932	25.485000000000582	trials	23.0	21812.715485999997	21813.819566	21814.685284	21814.862181999997	21812.058032999998	21814.059366999998	21815.402	21817.417	2.0	1.0	1.0	1.0					
21821.452	7.4909999999981665	trials	23.0	21826.399711	21827.6466	21828.558513	21829.017107	21825.780884	21828.131802			2.0	1.0	0.0	3.0					
21830.862	35.82500000000073	trials	23.0	21861.659835	21863.59235	21864.337218999997	21864.582102999997	21860.982933	21863.876307	21864.879	21866.687	2.0	1.0	1.0	1.0					
21869.752	9.575000000000728	trials	23.0	21876.270703	21878.097174	21878.99265	21879.383404	21875.439187	21878.526147999997			2.0	1.0	0.0	3.0					
21881.338	25.579000000001543	trials	23.0	21902.245059999997	21903.459176	21904.486663	21904.741191999998	21901.693483	21904.013911	21905.057	21906.917	2.0	1.0	1.0	1.0					
21910.827	7.729999999999563	trials	23.0	21915.320104	21917.380551	21918.120859	21918.632091	21914.711393999998	21917.637974999998			2.0	1.0	0.0	3.0					
21921.423	28.290000000000873	trials	23.0	21946.830017999997	21948.40199	21949.329105999997	21949.790029	21945.982507999997	21948.750744999998			2.0	2.0	0.0	3.0					
21951.657	19.06999999999971	trials	23.0	21966.167088	21967.206973	21968.25348	21968.537235	21965.508173	21967.776063999998	21968.887	21970.727	2.0	1.0	1.0	1.0					
21972.652	11.151000000001659	trials	23.0	21978.885897	21980.219962	21981.185275	21981.396181	21977.919696999998	21980.726895	21981.923	21983.803	2.0	1.0	1.0	1.0					
21985.822	9.255000000001019	trials	23.0	21992.292363999997	21994.066703	21994.776599999997	21995.090059	21991.417234	21994.289071			2.0	1.0	0.0	3.0					
21998.128	26.368999999998778	trials	23.0	22021.587015999998	22023.493748999997	22024.12981	22024.534035999997	22020.678852999998	22023.71302			2.0	1.0	0.0	3.0					
22028.482	13.395000000000437	trials	23.0	22038.226645	22040.069678	22040.834185	22041.079378	22037.48161	22040.423727999998			2.0	1.0	1.0	1.0					
22044.392	21.63000000000102	trials	23.0	22061.475991	22062.882812	22063.713913	22063.957948	22060.752886	22063.280908999997	22064.452	22066.022	2.0	1.0	1.0	1.0					
22068.042	9.859999999996944	trials	23.0	22074.955582	22076.944216	22077.583132	22077.836659999997	22074.29017	22077.157105			2.0	1.0	0.0	3.0					
22081.912	10.215000000000146	trials	23.0	22087.15552	22088.357662	22089.497945	22089.685755	22086.51988	22089.074635999998	22090.162	22092.127	2.0	1.0	1.0	1.0					
22095.187	7.309999999997672	trials	23.0	22100.212331	22101.503999999997	22102.260016	22102.550352	22099.313991	22101.789915999998			2.0	1.0	0.0	3.0					
22104.502	18.965000000000146	trials	23.0	22121.056967999997	22122.450783999997	22123.423832	22123.869888999998	22120.401037	22122.799186			2.0	2.0	0.0	3.0					
22125.789	612.8009999999995	BlockDesign														0.0	786.0	807.0	0.0	50.0
22125.789	12.562999999998283	trials	24.0	22135.301691999997	22136.582102	22137.532487	22137.95926	22134.394793	22136.930256			3.0	2.0	0.0	3.0					
22140.827	72.47999999999956	trials	24.0	22208.46289	22209.888388	22210.842103	22211.205501	22207.454047	22210.224013	22145.832	22213.307	3.0	2.0	1.0	1.0					
22215.418	10.313999999998487	trials	24.0	22222.561627	22224.537957	22225.357173999997	22225.807539999998	22221.810000999998	22224.772006			3.0	2.0	0.0	3.0					
22229.667	18.844999999997526	trials	24.0	22243.78146	22245.518088999997	22246.338043	22246.728372999998	22242.958144	22245.743082999998	22246.997	22248.512	3.0	2.0	1.0	1.0					
22250.574	13.348999999998341	trials	24.0	22260.878260999998	22262.863020999997	22263.606958	22263.738604	22260.013968	22262.874904			3.0	2.0	0.0	3.0					
22267.933	60.013999999999214	trials	24.0	22325.101666	22326.762768999997	22327.514232999998	22328.025987999998	22324.409437	22326.900381			3.0	2.0	0.0	3.0					
22330.811	18.322000000000116	trials	24.0	22344.731906999998	22345.822367999997	22346.800807	22347.095254	22344.105360999998	22346.202279999998	22347.508	22349.133	3.0	2.0	1.0	1.0					
22351.241	20.221999999997934	trials	24.0	22366.885638	22368.234436	22369.152468	22369.444540999997	22366.271318	22368.515481	22369.838	22371.463	3.0	2.0	1.0	1.0					
22374.548	21.75	trials	24.0	22391.892741	22393.008450999998	22393.902587999997	22394.056458	22391.061457	22393.283021	22394.508	22396.298	3.0	2.0	1.0	1.0					
22398.358	24.304000000000087	trials	24.0	22417.242126999998	22419.234654	22420.022229	22420.246164	22416.294264	22419.421652999998	22420.582	22422.662	3.0	2.0	1.0	1.0					
22426.702	14.286000000000058	trials	24.0	22437.822171	22439.785075	22440.620634	22441.049194	22436.985265	22439.938377			3.0	2.0	0.0	3.0					
22442.947	22.6349999999984	trials	24.0	22462.382776	22463.599641999997	22464.062525999998	22464.229002	22461.581377	22463.594115			3.0		0.0	2.0					
22468.607	21.190999999998894	trials	24.0	22486.142660999998	22487.80939			22485.264692999997	22487.804017			3.0		0.0	2.0					
22491.848	23.438999999998487	trials	24.0	22510.878751	22512.028272	22512.978034	22513.224479999997	22510.206924	22512.379018	22513.707	22515.287	3.0	2.0	1.0	1.0					
22517.352	20.0	trials	24.0	22534.977587999998	22536.068964	22536.901111	22537.4277	22534.412673	22536.317754			3.0	2.0	0.0	3.0					
22541.213	19.0	trials	24.0	22557.247011	22559.06926	22559.894718	22560.291416	22556.338203	22559.299554999998			3.0	2.0	0.0	3.0					
22563.152	24.635000000002037	trials	24.0	22584.027396999998	22585.856077999997	22586.594275	22586.939637	22583.393115	22585.852357			3.0		0.0	2.0					
22591.842	15.599999999998545	trials	24.0	22604.754364	22606.108126	22607.135319999998	22607.521053999997	22603.853859	22606.499327999998			3.0	2.0	0.0	3.0					
22609.401	59.86099999999715	trials	24.0	22666.192755	22668.039613999998	22668.900523	22669.342158	22665.383452	22668.290431999998			3.0	2.0	0.0	3.0					
22671.15	11.581999999998516	trials	24.0	22680.122626	22681.532723	22682.426606999998	22682.754623999997	22679.567703999997	22681.96765			3.0	1.0	0.0	3.0					
22685.742	38.681000000000495	trials	24.0	22719.464667	22721.305182999997	22722.126463	22722.388689	22718.843753999998	22721.489626	22722.747	22724.423	3.0	2.0	1.0	1.0					
22726.462	12.128000000000611	trials	24.0	22735.699088999998	22737.579705999997	22738.273568999997	22738.559161999998	22735.095291999998	22737.707598999998			3.0	1.0	0.0	3.0					
