onset	duration	nwb_table	block	tone_on_time	tone_off_time	action_on_time	action_off_time	pokeC_on_time	pokeC_off_time	reward_on_time	reward_off_time	state	action	reward	result	FinishedBlock	FirstTrial	LastTrial	RewardRule_L	RewardRule_R
3.832	435.695	BlockDesign														1.0	1.0	20.0	50.0	0.0
3.832	14.195	trials	1.0	13.119631	15.153056	16.353787	16.413035999999998	12.311855999999999	15.543568	17.092	18.027	2.0	1.0	1.0	1.0					
20.123	28.374	trials	1.0	43.850072999999995	45.776467	47.328706	48.522015999999994	43.206537999999995	46.511691			2.0	1.0	0.0	3.0					
50.677	6.645000000000003	trials	1.0	52.836483	53.991333	56.264245	57.347598000000005	52.06446	55.243854999999996			2.0	2.0	0.0	3.0					
60.574	21.963000000000008	trials	1.0	77.749709	79.06316	80.843183	81.059435	76.770845	80.032444	81.582	82.537	2.0	1.0	1.0	1.0					
85.553	51.33699999999999	trials	1.0	133.784985	135.449632	136.528046	136.826247	133.192936	135.737249			2.0	1.0	0.0	3.0					
138.942	6.385999999999996	trials	1.0	141.539866	143.357143	144.884415	145.33891599999998	140.773892	144.089162			2.0	1.0	0.0	3.0					
149.257	15.900000000000006	trials	1.0	155.32998899999998	156.456798	163.381158	163.779126	154.364533	162.483846	164.022	165.157	2.0	1.0	1.0	1.0					
167.177	17.77000000000001	trials	1.0	177.765724	179.147092	182.951512	183.150589	177.0196	182.004331	183.657	184.947	2.0	1.0	1.0	1.0					
187.018	35.0	trials	1.0	218.455261	220.442198	221.7192	221.974885	217.77311699999998	221.026027			2.0	1.0	0.0	3.0					
224.078	5.834000000000003	trials	1.0	226.257379	227.415601	229.307021	229.936207	225.641962	228.385387			2.0	2.0	0.0	3.0					
232.722	25.545999999999964	trials	1.0	253.226905	255.16306899999998	256.551397	256.80230400000005	252.408231	255.81306399999997	257.357	258.268	2.0	1.0	1.0	1.0					
262.344	19.99799999999999	trials	1.0	276.60086	278.59956400000004	280.323751	280.73476200000005	275.810328	279.41616600000003	280.912	282.342	2.0	1.0	1.0	1.0					
284.358	13.72399999999999	trials	1.0	293.17627600000003	294.913136	297.38258	298.106513	292.57378200000005	296.127967			2.0	1.0	0.0	3.0					
299.75	22.451999999999998	trials	1.0	317.020934	318.97793800000005	320.366372	320.71479400000004	316.17195000000004	319.59488200000004	320.978	322.202	2.0	1.0	1.0	1.0					
326.25	15.432999999999993	trials	1.0	337.181641	338.79470100000003	341.330528	341.64799600000003	336.32059300000003	340.40251600000005			2.0	1.0	0.0	3.0					
344.722	13.795999999999992	trials	1.0	353.276314	354.361413	357.849913	358.544573	352.746437	356.867898			2.0	2.0	0.0	3.0					
360.143	6.969000000000051	trials	1.0	362.955637	364.54949200000004	366.30918	367.138138	362.32982200000004	365.553871			2.0	1.0	0.0	3.0					
369.672	6.414999999999964	trials	1.0	371.596315	373.18333800000005	375.326591	375.62036400000005	370.493955	374.644069			2.0	1.0	0.0	3.0					
379.642	51.84500000000003	trials	1.0	428.056458	429.808216	430.790629	431.06180500000005	427.37118100000004	429.86049			2.0	2.0	0.0	3.0					
433.158	6.368999999999971	trials	1.0	434.775183	435.981832	437.816305	438.05785000000003	434.219689	437.046397	438.518	439.527	2.0	1.0	1.0	1.0					
443.594	643.953	BlockDesign														1.0	21.0	50.0	0.0	50.0
443.594	16.22800000000001	trials	2.0	453.798154	454.94604000000004	457.704489	458.19512100000003	453.195492	456.502243	458.362	459.822	3.0	2.0	1.0	1.0					
461.872	17.36500000000001	trials	2.0	473.26180300000004	474.76358500000003	476.928042	477.54757500000005	472.37931000000003	475.76218800000004	477.792	479.237	3.0	2.0	1.0	1.0					
481.298	15.555000000000007	trials	2.0	492.166509	494.097927	495.802631	496.88171500000004	491.37116100000003	494.433381			3.0	2.0	0.0	3.0					
499.112	7.769999999999982	trials	2.0	502.331542	503.50383600000004	506.458909	506.90814400000005	501.402286	505.64088000000004			3.0	1.0	0.0	3.0					
508.817	10.819999999999936	trials	2.0	513.736626	515.078155	517.563792	518.021395	512.973066	516.207634	518.247	519.637	3.0	2.0	1.0	1.0					
523.653	23.06899999999996	trials	2.0	541.911349	543.908631	545.5020020000001	545.519178	541.064176	544.511217			3.0	2.0	0.0	3.0					
548.962	8.259999999999991	trials	2.0	553.141939	554.238427	556.5263630000001	557.246631	552.627455	555.7470890000001			3.0	1.0	0.0	3.0					
558.837	28.79499999999996	trials	2.0	581.508297	583.468564	585.397693	586.070341	580.606792	584.163122	586.122	587.632	3.0	2.0	1.0	1.0					
591.677	22.80099999999993	trials	2.0	608.876476	610.3108090000001	613.80598	614.453484	608.253265	612.3262			3.0	2.0	0.0	3.0					
616.534	9.524000000000001	trials	2.0	622.541633	623.9291400000001	625.693498	626.0878250000001	621.8818630000001	624.96394			3.0	1.0	0.0	3.0					
629.085	6.432999999999993	trials	2.0	631.7771680000001	633.773647	634.7525860000001	635.545783	630.7951	634.007752			3.0	2.0	0.0	3.0					
637.097	23.095000000000027	trials	2.0	652.883494	654.5212270000001	657.8944670000001	658.307415	652.075811	656.0701270000001	658.527	660.192	3.0	2.0	1.0	1.0					
664.265	14.572000000000003	trials	2.0	673.3171980000001	674.92684	677.7746960000001	678.8623620000001	672.3338140000001	675.819371			3.0	2.0	0.0	3.0					
680.177	11.204999999999927	trials	2.0	686.15074	687.198721	690.691204	691.411226	685.1586590000001	689.8781220000001			3.0	1.0	0.0	3.0					
693.052	34.54399999999998	trials	2.0	721.467577	723.189346	727.151646	727.582531	720.587569	726.247251			3.0	1.0	0.0	3.0					
730.518	17.858999999999924	trials	2.0	743.412381	745.273984	746.258489	746.703076	742.7441680000001	745.598881	746.882	748.377	3.0	2.0	1.0	1.0					
750.472	25.17100000000005	trials	2.0	771.3077000000001	773.375796	774.440596	774.504487	770.635701	773.525538			3.0	2.0	0.0	3.0					
778.808	15.524000000000001	trials	2.0	787.263141	789.133584	792.130294	792.611314	786.447634	790.116177	792.787	794.332	3.0	2.0	1.0	1.0					
797.421	20.767999999999915	trials	2.0	812.517685	814.314661	817.45483	818.210788	811.927377	815.408079			3.0	2.0	0.0	3.0					
820.107	15.670000000000073	trials	2.0	828.898236	830.538948	833.744756	834.14166	828.167553	831.719269	834.342	835.777	3.0	2.0	1.0	1.0					
838.793	28.100000000000023	trials	2.0	862.089252	864.1119170000001	865.5324820000001	866.918778	861.275965	864.470536			3.0	2.0	0.0	3.0					
867.954	9.943000000000097	trials	2.0	872.3327320000001	873.6148450000001	875.988867	876.2650990000001	871.609267	874.396557	876.732	877.897	3.0	2.0	1.0	1.0					
881.942	24.164999999999964	trials	2.0	900.892978	902.646076	905.291829	906.137373	900.02734	903.373296			3.0	2.0	0.0	3.0					
907.612	29.014999999999986	trials	2.0	932.553229	933.794517	935.9025790000001	936.654027	931.8855510000001	935.089753			3.0	1.0	0.0	3.0					
938.267	11.409999999999968	trials	2.0	944.2784280000001	945.6292970000001	949.034263	949.706958	943.360039	947.059567			3.0	2.0	0.0	3.0					
953.403	7.543999999999983	trials	2.0	955.523008	957.024262	960.338127	960.9773650000001	954.968053	959.4644420000001			3.0	1.0	0.0	3.0					
962.786	14.272000000000048	trials	2.0	970.377969	972.4094690000001	975.012934	975.4353590000001	969.3774950000001	973.083628	975.802	977.058	3.0	2.0	1.0	1.0					
980.152	67.17499999999995	trials	2.0	1042.247925	1044.205324	1045.3621329999999	1045.5609729999999	1041.354913	1044.496755	1046.143	1047.327	3.0	2.0	1.0	1.0					
1051.343	15.543999999999869	trials	2.0	1062.078237	1063.794829	1066.148103	1066.917366	1061.19994	1064.260675			3.0	2.0	0.0	3.0					
1068.502	19.045000000000073	trials	2.0	1080.6751259999999	1082.231351	1085.2867119999999	1085.649804	1079.9155289999999	1083.323842	1085.947	1087.547	3.0	2.0	1.0	1.0					
1089.644	813.8879999999999	BlockDesign														1.0	51.0	90.0	50.0	50.0
1089.644	16.442999999999984	trials	3.0	1099.583193	1100.867284	1103.808423	1104.363361	1098.9109409999999	1101.3505349999998	1104.547	1106.087	3.0	2.0	1.0	1.0					
1108.152	16.299999999999955	trials	3.0	1117.510059	1118.765649	1123.5563559999998	1124.4800799999998	1116.7715919999998	1120.1838579999999			3.0	2.0	0.0	3.0					
1127.862	10.204999999999927	trials	3.0	1132.753194	1134.694792	1137.2808249999998	1138.09692	1132.123699	1136.3583489999999			3.0	1.0	0.0	3.0					
1140.625	7.287000000000035	trials	3.0	1142.35397	1144.2550179999998	1145.692617	1147.938715	1141.6485599999999	1144.686988			3.0	2.0	0.0	3.0					
1150.072	10.835000000000036	trials	3.0	1155.734215	1157.86303	1160.145372	1160.9351159999999	1155.1481319999998	1159.0547139999999			2.0	1.0	0.0	3.0					
1163.518	27.858999999999924	trials	3.0	1187.1352419999998	1188.5346729999999	1189.844056	1190.052856	1186.157949	1189.0220459999998	1190.603	1191.377	2.0	1.0	1.0	1.0					
1194.537	36.04500000000007	trials	3.0	1226.6987219999999	1228.600767	1229.8121079999999	1230.6114189999998	1225.9140869999999	1229.0190269999998			2.0	1.0	0.0	3.0					
1232.112	6.8599999999999	trials	3.0	1233.8589129999998	1234.968858	1237.551415	1237.646544	1232.740932	1236.470754			2.0	2.0	0.0	3.0					
1241.922	17.55600000000004	trials	3.0	1255.9742279999998	1257.316204	1258.824553	1259.5054229999998	1255.394981	1258.0413899999999			2.0	1.0	0.0	3.0					
1262.193	22.285000000000082	trials	3.0	1279.379868	1280.534923	1282.756365	1284.509466	1278.583357	1281.668315			3.0	2.0	0.0	3.0					
1285.122	14.230999999999995	trials	3.0	1295.359459	1296.963836	1298.6918549999998	1299.3835689999999	1294.7169749999998	1297.877419			2.0	1.0	0.0	3.0					
1301.07	19.182000000000016	trials	3.0	1314.4187519999998	1315.6061519999998	1318.459261	1318.66383	1313.82568	1317.59664	1319.198	1320.252	2.0	1.0	1.0	1.0					
1322.277	18.389999999999873	trials	3.0	1333.703949	1335.0858509999998	1338.5479719999998	1339.0433759999999	1332.971537	1336.5508929999999	1339.342	1340.667	3.0	2.0	1.0	1.0					
1343.684	14.768000000000029	trials	3.0	1352.9940689999999	1355.001478	1357.8054069999998	1358.479095	1352.4207549999999	1355.8298069999998			3.0	2.0	0.0	3.0					
1362.162	15.274999999999864	trials	3.0	1371.709189	1372.9415139999999	1375.596834	1375.8814679999998	1371.063804	1374.16149	1376.327	1377.437	3.0	2.0	1.0	1.0					
1380.517	14.194999999999936	trials	3.0	1388.215954	1389.736219	1394.4199059999999	1396.957798	1387.4464779999998	1391.2105299999998			2.0	2.0	0.0	3.0					
1396.722	20.40000000000009	trials	3.0	1412.154852	1413.5018289999998	1415.3812899999998	1415.624721	1411.616773	1414.570366	1416.042	1417.122	2.0	1.0	1.0	1.0					
1420.212	19.894999999999982	trials	3.0	1434.824668	1435.896679	1439.2924859999998	1440.1390959999999	1434.268867	1437.290223			3.0	2.0	0.0	3.0					
1443.662	13.509999999999991	trials	3.0	1452.579421	1454.343889	1455.460689	1455.702153	1451.829649	1454.640876	1456.183	1457.172	2.0	1.0	1.0	1.0					
1460.219	13.52800000000002	trials	3.0	1469.216225	1471.1233809999999	1473.0007269999999	1473.7783089999998	1468.4631969999998	1472.0447459999998			2.0	1.0	0.0	3.0					
1475.362	27.980000000000018	trials	3.0	1498.09136	1500.117065	1501.343545	1501.719699	1497.210685	1500.356877	1502.058	1503.342	3.0	2.0	1.0	1.0					
1507.432	17.62999999999988	trials	3.0	1520.904979	1522.3613409999998	1524.292857	1525.092138	1520.1221699999999	1523.2871819999998			2.0	1.0	0.0	3.0					
1527.643	25.368999999999915	trials	3.0	1548.5703569999998	1550.271888	1552.2148479999998	1553.0428499999998	1547.6580849999998	1550.478265			3.0	2.0	0.0	3.0					
1554.583	69.62400000000002	trials	3.0	1619.3055519999998	1620.746784	1622.1749639999998	1622.588581	1618.785289	1621.0220439999998	1622.812	1624.207	3.0	2.0	1.0	1.0					
1626.228	22.348999999999933	trials	3.0	1643.2051179999999	1644.629142	1646.1168269999998	1646.664016	1642.6081709999999	1645.0565769999998	1646.957	1648.577	3.0	2.0	1.0	1.0					
1651.603	10.638999999999896	trials	3.0	1658.305588	1659.739527	1661.501305	1662.2731749999998	1657.4061	1660.5487329999999			2.0	1.0	0.0	3.0					
1665.864	7.572999999999865	trials	3.0	1667.810698	1669.349025	1672.3507359999999	1672.803553	1666.755663	1669.845415			3.0	2.0	1.0	1.0					
1676.967	18.625	trials	3.0	1690.230805	1692.173022	1693.816852	1694.0876309999999	1689.2829359999998	1692.890796	1694.397	1695.592	2.0	1.0	1.0	1.0					
1697.656	13.121000000000095	trials	3.0	1705.450288	1706.760077	1709.6640189999998	1710.808889	1704.5726619999998	1707.142431			3.0	2.0	0.0	3.0					
1712.082	15.259999999999991	trials	3.0	1721.855599	1723.4235569999998	1725.383347	1725.7191719999998	1721.2968779999999	1724.521699	1726.207	1727.342	2.0	1.0	1.0	1.0					
1730.442	11.394999999999982	trials	3.0	1737.4157619999999	1738.737414	1741.0663419999998	1741.8675759999999	1736.80632	1740.0834849999999			2.0	1.0	0.0	3.0					
1745.429	10.577999999999975	trials	3.0	1750.1371649999999	1751.447496	1755.2165579999998	1756.009069	1749.212488	1752.30583			3.0	2.0	0.0	3.0					
1759.082	24.74499999999989	trials	3.0	1778.890966	1780.357656	1781.9442689999998	1782.2080899999999	1778.254939	1781.169379	1769.132	1783.827	2.0	1.0	1.0	1.0					
1785.878	14.864000000000033	trials	3.0	1795.8353619999998	1797.8821739999998	1798.998243	1799.2040399999998	1794.936919	1798.125267	1799.561	1800.742	2.0	1.0	1.0	1.0					
1804.762	15.529999999999973	trials	3.0	1813.56145	1815.522708	1817.8995719999998	1818.5713289999999	1812.95824	1815.831481	1818.652	1820.292	3.0	2.0	1.0	1.0					
1822.312	16.246000000000095	trials	3.0	1833.7106529999999	1834.897788	1837.8073749999999	1838.589892	1832.7291519999999	1835.54155			3.0	2.0	0.0	3.0					
1841.177	15.551000000000158	trials	3.0	1851.88069	1853.105382	1854.97777	1855.192372	1851.179917	1854.185595			2.0	1.0	0.0	3.0					
1859.317	5.6159999999999854	trials	3.0	1861.3758879999998	1862.492008	1863.9689919999998	1864.963288	1859.8501649999998	1862.885079			2.0	2.0	0.0	3.0					
1867.317	18.1400000000001	trials	3.0	1879.1015909999999	1880.500075	1884.31105	1884.7558709999998	1878.1846209999999	1881.807273			3.0	2.0	1.0	1.0					
1887.877	15.654999999999973	trials	3.0	1899.2958609999998	1901.1577169999998	1903.3345479999998	1903.562763	1898.683912	1901.502853			3.0	2.0	0.0	3.0					
1907.741	113.96600000000012	BlockDesign														1.0	91.0	95.0	0.0	0.0
1907.741	37.365999999999985	trials	4.0	1939.786527	1941.2830689999998	1944.4214319999999	1945.137675	1938.9488219999998	1941.990895			2.0	2.0	0.0	3.0					
1948.832	9.370999999999867	trials	4.0	1953.9210839999998	1956.074398	1957.5950859999998	1958.2348949999998	1953.36162	1956.734532			2.0	1.0	0.0	3.0					
1962.907	5.07100000000014	trials	4.0	1965.076171	1966.79902	1967.6952999999999	1967.901565	1963.2293639999998	1967.020953			2.0	1.0	0.0	3.0					
1971.052	24.75999999999999	trials	4.0	1989.726618	1990.848558	1995.086509	1995.8435769999999	1988.8458839999998	1992.0619829999998			2.0	2.0	0.0	3.0					
2000.457	21.25	trials	4.0	2018.041728	2019.650254	2021.6282489999999	2022.372451	2017.46443	2020.908661			2.0	1.0	0.0	3.0					
2025.073	97.7389999999998	BlockDesign														1.0	96.0	100.0	0.0	0.0
2025.073	6.4849999999999	trials	5.0	2027.0425209999999	2028.967447	2030.8217399999999	2031.586948	2025.578616	2029.302588			3.0	2.0	0.0	3.0					
2035.122	18.069999999999936	trials	5.0	2047.6965950000001	2049.097408	2052.5569370000003	2053.2247850000003	2047.176075	2050.3304230000003			3.0	2.0	0.0	3.0					
2055.957	24.795000000000073	trials	5.0	2071.866658	2073.351439	2078.4826660000003	2079.3752870000003	2071.100695	2075.9225810000003			3.0	2.0	0.0	3.0					
2081.808	13.764000000000124	trials	5.0	2089.8620260000002	2091.25832	2094.863265	2095.602066	2088.8921560000003	2092.622905			3.0	2.0	0.0	3.0					
2098.487	24.324999999999818	trials	5.0	2117.4117490000003	2118.5810730000003	2122.752144	2123.622006	2116.5405640000004	2119.8372280000003			3.0	2.0	0.0	3.0					
2127.332	918.71	BlockDesign														1.0	101.0	143.0	50.0	50.0
2127.332	24.53500000000031	trials	6.0	2148.72231	2149.7989000000002			2147.9127510000003	2149.788547			2.0		0.0	2.0					
2154.946	23.465999999999894	trials	6.0	2171.937436	2173.373935	2176.550067	2176.836804	2170.94466	2174.5913840000003	2177.292	2178.412	3.0	2.0	1.0	1.0					
2180.503	15.489999999999782	trials	6.0	2189.3621390000003	2190.992623	2194.130845	2194.516827	2188.567074	2191.3470850000003	2194.797	2195.993	3.0	2.0	1.0	1.0					
2200.082	19.245000000000346	trials	6.0	2210.6622890000003	2211.783982	2218.2795490000003	2218.310632	2209.939194	2212.611891			2.0	2.0	0.0	3.0					
2221.626	11.785999999999603	trials	6.0	2228.094055	2229.545553	2231.4724	2231.672893	2227.4665560000003	2230.6976600000003	2232.092	2233.412	2.0	1.0	1.0	1.0					
2235.442	18.0300000000002	trials	6.0	2249.1222740000003	2250.89928	2252.802033	2253.502183	2248.27972	2251.905679			2.0	1.0	0.0	3.0					
2256.155	9.797000000000025	trials	6.0	2260.043439	2261.7900010000003	2264.3392630000003	2265.983181	2259.3128140000003	2262.729417			3.0	2.0	0.0	3.0					
2266.707	9.008000000000266	trials	6.0	2271.1387790000003	2272.559679	2274.6710350000003	2274.980824	2270.59375	2273.974726			3.0	1.0	0.0	3.0					
2279.031	42.30099999999993	trials	6.0	2317.892875	2319.2751660000004			2316.9648030000003	2319.2668820000004			3.0		0.0	2.0					
2323.347	11.96499999999969	trials	6.0	2328.8375760000004	2330.88411	2333.235571	2333.682541	2328.094149	2331.745714	2333.942	2335.312	3.0	2.0	1.0	1.0					
2338.328	16.903999999999996	trials	6.0	2351.6929680000003	2353.2161020000003	2354.551257	2355.265093	2350.836976	2353.781284			2.0	1.0	0.0	3.0					
2356.977	6.309999999999945	trials	6.0	2359.0688910000003	2360.138499	2361.946387	2363.318926	2358.2264020000002	2360.812734			2.0	2.0	0.0	3.0					
2364.314	32.69300000000021	trials	6.0	2392.7078500000002	2394.537928	2395.376812	2395.647214	2391.8252270000003	2394.742392	2396.097	2397.007	2.0	1.0	1.0	1.0					
2401.024	10.358000000000175	trials	6.0	2407.344666	2408.499588	2410.584679	2411.414178	2406.6367330000003	2409.8667640000003			2.0	1.0	0.0	3.0					
2413.937	15.474999999999909	trials	6.0	2423.083054	2424.5720490000003	2427.8838290000003	2429.446045	2422.1624810000003	2426.4515490000003			3.0	2.0	0.0	3.0					
2431.222	46.24499999999989	trials	6.0	2473.153699	2474.4166950000003	2475.718476	2475.808489	2472.3430470000003	2475.04257			3.0	2.0	0.0	3.0					
2478.012	35.3449999999998	trials	6.0	2508.499762	2510.0159830000002	2512.3286900000003	2512.7491130000003	2507.891322	2511.4346560000004			2.0	1.0	1.0	1.0					
2517.893	14.884000000000015	trials	6.0	2528.1329140000003	2530.12498	2531.8147790000003	2532.8110610000003	2527.4961230000004	2530.900533			2.0	1.0	0.0	3.0					
2535.177	15.255999999999858	trials	6.0	2544.9034890000003	2546.5567060000003	2548.1537000000003	2548.5558760000004	2543.966487	2546.8436100000004	2548.79	2550.433	3.0	2.0	1.0	1.0					
2552.5	16.14300000000003	trials	6.0	2561.8987540000003	2563.608033	2566.3477510000002	2566.911732	2561.318268	2564.302345	2567.002	2568.643	3.0	2.0	1.0	1.0					
2571.763	15.56899999999996	trials	6.0	2581.203586	2582.315707	2586.77461	2587.3644520000003	2580.326235	2582.742507			2.0	2.0	0.0	3.0					
2589.137	36.99499999999989	trials	6.0	2620.743798	2622.490245	2623.8091990000003	2626.1660650000003	2619.834213	2622.774198			3.0	2.0	0.0	3.0					
2627.158	8.119000000000142	trials	6.0	2630.373868	2632.400047	2633.385486	2633.7813850000002	2629.601326	2632.657702	2634.183	2635.277	2.0	1.0	1.0	1.0					
2639.332	19.745000000000346	trials	6.0	2655.5835770000003	2657.5048810000003	2658.6122800000003	2659.11301	2654.8682160000003	2657.876419			3.0	1.0	0.0	3.0					
2662.968	7.554000000000087	trials	6.0	2665.963605	2668.003917	2669.6829350000003	2670.555718	2664.974467	2668.237423			3.0	2.0	0.0	3.0					
2672.972	35.48999999999978	trials	6.0	2701.154997	2702.949838	2706.378201	2706.8145200000004	2700.1688040000004	2703.6767750000004	2707.143	2708.462	3.0	2.0	1.0	1.0					
2710.537	12.925000000000182	trials	6.0	2717.364078	2719.2963750000004	2721.317701	2721.776815	2716.389685	2720.2498170000003	2722.097	2723.462	2.0	1.0	1.0	1.0					
2726.512	14.034999999999854	trials	6.0	2734.623897	2735.8079970000003	2740.008601	2740.582661	2733.8019240000003	2736.430245			3.0	2.0	0.0	3.0					
2743.362	23.50500000000011	trials	6.0	2762.9843800000003	2764.8735180000003	2766.2726580000003	2766.899479	2762.4470260000003	2765.437186			2.0	1.0	0.0	3.0					
2770.595	5.217000000000098	trials	6.0	2772.418956	2774.162914	2775.472546	2775.734343	2770.955676	2774.70201			2.0	1.0	0.0	3.0					
2777.844	21.597999999999956	trials	6.0	2789.0999420000003	2790.854907	2797.2050790000003	2797.723848	2788.1431380000004	2792.3778930000003	2798.137	2799.442	3.0	2.0	1.0	1.0					
2801.462	20.865000000000236	trials	6.0	2813.4086810000003	2815.5909140000003	2821.8270820000002	2822.363287	2812.611434	2817.721762			2.0	2.0	0.0	3.0					
2825.128	52.233999999999924	trials	6.0	2870.3272340000003	2871.4808470000003	2875.274448	2875.8561750000003	2869.512979	2872.89642	2875.962	2877.362	3.0	2.0	1.0	1.0					
2879.378	14.483999999999924	trials	6.0	2889.255843	2890.5820390000003	2892.9983810000003	2893.8950600000003	2888.41476	2891.0553210000003			3.0	2.0	0.0	3.0					
2896.357	6.746000000000095	trials	6.0	2898.945517	2900.8966570000002	2902.47948	2903.137777	2898.419387	2901.6803090000003			2.0	1.0	0.0	3.0					
2906.787	7.106000000000222	trials	6.0	2908.78999	2909.9462780000003	2912.8952280000003	2913.927988	2907.359715	2910.508605			3.0	2.0	0.0	3.0					
2915.272	18.996000000000095	trials	6.0	2927.960106	2929.706638	2932.242335	2932.654102	2927.0415150000003	2931.224052	2932.978	2934.268	2.0	1.0	1.0	1.0					
2937.403	15.389000000000124	trials	6.0	2947.2003950000003	2948.60703	2950.9431710000003	2951.250453	2946.394092	2950.0044780000003	2951.597	2952.792	2.0	1.0	1.0	1.0					
2954.817	14.650000000000091	trials	6.0	2965.619896	2967.247068	2968.745605	2969.503479	2965.0065240000004	2967.8501800000004			2.0	1.0	0.0	3.0					
2973.141	8.516000000000076	trials	6.0	2975.410054	2977.1616900000004	2979.5511530000003	2979.968064	2974.540965	2977.71925	2980.268	2981.657	3.0	2.0	1.0	1.0					
2983.737	12.105000000000018	trials	6.0	2990.46022	2992.2322160000003			2989.631829	2992.2285340000003			3.0		0.0	2.0					
2996.312	24.970000000000255	trials	6.0	3015.9755010000003	3017.253381	3019.108933	3019.661512	3015.2568370000004	3018.0764670000003	3019.763	3021.282	2.0	1.0	1.0	1.0					
3025.302	20.73999999999978	trials	6.0	3043.064433	3044.524872	3045.942061	3046.4717920000003	3042.3141640000003	3045.120817			3.0	1.0	0.0	3.0					
3048.252	1596.9100000000003	BlockDesign														1.0	144.0	215.0	50.0	10.0
3048.252	73.64100000000008	trials	7.0	3116.096151	3117.827921	3119.050193	3119.851951	3115.5455230000002	3118.437171			1.0	1.0	0.0	3.0					
3122.287	5.580000000000382	trials	7.0	3124.0861840000002	3126.0814210000003	3126.9233090000002	3127.9719	3121.997476	3126.288813			1.0	2.0	0.0	3.0					
3129.23	23.847000000000207	trials	7.0	3148.1755850000004	3149.584588	3151.384957	3151.714433	3147.536536	3150.669425	3151.917	3153.077	1.0	1.0	1.0	1.0					
3156.097	17.48999999999978	trials	7.0	3169.82953	3171.183562	3172.9907890000004	3173.693131	3169.155607	3172.223264			1.0	1.0	0.0	3.0					
3175.222	14.0649999999996	trials	7.0	3184.199779	3185.8170410000002	3187.338968	3189.3933770000003	3183.389966	3186.409798			1.0	2.0	0.0	3.0					
3191.567	41.57600000000002	trials	7.0	3228.720365	3230.032031	3232.3559050000003	3233.24845	3228.1762940000003	3230.481098			1.0	2.0	0.0	3.0					
3234.677	6.380999999999858	trials	7.0	3237.4803	3239.5388940000003	3240.523928	3241.163876	3236.575135	3239.8722420000004			1.0	1.0	0.0	3.0					
3244.781	24.260999999999967	trials	7.0	3262.891243	3264.8137760000004	3267.0852790000004	3267.3593600000004	3261.888695	3266.2581370000003	3267.728	3269.042	1.0	1.0	1.0	1.0					
3272.06	14.447000000000116	trials	7.0	3280.3653830000003	3282.042346	3284.4660980000003	3284.7885380000002	3279.7114490000004	3283.451837	3285.082	3286.507	1.0	1.0	1.0	1.0					
3290.567	11.945000000000164	trials	7.0	3297.7118140000002	3298.901345	3302.058356	3302.6170570000004	3296.949383	3300.8800730000003			1.0	1.0	0.0	3.0					
3305.302	11.275000000000091	trials	7.0	3310.991137	3312.4324840000004	3315.62789	3316.684894	3310.2470900000003	3313.2281770000004			1.0	2.0	0.0	3.0					
3317.854	29.133000000000266	trials	7.0	3341.7162310000003	3343.2966020000003	3346.411163	3347.09515	3340.786133	3345.5210530000004			1.0	1.0	0.0	3.0					
3349.656	11.68600000000015	trials	7.0	3354.805913	3356.2773620000003	3360.270026	3361.445342	3353.8167660000004	3357.1865350000003			1.0	2.0	0.0	3.0					
3364.625	83.99200000000019	trials	7.0	3445.151212	3446.652614	3447.7832510000003	3448.7250900000004	3444.241417	3447.0143420000004			1.0	2.0	0.0	3.0					
3452.002	9.769999999999982	trials	7.0	3457.394861	3459.464597	3461.1329720000003	3461.8787890000003	3456.681148	3460.1035300000003			1.0	2.0	0.0	3.0					
3464.493	40.19900000000007	trials	7.0	3500.4214970000003	3501.957907	3504.300865	3504.8001940000004	3499.7041940000004	3502.534316			1.0	2.0	0.0	3.0					
3508.552	14.109999999999673	trials	7.0	3516.977228	3518.968609	3520.629616	3521.096047	3516.382837	3519.755681	3521.157	3522.662	1.0	1.0	1.0	1.0					
3524.717	14.80099999999993	trials	7.0	3532.3465480000004	3533.7602380000003	3537.1108670000003	3537.575654	3531.57785	3534.8233010000004	3537.762	3539.518	1.0	2.0	1.0	1.0					
3541.558	13.003000000000156	trials	7.0	3548.9414140000003	3550.73315	3553.9455980000002	3554.662926	3547.982684	3551.431465			1.0	2.0	0.0	3.0					
3558.548	6.889000000000124	trials	7.0	3560.5714190000003	3562.267256	3563.512592	3563.9481650000002	3558.9648650000004	3562.678636	3564.077	3565.437	1.0	1.0	1.0	1.0					
3567.567	18.13000000000011	trials	7.0	3580.1066410000003	3582.0140680000004	3583.690936	3584.055679	3579.554371	3582.809706	3584.197	3585.697	1.0	1.0	1.0	1.0					
3589.797	13.175000000000182	trials	7.0	3597.712955	3599.623875	3601.009986	3601.471398	3596.7784340000003	3600.189069	3601.637	3602.972	1.0	1.0	1.0	1.0					
3606.988	12.689000000000306	trials	7.0	3615.866312	3617.6094820000003	3619.1212160000005	3619.785535	3615.163719	3618.306818			1.0	1.0	0.0	3.0					
3622.382	12.590000000000146	trials	7.0	3629.111627	3630.7136950000004	3634.3377020000003	3635.0775040000003	3628.5685230000004	3631.7285930000003			1.0	2.0	0.0	3.0					
3636.597	19.154999999999745	trials	7.0	3650.246751	3652.1232250000003	3653.789114	3654.159176	3649.350076	3653.081791	3654.342	3655.752	1.0	1.0	1.0	1.0					
3658.842	12.944999999999709	trials	7.0	3666.5770330000005	3668.4288610000003	3669.5657420000002	3670.0625450000002	3665.659935	3668.8189850000003	3670.112	3671.787	1.0	1.0	1.0	1.0					
3673.808	12.394000000000233	trials	7.0	3680.682014	3682.451464	3684.358043	3684.646984	3680.1625190000004	3683.466793	3684.992	3686.202	1.0	1.0	1.0	1.0					
3690.287	42.625	trials	7.0	3729.967364	3731.5139130000002	3732.460117	3733.020383	3729.3801160000003	3731.7144070000004			1.0	1.0	0.0	3.0					
3735.738	11.314000000000306	trials	7.0	3742.8024800000003	3744.191758	3746.454145	3747.1573040000003	3741.968417	3744.821617			1.0	2.0	0.0	3.0					
3749.747	4.880000000000109	trials	7.0	3751.717516	3753.085959	3754.0519910000003	3754.733615	3750.163187	3753.3455360000003			1.0	1.0	0.0	3.0					
3758.339	13.008000000000266	trials	7.0	3766.062343	3767.4587680000004	3770.5682020000004	3771.4559600000002	3765.3763820000004	3768.7138160000004			1.0	2.0	0.0	3.0					
3772.927	10.215999999999894	trials	7.0	3779.762423	3781.5348470000004	3782.790943	3783.246964	3779.037999	3782.0221490000004			1.0	1.0	0.0	3.0					
3786.14	19.76700000000028	trials	7.0	3800.1022390000003	3802.1504440000003	3805.3494800000003	3805.9928390000005	3799.3432080000002	3804.515134			1.0	1.0	0.0	3.0					
3808.917	7.329999999999927	trials	7.0	3810.558413	3812.282884	3815.31023	3816.356513	3809.541526	3813.0300110000003			1.0	2.0	0.0	3.0					
3819.6	67.04700000000003	trials	7.0	3881.133025	3883.144663	3886.174707	3886.707965	3880.482728	3883.959647			1.0	2.0	0.0	3.0					
3889.657	6.835000000000036	trials	7.0	3891.3574000000003	3892.5297280000004	3894.541107	3894.923079	3890.118554	3893.7074780000003	3895.257	3896.492	1.0	1.0	1.0	1.0					
3898.512	16.61999999999989	trials	7.0	3909.2140040000004	3910.4013250000003	3913.421068	3913.659329	3908.323151	3912.46817	3914.122	3915.132	1.0	1.0	1.0	1.0					
3919.152	30.125	trials	7.0	3945.9234560000004	3947.1014560000003	3948.778643	3949.387297	3944.940028	3948.015907			1.0	1.0	0.0	3.0					
3951.007	15.654999999999745	trials	7.0	3962.063191	3963.755873	3966.0961880000004	3966.158711	3961.0643470000005	3964.8644750000003			1.0	2.0	0.0	3.0					
3968.332	16.18600000000015	trials	7.0	3979.5080740000003	3981.4960710000005	3984.234131	3984.525035	3978.5357780000004	3982.803499			1.0	2.0	0.0	3.0					
3986.567	11.425000000000182	trials	7.0	3991.658201	3993.6595180000004	3996.075776	3996.345706	3991.005368	3995.3578380000004	3996.643	3997.992	1.0	1.0	1.0	1.0					
4000.018	13.804000000000087	trials	7.0	4008.2074030000003	4010.131378	4011.133541	4011.805162	4007.2308540000004	4010.3906260000003			1.0	1.0	0.0	3.0					
4014.472	6.9399999999996	trials	7.0	4016.518496	4018.2505570000003	4019.8500670000003	4021.5195620000004	4013.9283290000003	4018.610212			1.0	2.0	0.0	3.0					
4023.133	12.989000000000033	trials	7.0	4031.6879400000003	4033.061264	4035.3125450000002	4036.229533	4030.826845	4034.489801			1.0	1.0	0.0	3.0					
4039.615	6.443000000000211	trials	7.0	4041.548393	4043.529704	4045.7976590000003	4046.040446	4039.787114	4045.1511290000003			1.0	1.0	0.0	3.0					
4049.127	21.450000000000273	trials	7.0	4066.202713	4068.0624070000003	4069.9831480000003	4070.6839480000003	4065.352003	4069.2020030000003			1.0	1.0	0.0	3.0					
4072.283	10.878999999999905	trials	7.0	4078.868152	4080.4046120000003	4082.323991	4083.2696450000003	4077.9561670000003	4081.0064110000003			1.0	2.0	0.0	3.0					
4086.64	26.70699999999988	trials	7.0	4109.2030190000005	4110.444841	4112.735687	4113.452783000001	4108.48056	4111.992026			1.0	1.0	0.0	3.0					
4115.957	5.0349999999998545	trials	7.0	4117.863529	4119.376184000001	4120.7737	4123.226210000001	4116.44977	4119.665506			1.0	2.0	0.0	3.0					
4123.015	13.002999999999702	trials	7.0	4131.343787	4133.168289	4135.399287	4136.125463	4130.43031	4134.604129			1.0	1.0	0.0	3.0					
4138.703	19.958999999999833	trials	7.0	4153.943576	4155.527084	4157.818004000001	4158.771304	4153.089925	4156.994070000001			1.0	1.0	0.0	3.0					
4160.105	11.49200000000019	trials	7.0	4163.424092	4165.140514000001	4169.758822	4170.11808	4162.759307	4167.215878	4170.407	4171.597	1.0	2.0	1.0	1.0					
4174.612	20.854999999999563	trials	7.0	4189.71503	4190.949971	4194.279284	4195.574179	4189.041065	4192.0571			1.0	2.0	0.0	3.0					
4198.609	27.497999999999593	trials	7.0	4221.023989	4222.265933000001	4224.291748	4224.699488	4220.160886	4223.468369	4224.887	4226.107	1.0	1.0	1.0	1.0					
4230.152	25.701000000000022	trials	7.0	4249.85858	4251.543465000001	4253.372639	4253.66065	4249.340851	4252.545083	4253.957	4255.853	1.0	1.0	1.0	1.0					
4257.902	18.1899999999996	trials	7.0	4273.303906	4274.530552	4275.737599	4276.201660000001	4272.502984000001	4274.894357			1.0	1.0	0.0	3.0					
4277.953	9.175999999999476	trials	7.0	4282.340144	4284.280484	4286.774402	4287.2384950000005	4281.665999000001	4284.678863			1.0	2.0	0.0	3.0					
4290.058	12.804000000000087	trials	7.0	4297.95363	4299.291556	4301.192324	4301.373656	4297.237288	4300.23712	4301.702	4302.862	1.0	1.0	1.0	1.0					
4307.015	27.206999999999425	trials	7.0	4330.864217	4332.540506	4333.628335	4334.328814	4329.914374	4332.913418			1.0	1.0	0.0	3.0					
4337.002	6.960000000000036	trials	7.0	4339.068845	4340.995553000001	4342.968676	4344.070927000001	4337.743832	4341.326225000001			1.0	2.0	0.0	3.0					
4347.244	13.478000000000065	trials	7.0	4355.729077	4356.907883	4360.088364	4360.829491	4355.044745	4359.180296			1.0	1.0	0.0	3.0					
4364.347	15.195000000000618	trials	7.0	4375.24408	4376.350984000001	4377.768533	4378.022059	4374.480243	4377.035614	4378.382	4379.542	1.0	1.0	1.0	1.0					
4381.628	35.54899999999998	trials	7.0	4413.729233	4415.791603	4416.960688	4417.244113000001	4413.063011	4416.108329000001			1.0	1.0	0.0	3.0					
4419.183	11.59900000000016	trials	7.0	4424.059567	4425.625955	4430.164153	4430.891078000001	4423.317521	4426.39901			1.0	2.0	0.0	3.0					
4434.521	11.641999999999825	trials	7.0	4440.069737	4441.136483	4444.389455	4444.634258	4439.553964000001	4442.977469	4445.052	4446.163	1.0	1.0	1.0	1.0					
4450.222	50.25600000000031	trials	7.0	4497.301037	4498.827014	4499.995397000001	4500.448214	4496.705192	4499.357318			1.0	1.0	0.0	3.0					
4503.282	24.23999999999978	trials	7.0	4522.6242760000005	4524.472966	4525.899091	4526.127431	4521.924317	4525.254044	4507.702	4527.522	1.0	1.0	1.0	1.0					
4529.542	26.375	trials	7.0	4552.765075	4554.188277	4555.180192	4555.3299910000005	4552.001524	4554.48713			1.0	1.0	0.0	3.0					
4559.532	10.954999999999927	trials	7.0	4567.0701850000005	4568.232577000001	4569.837295	4570.596037	4566.224381	4568.9930030000005			1.0	1.0	0.0	3.0					
4572.128	16.324000000000524	trials	7.0	4583.805583	4584.956573	4586.698274	4586.954065	4582.936906	4585.890821	4587.393	4588.452	1.0	1.0	1.0	1.0					
4592.537	24.75	trials	7.0	4613.145323000001	4614.633242	4615.652561	4615.847728000001	4612.3113650000005	4614.925555	4616.342	4617.287	1.0	1.0	1.0	1.0					
4620.368	24.79399999999987	trials	7.0	4640.994851	4642.219797	4643.533571	4643.729195	4640.415997	4642.732559	4644.087	4645.162	1.0	1.0	1.0	1.0					
4647.302	742.9300000000003	BlockDesign														1.0	216.0	251.0	50.0	90.0
4647.302	42.86500000000069	trials	8.0	4685.890544	4687.164208	4688.345382	4688.641322	4684.9656620000005	4687.571624	4689.037	4690.167	1.0	1.0	1.0	1.0					
4693.262	62.67500000000018	trials	8.0	4751.995175	4753.1994	4754.225818	4754.514425	4751.410589	4753.500814	4755.037	4755.937	1.0	1.0	1.0	1.0					
4759.957	20.61999999999989	trials	8.0	4777.15013	4779.134871	4779.946217000001	4780.686425	4776.294043	4779.279878			1.0	1.0	0.0	3.0					
4782.183	11.673999999999978	trials	8.0	4789.1407340000005	4791.182702	4792.25023	4792.425868	4788.379150000001	4791.5189470000005	4792.757	4793.857	1.0	1.0	1.0	1.0					
4796.877	19.824999999999818	trials	8.0	4814.316043000001	4815.725495000001	4816.432219	4816.647095	4813.4998160000005	4815.722998			1.0	1.0	0.0	3.0					
4820.709	11.938000000000102	trials	8.0	4826.620835	4827.75541	4829.525029	4829.971139	4825.903708	4828.667597			1.0	1.0	0.0	3.0					
4832.822	7.845000000000255	trials	8.0	4834.926047	4836.577391000001	4838.4820930000005	4839.054056	4832.92123	4836.889855	4839.162	4840.667	1.0	2.0	1.0	1.0					
4842.707	23.86499999999978	trials	8.0	4861.646728	4863.424124	4864.727203	4864.99093	4860.695326	4863.9793660000005	4865.527	4866.572	1.0	1.0	1.0	1.0					
4870.656	33.41600000000017	trials	8.0	4898.780927	4899.989668	4901.952881	4902.433712	4897.997252	4900.561945	4902.507	4904.072	1.0	2.0	1.0	1.0					
4908.177	14.94000000000051	trials	8.0	4919.8208890000005	4921.440359	4922.550223	4923.229283000001	4918.879732	4921.768621			1.0	1.0	0.0	3.0					
4924.877	9.515999999999622	trials	8.0	4927.476433	4929.497404	4932.44923	4932.6788750000005	4926.747839	4930.384301	4933.097	4934.393	1.0	2.0	1.0	1.0					
4937.427	17.566000000000713	trials	8.0	4948.632824	4950.374646	4952.505787	4953.3267430000005	4947.896396	4951.118963	4953.097	4954.993	1.0	2.0	1.0	1.0					
4959.012	13.131000000000313	trials	8.0	4965.99598	4967.7191410000005	4969.689367	4972.172375	4965.09673	4968.1346650000005			1.0	2.0	0.0	3.0					
4973.967	8.261000000000422	trials	8.0	4977.396485	4979.1881300000005	4980.331997	4980.564920000001	4976.765516	4979.513722	4980.907	4982.228	1.0	1.0	1.0	1.0					
4985.203	37.93399999999929	trials	8.0	5018.547856	5019.69725	5021.277323	5021.566065	5017.628695	5020.518092	5021.827	5023.137	1.0	1.0	1.0	1.0					
5026.157	9.430000000000291	trials	8.0	5031.626611	5033.525939	5035.077028	5035.699457000001	5030.890379	5034.347861			1.0	1.0	0.0	3.0					
5038.302	9.94000000000051	trials	8.0	5042.392277	5043.990697	5046.303448000001	5046.658927	5041.662842	5045.1722740000005	5046.947	5048.242	1.0	2.0	1.0	1.0					
5052.287	12.109999999999673	trials	8.0	5058.122128	5059.1868460000005	5062.022513	5062.665917	5057.252977	5060.2058050000005	5062.717	5064.397	1.0	2.0	1.0	1.0					
5066.417	14.509999999999309	trials	8.0	5075.173058	5076.466061	5078.5488430000005	5079.249322	5074.465144	5077.374881	5079.212	5080.927	1.0	2.0	1.0	1.0					
5084.948	16.613999999999578	trials	8.0	5094.607043	5096.085838	5099.260231	5099.842226000001	5093.633839	5097.198629	5099.893	5101.562	1.0	2.0	1.0	1.0					
5104.632	13.395000000000437	trials	8.0	5110.521877	5111.791749	5115.735649	5116.077772000001	5109.588965000001	5113.007176	5116.347	5118.027	1.0	2.0	1.0	1.0					
5120.078	14.91399999999976	trials	8.0	5129.236792	5130.679553	5132.733239	5133.363066	5128.515954	5131.5528269999995	5133.427	5134.992	1.0	2.0	1.0	1.0					
5139.078	8.009000000000015	trials	8.0	5142.552815	5143.995358	5146.3106530000005	5147.200366	5141.989061	5145.426924			1.0	1.0	0.0	3.0					
5150.652	10.095000000000255	trials	8.0	5152.432492	5154.399221	5158.407988000001	5158.994465	5151.066242000001	5155.662212	5159.107	5160.747	1.0	2.0	1.0	1.0					
5163.817	23.475000000000364	trials	8.0	5181.528065	5182.809427	5184.721598	5185.654165	5180.9651890000005	5183.596838	5185.242	5187.292	1.0	2.0	1.0	1.0					
5191.381	15.790999999999258	trials	8.0	5202.093895	5203.705896	5204.954896	5205.400064	5201.107859	5204.005307	5205.547	5207.172	1.0	2.0	1.0	1.0					
5209.189	14.337999999999738	trials	8.0	5215.227823	5217.059333	5221.320211	5221.776293000001	5214.70993	5218.098233000001	5221.887	5223.527	1.0	2.0	1.0	1.0					
5225.543	12.864000000000487	trials	8.0	5232.759194	5234.380502	5235.980981000001	5236.625161	5231.944613	5234.916037000001	5236.558	5238.407	1.0	2.0	1.0	1.0					
5242.487	22.63500000000022	trials	8.0	5259.647787	5261.522963	5263.022704000001	5263.438088000001	5259.020585	5261.683823	5263.652	5265.122	1.0	2.0	1.0	1.0					
5268.143	10.25	trials	8.0	5275.822334	5275.834351			5275.150581	5275.826339			1.0		0.0	2.0					
5279.781	13.14599999999973	trials	8.0	5288.872382	5290.589497000001	5292.587534	5293.040552	5288.127665	5291.740128			1.0	1.0	0.0	3.0					
5295.892	8.041000000000167	trials	8.0	5298.563276000001	5300.517492000001	5301.651412	5301.73081	5297.61844	5300.792258	5302.347	5303.933	1.0	2.0	1.0	1.0					
5308.022	13.430000000000291	trials	8.0	5316.002225	5317.529564	5320.209995	5321.563146	5315.163177	5318.110507			1.0	2.0	0.0	3.0					
5322.553	28.84600000000046	trials	8.0	5347.742873	5349.654911	5350.856063	5351.509825	5346.923726	5349.900619			1.0	1.0	0.0	3.0					
5353.133	21.01000000000022	trials	8.0	5367.501439	5368.66852	5371.822757	5372.455534000001	5366.821868	5370.413108000001	5372.382	5374.143	1.0	2.0	1.0	1.0					
5377.187	13.045000000000073	trials	8.0	5384.377952000001	5386.315956	5387.674012	5388.266414	5383.6322	5386.663691	5388.297	5390.232	1.0	2.0	1.0	1.0					
5394.252	148.66799999999967	BlockDesign														1.0	252.0	256.0	0.0	0.0
5394.252	10.30999999999949	trials	9.0	5398.283152	5399.838443000001	5402.908653	5404.676479	5397.469220000001	5400.341873			1.0	2.0	0.0	3.0					
5406.207	9.134999999999309	trials	9.0	5410.424505000001	5411.715449	5414.668451	5415.454193	5409.434489	5413.735546			1.0	1.0	0.0	3.0					
5418.003	83.85900000000038	trials	9.0	5498.4339820000005	5499.677534	5500.777238000001	5500.828047000001	5497.65726	5500.019851			1.0	2.0	0.0	3.0					
5505.153	15.943999999999505	trials	9.0	5517.833546	5519.445568	5520.828125	5521.027185000001	5517.2472099999995	5520.111172000001			1.0	1.0	0.0	3.0					
5524.107	18.813000000000102	trials	9.0	5526.043204	5527.825304			5524.446547	5528.235299			1.0	1.0	0.0	3.0					
5547.232	342.1800000000003	BlockDesign														1.0	257.0	280.0	90.0	50.0
5547.232	5.246000000000095	trials	10.0	5548.957004	5550.096552000001	5550.874745	5551.112809	5546.499373000001	5550.257888	5551.457	5552.478	1.0	1.0	1.0	1.0					
5555.567	14.6850000000004	trials	10.0	5564.510168000001	5566.090322	5567.957786000001	5568.464363	5563.851749	5566.816024	5568.547	5570.252	1.0	2.0	1.0	1.0					
5574.337	8.454999999999927	trials	10.0	5578.179461	5579.710504000001	5581.673591000001	5582.905519	5577.565465	5580.527711000001			1.0	2.0	0.0	3.0					
5585.957	7.944999999999709	trials	10.0	5587.939633	5589.4433690000005	5592.144558	5592.417278000001	5586.484864	5591.206316	5592.697	5593.902	1.0	1.0	1.0	1.0					
5597.988	14.748999999999796	trials	10.0	5607.184108	5608.535708	5610.744106	5611.123064	5606.298947	5609.835424000001	5611.393	5612.737	1.0	1.0	1.0	1.0					
5615.818	11.764000000000124	trials	10.0	5622.229351	5623.641142	5625.616867000001	5625.826025	5621.264749	5624.715521	5626.037	5627.582	1.0	1.0	1.0	1.0					
5629.652	12.104999999999563	trials	10.0	5638.800467	5638.8406780000005			5637.837554	5638.835312			1.0		0.0	2.0					
5643.942	11.951000000000022	trials	10.0	5649.439609	5651.0597450000005	5653.983698	5654.341261	5648.931071000001	5653.148879	5654.597	5655.893	1.0	1.0	1.0	1.0					
5658.927	34.99000000000069	trials	10.0	5689.389746000001	5691.211667	5692.152466	5692.45975	5688.665709000001	5691.488564	5692.927	5693.917	1.0	1.0	1.0	1.0					
5697.002	12.015999999999622	trials	10.0	5704.564641000001	5706.181751	5707.217135000001	5707.542506	5703.618640000001	5706.4755079999995	5707.853	5709.018	1.0	1.0	1.0	1.0					
5712.037	9.675000000000182	trials	10.0	5716.934585000001	5718.657965	5719.92341	5720.0998	5716.059475	5719.169109	5720.412	5721.712	1.0	1.0	1.0	1.0					
5725.797	8.960000000000036	trials	10.0	5731.017578000001	5732.686841000001	5734.15625	5734.86961	5730.434041	5733.409234000001			1.0	1.0	0.0	3.0					
5738.433	10.298999999999978	trials	10.0	5740.624172	5741.722644	5746.482182	5746.959407	5739.634823	5743.5981520000005	5747.072	5748.732	1.0	2.0	1.0	1.0					
5751.747	10.649999999999636	trials	10.0	5757.015406	5758.586156	5760.647234	5760.924922	5756.216452000001	5759.804784	5761.353	5762.397	1.0	1.0	1.0	1.0					
5764.469	13.542999999999665	trials	10.0	5770.749499	5771.927898	5774.288077	5775.098736	5770.009628	5772.917374000001			1.0	2.0	0.0	3.0					
5778.585	5.300000000000182	trials	10.0	5780.504744	5782.400972	5783.244208	5783.564362	5778.128773	5782.493678000001			1.0	1.0	0.0	3.0					
5786.469	8.443000000000211	trials	10.0	5790.869807	5792.70337	5793.966223	5795.027572000001	5789.900170000001	5793.154333			1.0	2.0	0.0	3.0					
5796.313	12.588999999999942	trials	10.0	5803.47121	5805.182494000001	5807.140962	5807.299795000001	5802.899023	5806.333714	5807.637	5808.902	1.0	1.0	1.0	1.0					
5813.052	12.600000000000364	trials	10.0	5820.480158	5821.587455000001	5823.673259	5823.956102	5819.6107250000005	5822.741411000001	5824.353	5825.652	1.0	1.0	1.0	1.0					
5827.767	12.295000000000073	trials	10.0	5834.275994	5836.025237	5837.974108	5838.371749	5833.537758	5837.088863000001	5838.572	5840.062	1.0	1.0	1.0	1.0					
5844.11	11.747000000000298	trials	10.0	5850.190034	5851.48216	5853.833205000001	5854.102449	5849.205392	5852.927102	5854.507	5855.857	1.0	1.0	1.0	1.0					
5857.977	12.215000000000146	trials	10.0	5864.9099320000005	5866.406290000001	5868.2459	5868.487951	5864.332346	5867.389726	5868.867	5870.192	1.0	1.0	1.0	1.0					
5872.268	10.461999999999534	trials	10.0	5878.695233	5878.722429			5878.081968	5878.719216			1.0		0.0	2.0					
5882.748	6.664000000000669	trials	10.0	5886.555635000001	5888.356868000001			5886.042595000001	5888.712136			1.0	1.0	0.0	3.0					
5891.688	2278.419	BlockDesign														1.0	281.0	391.0	10.0	50.0
5891.688	8.219000000000051	trials	11.0	5897.525165	5897.621239			5896.6524229999995	5897.612716			1.0		0.0	2.0					
5901.562	28.484999999999673	trials	11.0	5927.155790000001	5928.515391000001	5929.451695	5930.162194	5926.578415	5928.812476			1.0	1.0	0.0	3.0					
5933.672	55.780000000000655	trials	11.0	5976.055868	5977.470757	5988.956141000001	5989.56702	5975.22759	5978.272411			1.0	1.0	0.0	3.0					
5991.26	18.11700000000019	trials	11.0	6006.465256	6007.594055	6008.778736	6009.492120000001	6005.672921	6008.162656			1.0	1.0	0.0	3.0					
6012.002	5.632999999999811	trials	11.0	6014.170664	6015.685906000001	6017.005381000001	6017.747663	6012.897494000001	6016.178399			1.0	2.0	0.0	3.0					
6020.237	10.3149999999996	trials	11.0	6026.677322	6027.756827	6029.886203	6030.665201	6025.901825000001	6029.170235			1.0	1.0	0.0	3.0					
6034.107	10.399999999999636	trials	11.0	6038.490908	6040.252544000001	6042.087946	6042.593903000001	6037.888708	6041.12984	6042.787	6044.507	1.0	2.0	1.0	1.0					
6046.552	14.545000000000073	trials	11.0	6056.491079	6058.214473	6060.622639	6061.212512	6055.808573	6059.850031			1.0	1.0	0.0	3.0					
6064.832	9.924999999999272	trials	11.0	6068.960872	6070.632281	6073.90556	6074.788954	6068.077633000001	6071.422964			1.0	2.0	0.0	3.0					
6076.797	9.575000000000728	trials	11.0	6081.946316	6083.545496000001	6085.698536	6086.488115	6081.19126	6084.899516			1.0	1.0	0.0	3.0					
6089.043	23.4350000000004	trials	11.0	6107.826138	6109.528676	6110.967239	6112.595762000001	6107.016863000001	6109.906912			1.0	2.0	0.0	3.0					
6115.242	161.59999999999945	trials	11.0	6273.517462	6274.764507			6272.531083	6274.758936			1.0		0.0	2.0					
6280.912	11.045000000000073	trials	11.0	6288.737295	6290.344508	6291.280211	6291.967648	6287.84631	6290.629596			1.0	1.0	0.0	3.0					
6293.612	16.80999999999949	trials	11.0	6303.022919	6304.264211	6306.826772	6308.86647	6302.119335	6305.792902			1.0	2.0	0.0	3.0					
6311.248	4.40900000000056	trials	11.0	6313.162908	6314.220239	6315.008150000001	6315.671643000001	6310.434002	6314.343713			1.0	1.0	0.0	3.0					
6317.463	16.878999999999905	trials	11.0	6329.087605	6330.1882160000005	6333.183642	6334.355627	6328.178369	6332.164333			1.0	2.0	0.0	3.0					
6335.558	20.894000000000233	trials	11.0	6352.222485	6353.341265	6355.330190000001	6355.750002	6351.290445000001	6354.340193			1.0	2.0	1.0	1.0					
6360.927	62.60600000000068	trials	11.0	6419.578464	6421.529522	6422.886009	6423.545581	6418.726469	6421.839221			1.0	1.0	0.0	3.0					
6427.203	12.6899999999996	trials	11.0	6436.1333270000005	6437.516328	6439.592523	6439.732799	6435.332042	6438.8925500000005			1.0	1.0	0.0	3.0					
6442.922	5.221000000000458	trials	11.0	6444.638039	6446.002169	6447.398473	6448.152878	6443.475753000001	6446.697177			1.0	2.0	0.0	3.0					
6451.737	13.405999999999949	trials	11.0	6459.647916	6461.402784	6463.098840000001	6463.514086	6458.967563	6462.4255490000005	6463.933	6465.143	1.0	1.0	1.0	1.0					
6468.227	12.659999999999854	trials	11.0	6476.383866	6478.300104	6480.392156	6480.898614	6475.661109000001	6479.596493			1.0	1.0	0.0	3.0					
6483.732	10.480000000000473	trials	11.0	6488.106664	6489.522108	6491.922069	6492.431974	6487.4751750000005	6490.567319	6492.672	6494.212	1.0	2.0	1.0	1.0					
6496.302	14.095000000000255	trials	11.0	6505.083789	6506.433593	6507.93225	6508.492005	6504.217326	6506.882448	6508.697	6510.397	1.0	2.0	1.0	1.0					
6513.472	11.949999999999818	trials	11.0	6520.748744	6522.576655	6524.0219910000005	6525.43409	6520.154106	6523.005065			1.0	2.0	0.0	3.0					
6526.347	8.324999999999818	trials	11.0	6530.4636470000005	6532.022358	6533.728444	6534.686151	6529.636283	6532.953295			1.0	1.0	0.0	3.0					
6536.998	10.53900000000067	trials	11.0	6542.700087	6544.399195	6545.952081	6547.55048	6542.118243	6545.080842			1.0	2.0	0.0	3.0					
6548.332	15.469999999999345	trials	11.0	6560.612979	6561.889161	6563.325857	6563.816769	6559.901028	6562.645231			1.0	1.0	0.0	3.0					
6567.692	35.090000000000146	trials	11.0	6595.848804	6597.667415	6600.590144	6601.082558	6595.0480560000005	6598.437521	6601.347	6602.782	1.0	2.0	1.0	1.0					
6604.817	10.715000000000146	trials	11.0	6610.728365	6611.828115	6615.086536	6615.546072	6610.1654180000005	6612.63324			1.0	2.0	0.0	3.0					
6617.457	12.3149999999996	trials	11.0	6624.844182	6626.7508370000005	6627.879811	6628.03352	6624.169607	6627.111785	6628.537	6629.772	1.0	1.0	1.0	1.0					
6633.859	8.213999999999942	trials	11.0	6638.603778000001	6639.793339	6641.342294	6642.084027	6637.607551	6640.411041			1.0	1.0	0.0	3.0					
6644.663	12.494000000000597	trials	11.0	6651.693379	6653.091135000001	6654.764785	6655.278854	6650.826801	6653.698485	6655.417	6657.157	1.0	2.0	1.0	1.0					
6659.172	15.960000000000036	trials	11.0	6667.924029	6669.585911	6672.716045	6673.215889	6667.09518	6670.2560220000005	6673.362	6675.132	1.0	2.0	1.0	1.0					
6678.152	16.399999999999636	trials	11.0	6688.153696	6689.345717	6693.690351	6694.5658220000005	6687.341729	6690.2468850000005			1.0	2.0	0.0	3.0					
6697.008	13.954000000000633	trials	11.0	6707.273676	6709.037521	6710.250553	6710.973617	6706.735654	6709.413045			1.0	1.0	0.0	3.0					
6714.622	43.310999999999694	trials	11.0	6752.785545000001	6754.080207	6755.621643	6755.715920000001	6752.092926	6754.561641			1.0	2.0	0.0	3.0					
6760.003	6.293999999999869	trials	11.0	6761.59941	6763.511409000001	6764.395112	6764.684807	6760.347471	6763.73863	6765.037	6766.297	1.0	1.0	1.0	1.0					
6769.317	13.140000000000327	trials	11.0	6777.620976	6779.381368	6781.810239	6782.473061000001	6776.837709	6780.897898			1.0	1.0	0.0	3.0					
6785.183	9.16399999999976	trials	11.0	6786.749999	6788.111408	6793.209389	6794.3619690000005	6785.726864	6789.002241			1.0	2.0	0.0	3.0					
6796.597	33.280000000000655	trials	11.0	6826.2790620000005	6827.63649	6828.874803000001	6829.891524000001	6825.656449	6828.1282280000005			1.0	1.0	0.0	3.0					
6831.187	8.239999999999782	trials	11.0	6833.580636000001	6835.256528	6836.684613	6836.760424	6832.722376	6835.672194	6837.417	6839.427	1.0	2.0	1.0	1.0					
6841.503	16.959000000000742	trials	11.0	6850.656158	6852.128979	6856.007265	6856.533141	6849.976496	6852.930285	6856.867	6858.462	1.0	2.0	1.0	1.0					
6861.542	15.019999999999527	trials	11.0	6868.7604440000005	6870.008402	6874.0731080000005	6874.637581	6868.004535	6871.146093	6874.847	6876.562	1.0	2.0	1.0	1.0					
6879.584	16.12800000000061	trials	11.0	6889.845132	6891.075695	6894.830289	6895.617849	6889.025426	6891.770877			1.0	2.0	0.0	3.0					
6899.722	19.33600000000024	trials	11.0	6914.911229	6916.372076	6918.3825480000005	6919.069460000001	6913.981136	6917.565725			1.0	1.0	0.0	3.0					
6922.825	8.17700000000059	trials	11.0	6924.364682	6925.631936	6928.683519	6929.121843	6923.584503	6926.692977000001	6929.433	6931.002	1.0	2.0	1.0	1.0					
6934.047	13.886000000000422	trials	11.0	6940.895042	6942.331255	6947.289462000001	6947.944689	6940.01127	6943.481470000001			1.0	2.0	0.0	3.0					
6951.692	18.465000000000146	trials	11.0	6966.569811	6968.435466	6969.47811	6970.170949	6965.721381	6968.7406470000005			1.0	1.0	0.0	3.0					
6972.797	6.640000000000327	trials	11.0	6974.4048	6975.856707	6978.929992	6979.451402000001	6973.455953000001	6976.785717			1.0	2.0	0.0	3.0					
6983.257	30.01300000000083	trials	11.0	6999.140262	7000.767792000001	7012.829954	7013.265015	6998.315565	7001.2462780000005			1.0	1.0	0.0	3.0					
7017.203	8.588999999999942	trials	11.0	7021.680146000001	7023.664431	7024.9791620000005	7025.807496	7020.877041	7024.288041			1.0	1.0	0.0	3.0					
7027.362	7.559999999999491	trials	11.0	7030.331585	7031.437082	7032.750629	7032.8314550000005	7029.571946	7031.9715510000005	7033.377	7034.922	1.0	2.0	1.0	1.0					
7036.972	12.96100000000024	trials	11.0	7045.779871000001	7047.207524	7048.613003	7048.670144	7044.7892520000005	7047.715352			1.0	2.0	0.0	3.0					
7051.047	8.25500000000011	trials	11.0	7053.750746	7054.997786	7057.333861	7057.694619	7053.106545000001	7056.518957	7058.167	7059.302	1.0	1.0	1.0	1.0					
7061.387	17.585000000000036	trials	11.0	7073.770208	7075.733501000001	7077.457401	7078.986495	7072.884078	7076.461982			1.0	2.0	0.0	3.0					
7079.855	8.727000000000771	trials	11.0	7083.711528	7085.093282	7086.772248	7087.0606880000005	7082.968807	7085.927610000001	7087.398	7088.582	1.0	1.0	1.0	1.0					
7090.634	11.127999999999702	trials	11.0	7098.235455	7099.972436	7101.289234	7101.776576	7097.577894	7100.512875			1.0	1.0	0.0	3.0					
7104.642	9.975000000000364	trials	11.0	7109.9851340000005	7111.93974	7113.678932	7114.633545000001	7109.134059	7112.9629620000005			1.0	1.0	0.0	3.0					
7116.002	32.00999999999931	trials	11.0	7142.005992	7143.362087	7146.760255	7148.025215	7141.471407	7144.135026			1.0	2.0	0.0	3.0					
7150.109	13.487999999999374	trials	11.0	7158.581327	7160.107288	7162.955763	7163.6148410000005	7157.898975	7162.189902			1.0	1.0	0.0	3.0					
7167.317	8.1899999999996	trials	11.0	7169.1760890000005	7170.347864	7173.193406	7173.5385750000005	7167.988197000001	7171.072857	7173.853	7175.507	1.0	2.0	1.0	1.0					
7179.589	16.778000000000247	trials	11.0	7186.891076	7188.165151	7193.999764	7194.440891	7186.129481	7191.155235	7194.762	7196.367	1.0	2.0	1.0	1.0					
7200.447	12.954999999999927	trials	11.0	7205.461239	7207.059554	7211.0016	7211.42066	7204.511264000001	7207.767602	7211.607	7213.402	1.0	2.0	1.0	1.0					
7216.417	21.174999999999272	trials	11.0	7230.765986	7232.307678	7235.153853	7235.558505	7229.793993	7233.235184	7235.837	7237.592	1.0	2.0	1.0	1.0					
7241.512	19.76000000000022	trials	11.0	7255.441408000001	7257.394422	7258.958183000001	7259.429688	7254.609182	7257.945209	7259.683	7261.272	1.0	2.0	1.0	1.0					
7263.357	10.34100000000035	trials	11.0	7269.162856	7270.849938	7272.890924	7273.715136000001	7268.568709	7271.301116000001			1.0	2.0	0.0	3.0					
7276.252	13.524999999999636	trials	11.0	7283.240678	7284.70788	7286.608827	7286.96105	7282.729731	7285.715532			1.0	1.0	0.0	3.0					
7289.922	7.025000000000546	trials	11.0	7291.921547	7293.363407	7294.941608	7295.244152	7290.128667	7293.610364	7295.683	7296.947	1.0	2.0	1.0	1.0					
7299.015	12.667999999999665	trials	11.0	7306.616032	7308.48768	7309.797734	7311.696059	7305.66483	7308.796959			1.0	2.0	0.0	3.0					
7314.112	5.25	trials	11.0	7316.336528	7317.683417	7318.852695	7319.379972000001	7315.671907	7318.054221			1.0	1.0	0.0	3.0					
7322.112	16.894999999999527	trials	11.0	7333.740889000001	7335.008571	7338.10542	7339.021992	7332.812477	7335.79795			1.0	2.0	0.0	3.0					
7342.487	40.05000000000018	trials	11.0	7379.538302	7381.322463	7382.168346	7382.501145	7378.950375	7381.526589			1.0	1.0	0.0	3.0					
7384.547	10.905000000000655	trials	11.0	7391.886798	7393.330182	7394.668958	7395.470493	7391.373392	7393.930137			1.0	1.0	0.0	3.0					
7398.052	5.940000000000509	trials	11.0	7400.056515	7401.180602	7402.091753000001	7402.39578	7398.414191	7401.401649	7402.808	7403.992	1.0	2.0	1.0	1.0					
7407.048	17.619000000000597	trials	11.0	7420.241487	7421.744001	7422.649804000001	7423.1365590000005	7419.241289	7421.961749	7423.502	7424.667	1.0	2.0	1.0	1.0					
7426.817	29.13500000000022	trials	11.0	7451.726696	7452.968895	7454.0432	7454.126700000001	7451.015177	7453.274806	7454.717	7455.952	1.0	2.0	1.0	1.0					
7458.052	19.265000000000327	trials	11.0	7473.913536	7475.794013000001	7476.757304000001	7477.33302	7473.031751	7476.051009000001			1.0	1.0	0.0	3.0					
7481.087	7.769999999999527	trials	11.0	7484.217025	7485.474399000001	7486.899224000001	7487.239124	7483.500034000001	7486.082199	7487.672	7488.857	1.0	2.0	1.0	1.0					
7492.892	21.61499999999978	trials	11.0	7510.203761000001	7511.337683	7512.312317	7512.810587	7509.454558	7511.500770000001	7513.228	7514.507	1.0	2.0	1.0	1.0					
7516.527	36.240999999999985	trials	11.0	7548.10693	7549.390004	7551.490767	7551.774678	7547.217659	7549.376856			1.0		0.0	2.0					
7553.42	9.697000000000116	trials	11.0	7558.352469	7559.895735	7561.058006	7561.498302	7557.7354350000005	7560.360943	7561.802	7563.117	1.0	2.0	1.0	1.0					
7567.172	19.590000000000146	trials	11.0	7582.782045	7584.735878	7585.683711	7586.779844000001	7582.058715	7584.899555			1.0	2.0	0.0	3.0					
7587.997	7.1599999999998545	trials	11.0	7590.532106000001	7592.239622	7593.226728	7593.438066000001	7589.912939	7592.491133	7593.902	7595.157	1.0	1.0	1.0	1.0					
7599.177	19.881000000000313	trials	11.0	7615.397510000001	7616.935083	7618.458939	7619.074502	7614.390387	7617.620658			1.0	1.0	0.0	3.0					
7621.77	7.696999999999207	trials	11.0	7623.647592	7625.630097	7627.468361	7627.880045	7622.314088	7626.036120000001	7628.127	7629.467	1.0	2.0	1.0	1.0					
7633.558	29.889000000000124	trials	11.0	7660.204018	7661.225255	7662.874598	7663.464826	7659.555011	7662.0678800000005			1.0	1.0	0.0	3.0					
7665.207	6.369999999999891	trials	11.0	7666.812853	7668.330968	7669.446041	7669.925594	7665.541743	7668.59879	7670.103	7671.577	1.0	2.0	1.0	1.0					
7674.625	26.557999999999993	trials	11.0	7696.147737	7697.503674	7698.834353	7699.005945	7695.542417000001	7697.99273	7699.547	7701.183	1.0	2.0	1.0	1.0					
7703.198	20.493999999999687	trials	11.0	7720.242636	7721.677014	7722.915311000001	7723.711236	7719.703069	7722.072579			1.0	2.0	0.0	3.0					
7727.302	5.335000000000036	trials	11.0	7728.878621	7730.911407	7731.912369	7732.656977000001	7727.503775	7731.133877			1.0	1.0	0.0	3.0					
7736.272	10.340000000000146	trials	11.0	7741.947869	7743.41964	7745.308577	7746.632477	7741.010187	7744.288874			1.0	2.0	0.0	3.0					
7749.721	37.38600000000042	trials	11.0	7781.253483	7782.373826	7784.2140770000005	7784.308544	7780.6334130000005	7783.326586	7784.927	7787.107	1.0	2.0	1.0	1.0					
7790.202	27.824999999999818	trials	11.0	7812.242853	7813.546211	7815.676346	7816.234280000001	7811.296611	7814.112408	7816.467	7818.027	1.0	2.0	1.0	1.0					
7821.183	13.953999999999724	trials	11.0	7829.214161	7830.496792	7832.742314	7832.79621	7828.299255	7830.981102	7833.402	7835.137	1.0	2.0	1.0	1.0					
7838.192	16.354999999999563	trials	11.0	7848.463616	7849.559973	7850.43069	7850.839388	7847.582739	7849.720044			1.0	1.0	0.0	3.0					
7854.768	17.203999999999724	trials	11.0	7866.158228	7867.9571940000005	7869.579054	7870.064634	7865.440932	7868.68902	7870.277	7871.972	1.0	2.0	1.0	1.0					
7874.062	14.25500000000011	trials	11.0	7882.228272	7884.067479	7885.631733	7886.220731	7881.682566	7884.464190000001	7886.447	7888.317	1.0	2.0	1.0	1.0					
7890.337	13.209999999999127	trials	11.0	7899.468870000001	7901.085797	7902.438828	7903.567482	7898.667933000001	7901.46924			1.0	2.0	0.0	3.0					
7904.753	10.430000000000291	trials	11.0	7910.408081	7912.045811	7914.50462	7915.201269	7909.869845	7913.59202			1.0	1.0	0.0	3.0					
7918.822	10.800000000000182	trials	11.0	7923.634094	7924.900117	7927.120739	7927.221963	7922.992395	7926.128826	7927.792	7929.622	1.0	2.0	1.0	1.0					
7931.707	14.594999999999345	trials	11.0	7940.773619	7941.957431	7943.770664	7946.319455	7939.773569	7942.554647			1.0	2.0	0.0	3.0					
7948.141	21.691000000000713	trials	11.0	7964.903681	7966.905255	7968.880269	7969.85217	7964.01615	7967.180639			1.0	2.0	0.0	3.0					
7973.197	29.48999999999978	trials	11.0	7998.000761	7999.0352760000005	8001.025823	8001.128955	7997.362508	7999.957371			1.0	2.0	0.0	3.0					
8004.412	6.3049999999993815	trials	11.0	8006.436634	8008.431024	8010.095865	8010.738021	8004.865461	8009.34246			1.0	1.0	0.0	3.0					
8014.478	61.693999999999505	trials	11.0	8072.259417	8074.150914	8075.094606000001	8075.1251	8071.474872000001	8074.379339			1.0	2.0	0.0	3.0					
8078.413	25.084000000000742	trials	11.0	8098.580857	8099.895905	8102.89979	8103.515414	8097.745662	8102.018307			1.0	1.0	0.0	3.0					
8106.283	7.118999999999687	trials	11.0	8107.848596	8109.452175	8111.02478	8111.15612	8106.551814	8110.033977	8111.632	8113.402	1.0	2.0	1.0	1.0					
8116.515	15.306999999999789	trials	11.0	8124.6706	8126.673038	8128.793825000001	8129.642726	8123.946758	8127.520139	8129.512	8131.822	1.0	2.0	1.0	1.0					
8135.909	14.084000000000742	trials	11.0	8143.129598	8145.121847	8147.050086	8148.214401	8142.574757	8145.813119	8147.683	8149.993	1.0	2.0	1.0	1.0					
8152.072	18.034999999999854	trials	11.0	8165.58525	8167.356684	8170.0620770000005	8170.815801000001	8164.706702	8167.864329			1.0	2.0	0.0	3.0					
8173.471	379.98099999999977	BlockDesign														1.0	392.0	411.0	50.0	0.0
8173.471	13.48200000000088	trials	12.0	8182.1264009999995	8183.8066770000005	8185.058967	8185.288162000001	8181.223919	8184.012611	8185.808	8186.953	2.0	1.0	1.0	1.0					
8191.042	52.72599999999966	trials	12.0	8238.380459	8239.727699	8241.283546999999	8241.644872	8237.504746999999	8240.523878	8241.957	8243.768	2.0	1.0	1.0	1.0					
8245.787	11.612999999999374	trials	12.0	8253.869323	8255.712025	8256.926735000001	8257.42082	8252.869071000001	8256.193316			2.0	1.0	0.0	3.0					
8259.377	5.8400000000001455	trials	12.0	8261.376459	8262.677157	8264.314626	8265.235235	8260.265838	8263.658148			2.0	1.0	0.0	3.0					
8267.662	14.247999999999593	trials	12.0	8274.581488	8275.891154	8279.819545	8280.318209000001	8273.989953	8278.331413	8280.467	8281.91	2.0	1.0	1.0	1.0					
8283.923	14.969999999999345	trials	12.0	8293.859694	8294.967021	8296.956366	8297.141534	8293.163659	8296.151969	8297.853	8298.893	2.0	1.0	1.0	1.0					
8300.917	11.230000000001382	trials	12.0	8308.234752	8310.001246	8311.415706	8312.168368999999	8307.591884	8310.478346			2.0	1.0	0.0	3.0					
8315.794	6.917999999999665	trials	12.0	8318.436071	8320.264196	8322.147224	8322.729923	8317.691579	8321.385027			2.0	1.0	0.0	3.0					
8324.552	8.170000000000073	trials	12.0	8326.909596	8328.298878	8331.326934	8332.741574	8326.237197	8330.102961			2.0	2.0	0.0	3.0					
8335.653	10.304000000000087	trials	12.0	8340.570029	8342.212322	8344.048869	8344.339755	8339.802523	8343.363953	8344.752	8345.957	2.0	1.0	1.0	1.0					
8348.978	15.114000000001397	trials	12.0	8359.715693	8361.474669	8363.377764	8364.113207	8359.008197	8362.518407			2.0	1.0	0.0	3.0					
8365.824	6.557999999999083	trials	12.0	8368.405233	8369.92254	8371.437189	8372.401653	8367.460947	8370.588236			2.0	1.0	0.0	3.0					
8374.813	7.154000000000451	trials	12.0	8376.855494	8378.547579	8380.605975	8380.718202	8376.037133	8379.634432			2.0	2.0	0.0	3.0					
8385.017	30.725000000000364	trials	12.0	8410.865121	8412.72986	8415.080762	8415.760535000001	8410.023954	8414.1993			2.0	1.0	0.0	3.0					
8417.457	5.404999999998836	trials	12.0	8419.355475	8420.976505999999	8422.487849000001	8422.725237	8417.845886	8421.763586000001			2.0	1.0	0.0	3.0					
8424.943	38.70400000000154	trials	12.0	8456.995343999999	8458.202124	8461.672962	8461.813205	8456.179103	8460.139653	8462.322	8463.647	2.0	1.0	1.0	1.0					
8465.734	47.737999999999374	trials	12.0	8508.18567	8510.142575	8511.334856	8511.754333	8507.442744	8510.488136	8512.052	8513.472	2.0	1.0	1.0	1.0					
8516.567	10.920000000000073	trials	12.0	8523.467102	8525.047768	8526.851589	8527.506106	8522.627134	8525.955587			2.0	1.0	0.0	3.0					
8531.159	8.468000000000757	trials	12.0	8533.535806	8534.98995	8537.442418999999	8537.94762	8533.028084	8536.309041	8538.167	8539.627	2.0	1.0	1.0	1.0					
8541.711	11.740999999999985	trials	12.0	8549.96144	8551.954607	8553.391679	8554.15713	8549.389686	8552.432034			2.0	1.0	0.0	3.0					
8556.828	687.219000000001	BlockDesign														1.0	412.0	434.0	0.0	50.0
8556.828	40.649999999999636	trials	13.0	8592.780696	8594.443604	8596.731596	8597.496192	8592.208792000001	8594.435147			3.0		0.0	2.0					
8598.538	15.013999999999214	trials	13.0	8610.141429	8611.42584	8612.57726	8613.571761	8609.247734	8611.89063			3.0	2.0	0.0	3.0					
8614.967	8.96600000000035	trials	13.0	8619.281153	8621.018004	8623.340132000001	8623.957176	8618.454271999999	8621.534877			3.0	2.0	0.0	3.0					
8627.797	124.32999999999993	trials	13.0	8747.78628	8748.923903	8750.040183000001	8750.497583	8746.95581	8749.221911	8750.672	8752.127	3.0	2.0	1.0	1.0					
8754.219	24.648000000001048	trials	13.0	8775.301861	8776.688554	8778.268662	8778.890378	8774.602168000001	8777.042037			3.0	2.0	0.0	3.0					
8780.634	7.45299999999952	trials	13.0	8783.142015000001	8784.493102	8785.772173000001	8788.107502	8782.641358	8785.000469			3.0	2.0	0.0	3.0					
8789.143	13.734000000000378	trials	13.0	8795.721855	8797.611914000001	8800.785426	8801.342231	8795.158781	8799.207495	8801.518	8802.877	3.0	2.0	1.0	1.0					
8806.942	13.300000000001091	trials	13.0	8814.326428	8816.354109	8817.686351	8818.302963	8813.34722	8816.694940000001	8818.342	8820.242	3.0	2.0	1.0	1.0					
8822.298	21.893999999998414	trials	13.0	8839.543415	8840.978146	8841.948258	8842.429241	8838.867105000001	8841.290193	8842.728	8844.192	3.0	2.0	1.0	1.0					
8847.222	12.05999999999949	trials	13.0	8853.807035	8855.608241	8856.746019	8857.453347	8852.986789999999	8855.875457	8857.478	8859.282	3.0	2.0	1.0	1.0					
8861.393	11.593999999999141	trials	13.0	8869.401813	8870.663934	8872.143467	8872.619785	8868.885109	8870.998716			3.0	2.0	0.0	3.0					
8876.534	7.503000000000611	trials	13.0	8878.467638	8879.857131	8882.031435	8884.058496	8877.451617	8881.006941			3.0	2.0	0.0	3.0					
8886.397	7.404999999998836	trials	13.0	8889.116868000001	8890.724028	8893.154556	8893.825567	8888.248503	8891.742535000001			3.0	2.0	0.0	3.0					
8895.472	7.541000000001077	trials	13.0	8899.668723	8901.599007	8902.604198	8903.032283	8898.868148	8901.895189			3.0	1.0	0.0	3.0					
8905.922	132.30599999999868	trials	13.0	9034.452195	9036.309641	9037.472518999999	9038.252732	9033.923265000001	9036.737856			3.0	2.0	0.0	3.0					
9039.863	4.854000000001179	trials	13.0	9041.709605	9042.730232	9043.554655	9043.681959	9040.169645	9042.719886			3.0		0.0	2.0					
9047.728	14.40900000000147	trials	13.0	9057.388165	9058.959984000001	9060.462236	9062.159049	9056.612559000001	9059.634684			3.0	2.0	0.0	3.0					
9062.818	7.1599999999998545	trials	13.0	9066.834555000001	9068.484779	9069.47399	9070.002123	9066.029537	9068.761955			3.0	1.0	0.0	3.0					
9071.871	40.496000000001004	trials	13.0	9107.763149	9109.772136	9110.524524	9111.3116	9107.204627	9109.8189			3.0	2.0	0.0	3.0					
9114.827	87.9330000000009	trials	13.0	9198.87089	9200.672453	9201.521627	9201.552246	9198.35763	9200.669867999999			3.0		0.0	2.0					
9204.687	15.460000000000946	trials	13.0	9212.352147	9213.75344	9217.935784	9218.423276	9211.835407999999	9214.940432	9218.527	9220.147	3.0	2.0	1.0	1.0					
9224.212	9.280000000000655	trials	13.0	9229.521164	9231.238191	9232.767828	9233.57333	9228.528045	9231.611835			3.0	2.0	0.0	3.0					
9236.017	8.030000000000655	trials	13.0	9237.840538999999	9239.292855	9241.857146999999	9242.332881	9236.562672	9239.960189	9242.527	9244.047	3.0	2.0	1.0	1.0					
9246.132	1023.103000000001	BlockDesign														1.0	435.0	476.0	50.0	50.0
9246.132	16.051000000001295	trials	14.0	9253.720593	9255.351397	9259.636158	9260.156561	9252.765768	9255.641776999999	9260.347	9262.183	3.0	2.0	1.0	1.0					
9264.277	12.514999999999418	trials	14.0	9270.595997	9272.63994	9274.732802999999	9275.152925999999	9269.921549	9273.908304	9275.387	9276.792	2.0	1.0	1.0	1.0					
9279.887	13.534999999999854	trials	14.0	9290.026794	9291.222845	9292.915310999999	9293.50086	9289.464829999999	9292.075737			2.0	1.0	0.0	3.0					
9297.219	7.19800000000032	trials	14.0	9299.305652	9300.902146999999	9303.553355	9304.498744999999	9297.511149	9301.345046999999			3.0	2.0	0.0	3.0					
9306.912	9.084999999999127	trials	14.0	9310.965821	9312.050967	9314.242712	9314.450633	9310.227456	9313.525561999999	9314.887	9315.997	2.0	1.0	1.0	1.0					
9318.018	14.138999999999214	trials	14.0	9327.12599	9328.794027	9331.349943	9332.239232	9326.220098	9329.157876			3.0	2.0	0.0	3.0					
9334.627	6.824999999998909	trials	14.0	9337.781523	9339.167922999999	9340.798044	9341.532938	9336.831858	9339.989291			3.0	1.0	0.0	3.0					
9345.172	7.334999999999127	trials	14.0	9348.026993	9349.83029	9351.930237	9352.589816	9347.202111999999	9351.143709			2.0	1.0	0.0	3.0					
9354.235	17.591999999998734	trials	14.0	9367.886224	9368.998791	9371.260365	9371.910899999999	9367.350684	9369.981243			2.0	1.0	0.0	3.0					
9374.625	10.11700000000019	trials	14.0	9377.776952	9379.646235	9382.144776	9384.823011	9377.112336	9380.243045			3.0	2.0	0.0	3.0					
9385.452	57.41500000000087	trials	14.0	9437.216666	9438.965643	9440.696994	9441.196017	9436.522907999999	9439.244934	9441.397	9442.867	3.0	2.0	1.0	1.0					
9446.972	13.130999999999403	trials	14.0	9454.938476	9456.633338	9459.271907	9460.181856	9454.001825	9456.978183			3.0	2.0	0.0	3.0					
9463.532	9.909999999999854	trials	14.0	9469.282098	9470.430693999999	9472.919522	9473.52411	9468.451997	9472.028525			2.0	1.0	0.0	3.0					
9475.252	10.860999999998967	trials	14.0	9480.746694	9481.888461	9484.29009	9484.550366	9479.767458	9483.51902	9484.827	9486.113	2.0	1.0	1.0	1.0					
9489.217	16.68499999999949	trials	14.0	9498.274131	9500.254079	9503.51615	9504.048236	9497.341922	9500.937735	9504.277	9505.902	3.0	2.0	1.0	1.0					
9507.987	16.095000000001164	trials	14.0	9517.857333	9519.488048	9521.820996	9522.284051999999	9517.235349	9520.856985	9522.507	9524.082	2.0	1.0	1.0	1.0					
9528.174	10.247999999999593	trials	14.0	9534.362345	9535.524642	9537.789644	9538.503706	9533.528178999999	9536.870063999999			2.0	1.0	0.0	3.0					
9541.113	13.623999999999796	trials	14.0	9548.353361	9550.513422	9553.088480999999	9554.817749	9547.461302	9550.833983999999			3.0	2.0	0.0	3.0					
9555.403	19.84900000000016	trials	14.0	9569.228454	9570.60645	9573.260067	9573.654564	9568.625052	9572.450658	9574.002	9575.252	2.0	1.0	1.0	1.0					
9578.268	14.529000000000451	trials	14.0	9587.65274	9589.095311	9590.613191	9591.04265	9586.954502999999	9589.437902	9591.112	9592.797	3.0	2.0	1.0	1.0					
9594.817	15.820000000001528	trials	14.0	9605.103968	9606.869767	9608.461335	9608.892491999999	9604.152947	9607.04406	9609.103	9610.637	3.0	2.0	1.0	1.0					
9613.657	13.675000000001091	trials	14.0	9621.952485	9622.395944	9626.680782	9627.416414	9621.133882	9622.388586			2.0		0.0	2.0					
9628.392	11.274999999999636	trials	14.0	9634.782659999999	9636.186575	9637.7937	9637.972872	9633.784644	9636.925082	9638.437	9639.667	2.0	1.0	1.0	1.0					
9641.752	15.840000000000146	trials	14.0	9652.358678999999	9654.323778	9656.910188	9657.674985	9651.601652	9654.826442			3.0	2.0	0.0	3.0					
9659.147	8.054999999998472	trials	14.0	9662.992826	9664.984086	9666.819215	9667.286763	9662.355242	9666.1121			3.0	1.0	0.0	3.0					
9669.187	14.125	trials	14.0	9677.91747	9679.645013	9682.757028	9683.395070999999	9677.115569	9681.781659			2.0	1.0	0.0	3.0					
9687.132	10.520000000000437	trials	14.0	9690.557187	9692.279505999999	9695.473537	9695.948188	9689.753338999999	9693.059568	9696.172	9697.652	3.0	2.0	1.0	1.0					
9700.722	14.790000000000873	trials	14.0	9709.657956	9711.027592999999	9714.749715	9715.592628	9708.783243	9713.531509999999			2.0	2.0	0.0	3.0					
9718.287	11.574999999998909	trials	14.0	9724.019672999999	9725.922021	9728.54689	9729.945011	9723.458423	9726.620852			3.0	2.0	0.0	3.0					
9731.933	11.648999999999432	trials	14.0	9738.403252	9740.135699999999	9741.754874	9741.987078	9737.663951	9740.882513999999	9742.412	9743.582	2.0	1.0	1.0	1.0					
9747.668	11.350000000000364	trials	14.0	9754.837574	9756.524127	9758.395821	9759.09743	9754.181946	9757.39766			2.0	1.0	0.0	3.0					
9760.717	37.61499999999978	trials	14.0	9793.932573	9795.134372	9797.199126	9798.414881	9793.07228	9795.408712999999			3.0	2.0	0.0	3.0					
9799.452	11.183000000000902	trials	14.0	9803.962757	9805.924418999999	9808.538139	9809.00433	9803.424825	9806.266324	9809.312	9810.635	3.0	2.0	1.0	1.0					
9814.656	11.315999999998894	trials	14.0	9820.453261999999	9822.021273999999	9823.356308999999	9823.465839999999	9819.641998	9822.401666	9823.992	9825.972	3.0	2.0	1.0	1.0					
9828.992	13.625	trials	14.0	9837.18948	9839.04227	9841.654208	9842.699986	9836.409953999999	9839.400963			3.0	2.0	0.0	3.0					
9844.908	7.574000000000524	trials	14.0	9849.303177	9850.498721	9852.236422	9852.447462	9848.4383	9851.354355			2.0	1.0	0.0	3.0					
9854.556	14.755999999999403	trials	14.0	9863.261738	9865.12212	9867.378696	9867.699985	9862.35506	9866.346522	9868.072	9869.312	2.0	1.0	1.0	1.0					
9872.328	12.514000000001033	trials	14.0	9880.333147	9882.066481	9884.338692	9884.923587	9879.55641	9883.183847			2.0	1.0	0.0	3.0					
9888.731	333.8639999999996	trials	14.0	10218.429036	10220.035265	10221.525657	10221.872478	10217.455773	10220.526098999999			3.0	2.0	0.0	3.0					
10223.832	8.430000000000291	trials	14.0	10228.074686	10229.390859	10230.371964	10230.765986	10227.505826	10229.636916	10231.042	10232.262	2.0	1.0	1.0	1.0					
10236.308	17.10899999999856	trials	14.0	10246.771107999999	10247.876235	10250.958514	10251.507013	10246.155972	10248.705435	10251.632	10253.417	3.0	2.0	1.0	1.0					
10256.457	12.778000000000247	trials	14.0	10265.679488	10267.581425	10269.228857	10269.787067	10265.065649	10268.295842			2.0	1.0	0.0	3.0					
10272.597	75.90400000000045	BlockDesign														1.0	477.0	481.0	0.0	0.0
10272.597	7.6710000000002765	trials	15.0	10276.495968	10277.909988	10279.825881	10280.352459	10275.792362	10278.913787			2.0	1.0	0.0	3.0					
10284.082	23.73999999999978	trials	15.0	10304.159862	10306.187308999999	10307.208607999999	10307.90919	10303.278267	10306.424203999999			2.0	1.0	0.0	3.0					
10310.532	5.595000000001164	trials	15.0	10312.434603	10314.116527	10315.164596999999	10316.212913	10310.940437	10314.290847			2.0	2.0	0.0	3.0					
10320.427	5.315000000000509	trials	15.0	10322.441105	10324.325322	10325.189769	10325.826545	10321.632287	10324.450932			2.0	1.0	0.0	3.0					
10328.437	20.064000000000306	trials	15.0	10344.610131	10345.966688	10348.470887	10349.162957999999	10344.051121999999	10347.680024			2.0	1.0	0.0	3.0					
10351.802	89.66500000000087	BlockDesign														1.0	482.0	486.0	0.0	0.0
10351.802	5.2849999999998545	trials	16.0	10353.474486	10354.943302	10355.985923	10357.170871999999	10351.980602	10355.204443999999			3.0	2.0	0.0	3.0					
10360.268	28.915000000000873	trials	16.0	10384.320566999999	10386.202250999999	10387.682519	10389.268728	10383.740743999999	10386.562727999999			3.0	2.0	0.0	3.0					
10391.933	4.303999999998268	trials	16.0	10393.530239	10394.95393	10395.904292	10396.306363	10392.317552	10395.203225			3.0	1.0	0.0	3.0					
10399.152	33.344999999999345	trials	16.0	10425.740287999999	10427.721609	10430.458901	10432.584144	10425.19667	10428.169671			3.0	2.0	0.0	3.0					
10434.777	6.690000000000509	trials	16.0	10437.914367	10439.288234	10441.409769	10441.928198	10437.018431999999	10440.606146			3.0	1.0	0.0	3.0					
10443.783	943.9890000000014	BlockDesign														1.0	487.0	530.0	50.0	50.0
10443.783	59.15899999999965	trials	17.0	10498.775717999999	10500.101128999999	10502.214966	10503.025569	10498.12917	10500.378254			3.0	2.0	0.0	3.0					
10505.552	14.681000000000495	trials	17.0	10514.206616	10516.070638	10518.073925	10518.510596	10513.293341999999	10517.278101	10518.613	10520.233	2.0	1.0	1.0	1.0					
10522.266	11.425999999999476	trials	17.0	10529.385584	10530.820862999999	10532.991973	10533.776967	10528.626972	10531.791487999999			2.0	1.0	0.0	3.0					
10535.308	11.063999999998487	trials	17.0	10540.545624	10542.757211	10544.337167	10544.746011	10540.004292	10543.371245	10544.837	10546.372	2.0	1.0	1.0	1.0					
10550.458	15.628999999998996	trials	17.0	10558.150964	10559.773654999999	10564.453394	10564.908066	10557.560207999999	10561.648858999999			3.0	2.0	0.0	3.0					
10568.692	6.290000000000873	trials	17.0	10571.640516	10573.213429	10574.457669	10575.067542	10571.101553	10573.734282			2.0	1.0	0.0	3.0					
10577.751	8.105999999999767	trials	17.0	10579.790973	10581.195968	10583.53742	10584.047111	10579.127871	10581.588112	10584.107	10585.857	3.0	2.0	1.0	1.0					
10589.027	16.784999999999854	trials	17.0	10598.34093	10599.676696999999	10603.392410999999	10603.907702	10597.441668	10600.328448	10603.902	10605.812	3.0	2.0	1.0	1.0					
10608.9	14.606999999999971	trials	17.0	10618.25585	10620.084624	10622.906739	10623.593726	10617.318216	10621.925709			2.0	1.0	0.0	3.0					
10625.148	8.387000000000626	trials	17.0	10627.196165	10629.261965	10632.753902999999	10633.617612	10626.142844	10629.449746999999			3.0	2.0	0.0	3.0					
10636.0	10.231999999999971	trials	17.0	10640.741635999999	10642.22735	10644.025431	10644.372602	10639.94537	10643.222396	10644.797	10646.232	2.0	1.0	1.0	1.0					
10650.177	23.110000000000582	trials	17.0	10669.77636	10671.381868999999	10672.747824	10673.374317	10668.812994	10672.027683			2.0	1.0	0.0	3.0					
10675.047	34.04500000000007	trials	17.0	10704.086177	10705.984287	10707.154322	10707.515135	10703.193888	10706.462784	10707.657	10709.092	2.0	1.0	1.0	1.0					
10712.112	11.946000000001732	trials	17.0	10717.850795	10719.805220999999	10721.892486	10722.348044999999	10717.250726999999	10720.100567	10722.612	10724.058	3.0	2.0	1.0	1.0					
10726.074	15.287999999998647	trials	17.0	10737.21603	10738.378386	10740.645207	10741.447877999999	10736.236571	10738.71134			3.0	2.0	0.0	3.0					
10744.963	7.434000000001106	trials	17.0	10746.91203	10748.957562	10750.272291	10750.577166	10745.273611999999	10748.9906	10750.933	10752.397	3.0	2.0	1.0	1.0					
10756.472	11.75	trials	17.0	10761.898109	10763.476047	10767.249426	10768.308062	10761.08966	10764.110912			2.0	2.0	0.0	3.0					
10770.862	26.56000000000131	trials	17.0	10790.176336999999	10791.5835	10795.228991	10795.743252	10789.347822	10792.125829999999	10795.797	10797.422	3.0	2.0	1.0	1.0					
10799.515	11.632000000001426	trials	17.0	10806.022911	10807.383260999999	10809.577023	10811.234181	10805.479813	10807.770096			3.0	2.0	0.0	3.0					
10812.892	39.75500000000102	trials	17.0	10847.906871	10849.150481	10850.497671	10850.718851	10846.947936999999	10849.750182	10851.242	10852.647	2.0	1.0	1.0	1.0					
10854.75	23.80199999999968	trials	17.0	10872.616911	10873.960571	10877.81136	10878.636864	10871.611268999999	10873.950563999999			3.0		0.0	2.0					
10879.888	12.22899999999936	trials	17.0	10888.707183	10890.119414			10887.710561	10890.113114			2.0		0.0	2.0					
10894.128	8.923999999999069	trials	17.0	10897.756763	10899.298576	10901.41554	10903.136975	10896.987955999999	10900.109166			3.0	2.0	0.0	3.0					
10904.698	4.72899999999936	trials	17.0	10906.752068	10907.880938999999	10908.885909	10909.511676	10905.234824	10908.216038999999			2.0	1.0	0.0	3.0					
10912.192	12.885000000000218	trials	17.0	10920.261838999999	10921.391559	10924.598111	10925.165927	10919.363825	10922.616463999999			3.0	2.0	0.0	3.0					
10927.962	5.104999999999563	trials	17.0	10929.992656999999	10931.159076	10932.827247	10933.143611	10928.918975	10932.13121			2.0	1.0	0.0	3.0					
10935.077	133.97000000000116	trials	17.0	11056.652725	11058.458115	11068.763909	11069.133912	11055.799178	11058.492435			3.0	1.0	0.0	3.0					
11073.077	9.265000000001237	trials	17.0	11078.572753	11080.136382	11081.607361999999	11082.426893	11077.930715	11080.826582			2.0	1.0	0.0	3.0					
11085.916	7.511000000000422	trials	17.0	11088.687159	11089.865098999999	11091.405663	11091.842309	11088.041355	11090.469997	11092.052	11093.427	3.0	2.0	1.0	1.0					
11095.482	26.290000000000873	trials	17.0	11117.197861999999	11118.428389	11120.024064	11120.280302	11116.53161	11119.063151	11120.782	11121.772	2.0	1.0	1.0	1.0					
11124.862	23.38000000000102	trials	17.0	11144.047575	11145.543708	11146.595609	11146.838882	11143.313301	11145.833109	11147.207	11148.242	2.0	1.0	1.0	1.0					
11150.268	21.540000000000873	trials	17.0	11167.203260999999	11168.259519	11169.93455	11171.893555999999	11166.551639	11168.850967999999			3.0	2.0	0.0	3.0					
11174.268	7.293999999999869	trials	17.0	11176.693212	11178.49043	11179.72731	11180.10062	11176.016368999999	11178.970772	11180.402	11181.562	2.0	1.0	1.0	1.0					
11184.582	23.851000000000568	trials	17.0	11204.258177	11206.212916999999	11207.077764	11208.518847	11203.311155	11206.362629			3.0	2.0	0.0	3.0					
11210.392	8.889000000001033	trials	17.0	11216.102729	11217.335815999999	11218.748046	11219.02775	11215.520309	11217.330689999999			3.0		0.0	2.0					
11221.287	11.119999999998981	trials	17.0	11228.806682999999	11230.207521	11231.18523	11231.427808	11228.064071	11230.554374			2.0	1.0	0.0	3.0					
11233.495	19.29199999999946	trials	17.0	11247.973275	11249.461054	11250.920338	11251.285892	11247.114363	11250.147272999999	11251.597	11252.787	2.0	1.0	1.0	1.0					
11256.905	17.05199999999968	trials	17.0	11267.083596	11269.035372	11271.812688	11272.304438	11266.327400999999	11269.955308999999	11272.353	11273.957	3.0	2.0	1.0	1.0					
11275.978	20.804000000000087	trials	17.0	11293.16821	11295.071013	11296.284195	11296.872152	11292.313712	11295.421386			2.0	1.0	0.0	3.0					
11299.537	17.69999999999891	trials	17.0	11312.812805	11314.728632999999	11316.173685	11317.327371	11312.202422	11315.118892999999			3.0	2.0	0.0	3.0					
11318.487	25.725000000000364	trials	17.0	11339.47824	11340.789579	11342.281545	11342.682945	11338.784519	11341.010568	11342.897	11344.212	3.0	2.0	1.0	1.0					
11347.228	12.234000000000378	trials	17.0	11354.923329	11356.936236	11358.312094	11359.552067999999	11354.381894	11357.199076			3.0	2.0	0.0	3.0					
11360.612	12.360000000000582	trials	17.0	11367.533805	11369.013192	11370.948063	11371.376739	11366.541283999999	11369.207323999999	11371.712	11372.972	3.0	2.0	1.0	1.0					
11376.082	11.69000000000051	trials	17.0	11384.073818	11385.311632			11383.553176	11386.730351999999			2.0	1.0	0.0	3.0					
11390.067	619.9200000000001	BlockDesign														1.0	531.0	571.0	90.0	50.0
11390.067	9.576000000000931	trials	18.0	11393.678566999999	11395.111637	11397.287568	11397.939306	11392.816562	11396.285677	11398.042	11399.643	1.0	2.0	1.0	1.0					
11403.719	15.373000000001412	trials	18.0	11409.042993	11410.284144	11414.921147	11415.362613	11408.336387	11414.174932			1.0	1.0	0.0	3.0					
11419.292	6.065000000000509	trials	18.0	11421.378234	11422.517200999999	11423.326884	11425.446372	11419.18145	11422.598957999999			1.0	2.0	0.0	3.0					
11425.594	34.347999999999956	trials	18.0	11454.798617	11456.23743	11457.96947	11458.366992	11454.10544	11456.505528	11458.643	11459.942	1.0	2.0	1.0	1.0					
11464.027	8.770000000000437	trials	18.0	11468.098721999999	11469.335775	11471.882162	11472.883872	11467.355319	11469.757264			1.0	2.0	0.0	3.0					
11474.127	8.904999999998836	trials	18.0	11477.485437	11479.384854	11480.951796	11481.342526	11476.967154	11480.210561	11481.643	11483.032	1.0	1.0	1.0	1.0					
11485.112	14.740999999999985	trials	18.0	11492.775645	11494.507893	11497.655048	11498.108292	11491.957002	11495.249894999999	11498.382	11499.853	1.0	2.0	1.0	1.0					
11503.882	11.2450000000008	trials	18.0	11509.739313	11511.125981	11514.142364	11514.661334	11508.798669	11511.747498			1.0	2.0	1.0	1.0					
11517.597	16.344999999999345	trials	18.0	11528.869373	11530.415835	11533.086473	11534.033266	11528.121684	11530.760387999999			1.0	2.0	0.0	3.0					
11535.442	8.56500000000051	trials	18.0	11540.324593	11542.021449	11543.413015999999	11544.093660999999	11539.461852	11542.583736999999			1.0	1.0	0.0	3.0					
11547.677	6.541000000001077	trials	18.0	11549.719122999999	11551.420311	11553.227259	11554.306649	11548.087222999999	11551.702596			1.0	2.0	0.0	3.0					
11556.577	16.920000000000073	trials	18.0	11567.54937	11569.156384	11571.471269	11571.997692	11566.653468	11570.615672	11572.257	11573.497	1.0	1.0	1.0	1.0					
11576.518	13.418999999999869	trials	18.0	11584.119431	11585.636267	11587.989596	11588.365894999999	11583.466416	11587.078689	11588.622	11589.937	1.0	1.0	1.0	1.0					
11591.987	15.875	trials	18.0	11604.236096999999	11605.952557999999	11607.235315	11607.953946	11603.558261	11606.398139			1.0	1.0	0.0	3.0					
11610.478	10.184000000001106	trials	18.0	11612.434166	11614.376322	11617.174874	11617.871393	11610.883137	11614.902273			1.0	2.0	0.0	3.0					
11621.531	14.630999999999403	trials	18.0	11631.344452	11632.761524	11634.257839	11634.500920999999	11630.557594	11633.488392	11634.853	11636.162	1.0	1.0	1.0	1.0					
11638.207	12.7549999999992	trials	18.0	11646.124553	11647.632518999999	11649.126392	11649.457231	11645.424978	11648.173743	11649.717	11650.962	1.0	1.0	1.0	1.0					
11653.048	11.903999999998632	trials	18.0	11659.689059	11660.971521	11662.909196999999	11663.192172	11658.941782	11661.994214999999	11663.437	11664.952	1.0	1.0	1.0	1.0					
11668.107	10.985000000000582	trials	18.0	11675.474271	11677.151469	11678.617817999999	11679.179342	11674.653236	11677.807878			1.0	1.0	0.0	3.0					
11682.912	12.855999999999767	trials	18.0	11688.030174	11689.388186	11693.507976	11693.93505	11687.073263999999	11690.171487	11695.757	11695.768	1.0	2.0	1.0	1.0					
11699.007	12.93499999999949	trials	18.0	11704.482408	11706.77646	11709.712336999999	11710.200261	11703.621793999999	11707.327335	11710.367	11711.942	1.0	2.0	1.0	1.0					
11716.015	9.962999999999738	trials	18.0	11719.370241	11720.556101999999	11723.620146	11724.127314	11718.639327	11721.129525	11724.302	11725.978	1.0	2.0	1.0	1.0					
11729.062	12.206000000000131	trials	18.0	11734.280182999999	11736.715065	11739.06527	11739.515444	11733.708665999999	11737.070576	11739.757	11741.268	1.0	2.0	1.0	1.0					
11744.353	13.119000000000597	trials	18.0	11752.314888	11753.971765999999	11756.712849	11757.560078999999	11751.673942	11754.385923			1.0	2.0	0.0	3.0					
11760.052	8.84100000000035	trials	18.0	11764.854467	11766.355291	11767.923461999999	11768.271866	11764.171665	11767.083558			1.0	1.0	1.0	1.0					
11771.442	18.942000000000917	trials	18.0	11785.300157	11786.613336	11787.902924	11788.056419	11784.494478	11787.02486	11788.547	11790.384	1.0	1.0	1.0	1.0					
11792.443	11.829000000001543	trials	18.0	11799.20582	11800.715114999999	11802.317782999999	11802.580289	11798.271744	11801.366643	11802.882	11804.272	1.0	1.0	1.0	1.0					
11807.332	10.449999999998909	trials	18.0	11812.854798	11814.898310999999	11815.925933999999	11816.172396	11811.979352999999	11815.142891	11816.477	11817.782	1.0	1.0	1.0	1.0					
11820.875	14.352999999999156	trials	18.0	11830.556573	11831.65736	11833.023014	11833.364861	11829.839322	11832.249319999999	11833.747	11835.228	1.0	1.0	1.0	1.0					
11839.247	10.930000000000291	trials	18.0	11845.180242	11847.140943	11848.301387	11848.525034999999	11844.499862	11847.512241	11848.857	11850.177	1.0	1.0	1.0	1.0					
11852.253	11.764999999999418	trials	18.0	11859.340796	11860.442004	11862.070913	11862.500549	11858.721114	11861.189795999999	11862.737	11864.018	1.0	1.0	1.0	1.0					
11866.082	11.895999999998821	trials	18.0	11873.612092	11874.906683	11876.044863	11876.274567	11872.756304999999	11875.165219999999	11876.712	11877.978	1.0	1.0	1.0	1.0					
11882.042	10.545000000000073	trials	18.0	11888.000627	11889.428886	11890.675124	11890.957322999999	11887.327074	11889.852975	11891.228	11892.587	1.0	1.0	1.0	1.0					
11895.662	10.25	trials	18.0	11901.505347	11902.583718	11903.982683999999	11904.286853	11900.871465	11903.148798	11904.567	11905.912	1.0	1.0	1.0	1.0					
11909.933	12.758999999998196	trials	18.0	11917.05554	11919.147971	11920.71587	11920.985643	11916.084092	11919.708908	11921.327	11922.692	1.0	1.0	1.0	1.0					
11924.775	10.022000000000844	trials	18.0	11930.310282	11931.967058999999	11932.941248	11933.1849	11929.644153	11932.202769	11933.478	11934.797	1.0	1.0	1.0	1.0					
11938.938	12.093999999999141	trials	18.0	11945.940268	11947.796344	11948.941988999999	11949.416238	11945.21233	11948.208494999999	11949.542	11951.032	1.0	1.0	1.0	1.0					
11954.11	10.55199999999968	trials	18.0	11960.995791	11962.597431	11963.681639999999	11964.034832	11960.187560999999	11962.901012999999			1.0	1.0	1.0	1.0					
11968.212	12.694999999999709	trials	18.0	11975.855564	11977.858218	11978.835541	11979.198575	11975.067835	11978.095626	11979.442	11980.907	1.0	1.0	1.0	1.0					
11983.963	11.754000000000815	trials	18.0	11992.237084	11993.802523	11995.089848	11995.809987	11991.724436	11994.107937			1.0	2.0	0.0	3.0					
11998.342	11.644999999998618	trials	18.0	12005.166053	12006.712541	12007.917741	12008.359632	12004.298211	12007.080904	12008.567	12009.987	1.0	1.0	1.0	1.0					
12013.078	460.9150000000009	BlockDesign														1.0	572.0	594.0	50.0	90.0
12013.078	9.084000000000742	trials	19.0	12017.705945	12019.228001	12020.204341999999	12020.483489999999	12016.767186	12019.464196	12020.897	12022.162	1.0	1.0	1.0	1.0					
12024.255	16.382000000001426	trials	19.0	12035.036087	12036.302867	12037.359159	12037.877892	12034.062022999999	12036.628924999999			1.0	1.0	0.0	3.0					
12041.658	12.703999999999724	trials	19.0	12050.862986	12052.102392	12053.811298999999	12054.455064	12049.892838	12053.013894			1.0	1.0	0.0	3.0					
12056.109	111.33299999999872	trials	19.0	12164.091407	12165.343202	12166.778784	12167.533173	12163.530461	12166.047494			1.0	1.0	0.0	3.0					
12169.084	6.927999999999884	trials	19.0	12171.126463999999	12172.288595	12173.609575999999	12173.655621	12170.39079	12172.744055	12174.308	12176.012	1.0	2.0	1.0	1.0					
12180.032	11.104000000001179	trials	19.0	12185.751805	12187.442793	12188.93277	12189.421965	12184.777608	12187.772567	12189.558	12191.136	1.0	2.0	1.0	1.0					
12193.152	14.079999999999927	trials	19.0	12201.481412	12202.610073	12204.924957	12205.517344	12200.518092	12203.074198999999	12205.477	12207.232	1.0	2.0	1.0	1.0					
12210.319	12.188000000000102	trials	19.0	12217.742057	12219.597428	12221.763723	12222.251801999999	12217.00097	12219.883989			1.0	2.0	0.0	3.0					
12224.067	41.44100000000071	trials	19.0	12260.067723	12261.620615	12263.039492	12263.49776	12259.088201	12261.879089	12263.587	12265.508	1.0	2.0	1.0	1.0					
12267.532	11.4950000000008	trials	19.0	12274.132248	12275.580012	12276.810696	12277.189671	12273.525786	12275.841371	12277.512	12279.027	1.0	2.0	1.0	1.0					
12283.047	9.529999999998836	trials	19.0	12286.732866	12288.101064	12290.165191	12290.64422	12285.824064	12288.590334	12290.947	12292.577	1.0	2.0	1.0	1.0					
12294.72	10.24200000000019	trials	19.0	12300.434156000001	12302.067092000001	12304.134918	12305.000168	12299.621175	12302.313728000001			1.0	2.0	0.0	3.0					
12308.478	11.619000000000597	trials	19.0	12314.887495	12316.835891	12317.997298	12318.349958	12314.134932	12317.180793	12318.622	12320.097	1.0	1.0	1.0	1.0					
12324.152	10.424999999999272	trials	19.0	12329.782823	12331.331465000001	12332.613494000001	12332.832165	12328.945668	12331.793049	12333.222	12334.577	1.0	1.0	1.0	1.0					
12337.656	10.34099999999853	trials	19.0	12345.074288	12346.242054	12347.49363	12348.03557	12344.241474	12346.637306			1.0	1.0	0.0	3.0					
12350.869	9.087999999999738	trials	19.0	12353.162874	12354.848303	12357.568671	12358.068254	12352.364804	12355.4685	12358.268	12359.957	1.0	2.0	1.0	1.0					
12362.033	17.929000000000087	trials	19.0	12373.177927	12374.611544	12377.494875	12378.122936	12372.466147000001	12375.126595	12378.198	12379.962	1.0	2.0	1.0	1.0					
12383.082	11.334999999999127	trials	19.0	12388.363503	12389.584704	12392.125001	12392.569584	12387.490326000001	12390.024204000001	12392.727	12394.417	1.0	2.0	1.0	1.0					
12398.437	12.375	trials	19.0	12404.144975000001	12405.400329	12408.264015	12408.754317	12403.588006	12405.855699	12408.853	12410.812	1.0	2.0	1.0	1.0					
12413.832	11.414999999999054	trials	19.0	12419.457944	12421.238901	12422.793951	12423.379853	12418.449811	12421.56273	12423.492	12425.247	1.0	2.0	1.0	1.0					
12428.267	13.159999999999854	trials	19.0	12435.728651	12436.985808	12439.104684	12439.544133	12434.728689	12437.21567	12439.657	12441.427	1.0	2.0	1.0	1.0					
12443.517	13.770000000000437	trials	19.0	12452.123166	12453.410567	12454.845093	12455.306624	12451.141927	12453.685604	12455.522	12457.287	1.0	2.0	1.0	1.0					
12461.369	12.623999999999796	trials	19.0	12468.07365	12469.296627	12471.471002	12471.993137	12467.22171	12469.538847	12472.092	12473.993	1.0	2.0	1.0	1.0					
12477.144	67.18299999999908	BlockDesign														1.0	595.0	599.0	0.0	0.0
12477.144	9.481999999999971	trials	20.0	12482.064125	12484.008721	12485.456253	12486.661871	12481.135013000001	12484.326726000001			1.0	2.0	0.0	3.0					
12489.768	11.85399999999936	trials	20.0	12495.974791	12497.555328	12500.2665	12501.658176	12495.187326000001	12497.978853			1.0	2.0	0.0	3.0					
12503.552	8.93499999999949	trials	20.0	12505.989477000001	12507.135152	12508.49826	12508.933136	12505.422306	12507.63618			1.0	1.0	0.0	3.0					
12512.949	11.122999999999593	trials	20.0	12519.324621	12521.070078	12522.684156	12524.110223	12518.807493	12521.585963			1.0	2.0	0.0	3.0					
12526.047	18.279999999998836	trials	20.0	12539.293332000001	12541.310274	12544.215133	12545.123846	12538.692532000001	12542.046004			1.0	2.0	0.0	3.0					
12547.583	1546.7699999999986	BlockDesign														1.0	600.0	660.0	10.0	50.0
12547.583	7.0090000000000146	trials	21.0	12551.359161	12552.620932			12550.569342	12552.616845			1.0		0.0	2.0					
12557.662	13.784999999999854	trials	21.0	12567.763793	12569.324488	12570.794694	12571.484338	12566.856312	12569.979433			1.0	1.0	0.0	3.0					
12573.103	5.7590000000000146	trials	21.0	12574.653961	12575.825742	12576.731233	12577.14732	12574.092353	12575.879813	12577.367	12578.862	1.0	2.0	1.0	1.0					
12580.877	43.74499999999898	trials	21.0	12620.458872000001	12621.643167	12622.707959	12623.040009	12619.875897	12621.879534	12623.268	12624.622	1.0	2.0	1.0	1.0					
12627.678	37.54399999999987	trials	21.0	12661.669031	12663.422339	12664.340501	12665.262228	12660.876018	12663.436376			1.0	2.0	0.0	3.0					
12666.767	6.110000000000582	trials	21.0	12670.075442000001	12670.905839000001			12669.322454000001	12670.896241			1.0		0.0	2.0					
12676.955	10.272999999999229	trials	21.0	12683.44425	12685.196483	12686.132769	12687.267936	12682.860217	12685.450686			1.0	2.0	0.0	3.0					
12688.488	11.889000000001033	trials	21.0	12695.759111	12697.782485	12699.662381	12700.415017	12694.800487	12698.282568			1.0	2.0	0.0	3.0					
12704.092	16.539999999999054	trials	21.0	12715.859831	12717.066226	12718.454162	12719.038417	12715.348098	12717.487184	12719.107	12720.632	1.0	2.0	1.0	1.0					
12723.731	23.65099999999984	trials	21.0	12742.564849	12743.741229000001	12745.065314	12745.688403	12741.873207	12744.07349	12745.728	12747.382	1.0	2.0	1.0	1.0					
12750.402	17.5049999999992	trials	21.0	12764.726076	12765.938228	12766.913264	12767.169932	12763.958439	12765.928632000001			1.0		0.0	2.0					
12770.983	53.09399999999914	trials	21.0	12821.350969000001	12822.47114	12823.477458000001	12824.118568	12820.728956	12822.760524000001			1.0	1.0	0.0	3.0					
12827.89	23.75300000000061	trials	21.0	12845.303782	12846.692214	12849.350515	12849.84654	12844.778732	12848.117040000001	12850.052	12851.643	1.0	2.0	1.0	1.0					
12853.662	13.610000000000582	trials	21.0	12861.370187	12863.313327	12864.83706	12865.49358	12860.823267	12863.647178000001	12865.406	12867.272	1.0	2.0	1.0	1.0					
12870.332	11.935999999999694	trials	21.0	12877.25992	12879.197231	12880.711285000001	12880.779254000001	12876.615476	12879.780586			1.0	2.0	0.0	3.0					
12883.06	10.266999999999825	trials	21.0	12886.879539	12888.576918	12889.76955	12890.260653000001	12886.180301	12889.037973			1.0	1.0	0.0	3.0					
12894.188	27.454999999999927	trials	21.0	12917.601324000001	12919.437877	12921.060135	12921.682688	12916.621774000001	12920.257097			1.0	1.0	0.0	3.0					
12923.422	8.850000000000364	trials	21.0	12926.990183	12929.009091	12931.403976	12932.314107	12926.051082	12929.346193000001			1.0	2.0	0.0	3.0					
12935.822	275.03099999999904	trials	21.0	13206.531278	13208.483279	13210.201253000001	13210.89127	13205.583194	13208.790395			1.0	1.0	0.0	3.0					
13212.617	24.36499999999978	trials	21.0	13232.906432	13234.757813	13235.958392	13236.559145000001	13232.192255	13235.051694			1.0	2.0	1.0	1.0					
13241.572	14.704999999999927	trials	21.0	13252.82699	13254.208143	13255.187981000001	13256.318102000001	13251.932321	13254.492857000001			1.0	2.0	0.0	3.0					
13258.542	7.430000000000291	trials	21.0	13262.926184	13264.837145	13265.566194	13266.010715	13262.359886	13264.913454			1.0	1.0	0.0	3.0					
13267.863	26.304000000000087	trials	21.0	13289.426298	13291.300176	13292.251844	13294.210278	13288.485056	13291.541995			1.0	2.0	0.0	3.0					
13295.547	36.30999999999949	trials	21.0	13328.866694	13330.573373	13331.466807	13331.89991	13328.283342	13330.813789			1.0	1.0	0.0	3.0					
13333.768	6.5	trials	21.0	13335.391407000001	13337.222979	13338.193578	13338.565469000001	13334.361239	13337.382159	13339.007	13340.268	1.0	2.0	1.0	1.0					
13342.287	13.93499999999949	trials	21.0	13350.10317	13352.047113	13355.801943	13356.2608	13349.490275	13353.980594			1.0	1.0	0.0	3.0					
13360.119	126.37299999999959	trials	21.0	13480.766447	13482.048972	13484.395027	13484.813928	13480.191172	13482.976775000001	13485.167	13486.492	1.0	2.0	1.0	1.0					
13489.512	14.421000000000276	trials	21.0	13499.902461	13501.085529	13503.395085	13503.975753	13499.344652	13501.805406			1.0	2.0	0.0	3.0					
13507.752	6.93999999999869	trials	21.0	13511.067546	13512.785669	13514.319125	13514.735381	13510.438977	13513.522776			1.0	1.0	0.0	3.0					
13517.677	5.385000000000218	trials	21.0	13519.648412	13521.618845	13522.474639	13522.827594	13518.029577000001	13521.866217			1.0	1.0	0.0	3.0					
13525.832	32.51499999999942	trials	21.0	13553.136843	13554.415349	13555.923761	13556.507349	13552.572081	13554.923226	13556.853	13558.347	1.0	2.0	1.0	1.0					
13560.367	14.764999999999418	trials	21.0	13569.737481	13571.524686	13572.8021	13573.316626	13568.987118000001	13571.821893	13573.662	13575.132	1.0	2.0	1.0	1.0					
13579.219	10.972999999999956	trials	21.0	13585.422525	13586.584242	13589.401877	13590.234792	13584.80315	13586.918637			1.0	2.0	0.0	3.0					
13591.768	10.494000000000597	trials	21.0	13597.162593000001	13599.449419	13600.864128000001	13600.894817	13596.48852	13599.892605000001			1.0	2.0	0.0	3.0					
13604.27	37.87700000000041	trials	21.0	13638.08273	13639.589246	13641.123903	13641.607167	13637.549696	13639.897052			1.0	2.0	1.0	1.0					
13646.719	11.26300000000083	trials	21.0	13653.017112	13654.215803000001	13657.340705	13658.024684	13652.101961	13654.642406			1.0	2.0	0.0	3.0					
13661.632	5.184999999999491	trials	21.0	13663.42769	13664.550737	13665.727055	13666.009379000001	13662.102045	13664.832753			1.0	1.0	1.0	1.0					
13669.282	21.320999999999913	trials	21.0	13685.858185000001	13687.826465	13689.250667	13690.646307	13685.238593	13688.176479			1.0	2.0	0.0	3.0					
13693.567	12.820000000001528	trials	21.0	13703.198151	13704.678768	13705.981065	13706.401062	13702.349948000001	13705.224507			1.0	1.0	0.0	3.0					
13710.378	5.880999999999403	trials	21.0	13712.033207	13713.404945	13715.443612000001	13716.300635	13710.858234	13713.729816000001			1.0	2.0	0.0	3.0					
13717.742	11.125	trials	21.0	13725.212759	13727.186657	13728.16884	13728.911798000001	13724.261978	13727.468762			1.0	1.0	0.0	3.0					
13731.527	17.420000000000073	trials	21.0	13741.633379	13743.596931	13748.383158	13748.988274	13740.765402	13747.476585			1.0	1.0	0.0	3.0					
13752.738	10.328999999999724	trials	21.0	13755.899784000001	13757.805077	13760.978775	13761.428924	13754.911571	13758.071469	13761.612	13763.067	1.0	2.0	1.0	1.0					
13766.089	17.388999999999214	trials	21.0	13776.878404000001	13778.7401	13782.575379	13783.521609	13776.100396	13779.078294			1.0	2.0	0.0	3.0					
13784.986	11.880999999999403	trials	21.0	13791.057719	13792.356684	13793.428587	13793.909187000001	13790.266253	13792.679096			1.0	1.0	0.0	3.0					
13797.813	23.503999999998996	trials	21.0	13817.238768	13819.040868	13820.179172	13821.358908	13816.545098	13819.376831			1.0	2.0	0.0	3.0					
13822.482	29.270000000000437	trials	21.0	13846.245681	13847.829713000001	13849.612710000001	13849.664543	13845.559128	13848.196391	13850.243	13851.752	1.0	2.0	1.0	1.0					
13853.802	14.264999999999418	trials	21.0	13862.513088	13864.136007000001	13865.399762000001	13865.447259	13861.798317	13864.292316000001			1.0	2.0	0.0	3.0					
13868.747	21.561000000001513	trials	21.0	13887.238803	13889.225546	13890.008406	13890.339030000001	13886.496096	13889.317637			1.0	1.0	0.0	3.0					
13894.347	12.509000000000015	trials	21.0	13899.893851	13901.656892	13904.636684000001	13904.713974	13899.213933	13903.644593	13905.217	13906.856	1.0	2.0	1.0	1.0					
13909.943	11.439000000000306	trials	21.0	13916.028989	13917.525566	13918.971174	13919.050985	13915.022115	13917.953916	13919.657	13921.382	1.0	2.0	1.0	1.0					
13924.469	12.808000000000902	trials	21.0	13930.954251000001	13932.156164	13934.810528	13935.335147	13930.182731	13932.464265	13935.597	13937.277	1.0	2.0	1.0	1.0					
13941.37	13.429999999998472	trials	21.0	13948.848926	13950.847020000001	13953.049581	13954.841709	13948.254104	13951.076462			1.0	2.0	0.0	3.0					
13957.427	4.587999999999738	trials	21.0	13959.178593	13960.339782000001	13961.650658	13962.051044	13957.998454	13960.777548			1.0	1.0	0.0	3.0					
13963.939	7.487999999999374	trials	21.0	13965.504836	13967.567006000001	13970.636574	13971.443615	13964.920853	13968.280449			1.0	2.0	0.0	3.0					
13973.412	46.154999999998836	trials	21.0	14014.63889	14016.246246	14017.877466	14018.060855	14013.967076	14017.040054000001	14018.643	14019.567	1.0	2.0	1.0	1.0					
14023.652	10.774999999999636	trials	21.0	14029.879511000001	14031.077003	14032.327061	14032.780322	14028.927521	14031.440786000001	14033.037	14034.427	1.0	2.0	1.0	1.0					
14038.447	9.329999999999927	trials	21.0	14042.690918	14044.715378	14045.810859000001	14046.18807	14041.920368000001	14044.935486	14046.512	14047.777	1.0	2.0	1.0	1.0					
14051.837	9.920000000000073	trials	21.0	14057.049713	14058.694868	14059.534965	14059.604078	14056.135638	14058.888005	14060.317	14061.757	1.0	2.0	1.0	1.0					
14064.777	8.024999999999636	trials	21.0	14068.634180000001	14070.607874000001	14071.605162	14072.848649	14067.716903	14070.846			1.0	2.0	0.0	3.0					
14073.927	20.425999999999476	trials	21.0	14089.50972	14090.701797	14092.432851	14092.69409	14088.878944	14091.311319	14093.097	14094.353	1.0	2.0	1.0	1.0					
14096.384	1196.8979999999992	BlockDesign														1.0	661.0	729.0	50.0	10.0
14096.384	10.218999999999141	trials	22.0	14103.415521	14104.85102	14105.993342	14106.645711000001	14102.69834	14105.1401			1.0	2.0	0.0	3.0					
14108.342	7.175999999999476	trials	22.0	14110.799907	14112.748607	14113.610201	14113.887011	14110.039512	14112.929774	14114.217	14115.518	1.0	1.0	1.0	1.0					
14118.562	17.69000000000051	trials	22.0	14130.269573	14132.183849000001	14133.070637	14133.439665	14129.365938	14132.340462			1.0	1.0	0.0	3.0					
14136.354	5.203000000001339	trials	22.0	14138.045021	14139.511685			14136.861967	14139.505746			1.0		0.0	2.0					
14144.637	15.274999999999636	trials	22.0	14157.059822	14158.322253	14159.227097	14159.954664	14156.362565	14158.545185			1.0	2.0	0.0	3.0					
14163.583	110.1239999999998	trials	22.0	14267.816787	14269.443531	14270.345402	14270.94554	14267.235723	14269.678748			1.0	1.0	0.0	3.0					
14274.632	15.015000000001237	trials	22.0	14286.165521	14287.802663	14289.128577	14289.695204	14285.510202	14288.433599			1.0	1.0	0.0	3.0					
14291.533	5.852000000000771	trials	22.0	14293.206349	14295.024309	14296.466804	14297.427102	14292.504794	14295.535416			1.0	2.0	0.0	3.0					
14298.892	11.114999999999782	trials	22.0	14303.955666	14306.363089	14308.108239000001	14308.390295000001	14303.127348	14307.402683	14308.827	14310.007	1.0	1.0	1.0	1.0					
14313.052	12.56500000000051	trials	22.0	14322.201564	14323.850784	14325.129507	14325.665066000001	14321.276768	14324.300247			1.0	1.0	0.0	3.0					
14329.477	6.469999999999345	trials	22.0	14331.100419	14332.487967000001	14333.703953	14335.991234000001	14329.753532	14332.797593			1.0	2.0	0.0	3.0					
14337.052	6.489999999999782	trials	22.0	14340.031269	14341.734123	14342.980455	14343.586079	14339.231913	14342.288852			1.0	1.0	0.0	3.0					
14347.262	5.649999999999636	trials	22.0	14348.872154	14350.533492	14351.78333	14352.957702	14348.113794	14350.523778			1.0		0.0	2.0					
14356.573	25.638999999999214	trials	22.0	14376.666001	14378.411944	14380.033647	14380.607677	14375.864034	14379.009381	14380.63	14382.212	1.0	2.0	1.0	1.0					
14386.283	12.088999999999942	trials	22.0	14392.93634	14394.462548	14397.605892	14398.418768	14392.269315000001	14395.124399			1.0	2.0	0.0	3.0					
14401.937	8.465000000000146	trials	22.0	14405.89084	14407.910171	14408.648087000001	14408.831252	14405.069465	14408.016729	14409.308	14410.402	1.0	1.0	1.0	1.0					
14412.487	11.915000000000873	trials	22.0	14418.93622	14420.083146	14422.22888	14422.658856	14418.03623	14421.343547	14422.942	14424.402	1.0	1.0	1.0	1.0					
14426.484	12.112999999999374	trials	22.0	14434.7019	14436.709764	14437.953414	14438.64177	14434.10375	14437.16238			1.0	1.0	0.0	3.0					
14441.311	9.720999999999549	trials	22.0	14445.001925	14446.588425	14449.190939	14451.076742000001	14444.282068	14448.118518			1.0	2.0	0.0	3.0					
14452.552	23.409999999999854	trials	22.0	14468.881692	14469.998027	14472.066029	14472.624624	14467.940411	14471.186298			1.0	1.0	0.0	3.0					
14476.402	6.649999999999636	trials	22.0	14478.141534	14479.33338	14482.319602	14483.096748	14476.008104	14479.884904			1.0	2.0	0.0	3.0					
14485.667	57.1200000000008	trials	22.0	14539.036955	14540.228132	14541.030874	14541.304357	14538.130334000001	14540.460873	14541.768	14542.787	1.0	1.0	1.0	1.0					
14544.912	9.135000000000218	trials	22.0	14550.068525	14552.208560000001	14553.509243	14554.093076000001	14549.169457	14552.568212			1.0	1.0	0.0	3.0					
14556.923	5.135000000000218	trials	22.0	14558.497368	14559.88751	14561.330289000001	14562.106866	14557.33209	14560.21505			1.0	2.0	0.0	3.0					
14565.677	5.885000000000218	trials	22.0	14567.326274000001	14569.162260000001	14569.787953000001	14569.998509000001	14566.024487	14569.213335	14570.437	14571.562	1.0	1.0	1.0	1.0					
14573.718	9.593999999999141	trials	22.0	14579.381914	14581.085419000001	14582.727162	14583.358778	14578.745809	14581.932224			1.0	1.0	0.0	3.0					
14587.128	6.394000000000233	trials	22.0	14588.992315	14590.718868	14592.824298	14593.570707	14587.971311000001	14590.96604			1.0	2.0	0.0	3.0					
14595.237	25.865999999999985	trials	22.0	14618.983977	14619.05427			14618.429673	14619.048098			1.0		0.0	2.0					
14623.113	18.11499999999978	trials	22.0	14635.85904	14637.614715	14639.0388	14639.100078	14635.000068000001	14638.065247			1.0	2.0	0.0	3.0					
14643.388	23.138999999999214	trials	22.0	14661.758013	14663.353989	14664.675858	14664.957152	14660.983854	14663.927376	14665.222	14666.527	1.0	1.0	1.0	1.0					
14669.568	16.97400000000016	trials	22.0	14681.738331	14683.614683	14684.658681	14684.877935	14680.838123000001	14683.917692	14685.297	14686.542	1.0	1.0	1.0	1.0					
14690.612	9.275000000001455	trials	22.0	14695.048779	14696.740794000001	14697.774660000001	14697.951699000001	14694.201899	14696.970144	14698.447	14699.887	1.0	1.0	1.0	1.0					
14701.952	11.630000000001019	trials	22.0	14708.587692000001	14709.714816	14711.631897	14712.001796	14707.795056	14710.480313	14712.282	14713.582	1.0	1.0	1.0	1.0					
14716.626	14.33599999999933	trials	22.0	14726.248308	14727.794816	14728.944939	14729.257472000001	14725.572648000001	14728.120109	14729.583	14730.962	1.0	1.0	1.0	1.0					
14734.067	9.845000000001164	trials	22.0	14739.493097	14741.023016	14742.158684	14742.427697	14738.732532	14741.445129	14742.897	14743.912	1.0	1.0	1.0	1.0					
14745.928	8.918999999999869	trials	22.0	14751.984614	14753.508147	14754.561612000001	14754.852492	14751.412592	14753.819658			1.0	1.0	0.0	3.0					
14756.862	8.490999999999985	trials	22.0	14758.962391000001	14760.774477	14762.128748	14763.315009	14757.335907	14761.097172			1.0	2.0	0.0	3.0					
14766.407	7.940000000000509	trials	22.0	14769.734473	14770.924923	14772.307943	14772.61188	14769.080441	14771.527196000001	14773.097	14774.347	1.0	2.0	1.0	1.0					
14776.392	13.791000000001077	trials	22.0	14785.049135000001	14787.021063	14788.300006000001	14788.616465	14784.292949	14787.450746	14788.933	14790.183	1.0	1.0	1.0	1.0					
14793.302	11.979999999999563	trials	22.0	14800.673294	14801.865105	14803.294527	14803.595761	14799.947099	14802.394894000001	14803.882	14805.282	1.0	1.0	1.0	1.0					
14809.364	13.069000000001324	trials	22.0	14815.529625	14817.479766	14818.731006	14819.041505000001	14814.78315	14817.908792			1.0	1.0	0.0	3.0					
14823.015	5.692000000000917	trials	22.0	14824.823919	14826.521757	14827.693011	14828.757098	14822.482434000001	14826.727464			1.0	2.0	0.0	3.0					
14830.963	4.789000000000669	trials	22.0	14832.864093	14834.84027	14835.431765000001	14835.800051	14831.732865	14834.83512			1.0	1.0	0.0	3.0					
14838.768	17.375	trials	22.0	14849.339085	14850.889741	14852.815623	14854.326411	14848.534266	14851.845768			1.0	2.0	0.0	3.0					
14857.097	15.546000000000276	trials	22.0	14867.030331	14868.655556	14870.552968	14870.934929000001	14866.369194	14869.66721	14871.292	14872.643	1.0	1.0	1.0	1.0					
14875.727	9.250999999998385	trials	22.0	14881.538696	14883.260583	14884.419523	14885.028459000001	14880.713826	14883.553728			1.0	1.0	0.0	3.0					
14887.692	7.911000000000058	trials	22.0	14890.210411	14891.550579	14895.103892	14895.648392	14889.347202	14892.522824			1.0	2.0	0.0	3.0					
14898.487	32.44600000000173	trials	22.0	14925.69533	14927.576181	14928.820374	14929.323954	14924.732368	14928.047835000001	14929.492	14930.933	1.0	1.0	1.0	1.0					
14935.018	7.843999999999141	trials	22.0	14939.349041000001	14941.243823	14942.316435	14942.913245	14938.525337000001	14941.525832			1.0	1.0	0.0	3.0					
14944.628	5.403999999998632	trials	22.0	14947.754426	14947.996223			14946.752546	14947.990947			1.0		0.0	2.0					
14952.111	38.08099999999831	trials	22.0	14984.905482	14986.73758	14988.143294000001	14988.512686	14984.254621	14987.2093	14988.837	14990.192	1.0	1.0	1.0	1.0					
14993.229	20.00300000000061	trials	22.0	15008.514013	15009.898527000001	15011.322666	15011.611731	15007.893945	15010.352682	15011.962	15013.232	1.0	1.0	1.0	1.0					
15017.302	7.510000000000218	trials	22.0	15021.479288	15023.127813	15024.408148	15024.86222	15020.865450000001	15023.513882			1.0	1.0	0.0	3.0					
15026.693	7.674000000000888	trials	22.0	15029.945982000001	15029.982477000001	15034.352772	15034.418075	15029.060637	15029.975678			1.0		0.0	2.0					
15036.002	5.265999999999622	trials	22.0	15037.959671	15039.741606	15040.822203	15041.317533000001	15037.172898	15040.097522			1.0	1.0	0.0	3.0					
15043.103	17.944000000001324	trials	22.0	15057.599744	15058.692396	15060.137759000001	15061.094888	15057.089876	15059.353109			1.0	2.0	0.0	3.0					
15064.408	8.684000000001106	trials	22.0	15068.210133	15070.21178	15071.211357	15071.460926	15067.247413000001	15070.477932	15073.067	15073.092	1.0	1.0	1.0	1.0					
15074.722	27.55500000000029	trials	22.0	15097.929494	15099.219594	15100.250442	15100.617456	15097.077906	15099.424445	15100.992	15102.277	1.0	1.0	1.0	1.0					
15104.302	13.194999999999709	trials	22.0	15114.115254	15115.696295	15116.942677000001	15117.548823000001	15113.253288	15115.982715			1.0	1.0	0.0	3.0					
15119.282	9.335000000000946	trials	22.0	15123.365349	15125.053316000001	15127.972299000001	15128.666661	15122.496568	15125.396321			1.0	2.0	0.0	3.0					
15131.382	10.470000000001164	trials	22.0	15138.501126	15139.613369	15141.294214000001	15141.903227	15137.984304	15140.408505			1.0	1.0	0.0	3.0					
15143.63	11.86200000000099	trials	22.0	15149.96979	15151.439103	15153.855415	15155.542694	15149.458846000001	15151.960795			1.0	2.0	0.0	3.0					
15157.192	54.155000000000655	trials	22.0	15207.805044	15209.712344	15210.731321	15211.394785	15207.027962	15209.981924			1.0	1.0	0.0	3.0					
15215.018	5.97400000000016	trials	22.0	15216.925889	15218.311593	15219.249597	15219.424725	15215.351441	15218.496099	15219.927	15220.992	1.0	1.0	1.0	1.0					
15225.052	7.841000000000349	trials	22.0	15229.250448	15231.138978	15232.293192000001	15232.941125000001	15228.730589	15231.448002000001			1.0	1.0	0.0	3.0					
15235.645	9.061999999999898	trials	22.0	15238.697277	15240.385685000001	15244.113870000001	15244.755921	15237.783645	15241.786506			1.0	2.0	0.0	3.0					
15247.622	12.915000000000873	trials	22.0	15255.571881	15256.869443	15258.49956	15258.842971	15254.778511	15257.581841	15259.103	15260.537	1.0	1.0	1.0	1.0					
15262.558	15.753999999998996	trials	22.0	15273.246396	15274.292721	15276.270801	15276.535530000001	15272.512521	15275.331611	15276.853	15278.312	1.0	1.0	1.0	1.0					
15282.398	10.884000000000015	trials	22.0	15288.322182	15289.425533	15291.135534000001	15291.516837	15287.556656	15290.125817	15291.747	15293.282	1.0	1.0	1.0	1.0					
15296.383	533.0190000000002	BlockDesign														1.0	730.0	752.0	50.0	0.0
15296.383	13.238999999999578	trials	23.0	15304.276576	15305.538181	15307.649325	15308.048999	15303.814037	15306.845924	15308.257	15309.622	2.0	1.0	1.0	1.0					
15311.638	10.618999999998778	trials	23.0	15318.401434	15320.037199	15321.337963	15322.358831	15317.564453	15320.396707			2.0	1.0	0.0	3.0					
15323.582	10.435999999999694	trials	23.0	15328.102004	15329.585236	15332.043287	15332.381996	15327.238166000001	15331.186153	15332.502	15334.018	2.0	1.0	1.0	1.0					
15338.112	10.790000000000873	trials	23.0	15344.861645	15346.539375	15348.051985	15349.003793	15343.873241	15347.045041			2.0	1.0	0.0	3.0					
15352.313	11.218999999999141	trials	23.0	15356.677487	15357.908264	15361.516695	15361.749211	15355.969718	15360.543056	15362.107	15363.532	2.0	1.0	1.0	1.0					
15365.583	11.198999999998705	trials	23.0	15372.857291	15374.565951	15376.062062	15376.882265	15372.261739	15375.107809000001			2.0	1.0	0.0	3.0					
15378.303	6.1340000000000146	trials	23.0	15380.538448	15381.762551	15383.541791	15384.541529	15379.90385	15382.616213			2.0	1.0	0.0	3.0					
15386.857	8.995999999999185	trials	23.0	15390.91924	15392.144763	15394.118687	15394.363457	15390.313403	15393.302743	15394.893	15395.853	2.0	1.0	1.0	1.0					
15397.872	12.375	trials	23.0	15405.44197	15406.667606	15408.12973	15408.576119	15404.572157	15407.120483	15408.768	15410.247	2.0	1.0	1.0	1.0					
15413.308	12.516999999999825	trials	23.0	15421.816972	15423.44392	15425.512903	15425.909699	15421.255366	15424.549339			2.0	1.0	0.0	3.0					
15427.827	11.085000000000946	trials	23.0	15432.987214	15434.737221	15437.028886	15437.263778	15432.117856	15436.260371	15437.627	15438.912	2.0	1.0	1.0	1.0					
15442.927	16.905000000000655	trials	23.0	15453.340193	15454.93426	15456.63854	15457.151024	15452.474113	15455.493329			2.0	1.0	0.0	3.0					
15459.872	5.936000000001513	trials	23.0	15461.713936	15462.994132	15465.203963	15465.910711	15459.935024	15464.225288			2.0	1.0	0.0	3.0					
15467.433	56.20999999999913	trials	23.0	15521.072302	15521.734648			15520.276526	15521.727326			2.0		0.0	2.0					
15525.647	8.620999999999185	trials	23.0	15527.41433	15528.469852			15526.219502	15528.464179			2.0		0.0	2.0					
15534.457	6.315000000000509	trials	23.0	15537.128141	15538.614388	15540.387695	15540.824864	15536.574803	15539.495002			2.0	2.0	0.0	3.0					
15542.696	44.94100000000071	trials	23.0	15583.682978	15584.983397	15585.918991	15586.224176	15583.131587	15585.294743	15546.372	15587.637	2.0	1.0	1.0	1.0					
15590.722	32.63999999999942	trials	23.0	15620.188658000001	15622.05962	15622.837604	15623.465771	15619.235777	15622.118608			2.0	1.0	0.0	3.0					
15627.221	24.90099999999984	trials	23.0	15648.068015	15649.554581	15650.493182	15650.772546	15647.409896000001	15649.783682	15651.247	15652.122	2.0	1.0	1.0	1.0					
15654.143	141.875	trials	23.0	15792.574054	15794.025728			15791.784231	15794.023256			2.0		0.0	2.0					
15800.027	4.9950000000008	trials	23.0	15801.794565	15803.551	15804.595214	15805.128726	15800.622347	15803.934802			2.0	1.0	0.0	3.0					
15807.827	4.845000000001164	trials	23.0	15809.863985	15811.233278	15812.055517	15812.775323	15808.29596	15811.273423			2.0	2.0	0.0	3.0					
15814.417	14.985000000000582	trials	23.0	15826.334505	15827.463179			15825.788114	15828.816503			2.0	1.0	0.0	3.0					
15831.797	454.16499999999905	BlockDesign														1.0	753.0	777.0	0.0	50.0
15831.797	9.825999999999112	trials	24.0	15837.949962	15839.717293	15840.930260000001	15841.292617	15837.031281	15839.709147			3.0		0.0	2.0					
15843.707	19.359999999998763	trials	24.0	15858.30928	15860.299426	15861.018839	15863.16966	15857.5237	15860.263483			3.0	2.0	0.0	3.0					
15864.252	65.79999999999927	trials	24.0	15925.84958	15926.940065	15928.242463	15928.577513	15924.857956	15927.132017	15928.827	15930.052	3.0	2.0	1.0	1.0					
15934.117	8.965000000000146	trials	24.0	15937.683973	15939.566234	15940.945433	15941.420126	15937.113179	15939.856549	15941.552	15943.082	3.0	2.0	1.0	1.0					
15946.183	8.023999999999432	trials	24.0	15950.630296	15952.187853	15953.309501	15954.310853	15949.798208	15952.314956			3.0	2.0	0.0	3.0					
15955.567	7.360000000000582	trials	24.0	15959.589991	15960.918995	15961.687439	15962.448983	15958.73107	15960.908811			3.0		0.0	2.0					
15967.008	10.543999999999869	trials	24.0	15972.015043	15973.89311	15975.253868	15975.846814	15971.363207	15974.17043	15975.842	15977.552	3.0	2.0	1.0	1.0					
15979.643	14.703999999999724	trials	24.0	15988.109801	15989.191592	15991.963611	15992.572964	15987.472673	15989.794771	15992.687	15994.347	3.0	2.0	1.0	1.0					
15998.457	13.590000000000146	trials	24.0	16005.199814	16006.375675	16009.935426	16010.449388	16004.32623	16006.621511	16010.603	16012.047	3.0	2.0	1.0	1.0					
16015.14	11.787000000000262	trials	24.0	16023.095808	16024.941977	16026.231569	16026.734203	16022.308154	16024.936711			3.0		0.0	2.0					
16028.972	4.670000000000073	trials	24.0	16031.055513	16031.736710000001			16029.377266	16031.728417			3.0		0.0	2.0					
16035.652	18.774999999999636	trials	24.0	16048.729292	16050.299157	16052.886824	16054.532308	16047.804075	16050.564046			3.0	2.0	0.0	3.0					
16057.192	9.530000000000655	trials	24.0	16061.400185	16063.335944	16066.068815	16066.825939	16060.631138	16063.596683			3.0	2.0	0.0	3.0					
16068.429	52.46399999999994	trials	24.0	16115.800625	16116.903826	16118.893825	16119.425714	16115.282828	16117.452344	16119.603	16120.893	3.0	2.0	1.0	1.0					
16123.98	9.61700000000019	trials	24.0	16128.605387	16130.62463	16132.612909	16133.703164	16127.935033	16130.751158000001			3.0	2.0	0.0	3.0					
16134.902	8.485000000000582	trials	24.0	16138.405843	16139.61011	16141.374374	16141.723529	16137.656455	16139.801218	16142.103	16143.387	3.0	2.0	1.0	1.0					
16145.407	13.861000000000786	trials	24.0	16152.757114	16154.668089	16156.977461	16157.528807	16152.016367	16154.819182	16157.558	16159.268	3.0	2.0	1.0	1.0					
16163.347	12.0	trials	24.0	16170.410234	16171.870024	16172.835011	16172.929717	16169.70726	16171.81814	16173.478	16175.347	3.0	2.0	1.0	1.0					
16178.375	9.268000000000029	trials	24.0	16184.160612	16185.64778	16186.746097	16187.168821	16183.29067	16185.644227			3.0		0.0	2.0					
16189.722	7.385000000000218	trials	24.0	16192.935749	16193.992367	16195.515017	16197.213001	16192.358951	16194.603876000001			3.0	2.0	0.0	3.0					
16197.828	14.764000000001033	trials	24.0	16205.377219	16207.227975	16210.189120000001	16210.745929	16204.449409	16207.524046	16210.842	16212.592	3.0	2.0	1.0	1.0					
16216.612	10.965000000000146	trials	24.0	16221.34124	16222.500244	16225.235516	16227.683548	16220.569168	16222.860365			3.0	2.0	0.0	3.0					
16228.594	36.608000000000175	trials	24.0	16259.266268	16260.385178	16262.959126	16263.433295	16258.404621	16260.884008	16263.537	16265.202	3.0	2.0	1.0	1.0					
16267.222	11.225000000000364	trials	24.0	16274.061317	16275.633493	16276.675655000001	16276.701442	16273.283777	16275.739719000001			3.0	2.0	0.0	3.0					
16278.973	6.988999999999578	trials	24.0	16283.161013	16284.21452	16285.862681	16286.065939	16282.322458	16285.109801			3.0	2.0	0.0	3.0					
16289.125	1237.308000000001	BlockDesign														1.0	778.0	821.0	50.0	50.0
16289.125	123.41700000000128	trials	25.0	16408.813243	16410.376715	16411.626086	16412.649736	16407.820751	16410.480019			3.0	2.0	0.0	3.0					
16413.942	5.440000000002328	trials	25.0	16416.285851	16418.130976	16418.876676	16419.487652	16415.674229	16418.214386			2.0	1.0	0.0	3.0					
16422.112	3.889999999999418	trials	25.0	16424.076563	16424.104301			16422.489113	16424.094974			2.0		0.0	2.0					
16430.012	16.479999999999563	trials	25.0	16441.637182	16443.385178	16444.514746	16444.90724	16440.885594	16443.743984	16444.978	16446.492	2.0	1.0	1.0	1.0					
16450.584	11.567999999999302	trials	25.0	16456.456943	16458.375232	16459.486722	16459.570169	16455.722187	16458.610514	16460.077	16462.152	3.0	2.0	1.0	1.0					
16464.207	10.39600000000064	trials	25.0	16470.321727	16471.408589	16473.604606	16474.711969	16469.613682	16471.770649			3.0	2.0	0.0	3.0					
16476.828	7.354999999999563	trials	25.0	16479.293897	16480.485566	16482.363037	16482.750446	16478.523494	16481.524252	16482.902	16484.183	2.0	1.0	1.0	1.0					
16486.202	12.860000000000582	trials	25.0	16492.321982	16494.058978	16496.693356	16497.29347	16491.746769	16494.369034	16497.322	16499.062	3.0	2.0	1.0	1.0					
16502.158	7.894000000000233	trials	25.0	16506.547694	16508.149426			16505.687	16508.143855			3.0		0.0	2.0					
16514.095	12.596999999997934	trials	25.0	16523.361995	16524.710678	16526.145064	16526.798141	16522.512109	16525.034665			2.0	2.0	0.0	3.0					
16529.362	41.90599999999904	trials	25.0	16566.957217	16568.367554	16569.484825	16569.829199	16566.00745	16568.774086	16570.047	16571.268	2.0	1.0	1.0	1.0					
16573.428	41.76900000000023	trials	25.0	16610.467838	16611.861607	16613.435965	16613.780629	16609.870886	16611.996935	16614.022	16615.197	3.0	2.0	1.0	1.0					
16617.267	39.41600000000108	trials	25.0	16652.372711	16654.142609	16654.950182	16655.316872	16651.666954	16654.210109	16655.612	16656.683	2.0	1.0	1.0	1.0					
16659.747	29.25	trials	25.0	16685.568244000002	16686.907108	16687.831802	16689.106397	16684.702778	16687.129054			3.0	2.0	0.0	3.0					
16690.183	5.039000000000669	trials	25.0	16692.589576	16693.84038	16694.693309	16695.32875	16691.772806	16694.001479			2.0	1.0	0.0	3.0					
16698.933	12.348999999998341	trials	25.0	16705.99265	16707.842808	16708.926451	16709.69671	16705.015364	16708.101822	16709.518	16711.282	3.0	2.0	1.0	1.0					
16714.338	11.588999999999942	trials	25.0	16722.488501	16723.810154	16724.96905	16726.033702	16721.602763	16724.046663			3.0	2.0	0.0	3.0					
16727.192	5.709999999999127	trials	25.0	16729.992746	16731.050369	16732.412784	16733.011012	16729.21715	16731.674971			2.0	1.0	0.0	3.0					
16735.667	52.594999999997526	trials	25.0	16783.832833	16785.595418	16786.66666	16788.369586	16783.173425	16785.858023			3.0	2.0	0.0	3.0					
16788.957	8.235000000000582	trials	25.0	16792.99309	16794.870023	16795.87853	16795.937794	16792.104812	16794.86128			3.0		0.0	2.0					
16799.839	13.828000000001339	trials	25.0	16808.314919	16810.107341	16811.716607	16812.036406	16807.736032	16810.731016	16812.402	16813.667	2.0	1.0	1.0	1.0					
16815.824	13.859000000000378	trials	25.0	16824.054112	16825.206404	16827.432968	16827.91187	16823.392514	16826.374379	16828.018	16829.683	2.0	1.0	1.0	1.0					
16833.772	11.66400000000067	trials	25.0	16842.174026	16843.704994	16845.102463	16845.539451	16841.447264	16843.941679			2.0	1.0	0.0	3.0					
16849.438	12.049000000002707	trials	25.0	16856.299138	16857.722458	16859.268766	16859.747371	16855.761085	16857.961528	16859.842	16861.487	3.0	2.0	1.0	1.0					
16865.567	15.590000000000146	trials	25.0	16876.88888	16878.235681	16880.077267	16881.268087	16875.907781	16878.508181			3.0	2.0	0.0	3.0					
16882.362	7.555000000000291	trials	25.0	16886.568611	16888.297169	16889.383387	16890.028183	16885.987795	16888.614488			3.0	1.0	0.0	3.0					
16891.728	11.830000000001746	trials	25.0	16898.02927	16899.611189	16901.33792	16901.817778	16897.156055	16899.629593999998	16902.002	16903.558	3.0	2.0	1.0	1.0					
16905.577	11.099999999998545	trials	25.0	16912.4652	16913.580301	16916.102908	16916.785975	16911.895573	16915.213736			2.0	1.0	0.0	3.0					
16919.427	7.381000000001222	trials	25.0	16921.434451	16923.184561000002	16926.209225	16926.919549	16920.420995	16923.614212			2.0	2.0	0.0	3.0					
16929.492	25.87000000000262	trials	25.0	16949.983969	16951.612159	16954.345796	16955.469229	16949.453359	16951.888769			3.0	2.0	0.0	3.0					
16957.567	15.860000000000582	trials	25.0	16970.17466	16972.047551	16972.875422	16973.536322	16969.619264	16972.277863			2.0	1.0	0.0	3.0					
16977.103	23.790000000000873	trials	25.0	16996.29989	16997.38324	16998.985574	16999.307702	16995.53116	16998.037372	16999.652	17000.893	2.0	1.0	1.0	1.0					
17003.912	11.974999999998545	trials	25.0	17010.158993	17011.744348	17014.394875	17015.994125	17009.588624	17011.964073			3.0	2.0	0.0	3.0					
17016.781	308.95600000000195	trials	25.0	17321.431262	17322.912038	17324.004679	17324.265614	17320.752152	17323.150642	17324.683	17325.737	3.0	2.0	1.0	1.0					
17329.821	9.330999999998312	trials	25.0	17334.172049	17336.129645	17337.041473	17337.549038	17333.595103	17336.306639	17337.603	17339.152	3.0	2.0	1.0	1.0					
17342.238	12.633999999998196	trials	25.0	17348.210678	17349.938051	17353.418182	17354.984476999998	17347.309688	17349.926453			2.0		0.0	2.0					
17355.9	5.282999999999447	trials	25.0	17358.200789	17359.602331000002	17360.88211	17361.291328	17357.635888	17360.095008			2.0	1.0	0.0	3.0					
17363.105	17.522000000000844	trials	25.0	17375.317579	17376.912856	17378.855328999998	17380.736258	17374.721412	17377.467595000002			3.0	2.0	0.0	3.0					
17381.137	10.479999999999563	trials	25.0	17386.665854	17388.659138	17389.803304	17390.095633	17385.90922	17389.03664	17390.452	17391.617	2.0	1.0	1.0	1.0					
17394.709	81.4429999999993	trials	25.0	17472.566164	17473.877191	17474.489195000002	17474.783093	17471.731043	17473.82528	17475.117	17476.152	2.0	1.0	1.0	1.0					
17479.232	11.485000000000582	trials	25.0	17487.842902	17489.292724	17490.333521	17490.827468	17486.944988	17489.539571			2.0	1.0	0.0	3.0					
17494.677	4.985000000000582	trials	25.0	17496.566903	17497.990412	17499.088826	17499.773719	17495.363251	17498.05055			3.0	2.0	0.0	3.0					
17502.363	6.779999999998836	trials	25.0	17504.652648	17506.470166	17507.401147	17507.69813	17504.041624	17506.70356	17507.987	17509.143	2.0	1.0	1.0	1.0					
17511.192	15.241000000001804	trials	25.0	17520.3468	17521.443139	17524.190606	17524.742893	17519.632928	17522.400929	17524.842	17526.433	3.0	2.0	1.0	1.0					
17530.472	167.08599999999933	BlockDesign														1.0	822.0	828.0	0.0	0.0
17530.472	13.07499999999709	trials	26.0	17536.517145	17538.538756	17539.968523	17540.710824	17535.691508	17539.067351			2.0	1.0	0.0	3.0					
17544.287	21.239999999997963	trials	26.0	17562.812963	17563.633813			17561.871025	17563.621295			2.0		0.0	2.0					
17570.615	42.862999999997555	trials	26.0	17610.29135	17611.842596	17612.944469000002	17613.591974	17609.328048	17612.232685			2.0	1.0	0.0	3.0					
17616.247	4.850000000002183	trials	26.0	17617.973214999998	17619.095401	17620.138842	17620.360926	17616.598376	17619.08758			2.0		0.0	2.0					
17624.158	17.775000000001455	trials	26.0	17638.276847	17640.253269	17641.20189	17642.044378	17637.485792	17640.50404			2.0	1.0	0.0	3.0					
17644.515	6.337999999999738	trials	26.0	17647.692349	17649.643867	17650.545245	17650.967243	17646.82793	17649.923261			2.0	1.0	0.0	3.0					
17654.797	42.76100000000224	trials	26.0	17693.59766	17695.447261			17692.748686	17696.662811000002			2.0	1.0	0.0	3.0					
17702.893	268.8889999999992	BlockDesign														1.0	829.0	837.0	0.0	0.0
17702.893	3.614000000001397	trials	27.0	17704.548548	17704.61033			17700.799511	17704.605199			3.0		0.0	2.0					
17709.593	41.11399999999776	trials	27.0	17747.012941	17748.460839	17750.160167000002	17750.821598	17746.426763	17748.620734			3.0	2.0	0.0	3.0					
17753.502	5.884999999998399	trials	27.0	17755.497423	17757.064577	17758.807832	17759.500579	17754.253696	17757.059486			3.0		0.0	2.0					
17762.094	53.42399999999907	trials	27.0	17811.767839	17813.624031	17814.792656	17815.07863	17811.122117	17813.610721			3.0		0.0	2.0					
17818.527	5.015000000003056	trials	27.0	17820.627257	17821.640164	17822.366459	17822.423164	17819.45061	17821.633843			3.0		0.0	2.0					
17826.626	9.041000000001077	trials	27.0	17831.312824	17833.290509	17834.264026	17835.781189	17830.786515	17833.536044			3.0	2.0	0.0	3.0					
17837.5	13.54200000000128	trials	27.0	17847.652892	17848.891319000002	17850.474907	17851.15349	17846.906027	17849.615454			3.0	1.0	0.0	3.0					
17853.84	5.496999999999389	trials	27.0	17855.557954	17857.011103	17858.641151	17859.447699	17855.048714	17857.296872			3.0	2.0	0.0	3.0					
17861.933	109.84899999999834	trials	27.0	17969.627749	17970.861893			17968.813697	17971.153348			3.0	1.0	0.0	3.0					
17975.152	1096.193000000003	BlockDesign														1.0	838.0	893.0	50.0	50.0
17975.152	5.645000000000437	trials	28.0	17976.933503	17978.020102	17979.144493	17979.495001	17975.756833	17978.531654	17979.742	17980.797	2.0	1.0	1.0	1.0					
17983.89	11.856999999999971	trials	28.0	17989.963254000002	17991.308885	17993.445116	17993.920841	17989.432303	17992.008461	17994.072	17995.747	3.0	2.0	1.0	1.0					
17997.768	10.959999999999127	trials	28.0	18004.568314	18005.749651	18007.728317	18008.840799999998	18003.660941000002	18006.571939			3.0	2.0	0.0	3.0					
18010.018	27.699000000000524	trials	28.0	18032.134834	18033.315413	18034.990549000002	18035.452731	18031.367063	18033.541361	18035.697	18037.717	3.0	2.0	1.0	1.0					
18041.817	8.786000000000058	trials	28.0	18046.943486	18048.750017	18049.799434	18050.712733	18046.113401	18049.035883			3.0	2.0	0.0	3.0					
18053.077	4.3400000000001455	trials	28.0	18054.858545	18056.155316	18056.972727	18057.530788	18054.312658	18056.286556			2.0	1.0	0.0	3.0					
18061.332	9.335000000002765	trials	28.0	18066.283404	18067.622804	18070.184557	18070.778452	18065.662602	18069.367927			2.0	1.0	0.0	3.0					
18072.471	12.131999999997788	trials	28.0	18080.513938	18082.543709	18083.655305	18083.914711	18079.674719	18083.001038			2.0	1.0	1.0	1.0					
18087.172	16.765000000003056	trials	28.0	18098.439104	18100.295896	18102.105203	18102.343502	18097.519246	18101.230242999998	18102.717	18103.937	2.0	1.0	1.0	1.0					
18106.954	20.472999999998137	trials	28.0	18120.559393	18122.247359	18123.223399	18124.063503	18119.559905000002	18122.498284			2.0	1.0	0.0	3.0					
18127.443	5.958999999998923	trials	28.0	18129.244028	18130.485953	18131.550467	18131.77422	18127.542662	18130.804142	18132.228	18133.402	2.0	1.0	1.0	1.0					
18135.457	13.75	trials	28.0	18143.429278	18145.177316	18146.959633	18147.404753	18142.725053000002	18145.527751	18147.512	18149.207	3.0	2.0	1.0	1.0					
18152.297	9.585000000002765	trials	28.0	18157.374143	18159.043784	18160.084438	18161.117593	18156.488555	18159.259921			3.0	2.0	0.0	3.0					
18162.344	5.764999999999418	trials	28.0	18164.854646	18166.250765	18167.847696	18168.176641	18164.174119	18166.554722			2.0	1.0	0.0	3.0					
18172.058	21.92399999999907	trials	28.0	18188.971168	18190.843523	18193.389694	18194.096874	18188.096322	18191.160265			3.0	2.0	0.0	3.0					
18196.612	8.409999999999854	trials	28.0	18200.266256	18201.918119	18204.050535000002	18204.485542	18199.627184	18202.322069			3.0	2.0	1.0	1.0					
18209.547	17.656000000002678	trials	28.0	18218.349611	18220.172212	18226.660738	18227.317996	18217.784873	18220.51268			3.0	2.0	0.0	3.0					
18229.877	14.154999999998836	trials	28.0	18238.917952	18240.730759	18242.229266000002	18242.522643	18238.123691	18241.366526	18242.757	18244.032	2.0	1.0	1.0	1.0					
18246.117	13.680000000000291	trials	28.0	18253.209233	18254.910511000002	18257.464402999998	18257.918102	18252.66533	18255.21343	18258.09	18259.797	3.0	2.0	1.0	1.0					
18262.817	12.286000000000058	trials	28.0	18269.135788	18270.414359	18272.804898000002	18273.417811	18268.549365	18270.977493	18273.437	18275.103	3.0	2.0	1.0	1.0					
18278.158	11.775000000001455	trials	28.0	18285.084295	18286.650916	18287.937349	18288.289138	18284.288047000002	18287.003561999998	18288.592	18289.933	2.0	1.0	1.0	1.0					
18292.022	9.965000000000146	trials	28.0	18298.520146	18300.290631	18301.672505	18302.102577999998	18297.519523	18300.720914999998			2.0	1.0	0.0	3.0					
18305.95	4.851999999998952	trials	28.0	18307.819783	18309.178067	18310.206304	18310.914652	18306.343403	18309.466274			2.0	1.0	0.0	3.0					
18312.558	11.459999999999127	trials	28.0	18318.974863	18320.226905	18323.265503	18324.129938	18318.188599	18320.924336			3.0	2.0	0.0	3.0					
18325.5	52.13699999999881	trials	28.0	18374.068835000002	18375.205212	18376.503717	18377.705687	18373.357197	18375.504677			2.0	2.0	0.0	3.0					
18379.907	10.555000000000291	trials	28.0	18385.793636000002	18387.708003	18388.386124	18388.830524	18384.931722	18387.718317	18389.172	18390.462	3.0	2.0	1.0	1.0					
18393.517	8.830000000001746	trials	28.0	18399.094823	18400.623152	18401.966787	18402.403307	18398.385508	18401.086638			2.0	1.0	0.0	3.0					
18406.312	5.389999999999418	trials	28.0	18408.409326	18409.762482000002			18406.734808	18409.748427			3.0		0.0	2.0					
18415.712	14.924999999999272	trials	28.0	18427.278968	18428.693048	18430.004308	18430.229586	18426.504767000002	18428.679897			3.0		0.0	2.0					
18432.647	21.25499999999738	trials	28.0	18450.354289	18451.811120000002	18453.334293	18453.971592	18449.476833	18452.539304			2.0	1.0	0.0	3.0					
18455.702	6.32499999999709	trials	28.0	18458.332473	18459.437395	18461.460918	18462.097082	18457.768187	18459.664526			3.0	2.0	0.0	3.0					
18464.792	22.6349999999984	trials	28.0	18482.344775	18484.280997	18485.784164	18486.04338	18481.695087	18485.046758	18486.437	18487.427	2.0	1.0	1.0	1.0					
18490.532	95.60499999999956	trials	28.0	18582.756369	18584.117031	18585.00783	18585.763898	18582.143013	18584.105158000002			3.0		0.0	2.0					
18590.147	8.899999999997817	trials	28.0	18595.244995	18597.192627	18598.337603	18599.116056	18594.62462	18597.26661			3.0	2.0	0.0	3.0					
18601.727	10.260000000002037	trials	28.0	18606.989663	18608.976848000002	18610.266477	18610.464666	18606.314934	18609.492921	18610.937	18611.987	2.0	1.0	1.0	1.0					
18615.031	14.620999999999185	trials	28.0	18625.420833	18626.68704	18627.504527	18627.979728000002	18624.882614000002	18626.824408	18628.177	18629.652	3.0	2.0	1.0	1.0					
18633.737	19.740999999998166	trials	28.0	18649.209758	18650.544846	18651.445036	18651.80519	18648.319826	18650.588002	18652.067	18653.478	3.0	2.0	1.0	1.0					
18655.561	12.195999999999913	trials	28.0	18663.566016	18664.973411	18665.945667	18666.201405	18662.598104	18665.168388000002	18666.692	18667.757	2.0	1.0	1.0	1.0					
18669.818	45.943999999999505	trials	28.0	18712.475684	18713.652563	18715.658028	18715.830121	18711.620793000002	18713.645406			2.0		0.0	2.0					
18717.628	4.7039999999979045	trials	28.0	18719.552201	18720.706702	18721.976109	18722.403585	18718.718838	18720.849896			2.0	2.0	0.0	3.0					
18724.312	10.50499999999738	trials	28.0	18730.466739	18732.378917000002	18733.618383	18734.888146	18729.783423	18732.583191			3.0	2.0	0.0	3.0					
18736.927	30.375	trials	28.0	18764.470835	18766.053881	18767.01287	18767.372166	18763.72436	18766.328852			2.0	1.0	0.0	3.0					
18771.272	13.145000000000437	trials	28.0	18780.941387	18782.473587	18783.665354	18784.323138	18780.355557	18782.463783			3.0		0.0	2.0					
18787.469	35.44800000000032	trials	28.0	18820.030821	18820.982583	18822.380582	18822.662894	18819.140198	18820.973255			3.0		0.0	2.0					
18824.993	17.205000000001746	trials	28.0	18838.221288	18839.888193	18840.495347	18840.732006000002	18837.222116	18839.869068	18841.198	18842.198	2.0	1.0	1.0	1.0					
18844.237	31.695999999999913	trials	28.0	18873.940995	18873.99951			18872.970003000002	18873.987191			2.0		0.0	2.0					
18879.968	36.449000000000524	trials	28.0	18913.068382	18914.408215	18915.113754	18915.618355	18912.516108	18914.405654000002			3.0		0.0	2.0					
18919.492	19.095000000001164	trials	28.0	18934.316285	18935.988144	18936.86745	18937.103637	18933.673181000002	18936.250545	18937.447	18938.587	2.0	1.0	1.0	1.0					
18941.617	20.12000000000262	trials	28.0	18955.856875	18957.088050000002			18954.865352	18957.082272			3.0		0.0	2.0					
18962.188	10.540000000000873	trials	28.0	18969.186892	18970.665939	18971.924911000002	18972.797873	18968.472024	18971.036538			3.0	2.0	0.0	3.0					
18974.247	5.209999999999127	trials	28.0	18976.331122	18977.86584	18978.774584	18979.071191	18975.240109000002	18978.117636			2.0	1.0	0.0	3.0					
18983.088	17.514999999999418	trials	28.0	18996.967911	18998.595072	18999.352735	19000.122537	18996.334958	18998.587505			3.0		0.0	2.0					
19003.656	6.416000000001077	trials	28.0	19006.401636	19007.658366	19009.459193	19010.143422	19005.796134	19008.797459			2.0	1.0	0.0	3.0					
19011.768	7.165000000000873	trials	28.0	19013.982582	19015.188459	19017.283472	19017.472067	19013.286149	19016.521844	19017.808	19018.933	2.0	1.0	1.0	1.0					
19022.997	22.81999999999971	trials	28.0	19041.428145	19043.058765	19044.095501	19044.351408	19040.474144	19043.330517000002	19044.853	19045.817	2.0	1.0	1.0	1.0					
19047.891	23.454000000001543	trials	28.0	19068.461921000002	19070.408903	19071.279975	19071.868449	19067.791245	19070.574141			3.0	1.0	0.0	3.0					
19075.552	604.4000000000015	BlockDesign														1.0	894.0	928.0	10.0	50.0
19075.552	9.381000000001222	trials	29.0	19081.977111	19082.994171000002			19081.006491	19082.987547			1.0		0.0	2.0					
19088.972	11.110999999997148	trials	29.0	19092.597588	19094.301354	19095.846379	19096.513049	19092.089732	19095.089964			1.0	1.0	0.0	3.0					
19100.109	6.5679999999993015	trials	29.0	19102.046947	19103.805769	19104.572306000002	19105.127256	19100.201493	19103.795525	19105.152	19106.677	1.0	2.0	1.0	1.0					
19109.783	22.489000000001397	trials	29.0	19126.847667000002	19128.793563	19130.545512	19132.345463	19126.137	19129.502255			1.0	2.0	0.0	3.0					
19132.942	5.220000000001164	trials	29.0	19135.577319	19137.114647000002	19137.836553	19138.135224	19135.002434	19137.12497			1.0	1.0	0.0	3.0					
19141.242	9.284999999999854	trials	29.0	19146.468955	19148.288931	19149.982596	19150.599164	19145.903685	19149.143547			1.0	1.0	0.0	3.0					
19154.257	6.54399999999805	trials	29.0	19156.447789	19157.818998	19160.066094	19160.872854	19155.810447	19158.28533			1.0	2.0	0.0	3.0					
19164.327	22.584999999999127	trials	29.0	19182.128607	19184.063832	19186.175629	19186.983141	19181.251731	19184.238468			1.0	2.0	0.0	3.0					
19189.472	23.880999999997584	trials	29.0	19211.304058	19211.419427			19210.666563	19211.414585			1.0		0.0	2.0					
19216.362	88.11999999999898	trials	29.0	19301.318030000002	19303.130663	19303.959898	19304.556934	19300.627566	19303.287866			1.0	1.0	0.0	3.0					
19306.313	7.069000000003143	trials	29.0	19308.518489000002	19310.121171	19311.485479	19311.818033	19307.940657	19310.315375000002	19312.167	19313.382	1.0	2.0	1.0	1.0					
19316.467	24.349999999998545	trials	29.0	19337.188304	19338.85552	19339.458804	19340.410272	19336.324908	19338.844185			1.0		0.0	2.0					
19344.847	7.43999999999869	trials	29.0	19349.028597	19350.649661	19352.028942	19352.243516	19348.441637	19351.343885000002			1.0	1.0	0.0	3.0					
19354.302	15.89600000000064	trials	29.0	19366.877783	19368.476342	19369.415682	19370.27453	19366.000508	19368.730274			1.0	1.0	0.0	3.0					
19373.747	17.480999999999767	trials	29.0	19386.538664	19388.032266000002	19389.183114	19389.644529	19385.747525	19388.34146	19389.787	19391.228	1.0	2.0	1.0	1.0					
19395.31	12.917999999997846	trials	29.0	19403.988731	19405.415189	19406.675537	19408.29912	19403.072311	19405.87836			1.0	2.0	0.0	3.0					
19409.942	5.229999999999563	trials	29.0	19411.939113	19413.156104			19410.212932000002	19413.148074			1.0		0.0	2.0					
19417.247	13.345000000001164	trials	29.0	19424.363936	19426.22586	19428.551939	19429.052202	19423.42119	19427.536473	19429.162	19430.592	1.0	2.0	1.0	1.0					
19432.613	15.563999999998487	trials	29.0	19441.760597	19443.092508	19446.02841	19446.499577	19440.890291	19443.69673	19446.612	19448.177	1.0	2.0	1.0	1.0					
19450.232	11.174999999999272	trials	29.0	19456.055498	19457.27183	19459.192511	19459.627298	19455.507221	19457.573805	19459.937	19461.407	1.0	2.0	1.0	1.0					
19463.427	11.595000000001164	trials	29.0	19470.510341	19471.935980000002	19474.150226	19475.098249	19469.57511	19472.276858			1.0	2.0	0.0	3.0					
19477.402	5.390000000003056	trials	29.0	19479.449163	19481.262516	19482.201726	19482.867681	19477.837794	19481.492816			1.0	1.0	0.0	3.0					
19484.533	8.329000000001543	trials	29.0	19487.524505	19488.571022	19490.593827	19491.153231	19486.556399	19488.895887	19491.212	19492.862	1.0	2.0	1.0	1.0					
19495.94	18.312000000001717	trials	29.0	19510.01975	19511.714124000002	19512.871355	19512.93619	19509.225735	19512.032867			1.0	2.0	0.0	3.0					
19515.122	14.885000000002037	trials	29.0	19526.463944	19527.50076	19529.341052	19530.079074	19525.549403	19527.889634			1.0	2.0	0.0	3.0					
19533.627	16.56000000000131	trials	29.0	19543.019539	19544.166258	19548.051524000002	19548.565434	19542.285429	19546.428743	19548.777	19550.187	1.0	2.0	1.0	1.0					
19553.265	11.066999999999098	trials	29.0	19559.235213	19560.762858000002	19562.120066	19564.404366	19558.298024	19561.090728			1.0	2.0	0.0	3.0					
19564.427	7.9099999999998545	trials	29.0	19568.970839	19570.413437	19571.987387	19572.412281	19568.182394	19571.074715			1.0	1.0	0.0	3.0					
19575.317	11.92699999999968	trials	29.0	19580.440032	19582.121138000002	19585.218075	19585.678211	19579.789794	19583.747078	19585.853	19587.244	1.0	1.0	1.0	1.0					
19589.359	11.993999999998778	trials	29.0	19595.089344	19596.476681	19599.233361	19599.621953	19594.403891	19596.826289	19600.018	19601.353	1.0	2.0	1.0	1.0					
19605.412	11.601999999998952	trials	29.0	19611.195618	19612.356203	19614.874823000002	19615.29317	19610.380011	19612.642445	19615.547	19617.014	1.0	2.0	1.0	1.0					
19619.028	12.674000000002707	trials	29.0	19626.98058	19628.541680000002	19631.352978	19631.775564	19626.056798	19628.536896			1.0		0.0	2.0					
19634.645	14.217000000000553	trials	29.0	19642.932734	19644.052233000002	19646.563616	19647.182336	19641.940226	19644.432	19647.157	19648.862	1.0	2.0	1.0	1.0					
19651.942	11.549999999999272	trials	29.0	19657.994927	19659.94769	19661.103846	19661.722989	19657.194105	19660.179084	19661.717	19663.492	1.0	2.0	1.0	1.0					
19666.577	13.375	trials	29.0	19673.910429	19675.822022	19677.773259	19678.236363	19672.923026	19676.024724	19678.407	19679.952	1.0	2.0	1.0	1.0					
19683.097	475.9499999999971	BlockDesign														1.0	929.0	954.0	50.0	90.0
19683.097	12.774999999997817	trials	30.0	19690.645335	19692.451895000002	19693.504514	19693.602591	19689.926261	19692.684342	19694.272	19695.872	1.0	2.0	1.0	1.0					
19698.942	8.280000000002474	trials	30.0	19703.851617	19704.922661	19706.147589	19706.790197000002	19702.958205	19705.203335000002			1.0	2.0	1.0	1.0					
19710.627	15.154999999998836	trials	30.0	19720.810569	19722.098996	19723.711805	19724.148794	19719.932829	19722.344951	19724.342	19725.782	1.0	2.0	1.0	1.0					
19729.87	8.05199999999968	trials	30.0	19732.745153	19734.740972	19735.657566	19736.24481	19731.875025	19734.939413	19736.268	19737.922	1.0	2.0	1.0	1.0					
19740.938	10.599000000001979	trials	30.0	19746.125631	19748.275931	19749.271991	19749.870711	19745.234244	19748.555754	19749.927	19751.537	1.0	2.0	1.0	1.0					
19754.627	8.764999999999418	trials	30.0	19760.245623	19761.457112	19762.833479	19763.082476	19759.713096	19761.447438			1.0		0.0	2.0					
19765.402	11.160000000003492	trials	30.0	19770.586991	19772.087615	19774.337643	19774.816142	19769.925078	19772.603255	19774.922	19776.562	1.0	2.0	1.0	1.0					
19780.612	10.570999999999913	trials	30.0	19785.735878	19787.81504	19788.855234	19789.434851	19784.910305	19788.014594	19789.467	19791.183	1.0	2.0	1.0	1.0					
19795.267	10.075000000000728	trials	30.0	19801.981139	19803.264497	19804.290855	19804.896215	19801.155047	19803.457151			1.0	2.0	1.0	1.0					
19807.817	11.424999999999272	trials	30.0	19816.061304	19817.256713	19818.187757	19818.881933	19815.128532	19817.477505			1.0	2.0	1.0	1.0					
19823.722	9.424999999999272	trials	30.0	19828.790663	19829.90762	19830.940119	19831.472285	19828.086357	19830.098591	19831.683	19833.147	1.0	2.0	1.0	1.0					
19835.162	10.224999999998545	trials	30.0	19840.932636	19842.195035	19843.119687	19843.562006	19840.120158	19842.4421	19843.933	19845.387	1.0	2.0	1.0	1.0					
19849.407	7.729999999999563	trials	30.0	19854.972633	19855.138263			19854.095576	19855.030091			1.0		0.0	2.0					
19860.282	73.45000000000073	trials	30.0	19930.432895	19930.538349000002	19933.689086	19933.809536	19929.607502	19930.52708			1.0		0.0	2.0					
19934.539	41.37299999999959	trials	30.0	19973.476898	19974.623778	19975.670402	19975.959951	19972.47771	19974.689354000002			1.0	1.0	0.0	3.0					
19978.957	7.930000000000291	trials	30.0	19983.763098	19984.955277			19983.077559	19984.943633			1.0		0.0	2.0					
19989.897	11.590000000000146	trials	30.0	19999.421672	19999.479470000002			19998.81249	19999.469457			1.0		0.0	2.0					
20005.562	31.830999999998312	trials	30.0	20034.452463	20035.604154	20037.126173	20037.467862	20033.841032	20036.050755			1.0	1.0	0.0	3.0					
20039.378	13.998999999999796	trials	30.0	20048.767317	20050.265574	20051.162696	20051.713308	20048.05065	20050.457768	20051.802	20053.377	1.0	2.0	1.0	1.0					
20057.397	9.279999999998836	trials	30.0	20062.59171	20064.664025000002	20065.442154	20065.910558	20061.820662000002	20064.66023			1.0		0.0	2.0					
20070.687	11.375	trials	30.0	20076.397359	20078.448855	20079.879915	20080.478537	20075.567093	20079.196698	20080.467	20082.062	1.0	2.0	1.0	1.0					
20085.14	11.197000000000116	trials	30.0	20090.447249	20091.645968	20093.719971	20094.271544	20089.768976	20092.010858	20094.337	20096.337	1.0	2.0	1.0	1.0					
20098.427	13.81000000000131	trials	30.0	20107.018038000002	20108.512281	20110.136573	20110.576895000002	20106.056715	20108.752281	20110.728	20112.237	1.0	2.0	1.0	1.0					
20116.283	9.84400000000096	trials	30.0	20121.202775	20122.583937	20123.647022	20124.356844	20120.367962	20122.812726	20124.242	20126.127	1.0	2.0	1.0	1.0					
20128.217	12.720000000001164	trials	30.0	20136.872523000002	20138.925416000002	20140.436786000002	20141.015508	20136.302156	20139.102965000002			1.0	2.0	0.0	3.0					
20142.757	16.289999999997235	trials	30.0	20153.781417000002	20155.265709	20156.925585	20157.395271	20153.196477	20155.508148	20157.597	20159.047	1.0	2.0	1.0	1.0					
20163.141	83.91600000000108	BlockDesign														1.0	955.0	961.0	0.0	0.0
20163.141	11.440999999998894	trials	31.0	20169.862716	20171.730338	20172.72578	20172.745973	20169.165114	20171.955761			1.0	2.0	0.0	3.0					
20175.987	7.059999999997672	trials	31.0	20179.614332	20180.700659000002	20182.362923	20183.124827	20178.731523000002	20181.105447			1.0	2.0	0.0	3.0					
20185.677	5.31499999999869	trials	31.0	20187.587874	20189.061248			20185.895894	20189.053229			1.0		0.0	2.0					
20195.002	17.989999999997963	trials	31.0	20208.403118000002	20209.904867	20212.247325	20213.070134	20207.766947	20210.346563			1.0	2.0	0.0	3.0					
20215.501	5.440999999998894	trials	31.0	20217.408102	20219.014344			20216.425088	20219.004977			1.0		0.0	2.0					
20224.952	6.645000000000437	trials	31.0	20227.797566	20228.820111	20231.248864	20231.675973	20227.177763	20229.640907			1.0	2.0	0.0	3.0					
20235.567	11.4900000000016	trials	31.0	20243.608198	20245.667064	20247.049705	20247.702981000002	20242.634175	20246.128062			1.0	1.0	0.0	3.0					
20249.397	345.625	BlockDesign														1.0	962.0	984.0	50.0	10.0
20249.397	14.264999999999418	trials	32.0	20260.087782	20261.740479	20263.404345	20263.611998	20259.481718	20262.203475000002			1.0	1.0	0.0	3.0					
20267.672	13.829000000001543	trials	32.0	20277.768744	20279.58473	20281.099485	20281.573023	20276.799012	20279.848241			1.0	2.0	0.0	3.0					
20284.487	20.24699999999939	trials	32.0	20301.158766	20302.686965	20303.413103	20304.199725	20300.299256000002	20302.674218			1.0		0.0	2.0					
20306.777	9.116000000001804	trials	32.0	20311.273557	20313.101582	20314.070937	20314.484375	20310.620361	20313.375246	20314.692	20315.893	1.0	1.0	1.0	1.0					
20318.978	25.14900000000125	trials	32.0	20341.288376	20342.102436			20340.338882	20342.092389			1.0		0.0	2.0					
20346.137	9.764999999999418	trials	32.0	20352.019238	20353.642013	20354.936283	20355.980223	20351.015114	20353.900292			1.0	2.0	0.0	3.0					
20357.272	18.68999999999869	trials	32.0	20371.27386	20372.615751	20374.120959	20374.586861	20370.297668	20373.295682	20374.797	20375.962	1.0	1.0	1.0	1.0					
20378.082	13.210000000002765	trials	32.0	20387.769221000002	20389.660611	20390.748995	20391.369813	20386.984991	20389.951494			1.0	1.0	0.0	3.0					
20393.074	6.922999999998865	trials	32.0	20396.218802	20397.540239	20399.254682	20400.07385	20395.614201	20397.820977			1.0	2.0	0.0	3.0					
20403.518	12.34400000000096	trials	32.0	20410.373673000002	20411.910774	20413.73577	20414.173527	20409.616104	20412.787806	20414.442	20415.862	1.0	1.0	1.0	1.0					
20419.943	9.70600000000195	trials	32.0	20426.043683	20428.026114	20429.147529	20429.729624	20425.510896	20428.277793			1.0	1.0	0.0	3.0					
20432.428	6.809000000001106	trials	32.0	20434.319116	20436.266548	20437.483065	20437.747119	20432.978329	20436.615426	20438.097	20439.237	1.0	1.0	1.0	1.0					
20443.321	12.390999999999622	trials	32.0	20450.664123000002	20452.271114	20454.07976	20454.357989	20449.79104	20452.572200000002	20454.717	20455.712	1.0	1.0	1.0	1.0					
20458.782	13.25	trials	32.0	20465.004323	20466.826606000002	20468.053374	20468.588541	20464.148517	20467.135235			1.0	1.0	0.0	3.0					
20472.362	5.395000000000437	trials	32.0	20474.265961	20475.335883	20476.683525	20477.833829	20472.112622	20475.626778			1.0	2.0	0.0	3.0					
20480.0	10.597000000001572	trials	32.0	20485.225608	20487.031247	20488.569839	20489.001028	20484.348063	20487.657936	20489.157	20490.597	1.0	1.0	1.0	1.0					
20494.685	12.146999999997206	trials	32.0	20501.819843	20503.517996000002	20504.697144	20505.074767000002	20501.057138	20503.901999	20505.302	20506.832	1.0	1.0	1.0	1.0					
20510.877	12.81499999999869	trials	32.0	20519.324571	20520.712187	20521.723699000002	20522.014769	20518.620573	20520.972979000002	20522.372	20523.692	1.0	1.0	1.0	1.0					
20526.712	12.369999999998981	trials	32.0	20533.999503	20535.541608			20533.103626	20535.536599			1.0		0.0	2.0					
20539.583	10.799000000002707	trials	32.0	20545.624620000002	20547.293328	20548.424529	20548.822752	20545.094422000002	20547.595612	20548.992	20550.382	1.0	1.0	1.0	1.0					
20552.424	14.238000000001193	trials	32.0	20562.48102	20563.518031	20564.730117	20565.002174	20561.811555	20563.834106000002	20565.497	20566.662	1.0	1.0	1.0	1.0					
20570.747	9.600000000002183	trials	32.0	20575.695173	20577.256082	20578.371053	20578.640135	20574.876326	20577.507384	20579.052	20580.347	1.0	1.0	1.0	1.0					
20583.457	11.565000000002328	trials	32.0	20592.884614000002	20594.254382	20595.012521	20595.639641	20592.22115	20594.256662			1.0	1.0	0.0	3.0					
20597.332	309.59500000000116	BlockDesign														1.0	985.0	1007.0	90.0	50.0
20597.332	6.490000000001601	trials	33.0	20600.119722	20601.246558	20602.137065	20602.344675	20599.416896	20601.535113	20602.722	20603.822	1.0	1.0	1.0	1.0					
20605.914	16.058000000000902	trials	33.0	20617.230459	20618.777115	20619.896316	20620.348992	20616.681851	20619.051836	20620.537	20621.972	1.0	1.0	1.0	1.0					
20624.031	12.951000000000931	trials	33.0	20632.545003	20634.096459	20635.173279000002	20635.374078	20631.827917000002	20634.351585	20635.697	20636.982	1.0	1.0	1.0	1.0					
20641.08	8.286999999996624	trials	33.0	20646.615205000002	20647.824719	20648.904824	20649.446664	20645.676249	20648.110484			1.0	1.0	0.0	3.0					
20651.233	6.688999999998487	trials	33.0	20653.226654000002	20655.14972	20656.082865	20656.358121	20651.813568	20655.378317	20656.643	20657.922	1.0	1.0	1.0	1.0					
20662.003	10.993999999998778	trials	33.0	20668.505076	20670.152332	20671.017984000002	20671.367679	20667.980579	20670.394350000002	20671.722	20672.997	1.0	1.0	1.0	1.0					
20677.14	8.503000000000611	trials	33.0	20681.440443	20683.013975	20683.803797	20684.000027000002	20680.55038	20683.089378	20684.357	20685.643	1.0	1.0	1.0	1.0					
20687.703	14.90899999999965	trials	33.0	20697.945748000002	20699.617588	20700.686701	20700.9078	20697.053499	20699.869508	20701.372	20702.612	1.0	1.0	1.0	1.0					
20705.632	10.989999999997963	trials	33.0	20714.040333	20715.345227	20716.387678	20716.538937	20713.081515	20715.582534			1.0	1.0	0.0	3.0					
20720.642	6.0900000000001455	trials	33.0	20722.470166	20723.978651	20724.912702	20725.056242	20721.154277	20724.208934000002	20725.587	20726.732	1.0	1.0	1.0	1.0					
20729.816	10.71600000000035	trials	33.0	20735.85236	20737.452387	20738.523632	20738.77737	20735.288038	20737.710303	20739.117	20740.532	1.0	1.0	1.0	1.0					
20743.612	11.419999999998254	trials	33.0	20750.345686	20751.367725	20753.031723	20753.346058	20749.558805	20752.112974	20753.777	20755.032	1.0	1.0	1.0	1.0					
20758.049	12.19800000000032	trials	33.0	20765.555126	20766.807792	20767.991658	20768.331998	20765.031977	20767.134519	20768.677	20770.247	1.0	1.0	1.0	1.0					
20774.117	10.930000000000291	trials	33.0	20780.727509	20781.934172	20783.103498	20783.440634	20780.141468	20782.267752	20783.612	20785.047	1.0	1.0	1.0	1.0					
20787.068	13.083999999998923	trials	33.0	20795.715696	20797.13577	20798.245583	20798.59254	20794.874822	20797.373496	20798.893	20800.152	1.0	1.0	1.0	1.0					
20802.234	15.938999999998487	trials	33.0	20810.781277000002	20812.483235			20810.070539	20812.478505			1.0		0.0	2.0					
20818.547	7.420000000001892	trials	33.0	20822.756523	20824.035032			20821.986171	20824.022805			1.0		0.0	2.0					
20828.045	10.742000000002008	trials	33.0	20833.615987	20835.611574000002	20836.711013	20836.935066000002	20832.616076	20835.770307	20837.257	20838.787	1.0	1.0	1.0	1.0					
20841.847	8.82499999999709	trials	33.0	20847.701883	20849.02763	20850.179923	20850.752571	20846.893367	20849.386871			1.0	1.0	0.0	3.0					
20854.482	5.514999999999418	trials	33.0	20856.481561	20858.068576			20854.914670000002	20858.058312			1.0		0.0	2.0					
20864.002	10.520000000000437	trials	33.0	20868.941585	20870.954016	20872.357609	20872.761017	20868.395595	20871.501219	20872.962	20874.522	1.0	1.0	1.0	1.0					
20876.377	13.854999999999563	trials	33.0	20885.392565000002	20886.905334	20888.263755	20888.601752000002	20884.801662	20887.582687000002	20888.922	20890.232	1.0	1.0	1.0	1.0					
20892.318	14.609000000000378	trials	33.0	20902.032904	20904.019724	20904.989658	20905.222615	20901.432584000002	20904.228765	20905.592	20906.927	1.0	1.0	1.0	1.0					
20911.052	307.6700000000019	BlockDesign														1.0	1008.0	1028.0	50.0	0.0
20911.052	11.459999999999127	trials	34.0	20917.791356	20919.498317	20920.548799	20920.843347	20917.23828	20919.795225	20921.132	20922.512	2.0	1.0	1.0	1.0					
20925.547	14.130000000001019	trials	34.0	20935.227774	20936.564787	20937.761570000002	20938.103852	20934.25658	20936.877423	20938.452	20939.677	2.0	1.0	1.0	1.0					
20941.693	14.298999999999069	trials	34.0	20952.3812	20954.371353000002	20955.531182	20956.074252	20951.372967	20954.639963			2.0	1.0	0.0	3.0					
20957.828	4.894000000000233	trials	34.0	20959.73734	20961.427778	20962.261711	20962.362699	20958.636104	20961.608083			2.0	1.0	0.0	3.0					
20964.522	27.264999999999418	trials	34.0	20987.041625	20988.443658	20989.754912	20990.013404	20986.343454	20988.973239	20990.402	20991.787	2.0	1.0	1.0	1.0					
20995.832	13.125	trials	34.0	21006.032024	21007.286669	21008.529819	21009.041202	21005.097582000002	21007.586031			2.0	1.0	0.0	3.0					
21011.892	5.474999999998545	trials	34.0	21013.94714	21015.884541	21017.050364	21017.449817	21012.268091	21016.084707			2.0	1.0	0.0	3.0					
21019.377	17.38000000000102	trials	34.0	21030.181359000002	21031.802109	21034.424108	21034.923749	21029.273888	21033.272742	21034.978	21036.757	2.0	1.0	1.0	1.0					
21039.848	13.693999999999505	trials	34.0	21048.702334	21050.066694	21051.75302	21052.000163	21048.119052000002	21050.807312	21052.518	21053.542	2.0	1.0	1.0	1.0					
21057.578	9.128999999997177	trials	34.0	21063.292044	21065.193956	21066.278693	21066.786761	21062.49102	21065.468895			2.0	1.0	0.0	3.0					
21068.562	5.69999999999709	trials	34.0	21071.242068	21072.520212	21073.774989	21074.344328	21070.729101	21073.090683000002			2.0	1.0	0.0	3.0					
21076.156	10.281000000002678	trials	34.0	21081.103974	21082.956705	21084.471755	21084.846104	21080.266589	21083.542675	21085.077	21086.437	2.0	1.0	1.0	1.0					
21088.457	18.510000000002037	trials	34.0	21103.426816	21105.068195	21106.47507	21107.049953	21102.656924	21105.445265000002			2.0	1.0	0.0	3.0					
21108.817	6.06000000000131	trials	34.0	21110.877406	21112.139196	21114.5832	21114.933136	21109.470393	21113.675178			2.0	1.0	0.0	3.0					
21117.877	17.649999999997817	trials	34.0	21131.447472	21132.308960000002	21134.611931	21134.682800000002	21130.512286	21132.304739			2.0		0.0	2.0					
21138.401	6.370999999999185	trials	34.0	21139.979219	21141.561	21142.836573	21143.260111	21139.149996	21141.994365	21143.482	21144.772	2.0	1.0	1.0	1.0					
21146.793	17.843999999997322	trials	34.0	21158.983007	21160.97034	21162.528735	21162.866033	21158.213397	21161.580746	21163.322	21164.637	2.0	1.0	1.0	1.0					
21167.677	12.721000000001368	trials	34.0	21175.122446	21176.2896	21178.262622000002	21178.65482	21174.304861	21177.207849	21178.897	21180.398	2.0	1.0	1.0	1.0					
21182.442	14.970000000001164	trials	34.0	21191.079979000002	21192.537717	21193.410088	21193.884669	21190.13511	21192.503214			2.0	1.0	0.0	3.0					
21197.728	14.955000000001746	trials	34.0	21208.047815	21209.2544	21211.911849	21212.76293	21207.479717000002	21210.792597			2.0	1.0	0.0	3.0					
21214.246	4.4760000000023865	trials	34.0	21216.092591	21217.548572	21218.717204	21219.472586	21215.107232000002	21217.902285			2.0	1.0	0.0	3.0					
21220.984	249.1239999999998	BlockDesign														0.0	1029.0	1042.0	0.0	50.0
21220.984	21.074000000000524	trials	35.0	21237.207678	21238.528082	21239.847377000002	21240.41862	21236.609466	21238.835178	21240.643	21242.058	3.0	2.0	1.0	1.0					
21244.077	12.59599999999773	trials	35.0	21253.26929	21254.745781	21256.176797	21256.578878	21252.501141	21254.730474			3.0		0.0	2.0					
21260.687	5.819999999999709	trials	35.0	21262.597795	21263.669941	21265.505642	21266.587601	21261.89576	21264.099239			3.0	2.0	0.0	3.0					
21268.802	20.211999999999534	trials	35.0	21285.604518	21287.324969	21288.612977	21289.097571	21284.698687	21287.477659			3.0	2.0	0.0	3.0					
21292.953	11.888999999999214	trials	35.0	21298.337813000002	21299.897351	21304.534547	21304.896396	21297.628472	21298.628087			3.0	2.0	0.0	3.0					
21307.859	11.007999999997992	trials	35.0	21313.644536	21315.646457	21317.03982	21317.2965	21312.703448	21315.686871	21317.647	21318.867	3.0	2.0	1.0	1.0					
21320.923	10.845000000001164	trials	35.0	21328.788528	21330.170043000002	21330.951554	21331.853709	21327.960708	21330.257125			3.0	2.0	0.0	3.0					
21333.247	35.18000000000029	trials	35.0	21365.858648	21366.480828	21367.582675	21368.022558	21365.220893	21366.463686			3.0		0.0	2.0					
21370.437	11.639999999999418	trials	35.0	21378.708315	21380.156858000002	21380.925497	21381.620882	21378.029121	21380.14118			3.0		0.0	2.0					
21385.153	29.869000000002416	trials	35.0	21411.943883	21413.072711	21414.206687	21414.298029	21411.217233	21413.440052			3.0	2.0	0.0	3.0					
21418.453	6.503999999997177	trials	35.0	21421.753863	21423.608493	21424.57062	21425.038941	21421.233072	21423.815655			3.0	1.0	0.0	3.0					
21426.898	15.003999999997177	trials	35.0	21435.969602	21438.024726000003	21439.625279000004	21440.121513000002	21435.065560000003	21438.140990000004	21440.397	21441.902	3.0	2.0	1.0	1.0					
21444.033	11.974000000001979	trials	35.0	21452.195142000004	21453.922467000004	21455.026136000004	21455.289144000002	21451.184225	21453.914154000002			3.0		0.0	2.0					
21458.018	12.090000000000146	trials	35.0	21465.843803000003	21467.607653000003	21468.664374000004	21470.123160000003	21464.935612	21467.837529000004			3.0	2.0	0.0	3.0					
