onset	duration	nwb_table	block	tone_on_time	tone_off_time	action_on_time	action_off_time	pokeC_on_time	pokeC_off_time	reward_on_time	reward_off_time	state	action	reward	result	FinishedBlock	FirstTrial	LastTrial	RewardRule_L	RewardRule_R
2.534	413.714	BlockDesign														1.0	1.0	22.0	50.0	0.0
2.534	4.214	trials	1.0	4.280786999999998	5.537749999999999	6.314435999999999	6.769700999999999	2.105617999999999	5.799269999999999			2.0	1.0	0.0	3.0					
9.627	11.371	trials	1.0	17.960594999999998	18.952413			17.132306	18.948069			2.0		0.0	2.0					
23.007	16.734999999999996	trials	1.0	35.90583	37.202872	37.970276999999996	38.371103999999995	35.101976	37.43073	38.757	39.742	2.0	1.0	1.0	1.0					
43.663	17.744	trials	1.0	57.652046999999996	59.422576			56.910251	59.418374			2.0		0.0	2.0					
63.452	19.557000000000002	trials	1.0	80.196528	81.633081	82.604079	83.035552	79.540475	82.07387			2.0	2.0	0.0	3.0					
84.99	12.902000000000001	trials	1.0	95.576109	96.662564	97.385559	97.920385	94.713741	96.878111			2.0	1.0	0.0	3.0					
100.759	14.927999999999997	trials	1.0	112.76057899999999	113.917487	114.973917	115.46289	112.23893	114.43356299999999			2.0	1.0	0.0	3.0					
119.36	19.232000000000014	trials	1.0	134.55114	135.97932	136.737167	137.179071	133.737597	136.240368	137.437	138.592	2.0	1.0	1.0	1.0					
140.613	22.028999999999996	trials	1.0	158.131359	159.807562	161.052912	161.302601	157.565585	160.335122	161.712	162.642	2.0	1.0	1.0	1.0					
164.663	17.573999999999984	trials	1.0	179.657129	181.012743	181.927854	182.233782	178.695519	181.361858			2.0	1.0	0.0	3.0					
186.306	9.161000000000001	trials	1.0	191.099631	193.104402	193.969757	194.355075	190.284257	193.402148			2.0	1.0	0.0	3.0					
197.277	16.77000000000001	trials	1.0	210.237574	211.678947	212.404553	212.806769	209.540931	211.844562	198.288	214.047	2.0	1.0	1.0	1.0					
218.062	18.11499999999998	trials	1.0	232.251698	233.904563	235.051047	236.205588	231.394697	234.358218			2.0	1.0	0.0	3.0					
238.367	14.498000000000019	trials	1.0	248.390969	249.977774	250.9968	251.356875	247.512407	250.422386	251.727	252.865	2.0	1.0	1.0	1.0					
255.028	17.714000000000027	trials	1.0	267.862986	269.856758	270.95419	271.448694	266.901906	270.113778	271.712	272.742	2.0	1.0	1.0	1.0					
274.79	20.71199999999999	trials	1.0	291.95178	293.659359	294.628574	295.077306	291.380492	294.08672			2.0	1.0	0.0	3.0					
296.982	14.555999999999983	trials	1.0	307.031973	309.03360299999997	309.885222	310.266017	306.441824	309.349575	310.562	311.538	2.0	1.0	1.0	1.0					
314.592	19.900000000000034	trials	1.0	331.167858	332.573732	333.768753	334.251711	330.384321	333.246509			2.0	1.0	0.0	3.0					
336.137	18.060000000000002	trials	1.0	349.528437	351.52319	352.511087	352.901973	348.793973	351.95923799999997	353.232	354.197	2.0	1.0	1.0	1.0					
358.217	16.355999999999995	trials	1.0	371.122194	372.962636	373.790054	374.596473	370.415508	373.222175			2.0	1.0	0.0	3.0					
376.163	26.968999999999994	trials	1.0	400.771545	401.902196	402.663074	403.160363	399.767784	402.115128			2.0	1.0	0.0	3.0					
405.039	11.209000000000003	trials	1.0	411.877107	413.798553	414.592712	414.985988	411.36845	414.057743	415.362	416.248	2.0	1.0	1.0	1.0					
420.275	517.436	BlockDesign														1.0	23.0	49.0	0.0	50.0
420.275	16.317000000000007	trials	2.0	432.271877	433.957085	434.751725	435.165273	431.619908	434.276503	435.567	436.592	3.0	2.0	1.0	1.0					
439.612	18.589999999999975	trials	2.0	454.322717	456.159506	456.684653	457.685898	453.719712	456.15417			3.0		0.0	2.0					
460.229	13.013000000000034	trials	2.0	469.497875	471.519698	472.438556	473.267652	468.939015	471.987705			3.0	2.0	0.0	3.0					
474.819	16.678999999999974	trials	2.0	488.318648	489.64197	491.073644	491.522942	487.79192	490.520363			3.0	1.0	0.0	3.0					
493.462	11.985000000000014	trials	2.0	502.047278	503.575064	504.689925	505.472661	501.519059	504.195009			3.0	2.0	0.0	3.0					
509.077	22.289999999999964	trials	2.0	526.797818	528.415274	529.640655	530.040215	526.167827	528.966111	530.312	531.367	3.0	2.0	1.0	1.0					
533.388	21.899999999999977	trials	2.0	551.857277	553.251732	554.536215	554.971293	550.856327	553.956962			3.0	1.0	0.0	3.0					
557.897	11.529999999999973	trials	2.0	566.028909	567.446552	568.606297	569.457069	565.095924	568.090616			3.0	2.0	0.0	3.0					
573.047	13.845000000000027	trials	2.0	583.592513	585.196048	586.196703	586.921071	582.696769	585.629769			3.0	2.0	0.0	3.0					
588.647	13.12399999999991	trials	2.0	599.057484	600.424226	601.327749	601.787004	598.200319	600.82061			3.0	1.0	0.0	3.0					
604.692	16.56499999999994	trials	2.0	616.989242	618.402254	619.44883	619.518757	616.065347	618.954797	620.252	621.257	3.0	2.0	1.0	1.0					
623.277	22.99000000000001	trials	2.0	643.078347	644.481009	645.578394	646.294812	642.235679	644.895426			3.0	2.0	0.0	3.0					
647.877	14.585000000000036	trials	2.0	658.812802	660.454926	661.403999	661.814397	658.069923	660.815388			3.0	1.0	0.0	3.0					
664.798	17.51400000000001	trials	2.0	678.267958	679.635751	680.585449	680.980635	677.4664	680.075786	681.272	682.312	3.0	2.0	1.0	1.0					
684.333	18.278999999999996	trials	2.0	699.383115	700.857942	702.002888	702.642252	698.677637	701.532105			3.0	2.0	0.0	3.0					
706.302	10.821000000000026	trials	2.0	713.893233	715.66993	716.560839	717.149598	713.052579	715.985223			3.0	2.0	0.0	3.0					
718.877	9.621000000000095	trials	2.0	726.208496	727.318601	728.091264	728.524871	725.260355	727.535867			3.0	1.0	0.0	3.0					
731.462	16.08000000000004	trials	2.0	743.413708	744.961019	745.853252	746.244287	742.684969	745.373474	736.752	747.542	3.0	2.0	1.0	1.0					
751.577	19.090000000000032	trials	2.0	766.313541	767.836193	768.876266	769.24524	765.668478	768.372111	769.558	770.667	3.0	2.0	1.0	1.0					
772.742	16.245000000000005	trials	2.0	785.708666	787.099812	788.25506	789.016023	784.769268	787.715474			3.0	2.0	0.0	3.0					
790.577	23.75999999999999	trials	2.0	810.468398	812.351045	813.167645	813.509571	809.487417	812.641092			3.0	1.0	0.0	3.0					
815.603	18.687000000000012	trials	2.0	831.699471	833.048099	833.877327	834.307392	830.75604	833.399169			3.0	2.0	0.0	3.0					
837.298	32.58899999999994	trials	2.0	867.12441	868.285887	869.118594	869.913728	866.228114	868.615058			3.0	2.0	0.0	3.0					
873.417	11.449999999999932	trials	2.0	881.030849	882.239994	883.332218	883.677978	880.441595	882.810389	884.007	884.867	3.0	2.0	1.0	1.0					
886.917	13.600000000000023	trials	2.0	896.284356	897.685362	898.606176	899.068457	895.430685	898.048663	899.307	900.517	3.0	2.0	1.0	1.0					
904.543	8.205000000000041	trials	2.0	909.093795	911.020049	911.849004	912.776388	908.387621	911.354494			3.0	2.0	0.0	3.0					
914.183	23.52800000000002	trials	2.0	934.934369	936.975799	937.646429	938.661141	933.968967	937.11741			3.0	2.0	0.0	3.0					
941.056	937.9659999999999	BlockDesign														1.0	50.0	106.0	50.0	50.0
941.056	14.481999999999971	trials	3.0	952.103818	953.911302	954.819257	955.568532	951.168258	954.340071			3.0	2.0	0.0	3.0					
957.192	18.99000000000001	trials	3.0	972.223967	973.98569	975.123909	975.55861	971.426547	974.331754	966.802	966.897	3.0	2.0	1.0	1.0					
978.683	11.869000000000028	trials	3.0	985.780845	987.204723	988.409588	988.795811	985.056048	987.847031	989.147	990.552	2.0	1.0	1.0	1.0					
993.647	6.5499999999999545	trials	3.0	996.464531	998.246495	999.052295	999.492399	995.585201	998.445581			2.0	1.0	0.0	3.0					
1001.387	14.790000000000077	trials	3.0	1011.839673	1013.197836	1014.129336	1014.540747	1010.942795	1013.507327	1014.907	1016.177	2.0	1.0	1.0	1.0					
1020.094	15.032999999999902	trials	3.0	1030.3208760000002	1032.1141859999998	1033.393493	1033.769648	1029.321595	1032.88926	1033.982	1035.127	3.0	2.0	1.0	1.0					
1038.212	13.911000000000058	trials	3.0	1048.1202090000002	1050.0102470000002	1050.691452	1052.155596	1047.37187	1049.940905			3.0	2.0	0.0	3.0					
1055.012	13.674999999999955	trials	3.0	1065.281462	1067.0113489999999	1067.943647	1068.7180050000002	1064.7450210000002	1067.3902079999998			2.0	1.0	0.0	3.0					
1070.242	11.259999999999991	trials	3.0	1078.314777	1079.7748139999999	1080.730529	1081.5340099999999	1077.310712	1080.1244430000002			2.0	1.0	0.0	3.0					
1085.027	8.510999999999967	trials	3.0	1088.000208	1089.7469489999999	1092.8603039999998	1093.566543	1087.083768	1091.276264			2.0	2.0	0.0	3.0					
1096.242	12.375	trials	3.0	1103.8046129999998	1105.666983	1106.5585609999998	1107.001815	1103.2418389999998	1106.006558	1107.362	1108.617	2.0	1.0	1.0	1.0					
1111.682	18.164999999999964	trials	3.0	1125.8551969999999	1127.146424	1128.0516229999998	1128.400454	1125.3094070000002	1127.595237	1128.647	1129.847	3.0	2.0	1.0	1.0					
1131.862	14.319999999999936	trials	3.0	1141.48493	1143.2628169999998	1144.099733	1144.4821590000001	1140.7793390000002	1143.6204050000001	1144.842	1146.182	3.0	2.0	1.0	1.0					
1149.274	8.633000000000038	trials	3.0	1154.895144	1156.4316749999998	1157.351658	1157.9344500000002	1154.24473	1156.8244020000002			3.0	2.0	0.0	3.0					
1161.823	15.125	trials	3.0	1173.696797	1175.403553	1176.328826	1176.97919	1173.1149799999998	1175.8535630000001			3.0	2.0	0.0	3.0					
1178.752	14.950000000000045	trials	3.0	1190.663216	1192.3821149999999	1193.2832939999998	1193.7318989999999	1189.6748010000001	1192.7589990000001			2.0	1.0	0.0	3.0					
1195.577	12.42100000000005	trials	3.0	1204.0808390000002	1205.6821479999999	1206.237266	1206.3004310000001	1203.2721259999998	1205.6830100000002	1197.087	1207.998	3.0	2.0	1.0	1.0					
1212.082	10.520999999999958	trials	3.0	1218.930186	1220.5673969999998	1221.4457830000001	1221.705198	1217.972573	1220.554964			3.0		0.0	2.0					
1225.617	34.61500000000001	trials	3.0	1256.6614290000002	1258.146075	1259.468256	1260.2641589999998	1255.746869	1258.890402			2.0	2.0	0.0	3.0					
1261.827	11.49499999999989	trials	3.0	1270.3903540000001	1271.6398199999999	1272.82883	1272.9373799999998	1269.4469199999999	1272.103779			3.0	1.0	0.0	3.0					
1276.232	9.565000000000055	trials	3.0	1281.5203510000001	1283.828078	1284.697647	1285.828911	1280.754511	1284.107235			2.0	1.0	0.0	3.0					
1287.147	25.141000000000076	trials	3.0	1308.9856920000002	1310.0272140000002	1311.1964090000001	1311.6643490000001	1308.1201729999998	1310.629781	1295.887	1298.467	3.0	2.0	1.0	1.0					
1316.847	20.285000000000082	trials	3.0	1332.4513350000002	1334.002892	1335.2802259999999	1335.659901	1331.7815460000002	1334.644694	1335.887	1337.132	2.0	1.0	1.0	1.0					
1340.262	16.805000000000064	trials	3.0	1351.70622	1353.7390380000002	1355.290351	1355.7543930000002	1351.0043329999999	1354.694351	1356.178	1357.067	2.0	1.0	1.0	1.0					
1361.222	12.38000000000011	trials	3.0	1370.579025	1371.833298	1372.8826170000002	1373.6346509999998	1370.068656	1372.3213919999998			2.0	2.0	0.0	3.0					
1376.193	7.555000000000064	trials	3.0	1380.151046	1381.4298359999998	1382.9572159999998	1383.7791889999999	1379.2376399999998	1382.306043			2.0	1.0	0.0	3.0					
1385.422	10.924999999999955	trials	3.0	1393.3557449999998	1394.5151	1395.952103	1396.378362	1392.511689	1395.3552829999999			2.0	1.0	0.0	3.0					
1398.292	12.195000000000164	trials	3.0	1406.7981599999998	1408.359848	1409.7526440000001	1410.518236	1406.2691340000001	1409.1892590000002			2.0	2.0	0.0	3.0					
1413.092	12.814999999999827	trials	3.0	1422.411575	1423.874197	1424.6116590000001	1424.9413020000002	1421.40963	1423.86737			3.0		0.0	2.0					
1428.987	14.971000000000004	trials	3.0	1439.360924	1441.104851	1443.1276280000002	1443.9882710000002	1438.5912629999998	1442.611315			3.0	2.0	0.0	3.0					
1447.487	11.816000000000031	trials	3.0	1455.8964409999999	1457.7059519999998	1458.8361679999998	1459.3341770000002	1455.2517509999998	1458.2684789999998			3.0	1.0	0.0	3.0					
1461.23	17.307999999999993	trials	3.0	1474.1413699999998	1475.8639320000002	1476.655244	1477.0559520000002	1473.564213	1476.2002309999998	1470.492	1478.538	3.0	2.0	1.0	1.0					
1480.592	14.559999999999945	trials	3.0	1492.0732349999998	1493.8532300000002	1494.774707	1495.1838149999999	1491.442262	1494.243665			3.0	2.0	0.0	3.0					
1498.132	19.804999999999836	trials	3.0	1513.461797	1515.0200479999999	1515.901649	1516.04205	1512.899421	1515.420576	1516.502	1517.937	3.0	2.0	1.0	1.0					
1520.958	12.463999999999942	trials	3.0	1528.783507	1530.59112	1531.602397	1531.9895820000002	1528.0896240000002	1530.9976980000001	1532.248	1533.422	2.0	1.0	1.0	1.0					
1535.478	14.144999999999982	trials	3.0	1545.0736590000001	1546.4447369999998	1547.9706230000002	1548.251099	1544.389557	1547.2760039999998	1548.637	1549.623	2.0	1.0	1.0	1.0					
1552.687	11.285000000000082	trials	3.0	1560.542598	1562.3836219999998	1563.542637	1564.0066160000001	1559.870801	1562.5203620000002			3.0	2.0	0.0	3.0					
1567.887	11.080000000000155	trials	3.0	1575.677145	1577.0835149999998	1577.973981	1578.438033	1575.021155	1577.4509819999998			2.0	1.0	0.0	3.0					
1582.334	10.39799999999991	trials	3.0	1588.967573	1591.0137399999999	1592.174093	1592.7645200000002	1588.297497	1591.6334459999998			2.0	1.0	0.0	3.0					
1594.547	16.375	trials	3.0	1606.431971	1608.035555	1609.046801	1609.11843	1605.454431	1608.5144690000002	1609.638	1610.922	3.0	2.0	1.0	1.0					
1615.002	10.56899999999996	trials	3.0	1622.097738	1623.900807	1624.8556939999999	1625.596908	1621.411599	1624.287629			2.0	2.0	0.0	3.0					
1627.272	15.455000000000155	trials	3.0	1638.23679	1639.693812	1640.7223640000002	1640.857071	1637.5640910000002	1640.2441549999999	1641.387	1642.727	3.0	2.0	1.0	1.0					
1644.743	15.859000000000151	trials	3.0	1657.3330099999998	1658.843519	1660.2664009999999	1660.6069670000002	1656.3456259999998	1659.2964539999998			2.0	2.0	0.0	3.0					
1663.682	10.920000000000073	trials	3.0	1671.8024169999999	1673.1793400000001	1674.11321	1674.6347030000002	1670.9384879999998	1673.531946			2.0	1.0	0.0	3.0					
1676.413	12.204999999999927	trials	3.0	1685.637764	1686.6649069999999	1688.140461	1688.6515559999998	1684.793784	1687.219904			3.0	2.0	0.0	3.0					
1691.432	14.658999999999878	trials	3.0	1701.997914	1704.054752	1704.9341869999998	1705.3020510000001	1701.398593	1704.480168			3.0	2.0	1.0	1.0					
1710.547	14.411000000000058	trials	3.0	1721.2080420000002	1722.9344820000001			1720.4351809999998	1722.928379			3.0		0.0	2.0					
1728.031	11.052000000000135	trials	3.0	1734.2630880000002	1735.620957	1736.6124530000002	1737.0295489999999	1733.6951789999998	1736.0407340000002	1737.367	1739.083	2.0	1.0	1.0	1.0					
1742.134	18.13799999999992	trials	3.0	1755.318354	1756.7044729999998	1758.431079	1758.745446	1754.432997	1757.3210450000001	1759.222	1760.272	3.0	2.0	1.0	1.0					
1762.352	10.865999999999985	trials	3.0	1769.994549	1771.1367059999998	1772.77355	1773.2536289999998	1769.239901	1771.5575279999998			3.0	2.0	0.0	3.0					
1777.072	12.261000000000195	trials	3.0	1785.023354	1786.517769	1787.414128	1787.812356	1784.185998	1786.8249529999998	1788.127	1789.333	2.0	1.0	1.0	1.0					
1792.213	17.634000000000015	trials	3.0	1805.413517	1806.945377	1807.9120349999998	1808.2691719999998	1804.501992	1807.336335	1808.602	1809.847	3.0	2.0	1.0	1.0					
1811.9	12.381999999999834	trials	3.0	1820.9032040000002	1822.149704	1823.70863	1824.3149990000002	1819.9514629999999	1822.629053			3.0	2.0	0.0	3.0					
1826.056	11.625999999999976	trials	3.0	1835.3583950000002	1836.4752199999998	1837.2309770000002	1837.713311	1834.6266329999999	1836.6703320000001			2.0	1.0	0.0	3.0					
1840.532	10.404999999999973	trials	3.0	1846.2055169999999	1848.244049	1849.173159	1849.58565	1845.4747790000001	1848.653694	1849.858	1850.937	2.0	1.0	1.0	1.0					
1855.032	11.550000000000182	trials	3.0	1863.2987910000002	1865.1179310000002	1866.1107619999998	1866.6125659999998	1862.496788	1865.50121			2.0	1.0	0.0	3.0					
1870.466	8.55600000000004	trials	3.0	1876.699827	1878.185067	1878.985784	1879.749698	1875.7939959999999	1878.415097			2.0	1.0	0.0	3.0					
1882.298	83.98800000000006	BlockDesign														1.0	107.0	111.0	0.0	0.0
1882.298	9.229000000000042	trials	4.0	1887.983291	1889.564495	1891.067975	1891.561769	1887.1927609999998	1890.0100699999998			2.0	1.0	0.0	3.0					
1894.402	9.471000000000004	trials	4.0	1900.7683069999998	1902.0105119999998	1903.220084	1903.256927	1900.088339	1902.6406499999998			2.0	2.0	0.0	3.0					
1906.587	8.345000000000027	trials	4.0	1912.208799	1913.8554199999999	1914.4715339999998	1914.964458	1911.6245330000002	1913.956557			2.0	1.0	0.0	3.0					
1917.777	29.764999999999873	trials	4.0	1943.8186919999998	1945.388051	1946.6575010000001	1947.577463	1942.842161	1945.89617			2.0	1.0	0.0	3.0					
1951.108	15.178000000000111	trials	4.0	1963.814726	1965.336198	1966.1996909999998	1966.6995619999998	1963.1286089999999	1965.66273			2.0	1.0	0.0	3.0					
1970.557	104.2349999999999	BlockDesign														1.0	112.0	117.0	0.0	0.0
1970.557	13.379999999999882	trials	5.0	1980.139251	1981.958385	1982.6283440000002	1983.296205	1979.391779	1981.955732			3.0		0.0	2.0					
1987.967	12.449999999999818	trials	5.0	1997.564186	1998.6406350000002	1999.667516	2000.4531109999998	1997.033957	1999.191812			3.0	2.0	0.0	3.0					
2004.038	19.658999999999878	trials	5.0	2020.700508	2022.025541	2022.707186	2023.730102	2019.7575860000002	2022.193901			3.0	2.0	0.0	3.0					
2026.193	20.854000000000042	trials	5.0	2041.299269	2042.4110300000002	2043.2875279999998	2043.7546200000002	2040.4146660000001	2042.754399			3.0	1.0	0.0	3.0					
2047.66	11.801999999999907	trials	5.0	2056.085118	2057.2070590000003	2058.204705	2059.49586	2055.1032560000003	2057.658441			3.0	2.0	0.0	3.0					
2062.542	12.25	trials	5.0	2072.3261740000003	2073.66633	2074.6209790000003	2074.771008	2071.6668290000002	2074.081889			3.0	2.0	0.0	3.0					
2079.051	935.5810000000001	BlockDesign														1.0	118.0	168.0	50.0	50.0
2079.051	14.621000000000095	trials	6.0	2089.4793720000002	2090.961413	2091.978588	2092.130133	2088.697127	2091.36836	2092.692	2093.672	3.0	2.0	1.0	1.0					
2095.763	29.110000000000127	trials	6.0	2120.504964	2121.840881	2122.882193	2123.28906	2119.738876	2122.292214	2123.748	2124.873	3.0	2.0	1.0	1.0					
2126.747	29.940000000000055	trials	6.0	2152.7646210000003	2154.712638			2152.034369	2154.701877			3.0		0.0	2.0					
2158.697	18.090999999999894	trials	6.0	2172.221793	2174.2174640000003	2175.100641	2175.5217000000002	2171.581006	2174.5837300000003	2175.812	2176.788	2.0	1.0	1.0	1.0					
2179.827	10.1899999999996	trials	6.0	2185.4699880000003	2186.9274450000003	2188.146384	2188.651365	2184.945486	2187.581868	2188.767	2190.017	2.0	1.0	1.0	1.0					
2194.058	6.054000000000087	trials	6.0	2196.385451	2198.073798	2199.0757590000003	2199.524687	2195.620112	2198.482028			2.0	1.0	0.0	3.0					
2202.513	11.0	trials	6.0	2209.5811590000003	2211.621873	2212.791177	2213.225472	2208.8545360000003	2212.2155110000003			2.0	1.0	0.0	3.0					
2216.163	14.784000000000106	trials	6.0	2228.0299800000003	2229.3291090000002	2230.20026	2230.979782	2227.2962270000003	2229.685209			3.0	2.0	0.0	3.0					
2233.638	10.69900000000007	trials	6.0	2240.0950900000003	2241.761261	2243.316273	2244.373368	2239.579538	2242.377548			3.0	2.0	0.0	3.0					
2246.692	9.385999999999967	trials	6.0	2253.225471	2254.3246560000002	2255.653154	2256.082806	2252.514267	2255.081138			3.0	1.0	0.0	3.0					
2258.042	20.644999999999982	trials	6.0	2274.635484	2275.8666120000003	2276.780498	2277.198532	2273.820752	2276.2342830000002	2277.442	2278.687	2.0	1.0	1.0	1.0					
2280.768	30.498999999999796	trials	6.0	2306.945291	2308.3619400000002	2309.3787150000003	2309.4135340000003	2306.381402	2308.8104780000003	2310.032	2311.267	3.0	2.0	1.0	1.0					
2314.087	7.300999999999931	trials	6.0	2318.310633	2319.635033	2320.643508	2321.420712	2317.3691120000003	2320.032941			2.0	1.0	0.0	3.0					
2325.072	7.775000000000091	trials	6.0	2329.315244	2331.124722	2332.135374	2332.882218	2328.5870480000003	2331.6299910000002			3.0	2.0	0.0	3.0					
2334.522	20.539999999999964	trials	6.0	2350.5010380000003	2352.3614860000002	2353.2945010000003	2353.692371	2349.9345710000002	2352.7318680000003	2353.952	2355.062	2.0	1.0	1.0	1.0					
2359.146	39.740999999999985	trials	6.0	2395.1761030000002	2396.950425	2397.9655350000003	2398.2824	2394.616658	2397.37208			2.0	1.0	0.0	3.0					
2401.263	49.34900000000016	trials	6.0	2446.976193	2448.6434600000002			2446.286442	2448.635742			3.0		0.0	2.0					
2453.65	21.536999999999807	trials	6.0	2471.68172	2473.213092			2471.0013790000003	2473.205442			3.0		0.0	2.0					
2477.197	48.26999999999998	trials	6.0	2523.126713	2524.2595180000003	2525.004872	2525.504453	2522.1558680000003	2524.3752680000002			3.0	1.0	0.0	3.0					
2527.288	14.268999999999778	trials	6.0	2537.169741	2538.213674	2539.5417780000002	2541.591986	2536.249847	2538.9128140000003			2.0	1.0	0.0	3.0					
2541.977	18.55500000000029	trials	6.0	2555.917019	2557.7754600000003	2558.605161	2559.0298700000003	2555.078892	2558.053797	2547.437	2560.532	2.0	1.0	1.0	1.0					
2564.552	9.099999999999909	trials	6.0	2569.366341	2571.2554290000003	2571.866736	2571.986913	2568.727664	2571.301094	2572.527	2573.652	3.0	2.0	1.0	1.0					
2577.667	6.014999999999873	trials	6.0	2579.86242	2581.861671	2583.1866760000003	2583.7196440000002	2579.0707150000003	2582.379809			2.0	2.0	0.0	3.0					
2586.527	20.289999999999964	trials	6.0	2602.931786	2604.3273480000003	2605.1205	2605.5482420000003	2602.216539	2604.638868	2605.737	2606.817	2.0	1.0	1.0	1.0					
2609.842	7.519999999999982	trials	6.0	2613.21744	2614.408511	2615.5467160000003	2615.928335	2612.353044	2615.0111730000003	2616.11	2617.362	2.0	1.0	1.0	1.0					
2619.387	7.0099999999997635	trials	6.0	2623.087041	2624.424546	2625.024746	2625.0734030000003	2622.100046	2624.415477			3.0		0.0	2.0					
2629.477	9.440000000000055	trials	6.0	2635.002399	2637.1432400000003	2637.969614	2638.956791	2634.3260290000003	2637.4411840000002			2.0	1.0	0.0	3.0					
2640.275	14.436999999999898	trials	6.0	2650.4869000000003	2652.1474940000003	2652.9509940000003	2653.385546	2649.646908	2652.2611030000003	2653.647	2654.712	2.0	1.0	1.0	1.0					
2658.748	5.8159999999998035	trials	6.0	2661.31248	2662.62438	2664.0733130000003	2664.597537	2660.5811470000003	2663.0961540000003			2.0	2.0	0.0	3.0					
2666.444	13.429000000000087	trials	6.0	2676.4466540000003	2678.261572	2679.239223	2679.3533460000003	2675.8408170000002	2678.74874			3.0	2.0	0.0	3.0					
2682.604	15.118000000000393	trials	6.0	2693.1237020000003	2695.1505930000003	2696.1522090000003	2696.208995	2692.2523060000003	2695.6288480000003	2696.857	2697.722	3.0	2.0	1.0	1.0					
2701.822	6.639999999999873	trials	6.0	2703.8572240000003	2705.030064	2706.2878290000003	2706.644928	2703.336296	2705.528187	2707.022	2708.462	3.0	2.0	1.0	1.0					
2710.509	7.989000000000033	trials	6.0	2715.6639450000002	2717.26892	2718.060141	2718.519107	2715.097635	2717.520869			2.0	1.0	0.0	3.0					
2722.452	10.2199999999998	trials	6.0	2728.7978740000003	2730.393207	2732.0460230000003	2732.7093290000003	2727.887931	2731.056897			3.0	2.0	0.0	3.0					
2735.359	12.208000000000084	trials	6.0	2744.527071	2745.9593250000003	2747.153526	2747.6046610000003	2743.6077800000003	2746.572419			3.0	1.0	0.0	3.0					
2749.579	19.367999999999938	trials	6.0	2764.8620180000003	2766.009431	2766.982529	2767.376499	2764.0703820000003	2766.477897	2756.032	2768.947	3.0	2.0	1.0	1.0					
2772.967	8.030999999999949	trials	6.0	2776.3292530000003	2778.080886	2779.401335	2779.759544	2775.410261	2778.761375	2780.242	2780.998	2.0	1.0	1.0	1.0					
2784.017	7.5300000000002	trials	6.0	2786.914314	2788.018269	2789.185491	2789.615382	2786.0422510000003	2788.564602	2789.757	2791.547	2.0	1.0	1.0	1.0					
2793.665	8.052000000000135	trials	6.0	2798.7178320000003	2800.140066	2801.2178830000003	2801.324142	2798.1533910000003	2800.6763410000003			3.0	2.0	0.0	3.0					
2804.574	15.617999999999938	trials	6.0	2816.562483	2818.540239	2819.435382	2819.915748	2815.927319	2818.9014110000003			2.0	1.0	0.0	3.0					
2821.797	11.235000000000127	trials	6.0	2830.003002	2831.492823	2832.3377960000003	2833.070442	2829.0829240000003	2831.779515			2.0	1.0	0.0	3.0					
2835.756	19.077000000000226	trials	6.0	2851.8230200000003	2853.59112	2854.078337	2854.86819	2851.0841600000003	2853.623121			3.0	2.0	0.0	3.0					
2858.444	5.588000000000193	trials	6.0	2861.333573	2862.6749250000003	2863.5708090000003	2864.0713450000003	2860.4443300000003	2863.0452410000003			2.0	1.0	0.0	3.0					
2865.862	34.335000000000036	trials	6.0	2896.338926	2898.1754920000003	2898.7428640000003	2898.991263	2895.6424620000003	2898.171593			3.0		0.0	2.0					
2902.202	13.96499999999969	trials	6.0	2910.0484180000003	2911.406496	2912.130479	2912.560449	2909.372567	2911.594301	2912.873	2916.167	2.0	1.0	1.0	1.0					
2920.244	37.942999999999756	trials	6.0	2954.111514	2955.6160990000003	2956.3718400000002	2956.7479670000002	2953.231514	2955.856042	2956.958	2958.187	2.0	1.0	1.0	1.0					
2961.213	5.358999999999924	trials	6.0	2963.563424	2965.380941	2966.062065	2966.6095250000003	2962.86485	2965.3693710000002			3.0	2.0	0.0	3.0					
2969.488	15.484000000000378	trials	6.0	2980.1084490000003	2982.1425990000002	2983.123595	2983.55195	2979.237453	2982.654975	2983.857	2984.972	3.0	2.0	1.0	1.0					
2987.992	6.835000000000036	trials	6.0	2990.678493	2992.131036	2993.0639880000003	2993.5007060000003	2989.9473040000003	2992.389594	2993.802	2994.827	2.0	1.0	1.0	1.0					
2996.911	7.501999999999953	trials	6.0	3000.5891260000003	3002.516337	3003.3972830000002	3003.843582	2999.88773	3002.8284120000003			2.0	1.0	0.0	3.0					
3006.692	7.940000000000055	trials	6.0	3011.188608	3013.166862	3014.545935	3015.2995490000003	3010.511133	3013.654853			3.0	2.0	0.0	3.0					
3017.902	368.7950000000001	BlockDesign														1.0	169.0	196.0	50.0	10.0
3017.902	11.900000000000091	trials	7.0	3026.393966	3027.946664	3029.383085	3029.840448	3025.8364070000002	3028.653666			1.0	1.0	0.0	3.0					
3031.672	8.5949999999998	trials	7.0	3036.693666	3037.840823	3039.538678	3039.638238	3036.089093	3038.986899			1.0	2.0	0.0	3.0					
3043.833	8.32400000000007	trials	7.0	3046.993532	3049.004664	3050.3211730000003	3050.656296	3046.031645	3049.7412950000003	3050.947	3052.157	1.0	1.0	1.0	1.0					
3053.932	9.770000000000437	trials	7.0	3059.6652440000003	3061.3331510000003	3063.22169	3063.7949329999997	3058.950144	3062.0538340000003			1.0	2.0	0.0	3.0					
3067.387	11.338999999999942	trials	7.0	3074.264213	3076.325452	3077.6783689999997	3078.099275	3073.3222969999997	3077.074783			1.0	1.0	0.0	3.0					
3080.913	9.545000000000073	trials	7.0	3085.5982369999997	3087.3166929999998	3088.855588	3090.5482039999997	3084.8539299999998	3088.262199			1.0	2.0	0.0	3.0					
3092.087	14.684999999999945	trials	7.0	3102.327387	3104.181968	3106.2186309999997	3106.737061	3101.798777	3105.650198			1.0	1.0	0.0	3.0					
3109.593	11.439000000000306	trials	7.0	3117.372821	3119.214191	3120.615022	3121.1265949999997	3116.6333769999997	3119.754086			1.0	2.0	0.0	3.0					
3122.977	18.55500000000029	trials	7.0	3136.5776769999998	3138.632369	3139.9916839999996	3140.412849	3135.7408189999996	3139.496977	3140.712	3141.532	1.0	1.0	1.0	1.0					
3144.682	6.445000000000164	trials	7.0	3147.567826	3149.029704	3150.429529	3151.2193749999997	3146.994388	3149.662583			1.0	2.0	0.0	3.0					
3153.665	18.0920000000001	trials	7.0	3168.252461	3170.1211	3171.0724659999996	3171.852469	3167.284474	3170.525416			1.0	1.0	0.0	3.0					
3174.387	12.139999999999873	trials	7.0	3182.4081429999997	3184.235014	3185.276497	3186.620989	3181.6202	3184.661533			1.0	1.0	0.0	3.0					
3189.603	16.528999999999996	trials	7.0	3202.403304	3204.2731519999998	3205.256405	3205.454653	3201.879575	3204.647138			1.0	2.0	0.0	3.0					
3209.613	12.7800000000002	trials	7.0	3218.6344879999997	3220.4308309999997	3222.026681	3222.48559	3218.044039	3221.464505			1.0	1.0	0.0	3.0					
3226.378	10.308999999999742	trials	7.0	3232.278113	3233.2995499999997	3235.1386479999996	3235.5874989999998	3231.521882	3234.624968	3235.833	3236.687	1.0	1.0	1.0	1.0					
3240.722	10.659999999999854	trials	7.0	3246.4437199999998	3248.4507369999997	3249.7718179999997	3250.192697	3245.719615	3249.1816599999997	3250.422	3251.382	1.0	1.0	1.0	1.0					
3255.402	7.025000000000091	trials	7.0	3258.5282319999997	3260.3253379999996	3262.115131	3262.430218	3257.807171	3261.000908			1.0	2.0	0.0	3.0					
3266.432	9.055000000000291	trials	7.0	3271.075234	3272.5263109999996	3273.657308	3273.9616029999997	3270.076225	3273.0171969999997	3274.237	3275.487	1.0	1.0	1.0	1.0					
3277.397	8.101000000000113	trials	7.0	3281.3781329999997	3282.919958	3283.896651	3284.3110269999997	3280.528234	3283.314554	3284.547	3285.498	1.0	1.0	1.0	1.0					
3289.517	5.140000000000327	trials	7.0	3291.618473	3293.0280079999998	3294.2475759999998	3294.751859	3290.28406	3293.656132			1.0	2.0	0.0	3.0					
3297.547	9.240999999999985	trials	7.0	3302.7530319999996	3304.0200459999996	3305.083505	3305.522887	3302.141491	3304.518913	3305.867	3306.788	1.0	1.0	1.0	1.0					
3308.873	9.125	trials	7.0	3313.933744	3315.0561209999996	3316.0215439999997	3316.446101	3313.3806259999997	3315.451936	3316.538	3317.998	1.0	1.0	1.0	1.0					
3320.017	7.664999999999964	trials	7.0	3324.251314	3325.781175	3326.99237	3327.445205	3323.718325	3326.385107			1.0	1.0	0.0	3.0					
3329.341	9.476000000000113	trials	7.0	3334.769237	3336.6610459999997	3338.1072169999998	3338.530675	3333.926688	3337.523441			1.0	1.0	0.0	3.0					
3340.404	10.452999999999975	trials	7.0	3347.0239819999997	3348.285394	3349.240007	3349.711978	3346.058068	3348.685964	3349.837	3350.857	1.0	1.0	1.0	1.0					
3354.9	6.217000000000098	trials	7.0	3356.7984899999997	3357.867142	3359.3260309999996	3359.795819	3356.049623	3358.770684	3360.083	3361.117	1.0	1.0	1.0	1.0					
3364.151	10.291000000000167	trials	7.0	3370.534249	3371.8454779999997	3372.7585339999996	3373.170188	3369.64945	3372.193199	3373.347	3374.442	1.0	1.0	1.0	1.0					
3377.482	9.215000000000146	trials	7.0	3381.653735	3383.006738	3384.414839	3384.845203	3380.721619	3383.792954	3384.982	3386.697	1.0	1.0	1.0	1.0					
3390.759	340.47800000000007	BlockDesign														1.0	197.0	228.0	50.0	90.0
3390.759	8.717999999999847	trials	8.0	3394.708537	3396.695867	3397.7730979999997	3398.158531	3394.0480509999998	3397.210291	3398.373	3399.477	1.0	1.0	1.0	1.0					
3403.532	12.545000000000073	trials	8.0	3411.5389299999997	3412.6865359999997	3414.270172	3414.6838749999997	3410.968292	3413.774938	3414.887	3416.077	1.0	1.0	1.0	1.0					
3419.097	6.4409999999998035	trials	8.0	3421.923484	3423.585608	3424.539316	3424.886612	3420.917873	3423.97979			1.0	1.0	0.0	3.0					
3427.852	10.086999999999989	trials	8.0	3434.385824	3435.495908	3437.5695579999997	3438.030636	3433.734802	3437.064834			1.0	1.0	0.0	3.0					
3439.949	11.478000000000065	trials	8.0	3446.309277	3447.4663309999996	3449.8163459999996	3450.117813	3445.436165	3449.2438279999997	3450.492	3451.427	1.0	1.0	1.0	1.0					
3454.498	8.514000000000124	trials	8.0	3458.653516	3459.9065	3461.316704	3461.687879	3458.040545	3460.7333019999996	3461.913	3463.012	1.0	1.0	1.0	1.0					
3466.097	6.860999999999876	trials	8.0	3469.399591	3471.0360619999997	3472.125595	3472.574155	3468.55217	3471.555626			1.0	1.0	0.0	3.0					
3474.4	10.741999999999734	trials	8.0	3479.5110959999997	3481.169031	3483.47617	3483.8991579999997	3478.9223509999997	3482.204432	3484.142	3485.142	1.0	2.0	1.0	1.0					
3487.163	8.579000000000178	trials	8.0	3491.474995	3493.151081	3494.0603659999997	3494.237192	3490.521632	3493.582062	3494.647	3495.742	1.0	2.0	1.0	1.0					
3499.828	5.6550000000002	trials	8.0	3502.324667	3503.566675	3504.271404	3504.518698	3501.475664	3503.5622359999998			1.0		0.0	2.0					
3508.493	8.170000000000073	trials	8.0	3511.699468	3513.597691	3514.9068199999997	3515.3440379999997	3511.0088929999997	3514.265885	3515.522	3516.663	1.0	1.0	1.0	1.0					
3518.752	8.684999999999945	trials	8.0	3522.479508	3524.23991	3525.74962	3526.17398	3521.670256	3525.134728	3526.322	3527.437	1.0	1.0	1.0	1.0					
3530.452	6.779999999999745	trials	8.0	3532.611195	3533.811776	3535.649611	3535.9418029999997	3531.659948	3534.768935	3536.248	3537.232	1.0	2.0	1.0	1.0					
3541.277	6.279999999999745	trials	8.0	3543.095798	3544.981538	3545.9043079999997	3546.183388	3542.490121	3545.4622099999997	3546.542	3547.557	1.0	2.0	1.0	1.0					
3549.577	9.49499999999989	trials	8.0	3554.6829	3556.550851	3557.4504319999996	3557.711257	3553.941797	3557.008262	3558.123	3559.072	1.0	2.0	1.0	1.0					
3563.097	5.184999999999945	trials	8.0	3565.039835	3566.807899	3567.739427	3568.3786569999997	3564.527929	3567.3119119999997			1.0	2.0	0.0	3.0					
3571.998	5.221999999999753	trials	8.0	3573.681517	3575.318271	3576.867988	3577.304051	3572.8635799999997	3576.20862			1.0	2.0	0.0	3.0					
3580.152	10.63000000000011	trials	8.0	3587.221013	3588.504014	3590.186495	3590.874532	3586.335389	3589.628507			1.0	1.0	0.0	3.0					
3592.482	9.720000000000255	trials	8.0	3597.694729	3598.993858	3600.665677	3600.913915	3596.706048	3600.160504	3601.212	3602.202	1.0	2.0	1.0	1.0					
3606.292	7.150000000000091	trials	8.0	3608.477795	3610.207712	3611.775894	3611.863642	3607.834197	3611.1806899999997	3612.462	3613.442	1.0	2.0	1.0	1.0					
3616.482	5.869999999999891	trials	8.0	3619.0564879999997	3620.5926769999996	3621.4640409999997	3621.904486	3618.078623	3620.8701039999996			1.0	1.0	0.0	3.0					
3623.767	9.150000000000091	trials	8.0	3628.410043	3630.027272	3631.270106	3631.621325	3627.67337	3630.7043909999998	3631.877	3632.917	1.0	2.0	1.0	1.0					
3636.937	6.3650000000002365	trials	8.0	3639.181877	3640.3619959999996	3641.572545	3641.964471	3638.455742	3641.05574	3642.272	3643.302	1.0	2.0	1.0	1.0					
3646.292	6.4650000000001455	trials	8.0	3648.365007	3650.2224109999997	3651.1974729999997	3651.3532459999997	3647.7144519999997	3650.705913	3651.833	3652.757	1.0	2.0	1.0	1.0					
3655.772	6.4650000000001455	trials	8.0	3658.280171	3659.6134159999997	3660.725842	3661.107106	3657.574768	3660.267409	3661.317	3662.237	1.0	2.0	1.0	1.0					
3664.353	8.509000000000015	trials	8.0	3668.964842	3670.1128879999997	3671.423367	3671.73202	3668.0631169999997	3670.8053499999996	3672.057	3672.862	1.0	1.0	1.0	1.0					
3674.902	13.809999999999945	trials	8.0	3680.695801	3682.051731	3683.1626619999997	3683.54518	3680.0788239999997	3682.615584	3683.877	3684.788	1.0	2.0	1.0	1.0					
3688.842	5.795000000000073	trials	8.0	3690.7898139999998	3692.3326039999997	3692.8273339999996	3692.964845	3688.806956	3692.3263159999997	3693.422	3694.637	1.0	2.0	1.0	1.0					
3697.452	5.959999999999582	trials	8.0	3700.140661	3702.102176	3703.049344	3703.477479	3699.617375	3702.472617			1.0	1.0	0.0	3.0					
3705.4	7.891999999999825	trials	8.0	3708.390748	3710.3514059999998	3711.66424	3711.97295	3707.590135	3711.05068	3712.302	3713.292	1.0	2.0	1.0	1.0					
3715.357	7.0349999999998545	trials	8.0	3718.3302999999996	3719.892696	3720.723302	3721.096649	3717.741353	3720.2768239999996	3721.323	3722.392	1.0	2.0	1.0	1.0					
3724.388	6.84900000000016	trials	8.0	3727.61555	3728.790766	3729.5950359999997	3729.9893779999998	3726.8061989999997	3729.1464159999996	3730.227	3731.237	1.0	2.0	1.0	1.0					
3735.297	184.875	BlockDesign														1.0	229.0	234.0	0.0	0.0
3735.297	4.474999999999909	trials	9.0	3736.9718599999997	3737.8632159999997	3738.419254	3738.7711929999996	3734.9860759999997	3737.8545409999997			1.0		0.0	2.0					
3743.822	9.260999999999967	trials	9.0	3749.850832	3751.357301	3752.610988	3753.1761859999997	3749.210935	3752.143427			1.0	2.0	0.0	3.0					
3756.869	12.48299999999972	trials	9.0	3760.580681	3762.277698	3768.5712999999996	3769.4460169999998	3759.93824	3767.1313149999996			1.0	2.0	0.0	3.0					
3771.932	20.646000000000186	trials	9.0	3789.785653	3790.883632	3792.235877	3792.618547	3788.9506269999997	3791.662244			1.0	1.0	0.0	3.0					
3796.564	92.09900000000016	trials	9.0	3884.932175	3886.1546959999996	3886.702751	3888.758958	3884.006795	3886.1048899999996			1.0	2.0	0.0	3.0					
3890.056	30.115999999999985	trials	9.0	3917.326011	3918.8581329999997			3916.531259	3919.3957659999996			1.0	2.0	0.0	3.0					
3924.488	286.9640000000004	BlockDesign														1.0	235.0	259.0	90.0	50.0
3924.488	22.989000000000033	trials	10.0	3943.531051	3944.803417	3946.080887	3946.155628	3942.6039659999997	3945.511985			1.0	2.0	0.0	3.0					
3949.387	24.549999999999727	trials	10.0	3968.286336	3970.186106	3972.0935059999997	3972.379892	3967.6194939999996	3971.130322	3972.777	3973.937	1.0	2.0	1.0	1.0					
3977.937	5.651000000000295	trials	10.0	3979.82123	3980.90949	3981.744326	3982.109572	3978.76217	3981.1922219999997	3982.432	3983.588	1.0	1.0	1.0	1.0					
3987.54	6.822000000000116	trials	10.0	3989.2914579999997	3991.2055219999997	3992.800441	3993.089339	3988.149899	3991.800734	3993.697	3994.362	1.0	2.0	1.0	1.0					
3998.383	6.2140000000003965	trials	10.0	4000.3877509999998	4001.818045	4002.933643	4003.2773559999996	3998.865315	4002.4415289999997	4003.527	4004.597	1.0	2.0	1.0	1.0					
4007.623	5.625	trials	10.0	4009.836266	4011.028223	4012.323302	4013.343683	4009.24527	4011.792016			1.0	2.0	0.0	3.0					
4014.548	8.749000000000251	trials	10.0	4018.946642	4020.065686	4021.35907	4021.7854629999997	4018.281329	4020.763267	4022.067	4023.297	1.0	1.0	1.0	1.0					
4027.167	6.25	trials	10.0	4029.036632	4030.618459	4031.669618	4032.049556	4027.683389	4031.18032	4032.297	4033.417	1.0	2.0	1.0	1.0					
4036.502	7.450000000000273	trials	10.0	4039.206214	4040.9197299999996	4042.38289	4042.684526	4038.41291	4041.7714939999996	4043.192	4043.952	1.0	1.0	1.0	1.0					
4046.036	7.9220000000000255	trials	10.0	4049.55833	4051.143731	4052.292365	4052.691334	4048.5721	4051.7014719999997	4052.873	4053.958	1.0	1.0	1.0	1.0					
4057.998	4.844000000000051	trials	10.0	4059.6568639999996	4061.022118	4062.5085019999997	4062.93831	4058.880135	4061.6009169999998			1.0	2.0	0.0	3.0					
4065.803	6.949000000000069	trials	10.0	4068.7068069999996	4069.783982	4071.06967	4071.4828159999997	4067.8697899999997	4070.495735	4071.663	4072.752	1.0	1.0	1.0	1.0					
4076.837	6.420000000000073	trials	10.0	4078.5622639999997	4080.5242879999996	4081.682317	4082.064008	4077.06173	4081.091267	4082.208	4083.257	1.0	1.0	1.0	1.0					
4086.277	6.0	trials	10.0	4088.3715859999998	4089.597335	4090.735672	4090.9905879999997	4087.066601	4090.14931	4091.237	4092.277	1.0	1.0	1.0	1.0					
4096.308	7.238999999999578	trials	10.0	4099.196973	4100.63104	4101.520492	4101.975915999999	4098.2843569999995	4100.936276	4102.087	4103.547	1.0	1.0	1.0	1.0					
4105.577	7.099999999999454	trials	10.0	4108.621534	4109.817746	4110.938081	4111.317494	4107.902329	4110.321325	4111.708	4112.677	1.0	1.0	1.0	1.0					
4114.697	8.805000000000291	trials	10.0	4119.0018549999995	4120.435189	4121.916646	4122.293686	4118.48488	4121.354749	4122.517	4123.502	1.0	1.0	1.0	1.0					
4126.523	10.349999999999454	trials	10.0	4128.416698	4130.108891	4131.510817	4131.901252	4127.46556	4130.857879	4132.102	4133.123	1.0	1.0	1.0	1.0					
4137.142	4.595000000000255	trials	10.0	4138.817215	4140.350746	4141.331701	4141.831636999999	4136.969293	4140.7862829999995			1.0	2.0	0.0	3.0					
4143.558	11.134000000000015	trials	10.0	4150.34882	4151.494707	4152.937755999999	4153.336723	4149.734944	4152.306172	4153.522	4154.692	1.0	1.0	1.0	1.0					
4158.737	6.300999999999476	trials	10.0	4160.537428	4162.218814	4163.177453	4163.613775	4159.942175	4162.604531	4163.797	4165.038	1.0	1.0	1.0	1.0					
4168.923	7.524000000000342	trials	10.0	4171.664828	4173.370655	4174.574483	4174.864882	4170.749981	4174.003122	4175.182	4176.447	1.0	1.0	1.0	1.0					
4179.464	7.582999999999629	trials	10.0	4182.9970539999995	4184.296124	4185.466138	4185.849265	4182.399810999999	4184.856324	4186.187	4187.047	1.0	1.0	1.0	1.0					
4189.132	12.365999999999985	trials	10.0	4196.763479	4198.515443	4199.689612	4200.001731	4195.913437	4199.124749	4200.307	4201.498	1.0	1.0	1.0	1.0					
4205.62	5.832000000000335	trials	10.0	4207.397972	4208.871215	4209.822425	4210.184798	4206.31534	4209.223139	4210.447	4211.452	1.0	1.0	1.0	1.0					
4214.567	1945.8400000000001	BlockDesign														1.0	260.0	382.0	10.0	50.0
4214.567	5.515999999999622	trials	11.0	4217.183999	4218.474459999999	4219.430849	4219.928594999999	4216.206448	4218.79455			1.0	1.0	0.0	3.0					
4223.744	20.222999999999956	trials	11.0	4239.777319	4241.069249	4242.275677	4242.318338	4238.795529999999	4241.688957	4227.663	4243.967	1.0	2.0	1.0	1.0					
4246.987	7.822000000000116	trials	11.0	4251.808607	4253.048848	4254.40903	4254.902357	4250.898478	4253.706544			1.0	1.0	0.0	3.0					
4256.697	10.74499999999989	trials	11.0	4262.407639	4264.48967	4265.872952	4266.24263	4261.746869	4265.2514	4266.442	4267.442	1.0	1.0	1.0	1.0					
4271.592	6.75	trials	11.0	4274.812642	4276.084868	4277.581244999999	4278.012436999999	4274.2219669999995	4276.931141			1.0	1.0	0.0	3.0					
4279.837	16.700999999999112	trials	11.0	4292.091963	4293.314522	4294.869565999999	4295.230717	4291.174693	4293.906704	4295.387	4296.538	1.0	2.0	1.0	1.0					
4300.637	6.885000000000218	trials	11.0	4303.698485	4305.248595999999	4306.845646	4307.61749	4303.151302	4306.298009			1.0	2.0	0.0	3.0					
4311.152	8.028999999999542	trials	11.0	4315.599566	4317.179894	4318.858362999999	4319.256385	4315.00873	4318.216106			1.0	1.0	0.0	3.0					
4321.202	11.529999999999745	trials	11.0	4327.733107	4329.425173	4331.039932	4331.47177	4326.897137	4330.382047	4331.638	4332.732	1.0	2.0	1.0	1.0					
4334.763	8.139000000000124	trials	11.0	4339.257878	4340.903545	4342.442693999999	4343.001629	4338.261464	4341.478951			1.0	2.0	0.0	3.0					
4345.759	9.613999999999578	trials	11.0	4351.337765	4352.560876	4354.844491	4355.471657	4350.56897	4353.812699			1.0	2.0	0.0	3.0					
4357.072	14.569999999999709	trials	11.0	4368.367888	4369.631002	4371.02885	4371.7394	4367.379382	4370.448233			1.0	2.0	0.0	3.0					
4375.333	10.804000000000087	trials	11.0	4382.023003	4383.089524999999	4384.564727	4384.937216	4381.486652	4383.995011999999	4385.152	4386.137	1.0	1.0	1.0	1.0					
4390.217	5.885000000000218	trials	11.0	4393.592762	4394.849473	4395.712627999999	4396.202153	4392.718892	4395.121282			1.0	1.0	0.0	3.0					
4398.077	14.894999999999527	trials	11.0	4408.143608	4409.654028999999	4411.460062	4411.814043	4407.315393	4410.712133	4412.057	4412.972	1.0	2.0	1.0	1.0					
4416.012	7.2849999999998545	trials	11.0	4419.55975	4420.975963999999	4422.778969999999	4423.395727	4418.722849	4422.002516			1.0	2.0	0.0	3.0					
4426.105	9.92200000000048	trials	11.0	4432.523687	4434.396286	4435.7273	4436.126539	4431.690173	4435.153984			1.0	1.0	0.0	3.0					
4438.967	9.350000000000364	trials	11.0	4444.028804	4445.204785	4447.603202	4447.997624	4443.257971	4447.007344			1.0	1.0	0.0	3.0					
4449.827	46.60499999999956	trials	11.0	4493.719067	4495.425252999999	4495.997572	4496.530549	4493.143865	4495.415552			1.0	1.0	0.0	3.0					
4499.277	11.484999999999673	trials	11.0	4507.333474	4508.729051	4510.266071	4510.862971	4506.504905	4509.2905279999995			1.0	2.0	0.0	3.0					
4513.607	11.694999999999709	trials	11.0	4522.708135	4524.0883539999995	4524.897943	4525.399487	4521.701047	4524.331268			1.0	1.0	0.0	3.0					
4529.199	20.283000000000357	trials	11.0	4546.133479	4547.891759	4548.951139	4549.582811	4545.412624	4548.381724			1.0	1.0	0.0	3.0					
4551.187	11.420000000000073	trials	11.0	4558.423045	4560.375056	4561.519475	4562.706743	4557.66733	4560.957104			1.0	2.0	0.0	3.0					
4563.757	12.1200000000008	trials	11.0	4572.798733	4574.3215	4575.174475	4575.643309	4572.115432	4574.610898			1.0	1.0	0.0	3.0					
4577.447	27.074999999999818	trials	11.0	4601.569406	4602.562615			4600.7126929999995	4602.550469			1.0		0.0	2.0					
4606.532	16.80999999999949	trials	11.0	4619.458898	4621.017209	4621.884796	4622.197588	4618.829297	4621.317116	4622.498	4623.342	1.0	2.0	1.0	1.0					
4625.362	9.170000000000073	trials	11.0	4630.140152	4631.335736	4632.983599	4633.287340999999	4629.314761	4631.981108	4633.612	4634.532	1.0	2.0	1.0	1.0					
4638.621	8.126999999999498	trials	11.0	4643.154127	4645.070933999999	4646.068556	4646.849414	4642.252003	4645.490786			1.0	1.0	0.0	3.0					
4648.377	12.410999999999149	trials	11.0	4656.21869	4658.053637	4659.222965	4659.618028999999	4655.272948	4658.482033	4659.882	4660.788	1.0	1.0	1.0	1.0					
4664.804	5.2979999999997744	trials	11.0	4666.919287	4668.197662	4669.400941	4670.199881	4666.310206	4668.801137			1.0	2.0	0.0	3.0					
4673.702	10.550000000000182	trials	11.0	4680.141065	4682.146285	4683.305168	4684.350284	4679.458073	4682.727929			1.0	1.0	0.0	3.0					
4685.665	11.782000000000153	trials	11.0	4692.959155	4694.336515999999	4695.884827	4696.23832	4692.07612	4695.132995	4696.602	4697.447	1.0	2.0	1.0	1.0					
4701.498	6.629000000000815	trials	11.0	4704.084053	4705.443361	4706.488633999999	4706.888777	4703.231299	4705.990678	4707.127	4708.127	1.0	2.0	1.0	1.0					
4712.147	6.25	trials	11.0	4713.891167	4715.251574	4716.725872	4717.139792	4712.839263	4715.772718	4717.348	4718.397	1.0	2.0	1.0	1.0					
4722.547	5.180000000000291	trials	11.0	4724.459323	4726.097561	4727.060047	4727.824187	4723.058193	4726.573142			1.0	2.0	0.0	3.0					
4730.327	7.6799999999993815	trials	11.0	4734.234794	4735.907938	4736.898508	4737.34159	4733.507507	4736.310626			1.0	1.0	0.0	3.0					
4740.203	10.198999999999614	trials	11.0	4747.569533	4748.602804	4750.052975	4750.502743	4747.044112	4749.228223			1.0	2.0	0.0	3.0					
4753.29	31.587000000000444	trials	11.0	4780.404665	4782.247843	4783.377673999999	4783.799548999999	4779.628205	4782.761062			1.0	1.0	0.0	3.0					
4786.663	13.90900000000056	trials	11.0	4796.399605	4797.586007	4798.727137	4798.997092	4795.552087	4798.145284	4799.297	4800.572	1.0	2.0	1.0	1.0					
4803.634	23.45799999999963	trials	11.0	4822.669588	4823.918033	4825.460252	4825.808591	4822.019477	4824.527615	4825.947	4827.092	1.0	2.0	1.0	1.0					
4830.112	13.914999999999964	trials	11.0	4840.544744	4842.404839	4843.526824	4844.128114	4839.793738	4842.932138			1.0	2.0	0.0	3.0					
4845.822	7.444999999999709	trials	11.0	4850.285048	4851.473233	4852.986876999999	4853.292364999999	4849.478161999999	4852.23194			1.0	1.0	0.0	3.0					
4855.292	7.085000000000036	trials	11.0	4858.565224	4860.114294999999	4861.214537	4862.475746	4857.773711	4860.704732			1.0	2.0	0.0	3.0					
4863.512	12.579999999999927	trials	11.0	4872.758089	4874.136211	4875.584182	4876.190366	4872.113411	4875.028822			1.0	2.0	0.0	3.0					
4879.873	28.98400000000038	trials	11.0	4905.535132	4906.906935999999	4908.114017	4908.958893999999	4904.732083999999	4907.552665			1.0	2.0	0.0	3.0					
4911.418	12.23700000000008	trials	11.0	4920.749684	4922.111408	4922.995688999999	4923.752944	4920.145071999999	4922.456956			1.0	1.0	0.0	3.0					
4927.237	13.425999999999476	trials	11.0	4936.420102	4938.222158	4940.236294	4940.759206	4935.776081	4939.126429			1.0	2.0	0.0	3.0					
4942.526	14.041000000000167	trials	11.0	4953.4407949999995	4954.633871	4955.699043	4956.666265	4952.471287	4955.122412			1.0	1.0	0.0	3.0					
4957.992	12.05999999999949	trials	11.0	4966.750441	4968.582122	4969.4911059999995	4970.150476	4965.993236	4968.934853			1.0	1.0	0.0	3.0					
4971.786	27.725999999999658	trials	11.0	4996.391890999999	4997.814737	4998.899722	4999.611645999999	4995.566384	4998.3112519999995			1.0	2.0	0.0	3.0					
5003.12	8.712999999999738	trials	11.0	5008.075704	5009.913052	5011.095295	5011.561952	5007.545678	5010.449361999999			1.0	1.0	0.0	3.0					
5015.342	10.914999999999964	trials	11.0	5021.59517	5023.495403	5024.658208	5025.067514	5020.799284	5024.070764	5025.267	5026.257	1.0	2.0	1.0	1.0					
5029.337	17.995999999999185	trials	11.0	5044.226957	5045.339096	5046.992738	5047.431065	5043.366427	5046.181489			1.0	2.0	0.0	3.0					
5050.335	8.067000000000007	trials	11.0	5053.985542	5055.842779	5056.7748169999995	5057.158081	5053.287265	5056.265248	5057.397	5058.402	1.0	2.0	1.0	1.0					
5061.487	15.385999999999513	trials	11.0	5072.017232	5073.258565	5075.244914	5075.676793	5071.448243	5074.098389	5075.867	5076.873	1.0	2.0	1.0	1.0					
5079.952	9.65099999999984	trials	11.0	5086.405963	5087.787872	5089.288192	5089.703705	5085.854206	5088.523052			1.0	1.0	0.0	3.0					
5092.577	10.625	trials	11.0	5098.910596	5100.306832	5101.4252799999995	5101.856938	5098.15	5100.898655	5102.038	5103.202	1.0	2.0	1.0	1.0					
5105.347	16.18000000000029	trials	11.0	5117.555645	5119.107733	5119.791042999999	5119.821054	5116.955336	5119.2544290000005	5120.357	5121.527	1.0	2.0	1.0	1.0					
5125.611	12.815999999999804	trials	11.0	5133.420754	5135.433728	5136.6965	5137.114283	5132.641967	5135.892725	5137.192	5138.427	1.0	2.0	1.0	1.0					
5141.512	10.470000000000255	trials	11.0	5148.047075	5149.324939	5150.185989	5150.6206600000005	5147.255161	5149.651646	5150.762	5151.982	1.0	2.0	1.0	1.0					
5154.002	11.201000000000022	trials	11.0	5161.194944	5163.297162999999	5163.9778590000005	5164.441832	5160.500459	5163.287609			1.0		0.0	2.0					
5168.213	8.03900000000067	trials	11.0	5172.227445	5173.979153	5175.49252	5176.354542	5171.294875	5174.89337			1.0	2.0	0.0	3.0					
5178.713	9.128999999999905	trials	11.0	5184.577076	5185.701274999999	5187.113386999999	5187.579134	5184.061652	5186.509110999999			1.0	1.0	0.0	3.0					
5190.408	8.174999999999272	trials	11.0	5194.946365	5196.839085	5198.22373	5198.664427	5194.251458	5197.506103			1.0	2.0	0.0	3.0					
5200.588	10.171000000000276	trials	11.0	5207.227679	5208.953584999999	5210.428856	5210.860418	5206.498061	5209.78436			1.0	1.0	0.0	3.0					
5214.725	19.05199999999968	trials	11.0	5229.492853	5231.182691	5232.125176	5232.177838	5228.6194	5231.567843	5232.857	5233.777	1.0	2.0	1.0	1.0					
5237.873	8.404000000000451	trials	11.0	5242.996204	5244.314437999999			5242.374931	5244.310262			1.0		0.0	2.0					
5248.288	5.7590000000000146	trials	11.0	5251.010957	5252.592595	5253.645385	5254.147835	5250.246950999999	5252.6045300000005			1.0	2.0	0.0	3.0					
5256.887	45.61700000000019	trials	11.0	5299.768247	5301.269598999999	5302.13543	5302.590113	5299.241776	5301.5789540000005			1.0	1.0	0.0	3.0					
5306.478	13.144999999999527	trials	11.0	5316.422826	5317.713575			5315.455216	5317.70933			1.0		0.0	2.0					
5322.698	28.578999999999724	trials	11.0	5347.8669150000005	5348.973644	5349.769163	5350.003412	5346.946766	5349.290747	5333.177	5351.277	1.0	2.0	1.0	1.0					
5355.302	12.50500000000011	trials	11.0	5363.576526999999	5365.22366	5366.220393	5366.5807270000005	5362.617195999999	5365.704148	5366.772	5367.807	1.0	2.0	1.0	1.0					
5369.853	16.55999999999949	trials	11.0	5383.0222140000005	5384.296748	5385.214470999999	5386.513623999999	5382.458429	5384.674845			1.0	2.0	0.0	3.0					
5389.482	10.777000000000044	trials	11.0	5397.072085	5398.4985990000005	5399.9364239999995	5400.345316999999	5396.564238999999	5399.373098			1.0	1.0	0.0	3.0					
5402.232	11.135000000000218	trials	11.0	5409.052019999999	5410.705398	5411.689811	5412.127383	5408.289475	5411.110379	5412.382	5413.367	1.0	2.0	1.0	1.0					
5415.437	11.470000000000255	trials	11.0	5423.098019	5424.276221	5425.557722	5427.01044	5422.4323110000005	5424.759064			1.0	2.0	0.0	3.0					
5427.823	10.97899999999936	trials	11.0	5434.711837	5436.703804999999	5437.844351	5438.340700999999	5433.912335	5437.2706259999995			1.0	1.0	0.0	3.0					
5442.142	9.364999999999782	trials	11.0	5446.112561	5448.123487999999	5449.939856	5450.308978999999	5445.485446	5449.396402	5450.498	5451.507	1.0	2.0	1.0	1.0					
5455.592	6.664999999999964	trials	11.0	5458.2468069999995	5459.284115	5460.710879	5460.963143	5457.464661	5460.041778999999	5461.242	5462.257	1.0	1.0	1.0	1.0					
5466.277	9.800000000000182	trials	11.0	5472.292144999999	5474.089252	5475.631944999999	5476.18082	5471.437459	5474.661644			1.0	2.0	0.0	3.0					
5479.931	6.703000000000429	trials	11.0	5483.412349	5485.123869	5486.272747999999	5486.725675	5482.582519	5485.673606			1.0	1.0	0.0	3.0					
5490.634	9.403999999999542	trials	11.0	5495.268579	5496.7887900000005	5498.213341	5498.640335	5494.377988	5497.636449	5498.858	5500.038	1.0	2.0	1.0	1.0					
5502.092	7.039999999999964	trials	11.0	5506.362474	5507.876756	5508.6802210000005	5509.2350989999995	5505.688024	5508.173444			1.0	2.0	0.0	3.0					
5511.025	10.902000000000044	trials	11.0	5517.552025999999	5519.4957620000005	5521.585147	5522.0280760000005	5516.997045	5520.301864999999			1.0	1.0	0.0	3.0					
5524.917	6.759999999999309	trials	11.0	5527.806992	5529.558499999999	5531.006603	5531.781026	5527.07126	5530.420382			1.0	2.0	0.0	3.0					
5535.338	10.708999999999833	trials	11.0	5541.837334	5543.616701	5545.0460729999995	5546.1476920000005	5541.322108	5544.412241			1.0	1.0	0.0	3.0					
5547.362	13.234999999999673	trials	11.0	5555.784136	5557.449401	5558.714722	5559.120784	5555.211289	5558.007471999999	5559.357	5560.597	1.0	2.0	1.0	1.0					
5564.637	11.534999999999854	trials	11.0	5572.427129	5574.214147			5571.7157449999995	5574.2113659999995			1.0		0.0	2.0					
5580.182	21.520000000000437	trials	11.0	5598.622552999999	5600.276494	5601.249741	5601.80311	5597.767798	5600.788871999999			1.0	2.0	0.0	3.0					
5604.487	9.939000000000306	trials	11.0	5611.212206	5613.145918	5614.060563	5614.525025	5610.323353	5613.5284090000005			1.0	1.0	0.0	3.0					
5618.411	9.940999999999804	trials	11.0	5624.042339	5625.180288	5626.418046999999	5626.8281210000005	5623.130443	5625.918474	5627.052	5628.352	1.0	2.0	1.0	1.0					
5630.369	13.493000000000393	trials	11.0	5640.743713	5642.149907	5643.459524	5643.964352	5640.0145410000005	5642.630675			1.0	2.0	0.0	3.0					
5646.732	13.364999999999782	trials	11.0	5656.113208	5658.138368	5659.1704819999995	5659.609286	5655.402652999999	5658.615793999999			1.0	1.0	0.0	3.0					
5663.443	8.559000000000196	trials	11.0	5667.042756999999	5668.983665	5670.316424	5670.713463	5666.486817999999	5669.782477999999	5670.917	5672.002	1.0	2.0	1.0	1.0					
5675.027	17.180999999999585	trials	11.0	5687.342936	5688.427967	5690.143626	5690.567967999999	5686.792336	5689.4424340000005	5690.777	5692.208	1.0	2.0	1.0	1.0					
5694.289	10.543999999999869	trials	11.0	5700.4179810000005	5701.639708	5702.902462	5703.373149	5699.526816	5702.339891	5703.638	5704.833	1.0	2.0	1.0	1.0					
5707.884	11.898000000000138	trials	11.0	5716.337589999999	5718.246924	5719.370879	5719.884486999999	5715.744459	5718.90722			1.0	2.0	0.0	3.0					
5722.727	9.710000000000036	trials	11.0	5727.972916	5729.653532	5730.728209999999	5731.128516999999	5727.240573	5730.079432	5731.333	5732.437	1.0	1.0	1.0	1.0					
5734.523	9.139999999999418	trials	11.0	5739.61334	5741.516012	5742.534826	5743.76865	5738.977854999999	5741.963458			1.0	1.0	0.0	3.0					
5746.915	5.907000000000153	trials	11.0	5749.863402999999	5751.0703570000005	5752.261091	5752.922415	5749.345477999999	5751.736142			1.0	2.0	0.0	3.0					
5756.552	8.385000000000218	trials	11.0	5761.5233100000005	5763.157878	5764.208984	5764.652206	5760.681589	5763.626348			1.0	1.0	0.0	3.0					
5768.563	13.863999999999578	trials	11.0	5777.998455999999	5779.820627	5780.84489	5781.189124	5777.280962	5780.223257	5781.452	5782.427	1.0	2.0	1.0	1.0					
5786.513	13.609999999999673	trials	11.0	5797.333328	5798.349482	5799.707221	5800.225118	5796.615787	5799.164862			1.0	2.0	0.0	3.0					
5801.924	8.108000000000175	trials	11.0	5807.068669	5808.670108	5809.721082	5810.1361990000005	5806.349588	5809.116677			1.0	1.0	0.0	3.0					
5813.012	9.445999999999913	trials	11.0	5818.104557	5819.78597	5820.717366999999	5821.154031	5817.2214220000005	5820.219233	5821.297	5822.458	1.0	2.0	1.0	1.0					
5826.525	14.327000000000226	trials	11.0	5837.12353	5838.934853999999	5840.503922	5840.9539270000005	5836.527017	5839.339633			1.0	2.0	0.0	3.0					
5843.797	11.425000000000182	trials	11.0	5851.22325	5853.283223	5854.370579	5855.32384	5850.38922	5853.810890999999			1.0	2.0	0.0	3.0					
5856.667	13.955999999999221	trials	11.0	5867.988523	5869.372171999999	5870.262632	5870.725778	5867.2725900000005	5869.731798999999			1.0	1.0	0.0	3.0					
5872.542	9.745999999999185	trials	11.0	5877.814967	5879.43876	5880.410508999999	5880.87544	5876.846294	5879.818669	5881.083	5882.288	1.0	2.0	1.0	1.0					
5885.307	8.949999999999818	trials	11.0	5890.338223	5892.295211	5893.2428899999995	5894.359252	5889.599983	5892.736328			1.0	2.0	0.0	3.0					
5896.494	17.613000000000284	trials	11.0	5909.149214	5911.005383	5912.341883	5912.7806820000005	5908.508397	5911.640973	5912.942	5914.107	1.0	2.0	1.0	1.0					
5917.127	10.304999999999382	trials	11.0	5923.793857	5924.975171	5925.911683	5927.536826	5922.880394	5925.290632			1.0	1.0	0.0	3.0					
5928.198	13.90899999999965	trials	11.0	5938.463851	5940.1672610000005	5941.148563	5941.541089	5937.913117	5940.651662			1.0	2.0	1.0	1.0					
5944.698	12.833999999999833	trials	11.0	5953.3591830000005	5954.550370999999	5955.619312	5956.087775	5952.438595	5955.100345999999	5956.227	5957.532	1.0	2.0	1.0	1.0					
5960.637	7.295000000000073	trials	11.0	5964.2445769999995	5965.942	5967.56331	5968.034318	5963.384554	5966.604862			1.0	2.0	0.0	3.0					
5969.837	8.330999999999221	trials	11.0	5974.2395240000005	5976.015382	5977.509932	5977.926285	5973.386829	5976.863896999999			1.0	1.0	0.0	3.0					
5981.777	6.720999999999549	trials	11.0	5984.7344840000005	5986.043018	5987.849783	5988.602151	5983.994936	5986.565307999999			1.0	2.0	0.0	3.0					
5991.087	23.05999999999949	trials	11.0	6011.308623999999	6012.772048	6013.685018	6014.250846999999	6010.708893	6013.210289			1.0	2.0	0.0	3.0					
6015.931	17.08100000000013	trials	11.0	6030.414164	6031.61599	6032.630462	6033.118268	6029.4264490000005	6032.131163			1.0	2.0	0.0	3.0					
6034.988	41.180999999999585	trials	11.0	6072.249368	6074.147688	6074.915967999999	6075.049129	6071.667727	6074.139668			1.0		0.0	2.0					
6080.186	8.146999999999935	trials	11.0	6084.954512	6086.553981	6087.839314999999	6088.435668	6083.961964	6087.052604			1.0	2.0	0.0	3.0					
6091.072	10.760999999999513	trials	11.0	6098.9552810000005	6099.881141			6097.959755	6099.877966			1.0		0.0	2.0					
6104.884	55.52300000000014	trials	11.0	6157.56564	6159.175488	6160.079699	6160.151475	6156.748514	6159.541357			1.0	2.0	0.0	3.0					
6162.462	1265.6849999999995	BlockDesign														1.0	383.0	442.0	50.0	0.0
6162.462	14.764999999999418	trials	12.0	6172.718976	6173.813252999999	6175.195392	6175.563722	6172.197165	6174.524708999999	6175.827	6177.227	2.0	1.0	1.0	1.0					
6180.317	34.72099999999955	trials	12.0	6211.508906999999	6213.2320979999995	6214.300346	6215.058231	6210.890631	6213.764021999999			2.0	2.0	0.0	3.0					
6218.744	9.043999999999869	trials	12.0	6223.804222	6225.806012999999			6223.247839	6225.79425			2.0		0.0	2.0					
6229.797	12.355000000000473	trials	12.0	6238.775661	6240.605638999999	6241.702257	6242.175566999999	6238.039546999999	6241.032518			2.0	1.0	0.0	3.0					
6246.072	8.239999999999782	trials	12.0	6251.025952999999	6252.615119	6253.6889	6254.3371099999995	6250.237872	6252.964188999999			2.0	2.0	0.0	3.0					
6256.011	22.651999999999134	trials	12.0	6274.824315	6276.706193999999	6277.620222	6278.031078999999	6274.252474	6277.096307			2.0	1.0	1.0	1.0					
6281.228	30.448999999999614	trials	12.0	6308.065845	6309.594744	6310.538525	6311.002603999999	6307.232531	6309.935138			2.0	1.0	0.0	3.0					
6313.922	13.84100000000035	trials	12.0	6324.025893	6325.5231029999995	6326.39672	6327.788243999999	6323.429392	6325.7747			2.0	1.0	0.0	3.0					
6328.712	14.554999999999382	trials	12.0	6339.954443	6341.2973329999995	6342.438137	6343.290983	6339.034466	6341.8295929999995			2.0	2.0	0.0	3.0					
6344.737	19.701000000000022	trials	12.0	6360.685638999999	6361.974564	6363.103655	6364.462888999999	6360.004172	6362.532800999999			2.0	1.0	0.0	3.0					
6366.431	16.970000000000255	trials	12.0	6380.198901	6381.536739	6382.959894	6383.423747	6379.488537	6382.097835			2.0	2.0	0.0	3.0					
6387.369	9.753999999999905	trials	12.0	6393.089574	6394.324026	6395.333829	6395.729154	6392.248625	6394.707796	6395.932	6397.123	2.0	1.0	1.0	1.0					
6401.217	34.94599999999991	trials	12.0	6432.48664	6434.126862			6431.616325999999	6434.120754			2.0		0.0	2.0					
6438.183	16.069000000000415	trials	12.0	6451.074987	6452.352816	6453.40625	6454.276976	6450.278233999999	6452.784881			2.0	2.0	0.0	3.0					
6455.777	38.70499999999993	trials	12.0	6490.151301	6491.443947	6492.227449	6492.6218309999995	6489.632127	6491.632831999999	6492.962	6494.482	2.0	1.0	1.0	1.0					
6497.562	22.085000000000036	trials	12.0	6516.500709999999	6517.662015			6515.5651339999995	6517.6536479999995			2.0		0.0	2.0					
6521.727	14.074999999999818	trials	12.0	6532.1847259999995	6534.0825859999995	6535.031223	6535.507818	6531.424803	6534.485326999999			2.0	1.0	0.0	3.0					
6537.342	11.0600000000004	trials	12.0	6543.934733	6545.896522999999	6547.1304359999995	6547.616594	6543.290384999999	6546.4351289999995			2.0	1.0	0.0	3.0					
6550.558	8.998999999999796	trials	12.0	6555.612535	6556.791453	6558.395288	6559.583103	6554.636567	6557.762124999999			2.0	2.0	0.0	3.0					
6562.702	81.0649999999996	trials	12.0	6638.805249	6640.639851	6641.5673879999995	6641.949258	6637.864216999999	6641.0329919999995	6642.237	6643.767	2.0	1.0	1.0	1.0					
6647.883	7.079000000000633	trials	12.0	6651.237387	6653.204283	6654.060789	6654.987279	6650.629511	6653.458313			2.0	1.0	0.0	3.0					
6656.432	13.730999999999767	trials	12.0	6666.66618	6667.762444999999	6669.216547999999	6670.186575	6666.075355999999	6668.592402			2.0	2.0	0.0	3.0					
6671.642	13.635000000000218	trials	12.0	6680.435466999999	6681.783486	6683.258148	6683.6111169999995	6679.928205	6682.645721999999	6684.052	6685.277	2.0	1.0	1.0	1.0					
6688.282	7.519999999999527	trials	12.0	6691.326231999999	6692.7789379999995	6693.903445	6694.316866	6690.7189579999995	6693.264757			2.0	1.0	0.0	3.0					
6697.351	15.371000000000095	trials	12.0	6708.0207009999995	6709.452980999999	6710.6715619999995	6711.004929	6707.150559	6709.982205	6711.527	6712.722	2.0	1.0	1.0	1.0					
6714.777	9.36999999999989	trials	12.0	6718.9027399999995	6720.796581	6721.975302	6722.437379	6718.273241	6721.366254	6722.627	6724.147	2.0	1.0	1.0	1.0					
6726.172	9.63000000000011	trials	12.0	6731.540970999999	6733.310061	6734.509061	6734.954537	6730.584153	6733.888301			2.0	1.0	0.0	3.0					
6738.857	11.989999999999782	trials	12.0	6746.93577	6748.337742	6749.8659769999995	6750.874646	6746.427003	6749.1656729999995			2.0	1.0	0.0	3.0					
6753.227	11.319999999999709	trials	12.0	6760.421238	6762.4709459999995	6763.9937119999995	6764.571714	6759.835073	6763.1481029999995			2.0	2.0	0.0	3.0					
6766.302	29.86999999999989	trials	12.0	6791.811119	6793.043211	6794.908977	6796.2006169999995	6791.250762	6794.10948			2.0	2.0	0.0	3.0					
6799.312	11.350999999999658	trials	12.0	6807.077063	6808.6335229999995	6809.694568	6810.68859	6806.480498999999	6809.110936			2.0	1.0	0.0	3.0					
6812.109	25.6279999999997	trials	12.0	6833.318233999999	6834.966855	6836.726775	6837.763601	6832.384183	6836.088554999999			2.0	2.0	0.0	3.0					
6840.027	11.039999999999964	trials	12.0	6846.231100999999	6847.940332	6849.172082	6851.091098	6845.688886	6848.532757999999			2.0	1.0	0.0	3.0					
6851.467	32.410000000000764	trials	12.0	6879.761573	6881.785457999999	6883.265246	6883.905408	6879.092267	6882.287461			2.0	2.0	0.0	3.0					
6885.637	32.14500000000044	trials	12.0	6914.1767709999995	6915.265845	6917.010521	6917.047678	6913.424766	6916.446354			2.0	2.0	0.0	3.0					
6921.373	29.115999999999985	trials	12.0	6947.403225999999	6949.323058999999	6950.10966	6950.471403	6946.479977	6949.553701999999			2.0	1.0	0.0	3.0					
6952.467	7.954999999999927	trials	12.0	6956.018228999999	6957.983559	6959.770047	6960.45064	6955.2310769999995	6958.364898			2.0	2.0	0.0	3.0					
6962.085	49.55699999999979	trials	12.0	7007.614130999999	7009.021554	7010.061134	7011.67069	7007.104982999999	7009.484514			2.0	1.0	0.0	3.0					
7013.431	33.111000000000786	trials	12.0	7042.356972	7043.434193	7045.068222	7046.571663	7041.514869	7044.434408			2.0	2.0	0.0	3.0					
7049.493	11.928999999999178	trials	12.0	7056.437178	7058.121638	7059.405912	7059.82313	7055.747689	7058.8555049999995	7060.038	7061.422	2.0	1.0	1.0	1.0					
7063.587	9.122999999999593	trials	12.0	7067.432135999999	7069.403221	7070.491926	7070.9665159999995	7066.807919	7069.83767	7071.102	7072.71	2.0	1.0	1.0	1.0					
7074.727	27.720000000000255	trials	12.0	7097.7124969999995	7099.40971	7100.5727449999995	7101.007812	7096.874333	7099.830182	7101.352	7102.447	2.0	1.0	1.0	1.0					
7106.465	28.096999999999753	trials	12.0	7131.107316	7132.579992			7130.396933999999	7132.575812			2.0		0.0	2.0					
7137.567	18.01599999999962	trials	12.0	7150.593026	7152.381326	7153.201953	7155.61103	7149.882484	7152.624924			2.0	1.0	0.0	3.0					
7157.577	13.0649999999996	trials	12.0	7165.932546	7167.356067	7168.735065999999	7169.132396999999	7165.423822	7168.162538	7169.517	7170.642	2.0	1.0	1.0	1.0					
7173.663	27.640000000000327	trials	12.0	7196.392596	7198.234542	7199.520038	7199.894091	7195.869876	7198.971423	7200.257	7201.303	2.0	1.0	1.0	1.0					
7203.418	10.035000000000764	trials	12.0	7210.069796	7211.859579	7213.049233	7213.479257	7209.47844	7212.409344			2.0	2.0	0.0	3.0					
7215.373	13.589000000000851	trials	12.0	7225.359431999999	7226.720574	7227.60831	7228.993426999999	7224.555614	7227.06347			2.0	1.0	0.0	3.0					
7229.982	13.859999999999673	trials	12.0	7239.763068	7241.639744	7242.554018999999	7243.044473	7238.848881	7242.025922			2.0	1.0	0.0	3.0					
7244.947	17.21599999999944	trials	12.0	7257.953463	7259.2516559999995	7260.237386	7260.689741	7257.088043	7259.658863	7260.902	7262.163	2.0	1.0	1.0	1.0					
7266.188	6.488999999999578	trials	12.0	7268.468492	7270.024985	7271.310595999999	7272.707064	7267.696688999999	7270.585373			2.0	1.0	0.0	3.0					
7274.738	13.213999999999942	trials	12.0	7284.169947	7285.388736999999	7287.131115	7287.978399	7283.258736	7285.922941999999			2.0	2.0	0.0	3.0					
7289.432	19.43000000000029	trials	12.0	7305.273359	7306.545427999999	7307.908724	7308.891468	7304.370308	7307.3893069999995			2.0	2.0	0.0	3.0					
7312.285	11.766999999999825	trials	12.0	7319.16899	7320.245631	7321.7454419999995	7322.156333	7318.380083999999	7321.128449	7322.487	7324.052	2.0	1.0	1.0	1.0					
7327.134	9.217999999999847	trials	12.0	7332.218379	7333.683933	7334.994854	7335.474929	7331.57756	7334.381681999999			2.0	1.0	0.0	3.0					
7337.352	19.470000000000255	trials	12.0	7351.829162999999	7353.072002999999	7355.056979999999	7355.494226	7351.090505	7354.471471999999	7355.777	7356.822	2.0	1.0	1.0	1.0					
7358.884	7.927999999999884	trials	12.0	7363.2683369999995	7364.375373	7366.2375919999995	7366.841982	7362.715586	7365.100934			2.0	2.0	0.0	3.0					
7370.681	16.996000000000095	trials	12.0	7383.3303399999995	7384.791332	7385.806538999999	7386.261678	7382.7177329999995	7385.189990999999	7386.538	7387.677	2.0	1.0	1.0	1.0					
7389.748	9.655000000000655	trials	12.0	7395.808488	7397.595111	7398.5888239999995	7399.429553	7395.10932	7397.981097			2.0	1.0	0.0	3.0					
7401.887	26.26000000000022	trials	12.0	7423.4389759999995	7425.135659	7426.047796999999	7426.438604999999	7422.721399999999	7425.470052	7426.827	7428.147	2.0	1.0	1.0	1.0					
7431.297	480.9350000000004	BlockDesign														1.0	443.0	467.0	0.0	50.0
7431.297	8.231000000000677	trials	13.0	7435.233827999999	7437.005948	7437.623705	7438.0224769999995	7434.34293	7437.086837	7438.322	7439.528	3.0	2.0	1.0	1.0					
7441.564	10.752999999999702	trials	13.0	7448.624577	7449.873167	7451.519733	7452.347943	7447.761063	7450.325106			3.0	2.0	0.0	3.0					
7455.905	10.817000000000007	trials	13.0	7463.559268	7464.7864549999995	7466.255171999999	7466.752076999999	7462.849367	7465.216167			3.0	2.0	0.0	3.0					
7468.588	18.884000000000015	trials	13.0	7483.499508999999	7484.588626	7485.539354	7485.943899	7482.752208	7484.95569	7486.167	7487.472	3.0	2.0	1.0	1.0					
7491.492	8.154999999999745	trials	13.0	7495.594107	7496.846001	7497.753801	7497.790731	7495.030817999999	7497.202866	7498.458	7499.647	3.0	2.0	1.0	1.0					
7501.687	7.9909999999999854	trials	13.0	7506.112961	7507.393974	7508.999567	7509.704903	7505.178809999999	7507.875459999999			3.0	2.0	0.0	3.0					
7512.378	15.279000000000451	trials	13.0	7524.325871	7525.9000399999995	7526.898872	7527.687867	7523.786617	7526.299475			3.0	2.0	0.0	3.0					
7529.277	22.800000000000182	trials	13.0	7547.589464	7549.293035	7550.25066	7550.356707	7546.876472	7549.666617999999	7550.862	7552.077	3.0	2.0	1.0	1.0					
7556.166	5.310999999999694	trials	13.0	7558.459809	7559.497013			7557.5191079999995	7559.493143			3.0		0.0	2.0					
7563.525	71.94700000000012	trials	13.0	7631.464814	7632.648005999999	7633.627157	7633.990742	7630.505583	7632.732416999999	7634.382	7635.472	3.0	2.0	1.0	1.0					
7638.538	21.11500000000069	trials	13.0	7656.351422	7657.62231			7655.744943	7657.618418			3.0		0.0	2.0					
7661.663	21.814000000000306	trials	13.0	7679.920967	7681.44914			7679.299763999999	7681.437228			3.0		0.0	2.0					
7685.509	13.073999999999614	trials	13.0	7695.179934	7696.607545999999			7694.295869	7696.596464			3.0		0.0	2.0					
7700.742	16.48999999999978	trials	13.0	7713.100349	7714.522026	7715.368385	7715.742496999999	7712.2203819999995	7714.847178	7715.963	7717.232	3.0	2.0	1.0	1.0					
7720.317	14.104999999999563	trials	13.0	7731.55527	7732.766838	7733.639987	7734.451982	7730.6104909999995	7733.153297999999			3.0	2.0	0.0	3.0					
7737.952	23.010999999999513	trials	13.0	7757.160959	7758.605867	7760.1783479999995	7760.993877	7756.605582	7759.564805			3.0	1.0	0.0	3.0					
7764.477	19.029999999999745	trials	13.0	7780.360285	7782.097398	7783.210341	7783.4967289999995	7779.548616	7782.103161			3.0	2.0	0.0	3.0					
7785.572	22.324999999999818	trials	13.0	7803.750798	7805.369691	7806.161830999999	7806.518583	7802.909207	7805.69721	7806.812	7807.897	3.0	2.0	1.0	1.0					
7809.985	9.044000000000779	trials	13.0	7815.5960239999995	7817.0739109999995	7818.550005	7819.060581	7814.697611	7817.4367219999995			3.0	2.0	0.0	3.0					
7821.922	31.75500000000011	trials	13.0	7849.351028	7850.618154	7851.842535	7852.248321	7848.415634	7850.997609	7852.623	7853.677	3.0	2.0	1.0	1.0					
7855.692	8.470999999999549	trials	13.0	7860.860834	7862.177129	7862.916429999999	7863.042552	7859.863343999999	7862.166655			3.0		0.0	2.0					
7868.242	12.029999999999745	trials	13.0	7875.636033	7877.504169	7878.519988999999	7880.303441999999	7874.738726	7878.015348			3.0	2.0	0.0	3.0					
7881.883	11.378999999999905	trials	13.0	7888.36078	7890.400727	7891.316373	7891.682333	7887.4479519999995	7890.798812999999	7891.862	7893.262	3.0	2.0	1.0	1.0					
7895.384	8.353000000000065	trials	13.0	7899.671157	7900.8125549999995	7901.850111	7902.2297069999995	7899.129854999999	7901.291412	7902.507	7903.737	3.0	2.0	1.0	1.0					
7905.757	6.475000000000364	trials	13.0	7909.916643	7911.320444	7912.120554	7912.844579	7909.181042	7911.634765999999			3.0	2.0	0.0	3.0					
7916.473	1290.2039999999997	BlockDesign														1.0	468.0	525.0	50.0	50.0
7916.473	153.23499999999967	trials	14.0	8065.856517	8066.9511059999995	8067.812402	8068.239514999999	8065.07303	8067.207498	8068.527	8069.708	2.0	1.0	1.0	1.0					
8072.782	10.041000000000167	trials	14.0	8079.323279	8080.793954	8081.5472819999995	8081.71167	8078.33447	8080.790975			3.0		0.0	2.0					
8084.837	11.300999999999476	trials	14.0	8092.5671729999995	8094.365555	8095.6480679999995	8096.167181	8091.998122999999	8094.795027			3.0	2.0	0.0	3.0					
8099.107	24.25	trials	14.0	8119.651836	8121.428981999999	8122.386348	8123.38976	8118.699879	8121.797283			3.0	1.0	0.0	3.0					
8124.79	14.408000000000357	trials	14.0	8135.7574349999995	8137.708971	8138.455556	8139.232029	8135.190203	8137.892667			2.0	1.0	0.0	3.0					
8141.827	12.409999999999854	trials	14.0	8150.721927	8152.322532	8153.411147999999	8153.435192	8150.036206	8152.816563			2.0	2.0	0.0	3.0					
8157.827	18.74499999999989	trials	14.0	8173.092323999999	8174.182274999999	8175.195841999999	8176.194303	8172.165306	8174.658287			2.0	1.0	0.0	3.0					
8177.492	14.505999999999403	trials	14.0	8188.317116	8189.666576	8190.229778999999	8190.607527	8187.378374	8189.737053	8190.958	8191.998	3.0	2.0	1.0	1.0					
8195.072	13.850000000000364	trials	14.0	8204.408663999999	8206.020612	8207.408862	8208.954416	8203.585377	8206.537635			2.0	1.0	0.0	3.0					
8209.772	16.26599999999962	trials	14.0	8221.982654	8223.946925	8225.505473	8226.067272	8221.454448	8224.492059			2.0	2.0	0.0	3.0					
8229.925	11.41700000000128	trials	14.0	8236.862622	8238.411991	8239.61286	8240.008183	8236.011902999999	8238.609128	8240.333	8241.342	3.0	2.0	1.0	1.0					
8244.467	7.635000000000218	trials	14.0	8248.557456999999	8250.326217	8251.187528999999	8252.133729	8247.828911	8250.682764			2.0	2.0	0.0	3.0					
8253.615	18.61200000000099	trials	14.0	8268.869136	8270.098484	8271.08351	8272.261275	8268.325668	8270.598951			3.0	2.0	0.0	3.0					
8274.392	10.055000000000291	trials	14.0	8281.352664	8282.490893	8283.790691	8284.478749	8280.545222	8283.088884			3.0	2.0	0.0	3.0					
8286.172	26.365999999999985	trials	14.0	8309.317642	8310.445276	8311.505001	8311.89439	8308.614427	8310.843246			2.0	1.0	1.0	1.0					
8317.123	24.203999999999724	trials	14.0	8337.958058	8339.351637			8337.142915	8339.344188			3.0		0.0	2.0					
8345.335	20.767000000001644	trials	14.0	8361.527499	8363.368994	8364.132765	8364.553817	8360.543795	8363.480634	8364.788	8366.102	2.0	1.0	1.0	1.0					
8368.217	8.465000000000146	trials	14.0	8373.482842	8375.217582	8376.11778	8376.716331	8372.493838999999	8375.587693			3.0	2.0	0.0	3.0					
8379.542	13.170000000000073	trials	14.0	8388.083517	8390.12178	8390.693621999999	8391.068204	8387.378889	8390.154956999999	8391.272	8392.712	3.0	2.0	1.0	1.0					
8394.802	34.19599999999991	trials	14.0	8424.909642999999	8426.043768	8426.908205	8429.032922999999	8424.213066	8426.325447			2.0	1.0	0.0	3.0					
8430.292	94.42000000000007	trials	14.0	8521.523255	8522.939859	8523.933785	8524.741817	8520.823977	8523.344277			3.0	2.0	0.0	3.0					
8528.327	8.760000000000218	trials	14.0	8532.918898	8534.632694			8531.970723	8534.624371			2.0		0.0	2.0					
8539.623	13.689000000000306	trials	14.0	8550.088842	8551.181988	8552.204198	8553.345400999999	8549.36882	8551.569446			2.0	1.0	0.0	3.0					
8554.507	17.13500000000022	trials	14.0	8567.598908	8568.78127	8569.735907999999	8570.222856	8566.829559	8569.211196	8570.547	8571.642	3.0	2.0	1.0	1.0					
8573.659	9.093000000000757	trials	14.0	8579.004836	8580.645443	8581.715885	8582.7887	8578.04511	8581.070415			2.0	1.0	0.0	3.0					
8585.043	22.634000000000015	trials	14.0	8604.273992999999	8605.397709	8606.801178	8607.713045	8603.525337	8605.970179			2.0	2.0	0.0	3.0					
8611.134	11.893000000000029	trials	14.0	8619.43523	8621.037274999999	8622.42408	8623.060027	8618.848944	8621.613701999999			2.0	2.0	0.0	3.0					
8625.806	30.277000000000044	trials	14.0	8651.99564	8653.825872	8654.331732999999	8654.447099	8651.431935	8653.826348999999	8655.027	8656.083	3.0	2.0	1.0	1.0					
8658.165	8.997999999999593	trials	14.0	8663.875376	8665.191195			8662.975713	8665.187684			3.0		0.0	2.0					
8669.173	12.703999999999724	trials	14.0	8678.450666	8679.905895	8680.424829	8681.003697	8677.687378999999	8679.898389			3.0		0.0	2.0					
8685.917	15.085000000000946	trials	14.0	8697.964418	8699.565818	8700.240523	8701.038360999999	8696.965973999999	8699.635447999999			2.0	1.0	0.0	3.0					
8703.577	13.215000000000146	trials	14.0	8712.809553	8714.441805	8714.956041	8715.369845	8711.924600999999	8714.485733	8715.797	8716.792	3.0	2.0	1.0	1.0					
8719.873	6.514000000001033	trials	14.0	8723.064147	8724.445287999999	8725.338801	8726.422554	8722.273624	8724.776171			2.0	1.0	0.0	3.0					
8729.652	12.220999999999549	trials	14.0	8738.379819	8739.846505			8737.515476	8739.843705			3.0		0.0	2.0					
8744.882	18.69499999999971	trials	14.0	8760.094767999999	8761.388244	8762.053532	8763.612471	8759.209539	8761.600512			3.0	2.0	0.0	3.0					
8766.418	11.459000000000742	trials	14.0	8774.554494	8776.318613	8777.084444	8777.583393	8773.633946	8776.534184			2.0	1.0	0.0	3.0					
8779.382	18.05500000000029	trials	14.0	8793.019521	8795.074605	8796.352266	8796.735338999999	8792.203472	8795.832473999999			2.0	1.0	1.0	1.0					
8800.938	10.898999999999432	trials	14.0	8808.569402	8809.795985	8810.726345	8811.874346	8807.720894	8810.223429			3.0	2.0	0.0	3.0					
8813.08	25.141999999999825	trials	14.0	8833.960191	8835.550568999999	8836.274614	8836.582404	8833.080763	8835.795512	8837.032	8838.222	3.0	2.0	1.0	1.0					
8840.162	12.385000000000218	trials	14.0	8848.055382999999	8849.501994	8850.435556	8850.841289	8847.269385	8849.79761	8851.102	8852.547	2.0	1.0	1.0	1.0					
8855.572	28.454999999999927	trials	14.0	8880.871419	8882.462480999999	8883.334915	8884.063392	8880.290052	8882.746149999999			2.0	1.0	0.0	3.0					
8886.627	15.889999999999418	trials	14.0	8899.045688	8900.498662	8901.065747999999	8901.643238999999	8898.195762	8900.493509			3.0		0.0	2.0					
8905.572	12.055000000000291	trials	14.0	8914.287011	8915.860392999999	8916.615844	8917.661357	8913.290075	8916.021818			2.0	1.0	0.0	3.0					
8920.918	8.929000000000087	trials	14.0	8925.9303	8927.868434	8928.431802	8929.118544	8925.129788999999	8927.861402999999			3.0		0.0	2.0					
8933.872	18.50500000000102	trials	14.0	8948.11002	8949.555527	8950.356507	8950.759457	8947.115343	8949.780596	8951.112	8952.377	2.0	1.0	1.0	1.0					
8954.417	9.405000000000655	trials	14.0	8960.395481	8962.257098	8962.782774	8963.857148	8959.81446	8962.262020999999			3.0	2.0	0.0	3.0					
8965.083	16.278999999998632	trials	14.0	8976.872402	8978.567081	8979.400257	8979.836104	8976.167636	8978.848256	8980.017	8981.362	2.0	1.0	1.0	1.0					
8983.403	10.793999999999869	trials	14.0	8990.280761	8992.157342	8992.801136	8993.227856	8989.462754	8992.152234			3.0		0.0	2.0					
8998.272	19.799999999999272	trials	14.0	9015.40123	9016.765185	9017.475274	9018.106581	9014.55899	9017.026989			3.0	2.0	0.0	3.0					
9021.904	9.554000000000087	trials	14.0	9028.40573	9029.488619			9027.577545	9029.47329			2.0		0.0	2.0					
9034.536	55.931000000000495	trials	14.0	9086.921371	9088.497127999999			9086.035565999999	9088.489126			2.0		0.0	2.0					
9092.474	18.98400000000038	trials	14.0	9108.100934	9109.434485	9109.993172	9110.139223999999	9107.160993	9109.422461999999			3.0		0.0	2.0					
9114.597	14.840000000000146	trials	14.0	9125.280936	9126.727289999999	9127.611377	9128.012184	9124.71805	9127.148883	9128.307	9129.437	3.0	2.0	1.0	1.0					
9131.458	13.308999999999287	trials	14.0	9141.480956	9142.917048	9143.85179	9144.258136	9140.717388	9143.235616			2.0	1.0	0.0	3.0					
9146.292	18.11200000000099	trials	14.0	9160.391871	9162.170312999999	9162.584067	9162.788142	9159.744687	9162.116799	9163.231	9164.404	3.0	2.0	1.0	1.0					
9167.498	9.899000000001251	trials	14.0	9172.523068	9174.12861	9175.184572999999	9175.555448	9171.785984	9174.554694	9175.842	9177.397	2.0	1.0	1.0	1.0					
9180.467	10.06499999999869	trials	14.0	9185.971866	9187.353921	9188.710878	9189.133789	9185.321715	9188.028075	9189.527	9190.532	2.0	1.0	1.0	1.0					
9194.547	12.1299999999992	trials	14.0	9203.691764	9205.539647	9206.344265	9206.788776	9202.811318	9205.66473			3.0	2.0	0.0	3.0					
9209.713	84.65500000000065	BlockDesign														1.0	526.0	530.0	0.0	0.0
9209.713	11.213999999999942	trials	15.0	9217.616407	9219.175065	9219.966507	9220.962695	9216.783696	9219.3791			2.0	1.0	0.0	3.0					
9223.333	22.44499999999971	trials	15.0	9242.031904	9243.967864999999	9245.044961	9245.51564	9241.44886	9244.482869			2.0	1.0	0.0	3.0					
9249.436	14.941000000000713	trials	15.0	9260.856523	9262.888181999999	9263.55515	9264.024301	9260.025539	9262.944967			2.0	1.0	0.0	3.0					
9267.873	10.56500000000051	trials	15.0	9275.906586	9276.979703	9277.972133	9278.472075	9275.149820999999	9277.472337			2.0	2.0	0.0	3.0					
9282.297	12.070999999999913	trials	15.0	9292.292376	9293.323382999999	9294.276656	9294.770789	9291.458286	9293.683415			2.0	1.0	0.0	3.0					
9297.777	573.875	BlockDesign														1.0	531.0	541.0	0.0	0.0
9297.777	14.345999999999549	trials	16.0	9308.59239	9310.10439	9310.535045	9310.769649	9308.046375	9310.092408			3.0		0.0	2.0					
9317.132	17.740999999999985	trials	16.0									3.0		0.0	2.0					
9337.885	36.13500000000022	trials	16.0									3.0	2.0	0.0	3.0					
9376.967	15.099999999998545	trials	16.0									3.0	2.0	0.0	3.0					
9395.5	243.78199999999924	trials	16.0	9636.338637	9637.285992000001	9638.073199	9638.594067	9635.508355	9637.283176			3.0		0.0	2.0					
9642.292	46.534999999999854	trials	16.0	9686.114376000001	9687.521367000001	9688.088968	9688.839762000001	9685.327053	9687.555319000001			3.0	2.0	0.0	3.0					
9692.402	11.720999999999549	trials	16.0	9700.850451	9702.071740000001			9700.078483000001	9702.063495			3.0		0.0	2.0					
9707.205	53.84200000000055	trials	16.0	9757.664578	9759.001726	9759.760635	9759.981084000001	9756.715335	9758.987731000001			3.0		0.0	2.0					
9765.128	17.278999999998632	trials	16.0	9779.174479000001	9780.411406000001	9780.971554000002	9781.060582	9778.495197	9780.401844			3.0		0.0	2.0					
9785.467	12.31499999999869	trials	16.0	9794.549595	9796.297123	9796.708258	9797.796499	9793.554696000001	9796.244479			3.0	2.0	0.0	3.0					
9801.077	70.57500000000073	trials	16.0	9868.999921	9870.641873	9871.407447000001	9871.551804	9868.345377000001	9870.911815000001			3.0	2.0	0.0	3.0					
9873.806	949.4030000000002	BlockDesign														1.0	542.0	590.0	50.0	50.0
9873.806	12.191999999999098	trials	17.0	9879.754689000001	9881.421006	9882.457303000001	9884.078945000001	9879.122368	9881.410276			2.0		0.0	2.0					
9887.423	18.179000000000087	trials	17.0	9902.920147	9903.988195	9905.164602	9905.616313	9901.972402000001	9904.640596000001			2.0	1.0	0.0	3.0					
9908.577	10.570000000001528	trials	17.0	9915.061842000001	9916.97851	9918.366228	9919.163205	9914.313936	9917.805352000001			2.0	2.0	0.0	3.0					
9920.742	19.164999999999054	trials	17.0	9936.061143	9937.908049000001			9935.328354000001	9937.904532			3.0		0.0	2.0					
9942.917	16.871000000001004	trials	17.0	9956.335261	9957.742288000001	9958.253248	9958.399081000001	9955.648243000001	9957.736134			3.0		0.0	2.0					
9962.797	16.0049999999992	trials	17.0	9975.682306	9977.09092	9977.931373000001	9978.816607	9974.715036000001	9977.453242000001			3.0	2.0	0.0	3.0					
9982.242	24.645000000000437	trials	17.0	10002.220054000001	10004.146794	10005.097432	10006.900717	10001.501913	10004.562324			2.0	1.0	0.0	3.0					
10007.413	11.763999999999214	trials	17.0	10015.285552000001	10016.337555	10017.484569	10017.826350000001	10014.633871	10016.979940000001	10018.242	10019.177	3.0	2.0	1.0	1.0					
10022.272	7.9759999999987485	trials	17.0	10026.736222000001	10028.25235	10029.697429	10030.259939000001	10025.996719	10028.747515000001			3.0	2.0	0.0	3.0					
10032.092	16.070999999999913	trials	17.0	10043.825881	10045.417433	10046.403756000002	10046.456547000002	10043.014402	10045.830897	10047.067	10048.163	3.0	2.0	1.0	1.0					
10052.178	6.504000000000815	trials	17.0	10054.741335	10055.787723000001	10056.932190000001	10057.239403000001	10053.766156000002	10056.366696000001	10057.637	10058.682	2.0	1.0	1.0	1.0					
10060.742	9.209999999999127	trials	17.0	10066.271479	10067.962060000002	10068.965713000001	10069.515834000002	10065.271351000001	10067.95219			2.0		0.0	2.0					
10074.027	9.409999999999854	trials	17.0	10078.682799	10080.222394	10081.788546	10082.153556000001	10078.127863000002	10080.720541	10082.462	10083.437	3.0	2.0	1.0	1.0					
10086.478	6.0240000000012515	trials	17.0	10089.086422	10090.374814	10091.927332000001	10092.517192000001	10088.519542	10090.76987			3.0	2.0	0.0	3.0					
10094.392	41.73500000000058	trials	17.0	10132.282129000001	10134.212683000002	10134.944253000001	10136.144963	10131.736772	10134.337732			2.0	1.0	0.0	3.0					
10138.318	19.494000000000597	trials	17.0	10150.216105000001	10151.838157	10156.296758	10156.564918	10149.412767000002	10155.662320000001	10156.849	10157.812	2.0	1.0	1.0	1.0					
10161.828	7.414000000000669	trials	17.0	10165.466284	10166.788084	10168.586497	10169.257732	10164.751460000001	10167.497902000001			3.0	2.0	0.0	3.0					
10171.953	24.264000000001033	trials	17.0	10193.028670000002	10194.830821000001	10195.515412	10196.236036	10192.373798	10194.922048			2.0	1.0	0.0	3.0					
10199.962	16.965000000000146	trials	17.0	10213.001408	10214.763025	10215.653839	10216.944616	10212.155851000001	10214.793844			2.0	1.0	0.0	3.0					
10219.017	15.355999999999767	trials	17.0	10230.586365000001	10232.384136			10229.690118	10232.372986			3.0		0.0	2.0					
10236.448	15.090000000000146	trials	17.0	10247.361924	10248.758443	10249.600584	10249.946890000001	10246.357887	10249.0534	10250.462	10251.538	2.0	1.0	1.0	1.0					
10253.554	10.50799999999981	trials	17.0	10260.261846000001	10262.068356	10262.720833000001	10262.972829	10259.674361000001	10262.058703			3.0		0.0	2.0					
10266.132	23.960000000000946	trials	17.0	10285.496752000001	10287.302968	10288.023108000001	10288.453507	10284.824533	10287.463567	10288.687	10290.092	2.0	1.0	1.0	1.0					
10293.112	10.355000000001382	trials	17.0	10298.598199	10299.913942000001	10302.254541	10303.483090000002	10297.973751000001	10301.67835			3.0	1.0	0.0	3.0					
10306.567	45.70100000000093	trials	17.0	10326.207120000001	10327.99912	10351.812013	10352.229894	10325.272294	10328.817592000001			3.0	2.0	0.0	3.0					
10355.262	8.854999999999563	trials	17.0	10360.902421	10361.91421	10362.926882000002	10364.132331	10359.917782	10362.375149000001			2.0	1.0	0.0	3.0					
10365.382	30.020000000000437	trials	17.0	10392.167479000002	10393.928793000001	10394.928509000001	10395.419169	10391.577253000001	10394.403576			3.0	1.0	0.0	3.0					
10399.259	23.432999999999083	trials	17.0	10418.773568	10420.101096	10421.027601000002	10421.329381000001	10418.211217	10420.52368	10421.722	10422.692	3.0	2.0	1.0	1.0					
10424.732	10.215000000000146	trials	17.0	10430.511064	10432.390720000001	10433.093311	10433.469526	10429.627069	10432.557495000001	10433.727	10434.947	2.0	1.0	1.0	1.0					
10437.038	10.304000000000087	trials	17.0	10442.847635	10444.079829	10445.603582000002	10446.023616	10441.966621000001	10444.503341000001	10446.467	10447.342	2.0	1.0	1.0	1.0					
10450.462	14.201000000000931	trials	17.0	10460.257633000001	10461.639672000001	10462.825060000001	10464.678278000001	10459.584817	10462.213347			3.0	2.0	0.0	3.0					
10466.152	23.636000000000422	trials	17.0	10486.318407	10487.920681000001	10488.677899	10489.802862	10485.60553	10488.128074			2.0	1.0	0.0	3.0					
10493.052	9.639999999999418	trials	17.0	10497.498211	10499.253768	10500.894277000001	10501.296931	10496.784121	10499.806963	10501.557	10502.692	3.0	2.0	1.0	1.0					
10505.712	8.596000000001368	trials	17.0	10509.769753	10511.240758	10512.664663000001	10513.121353	10508.991604	10511.814576	10513.417	10514.308	2.0	1.0	1.0	1.0					
10516.387	9.610999999998967	trials	17.0	10522.553147	10524.615432	10525.614160000001	10525.964451	10522.027446	10524.673443000001			3.0	2.0	0.0	3.0					
10528.007	19.485000000000582	trials	17.0	10543.58322	10545.272001000001	10547.013529	10547.511172	10542.585087000001	10545.993735			3.0	2.0	0.0	3.0					
10551.337	10.985000000000582	trials	17.0	10558.923175	10560.418365000001	10561.260558	10562.341336000001	10558.376586	10560.718527			2.0	1.0	0.0	3.0					
10563.592	21.079999999999927	trials	17.0	10581.818098	10583.345112	10584.170272000001	10584.688651	10581.19857	10583.598328			2.0	1.0	0.0	3.0					
10587.519	12.45299999999952	trials	17.0	10595.868776000001	10597.455694	10598.290729	10598.638164	10594.949142000001	10597.739599	10598.977	10599.972	2.0	1.0	1.0	1.0					
10603.058	6.93999999999869	trials	17.0	10606.52913	10608.011336000001	10608.998646	10609.416706	10605.942784	10607.998896000001			3.0		0.0	2.0					
10613.003	11.153999999998632	trials	17.0	10618.498392000001	10620.245641000001	10623.236326	10624.174909000001	10617.940068	10620.234376			2.0		0.0	2.0					
10626.248	25.540000000000873	trials	17.0	10647.404019000001	10649.135155	10651.233519000001	10651.804681000001	10646.435002	10649.86029			2.0	2.0	0.0	3.0					
10654.607	22.645000000000437	trials	17.0	10672.949415000001	10674.172317	10675.664166	10675.993428000002	10672.424152000001	10674.764697	10676.342	10677.252	3.0	2.0	1.0	1.0					
10681.342	20.56499999999869	trials	17.0	10698.848692000001	10700.715457	10701.278004	10701.925773	10698.077404000001	10700.742493000002			3.0	2.0	0.0	3.0					
10703.723	12.666999999999462	trials	17.0	10712.593585	10714.591693	10715.489551	10716.40378	10712.056276000001	10714.942365			2.0	1.0	0.0	3.0					
10717.907	37.10500000000138	trials	17.0	10751.923849	10753.168355000002	10754.114304	10755.03352	10751.372943	10753.545535000001			3.0	2.0	0.0	3.0					
10757.452	10.450000000000728	trials	17.0	10764.355705	10765.618615000001	10766.224123	10766.641134000001	10763.381440000001	10765.732953	10766.967	10767.902	3.0	2.0	1.0	1.0					
10770.02	40.01800000000003	trials	17.0	10806.436054000002	10808.046915			10805.801407	10808.034141			2.0		0.0	2.0					
10814.107	9.102000000000771	trials	17.0	10821.189841000001	10822.464697000001	10823.107885000001	10823.702125	10820.48458	10822.559860000001			3.0	2.0	0.0	3.0					
10825.562	448.7049999999999	BlockDesign														1.0	591.0	612.0	90.0	50.0
10825.562	33.72600000000057	trials	18.0	10854.834838	10856.361795	10857.150838000001	10857.482086	10854.235087000001	10856.553625	10857.928	10859.288	1.0	1.0	1.0	1.0					
10861.354	29.327000000001135	trials	18.0	10886.944944	10888.915665	10890.28763	10890.673333	10886.20921	10889.414109000001			1.0	2.0	0.0	3.0					
10893.65	9.722999999999956	trials	18.0	10899.106159	10900.774678000002	10901.637318000001	10902.001019000001	10898.137836000002	10901.059918	10902.498	10903.373	1.0	1.0	1.0	1.0					
10907.442	19.566000000000713	trials	18.0	10923.06139	10925.100666	10926.386661	10927.027969	10922.528749000001	10925.52999			1.0	1.0	0.0	3.0					
10928.762	9.77599999999984	trials	18.0	10934.710413	10935.857214000001	10936.980285000001	10937.322685000001	10933.844922	10936.338406	10937.777	10938.538	1.0	1.0	1.0	1.0					
10942.627	24.25	trials	18.0	10962.223441	10964.284996	10965.196615	10965.591976	10961.602102	10964.635981000001	10965.892	10966.877	1.0	1.0	1.0	1.0					
10969.965	17.657999999999447	trials	18.0	10982.180883	10983.817725	10984.90458	10985.257933	10981.568179000002	10984.358355	10985.607	10987.623	1.0	1.0	1.0	1.0					
10990.538	14.227999999999156	trials	18.0	11000.150971000001	11001.249763	11002.386816	11002.797180000001	10999.171396000002	11001.466911000001	11003.062	11004.766	1.0	1.0	1.0	1.0					
11007.827	15.025000000001455	trials	18.0	11019.540876000001	11020.863175	11022.257074000001	11022.647130000001	11018.997042	11020.854187			1.0		0.0	2.0					
11026.918	7.854000000001179	trials	18.0	11030.232068000001	11032.074814000001	11032.920298000001	11033.331412000001	11029.631024	11032.411651	11033.663	11034.772	1.0	1.0	1.0	1.0					
11036.792	20.075000000000728	trials	18.0	11051.966250000001	11053.495207	11054.426167000001	11054.849056000001	11051.123338000001	11053.837828	11054.998	11056.867	1.0	1.0	1.0	1.0					
11058.948	23.582000000000335	trials	18.0	11077.711843000001	11079.717378000001	11080.700568	11081.119798	11076.911064	11080.058418	11081.387	11082.53	1.0	1.0	1.0	1.0					
11084.573	21.79399999999987	trials	18.0	11102.465998000001	11103.735625000001	11104.602253000001	11104.931073	11101.5879	11104.052421	11105.377	11106.367	1.0	1.0	1.0	1.0					
11109.468	17.823999999998705	trials	18.0	11122.495867000001	11124.212790000001	11125.47919	11125.940947000001	11121.753805	11124.850285	11126.147	11127.292	1.0	1.0	1.0	1.0					
11129.429	15.404000000000451	trials	18.0	11140.946502	11142.073105000001	11142.926164	11143.371171	11140.097451000001	11142.337975	11143.597	11144.833	1.0	1.0	1.0	1.0					
11147.917	21.700000000000728	trials	18.0	11165.805784	11167.068352	11167.881219	11168.324524000001	11165.079121	11167.303113	11168.623	11169.617	1.0	1.0	1.0	1.0					
11171.692	18.277000000000044	trials	18.0	11185.755957000001	11187.711268000001	11189.596777	11189.9724	11184.942442000001	11188.498021000001			1.0	2.0	0.0	3.0					
11193.902	5.825000000000728	trials	18.0	11195.911525000001	11197.227763	11197.814783000002	11198.259369000001	11194.970814	11197.267426	11198.502	11199.727	1.0	1.0	1.0	1.0					
11203.667	7.371000000001004	trials	18.0	11206.765245	11208.314680000001	11209.091778	11209.565283	11206.143961000002	11208.408630000002	11209.788	11211.038	1.0	1.0	1.0	1.0					
11213.188	18.92399999999907	trials	18.0	11227.326445	11228.923233000001	11230.267955000001	11230.730076	11226.750119	11229.463837000001	11231.097	11232.112	1.0	1.0	1.0	1.0					
11236.137	5.619999999998981	trials	18.0	11238.043405	11239.775427	11241.306792000001	11241.714048000002	11236.752406000001	11239.758601000001			1.0		0.0	2.0					
11245.767	28.5	trials	18.0	11270.108110000001	11271.334906	11272.693123000001	11272.967401000002	11269.354168000002	11271.893151	11273.417	11274.267	1.0	2.0	1.0	1.0					
11277.387	611.994999999999	BlockDesign														1.0	613.0	660.0	50.0	90.0
11277.387	8.1299999999992	trials	19.0	11281.126777000001	11282.448036000002	11283.447717000001	11283.870039000001	11280.580593	11282.773410000002	11284.062	11285.517	1.0	1.0	1.0	1.0					
11287.572	7.15599999999904	trials	19.0	11290.971286	11292.503265000001	11293.782927	11294.752459000001	11290.298493	11293.207846000001			1.0	1.0	0.0	3.0					
11297.157	10.284999999999854	trials	19.0	11303.726601	11304.974521	11306.713797	11307.464229000001	11302.980117000001	11305.430611			1.0	1.0	0.0	3.0					
11309.017	11.290000000000873	trials	19.0	11316.821008	11317.843753000001	11319.500719000001	11320.331016	11316.313741	11318.561677000002			1.0	2.0	0.0	3.0					
11321.822	43.899999999999636	trials	19.0	11361.247333000001	11362.979662000002	11363.891243	11364.325651000001	11360.628629	11363.301679	11364.532	11365.722	1.0	1.0	1.0	1.0					
11367.808	30.248999999999796	trials	19.0	11393.362684	11394.900784000001	11396.193715000001	11396.551107000001	11392.408803	11395.495900000002	11396.907	11398.057	1.0	2.0	1.0	1.0					
11400.143	8.733000000000175	trials	19.0	11405.207179	11407.173883000001	11408.100991000001	11408.900164	11404.663048	11407.51412			1.0	1.0	0.0	3.0					
11410.463	14.034999999999854	trials	19.0	11418.717078000001	11420.578188000001	11422.714573000001	11423.093305	11418.088399	11421.489784000001	11423.487	11424.498	1.0	2.0	1.0	1.0					
11427.583	8.023999999999432	trials	19.0	11430.568115	11431.954592	11433.74344	11434.043016000001	11430.051021000001	11432.619787000001	11434.437	11435.607	1.0	2.0	1.0	1.0					
11439.728	5.429000000000087	trials	19.0	11441.512277000002	11443.144246	11444.378884000002	11444.757667000002	11440.783908000001	11443.137900000002			1.0		0.0	2.0					
11447.167	6.940000000000509	trials	19.0	11450.587536000001	11452.118836000001	11453.373166000001	11453.848582	11449.895902	11452.111878			1.0		0.0	2.0					
11458.117	11.80999999999949	trials	19.0	11465.032993	11466.989671000001	11468.198823	11468.567476	11464.348632000001	11467.585500000001	11468.942	11469.927	1.0	2.0	1.0	1.0					
11473.947	5.52599999999984	trials	19.0	11476.227515	11477.785099	11478.365314	11478.460516000001	11475.529003000001	11477.780595			1.0	2.0	0.0	3.0					
11480.748	16.144000000000233	trials	19.0	11493.623085000001	11495.191123	11496.153913	11496.913962	11492.733321	11495.568451000001			1.0	1.0	0.0	3.0					
11499.513	11.153999999998632	trials	19.0	11505.498103000002	11507.437288000001	11508.791214	11509.173567000002	11504.722671000001	11508.251583000001	11509.458	11510.667	1.0	2.0	1.0	1.0					
11514.753	5.738999999999578	trials	19.0	11516.632789000001	11518.236292000001	11519.396671	11519.558106	11516.125039	11518.856845			1.0	2.0	1.0	1.0					
11524.942	8.625	trials	19.0	11529.114034	11530.460089	11531.628412	11531.955381	11528.142484	11530.963870000001	11532.387	11533.567	1.0	1.0	1.0	1.0					
11536.584	17.782999999999447	trials	19.0	11550.173410000001	11551.729435000001	11552.509809000001	11552.954188	11549.478188000001	11552.038692	11553.242	11554.367	1.0	2.0	1.0	1.0					
11558.418	5.704999999999927	trials	19.0	11561.189443000001	11562.601314000001	11563.081366	11563.474468	11560.211194000001	11562.574912			1.0	2.0	1.0	1.0					
11568.687	11.125	trials	19.0	11575.48436	11577.285052000001	11578.062984	11578.454734	11574.974466	11577.603688000001	11578.692	11579.812	1.0	2.0	1.0	1.0					
11581.897	10.209999999999127	trials	19.0	11587.683266	11589.637821	11590.467681	11590.754476	11587.018955000001	11589.579487	11591.212	11592.107	1.0	2.0	1.0	1.0					
11594.147	11.664999999999054	trials	19.0	11601.418758	11602.591882	11604.062317	11604.499465	11600.777848000002	11603.130331	11604.837	11605.812	1.0	2.0	1.0	1.0					
11609.833	8.891999999999825	trials	19.0	11614.927956000001	11616.328428	11617.126921000001	11617.501531000002	11614.089704000002	11616.687177	11617.972	11618.725	1.0	2.0	1.0	1.0					
11620.777	8.590000000000146	trials	19.0	11624.803175000001	11626.667808	11627.570817	11627.865877	11624.158698000001	11627.016889	11628.277	11629.367	1.0	1.0	1.0	1.0					
11631.387	6.954999999999927	trials	19.0	11634.734935	11635.830238	11636.618613	11636.943394000002	11633.954009000001	11636.168475	11637.248	11638.342	1.0	2.0	1.0	1.0					
11642.369	3.9830000000001746	trials	19.0	11644.263373000002	11644.366286	11644.902925	11645.51913	11642.767147	11644.354458000002			1.0		0.0	2.0					
11650.373	9.139000000001033	trials	19.0	11654.734841000001	11656.65084	11657.60188	11657.98011	11653.737130000001	11656.976162	11658.277	11659.512	1.0	1.0	1.0	1.0					
11663.602	8.444999999999709	trials	19.0	11669.110281000001	11670.220389	11671.403996000001	11672.069935000001	11668.105216	11670.832179			1.0	1.0	0.0	3.0					
11674.759	11.413000000000466	trials	19.0	11682.164203	11683.335261	11684.392703000001	11684.779405000001	11681.323956	11683.924648	11685.152	11686.172	1.0	2.0	1.0	1.0					
11690.202	6.006000000001222	trials	19.0	11691.900253	11693.086017000001	11693.976610000002	11694.314914	11691.027397000002	11693.42238	11694.672	11696.208	1.0	1.0	1.0	1.0					
11699.038	6.7039999999997235	trials	19.0	11702.423879000002	11704.092737	11704.937202000001	11705.273937000002	11701.771205000001	11704.400461000001			1.0	1.0	0.0	3.0					
11708.377	9.715000000000146	trials	19.0	11712.900181	11714.954118000001	11716.354092000001	11716.689796	11712.36967	11715.393306000002	11717.027	11718.092	1.0	2.0	1.0	1.0					
11721.165	7.596999999999753	trials	19.0	11724.220369	11725.965882	11726.817033000001	11727.237995000001	11723.580727	11726.344366000001	11727.413	11728.762	1.0	2.0	1.0	1.0					
11731.842	6.494999999998981	trials	19.0	11735.449305	11736.720401	11737.631373	11738.363128	11734.668346	11737.164459			1.0	2.0	0.0	3.0					
11741.947	6.565000000000509	trials	19.0	11745.728713	11747.077769000001	11748.062326000001	11748.536287	11744.99464	11747.414288			1.0	1.0	0.0	3.0					
11750.437	10.560999999999694	trials	19.0	11756.319595	11758.212547000001	11759.217674000001	11759.628240000002	11755.688257000002	11758.674908	11759.897	11760.998	1.0	2.0	1.0	1.0					
11764.013	8.057999999999083	trials	19.0	11767.744822	11769.720771	11770.379054	11770.759212	11766.839796	11769.865446	11771.057	11772.071	1.0	2.0	1.0	1.0					
11775.157	8.145000000000437	trials	19.0	11778.495387	11779.823694	11781.395835000001	11781.883585000001	11777.566063	11780.451648	11782.057	11783.302	1.0	2.0	1.0	1.0					
11786.373	7.854000000001179	trials	19.0	11789.799156000001	11791.555980000001	11792.430964000001	11792.853903000001	11789.077192	11791.987466	11793.177	11794.227	1.0	2.0	1.0	1.0					
11796.262	8.709999999999127	trials	19.0	11800.670052000001	11802.346245	11803.140883	11803.562170000001	11799.898044000001	11802.659725000001	11803.922	11804.972	1.0	2.0	1.0	1.0					
11809.052	5.4099999999998545	trials	19.0	11811.425325	11812.821322	11813.701264000001	11814.487582000002	11810.894573000001	11813.224356			1.0	2.0	0.0	3.0					
11818.132	7.8700000000008	trials	19.0	11821.504602	11822.6658	11823.939165	11824.400551	11820.851005	11823.390946000001	11824.607	11826.002	1.0	2.0	1.0	1.0					
11828.027	6.431000000000495	trials	19.0	11831.869639	11833.064511	11834.071918000001	11834.479185	11830.999515000001	11833.417093			1.0	1.0	0.0	3.0					
11837.433	7.223999999998341	trials	19.0	11840.379765000001	11841.907213	11842.846590000001	11843.21212	11839.415295	11842.306585	11843.663	11844.657	1.0	2.0	1.0	1.0					
11847.702	6.025000000001455	trials	19.0	11850.750805	11852.277803	11853.036058000002	11853.751538	11850.057085	11852.592952			1.0	2.0	0.0	3.0					
11857.472	8.675000000001091	trials	19.0	11861.849099000001	11862.983052	11864.387314	11864.7895	11861.333383000001	11863.833382	11865.027	11866.147	1.0	2.0	1.0	1.0					
11870.167	7.956000000000131	trials	19.0	11874.379903000001	11875.458352000001	11876.333614000001	11876.761389000001	11873.526174	11875.79334	11876.962	11878.123	1.0	2.0	1.0	1.0					
11880.139	9.243000000000393	trials	19.0	11885.349403	11886.780756	11887.557926000001	11887.940265000001	11884.401396000001	11887.082176	11888.182	11889.382	1.0	2.0	1.0	1.0					
11892.492	178.59499999999935	BlockDesign														1.0	661.0	667.0	0.0	0.0
11892.492	6.389999999999418	trials	20.0	11895.904945	11897.531907	11898.379447000001	11898.908832000001	11895.384724000001	11897.940877000001			1.0	2.0	0.0	3.0					
11903.702	8.645000000000437	trials	20.0	11908.741030000001	11910.443115000002	11911.549929	11912.372857	11907.81351	11911.047667			1.0	2.0	0.0	3.0					
11914.915	17.37699999999859	trials	20.0	11929.035393	11930.880679000002	11931.770136000001	11932.320313	11928.176178000002	11931.302361000002			1.0	2.0	0.0	3.0					
11936.232	8.976000000000568	trials	20.0	11941.870469000001	11943.227596	11944.10461	11944.522267	11940.946977	11943.216089000001			1.0		0.0	2.0					
11948.259	95.30799999999908	trials	20.0	12040.435686	12041.524097000001	12042.109729	12043.020238000001	12039.689041000001	12041.5177			1.0		0.0	2.0					
12046.649	12.863000000001193	trials	20.0	12055.590294000001	12057.591974	12058.790512000001	12059.536098	12054.90775	12057.850653000001			1.0	2.0	0.0	3.0					
12063.107	7.979999999999563	trials	20.0	12067.640704000001	12068.931618	12071.058438	12071.805193	12066.971706	12069.869887			1.0	2.0	0.0	3.0					
12074.447	431.0110000000004	BlockDesign														1.0	668.0	694.0	10.0	50.0
12074.447	24.195999999999913	trials	21.0	12094.720474000002	12096.71773	12097.719355000001	12098.666418	12093.793020000001	12097.015611			1.0	1.0	0.0	3.0					
12101.152	10.674999999999272	trials	21.0	12108.442792000002	12109.571316000001	12111.198457	12111.852115000002	12107.685867	12110.241403			1.0	2.0	0.0	3.0					
12115.607	10.590000000000146	trials	21.0	12122.851122	12124.357364000001	12125.417988000001	12125.556597	12122.326165	12124.843366000001			1.0	2.0	0.0	3.0					
12129.822	33.175999999999476	trials	21.0	12159.050845000002	12160.10281	12161.091495	12161.464839	12158.154235000002	12160.542195000002	12153.467	12162.998	1.0	2.0	1.0	1.0					
12165.017	9.899999999999636	trials	21.0	12170.181276000001	12171.570219000001	12172.745058	12173.139298	12169.549276000002	12172.107370000002	12173.557	12174.917	1.0	2.0	1.0	1.0					
12177.802	8.885000000000218	trials	21.0	12182.862757	12184.512216000001	12186.201172000001	12186.712336	12182.078277	12185.018359000002			1.0	2.0	0.0	3.0					
12188.504	14.433999999999287	trials	21.0	12199.492596	12201.101310000002	12202.428539	12202.966934	12198.79188	12201.773780000001			1.0	1.0	0.0	3.0					
12206.847	8.956000000000131	trials	21.0	12212.106272	12214.018051000001	12215.204459	12215.831302	12211.447492000001	12214.516717			1.0	1.0	0.0	3.0					
12217.582	12.084999999999127	trials	21.0	12225.966132000001	12227.170495	12228.801687000001	12229.696045	12225.308616	12227.728792000002			1.0	2.0	0.0	3.0					
12233.167	29.520000000000437	trials	21.0	12257.466538	12259.428106000001	12260.799327	12261.209743000001	12256.716148000001	12260.150485	12261.552	12262.687	1.0	2.0	1.0	1.0					
12265.732	7.780000000000655	trials	21.0	12269.737877000001	12271.524378	12272.945619	12273.539346000001	12268.731070000002	12271.970791			1.0	2.0	0.0	3.0					
12276.248	9.325000000000728	trials	21.0	12282.176770000002	12283.390744	12285.066928	12285.601668000001	12281.508559000002	12284.398827			1.0	1.0	0.0	3.0					
12289.428	9.694999999999709	trials	21.0	12295.506529	12296.59351	12298.525114	12299.147499	12294.937723000001	12297.508041000001			1.0	2.0	0.0	3.0					
12300.827	21.921000000000276	trials	21.0	12318.181977	12319.601111	12320.686645000002	12321.081183	12317.513837	12320.129125000001	12321.413	12322.748	1.0	2.0	1.0	1.0					
12325.827	7.110000000000582	trials	21.0	12330.087035	12331.368892	12332.598076	12332.761135	12329.484089000001	12331.963080000001			1.0	1.0	0.0	3.0					
12335.914	10.087999999999738	trials	21.0	12342.037347000001	12343.963815000001	12345.536632000001	12346.031299	12341.33757	12344.49214			1.0	2.0	0.0	3.0					
12347.842	18.474999999998545	trials	21.0	12361.761762	12363.010534000001	12364.579338000001	12364.990885000001	12361.106938	12363.919789000001	12365.352	12366.317	1.0	2.0	1.0	1.0					
12368.342	9.671999999998661	trials	21.0	12374.337434000001	12375.74451	12377.58343	12378.041881000001	12373.401784000001	12376.424976			1.0	2.0	0.0	3.0					
12380.952	16.595000000001164	trials	21.0	12392.347417	12394.029612	12395.826352	12396.154132	12391.381092	12394.659915	12396.502	12397.547	1.0	2.0	1.0	1.0					
12401.632	6.181000000000495	trials	21.0	12404.573008000001	12405.784417	12407.397147	12407.502340000001	12403.881096000001	12406.733568			1.0	1.0	0.0	3.0					
12410.752	14.154999999998836	trials	21.0	12422.106765	12423.179678	12424.123108	12424.934478000001	12421.254829000001	12423.602132			1.0	2.0	0.0	3.0					
12428.489	13.609000000000378	trials	21.0	12437.647242000001	12439.335597000001	12440.171339	12440.584432	12437.064457	12439.6579	12440.752	12442.098	1.0	2.0	1.0	1.0					
12445.153	7.609000000000378	trials	21.0	12449.223955000001	12450.781245	12451.695954	12452.038758	12448.229434	12451.199367000001			1.0	2.0	1.0	1.0					
12455.262	13.195999999999913	trials	21.0	12464.182204	12465.421252	12466.593298	12466.964782000001	12463.233221	12465.823467	12467.197	12468.458	1.0	2.0	1.0	1.0					
12471.54	10.042999999999665	trials	21.0	12477.989131	12479.804184	12481.064762000002	12481.607382	12477.379236	12480.180379000001			1.0	2.0	0.0	3.0					
12485.4	9.777000000000044	trials	21.0	12490.722403	12492.111456	12493.229692	12493.324245	12490.213633000001	12492.692168000001	12493.958	12495.177	1.0	2.0	1.0	1.0					
12499.222	6.236000000000786	trials	21.0	12501.228823000001	12502.874971000001	12503.671786	12504.042217	12500.367375000002	12503.20369	12504.312	12505.458	1.0	2.0	1.0	1.0					
12508.567	2141.585000000001	BlockDesign														1.0	695.0	810.0	50.0	10.0
12508.567	7.075000000000728	trials	22.0	12511.972964	12513.717043	12514.553952	12514.921971	12511.349128000002	12514.074477			1.0	2.0	0.0	3.0					
12517.943	14.53900000000067	trials	22.0	12529.194387000001	12530.834944	12531.67353	12532.511505	12528.437864000001	12531.145191			1.0	2.0	0.0	3.0					
12535.107	8.590000000000146	trials	22.0	12540.208225	12541.883979	12542.979342	12543.723691000001	12539.561893	12542.417758			1.0	2.0	0.0	3.0					
12545.355	12.802999999999884	trials	22.0	12554.597972000001	12556.216428	12557.248266	12558.188443000001	12553.616041000001	12556.676209000001			1.0	2.0	0.0	3.0					
12561.672	23.644999999998618	trials	22.0	12581.945131	12583.710786			12553.616041000001				1.0	2.0	0.0	3.0					
12588.017	39.26000000000022	trials	22.0	12623.967295999999	12625.313730999998	12626.238988	12626.300979999998	12623.399516	12625.668081999998			1.0	2.0	0.0	3.0					
12628.492	9.96600000000035	trials	22.0	12634.762320999998	12636.624375999998	12637.299512999998	12638.536999999998	12633.964396	12636.720528999998			1.0	2.0	0.0	3.0					
12640.623	14.165000000000873	trials	22.0	12650.082244	12651.903701	12652.913177999999	12653.301204999998	12649.110567	12652.306305999999	12653.498	12654.788	1.0	1.0	1.0	1.0					
12657.893	7.8989999999994325	trials	22.0	12661.887286	12663.290184999998	12664.740461	12664.781309999998	12661.308576	12664.073106999998			1.0	2.0	0.0	3.0					
12669.137	12.170000000000073	trials	22.0	12676.638104	12678.455393999999	12679.881655	12681.384768999998	12675.723731999999	12679.202412999999			1.0	2.0	0.0	3.0					
12682.192	17.56500000000051	trials	22.0	12696.262539	12697.804724999998	12698.745089999999	12699.83362	12695.416596	12697.775943999999			1.0	2.0	0.0	3.0					
12702.994	8.043999999999869	trials	22.0	12708.252895	12709.483954	12710.496818999998	12711.111578999999	12707.407452999998	12709.980974999999			1.0	2.0	0.0	3.0					
12712.827	13.96100000000115	trials	22.0	12723.816937999998	12725.326191999999	12726.20098	12726.863005	12722.954537999998	12725.639786999998			1.0	1.0	0.0	3.0					
12730.519	11.282999999999447	trials	22.0	12738.192012	12739.941884999998	12741.275802999999	12741.878304999998	12737.624313999999	12740.331094			1.0	2.0	0.0	3.0					
12743.602	13.514999999999418	trials	22.0	12753.497573999999	12755.296661999999	12756.491895	12757.195267	12752.839782	12755.677113999998			1.0	2.0	0.0	3.0					
12760.748	12.324000000000524	trials	22.0	12769.822423	12771.399942999999	12772.389084999999	12772.920726999999	12768.894821999998	12771.850656999999			1.0	1.0	0.0	3.0					
12776.667	21.181000000000495	trials	22.0	12794.504132999999	12796.136588999998	12797.062671999998	12797.923998999999	12793.905620999998	12796.492261			1.0	2.0	0.0	3.0					
12799.448	14.53399999999965	trials	22.0	12810.494555	12811.862060999998	12812.816390999998	12814.061345999999	12809.611181999999	12812.266509			1.0	2.0	0.0	3.0					
12817.107	12.3799999999992	trials	22.0	12826.132923	12827.940942	12828.987505	12829.562661999998	12825.501552999998	12828.500936999999			1.0	2.0	0.0	3.0					
12832.25	10.343000000000757	trials	22.0	12839.588295999998	12841.269665999998	12841.918763	12842.672808	12838.755588999999	12841.355373999999			1.0	1.0	0.0	3.0					
12845.244	11.222999999999956	trials	22.0	12852.603049	12853.949395	12855.479268	12856.545618999999	12851.602733999998	12854.075936			1.0	2.0	0.0	3.0					
12859.727	51.20099999999911	trials	22.0	12907.977986999998	12909.155754999998	12910.445733999999	12911.003496	12907.392786999999	12909.580673999999			1.0	2.0	0.0	3.0					
12914.837	10.485000000000582	trials	22.0	12921.533194	12922.851861	12923.718615999998	12924.018847	12920.773713999999	12923.152632	12924.507	12925.322	1.0	1.0	1.0	1.0					
12929.339	7.362999999999374	trials	22.0	12933.228607	12934.38475	12935.410554999999	12936.592821999999	12932.391077999999	12934.783516999998			1.0	1.0	0.0	3.0					
12937.717	20.195999999999913	trials	22.0	12955.003881999999	12956.085836999999	12957.023856999998	12957.994263999999	12954.153604	12956.449385999998			1.0	2.0	0.0	3.0					
12959.275	18.863000000001193	trials	22.0	12974.790455999999	12976.210901999999	12977.720538999998	12978.217905999998	12974.071404999999	12976.627804			1.0	2.0	0.0	3.0					
12979.977	15.980999999999767	trials	22.0	12992.790326999999	12993.9417	12994.897904999998	12996.038328999999	12992.139717999999	12994.214794			1.0	1.0	0.0	3.0					
12998.21	8.932000000000698	trials	22.0	13003.688456999998	13005.231568	13006.267434	13007.221107999998	13002.900242999998	13005.718370999999			1.0	2.0	0.0	3.0					
13009.556	13.740999999999985	trials	22.0	13019.754039	13021.315524999998			13019.211557999999	13021.311748999999			1.0		0.0	2.0					
13027.342	14.305000000000291	trials	22.0	13037.889282999999	13039.548413999999	13040.539099	13041.724742999999	13037.198961999999	13039.999875999998			1.0	2.0	0.0	3.0					
13043.847	20.43499999999949	trials	22.0	13061.205579	13062.726276999998	13063.524086999998	13063.888224999999	13060.629459999998	13063.001266			1.0	2.0	0.0	3.0					
13066.783	15.465000000000146	trials	22.0	13077.674501	13079.730456	13080.662788	13080.908346999999	13077.109266999998	13080.144687999998	13081.432	13082.248	1.0	1.0	1.0	1.0					
13086.382	8.925000000001091	trials	22.0	13091.749854999998	13092.836463	13094.151452999999	13095.386901999998	13090.76269	13093.502218			1.0	1.0	0.0	3.0					
13097.474	13.472999999999956	trials	22.0	13107.464318999999	13109.018235999998	13109.952586	13110.133102999998	13106.730558	13109.014202999999			1.0		0.0	2.0					
13113.012	33.125	trials	22.0	13142.956207	13144.246008999999	13145.097053999998	13145.384451999998	13142.324921	13144.57204			1.0	1.0	1.0	1.0					
13148.597	11.700000000000728	trials	22.0	13155.790964999998	13157.226042999999	13158.419836	13158.758349	13155.201315999999	13157.743461999999	13159.067	13160.297	1.0	1.0	1.0	1.0					
13164.322	13.114999999999782	trials	22.0	13174.124795999998	13175.25275	13176.190671999999	13177.517736999998	13173.359997	13175.645375999999			1.0	1.0	0.0	3.0					
13178.444	11.283000000001266	trials	22.0	13185.609588	13187.121810999999	13188.040554	13188.366567	13185.072833999999	13187.452172	13188.752	13189.727	1.0	1.0	1.0	1.0					
13191.752	13.06499999999869	trials	22.0	13200.349971	13202.021893	13202.807111999999	13203.155381999999	13199.539703999999	13202.264663999998	13203.517	13204.817	1.0	1.0	1.0	1.0					
13206.957	10.444999999999709	trials	22.0	13213.375167999999	13215.348840999999	13216.270703999999	13217.482063	13212.777907	13215.714913999998			1.0	1.0	0.0	3.0					
13219.542	10.149999999999636	trials	22.0	13225.145183999999	13226.271435999999	13227.824757999999	13228.188216999999	13224.607074999998	13227.244310999999	13228.427	13229.692	1.0	1.0	1.0	1.0					
13232.607	8.045000000000073	trials	22.0	13236.560012999998	13237.864818999999	13238.677641999999	13239.052233999999	13235.825820999999	13238.152372999999	13239.458	13240.652	1.0	1.0	1.0	1.0					
13243.777	8.556000000000495	trials	22.0	13247.930518	13249.955805	13251.405469	13252.412204999999	13247.242446999999	13250.774615999999			1.0	1.0	0.0	3.0					
13254.653	8.933999999999287	trials	22.0	13259.375224	13260.688301999999	13261.715478999999	13262.149653999999	13258.565889	13261.157377	13262.392	13263.587	1.0	1.0	1.0	1.0					
13266.653	9.574000000000524	trials	22.0	13272.555948	13274.298615			13271.670869999998	13274.289352			1.0		0.0	2.0					
13280.237	11.805000000000291	trials	22.0	13288.909749999999	13290.572579	13291.626213999998	13292.124541	13287.916372	13291.071488999998			1.0	2.0	0.0	3.0					
13295.978	17.884000000000015	trials	22.0	13309.650482	13311.253562999998	13312.082556	13312.479317999998	13309.042431999998	13311.549711999998	13312.612	13313.862	1.0	1.0	1.0	1.0					
13315.692	9.8650000000016	trials	22.0	13321.819868999999	13323.527219999998	13324.391328999998	13325.639126999999	13320.930712	13323.855031			1.0	1.0	0.0	3.0					
13328.698	10.03899999999885	trials	22.0	13335.247404999998	13336.531957	13338.394530999998	13338.818648999999	13334.615827	13337.368719999999			1.0	2.0	0.0	3.0					
13341.697	19.159999999999854	trials	22.0	13356.931403999999	13358.867158			13356.302037	13358.857038999999			1.0		0.0	2.0					
13362.867	11.725000000000364	trials	22.0	13371.065454	13372.597500999998	13373.267628999998	13373.510874	13370.188051	13372.593305999999			1.0		0.0	2.0					
13376.669	41.84300000000076	trials	22.0	13414.872728999999	13416.845532	13418.195344	13418.559748	13414.187687999998	13417.353769			1.0	2.0	0.0	3.0					
13420.542	10.350000000000364	trials	22.0	13427.501379999998	13428.770513999998	13429.964203999998	13430.974664999998	13426.611609	13429.337093999999			1.0	2.0	0.0	3.0					
13432.244	19.422999999998865	trials	22.0	13448.020692999999	13449.829227999999	13450.861834	13450.924006	13447.168784999998	13450.313078			1.0	1.0	0.0	3.0					
13455.119	13.673999999999069	trials	22.0	13463.865496999999	13465.761254	13467.324171999999	13468.876712	13463.081959	13466.23318			1.0	2.0	0.0	3.0					
13470.637	24.18999999999869	trials	22.0	13491.551159999999	13492.897237			13490.67594	13492.890377999998			1.0		0.0	2.0					
13498.837	18.30500000000029	trials	22.0	13513.736079999999	13515.213790999998	13516.343587	13516.370708999999	13512.896897999999	13515.208564999999			1.0		0.0	2.0					
13521.152	17.931000000000495	trials	22.0	13535.583249	13537.083504999999	13538.285299	13539.162315	13534.729897	13537.693933999999			1.0	1.0	0.0	3.0					
13540.611	13.096999999999753	trials	22.0	13549.061538999998	13551.045012999999	13551.906205	13552.276117999998	13548.431572	13551.351137999998	13552.748	13553.708	1.0	1.0	1.0	1.0					
13557.732	20.049999999999272	trials	22.0	13573.391991999999	13574.819132999999	13575.793730999998	13576.18767	13572.545388999999	13575.133483	13576.467	13577.782	1.0	1.0	1.0	1.0					
13579.873	24.22400000000016	trials	22.0	13599.758849999998	13601.416033	13602.920585999998	13604.180670999998	13598.760450999998	13602.11956			1.0	1.0	0.0	3.0					
13607.217	8.834999999999127	trials	22.0	13613.151611999998	13614.418415999999	13615.360037999999	13616.134671	13612.268651999999	13614.832578999998			1.0	1.0	0.0	3.0					
13617.672	11.440999999998894	trials	22.0	13625.748410999999	13627.18471			13624.997183	13627.178139999998			1.0		0.0	2.0					
13631.123	52.46900000000096	trials	22.0	13679.937456	13681.226261999998	13682.360217	13683.676136999999	13678.999032	13681.797503999998			1.0	1.0	0.0	3.0					
13685.67	21.798000000000684	trials	22.0	13704.59923	13706.019129999999	13707.077535999999	13707.550745999999	13703.595444999999	13706.476520999999			1.0	2.0	0.0	3.0					
13709.322	9.334999999999127	trials	22.0	13714.648384999999	13716.659039999999	13717.610847999998	13717.863742	13713.915416999998	13717.074859999999			1.0	1.0	1.0	1.0					
13723.117	19.18000000000029	trials	22.0	13739.168733999999	13740.204165	13741.092673	13742.380871999998	13738.295928999998	13740.49672			1.0	1.0	0.0	3.0					
13744.394	22.12800000000061	trials	22.0	13764.178086999998	13765.346994999998	13766.288457999999	13766.569986999999	13763.372495999998	13765.743180999998			1.0	2.0	0.0	3.0					
13769.532	8.296000000000276	trials	22.0	13774.678468999999	13775.844748			13774.036798	13775.839537			1.0		0.0	2.0					
13780.901	13.379000000000815	trials	22.0	13790.362540999999	13791.928026999998	13793.015098999998	13794.357641999999	13789.478253999998	13792.344662			1.0	2.0	0.0	3.0					
13797.402	6.0	trials	22.0	13799.934179999998	13801.610566	13802.440078999998	13803.483677999999	13799.132762	13801.947860999999			1.0	1.0	0.0	3.0					
13804.812	16.159999999999854	trials	22.0	13817.072358	13818.434772999999	13819.508929	13821.053548999998	13816.102040999998	13818.956616			1.0	2.0	0.0	3.0					
13823.869	11.022999999999229	trials	22.0	13831.342961999999	13833.230134	13834.483719999998	13834.974997	13830.38158	13833.931691999998			1.0	1.0	0.0	3.0					
13836.832	11.790999999999258	trials	22.0	13844.322683999999	13845.990633999998	13847.002374	13847.289405999998	13843.508700999999	13846.407272999999	13847.663	13848.623	1.0	2.0	1.0	1.0					
13850.708	22.375	trials	22.0	13869.874719	13871.046935999999	13872.105162999998	13873.164152999998	13869.220890999999	13871.521696			1.0	2.0	0.0	3.0					
13875.352	9.924999999999272	trials	22.0	13881.599826999998	13883.632059999998	13884.466880999998	13884.978216999998	13880.974575999999	13883.927773			1.0	1.0	0.0	3.0					
13886.806	17.85699999999997	trials	22.0	13900.926124999998	13902.875456999998	13903.863507999999	13904.746774	13900.135994999999	13903.312859999998			1.0	2.0	0.0	3.0					
13907.123	13.890000000001237	trials	22.0	13916.613615999999	13917.890886	13919.904068999998	13921.09659	13915.974993	13919.293770999999			1.0	1.0	0.0	3.0					
13924.147	17.644999999998618	trials	22.0	13937.018442999999	13938.620687999999	13940.216310999998	13941.87616	13936.275789	13939.678902999998			1.0	1.0	0.0	3.0					
13944.458	13.009000000000015	trials	22.0	13953.464222999999	13955.000060999999	13956.133065999999	13957.549948999998	13952.662401999998	13955.603325999999			1.0	2.0	0.0	3.0					
13958.452	32.01000000000022	trials	22.0	13987.500522999999	13988.735238	13989.452135999998	13990.545291999999	13986.945456	13988.94286			1.0	1.0	0.0	3.0					
13992.713	9.238999999999578	trials	22.0	13998.733431999999	14000.315179	14001.29481	14002.035351999999	13997.987196999999	14000.737922999999			1.0	1.0	0.0	3.0					
14003.608	16.389999999999418	trials	22.0	14015.693471999999	14017.668758999998	14018.951066999998	14020.081444	14014.940152	14018.347346999999			1.0	2.0	0.0	3.0					
14021.262	9.05999999999949	trials	22.0	14026.329015	14027.672370999999	14028.676910999999	14029.084268999999	14025.731107	14028.192807	14029.337	14030.322	1.0	1.0	1.0	1.0					
14034.422	12.786000000000058	trials	22.0	14042.929266	14044.538145999999	14045.430750999998	14045.802228999999	14042.199943	14044.892724999998	14046.172	14047.208	1.0	1.0	1.0	1.0					
14049.268	22.729999999999563	trials	22.0	14067.634417	14069.041878999999	14070.103181999999	14072.081769999999	14066.681580999999	14069.563049999999			1.0	1.0	0.0	3.0					
14073.408	12.019000000000233	trials	22.0	14082.174587	14083.289275	14084.081406999998	14085.509262999998	14081.268893999999	14083.576604999998			1.0	1.0	0.0	3.0					
14086.373	13.279000000000451	trials	22.0	14095.578642999999	14097.609897999999	14098.617903999999	14099.738189999998	14094.965697999998	14097.659715999998			1.0	1.0	0.0	3.0					
14101.93	12.217000000000553	trials	22.0	14110.606029999999	14112.172487999998	14112.889914	14113.231011999998	14109.818931999998	14112.163811999999			1.0		0.0	2.0					
14117.217	13.144999999998618	trials	22.0	14126.734518999998	14128.416041999999			14126.167899999999	14128.410204			1.0		0.0	2.0					
14132.373	15.21900000000096	trials	22.0	14143.144503999998	14144.983873	14146.590428	14146.731537999998	14142.637888	14145.955492			1.0	2.0	0.0	3.0					
14149.877	27.844999999999345	trials	22.0	14173.344893	14175.290783999999	14176.223345999999	14176.504603	14172.544428	14175.700298	14169.932	14177.722	1.0	2.0	1.0	1.0					
14181.807	23.911000000000058	trials	22.0	14201.024451999998	14203.002475	14204.146206	14204.391693	14200.478082999998	14203.508611	14204.837	14205.718	1.0	1.0	1.0	1.0					
14209.647	11.664999999999054	trials	22.0	14217.751543999999	14219.504824	14220.582336	14221.398261999999	14216.877185999998	14219.978125999998			1.0	2.0	0.0	3.0					
14223.857	9.681000000000495	trials	22.0	14230.010175	14231.875482	14232.802872999999	14233.247157999998	14229.127086999999	14232.284420999998			1.0	1.0	0.0	3.0					
14235.087	10.136000000000422	trials	22.0	14241.704279999998	14243.298239	14244.767178999999	14245.306809999998	14241.025386	14243.798703999999			1.0	2.0	0.0	3.0					
14247.092	17.024999999999636	trials	22.0	14259.369783999999	14261.257124	14262.075297	14262.49296	14258.403815999998	14261.565536999999	14262.71	14264.117	1.0	1.0	1.0	1.0					
14267.137	26.18499999999949	trials	22.0	14289.829967999998	14291.023533999998	14292.815283999998	14293.407980999998	14288.921599	14291.524365999998			1.0	2.0	0.0	3.0					
14295.087	11.345000000001164	trials	22.0	14302.770552999998	14304.804438	14305.614336999999	14306.519385	14301.847157999999	14305.090746999998			1.0	1.0	0.0	3.0					
14309.922	17.784999999999854	trials	22.0	14323.501578	14324.900343999998	14325.693274	14326.131903	14322.520508999998	14325.158667999998	14326.272	14327.707	1.0	1.0	1.0	1.0					
14331.627	25.264999999999418	trials	22.0	14353.400538999998	14354.691593999998	14356.002902999999	14356.978318	14352.853657	14355.364925999998			1.0	2.0	0.0	3.0					
14358.302	11.060999999999694	trials	22.0	14366.040234999999	14367.857415999999	14368.632989999998	14369.446086999998	14365.315618999999	14368.132071999999			1.0	1.0	0.0	3.0					
14371.001	14.890999999999622	trials	22.0	14383.017201999999	14384.171788	14385.034556999999	14385.979958999998	14382.099602999999	14384.518479999999			1.0	1.0	0.0	3.0					
14389.35	11.79700000000048	trials	22.0	14397.212361999998	14399.188979999999	14400.041280999998	14400.192884999999	14396.551485999998	14399.532453999998			1.0	2.0	0.0	3.0					
14403.308	18.42899999999827	trials	22.0	14418.587001999998	14419.962318999998	14420.753958	14421.066443999998	14418.069972999998	14420.265354			1.0	1.0	1.0	1.0					
14424.327	25.48999999999978	trials	22.0	14445.547089	14446.892673999999	14448.032823	14449.900414	14444.561343999998	14447.418725999998			1.0	2.0	0.0	3.0					
14451.282	13.038000000000466	trials	22.0	14460.006384999999	14461.782453	14462.638568999999	14463.009628	14459.385783999998	14462.102609999998	14463.222	14464.32	1.0	1.0	1.0	1.0					
14467.342	18.185999999999694	trials	22.0	14480.995877999998	14482.824384999998	14483.724703999998	14484.162725999999	14480.251295999999	14483.142467999998	14484.398	14485.528	1.0	1.0	1.0	1.0					
14489.547	11.844999999999345	trials	22.0	14496.632067999999	14498.642934	14499.659478	14500.088070999998	14495.696447999999	14499.101480999998	14500.242	14501.392	1.0	1.0	1.0	1.0					
14505.413	12.40899999999965	trials	22.0	14513.896566	14515.732869	14516.973360999998	14517.909833999998	14512.934436999998	14516.418306			1.0	1.0	0.0	3.0					
14520.277	10.045000000000073	trials	22.0	14525.491383999999	14527.603399	14528.583459999998	14528.988092999998	14524.527252999998	14528.081333999999	14529.208	14530.322	1.0	1.0	1.0	1.0					
14533.412	57.001000000000204	trials	22.0	14587.81179	14589.056396999998	14589.740929	14590.497699	14587.086137999999	14589.200235999999			1.0	1.0	0.0	3.0					
14594.107	10.979999999999563	trials	22.0	14600.877996	14602.460825999999	14603.279776	14603.678323999999	14600.199372	14602.779657	14603.898	14605.087	1.0	1.0	1.0	1.0					
14609.137	7.604999999999563	trials	22.0	14612.609895999998	14614.514544999998	14615.625510999998	14616.82974	14611.603908	14615.103549			1.0	1.0	0.0	3.0					
14618.931	20.94800000000032	trials	22.0	14635.616344999999	14637.023463999998	14637.848558999998	14638.157487999999	14634.681464999998	14637.327390999999	14638.417	14639.879	1.0	1.0	1.0	1.0					
14641.807	8.344999999999345	trials	22.0	14646.875472	14648.368305	14650.147383	14650.958149999999	14646.354620999999	14649.534909999998			1.0	1.0	0.0	3.0					
14654.402	505.14500000000044	BlockDesign														1.0	811.0	831.0	50.0	0.0
14654.402	9.350000000000364	trials	23.0	14660.331972999998	14662.263895999999	14663.040144999999	14663.839047999998	14659.680107999999	14662.527562			2.0	1.0	0.0	3.0					
14665.327	20.645000000000437	trials	23.0	14682.226949	14683.965282999998	14684.930486999998	14685.348724	14681.419491999999	14684.408591			2.0	1.0	1.0	1.0					
14688.432	93.73099999999977	trials	23.0	14779.077491999999	14780.634723	14781.525846999999	14782.251604	14778.325255	14780.949386999999			2.0	1.0	0.0	3.0					
14784.827	46.600000000000364	trials	23.0	14827.602848999999	14828.784284999998	14829.634542999998	14830.000971999998	14826.916904999998	14829.129399999998	14830.312	14831.427	2.0	1.0	1.0	1.0					
14835.511	26.466999999998734	trials	23.0	14859.064076999999	14860.159149	14860.904077	14862.067970999999	14858.071677999998	14860.387106999999			2.0	1.0	0.0	3.0					
14863.142	32.125	trials	23.0	14891.013090999999	14892.829704999998	14893.496810999999	14893.888515999999	14890.445994999998	14892.904104999998	14888.187	14895.267	2.0	1.0	1.0	1.0					
14897.288	11.173999999999069	trials	23.0	14905.603433999999	14906.901009999998	14907.710234999999	14908.203832	14904.798166999999	14907.16924			2.0	1.0	0.0	3.0					
14910.972	14.6200000000008	trials	23.0	14921.197955999998	14922.460178999998	14923.322171999998	14923.775692	14920.304859999998	14922.696549999999	14924.123	14925.592	2.0	1.0	1.0	1.0					
14929.453	7.658999999999651	trials	23.0	14932.714734999998	14934.534805	14935.482887999999	14937.198884	14931.993846999998	14934.921425999999			2.0	1.0	0.0	3.0					
14937.818	10.873999999999796	trials	23.0	14944.133457999998	14946.133295999998	14947.794547	14948.777729	14943.614236	14946.996345			2.0	2.0	0.0	3.0					
14950.107	26.556000000000495	trials	23.0	14972.683863999999	14974.383006999999	14975.300448999998	14976.752611	14971.797711	14974.739249999999			2.0	1.0	0.0	3.0					
14978.667	10.194999999999709	trials	23.0	14983.872909999998	14985.850672999999	14986.854704999998	14987.237162	14982.951634	14986.297426999998	14987.379	14988.862	2.0	1.0	1.0	1.0					
14992.922	9.104999999999563	trials	23.0	14997.268501999999	14999.039933999999	14999.726000999999	15000.153090999998	14996.643672999999	14999.168341999999	15000.347	15002.027	2.0	1.0	1.0	1.0					
15003.967	12.954999999999927	trials	23.0	15011.863252	15013.665094	15016.675851999998	15017.008951	15010.953927999999	15013.655513999998			2.0		0.0	2.0					
15018.592	15.664999999999054	trials	23.0	15030.799872	15032.00097	15033.616823999999	15034.347835999999	15030.141398999998	15032.850046			2.0	2.0	0.0	3.0					
15035.927	13.545000000000073	trials	23.0	15046.033338	15047.235412999999	15048.195527999998	15049.562511999999	15045.453884999999	15047.649905999999			2.0	1.0	0.0	3.0					
15052.458	14.019999999998618	trials	23.0	15062.493801999999	15064.121261999999	15065.050658999999	15066.564135999999	15061.651023999999	15064.489657999999			2.0	1.0	0.0	3.0					
15067.387	46.5049999999992	trials	23.0	15110.284107	15112.240386999998	15113.365663999999	15113.377805999999	15109.52853	15112.553817999999			2.0	1.0	0.0	3.0					
15116.623	15.184000000001106	trials	23.0	15127.238795999998	15128.476075999999	15129.618231999999	15130.007613999998	15126.477159999999	15129.071684999999	15130.347	15131.807	2.0	1.0	1.0	1.0					
15133.827	11.256000000001222	trials	23.0	15139.724525999998	15141.719701999999	15142.843792	15143.311606	15138.836913	15142.171542999999	15143.607	15145.083	2.0	1.0	1.0	1.0					
15147.168	12.379000000000815	trials	23.0	15154.619193999999	15156.166634999998	15157.131967	15157.503144999999	15153.977613	15156.547751999999	15157.777	15159.547	2.0	1.0	1.0	1.0					
15163.766	446.10100000000057	BlockDesign														1.0	832.0	854.0	0.0	50.0
15163.766	8.442000000000917	trials	24.0	15166.434784	15167.856444	15169.911359999998	15170.282592	15165.810528999998	15168.712103999998	15170.538	15172.208	3.0	2.0	1.0	1.0					
15174.072	10.844999999999345	trials	24.0	15181.427409	15182.526141999999	15184.396325999998	15185.00571	15180.508584	15183.416678999998			3.0	2.0	0.0	3.0					
15187.744	75.42599999999948	trials	24.0	15257.926284	15259.556363999998	15261.268191	15261.545436999999	15257.247476999999	15260.264889999999	15261.947	15263.17	3.0	2.0	1.0	1.0					
15265.152	28.539999999999054	trials	24.0	15289.914412999999	15291.613092	15292.592584999999	15293.781633999999	15288.906265999998	15291.935340999999			3.0	1.0	0.0	3.0					
15294.975	10.621999999999389	trials	24.0	15302.506661	15303.633414	15305.043603999999	15305.686486999999	15301.829575	15304.112176999999			3.0	2.0	0.0	3.0					
15307.357	11.469999999999345	trials	24.0	15315.114813999999	15316.907798999999	15317.548206	15317.701893	15314.228403	15316.898043			3.0		0.0	2.0					
15321.853	18.954000000001543	trials	24.0	15337.640437999999	15338.840433999998	15339.768364	15340.154273999999	15337.021827999999	15339.199872			3.0	2.0	1.0	1.0					
15345.262	22.02599999999984	trials	24.0	15362.275407	15363.887477999999	15365.430296999999	15365.834304999998	15361.743021999999	15364.367822999999	15366.157	15367.288	3.0	2.0	1.0	1.0					
15369.307	17.154999999998836	trials	24.0	15381.64619	15383.358312999999	15384.192647999998	15384.658475999999	15381.080930999999	15383.692157	15384.902	15386.462	3.0	2.0	1.0	1.0					
15388.557	9.824999999998909	trials	24.0	15393.610627999999	15395.432556	15396.454165	15396.533725	15392.66893	15395.879169999998	15397.208	15398.382	3.0	2.0	1.0	1.0					
15402.402	6.720999999999549	trials	24.0	15405.570759999999	15407.078967	15407.919102999998	15409.210726	15404.871218999999	15407.441308			3.0	2.0	0.0	3.0					
15411.248	8.828999999999724	trials	24.0	15416.552037	15418.518215999999	15419.483252999999	15420.168661	15415.561552	15418.937870999998			3.0	2.0	0.0	3.0					
15423.782	8.460000000000946	trials	24.0	15428.035209999998	15429.971812	15430.944837	15432.332739999998	15427.240463999999	15430.431292			3.0	2.0	0.0	3.0					
15433.232	15.604999999999563	trials	24.0	15446.125777	15447.564674999998	15448.400300999998	15448.930182999999	15445.219305999999	15447.815106999999			3.0	1.0	0.0	3.0					
15451.697	58.64500000000044	trials	24.0	15506.625519999998	15508.427842	15509.010058	15509.714145999998	15505.980746999998	15508.41759			3.0		0.0	2.0					
15512.424	10.852999999999156	trials	24.0	15518.201588	15519.673761999999	15521.06749	15521.476638999999	15517.544147999999	15520.23354	15521.752	15523.277	3.0	2.0	1.0	1.0					
15525.368	12.22400000000016	trials	24.0	15533.056276	15534.327538999998	15535.748538999998	15535.966353999998	15532.240993	15535.226660999999	15536.417	15537.592	3.0	2.0	1.0	1.0					
15541.636	6.935999999999694	trials	24.0	15544.811711999999	15546.603226	15547.141298999999	15547.452690999999	15544.228508999999	15546.598401			3.0		0.0	2.0					
15551.583	10.954999999999927	trials	24.0	15557.981457999998	15559.837679999999	15560.732191	15560.782050999998	15557.36622	15560.270637999998	15561.357	15562.538	3.0	2.0	1.0	1.0					
15564.629	8.307999999999083	trials	24.0	15569.536284999998	15571.067148999999	15572.060145	15573.028101	15568.840546	15571.563833999999			3.0	2.0	0.0	3.0					
15574.328	10.97400000000016	trials	24.0	15581.536413999998	15583.570208999998	15584.857253999999	15585.393924999998	15580.955697999998	15583.951095999999			3.0	2.0	0.0	3.0					
15589.161	9.502000000000407	trials	24.0	15594.111713999999	15595.765667999998	15596.601874	15597.008376999998	15593.325456999999	15596.100210999999	15597.302	15598.663	3.0	2.0	1.0	1.0					
15601.748	8.119000000000597	trials	24.0	15605.696240999998	15607.207756	15608.125047999998	15608.509605	15604.699859999999	15607.603995999998	15608.782	15609.867	3.0	2.0	1.0	1.0					
15612.958	1019.5290000000005	BlockDesign														1.0	855.0	910.0	50.0	50.0
15612.958	9.804000000000087	trials	25.0	15618.946324999999	15620.845328	15621.378431999998	15622.139451	15618.078232	15620.833809			3.0		0.0	2.0					
15624.841	10.602999999999156	trials	25.0	15632.451578999999	15633.857833999999	15634.646195999998	15635.532979	15631.716738	15634.053737999999			2.0	1.0	0.0	3.0					
15638.877	10.364999999999782	trials	25.0	15645.840059	15647.737661	15648.650738	15649.317644	15631.716738	15648.167300000001			3.0	2.0	0.0	3.0					
15652.907	37.50600000000122	trials	25.0	15686.25707	15687.684326	15688.205278	15688.60782	15685.262911	15687.653139	15688.937	15690.413	2.0	1.0	1.0	1.0					
15692.507	8.670000000000073	trials	25.0	15698.097556	15699.151987	15699.982311	15701.252363	15697.479176	15699.439232			2.0	1.0	0.0	3.0					
15702.242	10.514999999999418	trials	25.0	15708.957328	15710.769271000001	15711.286946	15711.828299	15708.211639000001	15710.758195			3.0		0.0	2.0					
15715.836	28.997000000001208	trials	25.0	15742.072012	15743.349179	15744.388582	15744.91206	15741.102696	15743.816018			3.0	1.0	0.0	3.0					
15747.787	18.19000000000051	trials	25.0	15761.722253	15763.419719	15764.027809	15764.343692	15761.197586	15763.538518	15764.792	15765.977	2.0	1.0	1.0	1.0					
15769.002	11.75	trials	25.0	15777.437189	15779.253509	15780.306755	15780.829745000001	15776.435921	15779.689722000001			3.0	1.0	0.0	3.0					
15784.547	16.05500000000029	trials	25.0	15796.874392	15798.671789			15796.143878	15798.660655			2.0		0.0	2.0					
15802.638	15.48399999999856	trials	25.0	15814.322576	15816.18967	15816.761555000001	15817.075483	15813.434638	15816.185813			3.0		0.0	2.0					
15822.198	44.70899999999892	trials	25.0	15863.322356	15864.975268	15865.473529	15866.050772	15862.778854	15864.963512			3.0		0.0	2.0					
15869.988	22.235000000000582	trials	25.0	15888.039539	15889.295159	15890.160535	15890.514602	15887.29936	15889.649732	15890.777	15892.223	2.0	1.0	1.0	1.0					
15895.327	8.105000000001382	trials	25.0	15900.079378	15901.840148	15902.710814	15903.509127	15899.140597	15902.176002			2.0	1.0	0.0	3.0					
15905.027	12.739999999999782	trials	25.0	15914.449996	15916.156457000001	15916.839604	15916.896047	15913.558829	15916.203166			3.0	2.0	0.0	3.0					
15919.097	20.43499999999949	trials	25.0	15935.130415	15936.577766	15937.385906	15937.789627	15934.613633	15936.85655	15937.992	15939.532	2.0	1.0	1.0	1.0					
15941.552	10.170000000000073	trials	25.0	15946.988357	15948.627061	15949.989215	15950.306858	15946.303024	15949.050022	15950.702	15951.722	3.0	2.0	1.0	1.0					
15954.802	10.755000000001019	trials	25.0	15962.023504	15963.570051			15961.02504	15963.563967			2.0		0.0	2.0					
15968.607	18.405000000000655	trials	25.0	15982.374362	15983.595455	15984.716275	15985.082288	15981.650029	15984.038321	15985.288	15987.012	3.0	2.0	1.0	1.0					
15988.797	10.744999999998981	trials	25.0	15996.483851	15997.702745	15998.86052	15999.335019	15995.797109	15998.332112			2.0	1.0	0.0	3.0					
16003.182	8.748999999999796	trials	25.0	16008.313324	16010.055549	16011.616139	16011.94655	16007.685728	16010.457553			2.0	2.0	0.0	3.0					
16014.867	14.555000000000291	trials	25.0	16025.88877	16027.660294	16028.388553	16029.498691	16024.94829	16027.898156			3.0	2.0	0.0	3.0					
16032.702	15.350000000000364	trials	25.0	16044.488284000001	16046.075707			16043.697095	16046.063755			3.0		0.0	2.0					
16050.12	20.686999999999898	trials	25.0	16066.353916	16067.935694	16068.755411	16069.140461	16065.730355	16068.195998	16069.297	16070.807	2.0	1.0	1.0	1.0					
16073.842	10.97400000000016	trials	25.0	16081.634373	16082.730618	16083.902167	16084.892207	16080.887287	16083.366564			2.0	1.0	0.0	3.0					
16086.269	17.177999999999884	trials	25.0	16098.885098	16100.916731	16101.589756	16101.9922	16097.920949	16100.87816	16102.147	16103.447	3.0	2.0	1.0	1.0					
16107.522	7.854999999999563	trials	25.0	16112.419255	16113.487456	16114.498639	16115.457608	16111.661311	16113.993866			3.0	2.0	0.0	3.0					
16116.808	18.143999999998414	trials	25.0	16129.524439	16131.314909	16132.257572	16132.597012	16128.929116	16131.750326	16132.882	16134.952	3.0	2.0	1.0	1.0					
16137.972	11.104999999999563	trials	25.0	16144.670537	16146.035509	16146.884417	16147.321382	16144.147847	16146.320983	16147.477	16149.077	2.0	1.0	1.0	1.0					
16151.092	15.105999999999767	trials	25.0	16163.00976	16164.64631	16165.571257	16166.068553000001	16162.051825	16165.034869			2.0	1.0	0.0	3.0					
16168.857	20.920000000000073	trials	25.0	16186.51997	16187.931488	16189.271576	16189.854392	16185.601427	16188.352112			2.0	2.0	0.0	3.0					
16193.527	9.3799999999992	trials	25.0	16199.073977	16201.107063	16202.31266	16202.983973	16198.065787	16201.38894			3.0	2.0	0.0	3.0					
16206.628	11.968999999999141	trials	25.0	16215.034562	16216.665944	16217.224612	16217.285549	16214.229922	16216.656445			3.0		0.0	2.0					
16222.607	18.3799999999992	trials	25.0	16237.489503	16239.062037			16236.968753000001	16239.052882			2.0		0.0	2.0					
16244.058	18.30999999999949	trials	25.0	16258.649774	16259.906294	16260.669181	16261.04282	16257.84864	16260.224648	16261.248	16262.368	3.0	2.0	1.0	1.0					
16264.387	9.154999999998836	trials	25.0	16270.530076000001	16271.979703	16272.617012	16273.623497	16269.619832	16271.916092			3.0	2.0	0.0	3.0					
16274.938	13.350000000000364	trials	25.0	16284.975241	16286.356655			16284.289523	16286.348963			2.0		0.0	2.0					
16291.297	40.82999999999993	trials	25.0	16328.115833	16329.388210000001	16330.540805	16332.206551	16327.259802	16329.966923			2.0	1.0	0.0	3.0					
16333.782	12.551000000001295	trials	25.0	16341.935235	16343.226896	16344.143315	16344.555095	16341.368891	16343.672341	16344.812	16346.333	3.0	2.0	1.0	1.0					
16348.422	11.519999999998618	trials	25.0	16355.235179	16356.663083	16357.809229	16358.050705	16354.33186	16357.146659	16358.492	16359.942	2.0	1.0	1.0	1.0					
16363.022	8.714999999998327	trials	25.0	16368.360907	16369.82677	16371.060659	16371.819097	16367.419745	16370.369231			3.0	1.0	0.0	3.0					
16375.312	12.094999999999345	trials	25.0	16384.770644	16385.998275	16386.788459	16387.488375	16383.959726000001	16386.261047			2.0	2.0	0.0	3.0					
16390.083	18.818999999999505	trials	25.0	16404.445846	16406.107135	16406.830195	16407.234329	16403.496212000002	16406.328304	16407.47	16408.902	2.0	1.0	1.0	1.0					
16412.982	7.444999999999709	trials	25.0	16417.001302	16418.751005	16419.705646	16420.50782	16416.139751	16419.178178000002			3.0	2.0	0.0	3.0					
16423.012	9.764999999999418	trials	25.0	16429.320503	16430.362307	16431.779702	16432.14989	16428.497159	16430.87527			3.0	2.0	1.0	1.0					
16435.278	12.524000000001251	trials	25.0	16444.145774	16445.639079	16446.547841	16447.001573	16443.210737	16445.957365			2.0	1.0	0.0	3.0					
16448.922	10.011000000002241	trials	25.0	16454.611358000002	16455.874266	16457.258911	16457.352266	16453.75251	16456.640837			2.0	2.0	0.0	3.0					
16459.513	20.735000000000582	trials	25.0	16476.766253	16478.32307			16475.940867	16478.317729			3.0		0.0	2.0					
16484.323	16.394000000000233	trials	25.0	16496.565687	16497.770513	16498.599539	16498.987001	16495.906329	16498.079575	16499.288	16500.717	2.0	1.0	1.0	1.0					
16502.799	11.403000000002066	trials	25.0	16511.06621	16512.891544	16513.842356	16514.281416	16510.309531	16513.310647			2.0	1.0	0.0	3.0					
16518.099	9.413000000000466	trials	25.0	16524.082361	16525.834571	16526.698594	16527.594025	16523.447802	16526.208185			3.0	2.0	0.0	3.0					
16530.067	33.784999999999854	trials	25.0	16560.985851	16562.063647	16563.370006	16563.93302	16560.424369	16562.852458			3.0	2.0	0.0	3.0					
16565.687	26.179999999996653	trials	25.0	16588.785785	16590.474043000002	16591.225732	16591.949828	16588.255706	16590.649273			2.0	1.0	0.0	3.0					
16594.556	10.370999999999185	trials	25.0	16601.39179	16603.000302	16603.494757	16604.047975	16600.706705	16602.99236			3.0		0.0	2.0					
16607.002	11.989999999997963	trials	25.0	16614.341773	16616.164087	16616.935109000002	16617.288666	16613.37494	16616.413755	16617.552	16618.992	2.0	1.0	1.0	1.0					
16622.079	10.407999999999447	trials	25.0	16627.748184	16629.699067	16630.728706	16631.067268	16626.865966	16630.046648	16631.472	16632.487	3.0	2.0	1.0	1.0					
16636.617	115.01000000000204	BlockDesign														1.0	911.0	916.0	0.0	0.0
16636.617	5.860000000000582	trials	26.0	16639.63208	16641.244382	16642.021422	16642.557998	16638.97403	16641.27212			2.0	1.0	0.0	3.0					
16645.337	10.286000000000058	trials	26.0	16652.406575	16653.79487	16654.891144	16655.703613	16651.784801	16654.263692			2.0	1.0	0.0	3.0					
16659.208	43.64400000000023	trials	26.0	16698.841975	16700.783998	16701.723004	16702.931987	16698.053422	16701.128636			2.0	1.0	0.0	3.0					
16704.982	11.735000000000582	trials	26.0	16713.083666	16715.109826	16716.040723	16716.800246	16712.450638	16715.498630000002			2.0	1.0	0.0	3.0					
16719.312	15.929999999996653	trials	26.0	16731.77726	16733.250331	16733.914564	16733.991727	16731.181337	16733.244614			2.0		0.0	2.0					
16739.275	12.351999999998952	trials	26.0	16749.717671	16750.958849			16748.783741	16751.081419000002			2.0	1.0	0.0	3.0					
16754.987	159.3050000000003	BlockDesign														1.0	917.0	923.0	0.0	0.0
16754.987	10.675999999999476	trials	27.0	16762.742005	16764.230237	16765.094585	16765.743922	16762.197836	16764.629228			3.0	2.0	0.0	3.0					
16768.342	15.715000000000146	trials	27.0	16781.407255	16782.849155	16783.455313	16784.137642	16780.46673	16782.966529			3.0	2.0	0.0	3.0					
16787.767	52.20000000000073	trials	27.0	16836.874331	16838.040682	16838.605459	16838.945269	16835.952872	16838.037383			3.0		0.0	2.0					
16842.977	11.534999999999854	trials	27.0	16851.442805	16852.564706	16853.663317	16854.592496	16850.704736	16853.128277			3.0	1.0	0.0	3.0					
16857.967	11.65599999999904	trials	27.0	16866.044135	16867.699091	16868.365531	16868.515123	16865.173666	16867.691807			3.0		0.0	2.0					
16873.632	24.82999999999811	trials	27.0	16895.412751	16896.711049	16897.597171	16898.547026	16894.447934	16897.057694			3.0	1.0	0.0	3.0					
16901.857	12.43500000000131	trials	27.0	16912.242799	16913.274448	16914.23251	16915.248008	16911.327731	16913.724257			3.0	2.0	0.0	3.0					
16917.619	996.8389999999999	BlockDesign														1.0	924.0	972.0	50.0	50.0
16917.619	12.808000000000902	trials	28.0	16926.903269	16928.568128	16929.525365	16930.512418	16926.333617	16928.966447			3.0	1.0	0.0	3.0					
16931.913	23.963999999999942	trials	28.0	16951.758865	16953.187441000002	16954.037618	16954.351148	16951.171463	16953.545189	16954.663	16955.877	3.0	2.0	1.0	1.0					
16957.897	11.555000000000291	trials	28.0	16966.584668	16967.753315	16968.980438	16969.534568	16965.758381	16968.095036			3.0	2.0	0.0	3.0					
16973.327	12.719999999997526	trials	28.0	16982.452764	16983.743096	16984.609664	16986.129581	16981.670801	16984.050112			2.0	1.0	0.0	3.0					
16987.857	26.56499999999869	trials	28.0	17009.513662	17011.39543	17012.351887	17012.763356	17008.895132	17011.810516	17013.067	17014.422	2.0	1.0	1.0	1.0					
17016.442	9.846000000001368	trials	28.0	17021.858723	17024.022499	17024.956351	17026.370744	17020.864784	17024.407801			2.0	1.0	0.0	3.0					
17028.21	15.872999999999593	trials	28.0	17037.630133	17039.612086	17042.0999	17042.553038	17036.932891	17041.502248	17042.663	17044.083	2.0	1.0	1.0	1.0					
17048.123	9.53399999999965	trials	28.0	17051.80864	17053.654777	17055.430749	17055.864111	17051.118779	17054.250377	17056.042	17057.657	3.0	2.0	1.0	1.0					
17059.762	9.284999999999854	trials	28.0	17064.974008	17067.124183	17067.709193	17068.327694	17064.379046000002	17067.115463000002			3.0		0.0	2.0					
17072.127	11.620999999999185	trials	28.0	17080.143875	17081.790433000002			17079.180347	17081.785469			3.0		0.0	2.0					
17086.776	21.00199999999677	trials	28.0	17104.268702	17106.028313	17107.12738	17107.862666	17103.610319	17106.356901			3.0	2.0	0.0	3.0					
17109.415	11.662000000000262	trials	28.0	17116.265432	17118.245407	17119.102043	17119.138597	17115.757831	17118.563293	17119.742	17121.077	3.0	2.0	1.0	1.0					
17125.164	8.683000000000902	trials	28.0	17129.890714	17131.814296	17132.863563	17133.154061	17129.075714	17131.830281			2.0	1.0	1.0	1.0					
17137.437	8.350999999998749	trials	28.0	17142.644072	17144.412105	17145.173909	17145.870908	17141.838874	17144.589199000002			2.0	1.0	0.0	3.0					
17147.467	19.354999999999563	trials	28.0	17163.913805	17164.935991	17166.17729	17166.905231	17163.282953	17165.63471			2.0	1.0	0.0	3.0					
17170.432	7.419999999998254	trials	28.0	17174.719844	17176.075072	17176.866802	17177.253556	17173.812233	17176.32433			2.0	1.0	1.0	1.0					
17181.422	49.56600000000253	trials	28.0	17225.71574	17227.601399	17228.982293	17229.384224	17225.076841000002	17228.036218	17229.632	17230.988	3.0	2.0	1.0	1.0					
17233.883	12.088999999999942	trials	28.0	17241.609229	17242.991351	17243.862271	17244.311363	17240.628748	17243.306917	17244.712	17245.972	2.0	1.0	1.0	1.0					
17249.058	6.903999999998632	trials	28.0	17253.059529	17254.28842	17255.376277	17256.048962	17252.235271	17254.70731			3.0	2.0	0.0	3.0					
17257.677	8.760000000002037	trials	28.0	17263.376455	17264.978498	17265.748936	17266.522544	17262.375379	17265.192068			2.0	1.0	0.0	3.0					
17267.998	12.81000000000131	trials	28.0	17276.984996	17278.882606	17279.472083	17280.051574	17276.212654	17278.872837			3.0		0.0	2.0					
17284.819	22.4429999999993	trials	28.0	17302.717768	17304.043728	17305.133218	17305.530126	17301.914612	17304.544442	17305.767	17307.262	2.0	1.0	1.0	1.0					
17311.347	6.2849999999998545	trials	28.0	17314.171861	17315.698823	17316.670659	17317.715407	17313.415931	17316.072833			2.0	1.0	0.0	3.0					
17318.962	11.790000000000873	trials	28.0	17327.329886	17328.474596	17329.906412	17330.838821	17326.380926	17328.966424			3.0	2.0	0.0	3.0					
17333.167	12.165999999997439	trials	28.0	17339.980046	17341.337623	17342.940088	17343.262043	17339.126062	17341.862957	17343.657	17345.333	3.0	2.0	1.0	1.0					
17348.181	9.28099999999904	trials	28.0	17354.671637	17355.753014	17356.717691	17357.547134	17353.670005	17356.084771			2.0	1.0	0.0	3.0					
17361.083	99.31400000000212	trials	28.0	17456.051077	17457.509893	17459.344672	17460.482653	17455.357871	17457.498871			2.0		0.0	2.0					
17461.507	23.82999999999811	trials	28.0	17482.195785	17483.708465	17484.502537	17485.425035	17481.604607	17484.000871			3.0	2.0	0.0	3.0					
17486.792	16.120999999999185	trials	28.0	17498.450849	17500.021534	17500.972393	17501.42815	17497.756978	17500.352206	17501.572	17502.913	2.0	1.0	1.0	1.0					
17505.932	8.989999999997963	trials	28.0	17511.727183	17512.772732	17514.447574	17515.007812	17510.952338	17513.376907			3.0	2.0	0.0	3.0					
17516.748	92.06400000000212	trials	28.0	17603.956411	17605.868314	17606.773907	17607.149665	17603.430199	17606.224708	17607.322	17608.812	3.0	2.0	1.0	1.0					
17612.869	8.18800000000192	trials	28.0	17616.713257	17617.997751	17618.870642	17619.221719	17616.110596	17618.262661	17619.432	17621.057	2.0	1.0	1.0	1.0					
17623.077	13.389999999999418	trials	28.0	17631.528062	17633.49394	17634.293518	17634.68201	17630.953607	17633.539498	17634.958	17636.467	2.0	1.0	1.0	1.0					
17639.509	15.268000000000029	trials	28.0	17650.271629	17651.475814	17652.888578	17653.201816	17649.452492	17651.937376	17653.513	17654.777	3.0	2.0	1.0	1.0					
17657.797	8.775000000001455	trials	28.0	17661.87139	17663.818477	17664.477835	17664.887705	17661.09214	17663.914418	17665.117	17666.572	2.0	1.0	1.0	1.0					
17668.659	7.968000000000757	trials	28.0	17673.062474	17675.043179	17675.887600000002	17676.712999	17672.136098	17675.109737			3.0	1.0	0.0	3.0					
17678.187	10.019999999996799	trials	28.0	17684.916841	17686.768922	17687.453155	17687.496661	17684.311177	17686.903949			3.0	2.0	0.0	3.0					
17691.748	12.524000000001251	trials	28.0	17701.128883	17702.908256	17703.768428	17704.358426	17700.471143	17703.240854			3.0	2.0	0.0	3.0					
17707.058	9.308999999997468	trials	28.0	17713.603542	17715.198304	17716.022717	17716.451514	17712.646077	17715.512495			2.0	1.0	0.0	3.0					
17720.276	21.411000000000058	trials	28.0	17738.107306	17739.779354	17740.518162	17741.772211	17737.450317	17739.988049			2.0	1.0	0.0	3.0					
17743.763	17.360000000000582	trials	28.0	17757.701998	17758.989349	17759.780843	17760.27179	17756.862106	17759.257963			2.0	1.0	0.0	3.0					
17763.079	57.367999999998574	trials	28.0	17816.077237	17817.639222	17818.307692000002	17818.740842	17815.446083	17817.758556	17818.982	17820.447	3.0	2.0	1.0	1.0					
17822.482	10.100999999998749	trials	28.0	17828.147298	17829.629018	17830.525666	17830.931603	17827.525814	17829.925617	17831.237	17832.583	2.0	1.0	1.0	1.0					
17834.662	8.430000000000291	trials	28.0	17840.112385	17841.326158	17842.254038	17843.179374	17839.504098	17841.680411			2.0	1.0	0.0	3.0					
17846.498	8.384000000001834	trials	28.0	17851.347621	17852.909314	17853.54101	17853.620666	17850.416038	17852.902073			3.0		0.0	2.0					
17858.937	13.179999999996653	trials	28.0	17868.507875	17870.145227	17870.680613	17870.958533	17867.682598	17870.134067			3.0		0.0	2.0					
17874.127	18.889999999999418	trials	28.0	17888.772979	17890.010092	17890.833721	17891.237458	17887.891340000002	17890.312777	17891.427	17893.017	2.0	1.0	1.0	1.0					
17896.038	8.614999999997963	trials	28.0	17899.898068	17901.711296	17902.707936	17903.050943000002	17899.040576	17902.19497	17903.217	17904.653	3.0	2.0	1.0	1.0					
17908.777	5.681000000000495	trials	28.0	17911.572519	17913.170069	17914.413029	17915.479781000002	17910.925597	17913.501173			3.0	2.0	0.0	3.0					
17916.709	663.3739999999998	BlockDesign														1.0	973.0	1014.0	10.0	50.0
17916.709	10.763000000002648	trials	29.0	17922.714408	17924.054993	17925.377759	17925.782920999998	17922.09215	17924.797342	17925.818	17927.472	1.0	1.0	1.0	1.0					
17931.554	7.653999999998632	trials	29.0	17935.997758	17937.385049	17938.552267	17939.293836	17935.225126	17937.912786			1.0	1.0	0.0	3.0					
17942.882	12.984999999996944	trials	29.0	17952.823877	17954.241451	17955.173644	17955.955825	17952.143803	17954.593943			1.0	1.0	0.0	3.0					
17958.413	7.973999999998341	trials	29.0	17962.417907	17964.248015	17965.47376	17965.553583	17961.598891	17964.880898			1.0	2.0	0.0	3.0					
17967.713	9.409999999999854	trials	29.0	17973.888331000002	17975.201872	17976.429108	17977.213084	17973.1112	17975.849382			1.0	1.0	0.0	3.0					
17978.702	24.182999999997264	trials	29.0	18000.379576	18001.644195	18002.592686	18002.970934	17999.399904	18002.02213			1.0	1.0	0.0	3.0					
18004.897	10.876000000000204	trials	29.0	18010.888985	18012.055343	18013.712701	18014.050441	18010.141379	18012.745789	18014.297	18015.773	1.0	2.0	1.0	1.0					
18019.792	6.245999999999185	trials	29.0	18021.783326	18023.475382	18025.087667	18026.123024	18021.161724999998	18024.112656			1.0	2.0	0.0	3.0					
18029.357	7.033999999999651	trials	29.0	18032.8892	18034.059825	18035.679092	18036.476558000002	18031.913113	18035.015492			1.0	1.0	0.0	3.0					
18037.985	10.38799999999901	trials	29.0	18045.148819000002	18046.623983	18047.694717	18048.46123	18044.163212	18047.166979			1.0	2.0	0.0	3.0					
18050.937	45.68999999999869	trials	29.0	18093.493526	18094.893569	18095.579123	18096.716278	18092.491846	18095.061265			1.0	1.0	0.0	3.0					
18098.837	13.165000000000873	trials	29.0	18108.168638	18110.105696	18111.59149	18112.092206	18107.295648	18110.579993			1.0	2.0	0.0	3.0					
18114.827	10.994999999998981	trials	29.0	18122.188783	18123.748241	18124.962812	18125.912949999998	18121.383668	18124.31942			1.0	1.0	0.0	3.0					
18129.244	13.135000000002037	trials	29.0	18139.554454	18141.167087	18142.016039000002	18142.465811000002	18138.775991	18141.457394			1.0	1.0	0.0	3.0					
18146.267	6.75	trials	29.0	18149.690738	18151.228262	18152.102969	18153.108358	18149.104196	18151.60604			1.0	2.0	0.0	3.0					
18155.509	8.433000000000902	trials	29.0	18160.966075	18162.425924	18163.261424	18164.033147000002	18160.038991	18162.717635			1.0	1.0	0.0	3.0					
18165.577	10.5	trials	29.0	18173.389198	18174.576839	18175.444046	18176.165402	18172.696988	18174.824035			1.0	1.0	0.0	3.0					
18179.687	13.429999999996653	trials	29.0	18190.149329	18191.146385	18191.762911	18191.940631	18189.151333	18191.143382000002			1.0		0.0	2.0					
18197.127	76.29000000000087	trials	29.0	18270.341220000002	18271.58294	18272.753608	18273.508777	18269.619278	18272.169638			1.0	1.0	0.0	3.0					
18274.998	14.584999999999127	trials	29.0	18286.064582	18287.666899			18285.195659	18287.654757			1.0		0.0	2.0					
18291.594	17.297999999998865	trials	29.0	18304.574436	18306.080783	18306.957044	18307.358983	18303.684199	18306.397679	18307.672	18308.892	1.0	1.0	1.0	1.0					
18312.005	7.761999999998807	trials	29.0	18316.994566	18318.113884	18319.084303	18319.856503	18316.201576	18318.486846			1.0	1.0	0.0	3.0					
18321.387	18.514999999999418	trials	29.0	18335.225203	18337.10177	18337.893196	18338.239474	18334.282279	18337.257707	18338.567	18339.902	1.0	2.0	1.0	1.0					
18341.923	10.074000000000524	trials	29.0	18346.535954	18347.935846	18350.092162	18350.387883	18345.975756	18348.729589	18350.708	18351.997	1.0	2.0	1.0	1.0					
18355.111	6.695999999999913	trials	29.0	18358.631724	18359.962114	18361.381733000002	18361.898737	18357.85155	18360.374060000002			1.0	2.0	0.0	3.0					
18364.745	11.312000000001717	trials	29.0	18371.631398	18372.937973	18374.403645	18374.484548	18370.870353	18373.416323	18375.112	18376.057	1.0	2.0	1.0	1.0					
18379.195	7.947000000000116	trials	29.0	18382.329851	18383.762343000002	18385.337833	18385.610983	18381.385582	18384.256903	18385.852	18387.142	1.0	2.0	1.0	1.0					
18389.125	7.476999999998952	trials	29.0	18392.959864	18394.732156	18395.836099	18396.289808	18392.1272	18395.250623			1.0	1.0	0.0	3.0					
18400.123	8.18800000000192	trials	29.0	18404.45052	18406.421414	18407.993342	18408.400607	18403.812893000002	18406.862735			1.0	2.0	0.0	3.0					
18412.248	9.149000000001251	trials	29.0	18416.405399	18418.138298	18419.853376	18420.169181	18415.884464	18418.791551000002	18420.657	18421.397	1.0	2.0	1.0	1.0					
18425.487	6.399999999997817	trials	29.0	18427.237085	18428.737544	18429.995910999998	18430.292852	18425.927159	18429.107501	18430.557	18431.887	1.0	2.0	1.0	1.0					
18433.808	9.18999999999869	trials	29.0	18437.506894	18439.260825	18440.80991	18441.186578	18436.946568	18439.808614	18441.487	18442.998	1.0	2.0	1.0	1.0					
18445.967	7.084999999999127	trials	29.0	18449.930578	18451.707956	18452.491708	18453.140503	18448.928243000002	18451.992587			1.0	2.0	0.0	3.0					
18455.737	7.690999999998894	trials	29.0	18460.3021	18461.773112	18463.056263	18463.515775	18459.525943	18462.340144			1.0	1.0	0.0	3.0					
18465.297	8.715000000000146	trials	29.0	18469.825634	18471.530777	18473.549972	18474.105098	18469.096307	18472.479776			1.0	2.0	0.0	3.0					
18475.884	14.853000000002794	trials	29.0	18487.125819	18488.200782	18489.010009	18489.345358	18486.293306	18488.526574	18489.502	18490.737	1.0	2.0	1.0	1.0					
18493.757	6.469999999997526	trials	29.0	18496.51597	18498.212050000002	18499.206452	18499.354862	18495.685326	18498.720881			1.0	2.0	0.0	3.0					
18503.507	6.859999999996944	trials	29.0	18506.995555	18508.30995	18509.408279	18510.455928	18506.074166	18508.800914			1.0	1.0	0.0	3.0					
18512.664	21.308000000000902	trials	29.0	18530.990522	18532.447509999998	18533.371288000002	18533.874941000002	18530.012688	18532.808365			1.0	1.0	0.0	3.0					
18537.682	7.575000000000728	trials	29.0	18542.217824	18543.531196	18544.423004	18545.345912	18541.702629	18543.931654			1.0	2.0	0.0	3.0					
18546.712	12.225000000002183	trials	29.0	18553.964449	18555.81889	18557.256982	18557.670851	18553.387145	18556.366795	18557.822	18558.937	1.0	2.0	1.0	1.0					
18560.958	19.125	trials	29.0	18576.842279	18578.688844	18580.077743	18580.545497	18575.932112	18579.118097			1.0	2.0	0.0	3.0					
18583.369	757.0529999999999	BlockDesign														1.0	1015.0	1063.0	50.0	90.0
18583.369	7.838999999999942	trials	30.0	18587.856302	18589.242812			18586.904906	18589.23571			1.0		0.0	2.0					
18594.262	79.80000000000291	trials	30.0	18670.622522	18671.73161	18673.000021	18673.13669	18669.695237	18672.354764	18602.607	18652.292	1.0	2.0	1.0	1.0					
18677.467	39.30999999999767	trials	30.0	18711.888838	18713.536110999998	18714.808552	18715.187736	18711.122703999998	18713.935413	18715.507	18716.777	1.0	2.0	1.0	1.0					
18719.877	24.104999999999563	trials	30.0	18740.428853999998	18742.031780999998	18742.791846999997	18742.989984	18739.607376	18742.013823999998			1.0		0.0	2.0					
18747.992	10.150000000001455	trials	30.0	18753.600770999998	18755.29783	18756.401008999997	18756.722369	18752.826411	18755.619354	18756.992	18758.142	1.0	2.0	1.0	1.0					
18760.183	13.324000000000524	trials	30.0	18768.803752	18770.804031	18771.765301	18771.876414	18767.900393	18771.251379999998	18772.337	18773.507	1.0	2.0	1.0	1.0					
18776.602	7.280000000002474	trials	30.0	18779.389152	18780.688908	18781.988997999997	18782.241158999997	18778.816454	18781.081747999997	18782.672	18783.882	1.0	2.0	1.0	1.0					
18785.922	7.385000000002037	trials	30.0	18788.686116999997	18790.253383	18791.058984	18791.35963	18788.147668999998	18790.561809	18791.637	18793.307	1.0	2.0	1.0	1.0					
18797.462	6.115000000001601	trials	30.0	18799.244856999998	18800.661149	18801.73017	18802.108014999998	18797.938704	18801.086903	18802.547	18803.577	1.0	1.0	1.0	1.0					
18807.592	7.03099999999904	trials	30.0	18811.310845	18812.621524	18813.256597	18813.594773999997	18810.437052999998	18812.61825			1.0		0.0	2.0					
18816.637	11.407000000002881	trials	30.0	18823.775122	18825.047037999997	18826.168528	18826.529754	18823.201964999997	18825.657510999998	18826.877	18828.044	1.0	2.0	1.0	1.0					
18831.952	7.1599999999998545	trials	30.0	18834.544947	18836.440545999998	18837.115212999997	18837.558621	18833.987887	18836.583799	18837.868	18839.112	1.0	2.0	1.0	1.0					
18841.132	10.294999999998254	trials	30.0	18846.669787	18848.555267	18849.342816999997	18849.705001	18845.672913	18848.858934999997	18849.952	18851.427	1.0	2.0	1.0	1.0					
18854.542	7.904999999998836	trials	30.0	18858.469362	18859.873504	18860.567063	18860.946471	18857.674316999997	18860.129418999997	18861.397	18862.447	1.0	2.0	1.0	1.0					
18864.495	8.932000000000698	trials	30.0	18870.105717	18871.475386	18872.002317	18872.221083999997	18869.128017	18871.464318			1.0		0.0	2.0					
18875.502	17.036000000000058	trials	30.0	18888.351109	18889.537096999997	18890.521074999997	18890.88321	18887.459757999997	18889.884833	18891.127	18892.538	1.0	1.0	1.0	1.0					
18894.623	10.03399999999965	trials	30.0	18899.874738	18901.639389	18902.586788999997	18902.930841999998	18898.939108	18902.100596999997	18903.262	18904.657	1.0	2.0	1.0	1.0					
18908.742	9.455000000001746	trials	30.0	18913.860536999997	18915.510051999998	18916.448010999997	18916.731115	18913.148448	18915.843256	18917.327	18918.197	1.0	1.0	1.0	1.0					
18922.262	7.930000000000291	trials	30.0	18925.999851999997	18927.383577999997	18928.270925999997	18928.620561	18925.103323	18927.694401999997	18928.902	18930.192	1.0	1.0	1.0	1.0					
18932.244	10.718000000000757	trials	30.0	18938.139467999998	18940.035103	18940.978647	18941.397319	18937.380639	18940.397245	18941.697	18942.962	1.0	1.0	1.0	1.0					
18946.979	8.192999999999302	trials	30.0	18950.995362999998	18952.45882	18953.254023999998	18953.629977999997	18950.208908999997	18952.752624999997	18954.057	18955.172	1.0	1.0	1.0	1.0					
18959.202	6.505999999997584	trials	30.0	18962.330030999998	18963.922541999997	18964.909084	18965.76517	18961.735181999997	18964.333080999997			1.0	1.0	0.0	3.0					
18968.172	11.145000000000437	trials	30.0	18974.170402	18976.089333	18977.590178	18977.977953999998	18973.659258	18977.073113	18978.252	18979.317	1.0	1.0	1.0	1.0					
18982.407	21.381000000001222	trials	30.0	19000.745227	19001.843476			19000.005466	19001.833262999997			1.0		0.0	2.0					
19006.808	56.578999999997905	trials	30.0	19060.960638999997	19062.178468	19062.951394	19063.445826	19060.375702999998	19062.417537999998			1.0	1.0	0.0	3.0					
19067.311	7.385999999998603	trials	30.0	19071.335722	19072.392039	19073.355342	19074.757272	19070.731506	19072.799052			1.0	1.0	0.0	3.0					
19076.702	13.661000000000058	trials	30.0	19085.322027	19087.153477	19088.507628	19088.911706	19084.749514	19087.604808999997	19089.252	19090.363	1.0	2.0	1.0	1.0					
19093.378	11.234000000000378	trials	30.0	19099.880904999998	19101.736707999997	19102.89853	19103.231416	19099.349975999998	19102.018884999998	19103.557	19104.612	1.0	2.0	1.0	1.0					
19106.737	8.739999999997963	trials	30.0	19110.805481	19112.177226	19113.36367	19113.814941999997	19110.114241	19112.803462	19114.152	19115.477	1.0	2.0	1.0	1.0					
19119.494	5.4430000000029395	trials	30.0	19121.331011	19122.943645	19123.473555999997	19124.12329	19120.547541	19122.930676			1.0		0.0	2.0					
19126.947	8.279999999998836	trials	30.0	19132.371048999998	19133.807932	19134.760348	19134.814773	19131.370058999997	19134.152637			1.0	2.0	0.0	3.0					
19137.038	13.693999999999505	trials	30.0	19145.925558	19147.782367	19148.68147	19149.097723	19145.291812	19148.180904999997	19149.367	19150.732	1.0	2.0	1.0	1.0					
19154.851	6.647000000000844	trials	30.0	19157.050608999998	19158.963821999998	19159.796612	19160.081298999998	19156.507453	19159.223084999998	19160.432	19161.498	1.0	1.0	1.0	1.0					
19165.572	7.490000000001601	trials	30.0	19169.74128	19171.449234	19172.386421	19173.124845	19168.873637999997	19171.826607			1.0	1.0	0.0	3.0					
19174.777	8.840000000000146	trials	30.0	19179.001149	19180.885183	19181.852822999997	19182.272925999998	19178.160301	19181.300823999998	19182.437	19183.617	1.0	2.0	1.0	1.0					
19185.732	7.834999999999127	trials	30.0	19189.376296	19190.535118	19191.582491999998	19191.986579999997	19188.859515999997	19191.099942999997	19192.477	19193.567	1.0	2.0	1.0	1.0					
19197.651	6.65599999999904	trials	30.0	19199.816522999998	19201.282658999997	19202.269716	19202.557181999997	19198.941375	19201.675165999997	19202.882	19204.307	1.0	1.0	1.0	1.0					
19207.333	8.330000000001746	trials	30.0	19211.845776	19213.866466	19214.640390999997	19214.975832999997	19210.911403	19214.181115			1.0	2.0	1.0	1.0					
19219.136	7.58100000000195	trials	30.0	19222.201266	19223.294231	19224.711539999997	19225.011046	19221.461818	19224.169699	19225.507	19226.717	1.0	1.0	1.0	1.0					
19228.797	6.880000000001019	trials	30.0	19232.036984	19233.673211999998	19234.618259	19234.833322	19231.052811999998	19233.666933999997			1.0		0.0	2.0					
19238.747	7.610000000000582	trials	30.0	19242.366399	19243.548864999997	19244.513425999998	19244.913902999997	19241.809789	19244.020159	19245.129	19246.357	1.0	2.0	1.0	1.0					
19248.387	7.415000000000873	trials	30.0	19252.942068999997	19254.056256999997	19254.84565	19255.862094999997	19252.050705999998	19254.396926999998			1.0	2.0	0.0	3.0					
19259.179	9.488000000001193	trials	30.0	19263.923017999998	19265.023721999998	19266.438217	19266.860419999997	19263.393549999997	19265.929097	19267.052	19268.667	1.0	2.0	1.0	1.0					
19272.492	9.195000000003347	trials	30.0	19277.216684	19279.024805999998	19280.00179	19280.417258999998	19276.363323999998	19279.513548	19280.732	19281.687	1.0	2.0	1.0	1.0					
19285.708	6.939000000002125	trials	30.0	19288.571669999998	19289.952315	19290.676301	19291.041865	19287.577682	19290.229134999998	19291.237	19292.647	1.0	2.0	1.0	1.0					
19295.702	9.215000000000146	trials	30.0	19301.234000999997	19302.684020999997	19303.19586	19303.553698	19300.326504999997	19302.666662	19303.863	19304.917	1.0	2.0	1.0	1.0					
19308.004	7.847999999998137	trials	30.0	19311.937997999998	19313.31408	19314.119063	19314.479187999998	19311.144886	19313.675586999998	19314.822	19315.852	1.0	2.0	1.0	1.0					
19317.937	7.869999999998981	trials	30.0	19322.356984	19323.808176	19324.321334	19324.87276	19321.541457	19323.803786999997			1.0		0.0	2.0					
19328.872	11.549999999999272	trials	30.0	19336.232193	19337.508504999998	19338.476436999998	19338.860104	19335.669722	19337.960239	19339.272	19340.422	1.0	2.0	1.0	1.0					
19343.522	53.20000000000073	BlockDesign														1.0	1064.0	1068.0	0.0	0.0
19343.522	9.790000000000873	trials	31.0	19350.01662	19351.933468	19352.556668999998	19353.3719	19349.26735	19352.068842999997			1.0	2.0	0.0	3.0					
19356.902	6.7850000000034925	trials	31.0	19361.217199	19362.428001999997	19363.318401999997	19363.726748999998	19360.298856999998	19362.732444999998			1.0	1.0	0.0	3.0					
19367.637	5.229999999999563	trials	31.0	19370.011457999997	19371.604455999997	19372.423704999997	19372.927679999997	19369.302077999997	19371.944790999998			1.0	2.0	0.0	3.0					
19375.842	11.645000000000437	trials	31.0	19384.548045	19385.609316	19386.70569	19387.186112	19383.836048999998	19386.090356999997			1.0	1.0	0.0	3.0					
19391.041	5.681000000000495	trials	31.0	19393.886843999997	19395.759672	19396.637551	19397.781331	19393.285047999998	19396.106646999997			1.0	2.0	0.0	3.0					
19399.013	1478.3240000000005	BlockDesign														1.0	1069.0	1158.0	50.0	10.0
19399.013	15.949000000000524	trials	32.0	19410.556927999998	19412.298555999998	19413.083747999997	19413.504962	19409.656992999997	19412.562207	19413.667	19414.962	1.0	1.0	1.0	1.0					
19417.987	9.694999999999709	trials	32.0	19423.03777	19424.982715	19425.971356	19426.213743999997	19422.297552	19425.433255	19426.627	19427.682	1.0	1.0	1.0	1.0					
19430.702	6.395000000000437	trials	32.0	19434.30661	19435.855753	19436.685186	19437.157755999997	19433.333173	19436.129421999998			1.0	1.0	0.0	3.0					
19440.014	29.543000000001484	trials	32.0	19466.452341999997	19468.009401	19468.996357999997	19469.034322	19465.895805	19468.424807			1.0	2.0	0.0	3.0					
19471.277	12.200000000000728	trials	32.0	19478.932373	19480.766269	19481.628967999997	19481.901210999997	19478.015689	19481.033249999997	19482.272	19483.477	1.0	1.0	1.0	1.0					
19486.542	7.024999999997817	trials	32.0	19489.802327999998	19491.034551999997	19492.955969	19493.627373	19489.187571	19491.931538999997			1.0	2.0	0.0	3.0					
19497.292	11.955999999998312	trials	32.0	19505.087661999998	19506.531908999998	19507.447396	19507.837818999997	19504.207501999997	19506.874979999997	19507.967	19509.248	1.0	1.0	1.0	1.0					
19513.297	8.510000000002037	trials	32.0	19517.493015999997	19519.51144	19520.708790999997	19521.869368	19516.914260999998	19520.098877999997			1.0	1.0	0.0	3.0					
19523.117	9.034999999999854	trials	32.0	19528.689448999998	19530.089431999997	19531.336098	19532.214132999998	19527.824846	19530.511078			1.0	2.0	0.0	3.0					
19535.602	26.39600000000064	trials	32.0	19557.972457999997	19559.859131999998	19560.683409999998	19562.06092	19557.121266	19559.826588			1.0	1.0	0.0	3.0					
19565.137	9.100000000002183	trials	32.0	19570.198171	19571.849115999998	19573.408674	19574.300076	19569.288848999997	19572.514486			1.0	2.0	0.0	3.0					
19577.743	24.92000000000189	trials	32.0	19597.693441	19599.650134	19600.606380999998	19600.868581	19596.812356	19600.109076999997	19601.303	19602.663	1.0	1.0	1.0	1.0					
19605.698	7.394000000000233	trials	32.0	19609.753428999997	19610.931063	19612.689885	19613.156711	19608.811163	19611.632802999997			1.0	2.0	0.0	3.0					
19615.994	18.004000000000815	trials	32.0	19631.368602	19632.813924	19633.611274	19634.062135	19630.496854999998	19633.072234			1.0	1.0	0.0	3.0					
19635.889	12.368000000002212	trials	32.0	19643.512852	19645.419897	19646.460475	19646.841393	19642.754017	19645.835334	19647.208	19648.257	1.0	1.0	1.0	1.0					
19650.292	9.770000000000437	trials	32.0	19655.899967999998	19657.15528	19658.364165	19658.734259999997	19654.950832	19657.764621	19659.117	19660.062	1.0	1.0	1.0	1.0					
19662.143	7.838999999999942	trials	32.0	19667.173375	19668.732355999997	19669.669951999997	19670.00259	19666.264337999997	19669.095213999997			1.0	1.0	0.0	3.0					
19673.062	8.089999999996508	trials	32.0	19677.448042999997	19679.351598999998	19680.507617	19681.214746999998	19676.663924999997	19679.903655			1.0	2.0	0.0	3.0					
19684.788	8.563999999998487	trials	32.0	19689.274591999998	19690.997526	19691.987729999997	19692.443412999997	19688.715773999997	19691.424129			1.0	1.0	0.0	3.0					
19696.312	8.100999999998749	trials	32.0	19700.274808	19701.394705	19702.302421999997	19702.640091999998	19699.648713	19701.738199	19702.977	19704.413	1.0	1.0	1.0	1.0					
19707.482	8.235000000000582	trials	32.0	19712.233924	19713.910329	19714.856589	19715.779316999997	19711.278252	19714.333169999998			1.0	2.0	0.0	3.0					
19717.173	7.075000000000728	trials	32.0	19721.347964999997	19722.756330999997	19723.515955	19723.997229999997	19720.617005999997	19722.98449			1.0	1.0	0.0	3.0					
19725.853	50.27400000000125	trials	32.0	19771.284360999998	19773.200821	19774.162014999998	19774.461828	19770.685794999998	19773.603974999998	19774.797	19776.127	1.0	2.0	1.0	1.0					
19779.208	9.205000000001746	trials	32.0	19784.013667	19785.256738999997	19786.574711999998	19786.954461999998	19783.228314	19785.954745	19787.333	19788.413	1.0	2.0	1.0	1.0					
19790.502	8.1349999999984	trials	32.0	19795.40415	19796.635577999998	19797.269643	19797.445959999997	19794.452713	19796.63293			1.0		0.0	2.0					
19802.702	6.275999999998021	trials	32.0	19805.503599	19807.425690999997	19808.645148	19808.975487	19804.702596	19808.0638			1.0	2.0	0.0	3.0					
19811.983	8.784999999999854	trials	32.0	19815.914101	19817.205819	19818.628791	19818.966031	19815.231762	19818.052654	19819.387	19820.768	1.0	1.0	1.0	1.0					
19822.802	8.850999999998749	trials	32.0	19827.565721	19829.406238	19830.950187	19831.715936999997	19826.783571	19830.030252999997			1.0	2.0	0.0	3.0					
19835.272	6.14600000000064	trials	32.0	19838.694996	19839.874033999997	19840.676786999997	19841.190966	19837.842237999997	19840.157713999997			1.0	1.0	0.0	3.0					
19845.025	11.956999999998516	trials	32.0	19854.404335	19855.753479	19856.315506	19857.043969	19853.741603	19855.842825			1.0	2.0	0.0	3.0					
19858.641	30.33599999999933	trials	32.0	19885.819650999998	19887.236352	19888.120014	19889.041128999997	19885.063462	19887.638813999998			1.0	2.0	0.0	3.0					
19890.399	9.288000000000466	trials	32.0	19895.651058	19897.090046999998	19897.853994999998	19898.156510999997	19894.707283	19897.304163999997	19898.487	19899.687	1.0	1.0	1.0	1.0					
19902.712	10.279999999998836	trials	32.0	19909.018712999998	19910.38773	19911.209763	19911.477025	19908.058149999997	19910.684033999998	19911.897	19912.992	1.0	1.0	1.0	1.0					
19917.137	6.036000000000058	trials	32.0	19919.839482	19921.836162	19922.836807	19923.204071999997	19919.212128	19922.29311			1.0	2.0	0.0	3.0					
19927.172	5.905000000002474	trials	32.0	19929.370281	19931.318002	19932.363531	19933.143171	19928.823126	19931.803344			1.0	1.0	0.0	3.0					
19936.692	7.894000000000233	trials	32.0	19939.969318	19941.771016	19942.609532	19942.912788999998	19939.300904999996	19942.099381	19943.163	19944.586	1.0	1.0	1.0	1.0					
19946.636	12.191000000002532	trials	32.0	19955.666494999998	19957.676098	19958.341525	19958.890482	19954.762482	19957.760598999997			1.0	1.0	0.0	3.0					
19961.672	9.505000000001019	trials	32.0	19967.2143	19969.139245	19969.738338	19971.243711	19966.396729999997	19969.20826			1.0	1.0	0.0	3.0					
19973.013	18.614000000001397	trials	32.0	19987.459523999998	19988.543757	19989.453594	19989.843407999997	19986.820005999998	19988.855810999998			1.0	1.0	0.0	3.0					
19991.732	11.319999999999709	trials	32.0	19998.344481999997	20000.222918	20001.093298	20001.491983	19997.625569999997	20000.503676999997	20001.817	20003.052	1.0	1.0	1.0	1.0					
20005.072	10.43500000000131	trials	32.0	20011.450093	20012.671755	20013.568647999997	20013.926162999996	20010.60274	20013.051468999998	20014.212	20015.507	1.0	1.0	1.0	1.0					
20018.587	11.979999999999563	trials	32.0	20026.98508	20028.968280999998	20029.763421	20030.63061	20026.106947	20029.208126999998			1.0	1.0	0.0	3.0					
20033.058	14.43999999999869	trials	32.0	20044.30938	20045.396068	20047.086239999997	20047.56556	20043.764997	20046.066489999997			1.0	2.0	0.0	3.0					
20050.467	12.739999999997963	trials	32.0	20060.371309	20061.263306999997			20059.511490999997	20061.26023			1.0		0.0	2.0					
20067.277	41.02000000000044	trials	32.0	20104.170426999997	20105.502193	20106.451381	20106.488022999998	20103.571301999997	20105.825378999998	20107.167	20108.297	1.0	1.0	1.0	1.0					
20112.382	9.014999999999418	trials	32.0	20117.416254999996	20118.933654999997	20120.094966999997	20120.568261999997	20116.610064999997	20119.534115			1.0	1.0	0.0	3.0					
20122.478	11.16400000000067	trials	32.0	20129.175571	20130.877353999997	20131.727944	20132.128320999997	20128.464405	20131.2037	20132.367	20133.642	1.0	1.0	1.0	1.0					
20135.663	9.328999999997905	trials	32.0	20140.526976999998	20141.869236	20143.989081	20144.300529	20139.709153	20142.851466			1.0	2.0	1.0	1.0					
20148.532	10.084999999999127	trials	32.0	20154.986911	20156.28876	20158.034946	20158.682009999997	20154.053889	20156.768955			1.0	2.0	0.0	3.0					
20161.369	11.44300000000294	trials	32.0	20167.905666	20169.554274	20171.338524	20172.877372	20167.065615	20170.553395			1.0	2.0	0.0	3.0					
20174.612	18.325000000000728	trials	32.0	20188.290799	20190.118795	20190.934139999998	20191.311909	20187.290092	20190.410606999998	20191.757	20192.937	1.0	1.0	1.0	1.0					
20194.982	10.125	trials	32.0	20200.895373	20202.535159	20204.413177	20205.17312	20200.036602	20203.192275999998			1.0	2.0	0.0	3.0					
20207.79	6.791999999997643	trials	32.0	20210.942702999997	20212.464319	20213.752848999997	20214.649683	20210.431609	20213.111065999998			1.0	1.0	0.0	3.0					
20216.142	10.2599999999984	trials	32.0	20221.213250999997	20223.495971999997	20225.404432	20226.467049	20220.543286	20224.189993			1.0	2.0	0.0	3.0					
20228.728	14.834000000002561	trials	32.0	20238.686025	20239.993005999997	20240.804623	20243.629834	20237.792879999997	20240.284321			1.0	1.0	0.0	3.0					
20245.063	7.709000000002561	trials	32.0	20249.389305999997	20250.532923	20251.694120999997	20252.837906999997	20248.663383	20251.167276			1.0	2.0	0.0	3.0					
20255.012	31.04200000000128	trials	32.0	20282.716031	20284.047313			20281.717160999997	20284.037845			1.0		0.0	2.0					
20290.119	28.858000000000175	trials	32.0	20315.756280999998	20316.972974999997			20315.120240999997	20316.966929			1.0		0.0	2.0					
20323.027	39.625	trials	32.0	20358.99213	20360.645024999998	20361.289846	20362.72049	20358.252761999996	20360.725777			1.0	2.0	0.0	3.0					
20364.608	7.8290000000015425	trials	32.0	20369.051151	20370.428344	20371.149219	20372.502908	20368.370827	20370.644795			1.0	1.0	0.0	3.0					
20373.413	11.028999999998632	trials	32.0	20381.351443	20382.725069999997	20383.564045	20384.506556999997	20380.560036	20383.062533999997			1.0	2.0	0.0	3.0					
20387.943	20.544000000001688	trials	32.0	20404.306707999996	20406.222846999997	20406.924562	20408.555711999998	20403.795457	20406.379792			1.0	1.0	0.0	3.0					
20411.197	12.014999999999418	trials	32.0	20418.983289	20420.963432999997	20421.930553	20423.280885999997	20417.977061999998	20421.390026999998			1.0	1.0	0.0	3.0					
20426.248	8.419000000001688	trials	32.0	20431.858021	20433.135078	20434.308594	20434.735317	20430.884176	20433.724552			1.0	2.0	0.0	3.0					
20437.563	14.18500000000131	trials	32.0	20448.991971	20450.344932	20451.001451999997	20451.813205	20448.378578999997	20450.529897999997			1.0	1.0	0.0	3.0					
20455.381	32.770999999997	trials	32.0	20484.742134999997	20485.994061999998	20487.162261999998	20488.216677999997	20483.948728	20486.553830999997			1.0	1.0	0.0	3.0					
20489.452	43.68999999999869	trials	32.0	20529.497264999998	20531.148953999997			20528.614969	20531.144113			1.0		0.0	2.0					
20535.152	17.346000000001368	trials	32.0	20547.738319	20549.72973	20550.801722999997	20552.565336	20547.030543999997	20550.285866			1.0	2.0	0.0	3.0					
20553.072	26.110000000000582	trials	32.0	20574.297780999997	20576.220038	20577.013809999997	20577.362476	20573.653612	20576.511941999997	20577.687	20579.182	1.0	1.0	1.0	1.0					
20581.218	9.824000000000524	trials	32.0	20586.602031	20588.549346	20590.033902	20591.109661	20585.661127	20589.025139999998			1.0	2.0	0.0	3.0					
20592.402	9.880000000001019	trials	32.0	20597.878119999998	20599.045836999998	20600.186934999998	20602.351336	20597.17051	20599.583231999997			1.0	1.0	0.0	3.0					
20604.525	10.667999999997846	trials	32.0	20610.377929	20611.830581	20613.101738999998	20615.259367	20609.664318	20612.357562999998			1.0	2.0	0.0	3.0					
20617.486	22.42699999999968	trials	32.0	20635.209582	20636.879774999998	20637.882189999997	20638.188777	20634.529511999997	20637.293321999998	20638.597	20639.913	1.0	1.0	1.0	1.0					
20641.996	11.111000000000786	trials	32.0	20648.647735	20649.824085	20650.961984999998	20651.399188	20647.759972	20650.375642	20651.623	20653.107	1.0	1.0	1.0	1.0					
20656.165	11.481999999999971	trials	32.0	20663.063642999998	20664.705557999998	20665.498895999997	20665.883895	20662.121031	20664.863434	20666.092	20667.647	1.0	1.0	1.0	1.0					
20670.737	10.239999999997963	trials	32.0	20677.172799	20678.710152	20680.048104999998	20681.046500999997	20676.57447	20679.50058			1.0	1.0	0.0	3.0					
20684.392	6.720000000001164	trials	32.0	20687.0932	20689.034269	20690.443644	20691.177805	20686.147446	20689.892757999998			1.0	1.0	0.0	3.0					
20694.763	7.90400000000227	trials	32.0	20698.022999999997	20699.283726999998	20700.61207	20701.015337999997	20697.230657999997	20699.981568	20701.182	20702.667	1.0	1.0	1.0	1.0					
20704.689	8.273000000001048	trials	32.0	20709.267972999998	20711.058798	20711.952745	20713.030877999998	20708.612268999997	20711.418649			1.0	1.0	0.0	3.0					
20714.277	38.465000000000146	trials	32.0	20749.978133999997	20751.304974	20752.000581	20752.809037	20749.404538	20751.453140999998			1.0	1.0	0.0	3.0					
20755.312	10.704999999998108	trials	32.0	20762.584559	20763.805065999997	20765.467646999998	20766.084526	20761.771763999997	20764.366431			1.0	2.0	0.0	3.0					
20769.782	6.541000000001077	trials	32.0	20773.178837	20774.415706	20775.318244	20776.389374	20772.611559999998	20774.749026999998			1.0	1.0	0.0	3.0					
20778.634	12.468000000000757	trials	32.0	20786.748568	20788.092173999998	20789.270692	20789.506054999998	20785.826979999998	20788.576996	20789.907	20791.102	1.0	1.0	1.0	1.0					
20793.123	8.814000000002125	trials	32.0	20797.544563	20798.881788	20801.451793	20802.003396999997	20796.587367999997	20799.557600999997			1.0	2.0	0.0	3.0					
20803.703	12.023999999997613	trials	32.0	20811.633684	20812.837152999997	20813.647083999997	20814.079340999997	20810.984704	20813.116495	20814.232	20815.727	1.0	1.0	1.0	1.0					
20818.857	9.340000000000146	trials	32.0	20824.354182	20825.650197	20827.879852	20828.267645	20823.393539999997	20826.448479			1.0	2.0	0.0	3.0					
20832.207	8.150000000001455	trials	32.0	20836.119313	20837.230452999996	20838.316238	20838.693486999997	20835.189179999998	20837.691085	20838.902	20840.357	1.0	1.0	1.0	1.0					
20844.422	7.790000000000873	trials	32.0	20848.134087	20849.291678999998	20850.177624999997	20850.557331999997	20847.297968	20849.598801	20850.862	20852.212	1.0	1.0	1.0	1.0					
20855.292	9.5	trials	32.0	20860.324232	20862.081863	20862.720125	20863.175252999998	20859.604249999997	20862.041878999997	20863.327	20864.792	1.0	1.0	1.0	1.0					
20867.853	9.484000000000378	trials	32.0	20874.464399999997	20876.340748	20877.314135999997	20878.539255	20873.640599	20876.817123999997			1.0	1.0	0.0	3.0					
20880.652	284.2900000000009	BlockDesign														0.0	1159.0	1179.0	90.0	50.0
20880.652	12.930000000000291	trials	33.0	20890.159553999998	20892.220809	20893.171621999998	20893.650405	20889.653339999997	20892.673109			1.0	1.0	0.0	3.0					
20895.447	32.56999999999971	trials	33.0	20923.899067	20925.397804	20926.209487	20926.499451	20923.388370999997	20925.707078	20927.022	20928.017	1.0	1.0	1.0	1.0					
20931.056	7.195999999999913	trials	33.0	20933.849340999997	20935.371210999998	20936.214453999997	20936.594095	20933.224392999997	20935.666524999997	20936.882	20938.252	1.0	1.0	1.0	1.0					
20942.277	6.815000000002328	trials	33.0	20944.789965999997	20946.233225999997	20946.98466	20947.356927999997	20943.789361	20946.465425	20947.547	20949.092	1.0	1.0	1.0	1.0					
20951.179	11.722999999998137	trials	33.0	20958.155717999998	20959.993414999997	20960.928508999998	20961.311674999997	20957.301418	20960.379996999996	20961.583	20962.902	1.0	1.0	1.0	1.0					
20965.967	7.7150000000001455	trials	33.0	20970.519006	20971.799422999997	20972.610948999998	20973.749863999998	20969.550655	20972.087191			1.0	1.0	0.0	3.0					
20975.884	10.56300000000192	trials	33.0	20981.554213	20983.623416	20984.559956999998	20984.932602999997	20980.806583999998	20983.978625999996	20985.087	20986.447	1.0	1.0	1.0	1.0					
20990.467	5.9909999999981665	trials	33.0	20993.089956999997	20994.201459999997	20995.45853	20995.884093999997	20992.561507	20994.787863999998			1.0	1.0	1.0	1.0					
20999.977	12.330000000001746	trials	33.0	21007.495025999997	21009.162381	21010.234909	21010.615048	21006.867948	21009.62992	21010.852	21012.307	1.0	1.0	1.0	1.0					
21015.373	9.894000000000233	trials	33.0	21020.524768	21022.296756999996	21023.271331	21023.658776999997	21019.802379999997	21022.702580999998	21023.847	21025.267	1.0	1.0	1.0	1.0					
21027.288	9.699000000000524	trials	33.0	21032.300220999998	21034.06645	21034.92139	21035.34984	21031.466570999997	21034.356702999998	21035.597	21036.987	1.0	1.0	1.0	1.0					
21039.007	11.075999999997293	trials	33.0	21045.460305999997	21047.313248	21048.079028999997	21048.487019999997	21044.481777999998	21047.534374	21048.682	21050.083	1.0	1.0	1.0	1.0					
21052.163	9.528999999998632	trials	33.0	21057.274552	21058.932378999998	21059.678249999997	21060.125118	21056.323621	21059.058641999996	21060.467	21061.692	1.0	1.0	1.0	1.0					
21065.623	7.184000000001106	trials	33.0	21068.684809	21069.796902	21070.838878	21071.227542999997	21068.176324	21070.246500999998	21071.427	21072.807	1.0	1.0	1.0	1.0					
21076.824	6.663000000000466	trials	33.0	21079.349677	21080.703961	21081.477758999998	21081.908474	21078.671331999998	21080.693070999998	21082.227	21083.487	1.0	1.0	1.0	1.0					
21087.54	8.018000000000029	trials	33.0	21092.160666999996	21093.572848	21095.448516999997	21095.620218999997	21091.517613999997	21093.559502999997			1.0		0.0	2.0					
21097.522	21.68999999999869	trials	33.0	21115.844896	21117.341878	21118.146534	21118.590694	21114.855228	21117.694745999997			1.0	1.0	1.0	1.0					
21122.668	8.253999999997177	trials	33.0	21126.885254999997	21128.004666999997	21128.84382	21129.253227999998	21126.152637	21128.281623	21129.552	21130.922	1.0	1.0	1.0	1.0					
21135.008	6.413999999997031	trials	33.0	21136.880795999998	21138.438919	21139.240335	21139.683707999997	21135.154725999997	21138.440133999997	21139.992	21141.422	1.0	1.0	1.0	1.0					
21143.472	8.994999999998981	trials	33.0	21148.005600999997	21149.347816999998	21150.343686999997	21150.77146	21147.292767	21149.671359	21151.038	21152.467	1.0	1.0	1.0	1.0					
21154.487	10.454999999998108	trials	33.0	21160.310687999998	21161.987781999997	21162.776487	21163.428286	21159.791289999997	21162.210355	21163.458	21164.942	1.0	1.0	1.0	1.0					
21168.04	87.5119999999988	BlockDesign														0.0	1180.0	1184.0	50.0	0.0
21168.04	7.707999999998719	trials	34.0	21170.987283	21172.49241	21173.812003	21174.276596999996	21170.243817	21173.172738999998	21174.542	21175.748	2.0	1.0	1.0	1.0					
21177.772	14.890999999999622	trials	34.0	21188.300984999998	21190.057231	21190.731802	21191.159836	21187.433674	21190.145179	21191.267	21192.663	2.0	1.0	1.0	1.0					
21196.762	8.604999999999563	trials	34.0	21201.845362	21203.427810999998			21200.98751	21203.423553999997			2.0		0.0	2.0					
21207.448	15.174999999999272	trials	34.0	21219.810357	21221.123446999998	21221.909569	21222.692607999998	21219.218489	21221.373444999997			2.0	1.0	0.0	3.0					
21224.232	31.31999999999971	trials	34.0	21251.886076	21253.548351999998			21250.982361	21253.535395			2.0		0.0	2.0					
