onset	duration	nwb_table	block	tone_on_time	tone_off_time	action_on_time	action_off_time	pokeC_on_time	pokeC_off_time	reward_on_time	reward_off_time	state	action	reward	result	FinishedBlock	FirstTrial	LastTrial	RewardRule_L	RewardRule_R
3.753	615.005	BlockDesign														1.0	1.0	29.0	50.0	0.0
3.753	11.709999999999999	trials	1.0	11.759262	13.320981999999999	13.82011	14.03521	11.068278	13.418543999999999	14.608	15.463	2.0	1.0	1.0	1.0					
19.483	9.02	trials	1.0	26.279545	27.440541	28.139046999999998	28.478005	25.7347	27.783699			2.0	1.0	0.0	3.0					
30.513	19.115	trials	1.0	45.959269	47.620143999999996			45.300357999999996	47.610468			2.0		0.0	2.0					
52.658	16.409999999999997	trials	1.0	65.75913	67.5504	68.71262100000001	68.931363	64.987402	68.15560299999999			2.0	2.0	0.0	3.0					
73.078	30.545	trials	1.0	100.379245	102.00557799999999	103.211703	103.51600199999999	99.798453	102.775444			2.0	1.0	0.0	3.0					
106.635	14.992999999999995	trials	1.0	119.40476699999999	120.48156399999999	121.25951799999999	121.60050999999999	118.83988299999999	120.913599			2.0	1.0	0.0	3.0					
123.704	18.423999999999992	trials	1.0	138.344185	139.630954	140.412149	140.65673800000002	137.369047	140.042023	141.173	142.128	2.0	1.0	1.0	1.0					
144.219	12.194000000000017	trials	1.0	153.57480900000002	154.79823100000002	156.003681	156.343813	152.669659	155.39787			2.0	2.0	0.0	3.0					
160.423	7.2549999999999955	trials	1.0	164.429327	165.451414	167.30438800000002	167.55666	163.836837	166.74373500000002			2.0	2.0	0.0	3.0					
170.733	22.539999999999992	trials	1.0	190.344718	192.14056	192.866274	193.09968600000002	189.636237	192.481923			2.0	1.0	0.0	3.0					
195.352	17.206999999999994	trials	1.0	208.36991700000002	209.87213400000002	210.747396	211.039252	207.487732	210.404077	211.453	212.559	2.0	1.0	1.0	1.0					
214.688	21.325000000000017	trials	1.0	233.744865	235.00614000000002	235.672922	235.88308800000001	232.945089	235.344335			2.0	1.0	0.0	3.0					
239.078	20.816000000000003	trials	1.0	254.429732	255.709323	256.482866	256.731855	253.484283	256.118497			2.0	1.0	0.0	3.0					
260.908	21.190999999999974	trials	1.0	278.754847	280.316834	281.73677599999996	281.967669	277.809661	281.358384			2.0	1.0	0.0	3.0					
284.105	63.13799999999998	trials	1.0	342.709996	344.776656	345.446059	345.704434	341.813386	345.041206	346.168	347.243	2.0	1.0	1.0	1.0					
349.263	11.215000000000032	trials	1.0	355.42639299999996	357.317046	358.50999299999995	358.710205	354.51228399999997	357.961096	359.203	360.478	2.0	1.0	1.0	1.0					
362.514	7.728999999999985	trials	1.0	366.311758	368.085562	369.876066	370.119067	365.78621599999997	369.44730799999996			2.0	1.0	0.0	3.0					
373.283	16.863999999999976	trials	1.0	385.545012	386.59158099999996	389.654247	390.093031	384.76038	387.66696099999996			2.0	2.0	0.0	3.0					
392.144	24.79000000000002	trials	1.0	413.78043399999996	415.33743799999996	416.56102899999996	416.814695	413.262336	416.12911499999996			2.0	1.0	0.0	3.0					
421.013	17.735000000000014	trials	1.0	435.565659	436.69708499999996	438.39372	438.72580999999997	434.81832699999995	437.85085599999996			2.0	2.0	0.0	3.0					
442.798	12.721000000000004	trials	1.0	451.85576199999997	453.181725	453.84846699999997	454.074169	450.95973899999996	453.49405299999995	454.43	455.519	2.0	1.0	1.0	1.0					
457.609	18.54400000000004	trials	1.0	472.02171999999996	473.67202399999996	474.402714	474.635118	471.047671	474.002821	475.153	476.153	2.0	1.0	1.0	1.0					
478.198	29.370000000000005	trials	1.0	504.062074	505.556522			503.192508	505.549537			2.0		0.0	2.0					
510.648	16.629999999999995	trials	1.0	524.905638	526.126982	526.925724	527.169567	524.034976	526.5424439999999			2.0	1.0	0.0	3.0					
530.359	18.38900000000001	trials	1.0	545.800261	547.56708	548.327779	548.687836	544.803142	547.791568			2.0	2.0	0.0	3.0					
550.753	12.589999999999918	trials	1.0	558.890128	560.155011	561.514881	561.824485	558.3774549999999	561.106842	562.269	563.343	2.0	1.0	1.0	1.0					
567.363	12.899999999999977	trials	1.0	577.410606	578.641621	579.8553459999999	580.115554	576.863101	579.435757			2.0	1.0	0.0	3.0					
582.273	18.36500000000001	trials	1.0	596.940919	598.343197	599.07523	599.2781739999999	596.427027	598.663848	599.718	600.638	2.0	1.0	1.0	1.0					
602.728	16.030000000000086	trials	1.0	615.981013	617.247341	618.382069	618.757876	615.0744189999999	617.966095			2.0	1.0	0.0	3.0					
622.978	461.31000000000006	BlockDesign														1.0	30.0	49.0	0.0	50.0
622.978	21.470000000000027	trials	2.0	641.6609129999999	643.22295	644.02024	644.278183	640.756651	643.455525			3.0	2.0	0.0	3.0					
646.53	17.148000000000025	trials	2.0	659.3210789999999	660.824349	662.052178	662.28187	658.656421	661.510192	662.833	663.678	3.0	2.0	1.0	1.0					
666.732	16.826999999999998	trials	2.0	680.535684	682.322461	683.149459	683.358023	680.0152919999999	682.630558			3.0	2.0	0.0	3.0					
685.592	18.888000000000034	trials	2.0	699.522126	701.516952	702.837099	703.046336	698.965996	702.312553	703.613	704.48	3.0	2.0	1.0	1.0					
706.458	14.805000000000064	trials	2.0	718.316155	719.7476439999999	720.841417	721.055238	717.7236869999999	720.318231			3.0	2.0	0.0	3.0					
725.313	16.286000000000058	trials	2.0	737.000807	738.467685	739.2656969999999	739.595596	736.041911	738.771861			3.0	2.0	0.0	3.0					
741.644	55.44399999999996	trials	2.0	793.1875229999999	794.723079	795.513005	795.740183	792.2579519999999	794.9835419999999	741.803	797.088	3.0	2.0	1.0	1.0					
800.139	15.634000000000015	trials	2.0	811.35633	812.56786	814.005758	814.247218	810.8374769999999	813.5041659999999	814.738	815.773	3.0	2.0	1.0	1.0					
819.858	31.375	trials	2.0	847.166055	849.057915	849.4996209999999	849.715617	846.33489	848.966578	838.381	851.233	3.0	2.0	1.0	1.0					
854.248	6.2450000000000045	trials	2.0	857.687836	859.1638839999999	859.905521	860.4926009999999	857.1591999999999	859.380121			3.0	2.0	0.0	3.0					
862.315	34.51299999999992	trials	2.0	894.0509999999999	895.538993	896.33329	896.763686	893.449651	895.7843849999999			3.0	2.0	0.0	3.0					
898.768	13.860000000000014	trials	2.0	908.187601	910.082665	910.806146	911.0984109999999	907.385939	910.265843	911.593	912.628	3.0	2.0	1.0	1.0					
914.668	16.640999999999963	trials	2.0	928.5810749999999	929.69674	930.9002849999999	931.167709	928.040068	930.3463029999999			3.0	2.0	0.0	3.0					
934.318	14.414999999999964	trials	2.0	944.385996	946.0777019999999	947.102157	947.362362	943.42587	946.5823359999999	947.849	948.733	3.0	2.0	1.0	1.0					
952.783	10.775999999999954	trials	2.0	960.166117	961.959042	963.193542	963.454105	959.584389	962.751709			3.0	1.0	0.0	3.0					
965.568	18.840000000000032	trials	2.0	980.107578	981.327922	982.648827	982.9133429999999	979.496891	982.13691	983.418	984.408	3.0	2.0	1.0	1.0					
988.438	12.615000000000009	trials	2.0	997.957861	999.56528	1000.6425849999999	1000.906947	997.22404	1000.145371			3.0	2.0	0.0	3.0					
1003.132	16.60600000000011	trials	2.0	1014.890974	1016.596294	1017.981642	1018.247769	1014.075202	1017.477834	1018.633	1019.738	3.0	2.0	1.0	1.0					
1021.754	14.889999999999986	trials	2.0	1032.577469	1033.743492	1034.885015	1035.247425	1031.6557440000001	1034.387901	1035.843	1036.644	3.0	2.0	1.0	1.0					
1039.729	44.55899999999997	trials	2.0	1081.996603	1083.264052	1084.1718580000002	1084.565548	1081.3713870000001	1083.604387			3.0	2.0	0.0	3.0					
1086.604	981.9840000000002	BlockDesign														1.0	50.0	91.0	50.0	50.0
1086.604	17.713999999999942	trials	3.0	1101.136209	1103.1658200000002	1103.901603	1104.258129	1100.140329	1103.446105			3.0	1.0	0.0	3.0					
1107.328	22.90000000000009	trials	3.0	1125.398271	1126.58435	1127.269632	1127.443197	1124.561983	1126.9222710000001	1127.938	1130.228	2.0	1.0	1.0	1.0					
1134.318	20.03099999999995	trials	3.0	1152.0915100000002	1153.228972	1153.9322140000002	1154.287548	1151.401908	1153.5354300000001			2.0	1.0	0.0	3.0					
1156.432	29.080999999999904	trials	3.0	1180.2214390000001	1181.928568	1185.089512	1185.514672	1179.430458	1181.921587			2.0		0.0	2.0					
1186.967	16.506999999999834	trials	3.0	1199.581652	1201.203854	1202.3879610000001	1202.776027	1198.968057	1201.867627			3.0	2.0	0.0	3.0					
1204.773	16.25	trials	3.0	1216.426684	1218.163575	1219.148185	1219.492531	1215.785859	1218.6219760000001	1219.828	1221.023	3.0	2.0	1.0	1.0					
1224.109	18.59900000000016	trials	3.0	1240.041885	1241.296663	1242.302652	1242.557544	1239.124333	1241.9249260000001			2.0	1.0	0.0	3.0					
1246.79	18.187000000000126	trials	3.0	1261.8269520000001	1263.768753	1264.562922	1264.834164	1261.1487180000001	1264.0707690000002			3.0	2.0	0.0	3.0					
1268.061	45.11200000000008	trials	3.0	1308.7734460000001	1310.418247	1311.4412790000001	1311.675118	1307.868983	1310.894458	1312.043	1313.173	3.0	2.0	1.0	1.0					
1315.327	48.715999999999894	trials	3.0	1358.8582410000001	1360.712256	1361.488957	1361.983393	1358.336158	1360.9698850000002			3.0	2.0	0.0	3.0					
1365.924	15.424999999999955	trials	3.0	1376.692428	1378.244553	1379.6175540000002	1379.8733650000001	1376.102599	1379.1986020000002	1380.333	1381.349	2.0	1.0	1.0	1.0					
1384.383	17.00499999999988	trials	3.0	1398.297058	1399.521937	1401.0497910000001	1401.352263	1397.752455	1400.634457			2.0	1.0	0.0	3.0					
1404.438	16.330999999999904	trials	3.0	1416.0469440000002	1417.91623	1419.013756	1419.259143	1415.402207	1418.487802	1419.703	1420.769	3.0	2.0	1.0	1.0					
1422.894	17.682999999999993	trials	3.0	1436.75212	1437.780553	1438.859428	1439.101384	1435.8062670000002	1438.3834390000002	1439.599	1440.577	2.0	1.0	1.0	1.0					
1444.639	11.778999999999996	trials	3.0	1452.4572030000002	1453.754239	1456.061052	1456.285842	1451.746611	1455.59921			3.0	1.0	0.0	3.0					
1458.438	31.33499999999981	trials	3.0	1487.354076	1488.619459	1489.4343250000002	1489.693972	1486.6792810000002	1489.0707160000002			2.0	1.0	0.0	3.0					
1492.783	55.77200000000016	trials	3.0	1545.842231	1547.4789070000002	1548.076651	1548.555699	1545.034963	1547.5633870000001			3.0	2.0	0.0	3.0					
1551.435	24.888000000000147	trials	3.0	1571.172331	1572.6842230000002	1574.368969	1574.5749990000002	1570.515306	1573.9747590000002	1575.108	1576.323	2.0	1.0	1.0	1.0					
1578.408	16.38000000000011	trials	3.0	1592.028054	1593.589171	1594.3826880000001	1594.598962	1591.133307	1594.0182240000001			2.0	1.0	0.0	3.0					
1597.842	27.176999999999907	trials	3.0	1620.882918	1622.4844420000002	1623.128519	1623.319459	1619.919591	1622.679137	1623.778	1625.019	3.0	2.0	1.0	1.0					
1627.112	10.475999999999885	trials	3.0	1632.762658	1634.749614	1635.656029	1635.887572	1631.8168480000002	1635.2427240000002	1636.384	1637.588	2.0	1.0	1.0	1.0					
1641.608	16.62000000000012	trials	3.0	1653.198043	1655.0902030000002	1656.1629850000002	1656.4039930000001	1652.4877840000001	1655.618615	1656.913	1658.228	3.0	2.0	1.0	1.0					
1660.253	10.769999999999982	trials	3.0	1667.9979270000001	1669.596403	1670.681835	1671.0016480000002	1667.360308	1670.113031			3.0	2.0	0.0	3.0					
1675.033	11.27000000000021	trials	3.0	1683.717742	1684.9448790000001	1685.943475	1686.176713	1682.9183620000001	1685.4831120000001			2.0	1.0	0.0	3.0					
1688.382	29.136999999999944	trials	3.0	1713.0782020000001	1714.901511	1715.7358120000001	1716.027172	1712.506126	1715.3038390000002	1716.553	1717.519	2.0	1.0	1.0	1.0					
1719.588	15.674999999999955	trials	3.0	1731.097786	1732.6415920000002	1733.5149450000001	1733.750907	1730.2141530000001	1733.002095	1734.158	1735.263	3.0	2.0	1.0	1.0					
1738.424	8.07899999999995	trials	3.0	1742.217787	1743.642205	1744.685349	1744.891306	1741.506769	1744.2488070000002	1745.293	1746.503	2.0	1.0	1.0	1.0					
1748.593	7.480000000000018	trials	3.0	1753.3584910000002	1754.4743890000002	1755.667152	1756.065967	1752.825315	1755.2609380000001			2.0	1.0	0.0	3.0					
1760.08	16.64300000000003	trials	3.0	1773.5382510000002	1775.4085260000002	1776.3024400000002	1776.7165360000001	1772.8308220000001	1775.764044			3.0	2.0	0.0	3.0					
1779.658	17.045000000000073	trials	3.0	1793.6331300000002	1795.2693310000002	1796.371087	1796.62624	1793.0958910000002	1795.956464			2.0	1.0	0.0	3.0					
1799.759	18.354000000000042	trials	3.0	1813.243234	1814.949681	1816.1952190000002	1816.444837	1812.653395	1815.664606	1816.958	1818.113	3.0	2.0	1.0	1.0					
1822.003	11.860000000000127	trials	3.0	1830.748473	1832.109975	1833.513261	1833.7626030000001	1829.79745	1832.963074			3.0	2.0	0.0	3.0					
1835.87	30.43300000000022	trials	3.0	1862.293365	1863.486223	1864.4167	1864.624624	1861.33222	1863.874473	1839.953	1866.303	3.0	2.0	1.0	1.0					
1868.279	17.753999999999905	trials	3.0	1883.453635	1884.5196930000002	1885.5229780000002	1886.0348490000001	1882.7707500000001	1884.986578			3.0	2.0	0.0	3.0					
1887.934	20.085000000000036	trials	3.0	1903.539786	1905.050089	1906.061609	1906.289389	1902.672172	1905.62391	1906.894	1908.019	2.0	1.0	1.0	1.0					
1912.038	12.86999999999989	trials	3.0	1921.5178950000002	1922.820202	1924.49152	1924.903336	1920.530533	1923.921366			3.0	2.0	0.0	3.0					
1927.859	36.31400000000008	trials	3.0	1960.0836100000001	1961.4807250000001	1962.412855	1962.627958	1959.461463	1961.9171370000001	1963.388	1964.173	3.0	2.0	1.0	1.0					
1968.26	36.7829999999999	trials	3.0	2000.9487960000001	2002.2349060000001	2003.292652	2003.5376250000002	2000.26251	2002.958241	2003.948	2005.043	2.0	1.0	1.0	1.0					
2008.144	13.778999999999996	trials	3.0	2019.333832	2020.785286	2021.525134	2021.821498	2018.3575930000002	2021.131992			2.0	1.0	0.0	3.0					
2024.968	14.164999999999964	trials	3.0	2036.5080810000002	2037.845421	2038.800118	2039.1015180000002	2035.5204270000002	2038.415394			2.0	1.0	0.0	3.0					
2041.144	14.040000000000191	trials	3.0	2052.400198	2053.944805	2054.791171	2055.141217	2051.493582	2054.2236399999997			3.0	2.0	0.0	3.0					
2057.257	11.331000000000131	trials	3.0	2065.574389	2067.294622	2068.337278	2068.589617	2064.7312199999997	2067.976354			2.0	1.0	0.0	3.0					
2071.843	86.51000000000022	BlockDesign														1.0	92.0	96.0	0.0	0.0
2071.843	12.669000000000324	trials	4.0	2081.605714	2083.215351	2084.090185	2084.33716	2080.9186769999997	2083.703661			2.0	1.0	0.0	3.0					
2088.593	10.829999999999927	trials	4.0	2096.638506	2098.24795	2099.000845	2099.224435	2095.788303	2098.5969489999998			2.0	1.0	0.0	3.0					
2103.435	20.557999999999993	trials	4.0	2121.61931	2122.875952	2123.567043	2123.9431769999997	2120.853879	2123.1330639999996			2.0	1.0	0.0	3.0					
2127.999	11.903999999999996	trials	4.0	2137.048769	2138.881246	2139.481312	2139.8864129999997	2136.514615	2139.143509			2.0	1.0	0.0	3.0					
2143.987	14.365999999999985	trials	4.0	2155.2689	2157.210677	2158.078518	2158.356136	2154.678282	2157.643426			2.0	1.0	0.0	3.0					
2162.613	119.56500000000005	BlockDesign														1.0	97.0	101.0	0.0	0.0
2162.613	27.196000000000367	trials	5.0	2186.013826	2187.225403	2188.597432	2188.834793	2185.372241	2188.058818			3.0	2.0	0.0	3.0					
2193.048	26.051000000000386	trials	5.0	2215.8597339999997	2216.8964339999998	2218.5144069999997	2219.1042629999997	2215.202082	2217.998043			3.0	2.0	0.0	3.0					
2221.939	11.745000000000346	trials	5.0	2230.054173	2231.9558429999997	2233.2068919999997	2233.686036	2229.532456	2232.5126649999997			3.0	2.0	0.0	3.0					
2236.559	18.90899999999965	trials	5.0	2252.6057379999997	2253.741399	2254.954033	2255.4708299999998	2251.649697	2254.408489			3.0	2.0	0.0	3.0					
2259.342	22.835999999999785	trials	5.0	2280.084417	2281.1810339999997	2282.057741	2282.672857	2279.4153389999997	2281.512163			3.0	2.0	0.0	3.0					
2286.428	1316.6	BlockDesign														1.0	102.0	148.0	50.0	50.0
2286.428	18.296000000000276	trials	6.0	2299.894385	2301.760902	2302.9909319999997	2303.200479	2299.278798	2302.594041	2303.684	2304.724	2.0	1.0	1.0	1.0					
2307.743	19.121000000000095	trials	6.0	2324.5895699999996	2325.7514859999997	2326.422624	2326.8556449999996	2323.6617929999998	2326.0399589999997			2.0	1.0	0.0	3.0					
2328.783	20.945000000000164	trials	6.0	2345.759329	2346.8876099999998	2347.825839	2348.115221	2344.952088	2347.3093479999998	2348.543	2349.728	3.0	2.0	1.0	1.0					
2352.753	16.43100000000004	trials	6.0	2366.620129	2367.76044	2368.699748	2369.185489	2365.904925	2368.1101479999998			3.0	2.0	0.0	3.0					
2372.092	11.585999999999785	trials	6.0	2380.094487	2381.770872	2382.572464	2382.8523969999997	2379.3461789999997	2382.061432			3.0	2.0	1.0	1.0					
2386.158	17.22499999999991	trials	6.0	2400.6842819999997	2402.1317639999997	2402.875735	2403.3875169999997	2399.924778	2402.3319389999997			3.0	2.0	0.0	3.0					
2407.233	8.809999999999945	trials	6.0	2413.299784	2414.991784	2415.703281	2415.9518249999996	2412.645802	2415.302899			2.0	1.0	0.0	3.0					
2418.053	17.671000000000276	trials	6.0	2431.580167	2433.2690279999997	2434.019746	2434.265464	2431.030361	2433.607442	2434.684	2435.724	2.0	1.0	1.0	1.0					
2437.743	20.710000000000036	trials	6.0	2454.7953949999996	2456.7421719999998	2457.570703	2457.8042219999998	2454.025803	2457.01206			3.0	2.0	0.0	3.0					
2459.987	18.490999999999985	trials	6.0	2474.135092	2475.985633	2476.753717	2476.949421	2473.379905	2476.330887	2477.483	2478.478	2.0	1.0	1.0	1.0					
2482.519	19.028999999999996	trials	6.0	2497.415029	2498.86821	2499.75405	2500.032921	2496.498771	2499.169918	2500.423	2501.548	3.0	2.0	1.0	1.0					
2504.636	24.016999999999825	trials	6.0	2525.095049	2526.4471839999997	2526.881053	2527.107864	2524.143811	2526.490784			2.0	1.0	0.0	3.0					
2530.243	20.184999999999945	trials	6.0	2547.5056799999998	2549.3805869999997	2550.0230159999996	2550.318759	2546.7138879999998	2549.61625			2.0	1.0	0.0	3.0					
2552.505	16.353000000000065	trials	6.0	2565.1353999999997	2566.186702	2566.949839	2567.289268	2564.610881	2566.6063409999997	2567.668	2568.858	2.0	1.0	1.0	1.0					
2571.878	65.25999999999976	trials	6.0	2633.0356859999997	2634.591028	2635.3724429999997	2635.652158	2632.140734	2634.8326389999997	2636.063	2637.138	3.0	2.0	1.0	1.0					
2641.158	29.045000000000073	trials	6.0	2667.111394	2668.79247	2669.7136929999997	2670.206092	2666.5239779999997	2669.149764			3.0	2.0	0.0	3.0					
2674.109	14.72900000000027	trials	6.0	2685.5359869999997	2686.687438	2687.2226229999997	2687.649903	2684.5313309999997	2686.683954			3.0		0.0	2.0					
2691.914	119.39499999999998	trials	6.0	2807.036438	2808.547804	2809.4315159999996	2809.708552	2806.0995009999997	2809.003799	2798.019	2811.309	2.0	1.0	1.0	1.0					
2813.398	15.795000000000073	trials	6.0	2825.486394	2827.4726499999997	2828.8448009999997	2829.0985269999996	2824.5374469999997	2828.231295			3.0	1.0	0.0	3.0					
2833.203	31.72699999999986	trials	6.0	2861.64562	2863.495329	2864.5058099999997	2864.914089	2860.6799109999997	2863.89327			3.0	2.0	0.0	3.0					
2866.858	40.85500000000002	trials	6.0	2903.376463	2904.8975339999997	2905.827013	2906.101162	2902.4234069999998	2905.35472	2906.684	2907.713	2.0	1.0	1.0	1.0					
2910.778	17.407000000000153	trials	6.0	2925.801668	2926.977826	2927.727402	2928.147009	2924.9536749999997	2927.3210639999998			2.0	1.0	0.0	3.0					
2930.144	42.74400000000014	trials	6.0	2968.6816479999998	2970.2679909999997	2971.145606	2971.40458	2967.89993	2970.554364	2971.838	2972.888	3.0	2.0	1.0	1.0					
2975.908	9.295000000000073	trials	6.0	2982.1669269999998	2983.813014	2984.579553	2985.21027	2981.538949	2984.1661019999997			2.0	1.0	0.0	3.0					
2987.033	22.825000000000273	trials	6.0	3006.466801	3007.7799029999996	3008.3323499999997	3008.662074	3005.6479959999997	3007.775866			3.0		0.0	2.0					
3011.933	21.3449999999998	trials	6.0	3030.261436	3031.636561	3032.878549	3033.155101	3029.521519	3032.413974			2.0	1.0	0.0	3.0					
3037.288	17.545000000000073	trials	6.0	3050.7470639999997	3052.008401	3053.026876	3053.294253	3049.8985829999997	3052.60819	3053.923	3054.833	2.0	1.0	1.0	1.0					
3058.853	11.230000000000018	trials	6.0	3067.4025810000003	3068.8307000000004	3069.728786	3070.1813	3066.6578200000004	3069.128024			3.0	2.0	0.0	3.0					
3073.019	17.41500000000042	trials	6.0	3086.663026	3087.8507390000004	3088.616441	3088.853817	3085.7721680000004	3088.076742	3089.178	3090.434	3.0	2.0	1.0	1.0					
3093.488	7.245000000000346	trials	6.0	3098.13293	3099.6649460000003	3100.3803970000004	3100.8323920000003	3097.4176960000004	3099.990964			2.0	1.0	0.0	3.0					
3103.673	21.02500000000009	trials	6.0	3121.824524	3122.9599080000003	3123.880998	3124.30303	3121.0475020000003	3123.2969350000003			2.0	2.0	0.0	3.0					
3126.173	57.426000000000386	trials	6.0	3180.123344	3181.6102090000004	3182.125687	3182.5363840000005	3179.161145	3181.5992180000003			3.0		0.0	2.0					
3185.628	50.86499999999978	trials	6.0	3234.0791700000004	3235.234471	3236.0607250000003	3236.5923500000004	3233.1398480000003	3235.4698270000004			3.0	2.0	0.0	3.0					
3239.408	44.070000000000164	trials	6.0	3280.458919	3282.15605	3282.829231	3283.5754190000002	3279.7150730000003	3282.496485			2.0	1.0	0.0	3.0					
3286.218	23.220000000000255	trials	6.0	3305.0723500000004	3306.323432	3307.740431	3308.086459	3304.2301220000004	3307.144733	3308.394	3309.438	3.0	2.0	1.0	1.0					
3313.594	12.134000000000015	trials	6.0	3319.733239	3321.4102420000004	3323.9173880000003	3324.2175260000004	3318.7699070000003	3322.795175	3324.633	3325.728	3.0	2.0	1.0	1.0					
3329.78	17.201000000000022	trials	6.0	3343.8136780000004	3345.4786400000003	3346.5974180000003	3347.0443760000003	3343.206509	3345.9959700000004			3.0	2.0	0.0	3.0					
3348.979	29.464000000000397	trials	6.0	3374.169116	3376.015538	3376.83415	3377.0620240000003	3373.5600350000004	3376.452263	3377.503	3378.443	2.0	1.0	1.0	1.0					
3381.503	8.984999999999673	trials	6.0	3387.06374	3388.340614	3389.538407	3389.7643930000004	3386.4716510000003	3389.1186850000004			2.0	1.0	0.0	3.0					
3391.918	25.199999999999818	trials	6.0	3413.9691380000004	3415.6660340000003	3416.661677	3417.215642	3413.15999	3416.1098810000003			2.0	2.0	0.0	3.0					
3419.905	21.33299999999963	trials	6.0	3436.9507270000004	3438.9726320000004	3439.5797540000003	3439.8540430000003	3436.411985	3439.0307390000003	3440.102	3441.238	3.0	2.0	1.0	1.0					
3443.258	47.68000000000029	trials	6.0	3488.0539700000004	3489.962191	3490.549993	3490.978124	3487.09306	3489.9672170000003			2.0	2.0	0.0	3.0					
3494.908	15.555000000000291	trials	6.0	3507.0934720000005	3508.545865	3509.0480430000002	3509.4439380000003	3506.247155	3508.533964			3.0		0.0	2.0					
3514.474	12.81899999999996	trials	6.0	3523.959893	3525.6263420000005	3527.045395	3527.2966220000003	3523.3381090000003	3526.5256820000004			2.0	1.0	0.0	3.0					
3530.328	39.590000000000146	trials	6.0	3565.3296010000004	3567.221128	3568.0017780000003	3568.2225040000003	3564.789616	3567.5965330000004	3568.793	3569.918	2.0	1.0	1.0	1.0					
3573.047	9.68100000000004	trials	6.0	3580.0758170000004	3581.411308	3582.178307	3582.8292410000004	3579.3322040000003	3581.626442			3.0	2.0	0.0	3.0					
3584.453	18.574999999999818	trials	6.0	3598.944002	3600.782153	3601.298552	3601.5277060000003	3598.1184140000005	3600.750676	3602.033	3603.028	3.0	2.0	1.0	1.0					
3606.198	673.605	BlockDesign														1.0	149.0	181.0	50.0	10.0
3606.198	13.472000000000207	trials	7.0	3615.6543410000004	3616.926453	3619.333826	3619.7305570000003	3614.799934	3618.753146			1.0	2.0	0.0	3.0					
3621.608	7.589999999999691	trials	7.0	3625.264381	3626.281002			3624.41042	3626.2780900000002			1.0		0.0	2.0					
3630.288	29.68600000000015	trials	7.0	3657.0422420000004	3658.6979340000003	3659.645077	3659.9118620000004	3656.4416760000004	3659.215915			1.0	1.0	0.0	3.0					
3664.053	19.965999999999894	trials	7.0	3681.0446620000002	3682.7619910000003	3683.71779	3684.1150310000003	3680.4470810000003	3683.152967			1.0	2.0	0.0	3.0					
3687.014	9.811999999999898	trials	7.0	3693.809423	3695.5485690000005	3696.538684	3696.740608	3692.8512470000005	3696.0600440000003			1.0	1.0	0.0	3.0					
3698.893	18.980000000000018	trials	7.0	3713.0245990000003	3714.972866	3716.2504580000004	3716.540092	3712.266638	3715.6632230000005	3717.043	3717.873	1.0	2.0	1.0	1.0					
3719.935	12.708999999999833	trials	7.0	3729.542037	3731.542253	3732.1901930000004	3732.741277	3728.7005770000005	3731.6517660000004			1.0	2.0	0.0	3.0					
3735.587	12.396000000000186	trials	7.0	3743.385638	3744.936592	3746.2278850000002	3746.5359820000003	3742.811017	3745.3885910000004	3746.809	3747.983	1.0	2.0	1.0	1.0					
3750.068	8.25	trials	7.0	3754.834995	3756.180397	3757.4061760000004	3757.7843900000003	3753.9194220000004	3756.843887			1.0	2.0	0.0	3.0					
3759.659	23.598999999999705	trials	7.0	3780.279817	3781.911038	3782.742295	3783.03186	3779.3994260000004	3782.224732			1.0	2.0	0.0	3.0					
3787.123	32.202999999999975	trials	7.0	3816.5802710000003	3818.116546	3818.991949	3819.258842	3815.677642	3818.4521600000003			1.0	2.0	0.0	3.0					
3823.398	12.829999999999927	trials	7.0	3833.399648	3835.030885	3835.90781	3836.256574	3832.511407	3835.385967			1.0	2.0	0.0	3.0					
3838.163	13.690999999999804	trials	7.0	3849.1217880000004	3850.3805330000005	3851.5002470000004	3851.9517320000004	3848.5782340000005	3850.988111			1.0	2.0	0.0	3.0					
3853.87	27.403000000000247	trials	7.0	3878.445791	3880.091863	3881.023649	3881.359934	3877.574825	3880.4483170000003			1.0	2.0	0.0	3.0					
3885.313	10.33999999999969	trials	7.0	3892.274956	3893.6190730000003	3894.662988	3894.8798540000003	3891.512975	3894.2484510000004			1.0	1.0	1.0	1.0					
3899.238	18.175000000000182	trials	7.0	3914.880811	3916.177016	3917.095999	3917.35834	3914.1782860000003	3916.6859040000004			1.0	1.0	0.0	3.0					
3921.488	12.990000000000236	trials	7.0	3930.360113	3931.8821740000003	3932.6782580000004	3932.923067	3929.529985	3932.28107	3933.358	3934.478	1.0	1.0	1.0	1.0					
3936.56	31.503000000000156	trials	7.0	3963.590725	3964.856377	3966.454463	3966.658322	3962.9971010000004	3966.057818	3966.982	3968.063	1.0	1.0	1.0	1.0					
3971.118	14.349999999999909	trials	7.0	3982.8469640000003	3984.242854	3985.160749	3985.437859	3982.3056560000005	3984.766646			1.0	1.0	0.0	3.0					
3989.503	14.21499999999969	trials	7.0	4001.014415	4002.4567640000005	4003.4137370000003	4003.665761	4000.281508	4003.0143470000003			1.0	1.0	0.0	3.0					
4006.793	16.654999999999745	trials	7.0	4019.622032	4021.111913	4021.948592	4022.139086	4018.628318	4021.5628580000002	4022.559	4023.448	1.0	1.0	1.0	1.0					
4025.528	14.995000000000346	trials	7.0	4036.2874100000004	4037.757575	4038.993719	4039.214354	4035.6563410000003	4038.588642	4039.698	4040.523	1.0	1.0	1.0	1.0					
4043.603	7.315000000000055	trials	7.0	4048.1954180000002	4049.905658	4050.606873	4050.859409	4047.378833	4050.209389			1.0	1.0	0.0	3.0					
4054.954	10.648999999999887	trials	7.0	4062.860426	4064.7087260000003	4065.373222	4065.6175300000004	4062.01337	4064.9805100000003			1.0	1.0	0.0	3.0					
4068.678	15.7800000000002	trials	7.0	4081.26076	4082.977408	4084.1650510000004	4084.4631170000002	4080.2990320000004	4083.565762			1.0	2.0	0.0	3.0					
4088.468	35.350000000000364	trials	7.0	4119.695302	4121.370598	4122.189232000001	4122.401028	4118.993087000001	4121.82258	4122.758	4123.818	1.0	1.0	1.0	1.0					
4125.889	27.78399999999965	trials	7.0	4150.321973	4152.132176	4153.423637	4153.712741	4149.794129	4153.015051			1.0	1.0	0.0	3.0					
4157.684	18.720000000000255	trials	7.0	4173.146210000001	4175.117414	4176.084715	4176.467474	4172.198849	4175.543911000001			1.0	2.0	0.0	3.0					
4179.333	11.930000000000291	trials	7.0	4186.780841	4188.1450030000005	4189.5747710000005	4189.847414	4185.841475	4189.141363000001	4181.253	4191.263	1.0	1.0	1.0	1.0					
4194.352	9.565999999999804	trials	7.0	4200.961182	4202.477444	4203.614678	4203.910597	4200.289927	4203.191117			1.0	1.0	0.0	3.0					
4205.923	21.171000000000276	trials	7.0	4224.57791	4226.13064	4226.8083670000005	4227.174977000001	4223.975489	4226.465425			1.0	1.0	0.0	3.0					
4229.132	30.64600000000064	trials	7.0	4256.296522000001	4257.79837	4258.391234000001	4258.821673	4255.31909	4257.79285			1.0		0.0	2.0					
4263.788	16.015000000000327	trials	7.0	4275.181313	4276.657045	4278.113849	4278.397364	4274.66399	4277.714739	4278.873	4279.803	1.0	1.0	1.0	1.0					
4282.951	1927.7569999999996	BlockDesign														1.0	182.0	294.0	50.0	90.0
4282.951	12.697000000000116	trials	8.0	4291.721423	4293.647833	4295.172931	4295.418379000001	4290.727717	4294.668037			1.0	1.0	0.0	3.0					
4299.418	27.13000000000011	trials	8.0	4322.211823000001	4324.212634	4324.955514	4325.190974	4321.2852490000005	4324.425776	4325.559	4326.548	1.0	2.0	1.0	1.0					
4328.637	8.036000000000058	trials	8.0	4333.426483	4335.095437	4336.352336	4336.665031	4332.636154	4335.868607			1.0	1.0	0.0	3.0					
4340.719	28.54399999999987	trials	8.0	4363.7879140000005	4365.33337	4366.1648620000005	4366.416516	4363.251286000001	4365.755046	4366.823	4369.263	1.0	1.0	1.0	1.0					
4373.378	10.88000000000011	trials	8.0	4380.2518900000005	4381.720096	4382.655988	4382.885611	4379.595712	4382.281084	4383.343	4384.258	1.0	1.0	1.0	1.0					
4387.278	7.335000000000036	trials	8.0	4390.178605	4391.8938800000005	4392.944665	4393.150526	4389.205622	4392.493258	4393.548	4394.613	1.0	1.0	1.0	1.0					
4398.633	5.805000000000291	trials	8.0	4401.4864370000005	4403.360903000001	4404.130252	4404.436864	4400.699983	4403.723980000001			1.0	1.0	0.0	3.0					
4407.443	13.729999999999563	trials	8.0	4418.476501	4419.946084	4420.921603000001	4421.175634	4417.832602	4420.509995			1.0	1.0	0.0	3.0					
4424.184	17.963999999999942	trials	8.0	4437.546685	4438.817929000001	4439.780591000001	4440.112018	4436.6940270000005	4439.225846	4440.434	4442.148	1.0	2.0	1.0	1.0					
4444.168	9.44000000000051	trials	8.0	4449.131972	4450.673692	4451.69104	4451.945935	4448.28941	4451.127971	4452.453	4453.608	1.0	2.0	1.0	1.0					
4457.698	9.214999999999236	trials	8.0	4462.616621	4463.713834	4464.963328	4465.186213	4461.746543	4464.4185370000005	4465.583	4466.913	1.0	2.0	1.0	1.0					
4469.996	11.582000000000335	trials	8.0	4476.913127	4478.808145	4479.723400000001	4480.011758000001	4475.9666050000005	4479.128525	4480.463	4481.578	1.0	2.0	1.0	1.0					
4483.478	9.710000000000036	trials	8.0	4489.446233000001	4490.593688	4491.499256	4491.699413	4488.688024	4491.112384	4493.043	4493.188	1.0	1.0	1.0	1.0					
4496.948	8.25	trials	8.0	4501.096646	4502.341781	4503.541192000001	4503.727694	4500.172969	4503.067592	4504.168	4505.198	1.0	1.0	1.0	1.0					
4507.268	8.416000000000167	trials	8.0	4511.001971	4512.519073	4513.845374	4514.088397	4510.066934	4513.2472640000005	4514.523	4515.684	1.0	2.0	1.0	1.0					
4519.758	6.761000000000422	trials	8.0	4522.587388	4524.5203	4525.77864	4526.009497	4521.7548320000005	4525.311754			1.0	1.0	0.0	3.0					
4528.154	13.404999999999745	trials	8.0	4536.771541	4538.711215	4539.803416000001	4540.0183990000005	4535.772458	4539.204432	4540.408	4541.559	1.0	2.0	1.0	1.0					
4543.643	8.149999999999636	trials	8.0	4547.632181	4548.858355	4550.111725000001	4550.336662	4546.990767	4549.539923	4550.698	4551.793	1.0	2.0	1.0	1.0					
4553.858	7.630000000000109	trials	8.0	4556.766778	4558.713935	4559.848097	4560.074482	4556.25505	4559.28121	4560.488	4561.488	1.0	2.0	1.0	1.0					
4565.545	6.304000000000087	trials	8.0	4568.821799	4570.763801	4571.536309	4571.754758	4568.096546000001	4571.089433			1.0	1.0	0.0	3.0					
4573.889	12.349999999999454	trials	8.0	4581.957338	4583.99657	4584.532574000001	4584.749695	4580.955757	4583.975506000001	4585.178	4586.239	1.0	2.0	1.0	1.0					
4590.173	5.966000000000349	trials	8.0	4593.276766	4594.708808	4595.891585	4596.142537	4592.5132060000005	4595.250849			1.0	2.0	0.0	3.0					
4600.153	8.63000000000011	trials	8.0	4605.547105000001	4606.902854	4608.411551	4608.840824000001	4604.6453710000005	4607.857585			1.0	2.0	0.0	3.0					
4610.715	30.259000000000015	trials	8.0	4637.731766000001	4638.852358	4639.9787830000005	4640.253469	4636.971913	4639.439162000001			1.0	2.0	1.0	1.0					
4643.503	12.596000000000458	trials	8.0	4651.328816	4653.259142000001	4654.249237	4654.521418	4650.477676	4653.714158000001	4654.903	4656.099	1.0	2.0	1.0	1.0					
4658.173	26.465000000000146	trials	8.0	4680.7674210000005	4681.973879	4682.91417	4683.246973	4679.832494	4682.328458	4683.563	4684.638	1.0	2.0	1.0	1.0					
4687.688	8.800000000000182	trials	8.0	4691.127623	4692.763963	4694.689802000001	4694.941496	4690.588148000001	4694.27779	4695.293	4696.488	1.0	1.0	1.0	1.0					
4698.508	8.6850000000004	trials	8.0	4702.762454	4704.232717000001	4705.493743	4705.698126	4701.792928000001	4705.046326	4706.128	4707.193	1.0	1.0	1.0	1.0					
4710.213	8.00500000000011	trials	8.0	4713.862195	4715.584622	4716.485813	4716.720824	4713.170264	4716.039443000001	4717.123	4718.218	1.0	1.0	1.0	1.0					
4721.293	7.9350000000004	trials	8.0	4724.557307	4725.919097	4727.160719	4727.431114	4723.644073	4726.548041	4727.758	4729.228	1.0	2.0	1.0	1.0					
4732.293	33.49000000000069	trials	8.0	4763.432734	4764.7641220000005	4765.490642000001	4765.841687	4762.793705	4765.133351			1.0	1.0	0.0	3.0					
4768.788	17.13000000000011	trials	8.0	4782.112516	4783.149152	4784.2805690000005	4784.554825	4781.197179000001	4783.762681	4784.778	4785.918	1.0	2.0	1.0	1.0					
4789.003	18.74000000000069	trials	8.0	4804.087889	4805.198920000001	4805.987882	4806.172019000001	4803.342797	4805.58758	4806.698	4807.743	1.0	1.0	1.0	1.0					
4810.83	16.467999999999847	trials	8.0	4823.572741	4824.7294600000005	4825.596098	4825.8385610000005	4822.73317	4825.033129	4826.243	4827.298	1.0	2.0	1.0	1.0					
4831.378	16.39100000000053	trials	8.0	4843.553449	4845.13096	4845.651638	4845.833654	4842.917428000001	4845.2977710000005	4846.233	4847.769	1.0	1.0	1.0	1.0					
4851.849	14.929000000000087	trials	8.0	4863.352940000001	4864.379647	4865.184704	4865.360509	4862.5948450000005	4864.78431	4865.853	4866.778	1.0	1.0	1.0	1.0					
4868.842	18.731000000000677	trials	8.0	4884.249026	4885.314406	4885.982501	4886.198317	4883.444831000001	4885.590154	4886.543	4887.573	1.0	1.0	1.0	1.0					
4890.704	14.06500000000051	trials	8.0	4901.329669000001	4902.860824			4900.488386	4902.85202			1.0		0.0	2.0					
4906.778	28.777000000000044	trials	8.0	4931.7937600000005	4933.5816780000005	4934.193442	4934.492761	4930.969843000001	4933.575764			1.0		0.0	2.0					
4939.633	8.489999999999782	trials	8.0	4943.583632	4945.528766	4946.5711360000005	4946.797654	4943.046422	4946.178038	4947.228	4948.123	1.0	1.0	1.0	1.0					
4950.185	8.443999999999505	trials	8.0	4954.008152	4955.180701	4956.847753	4957.226393	4953.350273	4956.280312000001	4957.523	4958.629	1.0	2.0	1.0	1.0					
4961.549	9.863000000000284	trials	8.0	4967.124761	4968.6261110000005	4969.5928810000005	4969.912297000001	4966.160872	4968.911293	4970.248	4971.412	1.0	2.0	1.0	1.0					
4974.519	7.9340000000001965	trials	8.0	4978.56274	4979.644919	4980.896168	4981.108384	4977.750667	4980.299436	4981.583	4982.453	1.0	2.0	1.0	1.0					
4985.519	9.15899999999965	trials	8.0	4989.893459000001	4991.899781	4992.977075000001	4993.196432000001	4989.123949000001	4992.436928	4993.543	4994.678	1.0	1.0	1.0	1.0					
4996.81	8.172999999999774	trials	8.0	4999.978007	5001.784216	5003.333885	5003.563006	4999.45481	5002.907465	5003.858	5004.983	1.0	1.0	1.0	1.0					
5009.008	7.305000000000291	trials	8.0	5012.223211	5013.659552	5014.67501	5014.875191	5011.585957	5014.247104	5015.293	5016.313	1.0	1.0	1.0	1.0					
5018.363	6.368999999999687	trials	8.0	5021.863298	5023.060042	5024.373596	5024.825000000001	5021.061272	5023.944111000001			1.0	1.0	0.0	3.0					
5026.724	16.578999999999724	trials	8.0	5038.79449	5040.447407000001	5041.534000000001	5041.750781000001	5037.816427	5041.090463	5042.209	5043.303	1.0	1.0	1.0	1.0					
5046.323	5.971999999999753	trials	8.0	5048.90282	5050.367086	5051.971498000001	5052.238451	5048.216953	5051.572421000001			1.0	1.0	0.0	3.0					
5055.364	17.614000000000487	trials	8.0	5068.893269	5070.289283	5071.249024000001	5071.488421	5068.148837000001	5070.662834000001	5071.769	5072.978	1.0	2.0	1.0	1.0					
5075.003	10.346000000000458	trials	8.0	5081.127008	5082.331477	5083.734143	5083.968517	5080.195942	5083.100375	5084.358	5085.349	1.0	2.0	1.0	1.0					
5089.404	17.888999999999214	trials	8.0	5103.568286	5104.696507000001	5105.659901	5105.894569	5102.95337	5105.2699600000005	5106.298	5107.293	1.0	1.0	1.0	1.0					
5111.357	7.02599999999984	trials	8.0	5113.737948	5115.807091000001	5116.575527000001	5116.771749	5112.926794000001	5116.139777	5117.288	5118.383	1.0	1.0	1.0	1.0					
5122.403	8.115999999999985	trials	8.0	5125.823344	5127.050372	5128.723852	5128.950772	5125.108639	5128.153481	5129.258	5130.519	1.0	2.0	1.0	1.0					
5133.554	6.238999999999578	trials	8.0	5137.164746	5138.516473	5139.477169	5139.716159	5136.340118	5139.097817			1.0	1.0	0.0	3.0					
5143.828	12.829999999999927	trials	8.0	5153.598392	5154.984131	5156.352418	5156.627879	5152.834559000001	5155.719282			1.0	2.0	0.0	3.0					
5160.67	37.233000000000175	trials	8.0	5195.709193000001	5196.906731	5197.662578	5197.944494	5194.889131	5197.233955			1.0	1.0	0.0	3.0					
5201.923	23.94000000000051	trials	8.0	5221.089550000001	5222.650552	5224.025854	5224.212914	5220.166022	5223.4263280000005	5224.559	5225.863	1.0	2.0	1.0	1.0					
5229.883	9.699999999999818	trials	8.0	5234.758916000001	5236.824889	5237.851577	5238.081632	5233.782407000001	5237.20177	5238.533	5239.583	1.0	2.0	1.0	1.0					
5242.603	26.659999999999854	trials	8.0	5265.073538000001	5266.275986000001	5267.445945	5267.648356	5264.12826	5266.861166000001	5268.123	5269.263	1.0	1.0	1.0	1.0					
5271.28	8.088000000000648	trials	8.0	5276.408651	5277.869189000001	5279.062516	5279.324512	5275.888872	5278.633847			1.0	1.0	0.0	3.0					
5281.378	21.09600000000046	trials	8.0	5298.959187	5300.4960040000005	5301.096063000001	5301.645445	5298.164402	5300.485559000001			1.0		0.0	2.0					
5304.484	20.303999999999178	trials	8.0	5320.024349	5321.410561000001	5323.147651	5323.409074	5319.374609	5322.454601	5323.685	5324.788	1.0	2.0	1.0	1.0					
5328.844	22.38000000000011	trials	8.0	5346.330814000001	5348.332171	5349.460703000001	5349.641539	5345.784544	5348.9422190000005	5349.943	5351.224	1.0	1.0	1.0	1.0					
5355.243	8.289999999999964	trials	8.0	5359.7647	5361.015903	5361.81865	5362.043897	5358.921757	5361.415781	5362.548	5363.533	1.0	1.0	1.0	1.0					
5365.594	8.590000000000146	trials	8.0	5369.915758	5371.116494	5372.388767	5372.570569	5368.953371	5371.72847	5373.118	5374.184	1.0	2.0	1.0	1.0					
5376.298	7.614999999999782	trials	8.0	5379.554192	5381.093393	5382.148432	5382.426908	5378.721895000001	5381.508242	5382.903	5383.913	1.0	2.0	1.0	1.0					
5385.929	6.778999999999542	trials	8.0	5388.790673	5390.421217	5391.643496000001	5391.819608	5387.974061000001	5390.964085			1.0	2.0	1.0	1.0					
5396.094	9.488999999999578	trials	8.0	5401.134464000001	5402.522954	5403.777058	5404.000568	5400.373713000001	5403.314768	5404.293	5405.583	1.0	1.0	1.0	1.0					
5408.671	7.311999999999898	trials	8.0	5412.029106	5413.285757	5414.179801	5414.314067	5411.392841000001	5413.786712	5414.809	5415.983	1.0	1.0	1.0	1.0					
5418.003	7.381000000000313	trials	8.0	5420.805988	5422.613547000001	5423.6382140000005	5423.848587	5420.287589	5423.2039700000005	5424.224	5425.384	1.0	1.0	1.0	1.0					
5428.473	8.770000000000437	trials	8.0	5433.694042	5435.676386	5436.993002	5437.229069000001	5433.114036000001	5435.917838			1.0	1.0	0.0	3.0					
5440.253	22.25500000000011	trials	8.0	5458.229648	5459.500007000001	5460.833507	5461.0912100000005	5457.3135330000005	5460.1846000000005	5461.559	5462.508	1.0	2.0	1.0	1.0					
5464.583	7.780000000000655	trials	8.0	5468.144501000001	5469.767662	5470.6451	5470.813543	5467.359708	5470.161578	5471.203	5472.363	1.0	1.0	1.0	1.0					
5476.42	41.47400000000016	trials	8.0	5513.856596	5515.179802000001	5516.062889000001	5516.305072	5513.310946	5515.4409350000005	5516.684	5517.894	1.0	2.0	1.0	1.0					
5521.963	10.030000000000655	trials	8.0	5527.189398	5528.574163	5529.771079	5530.065603000001	5526.617701	5529.094549	5530.395	5531.993	1.0	2.0	1.0	1.0					
5534.665	9.233000000000175	trials	8.0	5539.404422	5540.839187	5542.136267	5542.330085	5538.443777	5541.526931	5542.773	5543.898	1.0	2.0	1.0	1.0					
5547.969	8.809000000000196	trials	8.0	5552.554873	5553.989264	5555.004533	5555.171267	5551.772094	5554.379974	5555.713	5556.778	1.0	2.0	1.0	1.0					
5558.798	6.735000000000582	trials	8.0	5561.956175	5563.346704	5564.357260000001	5564.560211	5561.218136	5563.839845			1.0	1.0	0.0	3.0					
5567.737	16.14599999999973	trials	8.0	5579.6195800000005	5581.1613290000005	5582.249985	5582.400936	5579.069518	5581.624433000001	5582.974	5583.883	1.0	2.0	1.0	1.0					
5587.938	26.56999999999971	trials	8.0	5609.939788	5611.768706000001	5612.6601630000005	5612.882208000001	5609.277748	5612.082700000001	5593.983	5614.508	1.0	2.0	1.0	1.0					
5617.413	4.9650000000001455	trials	8.0	5619.87664	5621.298461	5622.092216000001	5622.3043880000005	5619.228386000001	5621.684504000001			1.0	1.0	0.0	3.0					
5626.384	13.344000000000051	trials	8.0	5636.738663	5638.4095800000005	5639.230934	5639.83106	5636.118424	5638.60267			1.0	2.0	0.0	3.0					
5643.53	30.563000000000102	trials	8.0	5670.989944000001	5672.10731	5672.85055	5673.110577	5670.119232000001	5672.100905			1.0		0.0	2.0					
5676.103	27.93000000000029	trials	8.0	5699.675287	5701.223671	5702.1648430000005	5702.504615	5698.946141	5701.616438	5694.573	5704.033	1.0	2.0	1.0	1.0					
5708.168	8.035000000000764	trials	8.0	5713.430355	5715.127667000001	5715.909965000001	5716.283126	5712.813467	5715.520207			1.0	1.0	0.0	3.0					
5720.238	18.80999999999949	trials	8.0	5734.699852	5736.077669	5737.274957	5737.587812	5734.004666000001	5736.621138	5737.934	5739.048	1.0	2.0	1.0	1.0					
5742.144	8.889000000000124	trials	8.0	5745.909818	5747.544895000001	5748.922732000001	5749.191932	5745.11449	5748.296129	5749.583	5751.033	1.0	2.0	1.0	1.0					
5752.9	6.735000000000582	trials	8.0	5756.565758000001	5758.646914000001	5759.26259	5759.738341	5755.87436	5758.726859			1.0	1.0	0.0	3.0					
5761.628	23.06500000000051	trials	8.0	5780.230893	5782.301789	5783.202928000001	5783.396657	5779.324892000001	5782.719899	5783.788	5784.693	1.0	1.0	1.0	1.0					
5787.764	9.264000000000124	trials	8.0	5792.490186000001	5794.3627480000005	5795.280848	5795.522606	5791.547921	5794.738196	5795.918	5797.028	1.0	1.0	1.0	1.0					
5799.113	6.914999999999964	trials	8.0	5803.230785	5804.982041	5805.790792	5806.066361	5802.376554	5805.359003			1.0	1.0	0.0	3.0					
5808.099	36.65399999999954	trials	8.0	5840.306818	5842.037909000001	5842.910122	5843.210369	5839.636799	5842.288186	5843.623	5844.753	1.0	2.0	1.0	1.0					
5848.773	8.599999999999454	trials	8.0	5853.462787	5854.686055	5855.636315	5855.8768390000005	5852.613754	5854.991255000001	5856.278	5857.373	1.0	2.0	1.0	1.0					
5860.388	5.9210000000002765	trials	8.0	5863.685642	5864.867762	5866.007758	5866.297523	5862.954473	5865.459183000001			1.0	1.0	0.0	3.0					
5869.359	29.053999999999178	trials	8.0	5894.860917	5896.50815	5897.309855	5897.626847	5893.856825000001	5896.496789000001			1.0		0.0	2.0					
5901.493	14.0	trials	8.0	5911.752599	5913.702263	5915.245312000001	5915.578054	5911.103093	5914.777572000001			1.0	1.0	0.0	3.0					
5917.568	21.49499999999989	trials	8.0	5934.466334000001	5935.622297	5937.197201000001	5937.483021	5933.631425	5936.557891	5937.773	5939.063	1.0	2.0	1.0	1.0					
5943.107	8.621000000000095	trials	8.0	5947.155953	5948.517879000001	5949.608015	5949.84796	5946.452077	5948.910704	5950.123	5951.728	1.0	2.0	1.0	1.0					
5953.628	11.204999999999927	trials	8.0	5960.176789	5961.497345	5963.027912	5963.243581000001	5959.370935000001	5962.385806	5963.618	5964.833	1.0	2.0	1.0	1.0					
5968.913	7.311000000000604	trials	8.0	5971.7113580000005	5972.847928	5974.356223000001	5974.716533000001	5970.904094	5973.624503000001	5975.008	5976.224	1.0	2.0	1.0	1.0					
5978.243	9.960000000000036	trials	8.0	5984.160794	5985.304424	5986.464411000001	5986.686743	5983.181930000001	5985.836741	5986.976	5988.203	1.0	2.0	1.0	1.0					
5990.264	8.269000000000233	trials	8.0	5993.811322	5995.607018000001	5996.810237	5997.005635	5993.026268	5996.141419	5997.358	5998.533	1.0	2.0	1.0	1.0					
6002.613	5.9409999999998035	trials	8.0	6005.542871	6006.861275	6008.311871	6008.576174	6004.798679	6007.531319			1.0	1.0	0.0	3.0					
6012.633	17.235000000000582	trials	8.0	6025.031234	6026.867075	6028.05806	6028.265273000001	6024.3189840000005	6027.434421	6028.724	6029.868	1.0	2.0	1.0	1.0					
6031.948	7.364999999999782	trials	8.0	6035.034262	6036.395761	6037.403899000001	6037.774447	6034.197869	6036.732842	6038.028	6039.313	1.0	2.0	1.0	1.0					
6042.448	8.360999999999876	trials	8.0	6046.9908350000005	6048.612116	6049.820587	6050.057377	6046.001752	6049.145933			1.0	2.0	1.0	1.0					
6054.248	13.970000000000255	trials	8.0	6062.4582550000005	6064.467371000001	6065.413936000001	6065.686322	6061.694408	6064.744673	6066.073	6068.218	1.0	2.0	1.0	1.0					
6072.303	9.34100000000035	trials	8.0	6077.160875	6079.000045000001	6079.695227	6079.90196	6076.229492	6078.988183	6080.263	6081.644	1.0	2.0	1.0	1.0					
6084.658	8.565999999999804	trials	8.0	6089.671615	6091.322483			6088.924247000001	6091.309411			1.0		0.0	2.0					
6095.233	40.154999999999745	trials	8.0	6130.9178409999995	6132.169295	6133.198149	6133.552673	6130.181474	6132.4983409999995	6133.953	6135.388	1.0	2.0	1.0	1.0					
6138.408	11.014999999999418	trials	8.0	6143.658388	6145.294454	6146.598577	6146.922082	6142.660667	6145.971218	6147.349	6149.423	1.0	2.0	1.0	1.0					
6151.503	59.20499999999993	trials	8.0	6206.037941	6208.020354	6208.9224779999995	6209.137246	6205.309547	6208.369358	6209.559	6210.708	1.0	2.0	1.0	1.0					
6213.806	96.48199999999997	BlockDesign														1.0	295.0	299.0	0.0	0.0
6213.806	6.147000000000844	trials	9.0	6216.902074	6218.480315	6219.619312	6220.067471	6216.130942	6218.971712			1.0	2.0	0.0	3.0					
6223.779	12.989999999999782	trials	9.0	6233.913184999999	6235.0620499999995	6236.434486	6236.741777	6233.134696	6235.78741			1.0	2.0	0.0	3.0					
6240.748	24.590000000000146	trials	9.0	6262.26899	6263.950468	6264.860864	6265.44923	6261.698008	6264.173785			1.0	2.0	0.0	3.0					
6269.173	10.680000000000291	trials	9.0	6276.719023	6277.924691	6279.562585	6279.93479	6276.188134	6278.970418			1.0	2.0	0.0	3.0					
6283.858	26.42999999999938	trials	9.0	6307.179196	6308.694017	6310.279121	6310.707751	6306.1993999999995	6309.830243			1.0	1.0	0.0	3.0					
6312.57	926.8780000000006	BlockDesign														1.0	300.0	346.0	90.0	50.0
6312.57	34.23900000000049	trials	10.0	6342.453734	6343.995308	6345.283729	6345.509903	6341.643905	6344.874638	6345.923	6346.809	1.0	1.0	1.0	1.0					
6350.898	9.125	trials	10.0	6357.09906	6358.610351	6359.60179	6360.135652	6356.211056	6358.987195			1.0	2.0	0.0	3.0					
6363.908	40.94999999999982	trials	10.0	6400.248638	6402.20038	6403.878060999999	6404.193702	6399.424594	6403.241852			1.0	2.0	1.0	1.0					
6409.423	17.511000000000422	trials	10.0	6422.315081	6424.315831	6424.836873	6425.121358	6421.769826	6424.343098	6425.418	6426.934	1.0	1.0	1.0	1.0					
6430.024	9.179000000000087	trials	10.0	6434.724758	6436.506289	6437.331749	6437.500349	6433.772688999999	6436.834094	6437.958	6439.203	1.0	1.0	1.0	1.0					
6441.224	17.059000000000196	trials	10.0	6454.224917	6455.967506	6456.635636	6456.828321999999	6453.448136999999	6456.14138	6457.092	6458.283	1.0	1.0	1.0	1.0					
6461.304	24.710000000000036	trials	10.0	6483.573985999999	6484.786169	6485.737099	6486.103508	6482.868584	6485.090714			1.0	2.0	0.0	3.0					
6488.983	42.47999999999956	trials	10.0	6526.954374	6528.865845	6529.813391	6529.999892	6526.233379	6529.359768	6530.498	6531.463	1.0	1.0	1.0	1.0					
6534.549	10.970000000000255	trials	10.0	6540.885857	6542.766305	6543.630486999999	6543.842543	6540.287249999999	6543.16622	6544.428	6545.519	1.0	1.0	1.0	1.0					
6547.623	54.275000000000546	trials	10.0	6599.31481	6600.612101	6601.591546	6601.986043	6598.413235	6600.927129			1.0	2.0	0.0	3.0					
6603.969	38.4340000000002	trials	10.0	6637.9659249999995	6639.6707989999995	6640.66364	6640.917590999999	6637.166103	6640.010342	6641.173	6642.403	1.0	2.0	1.0	1.0					
6644.423	9.110000000000582	trials	10.0	6648.779611	6650.849399	6651.825098	6652.031912	6648.1940079999995	6651.35224	6652.428	6653.533	1.0	1.0	1.0	1.0					
6656.568	12.365999999999985	trials	10.0	6664.725068	6665.9415	6667.1865609999995	6667.4018	6664.037396	6666.770375	6667.788	6668.934	1.0	1.0	1.0	1.0					
6671.023	9.835000000000036	trials	10.0	6676.6694689999995	6677.861054	6679.127011	6679.319559	6676.0204699999995	6678.630793	6679.769	6680.858	1.0	1.0	1.0	1.0					
6683.878	16.550000000000182	trials	10.0	6696.074517	6697.864558	6698.795528	6698.973248	6695.259264	6698.3260279999995	6699.349	6700.428	1.0	1.0	1.0	1.0					
6702.513	8.949999999999818	trials	10.0	6707.144807	6708.379784	6709.749776	6709.9620939999995	6706.386164	6709.289354	6710.349	6711.463	1.0	1.0	1.0	1.0					
6715.529	11.303999999999178	trials	10.0	6721.979861	6723.969722	6724.792992	6724.949539	6721.383452	6724.263155	6725.418	6726.833	1.0	1.0	1.0	1.0					
6730.783	6.0049999999992	trials	10.0	6733.830026	6735.7618059999995	6736.561336	6736.769239	6732.909958	6736.07125			1.0	1.0	0.0	3.0					
6738.793	19.601000000000568	trials	10.0	6755.454548	6756.776915	6758.153657	6758.482071	6754.504761	6757.46017			1.0	2.0	0.0	3.0					
6761.42	10.34900000000016	trials	10.0	6769.119993	6770.409335	6771.527415	6771.751072999999	6768.215024	6771.007214			1.0	1.0	0.0	3.0					
6773.783	24.18499999999949	trials	10.0	6795.115272	6796.781593	6797.726563	6797.983909	6794.568319	6797.054228			1.0	2.0	0.0	3.0					
6800.033	14.094999999999345	trials	10.0	6808.899986	6810.247238	6812.328466999999	6812.550533	6808.083628	6811.8163429999995	6812.898	6814.128	1.0	1.0	1.0	1.0					
6818.204	8.72400000000016	trials	10.0	6822.374645	6824.029389	6825.106167	6825.328515	6821.513678	6824.446637	6825.653	6826.928	1.0	2.0	1.0	1.0					
6828.948	8.610999999999876	trials	10.0	6832.940109	6834.638746	6835.854346	6836.064242	6832.267553	6835.379575	6836.443	6837.559	1.0	1.0	1.0	1.0					
6840.573	8.519999999999527	trials	10.0	6844.65539	6845.829375	6847.419227	6847.64789	6843.750173	6846.872567	6848.073	6849.093	1.0	1.0	1.0	1.0					
6853.113	8.835000000000036	trials	10.0	6857.3419539999995	6858.593296999999	6859.97558	6860.195852	6856.616185	6859.275387	6860.478	6861.948	1.0	2.0	1.0	1.0					
6866.034	7.074000000000524	trials	10.0	6870.240235	6871.500965	6872.883725	6873.153941	6869.4796639999995	6872.200153			1.0	2.0	0.0	3.0					
6877.115	14.319000000000415	trials	10.0	6886.761792	6887.928325	6889.543648	6889.73012	6885.759486	6889.087262999999	6890.193	6891.434	1.0	1.0	1.0	1.0					
6894.537	8.985999999999876	trials	10.0	6898.334803	6900.341327	6901.662748	6901.929879	6897.7926099999995	6901.079911	6902.318	6903.523	1.0	1.0	1.0	1.0					
6907.578	12.509999999999309	trials	10.0	6914.886976	6916.417286	6917.469242	6917.655349	6913.991504	6916.937406	6918.248	6920.088	1.0	1.0	1.0	1.0					
6924.108	7.774999999999636	trials	10.0	6927.020533	6928.4919549999995	6929.916227	6930.108509	6926.494404	6929.4595659999995	6930.553	6931.883	1.0	1.0	1.0	1.0					
6935.78	7.983000000000175	trials	10.0	6940.445261	6942.311396	6943.525726	6943.7018769999995	6939.871804	6942.791412			1.0	2.0	0.0	3.0					
6946.798	7.3400000000001455	trials	10.0	6949.4671069999995	6950.532137	6952.138272	6952.324642	6948.948598	6951.687173	6952.618	6954.138	1.0	1.0	1.0	1.0					
6958.023	5.389999999999418	trials	10.0	6960.605492	6962.340445	6963.132976	6963.3377439999995	6960.042371	6962.668912			1.0	1.0	0.0	3.0					
6965.482	22.577000000000226	trials	10.0	6983.83516	6985.4324	6986.437218	6986.702345	6983.1079389999995	6986.027467	6987.059	6988.059	1.0	1.0	1.0	1.0					
6990.073	9.634999999999309	trials	10.0	6994.710538	6996.700433	6997.881764	6998.140748	6993.725049	6997.160551999999	6998.474	6999.708	1.0	2.0	1.0	1.0					
7002.728	8.524999999999636	trials	10.0	7007.057812999999	7008.567634	7009.342715	7009.541555	7006.131547999999	7008.893249	7009.878	7011.253	1.0	1.0	1.0	1.0					
7013.295	8.693000000000211	trials	10.0	7019.070371	7020.820312	7021.749529	7021.998627999999	7018.379975	7021.237385			1.0	1.0	0.0	3.0					
7025.019	26.625	trials	10.0	7047.232309	7049.292138	7050.112351	7050.299504	7046.433734	7049.610071	7050.803	7051.644	1.0	1.0	1.0	1.0					
7054.668	10.860000000000582	trials	10.0	7060.655606	7062.662216	7063.531222	7063.7586949999995	7060.032223	7063.077748	7064.113	7065.528	1.0	1.0	1.0	1.0					
7067.568	7.269999999999527	trials	10.0	7071.896042	7073.175056	7074.589052	7074.836971	7071.117599	7073.877166			1.0	2.0	0.0	3.0					
7077.889	21.073999999999614	trials	10.0	7094.8063329999995	7096.610866999999	7097.120965	7097.3176459999995	7093.815954	7096.67566	7097.753	7098.963	1.0	1.0	1.0	1.0					
7103.044	7.979000000000269	trials	10.0	7106.945716	7108.267811	7109.2723479999995	7109.4415659999995	7106.3729189999995	7108.851264	7109.948	7111.023	1.0	1.0	1.0	1.0					
7115.043	47.05000000000018	trials	10.0	7157.625932	7159.414056	7161.74291	7162.20959	7156.850213	7161.007546			1.0	2.0	0.0	3.0					
7165.108	43.70100000000002	trials	10.0	7204.092651999999	7205.945351	7206.777218	7207.031134	7203.111889	7206.370586	7207.323	7208.809	1.0	1.0	1.0	1.0					
7210.904	12.953999999999724	trials	10.0	7219.49608	7221.120787	7222.017533	7222.193987	7218.539065999999	7221.495301	7222.618	7223.858	1.0	1.0	1.0	1.0					
7227.937	11.511000000000422	trials	10.0	7234.642465	7236.241216	7237.573952	7237.8458	7233.71446	7236.19519	7238.309	7239.448	1.0	1.0	1.0	1.0					
7241.478	2001.5299999999997	BlockDesign														1.0	347.0	403.0	10.0	50.0
7241.478	18.006000000000313	trials	11.0	7255.69618	7257.592268	7259.099686	7259.246507	7254.8601309999995	7257.578203			1.0		0.0	2.0					
7261.494	16.929000000000087	trials	11.0	7275.512962	7276.727738	7277.987487	7278.538342	7274.928535999999	7277.294943			1.0	2.0	0.0	3.0					
7280.233	13.990999999999985	trials	11.0	7291.0459789999995	7292.988385	7293.97706	7294.2598849999995	7290.253774	7293.494286			1.0	1.0	0.0	3.0					
7296.238	28.090000000000146	trials	11.0	7321.297117	7322.529823	7324.03037	7324.432742	7320.769339	7323.406235			1.0	2.0	0.0	3.0					
7328.378	26.65100000000075	trials	11.0	7351.316739	7352.714239999999	7354.765732	7355.092368	7350.550440999999	7354.226329			1.0	1.0	0.0	3.0					
7358.043	71.15500000000065	trials	11.0	7425.987188	7427.748297	7428.947033	7429.253665	7425.091483	7428.448446			1.0	1.0	0.0	3.0					
7432.219	10.679000000000087	trials	11.0	7439.343137	7440.858260999999	7442.610817	7442.909425	7438.515767	7442.096783			1.0	1.0	0.0	3.0					
7446.908	15.954999999999927	trials	11.0	7457.468026	7459.058702	7460.817989	7461.096692	7456.915301	7460.150102	7461.346	7462.863	1.0	2.0	1.0	1.0					
7465.944	27.824999999999818	trials	11.0	7490.47256	7492.395802999999	7493.472782	7493.7458719999995	7489.553518	7493.049841			1.0	1.0	0.0	3.0					
7497.839	26.059000000000196	trials	11.0	7521.077399	7522.590697	7523.670248	7523.966263	7520.5534339999995	7523.162704			1.0	1.0	0.0	3.0					
7526.972	24.89100000000053	trials	11.0	7547.432140999999	7548.990554	7550.046359	7550.400334	7546.739482	7549.376344	7550.688	7551.863	1.0	2.0	1.0	1.0					
7553.936	12.918000000000575	trials	11.0	7561.763393	7563.425365	7564.924132	7565.212251999999	7561.208326	7564.26101	7565.538	7566.854	1.0	2.0	1.0	1.0					
7568.908	9.304000000000087	trials	11.0	7575.586993999999	7577.000400999999	7577.92192	7578.2827369999995	7574.975668	7577.434826			1.0	1.0	0.0	3.0					
7581.279	50.19499999999971	trials	11.0	7626.187508	7628.119775	7629.518765	7629.755302	7625.544424	7628.857996	7630.113	7631.474	1.0	2.0	1.0	1.0					
7635.559	27.84599999999955	trials	11.0	7660.127082999999	7661.5153869999995	7663.100026	7663.513676	7659.509991999999	7662.455298			1.0	2.0	0.0	3.0					
7665.333	15.329999999999927	trials	11.0	7676.697764	7678.564645	7680.306111	7680.778376	7676.174918	7679.630428			1.0	2.0	0.0	3.0					
7683.553	12.989999999999782	trials	11.0	7693.468761	7694.951688	7696.263758	7696.50544	7692.856552	7695.820546999999			1.0	1.0	0.0	3.0					
7698.583	22.399000000000342	trials	11.0	7718.452281	7719.470606	7720.747201	7720.943467	7717.888445	7720.288879			1.0	1.0	0.0	3.0					
7724.993	28.49499999999989	trials	11.0	7748.612537999999	7750.680743	7751.698716	7751.950495	7748.074832	7751.096357	7752.253	7753.488	1.0	2.0	1.0	1.0					
7755.575	11.154999999999745	trials	11.0	7761.363001	7763.376521	7764.621857	7764.873443	7760.851898	7764.001957	7765.184	7766.73	1.0	2.0	1.0	1.0					
7769.783	7.560999999999694	trials	11.0	7774.671453999999	7775.9648959999995	7777.0047429999995	7777.462321999999	7773.847549	7776.379648			1.0	2.0	0.0	3.0					
7779.313	13.543999999999869	trials	11.0	7789.283395	7791.0243439999995	7792.599178	7792.972303	7788.753328	7791.990175999999			1.0	2.0	0.0	3.0					
7795.843	36.654999999999745	trials	11.0	7829.054149	7831.02923	7832.260558	7832.613692	7828.149905	7831.6383559999995			1.0	2.0	0.0	3.0					
7836.505	36.21900000000005	trials	11.0	7868.751484	7870.2775599999995	7872.440242	7872.7599979999995	7868.074780999999	7871.928881			1.0	1.0	0.0	3.0					
7876.794	29.765000000000327	trials	11.0	7903.297576	7905.048914	7906.3253	7906.619189	7902.762049999999	7905.809825			1.0	1.0	0.0	3.0					
7910.628	28.825000000000728	trials	11.0	7934.658029	7936.564859	7937.620019	7937.927227	7933.770181	7936.976267	7938.283	7939.453	1.0	2.0	1.0	1.0					
7943.539	10.884000000000015	trials	11.0	7948.00258	7949.949602	7951.091023	7951.348669	7947.007076	7950.370631	7951.673	7954.423	1.0	2.0	1.0	1.0					
7956.57	32.06800000000021	trials	11.0	7985.418086	7987.264934	7988.365616	7988.744516	7984.685520999999	7987.8118699999995			1.0	1.0	0.0	3.0					
7991.648	70.22000000000025	trials	11.0	8058.898807	8060.259644	8061.642250999999	8061.958553	8057.926867	8060.999276			1.0	2.0	0.0	3.0					
8064.904	18.029999999999745	trials	11.0	8079.618503	8081.225525	8082.643937	8082.890281	8078.714452	8082.075991			1.0	1.0	0.0	3.0					
8086.944	21.053999999999178	trials	11.0	8104.508147	8106.27536	8107.698401	8108.11025	8103.71117	8107.098113			1.0	2.0	0.0	3.0					
8112.014	42.33899999999994	trials	11.0	8150.264851	8151.810835	8153.617738	8153.958209	8149.448992	8152.978367			1.0	2.0	0.0	3.0					
8155.853	40.36999999999989	trials	11.0	8192.793356	8194.298006	8195.923642	8196.29414	8192.281645	8195.416544			1.0	1.0	0.0	3.0					
8198.171	153.28199999999924	trials	11.0	8347.98428	8349.896048	8350.857317	8351.569006	8347.146709	8350.186865			1.0	2.0	0.0	3.0					
8353.203	25.605999999999767	trials	11.0	8375.430689	8376.920938	8377.743472	8377.921772	8374.671509	8376.910777000001			1.0		0.0	2.0					
8381.818	59.335000000000946	trials	11.0	8436.239235000001	8437.650907	8439.299031	8439.549858999999	8435.537627	8438.755571	8422.713	8441.153	1.0	1.0	1.0	1.0					
8444.173	12.345999999999549	trials	11.0	8453.605126999999	8454.88576	8456.168006	8456.635279	8453.04263	8455.712081			1.0	1.0	0.0	3.0					
8459.408	95.27000000000044	trials	11.0	8550.971171	8552.674899	8554.128742	8554.79491	8550.188522	8553.648038			1.0	1.0	0.0	3.0					
8558.542	33.69599999999991	trials	11.0	8589.13442	8590.648739	8591.889030999999	8592.358858	8588.207279	8591.273476999999			1.0	1.0	0.0	3.0					
8596.113	94.67000000000007	trials	11.0	8685.610397	8687.256554	8688.719819	8689.022688000001	8685.047816	8687.987336	8689.483	8690.783	1.0	2.0	1.0	1.0					
8693.753	9.149999999999636	trials	11.0	8699.030102	8700.301556	8701.831134	8702.206268	8698.326555	8701.033997			1.0	2.0	1.0	1.0					
8705.378	15.764999999999418	trials	11.0	8718.081108999999	8719.835497	8720.86322	8721.262171	8717.19929	8720.199789999999			1.0	2.0	0.0	3.0					
8723.095	20.778000000000247	trials	11.0	8741.165085	8742.425056	8743.5226	8743.990709	8740.179783	8742.865474			1.0	2.0	0.0	3.0					
8746.748	17.13500000000022	trials	11.0	8760.806865	8762.50232	8763.640936	8763.912538	8759.840059	8763.025366			1.0	1.0	0.0	3.0					
8767.953	27.784999999999854	trials	11.0	8791.35584	8792.627038999999	8793.874002	8794.208595	8790.752768	8793.237686	8794.498	8795.738	1.0	2.0	1.0	1.0					
8798.823	7.354999999999563	trials	11.0	8802.946802	8804.777939	8805.892233	8806.227359	8802.184064000001	8805.311987000001			1.0	1.0	0.0	3.0					
8809.188	150.84499999999935	trials	11.0	8956.675825999999	8958.05932	8959.42457	8960.155255	8955.737573	8958.717325			1.0	2.0	0.0	3.0					
8962.729	48.684000000001106	trials	11.0	9006.151423	9008.003463000001	9009.336191	9009.620105	9005.504971999999	9008.681912	9009.948	9011.413	1.0	2.0	1.0	1.0					
9013.459	11.718999999999141	trials	11.0	9019.976676999999	9021.797579	9022.97566	9023.28782	9019.383668	9022.295337	9023.668	9025.178	1.0	2.0	1.0	1.0					
9029.192	21.041000000001077	trials	11.0	9046.657454	9047.95278	9050.011895	9050.32204	9046.098700999999	9048.711659			1.0	2.0	0.0	3.0					
9052.306	50.74200000000019	trials	11.0	9098.236514	9099.813026	9100.984214	9101.240571999999	9097.551575	9100.231646	9101.553	9103.048	1.0	2.0	1.0	1.0					
9107.113	11.775000000001455	trials	11.0	9113.496255	9115.421795	9116.550968	9116.783195	9112.687835	9115.919725	9117.083	9118.888	1.0	2.0	1.0	1.0					
9120.908	32.77000000000044	trials	11.0	9149.496538	9150.67513	9151.757417	9152.030089	9148.662775	9151.081784	9152.478	9153.678	1.0	2.0	1.0	1.0					
9156.769	26.29399999999987	trials	11.0	9178.161479	9179.875439	9180.951734	9181.223187	9177.187969999999	9180.226351	9181.648	9183.063	1.0	2.0	1.0	1.0					
9187.113	11.804000000000087	trials	11.0	9195.747947	9197.812483	9198.517385000001	9198.803206	9195.023138	9197.850494			1.0	2.0	0.0	3.0					
9200.928	27.165000000000873	trials	11.0	9223.278594	9224.770349	9225.816248000001	9226.051852	9222.573786	9225.21465	9226.384	9228.093	1.0	2.0	1.0	1.0					
9231.185	11.82300000000032	trials	11.0	9237.422998	9238.648292	9239.862734	9240.112648	9236.760134	9239.134742	9240.559	9243.008	1.0	2.0	1.0	1.0					
9245.13	592.514000000001	BlockDesign														1.0	404.0	423.0	50.0	0.0
9245.13	18.113000000001193	trials	12.0	9259.963103	9261.860414	9262.898695	9263.24761	9259.302517	9262.38621			2.0	1.0	0.0	3.0					
9267.253	50.654999999998836	trials	12.0	9313.533655	9315.337118	9316.11235	9316.41397	9312.630773	9315.671599	9316.809	9317.908	2.0	1.0	1.0	1.0					
9320.998	13.601000000000568	trials	12.0	9330.508075	9331.71269	9332.600746	9332.906198	9329.581448	9332.12281	9333.228	9334.599	2.0	1.0	1.0	1.0					
9336.668	14.921000000000276	trials	12.0	9347.703431	9349.389014	9351.163085	9351.595084	9346.808771	9350.535581			2.0	1.0	0.0	3.0					
9355.576	43.71200000000135	trials	12.0	9396.163654	9398.134984	9399.016008	9399.330863000001	9395.508728	9398.559505000001			2.0	1.0	0.0	3.0					
9401.298	33.090000000000146	trials	12.0	9429.265711	9431.330106	9432.294301	9432.556046	9428.635898	9431.837206	9432.894	9434.388	2.0	1.0	1.0	1.0					
9436.481	11.231999999999971	trials	12.0	9444.479336	9446.250617	9447.363408000001	9447.792309	9443.508731	9446.650401			2.0	2.0	0.0	3.0					
9450.724	13.984000000000378	trials	12.0	9461.430617	9463.317745	9464.298472	9464.7085	9460.857325	9463.823874			2.0	1.0	0.0	3.0					
9466.635	31.59900000000016	trials	12.0	9495.218585	9497.001803000001	9497.879249	9498.302627000001	9494.678548	9497.416838000001			2.0	1.0	0.0	3.0					
9502.243	39.05999999999949	trials	12.0	9538.374026	9540.298087000001	9541.037174000001	9541.358426	9537.369275000001	9540.610561			2.0	1.0	0.0	3.0					
9544.314	45.378999999998996	trials	12.0	9585.230539	9586.788432	9587.984099	9588.25706	9584.42312	9587.496158	9588.648	9589.693	2.0	1.0	1.0	1.0					
9591.753	12.644999999998618	trials	12.0	9599.62946	9600.665891	9602.491610000001	9602.725339	9599.018	9601.960835	9603.118	9604.398	2.0	1.0	1.0	1.0					
9607.452	10.26600000000144	trials	12.0	9614.664386	9616.392397	9617.381972000001	9617.664187	9613.757679	9616.876241			2.0	1.0	0.0	3.0					
9619.779	54.564000000000306	trials	12.0	9670.76624	9672.732638	9674.059889	9674.398628	9670.22299	9673.402924			2.0	2.0	0.0	3.0					
9678.353	18.327000000001135	trials	12.0	9693.310336	9695.110856	9696.314762	9696.705399	9692.722231	9695.810408			2.0	1.0	0.0	3.0					
9698.607	45.681000000000495	trials	12.0	9740.025035	9741.416885	9742.578261	9742.892162	9739.148867	9742.057415	9743.224	9744.288	2.0	1.0	1.0	1.0					
9746.378	11.135000000000218	trials	12.0	9752.431591	9753.602813	9755.529389	9755.840108	9751.862231000001	9754.977613000001	9756.198	9757.513	2.0	1.0	1.0	1.0					
9761.604	15.484000000000378	trials	12.0	9773.964699	9775.546392	9776.822302	9777.054126	9773.081206	9776.299494			2.0	1.0	0.0	3.0					
9780.168	43.94599999999991	trials	12.0	9819.969772	9821.104031	9822.388141	9822.598912	9819.342694	9821.934523	9823.118	9824.114	2.0	1.0	1.0	1.0					
9826.138	11.505999999999403	trials	12.0	9834.570152	9836.102933	9837.361673	9837.725417	9833.699012000001	9836.838964			2.0	1.0	0.0	3.0					
9839.783	687.4050000000007	BlockDesign														1.0	424.0	446.0	0.0	50.0
9839.783	26.90099999999984	trials	13.0	9863.094505000001	9864.75717	9865.477047	9865.7621	9862.109908	9864.746535			3.0		0.0	2.0					
9870.761	13.75799999999981	trials	13.0	9881.435872	9882.578878	9884.173159	9884.594867	9880.785859	9883.49984			3.0	2.0	0.0	3.0					
9886.454	21.139000000001033	trials	13.0	9902.995063	9904.516322	9905.6134	9905.851628	9902.439566000001	9904.962122	9906.224	9907.593	3.0	2.0	1.0	1.0					
9910.688	13.010000000000218	trials	13.0	9919.040313	9920.592087	9921.725936	9922.014996	9918.084781	9920.998875000001	9922.463	9923.698	3.0	2.0	1.0	1.0					
9927.768	9.665999999999258	trials	13.0	9932.90526	9934.006712	9935.424171	9935.64869	9932.257442	9934.634126	9936.043	9937.434	3.0	2.0	1.0	1.0					
9940.528	9.740999999999985	trials	13.0	9947.330244	9948.922964	9949.931044	9950.133722	9946.720961	9949.263886			3.0	2.0	0.0	3.0					
9952.279	43.23400000000038	trials	13.0	9990.776	9992.207004	9993.412525	9993.698251	9990.069914	9992.75174	9994.028	9995.513	3.0	2.0	1.0	1.0					
9997.67	28.12800000000061	trials	13.0	10022.605691	10024.657555	10025.51883	10025.848547	10021.963747	10024.877404			3.0	2.0	0.0	3.0					
10028.809	19.22900000000118	trials	13.0	10043.146381	10044.933839	10045.927723	10046.21421	10042.150411	10045.241477	10046.593	10048.038	3.0	2.0	1.0	1.0					
10051.982	49.201999999999316	trials	13.0	10098.31593	10100.003109000001	10100.840109	10101.186310000001	10097.456328	10100.202815			3.0	2.0	0.0	3.0					
10103.193	21.710000000000946	trials	13.0	10120.635205	10122.251297	10123.029722	10123.22888	10119.769739	10122.385358	10123.543	10124.903	3.0	2.0	1.0	1.0					
10126.921	17.302999999999884	trials	13.0	10140.370930000001	10142.217439			10139.673586	10142.2112			3.0		0.0	2.0					
10147.295	15.833000000000538	trials	13.0	10159.815992	10161.291919	10162.860164	10163.153792000001	10159.199473	10161.951873			3.0	2.0	0.0	3.0					
10165.154	63.78399999999965	trials	13.0	10224.736103	10225.878644	10227.12613	10227.367264	10224.016	10226.438438000001	10212.269	10228.938	3.0	2.0	1.0	1.0					
10232.984	39.0	trials	13.0	10268.96185	10270.755886	10271.644082	10272.026948	10268.438243	10270.94605			3.0	2.0	0.0	3.0					
10273.928	46.94499999999971	trials	13.0	10316.646497	10318.071401000001	10319.062651	10319.286907	10316.094566	10318.395281000001	10319.653	10320.873	3.0	2.0	1.0	1.0					
10322.923	24.63299999999981	trials	13.0	10344.602827	10345.7626	10347.195203	10347.613594	10344.039235	10346.492612			3.0	2.0	0.0	3.0					
10349.483	30.490999999999985	trials	13.0	10376.676037000001	10378.04423	10378.969027	10378.992049	10375.904761	10378.028591			3.0		0.0	2.0					
10384.019	26.17399999999907	trials	13.0	10407.281527	10408.708268	10409.861295	10410.254262	10406.458583	10409.152198			3.0	2.0	0.0	3.0					
10413.233	26.575999999999112	trials	13.0	10434.643263	10435.713239	10437.787076	10438.023947	10434.081935	10437.112408	10438.364	10439.809	3.0	2.0	1.0	1.0					
10441.898	18.05500000000029	trials	13.0	10454.856848	10456.801789000001	10457.859794	10458.177026	10453.860224	10457.134912	10458.623	10459.953	3.0	2.0	1.0	1.0					
10463.974	15.337999999999738	trials	13.0	10476.268238	10477.918297	10478.960105	10479.378593	10475.387722	10478.23198			3.0	2.0	0.0	3.0					
10481.233	45.95499999999993	trials	13.0	10522.596548	10524.438161	10525.275001	10525.561385	10521.675743	10524.634540000001	10526.013	10527.188	3.0	2.0	1.0	1.0					
10531.283	980.1750000000011	BlockDesign														1.0	447.0	486.0	50.0	50.0
10531.283	18.13500000000022	trials	14.0	10544.582051	10546.288969000001	10547.324347	10547.528828	10543.870586000001	10546.855924	10547.934	10549.418	2.0	1.0	1.0	1.0					
10551.434	21.25	trials	14.0	10570.247232	10571.448965	10572.410909	10572.739697	10569.255029	10571.977541			2.0	1.0	0.0	3.0					
10575.763	36.974999999998545	trials	14.0	10608.152212	10609.473343	10610.637861	10610.956643	10607.268737	10610.04517	10611.238	10612.738	3.0	2.0	1.0	1.0					
10614.779	15.394000000000233	trials	14.0	10625.35349	10627.229363	10628.051258	10628.421535	10624.836298	10627.37578	10628.908	10630.173	3.0	2.0	1.0	1.0					
10634.061	8.782000000001062	trials	14.0	10639.809083	10641.474458	10642.504562	10642.831654	10638.960351	10641.796247			3.0	2.0	0.0	3.0					
10645.923	27.125	trials	14.0	10670.059271	10671.895685	10672.774594	10673.013853	10669.354981	10672.286264			2.0	1.0	0.0	3.0					
10675.123	37.13000000000102	trials	14.0	10708.127558	10709.85178	10710.484423	10710.744348	10707.135518000001	10709.980897	10711.108	10712.253	2.0	1.0	1.0	1.0					
10715.358	8.635000000000218	trials	14.0	10721.407423	10722.659149	10723.652218	10724.02254	10720.504057	10723.024687000001			3.0	2.0	0.0	3.0					
10726.048	26.36499999999978	trials	14.0	10748.104274000001	10749.480587	10750.448553	10750.699997	10747.594733	10749.770421000001	10751.048	10752.413	3.0	2.0	1.0	1.0					
10756.493	6.680000000000291	trials	14.0	10759.927603	10761.730808	10762.723091	10763.25561	10759.285378	10762.0348			3.0	2.0	0.0	3.0					
10765.068	25.265000000001237	trials	14.0	10785.667418	10787.504234	10788.210574	10788.461557	10784.823346000001	10787.56333	10788.868	10790.333	3.0	2.0	1.0	1.0					
10793.354	6.364000000001397	trials	14.0	10797.269384	10798.409660000001	10799.454199	10799.714333	10796.304847	10798.947097			2.0	1.0	0.0	3.0					
10802.769	41.89400000000023	trials	14.0	10841.802317	10843.154747	10844.244944	10844.745206	10841.290216	10843.55			3.0	2.0	0.0	3.0					
10846.523	23.735000000000582	trials	14.0	10867.684465	10869.091618	10869.930829	10870.179884000001	10866.844942	10869.468287			2.0	1.0	0.0	3.0					
10874.312	23.49699999999939	trials	14.0	10894.019830000001	10895.247466	10896.088057	10896.401354	10893.018801	10895.633032	10896.993	10897.809	2.0	1.0	1.0	1.0					
10900.873	18.060999999999694	trials	14.0	10914.838393	10916.375702000001	10917.273685	10917.484685	10914.038545	10916.787788	10917.788	10918.934	2.0	1.0	1.0	1.0					
10921.023	9.536000000000058	trials	14.0	10927.644454000001	10929.321638	10930.277725	10930.495066	10926.858464	10929.762194			2.0	1.0	0.0	3.0					
10932.563	34.32500000000073	trials	14.0	10962.717928	10964.245693	10965.133385000001	10965.376213	10962.180482	10964.706268	10965.788	10966.888	2.0	1.0	1.0	1.0					
10970.908	8.93500000000131	trials	14.0	10974.908474	10976.643304000001	10977.582137	10977.850546	10974.331871	10977.063017	10978.184	10979.843	2.0	1.0	1.0	1.0					
10981.918	7.568999999999505	trials	14.0	10986.23375	10988.300881	10989.106039	10989.520016	10985.628719	10988.42957			3.0	2.0	0.0	3.0					
10992.428	18.204999999999927	trials	14.0	11007.914961	11009.481713000001	11010.30142	11010.499859	11007.13789	11009.817869			2.0	1.0	0.0	3.0					
11013.67	22.542999999999665	trials	14.0	11032.019753	11033.356865	11034.326383	11034.577774	11031.164426	11033.695511	11034.978	11036.213	3.0	2.0	1.0	1.0					
11040.229	7.574000000000524	trials	14.0	11043.01294	11044.737278	11045.807321	11046.044456	11042.496290000001	11045.178748	11046.458	11047.803	3.0	2.0	1.0	1.0					
11050.81	8.993000000000393	trials	14.0	11056.868708	11058.320662	11059.492994	11059.783267	11055.890342	11058.748696			3.0	2.0	0.0	3.0					
11061.878	32.039999999999054	trials	14.0	11089.810303	11091.153608	11092.03433	11092.321261000001	11089.209752	11091.447772	11092.778	11093.918	3.0	2.0	1.0	1.0					
11096.938	6.440000000000509	trials	14.0	11100.70397	11102.307563	11103.11882	11103.356331	11100.021079	11102.662531			2.0	1.0	0.0	3.0					
11106.453	24.980999999999767	trials	14.0	11128.748633	11129.901374000001	11130.851296	11131.518248	11127.962656	11130.228374			3.0	2.0	0.0	3.0					
11133.188	55.47999999999956	trials	14.0	11184.185491	11185.99579	11186.971018	11187.168685	11183.432308	11186.470147	11187.593	11188.668	2.0	1.0	1.0	1.0					
11191.688	9.581000000000131	trials	14.0	11197.748858	11199.743189	11200.944049	11201.192806000001	11197.236812	11200.470823			2.0	1.0	0.0	3.0					
11205.357	31.870999999999185	trials	14.0	11232.435776	11234.401234	11235.065682	11235.366644	11231.849195	11234.47796	11235.918	11237.228	3.0	2.0	1.0	1.0					
11239.258	12.425999999999476	trials	14.0	11247.265496	11248.687378999999	11249.901464	11250.066097	11246.596658	11249.403457	11250.483	11251.684	2.0	1.0	1.0	1.0					
11255.703	22.110000000000582	trials	14.0	11274.529763	11276.522658	11277.542821	11277.835478	11273.614598	11276.848747			3.0	2.0	0.0	3.0					
11280.818	26.28100000000086	trials	14.0	11303.044164	11304.299045	11305.276117000001	11305.477469000001	11302.373912	11304.635012	11305.913	11307.099	3.0	2.0	1.0	1.0					
11310.184	58.25	trials	14.0	11364.294598	11365.951529	11366.726499	11366.924266	11363.739184	11366.306357000001	11367.463	11368.434	2.0	1.0	1.0	1.0					
11370.519	9.054000000000087	trials	14.0	11376.36967	11378.347585	11379.302132	11379.543101	11375.555453	11378.578067			3.0	2.0	0.0	3.0					
11382.583	29.18000000000029	trials	14.0	11409.010036	11411.088655	11411.507726	11411.658207	11408.134046	11411.048688			2.0	1.0	0.0	3.0					
11415.839	27.719999999999345	trials	14.0	11440.210022	11441.966442	11443.168160000001	11443.644418	11439.300679	11442.655494999999			2.0	1.0	0.0	3.0					
11445.483	41.1299999999992	trials	14.0	11482.625254	11484.148255	11484.93905	11485.153561	11481.855857	11484.518025000001	11485.678	11486.613	2.0	1.0	1.0	1.0					
11490.696	10.012000000000626	trials	14.0	11495.795011	11497.571926	11498.586539	11498.883973	11494.980862	11497.930305	11499.354	11500.708	3.0	2.0	1.0	1.0					
11502.809	8.649000000001251	trials	14.0	11508.264848	11510.233245	11511.199747999999	11511.541729	11507.406383	11510.538271000001			3.0	2.0	0.0	3.0					
11514.607	218.8809999999994	BlockDesign														1.0	487.0	492.0	0.0	0.0
11514.607	43.84599999999955	trials	15.0	11556.155345	11557.294804000001	11558.111926	11558.46701	11555.619995000001	11557.617769			2.0	1.0	0.0	3.0					
11562.463	63.60499999999956	trials	15.0	11622.370432	11624.147858			11621.488586	11624.133038			2.0		0.0	2.0					
11630.076	24.757000000001426	trials	15.0	11651.910673	11653.216937000001	11654.443373	11654.91721	11651.005757	11653.83808			2.0	2.0	0.0	3.0					
11658.729	19.204999999999927	trials	15.0	11674.755534	11676.807158	11677.589144	11677.936529	11673.845379	11677.127962			2.0	1.0	0.0	3.0					
11681.943	23.735000000000582	trials	15.0	11702.350412	11704.267179	11705.106173	11705.761435	11701.626569	11704.708096			2.0	1.0	0.0	3.0					
11709.453	24.034999999999854	trials	15.0	11731.266612	11732.491735			11730.267762	11732.898539			2.0	2.0	0.0	3.0					
11738.883	121.0	BlockDesign														1.0	493.0	497.0	0.0	0.0
11738.883	8.350000000000364	trials	16.0	11743.866196	11745.422444	11746.658564000001	11747.317451	11743.334	11746.04303			3.0	2.0	0.0	3.0					
11750.008	19.68000000000029	trials	16.0	11766.41188	11768.338624	11769.307306	11769.773018	11765.834456	11768.603776			3.0	2.0	0.0	3.0					
11772.609	37.77900000000045	trials	16.0	11807.716115	11808.973253	11810.061409	11810.447655	11807.005182	11809.387957			3.0	2.0	0.0	3.0					
11814.404	15.638999999999214	trials	16.0	11827.062507999999	11828.557327	11829.612125	11830.126333	11826.354911	11828.942013			3.0	2.0	0.0	3.0					
11833.988	25.895000000000437	trials	16.0	11856.926080000001	11858.646934	11859.687188	11859.970295	11856.3773	11859.001868			3.0	2.0	0.0	3.0					
11862.029	1164.5990000000002	BlockDesign														1.0	498.0	545.0	50.0	50.0
11862.029	21.394000000000233	trials	17.0	11878.541202	11879.917804	11881.511979	11881.738679	11877.596197	11880.897822	11882.283	11883.423	2.0	1.0	1.0	1.0					
11887.478	8.920000000000073	trials	17.0	11891.492039	11893.232842000001	11894.290404	11894.589728	11890.745233	11893.566896	11895.013	11896.398	3.0	2.0	1.0	1.0					
11899.418	7.617000000000189	trials	17.0	11904.26602	11906.227855000001	11906.700762	11907.10202	11903.424486	11906.171508			2.0	1.0	0.0	3.0					
11909.958	33.164999999999054	trials	17.0	11939.920197	11941.19888			11939.065475	11941.194347			3.0		0.0	2.0					
11947.173	29.604999999999563	trials	17.0	11974.262323	11975.778629	11976.509275	11976.863301000001	11973.307915000001	11975.893321			3.0	2.0	0.0	3.0					
11978.773	31.30500000000029	trials	17.0	12007.492044999999	12008.938843	12009.685435	12010.165599	12006.729545	12009.254974			2.0	1.0	0.0	3.0					
12012.988	24.960000000000946	trials	17.0	12034.141591	12035.525047	12036.250388	12036.48635	12033.312332	12035.82518	12036.989	12037.948	2.0	1.0	1.0	1.0					
12039.968	11.944999999999709	trials	17.0	12046.90727	12048.745298	12049.858184	12050.110127	12046.136191	12049.146773	12050.478	12051.913	3.0	2.0	1.0	1.0					
12054.984	9.114999999999782	trials	17.0	12061.101471	12062.173346	12063.533826	12064.183766	12060.104683	12062.782435000001			2.0	2.0	0.0	3.0					
12066.818	22.19000000000051	trials	17.0	12086.18162	12087.798326	12088.544047	12089.094875	12085.285699	12087.900949			3.0	2.0	0.0	3.0					
12090.823	21.295000000000073	trials	17.0	12108.7023	12110.759011	12111.559448	12112.203175999999	12107.769272	12110.85			3.0	2.0	0.0	3.0					
12115.903	15.226999999998952	trials	17.0	12127.188785	12128.429728	12129.466354	12129.672844	12126.645868	12128.997592	12130.199	12131.13	2.0	1.0	1.0	1.0					
12134.213	13.886000000000422	trials	17.0	12143.707093	12145.724221	12146.385845	12146.54846	12142.937006	12145.960076	12147.048	12148.099	2.0	1.0	1.0	1.0					
12152.189	10.213999999999942	trials	17.0	12159.532424	12160.89071	12162.073712000001	12162.227935	12158.952176	12161.56866			2.0	1.0	0.0	3.0					
12164.478	30.38500000000022	trials	17.0	12191.167069	12192.854444	12193.505693	12193.81128	12190.598743	12192.844976			3.0		0.0	2.0					
12196.938	16.229999999999563	trials	17.0	12210.502346000001	12211.785489	12212.894353	12213.203631	12209.54578	12212.332907			3.0	1.0	0.0	3.0					
12216.174	35.31999999999971	trials	17.0	12248.634294	12249.507117			12247.86642	12249.491307			2.0		0.0	2.0					
12254.573	36.86099999999897	trials	17.0	12288.375379	12290.211768	12290.840736999999	12291.457471	12287.658789	12290.3172			2.0	1.0	0.0	3.0					
12293.228	27.525000000001455	trials	17.0	12315.828178	12316.940544	12318.092847	12318.415344	12315.144472	12317.376463999999	12318.809	12320.753	3.0	2.0	1.0	1.0					
12322.818	10.340000000000146	trials	17.0	12330.394086999999	12331.829989	12332.803571999999	12333.165568	12329.398365	12332.160418			3.0	2.0	0.0	3.0					
12335.214	25.54399999999987	trials	17.0	12357.920535	12359.375994	12360.360537999999	12360.690123999999	12357.160023	12359.653896			3.0	2.0	0.0	3.0					
12363.764	22.989000000001397	trials	17.0	12381.823709999999	12383.415342	12384.521649	12384.848598999999	12380.832465	12383.847421999999	12385.148	12386.753	3.0	2.0	1.0	1.0					
12390.838	14.25	trials	17.0	12400.179277	12402.087105999999	12402.87978	12403.095723999999	12399.355195	12402.346618	12403.668	12405.088	2.0	1.0	1.0	1.0					
12409.118	10.779999999998836	trials	17.0	12415.509492	12417.226084	12418.003099	12418.220947	12414.831439	12417.503295999999	12418.653	12419.898	2.0	1.0	1.0	1.0					
12423.983	14.038000000000466	trials	17.0	12433.304425	12434.761383	12437.695625999999	12438.045558	12432.635976	12434.758662			2.0		0.0	2.0					
12438.818	36.10200000000077	trials	17.0	12471.504916	12472.896402999999	12473.958222	12474.231458999999	12470.704646999999	12472.892203			3.0		0.0	2.0					
12478.939	14.468999999999141	trials	17.0	12491.031022	12492.232071999999	12493.022122999999	12493.280614	12490.054645	12492.573005			2.0	1.0	0.0	3.0					
12495.415	26.6929999999993	trials	17.0	12519.179664	12520.274911	12521.676540999999	12522.131823	12518.217595	12521.005170999999			2.0	2.0	0.0	3.0					
12525.06	100.64300000000003	trials	17.0	12622.914094	12624.13193	12625.10671	12625.726265	12622.11579	12624.45784			3.0	2.0	0.0	3.0					
12628.583	16.654999999998836	trials	17.0	12641.189457	12642.399366	12643.428664	12643.641666	12640.50052	12642.875105	12644.218	12645.238	2.0	1.0	1.0	1.0					
12648.258	20.56999999999971	trials	17.0	12663.671316	12665.461828	12666.565251	12666.809554	12662.79522	12665.957515	12667.243	12668.828	3.0	2.0	1.0	1.0					
12670.904	20.101999999998952	trials	17.0	12685.954747	12687.98589	12689.08668	12689.388427	12685.113777999999	12687.901419	12689.649	12691.006	3.0	2.0	1.0	1.0					
12694.063	23.274999999999636	trials	17.0	12714.255448	12715.776751	12716.871621999999	12717.360754	12713.691576	12716.360133999999			2.0	1.0	0.0	3.0					
12721.253	22.625	trials	17.0	12739.050094	12740.668915999999	12741.764743	12741.995325	12738.363497999999	12741.061455	12742.368	12743.878	3.0	2.0	1.0	1.0					
12746.769	13.904000000000451	trials	17.0	12756.039601	12757.628118999999	12758.519844	12758.76483	12755.162828999999	12757.799604	12759.224	12760.673	3.0	2.0	1.0	1.0					
12763.828	10.875	trials	17.0	12771.854847999999	12773.09743	12774.32833	12774.654857	12771.178451	12773.607268			3.0	2.0	0.0	3.0					
12776.734	17.84900000000016	trials	17.0	12791.650195	12793.401709	12794.263224	12794.521225	12790.934438	12793.685239			2.0	1.0	0.0	3.0					
12796.658	29.145000000000437	trials	17.0	12821.329987	12822.870346	12823.874840999999	12824.076890999999	12820.621836999999	12823.322554	12824.474	12825.803	2.0	1.0	1.0	1.0					
12827.823	12.252999999998792	trials	17.0	12836.805298	12838.389082	12839.630238	12840.071877999999	12836.195979	12838.917705			2.0	2.0	0.0	3.0					
12844.048	20.175999999999476	trials	17.0	12860.909838	12862.236783999999	12863.152143	12863.485045	12859.963917	12862.226203			3.0		0.0	2.0					
12866.228	16.44000000000051	trials	17.0	12879.211786	12881.185694	12882.29424	12882.65235	12878.696055999999	12881.632543			3.0	2.0	0.0	3.0					
12885.675	14.369000000000597	trials	17.0	12896.870484	12898.571286999999	12899.635350999999	12899.936416	12896.087537	12899.147775			2.0	1.0	0.0	3.0					
12903.019	24.994000000000597	trials	17.0	12923.310692	12924.667636999999	12926.134682	12926.345355	12922.633069	12925.651432999999	12926.758	12928.013	2.0	1.0	1.0	1.0					
12931.153	10.244999999998981	trials	17.0	12938.360647	12940.12096	12940.968749	12941.423329	12937.585772	12940.495308			2.0	1.0	0.0	3.0					
12945.423	35.98499999999876	trials	17.0	12977.140726	12978.47925	12979.528473999999	12979.781828	12976.381535999999	12978.815187	12980.228	12981.408	3.0	2.0	1.0	1.0					
12983.474	10.279000000000451	trials	17.0	12989.480572	12990.541919	12991.788682	12992.029136	12988.58841	12991.170085	12992.623	12993.753	2.0	1.0	1.0	1.0					
12995.773	14.755000000001019	trials	17.0	13005.422223	13006.894161999999	13008.160327	13008.452518	13004.541075	13007.453791	13008.787	13010.528	3.0	2.0	1.0	1.0					
13014.603	12.025000000001455	trials	17.0	13023.265781999999	13025.039181	13026.41341	13026.652903	13022.443798	13025.70038			3.0	2.0	0.0	3.0					
13029.826	326.0420000000013	BlockDesign														1.0	546.0	565.0	90.0	50.0
13029.826	18.467000000000553	trials	18.0	13042.034935	13043.785023	13046.247748	13046.507341999999	13041.304677	13045.683927999999	13046.934	13048.293	1.0	1.0	1.0	1.0					
13050.228	9.405000000000655	trials	18.0	13055.297095	13057.634418	13059.235434	13059.542607	13054.608895	13058.497201999999			1.0	2.0	0.0	3.0					
13063.644	15.531999999999243	trials	18.0	13074.105786	13075.553103	13077.219686	13077.473441999999	13073.340481	13076.518798	13077.948	13079.176	1.0	2.0	1.0	1.0					
13082.224	8.173000000000684	trials	18.0	13087.096596	13088.707311999999	13090.003311	13090.36845	13086.369085	13089.179972			1.0	2.0	0.0	3.0					
13092.333	52.89099999999962	trials	18.0	13142.351902	13143.513278	13144.824714	13145.250576	13141.619768	13144.128503			1.0	2.0	0.0	3.0					
13148.279	23.243999999998778	trials	18.0	13167.181598	13168.74354	13169.727396999999	13169.923375	13166.551389999999	13169.224296999999	13170.498	13171.523	1.0	1.0	1.0	1.0					
13173.658	18.441000000000713	trials	18.0	13188.076254	13189.508909	13190.330392	13190.508821	13187.424729999999	13189.813914999999	13191.053	13192.099	1.0	1.0	1.0	1.0					
13196.173	10.1299999999992	trials	18.0	13201.870993	13203.214353	13204.49121	13204.691498	13200.994166999999	13203.988969	13205.218	13206.303	1.0	1.0	1.0	1.0					
13210.463	7.514999999999418	trials	18.0	13213.200934	13214.853242	13215.987217	13216.195469	13212.670225	13215.409816	13216.773	13217.978	1.0	1.0	1.0	1.0					
13221.061	8.016999999999825	trials	18.0	13224.566507	13226.183357	13227.048385	13227.261819	13223.786715999999	13226.567545	13227.724	13229.078	1.0	1.0	1.0	1.0					
13233.099	8.838999999999942	trials	18.0	13236.947734	13238.475768999999	13239.751640999999	13240.029729	13235.969152	13239.2376	13240.428	13241.938	1.0	1.0	1.0	1.0					
13244.003	8.720999999999549	trials	18.0	13248.181671	13250.015983	13250.619939	13250.813256	13247.459605	13250.185473	13251.293	13252.724	1.0	1.0	1.0	1.0					
13256.74	7.813000000000102	trials	18.0	13260.156665999999	13261.722431999999	13262.701566	13262.871471999999	13259.521545	13262.226981	13263.349	13264.553	1.0	1.0	1.0	1.0					
13266.573	11.174999999999272	trials	18.0	13272.861882	13274.752269999999	13275.589786	13275.768974999999	13271.924973	13275.092458	13276.198	13277.748	1.0	1.0	1.0	1.0					
13281.813	8.049999999999272	trials	18.0	13285.18695	13286.893764	13287.693954999999	13287.907627	13284.402682	13287.21903	13288.296	13289.863	1.0	1.0	1.0	1.0					
13292.929	9.013999999999214	trials	18.0	13297.536433	13299.033072999999	13299.980038	13300.161478	13296.552324	13299.493702	13300.753	13301.943	1.0	1.0	1.0	1.0					
13303.963	18.530000000000655	trials	18.0	13317.851934999999	13319.714472	13320.409249	13320.587680999999	13317.337974999999	13319.942545	13321.203	13322.493	1.0	1.0	1.0	1.0					
13325.513	8.05999999999949	trials	18.0	13329.057351	13330.723914	13331.565541	13331.774017	13328.31243	13331.025931	13332.218	13333.573	1.0	1.0	1.0	1.0					
13335.623	8.960000000000946	trials	18.0	13339.967352	13341.518952999999	13342.559655	13342.743856	13339.25058	13342.038399	13343.328	13344.583	1.0	1.0	1.0	1.0					
13346.703	9.165000000000873	trials	18.0	13350.901716999999	13352.851257	13353.683067	13353.847789	13350.361386	13353.177023	13354.363	13355.868	1.0	1.0	1.0	1.0					
13358.894	678.3439999999991	BlockDesign														1.0	566.0	601.0	50.0	90.0
13358.894	9.574000000000524	trials	19.0	13363.856883	13365.491919	13366.353815999999	13366.520376	13362.876669	13365.882807	13367.059	13368.468	1.0	1.0	1.0	1.0					
13370.519	8.97899999999936	trials	19.0	13375.361904	13376.606780999999	13377.469333	13377.651547	13374.657399	13376.955532	13378.328	13379.498	1.0	1.0	1.0	1.0					
13383.588	7.985000000000582	trials	19.0	13388.06783	13389.703416999999	13391.129315999999	13391.387196	13387.479212	13390.353028			1.0	1.0	0.0	3.0					
13395.588	19.47099999999955	trials	19.0	13409.878712	13411.434030999999	13412.919702	13413.150846	13408.888514999999	13412.411371	13413.778	13415.059	1.0	1.0	1.0	1.0					
13419.107	6.076999999999316	trials	19.0	13422.102165999999	13423.490861999999	13424.809116999999	13425.121201	13421.550451	13424.293823			1.0	1.0	0.0	3.0					
13427.253	36.51000000000022	trials	19.0	13460.140285	13461.394041	13462.607263	13463.01361	13459.630688	13461.848691			1.0	2.0	1.0	1.0					
13466.28	21.243999999998778	trials	19.0	13482.496962	13484.051931	13485.260164	13485.58941	13481.940771	13484.466685	13486.053	13487.524	1.0	2.0	1.0	1.0					
13489.658	10.670000000000073	trials	19.0	13495.332101	13497.015378	13498.216338999999	13498.540670999999	13494.806788	13497.453403	13499.048	13500.328	1.0	2.0	1.0	1.0					
13503.413	6.944999999999709	trials	19.0	13506.722848	13508.334012	13509.984453	13510.319953	13505.965966	13508.962169999999			1.0	2.0	0.0	3.0					
13513.434	44.02400000000125	trials	19.0	13553.057971	13554.123846999999	13555.502172999999	13555.748671	13552.206637	13555.035689999999	13556.184	13557.458	1.0	1.0	1.0	1.0					
13561.533	14.691000000000713	trials	19.0	13571.468029	13572.631318	13574.033695999999	13574.270161	13570.527424	13573.223084	13574.843	13576.224	1.0	2.0	1.0	1.0					
13580.279	11.673999999999069	trials	19.0	13586.992242	13588.488286	13589.787267	13590.030103	13586.028795999999	13589.040783999999	13590.418	13591.953	1.0	2.0	1.0	1.0					
13595.094	10.46900000000096	trials	19.0	13600.308272999999	13602.258055	13603.316676999999	13603.547730999999	13599.716241999999	13602.592886999999	13603.958	13605.563	1.0	2.0	1.0	1.0					
13608.603	18.390000000001237	trials	19.0	13621.538713	13623.469632	13624.390244999999	13624.575143999999	13620.671322999999	13623.842512	13625.063	13626.993	1.0	1.0	1.0	1.0					
13629.013	15.534999999999854	trials	19.0	13640.313693	13641.533011	13642.630396	13642.777581999999	13639.645348	13642.145943	13643.373	13644.548	1.0	1.0	1.0	1.0					
13646.601	8.292999999999665	trials	19.0	13651.827415	13653.939352	13654.516512	13654.761811	13650.827662	13653.997777			1.0	1.0	0.0	3.0					
13657.9	31.27400000000125	trials	19.0	13684.424527	13685.779932	13686.937038	13687.237116	13683.859220999999	13686.242301999999	13687.599	13689.174	1.0	2.0	1.0	1.0					
13692.038	9.029999999998836	trials	19.0	13696.153209	13698.020892999999	13699.027213	13699.250017	13695.507988	13698.287223	13699.758	13701.068	1.0	2.0	1.0	1.0					
13705.221	8.298000000000684	trials	19.0	13708.998456	13710.253338999999	13711.40862	13711.660821	13708.135038999999	13710.666965999999	13712.144	13713.519	1.0	2.0	1.0	1.0					
13715.576	8.972000000001572	trials	19.0	13722.327750999999	13723.462873	13724.239564	13724.428938	13721.749107	13723.786962999999			1.0	1.0	0.0	3.0					
13726.554	69.33400000000074	trials	19.0	13791.198322	13792.694583999999	13793.665466999999	13793.902011999999	13790.211682	13792.910613	13794.349	13795.888	1.0	2.0	1.0	1.0					
13799.808	8.924999999999272	trials	19.0	13803.743000999999	13805.580402	13806.505874999999	13806.815601999999	13802.925318	13805.632681	13807.285	13808.733	1.0	2.0	1.0	1.0					
13812.821	8.891999999999825	trials	19.0	13816.23892	13817.710336	13818.557619	13818.789098	13815.477829	13817.742737999999	13819.173	13821.713	1.0	2.0	1.0	1.0					
13825.779	6.989999999999782	trials	19.0	13830.799944999999	13831.914902999999	13832.411478999999	13832.78875	13829.821665	13831.941364			1.0	1.0	0.0	3.0					
13836.728	32.29500000000007	trials	19.0	13864.318618	13865.849505	13866.837232	13867.126503	13863.570501	13866.145539	13867.513	13869.023	1.0	2.0	1.0	1.0					
13872.063	10.680000000000291	trials	19.0	13877.038743	13879.001027999999	13879.949139999999	13880.221639	13876.479652	13879.234048	13880.608	13882.743	1.0	2.0	1.0	1.0					
13886.809	9.18500000000131	trials	19.0	13890.974149	13892.881959	13893.922292	13894.146589	13890.375661	13893.188634999999	13894.638	13895.994	1.0	2.0	1.0	1.0					
13900.043	10.255000000001019	trials	19.0	13905.523739	13907.15037	13908.255444999999	13908.447975	13904.738841999999	13907.429884	13908.953	13910.298	1.0	2.0	1.0	1.0					
13914.378	6.694999999999709	trials	19.0	13917.783642999999	13919.089936			13916.786376	13919.082795			1.0		0.0	2.0					
13923.083	21.984999999998763	trials	19.0	13939.880167	13941.969654999999	13943.050254	13943.402978999999	13939.072101	13942.296339999999	13943.838	13945.068	1.0	2.0	1.0	1.0					
13947.094	13.564000000000306	trials	19.0	13955.408908	13957.466531999999	13958.512609	13958.723630999999	13954.742176	13957.744722	13959.198	13960.658	1.0	2.0	1.0	1.0					
13963.809	9.085000000000946	trials	19.0	13968.454190999999	13969.824563999999	13970.694438999999	13970.881564	13967.627326	13969.952686999999	13971.319	13972.894	1.0	2.0	1.0	1.0					
13975.913	8.524999999999636	trials	19.0	13980.019124999999	13981.065831	13982.227573	13982.467912	13979.381182	13981.426809999999	13982.918	13984.438	1.0	2.0	1.0	1.0					
13986.514	9.84900000000016	trials	19.0	13992.50932	13994.10132	13996.098426999999	13996.393333	13991.695951	13994.098753			1.0		0.0	2.0					
13999.158	23.236000000000786	trials	19.0	14017.755705	14019.28942	14020.333697999999	14020.589055999999	14017.176468	14019.566502	14021.048	14022.394	1.0	2.0	1.0	1.0					
14025.482	11.755999999999403	trials	19.0	14033.659135	14035.080811	14036.096989	14036.333166	14032.658973	14035.398895			1.0	2.0	1.0	1.0					
14041.658	183.96500000000015	BlockDesign														1.0	602.0	607.0	0.0	0.0
14041.658	16.363000000001193	trials	20.0	14055.344471999999	14056.465027	14057.596379999999	14057.991935999999	14054.385079	14056.781539			1.0	2.0	0.0	3.0					
14060.936	18.0570000000007	trials	20.0	14076.259686	14078.093981999999	14078.668291	14078.95779	14075.273368	14078.105452			1.0	1.0	0.0	3.0					
14083.003	25.34599999999955	trials	20.0	14105.319674999999	14106.521133999999	14107.76115	14108.373653999999	14104.808294999999	14106.969226			1.0	2.0	0.0	3.0					
14112.227	50.03600000000006	trials	20.0	14158.381475999999	14160.281754	14161.22047	14161.593122999999	14157.807624	14160.27333			1.0		0.0	2.0					
14165.313	17.717000000000553	trials	20.0	14180.184969	14181.642327	14182.557514	14183.037602999999	14179.594894	14182.019121			1.0	1.0	0.0	3.0					
14185.953	39.67000000000007	trials	20.0	14222.591441999999	14224.498327	14225.479562999999	14226.044254	14221.695628	14224.801338			1.0	2.0	0.0	3.0					
14227.878	2538.8199999999997	BlockDesign														1.0	608.0	640.0	10.0	50.0
14227.878	43.49499999999898	trials	21.0	14268.216901	14269.814701	14270.995291	14271.352303	14267.350333999999	14270.240025			1.0	2.0	0.0	3.0					
14274.453	64.93500000000131	trials	21.0	14336.154897999999	14338.031733	14339.069884	14339.375628	14335.552708	14338.539165999999			1.0	1.0	0.0	3.0					
14343.424	28.854999999999563	trials	21.0	14369.051963999998	14370.191968	14371.902527	14372.237013999998	14368.236552999999	14371.18968			1.0	1.0	0.0	3.0					
14375.293	40.26000000000022	trials	21.0	14412.216945	14413.438126	14415.031284	14415.581724	14411.501882999999	14414.256804999999			1.0	2.0	0.0	3.0					
14417.483	33.70099999999911	trials	21.0	14448.176775	14449.207348			14447.295747	14449.19883			1.0		0.0	2.0					
14454.234	486.4539999999997	trials	21.0	14937.767059	14939.179038999999	14940.311958999999	14940.634182	14937.017028999999	14939.703765999999			1.0	1.0	0.0	3.0					
14942.693	32.03100000000086	trials	21.0	14971.876898999999	14973.596398	14974.404145	14974.709106999999	14970.893497	14973.880088999998			1.0	1.0	0.0	3.0					
14978.803	46.32500000000073	trials	21.0	15020.626795	15021.905858999999	15022.929768999998	15023.152558	15020.057588	15022.239537	15023.593	15025.128	1.0	2.0	1.0	1.0					
15028.22	48.163000000000466	trials	21.0	15071.112390999999	15072.757612	15073.911625	15074.120641	15070.31118	15073.11948	15074.508	15076.383	1.0	2.0	1.0	1.0					
15079.469	14.1150000000016	trials	21.0	15090.194454999999	15092.045586	15093.046264	15093.613978	15089.555667999999	15092.278015			1.0	2.0	0.0	3.0					
15095.498	73.21000000000095	trials	21.0	15165.184685	15166.659591	15167.506666	15167.985282	15164.480126999999	15166.655653			1.0		0.0	2.0					
15172.724	31.884000000000015	trials	21.0	15202.003192	15203.201845	15204.233815	15204.638383	15201.300213999999	15203.504439			1.0	2.0	0.0	3.0					
15206.613	131.79500000000007	trials	21.0	15335.539821999999	15336.870695999998	15338.009055999999	15338.507496999999	15334.686601	15337.176200999998			1.0	2.0	0.0	3.0					
15342.378	24.59599999999955	trials	21.0	15361.939102999999	15363.542715	15364.670184999999	15364.932283999999	15361.350991	15363.885801999999	15365.178	15366.974	1.0	2.0	1.0	1.0					
15368.935	17.5570000000007	trials	21.0	15383.72956	15384.791446	15385.901116	15386.589983999998	15382.808082999998	15385.144950999998			1.0	2.0	0.0	3.0					
15388.188	35.594999999999345	trials	21.0	15420.389892	15421.970087999998	15423.202677	15423.881679999999	15419.493011999999	15422.409672999998			1.0	1.0	0.0	3.0					
15426.569	48.05400000000009	trials	21.0	15471.274602999998	15472.711545999999	15473.913945999999	15474.503940999999	15470.484492999998	15472.703962			1.0		0.0	2.0					
15478.633	52.00500000000102	trials	21.0	15527.339847	15529.186953999999	15530.177699999998	15530.73547	15526.483047	15529.402863			1.0	2.0	0.0	3.0					
15534.503	227.99499999999898	trials	21.0	15758.54575	15759.842474	15761.984154	15762.596332	15757.579689999999	15761.200384			1.0	1.0	0.0	3.0					
15764.319	35.38100000000122	trials	21.0	15796.310661999998	15797.652267999998	15798.527121	15798.86889	15795.461822	15797.648779			1.0		0.0	2.0					
15803.753	119.78499999999985	trials	21.0	15918.851078999998	15920.768537999998	15921.486253	15921.804618999999	15917.993296999999	15920.747957999998	15922.203	15923.538	1.0	2.0	1.0	1.0					
15925.56	23.188000000000102	trials	21.0	15945.366248999999	15946.838738999999	15947.716628999999	15948.134853999998	15944.699610999998	15946.832523			1.0		0.0	2.0					
15951.823	48.8799999999992	trials	21.0	15997.013292999998	15998.689101999998	15999.622270999998	15999.895438	15996.255204	15998.892892			1.0	2.0	1.0	1.0					
16004.188	31.93499999999949	trials	21.0	16031.311341999999	16032.763781999998	16033.85377	16034.134573	16030.780545999998	16033.145787	16034.553	16036.123	1.0	2.0	1.0	1.0					
16040.185	440.4280000000017	trials	21.0	16477.853062	16479.050926	16480.356807	16480.694266	16476.961866999998	16479.82578			1.0	1.0	0.0	3.0					
16482.683	20.62999999999738	trials	21.0	16499.429325999998	16500.918169	16502.240427999997	16502.525468	16498.501249	16501.590272999998			1.0	2.0	1.0	1.0					
16507.764	18.28399999999965	trials	21.0	16521.329952	16522.567794	16523.861892	16524.170603	16520.322906999998	16523.148273	16524.503	16526.048	1.0	2.0	1.0	1.0					
16529.069	26.97400000000198	trials	21.0	16552.773436	16554.135804999998	16555.04439	16555.349187	16552.262126999998	16554.129623			1.0		0.0	2.0					
16560.119	75.83000000000175	trials	21.0	16633.406984999998	16634.531538	16635.514002	16636.052527	16632.720885	16634.766301			1.0	2.0	0.0	3.0					
16638.833	42.89600000000064	trials	21.0	16678.88883	16680.10015	16681.414197	16681.819207	16678.194186	16680.763453			1.0	2.0	0.0	3.0					
16684.668	22.5099999999984	trials	21.0	16703.799105	16705.200649			16702.850276999998	16705.195095			1.0		0.0	2.0					
16709.258	16.739999999997963	trials	21.0	16722.349019999998	16724.220765	16725.695958	16726.060215999998	16721.560615	16725.161512			1.0	1.0	0.0	3.0					
16729.008	37.68999999999869	trials	21.0	16763.04946	16764.939597999997	16766.462419	16766.799896999997	16762.411795	16765.805270999997			1.0	2.0	0.0	3.0					
16768.813	2173.5600000000013	BlockDesign														1.0	641.0	707.0	50.0	10.0
16768.813	18.911000000000058	trials	22.0	16782.334434	16783.965817	16785.69604	16785.926831999997	16781.673339999998	16785.02347	16786.178	16787.724	1.0	2.0	1.0	1.0					
16790.795	17.679000000000087	trials	22.0	16803.415491	16805.399932	16806.436468	16806.762787	16802.889144	16805.75706	16807.158	16808.474	1.0	2.0	1.0	1.0					
16811.564	15.184000000001106	trials	22.0	16823.689131	16824.917138999997	16825.89819	16826.412063	16822.86174	16825.178266			1.0	2.0	0.0	3.0					
16828.208	28.99500000000262	trials	22.0	16854.165943	16855.296907			16853.463766	16855.286641			1.0		0.0	2.0					
16860.209	33.92900000000009	trials	22.0	16890.706078	16892.549676	16893.587373	16894.241673	16890.149556	16892.797875			1.0	2.0	0.0	3.0					
16895.923	27.145000000000437	trials	22.0	16920.319525	16921.591609	16922.766507	16923.172538	16919.677800999998	16922.064446999997			1.0	2.0	0.0	3.0					
16925.063	23.515000000003056	trials	22.0	16945.429614	16946.772139999997	16948.080717999997	16948.681492	16944.47351	16947.316096			1.0	2.0	0.0	3.0					
16952.436	20.36199999999735	trials	22.0	16969.791115	16971.091743999998	16972.469517999998	16972.900397999998	16969.104134999998	16971.722115			1.0	2.0	0.0	3.0					
16976.783	24.27600000000166	trials	22.0	16998.109613999997	16999.918073	17000.808081	17001.089254	16997.401744	17000.231454999997			1.0	1.0	0.0	3.0					
17005.068	37.10499999999956	trials	22.0	17038.876679999998	17040.897372	17041.920895	17042.247667	17038.159096	17041.281337			1.0	2.0	0.0	3.0					
17046.184	123.99399999999878	trials	22.0	17166.620039999998	17168.597223999997	17169.65383	17170.284105	17165.656641999998	17168.909407			1.0	2.0	0.0	3.0					
17172.018	13.534999999999854	trials	22.0	17181.825316	17183.780178999998	17185.137388	17185.655983	17181.243588999998	17184.448989999997			1.0	2.0	0.0	3.0					
17188.474	42.20400000000154	trials	22.0	17227.545724	17228.736964	17230.169433	17230.783572	17226.608025999998	17229.45535			1.0	2.0	0.0	3.0					
17232.404	22.22400000000198	trials	22.0	17249.885718999998	17251.760122	17252.7457	17253.042316	17248.993423	17252.205646	17253.343	17254.628	1.0	1.0	1.0	1.0					
17257.655	12.963999999999942	trials	22.0	17267.360832	17269.085299	17270.259735	17270.701979999998	17266.36908	17269.513557			1.0	2.0	0.0	3.0					
17272.559	33.75	trials	22.0	17303.245441	17305.236072	17305.981738	17306.413074	17302.517191	17305.285541999998			1.0	2.0	0.0	3.0					
17310.224	23.625	trials	22.0	17329.491723	17330.903307	17332.032496	17332.238796999998	17328.780412	17331.528384999998	17332.718	17333.849	1.0	1.0	1.0	1.0					
17335.934	23.04399999999805	trials	22.0	17354.627078999998	17355.692686	17356.509770999997	17356.906184	17353.713172	17356.048512999998	17357.123	17358.978	1.0	1.0	1.0	1.0					
17362.998	29.955000000001746	trials	22.0	17388.725844	17390.277448	17391.233314999998	17391.420173	17388.15586	17390.7025	17391.858	17392.953	1.0	1.0	1.0	1.0					
17396.974	21.444000000003143	trials	22.0	17414.231336999997	17415.970331	17416.599748	17416.757919	17413.610209	17416.117757	17417.253	17418.418	1.0	1.0	1.0	1.0					
17420.438	27.05000000000291	trials	22.0	17445.006328	17446.203507	17447.195223	17447.439096	17444.437393	17446.7065			1.0	1.0	0.0	3.0					
17450.498	46.75500000000102	trials	22.0	17494.246154	17496.015047999997	17496.958322	17497.356423999998	17493.508061	17496.453424			1.0	1.0	0.0	3.0					
17499.305	56.51800000000003	trials	22.0	17553.047652999998	17554.202188	17555.458252	17555.890487999997	17552.121352	17554.678164999998			1.0	2.0	0.0	3.0					
17558.813	22.260000000002037	trials	22.0	17577.941691	17579.813133	17580.771044999998	17581.176675	17577.031939	17580.308629			1.0	1.0	0.0	3.0					
17585.013	28.80500000000029	trials	22.0	17609.906433	17611.077918	17611.969710999998	17612.240221	17609.246632	17611.483815	17612.593	17613.818	1.0	1.0	1.0	1.0					
17616.838	19.306000000000495	trials	22.0	17633.441718	17634.716593999998	17635.91029	17636.179426	17632.863839999998	17635.279724			1.0	1.0	0.0	3.0					
17638.17	38.50800000000163	trials	22.0	17673.357184	17674.693692999997	17675.854891	17676.177544	17672.373679	17674.687998999998			1.0		0.0	2.0					
17680.686	20.947000000000116	trials	22.0	17698.922459999998	17700.02365	17701.329039999997	17701.644912	17698.341699999997	17700.814429			1.0	1.0	0.0	3.0					
17704.644	40.61899999999878	trials	22.0	17741.857144999998	17743.858467	17744.809714	17745.368436999997	17740.961158	17744.047961999997			1.0	2.0	0.0	3.0					
17749.048	15.800999999999476	trials	22.0	17761.991760999997	17763.479679	17764.610201	17764.87053	17761.378000999997	17764.092093			1.0	1.0	0.0	3.0					
17768.908	34.54000000000087	trials	22.0	17800.672351999998	17802.153658	17803.195009	17803.466284	17799.855889	17802.557653			1.0	1.0	0.0	3.0					
17807.523	46.80999999999767	trials	22.0	17851.46287	17852.674425999998	17853.8536	17854.441417	17850.756315	17853.088467999998			1.0	2.0	0.0	3.0					
17856.168	16.965000000000146	trials	22.0	17870.297918999997	17872.171908999997	17872.901574	17873.229563999997	17869.383694	17872.347209			1.0	1.0	0.0	3.0					
17877.203	31.715000000000146	trials	22.0	17905.692568	17907.339765999997	17908.610106	17908.959604	17904.950068	17907.821211			1.0	2.0	0.0	3.0					
17911.928	100.27500000000146	trials	22.0	18008.887998	18010.719745	18011.807087999998	18012.30837	18008.142855	18011.043318			1.0	2.0	0.0	3.0					
18015.053	25.882000000001426	trials	22.0	18038.037834	18039.236224	18040.639157999998	18041.044256999998	18037.049573999997	18039.85396			1.0	2.0	0.0	3.0					
18043.923	19.56000000000131	trials	22.0	18059.178667	18060.323212	18061.69009	18061.954424	18058.611114	18061.063406999998	18062.233	18063.483	1.0	1.0	1.0	1.0					
18065.563	12.970000000001164	trials	22.0	18073.894575	18075.455731	18076.562821	18076.814736	18073.268089999998	18076.029105999998	18077.269	18078.533	1.0	1.0	1.0	1.0					
18080.553	13.455999999998312	trials	22.0	18091.243273	18092.717377	18093.751419	18094.001751	18090.623485	18093.200326			1.0	1.0	0.0	3.0					
18097.021	28.68699999999808	trials	22.0	18123.084555999998	18124.31234	18125.478571	18125.758600999998	18122.248722999997	18125.013630999998			1.0	1.0	0.0	3.0					
18129.753	35.32500000000073	trials	22.0	18162.133624	18163.189845999997	18164.489641	18165.185701	18161.130112	18163.753280999998			1.0	2.0	0.0	3.0					
18168.745	40.012000000002445	trials	22.0	18205.438802999997	18207.128008	18208.15686	18208.863697	18204.643375	18207.436684			1.0	2.0	0.0	3.0					
18210.519	35.40899999999965	trials	22.0	18241.85833	18242.953998999998	18244.108443999998	18244.434665999997	18240.881466	18243.392185999997	18244.703	18245.928	1.0	2.0	1.0	1.0					
18248.008	15.364999999997963	trials	22.0	18260.068358	18261.982033	18262.976855999997	18263.479661999998	18259.271134	18262.271148			1.0	2.0	0.0	3.0					
18267.288	25.389999999999418	trials	22.0	18288.55879	18290.090791	18290.907494	18291.137751	18287.642458	18290.398906	18291.523	18292.678	1.0	1.0	1.0	1.0					
18296.698	9.445999999999913	trials	22.0	18303.380270999998	18305.224221	18305.988664	18306.229137	18302.738403	18305.496937			1.0	1.0	0.0	3.0					
18310.218	82.18499999999767	trials	22.0	18389.254327	18390.821844	18391.937768999996	18392.495772	18388.587462	18391.133245999998			1.0	2.0	0.0	3.0					
18395.263	45.788000000000466	trials	22.0	18437.222985999997	18438.399346	18439.364209	18439.587852999997	18436.420572	18438.896345999998	18439.968	18441.051	1.0	1.0	1.0	1.0					
18444.174	12.129000000000815	trials	22.0	18451.944801999998	18453.209815	18454.459566999998	18454.635855999997	18451.249615999997	18453.914878	18455.103	18456.303	1.0	1.0	1.0	1.0					
18460.251	17.097999999998137	trials	22.0	18472.198550999998	18474.274101	18475.575651	18475.802244	18471.628726	18475.023274	18476.158	18477.349	1.0	1.0	1.0	1.0					
18479.436	17.08299999999872	trials	22.0	18492.123366999997	18493.268885999998	18496.290628	18496.609121999998	18491.170785	18493.257771999997			1.0		0.0	2.0					
18498.198	40.98199999999997	trials	22.0	18534.723132	18536.215466999998	18537.281702999997	18537.569274999998	18533.766969999997	18536.609932	18537.938	18539.18	1.0	2.0	1.0	1.0					
18542.265	16.898000000001048	trials	22.0	18556.888507999996	18558.075544	18558.916151999998	18559.146276999996	18556.078206	18558.407893999996			1.0	1.0	0.0	3.0					
18561.173	45.38600000000224	trials	22.0	18603.07509	18604.561124999997			18602.186455	18604.55187			1.0		0.0	2.0					
18608.577	21.35699999999997	trials	22.0	18626.074368999998	18627.631425999996	18628.222291	18628.415392	18625.55261	18627.695189	18628.738	18629.934	1.0	1.0	1.0	1.0					
18632.017	16.045999999998457	trials	22.0	18645.223611999998	18647.136883	18647.752662	18648.037379999998	18644.408817999996	18647.237729999997			1.0	1.0	0.0	3.0					
18651.14	28.282999999999447	trials	22.0	18676.733835	18678.242004999996	18679.177990999997	18679.338230999998	18675.768668999997	18678.633596999996			1.0	1.0	0.0	3.0					
18683.434	26.039999999997235	trials	22.0	18706.999323999997	18708.390624	18709.17025	18709.419874	18706.006198	18708.668880999998			1.0	1.0	0.0	3.0					
18713.548	43.38000000000102	trials	22.0	18753.518758	18755.012891			18752.586052	18755.00047			1.0		0.0	2.0					
18760.958	27.39900000000125	trials	22.0	18785.41927	18786.80334	18787.984808999998	18788.440057999996	18784.744209999997	18787.24296			1.0	2.0	0.0	3.0					
18790.318	26.415000000000873	trials	22.0	18812.483943	18814.296163	18814.945014999998	18815.167770999997	18811.596288999997	18814.483745999998	18815.573	18816.733	1.0	1.0	1.0	1.0					
18819.833	13.325000000000728	trials	22.0	18828.554404	18830.055840999998	18831.102186999997	18831.334608999998	18828.032505	18830.590575	18831.943	18833.158	1.0	1.0	1.0	1.0					
18836.185	14.172999999998865	trials	22.0	18845.354026999998	18847.322911	18848.294379	18848.501148	18844.680539999998	18847.740811	18848.934	18850.358	1.0	1.0	1.0	1.0					
18853.29	12.087999999999738	trials	22.0	18861.466226999997	18862.525897	18863.57635	18863.730722999997	18860.794083999997	18863.087578	18864.283	18865.378	1.0	1.0	1.0	1.0					
18867.398	18.81499999999869	trials	22.0	18883.484429999997	18884.226155999997			18882.695085	18884.219371			1.0		0.0	2.0					
18888.253	26.029999999998836	trials	22.0	18910.724806	18911.894387999997	18912.558243	18912.70307	18910.130896	18912.119727999998	18913.028	18914.283	1.0	1.0	1.0	1.0					
18916.329	26.04399999999805	trials	22.0	18940.071668999997	18941.562702	18942.254550999998	18942.466031999997	18939.111636999998	18941.502320999996			1.0	1.0	0.0	3.0					
18945.607	34.806000000000495	BlockDesign														0.0	708.0	709.0	50.0	0.0
18945.607	13.635999999998603	trials	23.0	18956.099567999998	18958.141077999997	18958.972217	18959.216127999996	18955.539857999996	18958.491454			2.0	1.0	0.0	3.0					
18963.328	17.084999999999127	trials	23.0	18975.970405999997	18977.751809999998	18978.702325	18978.87608	18975.238731999998	18978.221073999997	18979.423	18980.413	2.0	1.0	1.0	1.0					
