onset	duration	nwb_table	block	tone_on_time	tone_off_time	action_on_time	action_off_time	pokeC_on_time	pokeC_off_time	reward_on_time	reward_off_time	state	action	reward	result	FinishedBlock	FirstTrial	LastTrial	RewardRule_L	RewardRule_R
2.61	569.535	BlockDesign														1.0	1.0	20.0	50.0	0.0
2.61	24.86	trials	1.0	23.704482	24.930562000000002	26.719718	27.493777	22.784625	26.112304			2.0	2.0	0.0	3.0					
29.086	31.619	trials	1.0	54.969198999999996	56.725767999999995	58.070806	58.495123	53.976262	57.163462	33.265	60.705	2.0	1.0	1.0	1.0					
63.799	54.636	trials	1.0	113.589565	114.83614800000001	115.94753700000001	116.36521200000001	112.71687299999999	115.12866600000001	116.645	118.435	2.0	1.0	1.0	1.0					
122.501	23.093999999999994	trials	1.0	142.879531	144.09165099999998	145.08535	145.61898	142.207843	144.291336			2.0	1.0	0.0	3.0					
148.486	23.344000000000023	trials	1.0	166.159966	168.15075299999998	169.44991299999998	169.692507	165.477171	168.474502	170.05	171.83	2.0	1.0	1.0	1.0					
175.85	16.640000000000015	trials	1.0	188.56453	190.55499	191.50405	191.956762	187.836544	190.685883			2.0	1.0	0.0	3.0					
193.93	36.135999999999996	trials	1.0	224.314458	226.128037	227.461492	227.875656	223.787376	226.464375	228.05	230.066	2.0	1.0	1.0	1.0					
232.215	18.014999999999986	trials	1.0	246.71005499999998	247.910854	249.308772	250.25079300000002	245.949831	248.325525			2.0	1.0	0.0	3.0					
251.675	31.375999999999976	trials	1.0	279.70533600000005	281.19934800000004	282.58160200000003	283.041466	278.922792	281.594377			2.0	1.0	0.0	3.0					
285.02	37.045000000000016	trials	1.0	318.774895	320.13759000000005	321.45536100000004	322.08655600000003	318.159715	320.32387900000003			2.0	1.0	0.0	3.0					
324.895	25.785000000000025	trials	1.0	344.86546500000003	346.35645600000004	347.945608	348.36145200000004	344.022869	347.028295	348.66	350.68	2.0	1.0	1.0	1.0					
354.697	15.072999999999979	trials	1.0	364.321592	365.56993300000005	367.312225	367.66564900000003	363.48156700000004	365.96321700000004	358.35	369.77	2.0	1.0	1.0	1.0					
371.845	22.754999999999995	trials	1.0	391.08655200000004	392.487934	393.71116	394.62365500000004	390.38000700000003	392.80291600000004			2.0	1.0	0.0	3.0					
398.07	32.94	trials	1.0	427.505418	429.182273	430.602217	431.022194	426.755333	429.61797900000005			2.0	1.0	0.0	3.0					
433.07	32.47000000000003	trials	1.0	461.05071100000004	462.34213200000005	463.67613900000003	464.756707	460.13950300000005	462.93645300000003			2.0	2.0	0.0	3.0					
467.1	22.495000000000005	trials	1.0	483.450978	485.531626	487.23656700000004	487.703819	482.671224	486.24662700000005	487.875	489.595	2.0	1.0	1.0	1.0					
491.642	18.608000000000004	trials	1.0	505.30068700000004	506.452804	507.60520600000007	507.869371	504.55613500000004	506.784978	508.485	510.25	2.0	1.0	1.0	1.0					
512.265	19.63499999999999	trials	1.0	528.2510080000001	529.96294	531.025935	531.5135300000001	527.679024	530.226925			2.0	1.0	0.0	3.0					
535.5	15.980000000000018	trials	1.0	545.836551	547.2673100000001	549.131265	549.5289740000001	545.1574	548.0824190000001	549.72	551.48	2.0	1.0	1.0	1.0					
554.5	17.644999999999982	trials	1.0	569.206138	570.703525	572.018309	573.077887	568.6555520000001	571.004064			2.0	1.0	0.0	3.0					
576.486	517.024	BlockDesign														1.0	21.0	40.0	0.0	50.0
576.486	21.259000000000015	trials	2.0	591.572631	593.547643	595.114993	595.868656	590.638464	594.1284850000001	595.825	597.745	3.0	2.0	1.0	1.0					
599.845	15.129999999999995	trials	2.0	610.805835	612.624688	614.2923010000001	614.9965940000001	609.9578690000001	612.893785			3.0	2.0	0.0	3.0					
617.55	24.121000000000095	trials	2.0	636.197374	637.699505	639.208882	639.842118	635.602039	638.371556	639.865	641.671	3.0	2.0	1.0	1.0					
643.69	23.00999999999999	trials	2.0	662.681174	664.621696	665.972516	666.72265	661.876348	664.87288			3.0	2.0	0.0	3.0					
668.325	14.889999999999986	trials	2.0	679.091263	680.813355	682.740264	683.238435	678.087972	681.6527120000001			3.0	2.0	0.0	3.0					
685.08	22.079999999999927	trials	2.0	701.386516	702.883174	704.9250010000001	705.370642	700.675277	703.5211	705.655	707.16	3.0	2.0	1.0	1.0					
710.18	22.235000000000014	trials	2.0	724.746534	726.677041	729.823383	730.413283	723.9978110000001	726.995797	730.415	732.415	3.0	2.0	1.0	1.0					
736.435	18.370000000000005	trials	2.0	750.396115	751.482931	754.256355	754.829034	749.771925	753.10599			3.0	2.0	0.0	3.0					
757.615	57.34000000000003	trials	2.0	811.501788	813.328646	814.508266	814.938265	810.689701	813.691161			3.0	1.0	0.0	3.0					
816.925	33.575000000000045	trials	2.0	830.081975	831.928213	833.3289560000001	834.083212	829.270045	832.304046	850.47	850.5	3.0	2.0	1.0	1.0					
852.18	13.220000000000027	trials	2.0	861.46711	863.320149	864.732075	865.424572	860.883048	863.628948			3.0	2.0	0.0	3.0					
869.15	14.075000000000045	trials	2.0	879.667458	880.739959	882.38584	882.876256	878.8333180000001	881.45185			3.0	1.0	0.0	3.0					
884.721	32.33899999999994	trials	2.0	914.1983740000001	915.570517	916.5296030000001	917.084478	913.568172	915.884503			3.0	2.0	0.0	3.0					
920.865	13.225000000000023	trials	2.0	929.851774	931.820571	933.198216	934.114458	929.291875	932.359773			3.0	2.0	0.0	3.0					
935.595	16.865999999999985	trials	2.0	948.622366	949.852203	951.816829	952.482927	947.879037	950.83504			3.0	1.0	0.0	3.0					
955.225	50.67999999999995	trials	2.0	999.067218	1000.647228	1003.18002	1003.718685	998.189157	1001.04231	1003.84	1005.905	3.0	2.0	1.0	1.0					
1009.921	26.29399999999987	trials	2.0	1033.052163	1034.319064	1035.545032	1036.241044	1032.208443	1034.734723			3.0	2.0	0.0	3.0					
1038.925	13.764000000000124	trials	2.0	1049.408964	1050.908532	1052.296954	1052.714566	1048.637595	1051.255605			3.0	1.0	0.0	3.0					
1054.705	21.105000000000018	trials	2.0	1070.423166	1071.638988	1073.263305	1074.068056	1069.804664	1072.316892	1073.915	1075.81	3.0	2.0	1.0	1.0					
1077.861	15.648999999999887	trials	2.0	1087.517589	1089.02925	1090.439778	1091.207526	1086.920448	1089.545963	1091.145	1093.51	3.0	2.0	1.0	1.0					
1096.555	1100.5049999999999	BlockDesign														1.0	41.0	83.0	50.0	50.0
1096.555	16.15599999999995	trials	3.0	1105.927357	1107.861745	1109.125425	1109.541457	1105.339165	1108.253385	1109.796	1112.711	2.0	1.0	1.0	1.0					
1114.305	27.86999999999989	trials	3.0	1138.7772850000001	1140.500268	1141.480777	1142.200951	1138.228218	1140.769572			3.0	2.0	0.0	3.0					
1143.865	21.067999999999984	trials	3.0	1161.402513	1163.17435	1164.458924	1164.936001	1160.6574190000001	1163.53884			3.0	1.0	0.0	3.0					
1166.857	16.63799999999992	trials	3.0	1179.493011	1180.673868	1182.501186	1183.51725	1178.536884	1181.5006270000001			2.0	1.0	0.0	3.0					
1186.892	43.48299999999995	trials	3.0	1226.428156	1227.74061	1229.211379	1229.623545	1225.762744	1228.346253			2.0	1.0	1.0	1.0					
1233.767	25.427999999999884	trials	3.0	1252.263281	1253.564668	1256.002224	1256.613478	1251.550482	1254.103096	1246.235	1259.195	3.0	2.0	1.0	1.0					
1262.237	16.302999999999884	trials	3.0	1275.187738	1276.379842	1277.744911	1278.565632	1274.64297	1276.741593			2.0	2.0	0.0	3.0					
1282.141	15.923999999999978	trials	3.0	1293.949494	1295.201308	1296.960069	1298.092506	1293.290559	1296.042213			3.0	2.0	0.0	3.0					
1300.316	34.402000000000044	trials	3.0	1331.7885880000001	1332.964977	1334.287143	1334.741338	1331.20248	1333.370961			3.0	1.0	0.0	3.0					
1336.631	21.47499999999991	trials	3.0	1352.36467	1354.205431	1355.480022	1356.258948	1351.736075	1354.685368	1356.171	1358.106	3.0	2.0	1.0	1.0					
1362.196	16.96900000000005	trials	3.0	1375.318404	1376.838649	1378.231023	1379.19175	1374.489115	1377.202932			2.0	1.0	0.0	3.0					
1381.691	38.78899999999999	trials	3.0	1415.153394	1416.389581	1417.689769	1418.675809	1414.5804190000001	1416.973531	1418.39	1420.48	3.0	2.0	1.0	1.0					
1422.597	57.26800000000003	trials	3.0	1476.258739	1477.881265	1479.560667	1479.70098	1475.404875	1477.871716			3.0		0.0	2.0					
1483.875	33.21100000000001	trials	3.0	1512.88876	1514.095446	1516.913296	1517.112721	1511.959656	1514.085039			2.0		0.0	2.0					
1519.1	27.99500000000012	trials	3.0	1535.719167	1536.990355	1538.534584	1538.866696	1534.840239	1537.6832220000001	1539.156	1547.095	2.0	1.0	1.0	1.0					
1549.185	24.125	trials	3.0	1569.869416	1571.41245	1572.462305	1573.334589	1568.975115	1571.624479			2.0	1.0	0.0	3.0					
1575.83	18.060000000000173	trials	3.0	1587.870792	1589.717269	1591.4332630000001	1591.876789	1587.15361	1590.127449	1592.18	1593.89	2.0	1.0	1.0	1.0					
1597.049	17.520999999999958	trials	3.0	1610.479059	1612.392016	1613.628573	1614.095272	1609.527509	1612.643436			2.0	1.0	0.0	3.0					
1616.015	18.9849999999999	trials	3.0	1630.818789	1631.94117	1634.319256	1635.026245	1630.229668	1633.653654			2.0	2.0	0.0	3.0					
1637.771	27.004000000000133	trials	3.0	1661.028895	1662.746226	1664.041942	1664.800825	1660.135999	1663.247058			3.0	2.0	0.0	3.0					
1668.501	12.31899999999996	trials	3.0	1676.044404	1677.871304	1680.187834	1680.8462650000001	1675.173279	1678.897765			3.0	2.0	0.0	3.0					
1682.51	28.911000000000058	trials	3.0	1705.794727	1706.966314	1708.271364	1708.690601	1705.207212	1707.387486	1708.9	1711.421	2.0	1.0	1.0	1.0					
1713.445	19.726000000000113	trials	3.0	1725.569124	1726.909861	1729.782972	1730.49312	1724.862913	1727.430802	1718.65	1733.171	3.0	2.0	1.0	1.0					
1736.86	17.440000000000055	trials	3.0	1747.553641	1748.886166	1751.822589	1752.277615	1746.91627	1749.363075	1752.465	1754.3	3.0	2.0	1.0	1.0					
1756.386	16.249000000000024	trials	3.0	1768.479519	1769.66669	1771.164199	1772.663862	1767.633046	1770.061836			2.0	1.0	0.0	3.0					
1774.565	42.554999999999836	trials	3.0	1811.344627	1812.976483	1814.164384	1814.648349	1810.788078	1813.3598650000001	1815.025	1817.12	2.0	1.0	1.0	1.0					
1818.88	16.154999999999973	trials	3.0	1830.635152	1832.582092	1833.970651	1834.7489620000001	1829.702605	1833.0948720000001			3.0	2.0	1.0	1.0					
1838.575	17.68100000000004	trials	3.0	1849.830081	1851.288333	1852.993383	1853.480014	1849.203479	1851.730609	1853.7	1856.256	2.0	1.0	1.0	1.0					
1859.3	10.940000000000055	trials	3.0	1866.675049	1868.221579	1869.464931	1870.265101	1865.943828	1868.51241			2.0	1.0	0.0	3.0					
1871.801	17.173999999999978	trials	3.0	1882.786269	1884.122253	1886.162031	1886.929425	1882.24315	1885.457335	1874.375	1888.975	3.0	2.0	1.0	1.0					
1892.991	11.903999999999996	trials	3.0	1901.515411	1902.64428	1904.0967	1904.924245	1900.711566	1903.403244			3.0	2.0	0.0	3.0					
1908.485	43.4050000000002	trials	3.0	1948.734725	1950.732769	1951.34184	1951.916833	1948.018904	1950.636646			3.0	2.0	0.0	3.0					
1954.675	18.13000000000011	trials	3.0	1968.070125	1969.329679	1970.390907	1970.935635	1967.123064	1969.5091360000001	1971.11	1972.805	2.0	1.0	1.0	1.0					
1975.892	11.278999999999996	trials	3.0	1983.677205	1985.643366	1986.702289	1987.197414	1983.1256740000001	1985.954343			2.0	1.0	0.0	3.0					
1989.086	17.608999999999924	trials	3.0	2000.650423	2002.561882	2006.118366	2006.723797	2000.022652	2003.570026			2.0	2.0	0.0	3.0					
2009.461	27.368999999999915	trials	3.0	2032.741777	2033.9292520000001	2036.107089	2036.857183	2031.834204	2035.100296			3.0	1.0	0.0	3.0					
2038.471	18.463999999999942	trials	3.0	2052.260783	2054.141962	2055.896286	2056.964982	2051.604024	2055.101919			3.0	2.0	0.0	3.0					
2060.236	19.919000000000324	trials	3.0	2073.555652	2075.3326270000002	2079.2815570000002	2080.183338	2072.769603	2076.460981			3.0	2.0	0.0	3.0					
2083.61	30.404999999999745	trials	3.0	2108.671235	2110.3813	2111.733853	2112.204205	2107.941313	2111.002864	2112.305	2114.015	2.0	1.0	1.0	1.0					
2116.125	19.49499999999989	trials	3.0	2128.2260380000002	2129.8183050000002	2133.236428	2133.764262	2127.62907	2130.511096	2134.05	2135.62	3.0	2.0	1.0	1.0					
2138.64	18.66000000000031	trials	3.0	2149.96102	2151.256176	2154.56109	2155.511376	2149.033321	2151.743485	2155.31	2157.3	3.0	2.0	1.0	1.0					
2160.395	12.829999999999927	trials	3.0	2170.065664	2171.323222	2172.709463	2173.254732	2169.239809	2171.777178			3.0	2.0	0.0	3.0					
2177.088	19.971999999999753	trials	3.0	2194.51098	2195.801291	2196.944218	2197.418412	2193.8294260000002	2196.043519			2.0	1.0	0.0	3.0					
2200.325	111.375	BlockDesign														1.0	84.0	88.0	0.0	0.0
2200.325	23.531000000000404	trials	4.0	2220.056125	2221.973935	2222.965653	2223.881367	2219.513452	2222.160416			2.0	1.0	0.0	3.0					
2226.36	14.139999999999873	trials	4.0	2236.400932	2237.873025	2239.917583	2240.527656	2235.589147	2238.719542			2.0	1.0	0.0	3.0					
2244.267	15.478000000000065	trials	4.0	2253.461524	2255.160496	2259.396708	2259.775321	2252.622093	2255.885068			2.0	1.0	0.0	3.0					
2263.786	27.05899999999974	trials	4.0	2285.931211	2287.571442	2290.09943	2290.871586	2285.022489	2288.078969			2.0	2.0	0.0	3.0					
2294.515	17.184999999999945	trials	4.0	2307.486244	2308.767865	2311.608877	2312.5923940000002	2306.707932	2309.228847			2.0	2.0	0.0	3.0					
2316.0	103.36000000000013	BlockDesign														1.0	89.0	93.0	0.0	0.0
2316.0	19.130999999999858	trials	5.0	2330.746867	2332.835131	2334.605076	2335.158229	2329.950934	2333.930133			3.0	2.0	0.0	3.0					
2338.0	16.534999999999854	trials	5.0	2350.176676	2352.082423	2354.069128	2354.52618	2349.65278	2353.136091			3.0	1.0	0.0	3.0					
2358.534	19.080999999999676	trials	5.0	2374.436227	2375.5734350000002	2377.028982	2377.642746	2373.575698	2376.1741230000002			3.0	2.0	0.0	3.0					
2381.425	13.599999999999909	trials	5.0	2390.953024	2393.030875	2394.415134	2395.054122	2390.03035	2393.439905			3.0	1.0	0.0	3.0					
2398.836	20.524000000000342	trials	5.0	2416.552738	2417.94077	2419.284757	2419.785735	2415.781509	2418.216151			3.0	2.0	0.0	3.0					
2421.685	1539.7849999999999	BlockDesign														1.0	94.0	163.0	50.0	50.0
2421.685	35.485999999999876	trials	6.0	2453.132007	2454.988	2456.7737700000002	2457.20089	2452.608064	2455.861969			3.0	1.0	0.0	3.0					
2459.188	23.35799999999972	trials	6.0	2477.272018	2478.88368	2480.043703	2480.439316	2476.390669	2479.222974	2480.671	2482.546	2.0	1.0	1.0	1.0					
2485.618	18.88700000000017	trials	6.0	2499.502407	2501.167434	2504.148915	2504.533561	2498.7244220000002	2501.608313			2.0	1.0	0.0	3.0					
2506.56	24.079999999999927	trials	6.0	2521.712476	2523.178978	2529.511683	2530.669672	2520.705955	2524.654803			2.0	2.0	0.0	3.0					
2533.955	18.610000000000127	trials	6.0	2545.892007	2547.585415	2549.593515	2550.29193	2544.9548330000002	2548.281264	2550.256	2552.565	3.0	2.0	1.0	1.0					
2555.586	12.619000000000142	trials	6.0	2564.362104	2566.287025	2567.615869	2568.233769	2563.818964	2566.837357			3.0	2.0	0.0	3.0					
2571.115	13.13000000000011	trials	6.0	2577.127357	2579.208604	2583.62419	2584.27285	2576.61042	2580.573369			3.0	2.0	0.0	3.0					
2588.015	29.829999999999927	trials	6.0	2613.297634	2614.692147	2616.448258	2617.873983	2612.763723	2615.554464			2.0	1.0	0.0	3.0					
2620.914	23.860999999999876	trials	6.0	2636.407165	2638.384492	2644.257573	2644.802782	2635.535233	2639.553846			2.0	2.0	0.0	3.0					
2646.586	19.684000000000196	trials	6.0	2660.757592	2661.9194390000002	2665.677639	2666.299849	2659.951317	2664.26808			3.0	2.0	0.0	3.0					
2668.035	21.735000000000127	trials	6.0	2684.6825440000002	2686.097628	2689.312502	2689.800171	2683.825947	2687.786647			3.0	1.0	0.0	3.0					
2691.723	28.912000000000262	trials	6.0	2713.472703	2715.355317	2718.123333	2718.964387	2712.897636	2716.930309	2718.945	2720.635	3.0	2.0	1.0	1.0					
2723.705	15.36999999999989	trials	6.0	2733.2184740000002	2734.972131	2738.422689	2739.105511	2732.43055	2735.969997			2.0	2.0	0.0	3.0					
2741.865	16.960000000000036	trials	6.0	2752.972696	2754.528532	2755.828042	2756.507703	2752.085334	2754.848665	2756.461	2758.825	2.0	1.0	1.0	1.0					
2761.49	17.975000000000364	trials	6.0	2771.59279	2773.582541	2775.847014	2776.622712	2770.7263080000002	2774.055211	2776.6	2779.465	3.0	2.0	1.0	1.0					
2783.606	26.278999999999996	trials	6.0	2803.423155	2804.863591	2808.970746	2809.915593	2802.515964	2805.283792			2.0	2.0	0.0	3.0					
2812.31	22.715000000000146	trials	6.0	2827.893046	2829.78418	2832.19611	2832.878115	2827.181785	2831.25691	2832.8	2835.025	3.0	2.0	1.0	1.0					
2837.114	17.536000000000058	trials	6.0	2848.602802	2850.547331	2851.935825	2852.374266	2847.90618	2850.723825	2852.765	2854.65	2.0	1.0	1.0	1.0					
2858.671	11.519000000000233	trials	6.0	2866.208699	2868.085012	2869.335985	2870.219278	2865.268288	2868.420527			3.0	1.0	0.0	3.0					
2873.715	12.754999999999654	trials	6.0	2879.643092	2881.43503	2883.4404640000002	2884.315132	2878.662334	2882.57262	2884.065	2886.47	3.0	2.0	1.0	1.0					
2888.52	18.289999999999964	trials	6.0	2901.918631	2903.819293	2905.785747	2906.83831	2901.212115	2904.368116			2.0	2.0	0.0	3.0					
2908.245	20.704999999999927	trials	6.0	2924.744929	2926.614897	2928.192451	2928.979824	2924.2193310000002	2927.396401			3.0	2.0	0.0	3.0					
2931.566	11.219000000000051	trials	6.0	2939.643427	2941.150036	2942.233627	2942.812864	2938.737532	2941.377586			2.0	1.0	0.0	3.0					
2945.705	25.950000000000273	trials	6.0	2967.333597	2968.739632	2970.907661	2971.687623	2966.500395	2968.729087			2.0		0.0	2.0					
2973.73	26.074999999999818	trials	6.0	2995.588792	2997.455719	2999.218359	2999.8355970000002	2994.753517	2998.496491			3.0	2.0	0.0	3.0					
3001.695	28.609999999999673	trials	6.0	3026.4432150000002	3028.344924	3029.697925	3030.33558	3025.608524	3028.754422			2.0	1.0	0.0	3.0					
3034.07	19.710000000000036	trials	6.0									3.0	2.0	0.0	3.0					
3055.565	16.40000000000009	trials	6.0	3067.2583030000005	3068.7739930000002	3070.9136200000003	3071.9877320000005	3066.5782890000005	3069.878329			2.0	1.0	0.0	3.0					
3073.26	21.70999999999958	trials	6.0	3088.088677	3089.6825700000004	3092.2366140000004	3093.2159290000004	3087.178099	3090.0955510000003	3092.89	3094.97	3.0	2.0	1.0	1.0					
3098.048	14.822000000000116	trials	6.0	3107.1946380000004	3109.1963130000004	3112.055972	3112.890882	3106.4218260000002	3110.210469			2.0	2.0	0.0	3.0					
3115.38	22.440000000000055	trials	6.0	3131.3689230000004	3133.1201770000002	3137.240776	3137.839699	3130.613842	3134.3185180000005			2.0	2.0	0.0	3.0					
3141.635	17.329999999999927	trials	6.0	3152.5035550000002	3153.8849860000005	3156.45274	3157.153192	3151.9191450000003	3155.3779240000003	3157.06	3158.965	3.0	2.0	1.0	1.0					
3161.095	14.75	trials	6.0	3170.0447580000005	3171.7367050000003	3173.3383300000005	3173.8499380000003	3169.51425	3172.1053210000005	3174.086	3175.845	2.0	1.0	1.0	1.0					
3179.91	17.914999999999964	trials	6.0	3193.4852220000002	3195.3755100000003	3196.642987	3197.8470070000003	3192.752128	3195.7249300000003			2.0	1.0	0.0	3.0					
3199.031	20.139999999999873	trials	6.0	3214.8602650000003	3216.3255270000004	3218.1726820000003	3219.1911640000003	3213.986467	3217.0493380000003			3.0	2.0	0.0	3.0					
3221.625	27.11499999999978	trials	6.0	3242.3739060000003	3244.310034	3246.115983	3247.045203	3241.823233	3245.3373760000004	3246.745	3248.74	3.0	2.0	1.0	1.0					
3252.826	14.309000000000196	trials	6.0	3260.2495300000005	3262.0810210000004	3263.8419910000002	3264.5820710000003	3259.4604930000005	3262.4503980000004	3264.49	3267.135	3.0	2.0	1.0	1.0					
3269.151	12.75400000000036	trials	6.0	3277.7240140000004	3279.4403970000003	3281.2465380000003	3281.9261770000003	3276.72841	3279.8339130000004			3.0	2.0	0.0	3.0					
3284.58	11.75	trials	6.0	3292.9139560000003	3294.0780540000005	3295.6880380000002	3296.3484120000003	3291.9297240000005	3294.7028550000005			2.0	1.0	0.0	3.0					
3299.09	12.399999999999636	trials	6.0	3307.603806	3308.9908960000002	3311.0230920000004	3311.5094010000003	3306.6868950000003	3309.9494890000005			2.0	2.0	0.0	3.0					
3313.425	31.785999999999603	trials	6.0	3341.3488660000003	3342.500871	3344.3565940000003	3345.2297380000005	3340.5781300000003	3343.58766			3.0	2.0	0.0	3.0					
3347.758	22.593000000000302	trials	6.0	3365.2289140000003	3367.0325580000003	3369.2606160000005	3370.249263	3364.52581	3368.13682			3.0	2.0	1.0	1.0					
3374.867	14.468999999999596	trials	6.0	3383.664498	3385.2012240000004	3386.7284010000003	3387.2891130000003	3382.9245040000005	3385.8138280000003	3387.405	3389.336	2.0	1.0	1.0	1.0					
3392.392	18.748000000000047	trials	6.0	3404.9195330000002	3406.071417	3407.5947880000003	3408.5579740000003	3403.938813	3406.814068	3408.26	3411.14	3.0	2.0	1.0	1.0					
3413.293	16.021999999999935	trials	6.0	3423.3041980000003	3424.7408990000004	3426.030532	3426.6751980000004	3422.6131780000005	3425.084616	3426.735	3429.315	2.0	1.0	1.0	1.0					
3431.345	18.865999999999985	trials	6.0	3445.9195070000005	3447.595854	3449.6173300000005	3450.2297940000003	3445.124557	3447.8992590000003			3.0	2.0	0.0	3.0					
3453.035	18.245000000000346	trials	6.0	3467.0760880000003	3469.01677	3470.5265500000005	3471.303451	3466.5031380000005	3468.9229950000004			2.0	1.0	0.0	3.0					
3474.847	12.402999999999793	trials	6.0	3483.5242150000004	3485.45179	3486.7965160000003	3487.2414270000004	3482.887462	3485.9548120000004			2.0	1.0	0.0	3.0					
3491.245	12.105000000000018	trials	6.0	3498.36126	3500.136202	3502.347302	3503.3708540000002	3497.689772	3501.4249660000005			3.0	2.0	0.0	3.0					
3505.725	14.74499999999989	trials	6.0	3514.69999	3516.3368200000004	3520.0225470000005	3520.4909650000004	3514.163488	3517.702141			3.0	1.0	0.0	3.0					
3522.41	40.335000000000036	trials	6.0	3558.33975	3560.2413090000005	3561.9559620000005	3562.7656690000003	3557.5140300000003	3560.5117510000005			3.0	2.0	0.0	3.0					
3565.29	23.585000000000036	trials	6.0	3583.995432	3585.1366980000003	3586.499787	3586.8652650000004	3583.0930980000003	3585.530396	3587.07	3588.875	2.0	1.0	1.0	1.0					
3590.961	17.85400000000027	trials	6.0	3602.1845200000002	3603.57324	3605.7268890000005	3606.4401560000006	3601.2402230000002	3604.8725270000004	3606.382	3608.815	3.0	2.0	1.0	1.0					
3610.955	17.715999999999894	trials	6.0	3623.0601340000003	3624.1815810000003	3627.7116300000002	3628.691243	3622.4212430000002	3624.8015760000003			2.0	2.0	0.0	3.0					
3632.095	9.460000000000036	trials	6.0	3637.524815	3639.8255830000003	3640.7130190000003	3641.5757110000004	3636.972549	3639.8541780000005			2.0	1.0	0.0	3.0					
3644.121	31.278999999999996	trials	6.0	3671.6495520000003	3673.401212	3674.8274050000005	3675.4214170000005	3671.0198990000004	3673.6185450000003			2.0	1.0	0.0	3.0					
3678.166	13.933999999999742	trials	6.0	3684.9154780000003	3686.1173000000003	3691.3277260000004	3692.1214630000004	3683.9244180000005	3689.7678210000004			2.0	2.0	0.0	3.0					
3693.691	17.62400000000025	trials	6.0	3704.1209740000004	3706.0701610000006	3708.673627	3709.277969	3703.5941740000003	3706.59081	3697.855	3711.315	3.0	2.0	1.0	1.0					
3714.4	15.259999999999764	trials	6.0	3726.4069090000003	3727.5571120000004	3729.2148370000004	3729.6837060000003	3725.6750100000004	3727.9081490000003			2.0	1.0	0.0	3.0					
3733.601	19.768999999999778	trials	6.0	3750.145053	3751.524663	3752.7126430000003	3753.3943990000002	3749.2395500000002	3751.9940570000003			3.0	2.0	0.0	3.0					
3755.12	14.30099999999993	trials	6.0	3764.22524	3765.5896260000004	3768.8910430000005	3769.4411860000005	3763.6989820000003	3767.3066890000005			3.0	2.0	0.0	3.0					
3772.255	14.859999999999673	trials	6.0	3780.005626	3781.7221360000003	3784.0252630000005	3784.9007340000003	3779.1453100000003	3782.0585330000004	3784.69	3787.115	3.0	2.0	1.0	1.0					
3789.145	29.215000000000146	trials	6.0	3812.3756490000005	3813.9893460000003	3815.311434	3815.895966	3811.721323	3814.3452800000005	3816.18	3818.36	2.0	1.0	1.0	1.0					
3822.455	19.769999999999982	trials	6.0	3835.87116	3837.5671650000004	3838.903338	3839.583469	3835.2050070000005	3837.7814070000004	3839.555	3842.225	2.0	1.0	1.0	1.0					
3846.283	13.572000000000116	trials	6.0	3854.5321890000005	3856.2521370000004	3859.3093430000004	3859.8760270000002	3853.661836	3856.244782			3.0		0.0	2.0					
3860.25	15.5949999999998	trials	6.0	3868.4473120000002	3870.32787	3872.2673800000002	3873.054316	3867.7374640000003	3871.1767950000003	3872.975	3875.845	3.0	2.0	1.0	1.0					
3878.916	17.243999999999687	trials	6.0	3892.5012110000002	3894.027097	3895.3454210000004	3896.1835570000003	3891.8806270000005	3894.3999500000004			2.0	1.0	0.0	3.0					
3897.756	30.764000000000124	trials	6.0	3924.556023	3926.5224420000004	3927.7032820000004	3928.5415660000003	3923.9510820000005	3926.975037			3.0	2.0	0.0	3.0					
3931.095	16.265000000000327	trials	6.0	3940.9213230000005	3942.852592	3944.0434620000005	3944.428167	3940.1479700000004	3943.2004660000002	3944.75	3947.36	2.0	1.0	1.0	1.0					
3951.45	10.019999999999982	trials	6.0	3958.7062270000006	3960.130156	3961.3903870000004	3961.7620170000005	3958.166913	3960.413104			2.0	1.0	0.0	3.0					
3964.715	1597.5649999999996	BlockDesign														1.0	164.0	253.0	50.0	90.0
3964.715	13.434999999999945	trials	7.0	3973.5328690000006	3973.9982580000005			3972.8561640000003	3973.9912390000004			1.0		0.0	2.0					
3979.148	32.36999999999989	trials	7.0	4007.8716780000004	4009.5620200000003	4011.0553990000003	4011.5140800000004	4006.9315610000003	4010.2959400000004			1.0	1.0	0.0	3.0					
4014.52	20.27599999999984	trials	7.0	4025.91672	4027.692801	4032.3947850000004	4032.9888040000005	4025.168896	4031.6587120000004	4033.07	4034.796	1.0	2.0	1.0	1.0					
4037.953	13.976999999999862	trials	7.0	4044.3319710000005	4046.1930370000005	4049.1649540000003	4049.9543590000003	4043.762481	4048.612239	4049.871	4051.93	1.0	2.0	1.0	1.0					
4055.02	12.52599999999984	trials	7.0	4061.201824	4062.5937310000004	4064.630239	4065.2081040000003	4060.5289080000002	4064.1103980000003	4065.33	4067.546	1.0	2.0	1.0	1.0					
4069.63	17.730000000000018	trials	7.0	4080.322975	4082.3920540000004	4084.758299	4085.427868	4079.7314680000004	4083.5786290000005	4085.461	4087.36	1.0	2.0	1.0	1.0					
4091.451	11.948999999999614	trials	7.0	4096.8368740000005	4098.349168000001	4100.360233	4100.975283	4095.911688	4099.7696940000005	4101.025	4103.4	1.0	2.0	1.0	1.0					
4107.461	9.16399999999976	trials	7.0	4113.25198	4114.6605580000005	4116.13288	4116.64891	4112.371405	4115.250748			1.0	1.0	0.0	3.0					
4119.501	8.088999999999942	trials	7.0	4122.9079870000005	4124.569026	4126.746432	4127.616628	4121.970874000001	4126.099731			1.0	2.0	0.0	3.0					
4131.158	20.841999999999643	trials	7.0	4145.881831000001	4147.141088	4149.44521	4149.856092	4145.361153	4148.743777000001	4143.105	4152.0	1.0	1.0	1.0	1.0					
4155.07	14.520000000000437	trials	7.0	4163.238661	4164.4540560000005	4166.645015	4167.195736000001	4162.265224000001	4165.557984	4167.336	4169.59	1.0	1.0	1.0	1.0					
4172.645	14.737999999999374	trials	7.0	4182.645306	4184.253883	4186.420986	4187.401818	4182.039888	4185.571478			1.0	1.0	0.0	3.0					
4190.805	11.634999999999309	trials	7.0	4195.637044	4196.746995	4199.508993	4200.148889	4194.890133000001	4198.9215	4200.15	4202.44	1.0	2.0	1.0	1.0					
4204.58	18.475000000000364	trials	7.0	4216.622544	4217.938768	4219.841603000001	4220.464887	4215.700299	4219.279471	4220.56	4223.055	1.0	2.0	1.0	1.0					
4227.095	11.9399999999996	trials	7.0	4231.917402	4233.074722	4236.166021	4236.851329	4231.306162000001	4235.1783430000005	4236.905	4239.035	1.0	2.0	1.0	1.0					
4241.171	13.118999999999687	trials	7.0	4248.082716000001	4249.693834000001	4251.609135000001	4252.050577	4247.222161000001	4250.778518	4252.235	4254.29	1.0	1.0	1.0	1.0					
4258.442	12.217999999999847	trials	7.0	4263.798366	4265.760774	4267.610159	4268.066602000001	4262.9944080000005	4266.783810000001	4268.2	4270.66	1.0	1.0	1.0	1.0					
4274.696	13.118999999999687	trials	7.0	4281.497521	4282.622125	4284.507756	4285.0893240000005	4280.894301	4283.754867000001	4285.195	4287.815	1.0	1.0	1.0	1.0					
4289.876	12.764000000000124	trials	7.0	4296.542782	4298.100984000001	4299.89839	4300.10727	4295.972555	4299.178714000001	4300.57	4302.64	1.0	1.0	1.0	1.0					
4306.689	13.036000000000058	trials	7.0	4316.022153	4317.237706	4318.395046000001	4319.748499	4315.04665	4317.632287			1.0	1.0	0.0	3.0					
4321.725	14.429999999999382	trials	7.0	4330.496604	4331.625919	4333.256337000001	4333.8418790000005	4329.900432	4332.602709000001	4325.78	4336.155	1.0	2.0	1.0	1.0					
4339.241	13.78399999999965	trials	7.0	4346.449420000001	4348.024215	4349.287008	4350.4333750000005	4345.491459000001	4348.6649560000005	4349.965	4353.025	1.0	2.0	1.0	1.0					
4355.09	10.50500000000011	trials	7.0	4361.972457	4363.189119000001	4364.854191	4365.309297	4361.3712860000005	4364.053851000001			1.0	1.0	0.0	3.0					
4367.255	11.460000000000036	trials	7.0	4372.623033	4374.025197000001	4375.885851	4376.44836	4372.105095000001	4375.257175000001	4376.49	4378.715	1.0	2.0	1.0	1.0					
4380.801	13.159999999999854	trials	7.0	4386.962667	4388.964724	4391.179107	4391.724057	4386.238699	4389.789228000001	4392.0	4393.961	1.0	2.0	1.0	1.0					
4396.1	15.174999999999272	trials	7.0	4404.913182	4406.489494	4408.0424410000005	4408.684177	4404.3555910000005	4407.341155	4408.775	4411.275	1.0	2.0	1.0	1.0					
4415.297	11.803000000000793	trials	7.0	4420.397751	4422.934203000001	4423.949847	4424.742114000001	4419.553834	4423.379326	4424.625	4427.1	1.0	2.0	1.0	1.0					
4431.175	10.925000000000182	trials	7.0	4435.722595	4437.34951	4438.806612	4439.86012	4435.185496	4438.154358	4439.58	4442.1	1.0	2.0	1.0	1.0					
4445.19	13.260000000000218	trials	7.0	4451.932887000001	4453.842952	4455.034614	4455.681745	4451.215852	4454.537332	4455.72	4458.45	1.0	2.0	1.0	1.0					
4460.505	38.13000000000011	trials	7.0	4492.813266	4494.199842	4495.102611	4495.700688000001	4492.262907	4494.553023	4483.841	4498.635	1.0	2.0	1.0	1.0					
4500.266	15.359000000000378	trials	7.0	4510.284571	4511.750028	4512.790809	4513.439308	4509.672936000001	4512.204942	4505.555	4515.625	1.0	2.0	1.0	1.0					
4518.65	10.470000000000255	trials	7.0	4522.383289	4523.5321300000005	4526.433351000001	4526.794893	4521.807469	4525.574449000001	4527.165	4529.12	1.0	1.0	1.0	1.0					
4533.14	13.424999999999272	trials	7.0	4538.324793	4540.325128	4543.311577	4543.829352000001	4537.662045	4540.886085	4544.035	4546.565	1.0	2.0	1.0	1.0					
4550.586	10.753999999999905	trials	7.0	4556.027752	4557.190165	4558.558071	4558.956219000001	4555.05166	4557.7379470000005	4559.16	4561.34	1.0	1.0	1.0	1.0					
4564.36	17.660000000000764	trials	7.0	4575.7398410000005	4576.956507000001	4578.250242	4579.1497930000005	4575.18729	4577.712591	4578.925	4582.02	1.0	2.0	1.0	1.0					
4583.73	9.260000000000218	trials	7.0	4589.675182000001	4590.995436	4592.61564	4592.897655000001	4588.898812	4591.536481			1.0	1.0	0.0	3.0					
4595.02	7.414999999999964	trials	7.0	4599.253497000001	4600.4355940000005	4601.8987050000005	4602.460627	4598.394438	4601.293198			1.0	2.0	0.0	3.0					
4604.27	22.729999999999563	trials	7.0	4621.013586	4622.865877	4624.046962	4624.427007	4620.462493	4623.283026	4624.665	4627.0	1.0	1.0	1.0	1.0					
4631.048	10.123000000000502	trials	7.0	4636.603233	4638.798132	4640.104021	4640.193472000001	4635.817252000001	4639.295952			1.0	1.0	1.0	1.0					
4643.705	18.159999999999854	trials	7.0	4658.953851	4660.3542130000005	4661.494968	4661.8911960000005	4658.114856	4660.661376			1.0	1.0	0.0	3.0					
4663.88	8.234999999999673	trials	7.0	4667.8252	4669.170781000001	4671.523032	4672.1407340000005	4667.288733	4670.875803000001			1.0	2.0	0.0	3.0					
4674.925	19.479999999999563	trials	7.0	4689.926922000001	4691.204716	4694.002548	4694.407474000001	4689.151938	4693.136179			1.0	1.0	0.0	3.0					
4696.336	12.264000000000124	trials	7.0	4700.9338290000005	4702.540873	4705.657158	4706.44003	4699.952578	4704.795511	4706.32	4708.6	1.0	2.0	1.0	1.0					
4710.625	12.600000000000364	trials	7.0	4718.24059	4719.7970940000005	4722.021366000001	4723.251211000001	4717.351762	4721.3020830000005			1.0	2.0	0.0	3.0					
4725.421	10.418999999999869	trials	7.0	4728.429171	4730.243541	4733.244759	4733.629117	4727.8480660000005	4732.360645000001	4733.845	4735.84	1.0	1.0	1.0	1.0					
4737.86	12.595000000000255	trials	7.0	4746.329412	4747.565883	4750.065883	4750.473652000001	4745.364181000001	4749.191721			1.0	1.0	0.0	3.0					
4754.435	11.294999999999163	trials	7.0	4757.468917	4759.215891	4763.103375000001	4763.6306620000005	4756.548705	4761.7062000000005	4763.76	4765.73	1.0	1.0	1.0	1.0					
4769.751	15.588999999999942	trials	7.0	4776.724158	4777.8273070000005	4782.045762	4783.005795	4776.213756	4780.039473000001	4782.671	4785.34	1.0	2.0	1.0	1.0					
4789.355	12.350000000000364	trials	7.0	4794.885937	4796.417823	4798.505693	4798.926729000001	4794.047308	4797.542359	4799.05	4801.705	1.0	1.0	1.0	1.0					
4803.796	13.969000000000051	trials	7.0	4811.679216	4813.624156	4817.300484	4817.7930400000005	4810.930677	4815.530998			1.0	1.0	0.0	3.0					
4821.68	11.125	trials	7.0	4824.2894670000005	4825.530624	4829.577241000001	4830.196800000001	4823.767054	4828.823652	4830.336	4832.805	1.0	2.0	1.0	1.0					
4834.89	14.795000000000073	trials	7.0	4842.559322	4844.246811	4846.3100620000005	4847.269867	4841.926426	4845.704893	4846.94	4849.685	1.0	2.0	1.0	1.0					
4851.77	16.674999999999272	trials	7.0	4861.455717000001	4863.432396	4865.4220350000005	4865.996511	4860.882418	4864.816239	4866.11	4868.445	1.0	2.0	1.0	1.0					
4871.465	13.260000000000218	trials	7.0	4877.209932	4878.5417990000005	4882.198944	4882.79133	4876.454356	4880.583796000001	4882.95	4884.725	1.0	2.0	1.0	1.0					
4887.745	13.739999999999782	trials	7.0	4896.201264	4897.620444	4898.771029	4899.1912950000005	4895.3895090000005	4897.944403	4899.485	4901.485	1.0	1.0	1.0	1.0					
4905.5	12.36999999999989	trials	7.0	4911.689211000001	4913.6121840000005	4915.062573	4915.685582	4910.963418	4914.395038000001	4915.86	4917.87	1.0	2.0	1.0	1.0					
4920.946	12.578999999999724	trials	7.0	4929.661338	4931.203174	4933.130115	4933.52077	4929.0645030000005	4932.169606			1.0	1.0	0.0	3.0					
4935.535	10.020000000000437	trials	7.0	4941.786583	4943.045034000001	4944.474418	4945.5026880000005	4940.939547	4943.873928			1.0	2.0	1.0	1.0					
4949.005	14.180000000000291	trials	7.0	4957.11624	4958.30653	4960.064277	4960.696173	4956.410119	4959.435754	4960.796	4963.185	1.0	2.0	1.0	1.0					
4966.225	11.295000000000073	trials	7.0	4972.0453290000005	4973.334756	4974.994944	4975.624309000001	4971.47775	4974.28939	4975.625	4977.52	1.0	2.0	1.0	1.0					
4980.54	14.694999999999709	trials	7.0	4987.934862	4989.696501	4992.216487000001	4992.970708000001	4987.032423000001	4990.058580000001	4992.82	4995.235	1.0	2.0	1.0	1.0					
4999.255	16.532999999999447	trials	7.0	5008.644723	5009.958837	5012.463888	5013.0425860000005	5007.956728	5010.711267000001	5013.355	5015.788	1.0	2.0	1.0	1.0					
5018.871	13.019000000000233	trials	7.0	5025.427171	5026.644814	5028.730092	5029.469173	5024.917402	5027.969718	5029.435	5031.89	1.0	2.0	1.0	1.0					
5033.974	15.925999999999476	trials	7.0	5042.6095860000005	5044.601821	5046.789349000001	5047.478872000001	5041.601893	5046.079657	5047.515	5049.9	1.0	2.0	1.0	1.0					
5053.916	13.198999999999614	trials	7.0	5060.569813	5061.813226	5063.813581	5064.5507020000005	5059.596636	5063.102088000001	5064.495	5067.115	1.0	2.0	1.0	1.0					
5069.237	14.332999999999629	trials	7.0	5077.734985	5079.042525000001	5080.519021	5081.113351	5076.89425	5079.853804	5081.035	5083.57	1.0	2.0	1.0	1.0					
5085.689	18.130999999999403	trials	7.0	5096.591280000001	5098.158463	5100.88653	5101.304011	5095.777618	5099.867509	5101.575	5103.82	1.0	1.0	1.0	1.0					
5107.908	15.416999999999462	trials	7.0	5115.595353000001	5117.5886820000005	5120.016928000001	5120.445607	5114.891871	5118.506312	5120.665	5123.325	1.0	1.0	1.0	1.0					
5125.365	15.88000000000011	trials	7.0	5135.370736000001	5137.219223	5138.5212870000005	5139.0065030000005	5134.5696530000005	5137.585483000001	5139.336	5141.245	1.0	1.0	1.0	1.0					
5145.265	16.42999999999938	trials	7.0	5155.100529	5156.856982	5158.83075	5159.097139	5154.30323	5157.786482	5159.411	5161.695	1.0	1.0	1.0	1.0					
5165.508	12.221999999999753	trials	7.0	5171.4707880000005	5173.152258	5174.286736	5174.932385	5170.536411000001	5173.6646	5174.84	5177.73	1.0	2.0	1.0	1.0					
5181.816	8.208999999999833	trials	7.0	5186.480368	5187.712537	5189.27844	5190.050698000001	5185.664031	5188.321201000001			1.0	1.0	0.0	3.0					
5192.615	11.74499999999989	trials	7.0	5197.060581	5198.970853000001	5200.854751000001	5201.531205	5196.283642	5199.980347000001	5201.586	5204.36	1.0	2.0	1.0	1.0					
5206.225	14.909999999999854	trials	7.0	5213.025582	5214.912787	5216.601829	5217.345619	5212.050511	5215.927388	5217.297	5221.135	1.0	2.0	1.0	1.0					
5224.22	10.224999999999454	trials	7.0	5228.3761890000005	5229.788992	5231.4305540000005	5232.1128340000005	5227.531867	5230.702908	5232.245	5234.445	1.0	2.0	1.0	1.0					
5238.485	11.525000000000546	trials	7.0	5243.971313	5245.376982	5246.804737	5247.526693	5242.995739	5246.138514	5247.355	5250.01	1.0	2.0	1.0	1.0					
5253.537	12.318999999999505	trials	7.0	5258.546073	5260.547659	5261.953624	5262.519445	5257.85782	5261.306499	5263.595	5265.856	1.0	2.0	1.0	1.0					
5266.555	15.25500000000011	trials	7.0	5273.871384	5275.814985000001	5278.373932	5278.990701000001	5273.2209840000005	5276.457144	5278.97	5281.81	1.0	2.0	1.0	1.0					
5284.481	13.019000000000233	trials	7.0	5291.816121	5293.777145	5294.543549	5295.280027000001	5291.167996	5293.981986000001	5295.16	5297.5	1.0	2.0	1.0	1.0					
5299.521	14.259000000000015	trials	7.0	5306.846526	5308.517974	5310.081538	5310.643542	5306.068738	5308.849755	5310.638	5313.78	1.0	2.0	1.0	1.0					
5316.797	89.63800000000083	trials	7.0	5403.361075000001	5404.507614	5405.853051	5406.465939	5402.810155	5404.915430000001			1.0	1.0	0.0	3.0					
5408.2	11.315999999999804	trials	7.0	5414.4314970000005	5415.81868	5417.050740000001	5417.823475	5413.574632	5416.410267	5417.635	5419.516	1.0	2.0	1.0	1.0					
5421.656	12.873999999999796	trials	7.0	5429.141212	5430.4157000000005	5431.824971	5432.432940000001	5428.435914	5431.219172000001	5432.535	5434.53	1.0	2.0	1.0	1.0					
5438.61	10.425000000000182	trials	7.0	5442.7966	5444.715365	5445.9968850000005	5446.762054000001	5442.05806	5445.356325000001	5446.695	5449.035	1.0	2.0	1.0	1.0					
5453.1	11.5	trials	7.0	5459.136640000001	5460.933551	5461.791822	5462.428432000001	5458.171698	5461.262506000001	5462.48	5464.6	1.0	2.0	1.0	1.0					
5468.645	11.084999999999127	trials	7.0	5473.526647000001	5475.532744	5476.653389000001	5477.655452000001	5472.603945000001	5476.134862000001	5477.445	5479.73	1.0	2.0	1.0	1.0					
5481.81	13.304999999999382	trials	7.0	5489.163219	5491.204231	5492.549278	5492.929495	5488.184064000001	5491.682349000001	5493.185	5495.115	1.0	1.0	1.0	1.0					
5498.135	12.269999999999527	trials	7.0	5504.507125	5506.580428	5507.749603	5508.140926	5503.891722	5506.9377810000005	5508.375	5510.405	1.0	1.0	1.0	1.0					
5512.43	33.94499999999971	trials	7.0	5541.321499	5542.556452000001	5543.718943	5544.555294	5540.3605720000005	5543.016076	5535.57	5546.375	1.0	2.0	1.0	1.0					
5550.41	11.86999999999989	trials	7.0	5556.771815	5558.497112000001	5559.410881	5560.063269	5556.14548	5558.7776890000005	5560.046	5562.28	1.0	2.0	1.0	1.0					
5566.365	693.21	BlockDesign														1.0	254.0	286.0	10.0	50.0
5566.365	11.775000000000546	trials	8.0	5570.552187	5572.42373	5574.976181	5575.514649000001	5569.974027	5573.233147000001	5575.595	5578.14	1.0	2.0	1.0	1.0					
5582.229	10.481999999999971	trials	8.0	5587.763441000001	5589.559905	5591.972413	5592.737905	5586.842952000001	5589.911041			1.0	2.0	0.0	3.0					
5594.365	8.855000000000473	trials	8.0	5599.81246	5600.941788	5602.833219	5603.2272920000005	5598.893095	5601.830785			1.0	1.0	0.0	3.0					
5606.268	12.011999999999716	trials	8.0	5611.118619000001	5613.044134	5615.135814	5615.943002	5610.357979	5614.194964	5615.711	5618.28	1.0	2.0	1.0	1.0					
5620.37	14.534999999999854	trials	8.0	5629.1185430000005	5630.818893	5632.353360000001	5632.988286	5628.121854000001	5631.751107	5633.135	5634.905	1.0	2.0	1.0	1.0					
5636.99	18.715000000000146	trials	8.0	5648.147221	5650.064935	5652.1906	5652.896887000001	5647.2291270000005	5651.636560000001	5652.75	5655.705	1.0	2.0	1.0	1.0					
5658.362	12.63799999999992	trials	8.0	5666.822503	5668.8304370000005	5670.234109000001	5671.026783	5665.976082	5669.203378			1.0	2.0	0.0	3.0					
5673.62	11.949999999999818	trials	8.0	5679.147393	5680.676265	5683.0970290000005	5683.56285	5678.249794	5682.1477	5683.78	5685.57	1.0	1.0	1.0	1.0					
5687.587	19.837999999999738	trials	8.0	5701.107148000001	5702.962855	5706.916611000001	5707.454680000001	5700.155466	5704.0535820000005			1.0	2.0	0.0	3.0					
5710.296	10.134000000000015	trials	8.0	5715.637621	5717.1253830000005	5719.990139	5720.461176000001	5714.961333	5718.355512			1.0	1.0	0.0	3.0					
5723.375	14.010000000000218	trials	8.0	5732.142581	5733.871519	5736.887082	5737.413429	5731.466541	5735.654727			1.0	1.0	0.0	3.0					
5741.3	9.420000000000073	trials	8.0	5744.664207	5745.823995000001	5750.3228070000005	5750.717673	5744.077987000001	5748.196246			1.0	1.0	0.0	3.0					
5754.796	35.28399999999965	trials	8.0	5782.9694070000005	5784.404329000001	5787.534185	5788.311111000001	5782.006396000001	5785.7201700000005	5788.16	5790.08	1.0	2.0	1.0	1.0					
5792.142	12.313000000000102	trials	8.0	5799.7627680000005	5801.456673000001	5803.748578000001	5804.482809	5799.169887	5802.931824			1.0	2.0	0.0	3.0					
5806.13	40.04600000000028	trials	8.0	5840.358046	5841.618561	5843.581996000001	5844.175848000001	5839.695856	5842.897003	5844.265	5846.176	1.0	2.0	1.0	1.0					
5849.259	12.751000000000204	trials	8.0	5854.48777	5856.560038	5858.907604	5859.6952630000005	5853.83592	5858.0921260000005	5859.59	5862.01	1.0	2.0	1.0	1.0					
5865.031	14.503999999999905	trials	8.0	5872.918584000001	5874.39375	5876.699845	5877.37248	5872.015728	5875.0823310000005	5877.43	5879.535	1.0	2.0	1.0	1.0					
5883.66	10.346000000000458	trials	8.0	5889.643042	5891.386462	5892.89289	5894.033197000001	5888.777669000001	5892.142426			1.0	2.0	0.0	3.0					
5895.314	41.85099999999966	trials	8.0	5932.723371	5933.891595000001	5936.712499	5937.197413	5931.849273	5934.2763860000005			1.0	2.0	0.0	3.0					
5939.086	15.094000000000051	trials	8.0	5950.858225	5952.05977	5953.498372	5954.212384	5950.105391000001	5952.648051			1.0	1.0	0.0	3.0					
5957.836	10.295000000000073	trials	8.0	5964.129067	5966.1292	5967.568435	5968.164073	5963.378823000001	5966.899174			1.0	2.0	0.0	3.0					
5969.941	34.128999999999905	trials	8.0	6000.294169000001	6002.020503			5999.7221850000005	6002.014051			1.0		0.0	2.0					
6006.095	5.654999999999745	trials	8.0	6008.1351190000005	6009.947454	6011.113056	6011.781228	6006.8679170000005	6010.150222			1.0	1.0	0.0	3.0					
6015.496	16.72400000000016	trials	8.0	6024.790018	6026.560294000001	6029.5268590000005	6030.24348	6023.924594	6028.759875	6030.275	6032.22	1.0	2.0	1.0	1.0					
6035.366	11.019000000000233	trials	8.0	6042.120004	6043.654956	6045.740074	6046.4184700000005	6041.1979280000005	6045.018934			1.0	2.0	0.0	3.0					
6049.126	27.10899999999947	trials	8.0	6070.358931000001	6071.5907050000005	6073.15909	6073.8842970000005	6069.580927000001	6072.286789	6073.796	6076.235	1.0	2.0	1.0	1.0					
6079.315	9.52100000000064	trials	8.0	6084.278442000001	6085.500798000001	6087.675375000001	6088.417875	6083.693277	6086.78017			1.0	2.0	1.0	1.0					
6092.252	78.64300000000003	trials	8.0	6167.345083	6169.142212	6170.465608	6170.923279000001	6166.774183	6169.456789			1.0	1.0	0.0	3.0					
6172.867	10.57299999999941	trials	8.0	6177.4253100000005	6178.898119	6180.683301	6181.606112	6176.907630000001	6179.965434	6181.455	6183.44	1.0	2.0	1.0	1.0					
6187.461	13.920000000000073	trials	8.0	6197.430325	6199.121949	6200.7262200000005	6201.405947	6196.675804	6200.010312			1.0	2.0	0.0	3.0					
6204.1	13.875	trials	8.0	6213.235123	6214.573471000001	6217.49952	6218.001	6212.3616360000005	6214.953472			1.0	1.0	0.0	3.0					
6221.89	23.50999999999931	trials	8.0	6241.176223	6242.936286	6244.766605	6245.428927	6240.47862	6243.594375000001			1.0	2.0	0.0	3.0					
6247.213	12.36200000000008	trials	8.0	6255.6354870000005	6257.627622	6259.459302	6260.353524	6255.063621	6257.937552			1.0	2.0	0.0	3.0					
6264.929	108.04799999999977	BlockDesign														1.0	287.0	291.0	0.0	0.0
6264.929	11.635999999999513	trials	9.0	6272.715664	6273.941968	6275.924014	6276.5906620000005	6271.808188	6274.949752			1.0	2.0	0.0	3.0					
6279.32	20.26600000000053	trials	9.0	6289.9657720000005	6292.028597	6295.859472	6296.723331	6289.164787	6293.374944			1.0	2.0	0.0	3.0					
6300.262	21.00300000000061	trials	9.0	6315.621133000001	6317.050174	6320.007426	6321.2926210000005	6314.798825	6319.292976000001			1.0	2.0	0.0	3.0					
6324.407	19.429000000000087	trials	9.0	6340.051027	6341.207961	6342.8448100000005	6343.860055	6339.540352	6342.114316			1.0	2.0	0.0	3.0					
6347.255	25.721999999999753	trials	9.0	6368.702846	6370.0979130000005	6372.821104000001	6374.0149200000005	6367.9886400000005	6370.589275			1.0	2.0	0.0	3.0					
6377.221	1361.8990000000003	BlockDesign														1.0	292.0	350.0	50.0	10.0
6377.221	78.57500000000073	trials	10.0	6450.696058	6452.550596	6453.427434	6453.765274	6449.830384	6452.708178	6442.981	6455.796	1.0	1.0	1.0	1.0					
6457.815	13.7450000000008	trials	10.0	6467.677836	6469.147825	6470.728539	6471.586894	6466.693585	6469.9941			1.0	2.0	0.0	3.0					
6473.127	13.987999999999374	trials	10.0	6482.016263	6483.284448	6485.9041560000005	6487.143107	6481.198858	6484.381134			1.0	1.0	0.0	3.0					
6489.317	20.16899999999987	trials	10.0	6505.291782	6506.793535	6509.024352	6509.471898	6504.747931	6507.708127			1.0	2.0	0.0	3.0					
6513.475	52.61999999999989	trials	10.0	6562.016907	6563.753826	6565.029349	6565.413315	6561.466012	6564.167223			1.0	1.0	1.0	1.0					
6569.691	19.373999999999796	trials	10.0	6583.211755	6584.437984	6586.791594	6587.015106	6582.551545	6585.868009	6587.586	6589.065	1.0	1.0	1.0	1.0					
6592.155	16.539999999999964	trials	10.0	6602.453478	6603.969688	6607.858261	6608.722161	6601.755232	6604.723018000001			1.0	2.0	0.0	3.0					
6610.187	14.712999999999738	trials	10.0	6618.332214	6619.811842	6622.422813	6622.849131	6617.603644	6621.097333	6622.975	6624.9	1.0	1.0	1.0	1.0					
6627.005	14.729999999999563	trials	10.0	6635.747095000001	6637.238473	6639.246403	6639.500224	6635.090869	6637.876408	6639.95	6641.735	1.0	1.0	1.0	1.0					
6645.82	12.391000000000531	trials	10.0	6652.191798	6654.003967000001	6655.694536	6656.019544000001	6651.369553	6654.7718110000005	6656.535	6658.211	1.0	1.0	1.0	1.0					
6660.24	15.48700000000008	trials	10.0	6670.88209	6672.453477	6675.336151	6675.7566400000005	6669.947999	6672.823558			1.0	1.0	0.0	3.0					
6679.655	8.655000000000655	trials	10.0	6683.511972	6684.6980060000005	6687.800422	6688.340493	6682.8437730000005	6686.400288			1.0	2.0	0.0	3.0					
6691.115	13.391000000000531	trials	10.0	6696.976767	6698.927325000001	6704.071024	6704.533873	6696.324406	6701.878266			1.0	1.0	0.0	3.0					
6706.39	35.54999999999927	trials	10.0	6738.3870830000005	6739.728874	6741.405838000001	6741.969847	6737.659271	6740.205307			1.0	1.0	0.0	3.0					
6743.73	12.106000000000677	trials	10.0	6751.457509	6752.889242	6754.617906	6755.862414	6750.932101	6753.864192			1.0	2.0	0.0	3.0					
6756.941	32.10500000000047	trials	10.0	6783.342667	6784.844339	6787.095331	6787.310752	6782.6008950000005	6785.688031	6787.715	6789.046	1.0	1.0	1.0	1.0					
6793.13	14.885000000000218	trials	10.0	6801.007546	6802.749695	6805.5271330000005	6805.9914610000005	6800.10531	6803.86342	6806.495	6808.015	1.0	2.0	1.0	1.0					
6811.1	16.604999999999563	trials	10.0	6821.031946	6823.041742	6827.145477	6827.7343200000005	6820.164151	6823.7097810000005			1.0	2.0	0.0	3.0					
6831.55	12.414999999999964	trials	10.0	6837.777282	6839.347187	6841.711815000001	6842.124274	6836.862499	6840.270446	6842.39	6843.965	1.0	1.0	1.0	1.0					
6846.99	13.405000000000655	trials	10.0	6855.63345	6856.976305	6859.245551	6859.625965	6855.082508	6857.631796			1.0	1.0	1.0	1.0					
6863.765	14.234999999999673	trials	10.0	6872.4680260000005	6874.355015	6877.0327800000005	6878.027874	6871.8364	6876.042703			1.0	1.0	0.0	3.0					
6881.475	10.864999999999782	trials	10.0	6885.914088	6887.147632	6891.859314	6892.371021	6885.406197	6890.488561			1.0	1.0	0.0	3.0					
6896.225	22.269999999999527	trials	10.0	6912.748221	6914.392481	6917.081271	6918.522648	6911.858797	6916.188919			1.0	2.0	0.0	3.0					
6921.4	12.555000000000291	trials	10.0	6928.362358	6930.280035	6932.743925000001	6933.986043	6927.430118	6931.2253900000005			1.0	1.0	0.0	3.0					
6936.075	20.404999999999745	trials	10.0	6949.6235130000005	6951.690985	6955.977078	6956.51206	6948.907816	6953.848998			1.0	1.0	0.0	3.0					
6958.355	64.82500000000073	trials	10.0	7015.903044000001	7017.469902	7020.887295	7021.284053	7015.388583	7018.362478	7021.5	7023.18	1.0	1.0	1.0	1.0					
7027.2	13.039999999999964	trials	10.0	7034.978058000001	7036.024549	7039.116558	7040.269708	7034.025635	7036.92744			1.0	2.0	0.0	3.0					
7042.49	11.025000000000546	trials	10.0	7048.713525	7050.703161	7052.42386	7053.5456890000005	7047.964585	7051.533595			1.0	1.0	0.0	3.0					
7055.87	17.015000000000327	trials	10.0	7064.713873000001	7065.90475	7071.401152	7072.91665	7064.1052500000005	7067.772597			1.0	2.0	0.0	3.0					
7073.716	27.156999999999243	trials	10.0	7096.848806	7098.315021	7100.0934130000005	7100.901079	7096.258977	7098.697864			1.0	1.0	0.0	3.0					
7102.423	38.45600000000013	trials	10.0	7135.120204	7136.534961	7140.413727	7140.877227	7134.557145000001	7137.578776			1.0	1.0	0.0	3.0					
7144.88	16.909999999999854	trials	10.0	7156.769557	7157.8720570000005	7160.947318	7161.8197230000005	7156.086568000001	7159.933645			1.0	2.0	0.0	3.0					
7165.256	14.808999999999287	trials	10.0	7173.283487000001	7174.820004	7179.408851	7180.095151	7172.666764	7175.672962000001			1.0	2.0	0.0	3.0					
7182.836	23.74200000000019	trials	10.0	7199.165002	7200.661111	7203.526907	7203.877842	7198.571019	7202.148811	7204.171	7206.578	1.0	1.0	1.0	1.0					
7208.66	23.579999999999927	trials	10.0	7221.464421000001	7222.975459	7229.541873	7230.092995	7220.91238	7224.150861	7230.385	7232.24	1.0	2.0	1.0	1.0					
7235.257	14.124000000000706	trials	10.0	7244.733598000001	7246.405758	7248.613495	7249.408717	7244.008975000001	7247.737941			1.0	2.0	0.0	3.0					
7251.005	17.626000000000204	trials	10.0	7262.4959260000005	7264.470738	7267.396563	7268.660698	7261.533996	7265.600280000001			1.0	1.0	0.0	3.0					
7271.095	39.32600000000002	trials	10.0	7302.929514	7304.9937820000005	7307.72284	7308.1973020000005	7302.145201	7305.351777	7308.336	7310.421	1.0	2.0	1.0	1.0					
7312.439	19.34099999999944	trials	10.0	7324.569235	7326.575662	7329.204689	7329.713365	7324.0522630000005	7327.1588520000005	7320.075	7331.78	1.0	2.0	1.0	1.0					
7335.805	17.420000000000073	trials	10.0	7347.499776000001	7349.195749	7350.672636	7351.018212	7346.885169	7349.755351	7351.262	7353.225	1.0	1.0	1.0	1.0					
7357.27	12.540999999999258	trials	10.0	7364.363821	7365.615913	7368.957475	7369.840911	7363.62873	7366.8231670000005			1.0	2.0	0.0	3.0					
7372.395	32.86999999999989	trials	10.0	7396.791081	7398.586783000001	7399.997125	7400.233222	7396.228983	7399.1158590000005	7400.631	7405.265	1.0	1.0	1.0	1.0					
7408.285	12.136000000000422	trials	10.0	7415.45599	7416.59127	7417.85704	7418.191383	7414.564564	7417.0228210000005	7418.44	7420.421	1.0	1.0	1.0	1.0					
7423.465	13.68499999999949	trials	10.0	7430.94469	7432.481146	7433.863915	7434.052641	7430.27437	7432.78491	7434.506	7437.15	1.0	1.0	1.0	1.0					
7441.25	13.779999999999745	trials	10.0	7449.049659	7451.002362	7452.583527000001	7452.964369	7448.521278	7451.316231000001	7453.305	7455.03	1.0	1.0	1.0	1.0					
7458.055	13.804999999999382	trials	10.0	7466.135082000001	7467.606453	7469.433994	7469.634617	7465.422346	7468.573129	7470.055	7471.86	1.0	1.0	1.0	1.0					
7474.911	13.378999999999905	trials	10.0	7483.149606	7484.320978	7485.759034000001	7485.897804	7482.38241	7484.752255	7486.49	7488.29	1.0	1.0	1.0	1.0					
7491.378	16.972000000000662	trials	10.0	7503.34623	7504.676706	7505.844813	7506.059029	7502.797138	7504.9962160000005	7506.535	7508.35	1.0	1.0	1.0	1.0					
7512.48	13.780000000000655	trials	10.0	7523.125647	7524.254199	7525.758153000001	7526.29435	7522.1384020000005	7525.02148			1.0	1.0	0.0	3.0					
7529.16	10.551000000000386	trials	10.0	7535.750487	7536.852975	7538.814363	7539.743595	7534.955164	7538.01281			1.0	2.0	0.0	3.0					
7542.22	19.14099999999962	trials	10.0	7557.988361	7559.1792940000005	7560.935088	7561.390992000001	7557.163147	7559.680316			1.0	1.0	0.0	3.0					
7563.282	49.037999999999556	trials	10.0	7605.189801	7606.716888	7610.234859	7610.4006420000005	7604.609713	7607.142424	7610.885	7612.32	1.0	1.0	1.0	1.0					
7616.365	13.270000000000437	trials	10.0	7626.028792	7627.672437	7628.919853	7629.668103	7625.078416	7627.970629			1.0	1.0	0.0	3.0					
7631.336	13.243999999999687	trials	10.0	7638.600343	7640.267106	7643.955468	7644.6132	7637.890738	7643.095759			1.0	2.0	0.0	3.0					
7648.336	12.088999999999942	trials	10.0	7654.050621	7655.491894000001	7658.2464070000005	7658.6303530000005	7653.307966	7656.45967	7658.94	7660.425	1.0	1.0	1.0	1.0					
7664.56	15.65099999999984	trials	10.0	7673.621709	7675.411726	7677.579153000001	7677.899101	7672.744302	7676.180353	7678.255	7680.211	1.0	1.0	1.0	1.0					
7684.27	14.027999999999338	trials	10.0	7694.355321	7695.885523	7697.948878	7698.326761	7693.472688	7696.399745000001			1.0	1.0	0.0	3.0					
7700.345	16.56999999999971	trials	10.0	7707.650465000001	7709.107137	7714.621604	7715.18889	7707.071161	7713.778176	7715.32	7716.915	1.0	2.0	1.0	1.0					
7719.006	20.113999999999578	trials	10.0	7730.925622000001	7732.637578	7736.653327	7736.832546	7729.975796000001	7733.7314320000005	7737.275	7739.12	1.0	1.0	1.0	1.0					
7741.288	369.34300000000076	BlockDesign														1.0	351.0	371.0	90.0	50.0
7741.288	17.202000000000226	trials	11.0	7752.542172	7754.133865	7755.968191	7756.352517	7751.92161	7754.618805	7756.715	7758.49	1.0	1.0	1.0	1.0					
7762.507	14.653000000000247	trials	11.0	7770.435622	7771.752182	7774.767805	7774.986732	7769.474152000001	7772.3856670000005	7775.415	7777.16	1.0	1.0	1.0	1.0					
7779.177	21.53400000000056	trials	11.0	7796.855683	7798.819254	7799.902885	7800.74511	7795.909565	7799.028928			1.0	1.0	0.0	3.0					
7802.235	15.110000000000582	trials	11.0	7811.035452	7812.3391090000005	7816.7113500000005	7817.376795	7810.167612	7815.767539			1.0	2.0	0.0	3.0					
7820.1	10.355999999999767	trials	11.0	7824.997495	7826.329684	7827.725134	7828.157475	7824.330742	7826.858719	7828.355	7830.456	1.0	1.0	1.0	1.0					
7832.546	17.558999999999287	trials	11.0	7843.731004	7845.197499	7847.7424	7848.162517000001	7843.058834	7846.213807	7848.445	7850.105	1.0	1.0	1.0	1.0					
7852.225	14.905999999999949	trials	11.0	7862.860729	7864.1901450000005	7866.072135	7866.552003000001	7862.254301	7864.81767			1.0	1.0	1.0	1.0					
7870.703	15.567000000000007	trials	11.0	7880.186299	7881.399171	7883.32722	7883.507806	7879.519365	7881.761239	7884.075	7886.27	1.0	1.0	1.0	1.0					
7888.29	17.050000000000182	trials	11.0	7899.355848	7901.179702	7902.564594	7902.905361	7898.778478	7901.651424	7903.22	7905.34	1.0	1.0	1.0	1.0					
7907.361	15.529000000000451	trials	11.0	7916.6228040000005	7918.117249	7919.8572970000005	7920.244506	7915.705227	7918.399025000001	7920.46	7922.89	1.0	1.0	1.0	1.0					
7925.026	17.355000000000473	trials	11.0	7936.256377	7937.97372	7939.439133	7939.532524	7935.266517	7938.5136840000005	7940.08	7942.381	1.0	1.0	1.0	1.0					
7946.22	15.865999999999985	trials	11.0	7956.171513	7957.537071000001	7959.406501	7959.776763	7955.202939000001	7958.402983	7960.09	7962.086	1.0	1.0	1.0	1.0					
7966.15	15.25	trials	11.0	7975.542882	7977.269032	7978.514925	7979.015428000001	7974.716898000001	7977.60483	7979.185	7981.4	1.0	1.0	1.0	1.0					
7983.49	13.114999999999782	trials	11.0	7990.990984	7992.774608	7993.860837	7994.201323	7990.138132	7993.015869	7994.595	7996.605	1.0	1.0	1.0	1.0					
7998.424	15.810999999999694	trials	11.0	8008.6231960000005	8010.335621	8011.557481	8011.918678	8008.059201	8010.632925	8012.15	8014.235	1.0	1.0	1.0	1.0					
8016.325	15.261000000000422	trials	11.0	8024.807244	8026.55841	8028.354286	8028.655321	8024.078634	8026.527193	8028.965	8031.586	1.0	1.0	1.0	1.0					
8034.671	14.125	trials	11.0	8042.316549	8044.538761	8045.660229	8046.114366	8041.793895000001	8044.579317	8046.345	8048.796	1.0	1.0	1.0	1.0					
8051.881	12.719000000000051	trials	11.0	8058.71185	8060.616121	8061.612852	8061.8861400000005	8058.092015	8060.837317	8062.211	8064.6	1.0	1.0	1.0	1.0					
8068.695	13.36999999999989	trials	11.0	8076.481806	8077.85364	8078.930893000001	8079.356731	8075.817003	8078.170782	8079.76	8082.065	1.0	1.0	1.0	1.0					
8085.155	11.6850000000004	trials	11.0	8092.116406	8093.714922	8096.480734000001	8096.876602	8091.362754	8093.706614000001			1.0		0.0	2.0					
8098.765	11.865999999999985	trials	11.0	8105.276436	8106.743302	8107.96845	8108.411734	8104.360608	8107.158697	8108.711	8110.631	1.0	1.0	1.0	1.0					
8113.68	470.1309999999994	BlockDesign														1.0	372.0	391.0	50.0	0.0
8113.68	17.63499999999931	trials	12.0	8127.714361	8129.365419	8130.561333	8131.098822	8126.848633	8129.7661800000005			2.0	1.0	0.0	3.0					
8132.91	10.324999999999818	trials	12.0	8138.467524	8140.313626	8141.968123000001	8143.270683000001	8137.808059	8141.040834			2.0	1.0	0.0	3.0					
8144.38	49.6850000000004	trials	12.0	8188.717504	8190.685206	8191.538997	8191.965024	8187.770627	8190.841599	8192.29	8194.065	2.0	1.0	1.0	1.0					
8198.189	12.751000000000204	trials	12.0	8205.587748	8207.039668000001	8208.303781	8208.773967000001	8204.776522	8207.339766000001	8209.06	8210.94	2.0	1.0	1.0	1.0					
8213.029	17.55699999999888	trials	12.0	8225.692042	8227.006837	8228.221901	8228.599867	8224.984465	8227.310895	8229.135	8230.586	2.0	1.0	1.0	1.0					
8232.615	18.306000000000495	trials	12.0	8243.362102	8245.181943	8246.624479	8247.214906000001	8242.690891	8245.342417			2.0	1.0	0.0	3.0					
8250.965	13.620999999999185	trials	12.0	8260.212807	8261.781928	8263.634764	8264.621407	8259.658672	8262.12605			2.0	1.0	0.0	3.0					
8267.08	19.842000000000553	trials	12.0	8279.748783	8281.4674	8286.436871	8286.956135	8278.760424	8282.461574			2.0	2.0	0.0	3.0					
8288.826	14.029000000000451	trials	12.0	8296.517421	8298.580759	8300.431684	8300.827782	8295.710974	8298.8775	8301.125	8302.855	2.0	1.0	1.0	1.0					
8306.876	10.519000000000233	trials	12.0	8313.562792	8314.815224	8316.590208	8317.429135	8313.017516	8315.185974			2.0	1.0	0.0	3.0					
8319.995	25.729999999999563	trials	12.0	8337.322633	8338.989447	8343.054447	8343.609153000001	8336.652313	8340.373142	8343.725	8345.725	2.0	1.0	1.0	1.0					
8347.767	16.363999999999578	trials	12.0	8359.887989	8361.959465	8363.610521999999	8364.164296	8359.360526	8362.298449			2.0	1.0	0.0	3.0					
8367.961	30.009000000000015	trials	12.0	8392.378375	8393.937552	8397.390231000001	8397.913318	8391.403234000001	8394.547398			2.0	1.0	0.0	3.0					
8400.982	23.468000000000757	trials	12.0	8417.281453	8418.386559	8423.93554	8424.485016	8416.438015	8420.402515			2.0	2.0	0.0	3.0					
8426.27	30.815999999998894	trials	12.0	8452.169386	8454.174909000001	8455.998316000001	8457.12036	8451.548451	8454.983478			2.0	1.0	0.0	3.0					
8458.441	25.41899999999987	trials	12.0	8476.209307000001	8477.251309	8482.940274	8483.895003	8475.63492	8479.129333			2.0	2.0	0.0	3.0					
8487.27	31.454999999999927	trials	12.0	8512.893337	8514.16825	8516.090232	8516.548056	8512.377302	8515.059324	8516.8	8518.725	2.0	1.0	1.0	1.0					
8520.775	13.899999999999636	trials	12.0	8530.718641	8532.635284	8533.794055	8534.71126	8529.788795	8532.887001			2.0	1.0	0.0	3.0					
8537.211	24.085000000000946	trials	12.0	8550.688503000001	8551.952131	8560.134066999999	8561.331985	8549.690269	8553.823183			2.0	2.0	0.0	3.0					
8562.461	21.350000000000364	trials	12.0	8579.643411000001	8581.030723	8583.696127	8584.148989000001	8578.964275	8582.033376			2.0	1.0	0.0	3.0					
8586.015	506.76500000000124	BlockDesign														1.0	392.0	411.0	0.0	50.0
8586.015	61.327000000001135	trials	13.0	8643.798973	8645.602955	8646.840417	8647.37745	8643.284446	8645.850028			3.0	2.0	0.0	3.0					
8650.283	26.927999999999884	trials	13.0	8671.778344	8673.372817	8674.6677	8675.256841	8671.130787	8673.746315	8675.345	8677.211	3.0	2.0	1.0	1.0					
8681.303	18.147000000000844	trials	13.0	8690.163175	8692.165167	8697.071847	8697.499917000001	8689.497393	8692.901146	8697.81	8699.45	3.0	2.0	1.0	1.0					
8701.541	14.554000000000087	trials	13.0	8710.505127	8711.691522000001	8715.191542	8716.131507	8709.963296	8712.497054			3.0	2.0	0.0	3.0					
8719.51	30.420000000000073	trials	13.0	8744.929078000001	8746.261449	8749.302874	8749.964102	8744.391517	8747.022538000001			3.0	2.0	0.0	3.0					
8751.69	16.899999999999636	trials	13.0	8761.158959	8762.670931	8766.493711	8766.865754	8760.306111	8763.352391	8767.131	8768.59	3.0	2.0	1.0	1.0					
8770.68	18.920000000000073	trials	13.0	8783.019234	8784.39574	8788.715343	8789.636686	8782.214958	8785.507959			3.0	2.0	0.0	3.0					
8792.1	22.19000000000051	trials	13.0	8805.460831	8806.665367	8811.38469	8812.033053	8804.604903	8807.578156	8812.035	8814.29	3.0	2.0	1.0	1.0					
8818.31	34.76000000000022	trials	13.0	8845.974619	8847.486106	8850.722127000001	8851.191645	8845.000108	8847.834889	8851.365	8853.07	3.0	2.0	1.0	1.0					
8855.09	12.604999999999563	trials	13.0	8863.219563999999	8864.327068	8867.028577000001	8867.733402	8862.390660000001	8865.307766			3.0	2.0	0.0	3.0					
8870.41	31.81500000000051	trials	13.0	8898.699223	8900.260084	8901.415704	8902.259773	8897.723987000001	8900.534709			3.0	2.0	0.0	3.0					
8903.74	14.979999999999563	trials	13.0	8910.989755	8912.824501	8916.440314	8917.009933000001	8910.244092	8913.111052	8917.12	8918.72	3.0	2.0	1.0	1.0					
8920.745	14.409999999999854	trials	13.0	8929.02921	8930.745986	8934.00606	8935.191772	8928.063474	8931.785236			3.0	2.0	0.0	3.0					
8936.416	32.48400000000038	trials	13.0	8961.704737	8962.856578	8968.256377	8968.93783	8961.039984	8964.435253			3.0	2.0	0.0	3.0					
8971.645	14.654999999998836	trials	13.0	8980.001402	8981.669032	8983.832802	8984.617569	8979.071718	8982.039181	8984.488	8986.3	3.0	2.0	1.0	1.0					
8990.345	14.826000000000931	trials	13.0	8997.055003	8998.812367	9002.792167	9003.391303	8996.244143	8999.506396	9003.44	9005.171	3.0	2.0	1.0	1.0					
9008.195	14.765999999999622	trials	13.0	9018.664258	9020.098909	9022.191943	9022.994169	9017.728108	9020.760949			3.0	2.0	0.0	3.0					
9026.565	34.659999999999854	trials	13.0	9056.640336	9058.303712	9060.443557	9061.262266	9055.980888	9058.798018			3.0	1.0	0.0	3.0					
9062.898	13.16700000000128	trials	13.0	9070.320061	9071.707425	9073.714478	9074.386785	9069.452199	9072.360625000001	9074.256	9076.065	3.0	2.0	1.0	1.0					
9078.08	14.700000000000728	trials	13.0	9086.251566	9087.596862	9090.10539	9090.922717000001	9085.684515	9088.376857	9090.79	9092.78	3.0	2.0	1.0	1.0					
9094.875	1141.9439999999995	BlockDesign														1.0	412.0	455.0	50.0	50.0
9094.875	15.899999999999636	trials	14.0	9106.164797000001	9107.276740000001	9110.102422	9110.812722	9105.511546	9107.855306000001			3.0	2.0	0.0	3.0					
9112.56	25.188000000000102	trials	14.0	9132.995031	9134.217358	9137.325415	9137.781414000001	9132.465331	9134.645053			3.0	1.0	0.0	3.0					
9140.675	21.150000000001455	trials	14.0	9158.305744000001	9159.861942	9161.259831	9161.863318	9157.438385000001	9160.124439			2.0	1.0	0.0	3.0					
9165.695	17.435999999999694	trials	14.0	9178.191970999998	9179.939267999998	9181.036049999999	9181.292265999999	9177.303655	9180.106758	9181.865	9183.131	2.0	1.0	1.0	1.0					
9185.155	17.840000000000146	trials	14.0	9196.991823999999	9198.718869999999	9200.72869	9200.986862999998	9196.19523	9199.044641999999	9201.396	9202.995	2.0	1.0	1.0	1.0					
9207.015	12.2450000000008	trials	14.0	9215.637204999999	9216.678737999999	9218.191391999999	9219.261562	9214.814424999999	9217.050432			2.0	1.0	0.0	3.0					
9221.56	35.69599999999991	trials	14.0	9251.258495999999	9252.387789999999	9254.403631	9255.328049	9250.687435999998	9253.186974999999	9255.145	9257.256	3.0	2.0	1.0	1.0					
9260.275	10.960000000000946	trials	14.0	9267.482541	9269.059136999998	9270.542673	9271.235917	9266.546574999998	9269.367445			3.0	2.0	0.0	3.0					
9273.912	11.968999999999141	trials	14.0	9280.737495	9282.679537	9283.697790999999	9284.02162	9279.817545	9282.839638	9284.455	9285.881	2.0	1.0	1.0	1.0					
9287.939	15.015999999999622	trials	14.0	9296.237341	9297.674939999999	9300.59851	9301.255410999998	9295.457229	9298.08154	9301.305	9302.955	3.0	2.0	1.0	1.0					
9304.98	14.829999999999927	trials	14.0	9314.537008	9316.359429999999	9318.981891	9319.808559	9313.798275	9316.354818999998			2.0		0.0	2.0					
9320.381	37.84400000000096	trials	14.0	9352.236073	9353.899116999999	9357.042582999999	9358.004804999999	9351.717219999999	9354.219529			3.0	2.0	1.0	1.0					
9361.696	12.123999999999796	trials	14.0	9370.592911	9372.40842	9373.350781	9373.818345	9369.903821999998	9372.601112999999			2.0	1.0	0.0	3.0					
9376.78	44.22599999999875	trials	14.0	9416.747127999999	9418.099762	9419.800055999998	9421.008166	9416.159275	9418.486458			3.0	2.0	0.0	3.0					
9424.276	10.498999999999796	trials	14.0	9430.602619	9431.934769	9434.11624	9434.774205999998	9429.959377	9432.281905			3.0	2.0	0.0	3.0					
9438.548	11.484999999998763	trials	14.0	9446.227926	9447.885998999998	9449.792144	9450.008274999998	9445.368774999999	9447.879055			2.0		0.0	2.0					
9453.05	21.400000000001455	trials	14.0	9468.527570999999	9469.787686	9471.707844999999	9472.609871999999	9468.0144	9470.118331999998	9472.395	9474.45	3.0	2.0	1.0	1.0					
9477.47	16.07600000000093	trials	14.0	9487.502262	9489.363607	9491.081676	9491.388072	9486.615689999999	9489.591417	9491.715	9493.546	2.0	1.0	1.0	1.0					
9495.565	15.100000000000364	trials	14.0	9505.663927	9506.799578999999	9508.049154999999	9508.326364999999	9504.998426999999	9507.090461	9508.68	9510.665	2.0	1.0	1.0	1.0					
9512.751	15.709999999999127	trials	14.0	9523.924603	9525.574397999999	9528.266624999998	9528.462399999999	9523.403559999999	9525.564323999999			2.0		0.0	2.0					
9529.588	20.70800000000054	trials	14.0	9545.322928	9546.491841	9549.070456	9550.296445	9544.484959	9546.883881999998			3.0	2.0	0.0	3.0					
9552.426	25.054000000000087	trials	14.0	9573.854949999999	9575.100901	9576.657138999999	9577.480575	9573.224637	9575.850942			3.0	2.0	0.0	3.0					
9581.111	28.855999999999767	trials	14.0	9606.06354	9608.135547	9609.239757	9609.364533999998	9605.358908999999	9608.325524999998			2.0	1.0	0.0	3.0					
9613.655	18.64099999999962	trials	14.0	9624.808454999999	9626.652562	9629.666249999998	9630.325396999999	9624.045366999999	9626.97331	9630.375	9632.296	3.0	2.0	1.0	1.0					
9634.15	15.079999999999927	trials	14.0	9645.363892	9647.030265	9648.679656999999	9649.228899999998	9644.676615999999	9647.359074999998			2.0	1.0	0.0	3.0					
9651.126	19.269000000000233	trials	14.0	9661.028271	9663.011481	9667.862292999998	9668.601940999999	9660.386391999999	9663.654558999999	9668.615	9670.395	3.0	2.0	1.0	1.0					
9673.49	19.51599999999962	trials	14.0	9685.014195	9686.556825	9690.137857	9690.370239999998	9684.503601999999	9686.951899	9690.79	9693.006	2.0	1.0	1.0	1.0					
9696.13	14.644000000000233	trials	14.0	9704.774075	9706.099483	9709.516099999999	9710.773242	9703.806197999998	9706.466386999999			3.0	2.0	0.0	3.0					
9713.921	16.22899999999936	trials	14.0	9724.198440999999	9726.237938999999	9727.636245999998	9727.897938999999	9723.441971999999	9726.534334	9728.395	9730.15	2.0	1.0	1.0	1.0					
9732.175	14.352000000000771	trials	14.0	9741.248452999998	9742.550323	9746.048976999999	9746.527492	9740.612685999999	9743.850369999998			3.0	1.0	0.0	3.0					
9749.49	12.590000000000146	trials	14.0	9753.465404999999	9755.367144999998	9761.189341	9762.080946999999	9752.916937	9758.931373			2.0	2.0	0.0	3.0					
9765.6	47.100000000000364	trials	14.0	9808.918677999998	9810.153129999999	9812.133355999998	9812.699702999998	9808.192732	9810.754685999998			3.0	1.0	0.0	3.0					
9815.564	18.84100000000035	trials	14.0	9828.55071	9830.091967999999	9833.276937999999	9834.406809999999	9827.899121999999	9830.893352			3.0	2.0	0.0	3.0					
9835.64	155.29000000000087	trials	14.0	9986.716359999999	9988.718063999999	9990.061615999999	9990.618950999999	9985.807971999999	9989.184771999999			2.0	1.0	0.0	3.0					
9994.486	15.943999999999505	trials	14.0	10005.230908	10006.481886	10009.396361	10010.43104	10004.658763	10007.205768999998			3.0	2.0	0.0	3.0					
10012.805	74.24099999999999	trials	14.0	10082.09176	10083.756201999999	10084.762848999999	10085.099862	10081.220642999999	10084.010121	10085.586	10087.046	2.0	1.0	1.0	1.0					
10089.1	16.649999999999636	trials	14.0	10102.270341	10103.536665	10104.632340999999	10105.193295	10101.420488999998	10103.844530999999			2.0	1.0	0.0	3.0					
10107.035	14.975000000000364	trials	14.0	10114.16014	10116.166637999999	10118.508568	10119.195452999998	10113.637765	10116.614223999999	10119.171	10122.01	3.0	2.0	1.0	1.0					
10125.086	19.5	trials	14.0	10136.830441999999	10137.961040999999	10140.715573	10140.945845999999	10135.852316999999	10138.484809	10141.565	10144.586	2.0	1.0	1.0	1.0					
10148.62	16.300999999999476	trials	14.0	10158.160166999998	10159.611952	10162.181381999999	10162.721807999998	10157.232495999999	10159.983708	10162.796	10164.921	3.0	2.0	1.0	1.0					
10168.005	16.450000000000728	trials	14.0	10179.915196	10181.392366	10183.486670999999	10184.456854	10179.075192999999	10181.690509			2.0	2.0	0.0	3.0					
10187.845	10.780000000000655	trials	14.0	10194.575450999999	10196.189772	10197.434250999999	10198.625247	10193.663374	10196.458621			3.0	1.0	0.0	3.0					
10199.876	21.929000000000087	trials	14.0	10218.750401	10220.119431	10221.379583999998	10221.808142999998	10218.217843999999	10220.46792			2.0	1.0	0.0	3.0					
10224.83	11.988999999999578	trials	14.0	10233.150877	10234.312869	10236.679635999999	10237.667682	10232.572431999999	10234.827621999999			2.0	2.0	0.0	3.0					
10241.09	469.47500000000036	BlockDesign														1.0	456.0	461.0	0.0	0.0
10241.09	46.120999999999185	trials	15.0	10283.700625	10285.207107999999			10283.082869999998	10285.197589			2.0		0.0	2.0					
10290.236	22.23399999999856	trials	15.0	10308.420758999999	10310.122264	10311.921438	10312.471242	10307.675641	10310.539506			2.0	1.0	0.0	3.0					
10315.361	75.53899999999885	trials	15.0	10386.552776999999	10388.252672999999	10390.005274	10390.903972	10385.694377999998	10388.505946			2.0	2.0	0.0	3.0					
10394.49	238.9449999999997	trials	15.0	10630.126838999999	10631.555391	10632.57237	10633.439955	10629.260177999999	10631.565061			2.0	1.0	0.0	3.0					
10635.997	57.32300000000032	trials	15.0	10690.352712999998	10691.847178	10692.769762	10693.325061	10689.633462999998	10692.035582999999			2.0	1.0	0.0	3.0					
10697.27	13.295000000000073	trials	15.0	10707.01363	10708.629717	10710.454215	10710.955436999999	10706.077252	10708.934233			2.0	1.0	0.0	3.0					
10714.877	238.57300000000032	BlockDesign														1.0	462.0	466.0	0.0	0.0
10714.877	34.40300000000025	trials	16.0	10744.392784	10746.233490999999	10748.264589999999	10749.283245999999	10743.512272	10746.542136999999			3.0	2.0	0.0	3.0					
10751.755	65.5010000000002	trials	16.0	10810.728024999999	10812.336240999999	10815.338324999999	10817.262132999998	10809.869394	10812.696466			3.0	2.0	0.0	3.0					
10819.843	63.711999999999534	trials	16.0	10877.872926999999	10879.115779	10882.533486999999	10883.561190999999	10877.279187999999	10879.750804			3.0	2.0	0.0	3.0					
10886.956	32.965000000000146	trials	16.0	10913.633115999999	10915.409955	10919.270397999999	10919.924367	10912.777689999999	10915.852476			3.0	1.0	0.0	3.0					
10923.65	29.80000000000109	trials	16.0	10948.002837999999	10949.388030999999	10953.061824999999	10953.453807999998	10947.458256	10950.410332			3.0	1.0	0.0	3.0					
10957.786	1321.0840000000007	BlockDesign														1.0	467.0	508.0	50.0	50.0
10957.786	42.248999999999796	trials	17.0	10995.598758	10997.310703			10994.712716999999	10997.297553999999			2.0		0.0	2.0					
11001.392	16.921000000000276	trials	17.0	11014.688709999999	11016.214038999999	11017.812797999999	11018.30688	11014.056555	11016.634977999998			2.0	1.0	0.0	3.0					
11020.263	29.229999999999563	trials	17.0	11043.864921999999	11045.690503	11048.603473	11049.494429999999	11043.256623	11046.291405999998			3.0	2.0	0.0	3.0					
11052.102	40.64799999999923	trials	17.0	11087.108997	11088.885171999998	11090.370738999998	11090.674551999999	11086.161929999998	11089.444464999999	11091.071	11092.75	2.0	1.0	1.0	1.0					
11095.836	21.91899999999987	trials	17.0	11111.743644999999	11113.660317	11117.225416	11117.760423	11110.851191999998	11115.277044999999			3.0	1.0	0.0	3.0					
11120.65	27.88000000000102	trials	17.0	11143.779707999998	11145.806483999999	11148.081818999999	11148.534549999998	11143.115930999998	11146.256064			2.0	1.0	0.0	3.0					
11152.426	25.35400000000118	trials	17.0	11170.114346999999	11171.195801999998	11176.432862999998	11177.785350999999	11169.117364	11172.327513999999			3.0	1.0	0.0	3.0					
11178.915	27.21599999999853	trials	17.0	11198.409135999998	11199.650828999998	11203.563141999999	11204.103964	11197.508237999999	11200.849563	11204.3	11206.131	3.0	2.0	1.0	1.0					
11208.173	21.20799999999872	trials	17.0	11222.970463	11224.561485999999	11227.014116999999	11227.349509	11222.248639999998	11225.251261	11227.69	11229.381	2.0	1.0	1.0	1.0					
11233.471	22.764000000001033	trials	17.0	11248.889583999999	11250.436074	11252.973919	11253.753103	11247.902035	11250.968948	11253.638	11256.235	3.0	2.0	1.0	1.0					
11258.25	40.030000000000655	trials	17.0	11290.595927999999	11292.326502	11294.581626	11295.399263	11289.818727999998	11292.646594999998	11295.244	11298.28	3.0	2.0	1.0	1.0					
11301.35	20.329999999999927	trials	17.0	11318.015688	11319.933022	11321.179574	11321.686550999999	11317.492554999999	11320.194384999999			2.0	1.0	0.0	3.0					
11324.66	16.50500000000102	trials	17.0	11337.274191999999	11338.996238	11340.367935999999	11341.173245999998	11336.757162999998	11339.326921			3.0	2.0	0.0	3.0					
11343.783	33.38800000000083	trials	17.0	11373.654953	11375.082034			11372.692041999999	11375.071525			2.0		0.0	2.0					
11379.191	18.72400000000016	trials	17.0	11392.980191999999	11394.455312999999	11397.516913	11397.911714999998	11392.158883	11394.846694			2.0	1.0	0.0	3.0					
11401.921	31.40400000000045	trials	17.0	11429.266257	11431.001873	11432.180537	11433.330504	11428.749651999999	11431.361415			3.0	2.0	0.0	3.0					
11434.642	42.292999999999665	trials	17.0	11468.465006999999	11469.871529999999	11474.453169999999	11474.780329	11467.918974	11470.486604	11475.131	11476.935	2.0	1.0	1.0	1.0					
11479.955	21.69499999999971	trials	17.0	11494.539733	11496.331977999998	11500.888641999998	11501.659517999999	11493.822031	11497.378132999998			3.0	2.0	0.0	3.0					
11503.235	19.889999999999418	trials	17.0	11519.72206	11521.118643999998	11522.621724999999	11523.130546999999	11518.968681999999	11521.713767			2.0	1.0	0.0	3.0					
11526.017	25.663000000000466	trials	17.0	11545.520507	11547.336688	11550.894048999999	11551.686329999999	11544.845806	11547.795074999998			2.0	1.0	0.0	3.0					
11555.35	43.17499999999927	trials	17.0	11591.590042	11593.620324	11595.460106999999	11596.459295999999	11590.887272999998	11593.824122999999	11596.27	11598.525	3.0	2.0	1.0	1.0					
11602.595	23.00500000000102	trials	17.0	11618.346816	11620.390295	11622.310722999999	11623.150504	11617.442868999999	11620.344586	11623.105	11625.6	3.0	2.0	1.0	1.0					
11628.615	24.75500000000102	trials	17.0	11645.556874999998	11646.904671999999	11650.312906	11650.643091999998	11644.551915	11647.306085	11650.955	11653.37	2.0	1.0	1.0	1.0					
11655.441	20.81499999999869	trials	17.0	11671.441107999999	11673.082263999999	11675.093341	11676.262644999999	11670.745649999999	11673.517832999998			3.0	2.0	0.0	3.0					
11679.43	25.979999999999563	trials	17.0	11701.597221	11703.639476999999	11704.902783999998	11705.419715999999	11700.801459999999	11703.984989999999			2.0	1.0	0.0	3.0					
11707.305	66.85000000000036	trials	17.0	11767.510605	11768.792732999998	11772.881315999999	11774.160504	11766.956842	11769.490106			2.0	2.0	0.0	3.0					
11776.245	44.3859999999986	trials	17.0	11812.011061	11813.611453	11817.700832999999	11818.574347	11811.282111999999	11814.76974	11818.336	11820.631	3.0	2.0	1.0	1.0					
11822.691	25.493999999998778	trials	17.0	11843.506087	11845.054483	11847.663282999998	11848.193569	11842.977374999999	11845.668222999999			2.0	1.0	0.0	3.0					
11850.075	46.55999999999949	trials	17.0	11892.456257999998	11893.632635999998	11895.390336999999	11896.642462	11891.795766	11894.089161			3.0	2.0	0.0	3.0					
11898.725	30.0	trials	17.0	11921.911761	11923.542946	11925.888928999999	11926.649064	11921.119709999999	11924.263088	11926.605	11928.725	3.0	2.0	1.0	1.0					
11931.8	18.355000000001382	trials	17.0	11943.99145	11945.809806	11947.634403	11947.953307	11943.185625999999	11946.091093	11948.28	11950.155	2.0	1.0	1.0	1.0					
11954.211	18.02400000000125	trials	17.0	11966.228996999998	11968.021858	11971.199429	11972.244929999999	11965.653629999999	11968.484827			3.0	2.0	0.0	3.0					
11975.115	16.626000000000204	trials	17.0	11987.022223	11988.398991999999	11990.975961999999	11991.749216	11986.050554999998	11988.722420999999			3.0	2.0	0.0	3.0					
11993.325	79.2609999999986	trials	17.0	12069.577156	12070.693822	12072.131954999999	12072.593133999999	12068.598156	12070.982392999998			2.0	1.0	0.0	3.0					
12075.485	17.43000000000029	trials	17.0	12088.848664	12090.858445999998	12091.792598999999	12092.925741	12088.067192999999	12090.858537999999			3.0	2.0	0.0	3.0					
12096.252	15.45299999999952	trials	17.0	12103.801561	12105.496636	12109.352131	12109.809822	12103.018471	12105.927572999999	12110.211	12111.705	3.0	2.0	1.0	1.0					
12113.736	27.394999999998618	trials	17.0	12129.457273	12131.326716	12137.429677	12138.536670999998	12128.914142999998	12131.75881	12138.225	12141.131	3.0	2.0	1.0	1.0					
12144.215	23.969999999999345	trials	17.0	12161.727534999998	12163.694517	12165.648136	12166.06296	12161.119137999998	12164.054621	12166.3	12168.185	2.0	1.0	1.0	1.0					
12170.237	36.418000000001484	trials	17.0	12202.717074999999	12203.848151999999	12205.952077999998	12206.665491	12201.806865999999	12204.042517999998			2.0	2.0	0.0	3.0					
12210.364	26.90600000000086	trials	17.0	12235.001587	12235.854650000001	12236.919795	12237.338063000001	12201.806865999999	12236.117251000001			2.0	1.0	0.0	3.0					
12240.235	17.524999999999636	trials	17.0	12254.110204	12255.719965	12256.983426	12257.860722000001	12253.245093000001	12256.091545000001			2.0	1.0	0.0	3.0					
12260.27	18.600000000000364	trials	17.0	12274.278972	12275.665626			12273.398802000002	12276.295155			2.0	1.0	0.0	3.0					
12283.211	1448.549000000001	BlockDesign														1.0	509.0	577.0	10.0	50.0
12283.211	23.514000000001033	trials	18.0	12298.768086	12300.192178000001	12304.272789	12305.954543	12298.168077	12303.496096			1.0	2.0	0.0	3.0					
12308.6	47.664999999999054	trials	18.0	12350.543758	12351.780766	12355.115754	12355.692052	12349.894582	12353.898126			1.0	1.0	0.0	3.0					
12358.475	16.86499999999978	trials	18.0	12368.19064	12370.085865000001	12373.383671000001	12374.655211000001	12367.234952	12372.684789			1.0	2.0	0.0	3.0					
12376.755	21.015000000001237	trials	18.0	12388.374084000001	12390.414067000002	12395.47177	12396.078966000001	12387.750672	12394.576642	12396.05	12397.77	1.0	2.0	1.0	1.0					
12401.891	12.21900000000096	trials	18.0	12408.279610000001	12409.691479000001	12411.484455	12412.149466	12407.303259	12410.835189000001	12412.14	12414.11	1.0	2.0	1.0	1.0					
12418.131	15.088999999999942	trials	18.0	12425.404315	12427.27704	12429.647676	12430.636917	12424.63234	12428.898498	12430.27	12433.22	1.0	2.0	1.0	1.0					
12434.98	17.100000000000364	trials	18.0	12448.864519	12450.011625000001	12450.916181	12452.182538000001	12448.13055	12450.263845000001			1.0	2.0	0.0	3.0					
12454.18	9.985000000000582	trials	18.0	12459.884049	12461.316116	12463.303941	12464.265591000001	12459.016668	12462.458241			1.0	1.0	0.0	3.0					
12466.645	13.295000000000073	trials	18.0	12475.65472	12476.781301	12479.297419	12480.039618	12474.840889000001	12478.65063			1.0	2.0	0.0	3.0					
12481.675	21.100000000000364	trials	18.0	12493.978729	12495.117589000001	12501.309495000001	12502.876846000001	12493.004601	12497.500816			1.0	2.0	0.0	3.0					
12505.615	13.335000000000946	trials	18.0	12509.634137000001	12511.286317	12516.538126000001	12516.779326	12508.986852	12515.170966000001	12517.315	12518.95	1.0	1.0	1.0	1.0					
12521.97	13.385000000000218	trials	18.0	12529.94973	12531.422851000001	12534.11217	12535.45643	12529.093022000001	12533.344074			1.0	2.0	0.0	3.0					
12536.41	10.229999999999563	trials	18.0	12542.154852000001	12544.162504	12546.202307000001	12546.739776	12541.286913	12545.381972000001			1.0	1.0	0.0	3.0					
12548.457	20.243000000000393	trials	18.0	12563.244836	12564.797011	12567.611438	12568.803252000002	12562.676296000001	12566.892045			1.0	2.0	0.0	3.0					
12570.928	9.032999999999447	trials	18.0	12576.579904	12577.962922	12579.617968	12580.060651	12575.596486	12578.870082000001			1.0	1.0	0.0	3.0					
12581.925	27.746000000001004	trials	18.0	12604.701417	12606.031981	12608.890636	12609.77446	12603.937708000001	12607.174809			1.0	2.0	0.0	3.0					
12611.273	11.467000000000553	trials	18.0	12618.181365	12619.966016	12621.935056	12622.840308	12617.551096000001	12621.260932000001			1.0	2.0	0.0	3.0					
12624.255	12.894000000000233	trials	18.0	12631.964706	12633.770601	12635.985293000002	12637.249323	12631.197165000001	12635.194347			1.0	1.0	0.0	3.0					
12640.285	10.854999999999563	trials	18.0	12646.490584000001	12648.054225	12650.753400000001	12651.242416000001	12645.989520000001	12649.896319000001			1.0	1.0	0.0	3.0					
12653.066	35.72400000000016	trials	18.0	12683.740869000001	12685.434341	12688.058533000001	12688.890702	12683.18368	12686.680303000001			1.0	1.0	0.0	3.0					
12692.336	17.769000000000233	trials	18.0	12702.309892000001	12704.333249000001	12708.96838	12710.208334	12701.617891	12706.299025			1.0	2.0	0.0	3.0					
12711.301	21.269000000000233	trials	18.0	12728.46989	12729.856152	12732.089064	12732.670128000002	12727.598182000002	12730.759943000001			1.0	1.0	0.0	3.0					
12735.395	30.295000000000073	trials	18.0	12758.401655000001	12760.106539	12764.635521	12765.790681	12757.565974000001	12762.003962			1.0	2.0	0.0	3.0					
12766.974	32.08100000000013	trials	18.0	12793.370849	12794.549647	12798.618663000001	12799.158894	12792.68031	12797.294033			1.0	1.0	0.0	3.0					
12803.036	15.439000000000306	trials	18.0	12812.46515	12814.267247	12817.969543000001	12818.578002	12811.459562	12815.865781			1.0	1.0	0.0	3.0					
12822.266	46.384000000000015	trials	18.0	12862.730058000001	12864.208458000001	12867.824770000001	12868.754337	12861.890213	12866.062046000001			1.0	2.0	0.0	3.0					
12872.33	27.98999999999978	trials	18.0	12894.585588	12895.947848	12898.049509	12898.66036	12893.709183	12897.268941	12898.7	12900.32	1.0	2.0	1.0	1.0					
12903.445	18.98999999999978	trials	18.0	12914.196174	12915.842303000001	12919.563639	12920.213836	12913.510104	12916.60603	12920.055	12922.435	1.0	2.0	1.0	1.0					
12925.52	12.824999999998909	trials	18.0	12934.362301000001	12936.11935	12937.542378	12938.446348000001	12933.606777	12936.798681			1.0	2.0	0.0	3.0					
12939.846	10.998999999999796	trials	18.0	12945.850411000001	12947.842584	12950.408668	12950.948992000001	12945.311374	12948.95743			1.0	1.0	0.0	3.0					
12953.74	14.80999999999949	trials	18.0	12962.076669	12964.602724	12968.105757000001	12968.656478	12961.284015000001	12966.841114			1.0	1.0	0.0	3.0					
12971.431	16.03899999999885	trials	18.0	12979.430629	12981.043573	12984.834352	12985.480948	12978.83335	12982.700648	12985.44	12987.47	1.0	2.0	1.0	1.0					
12990.49	18.149999999999636	trials	18.0	13003.416027000001	13004.589965000001	13005.675454	13006.305093	13002.484096	13005.039037	13006.256	13008.64	1.0	2.0	1.0	1.0					
13010.655	15.614999999999782	trials	18.0	13019.621682	13021.208029000001	13022.635939	13023.722885000001	13018.666101	13021.930961	13023.283	13026.27	1.0	2.0	1.0	1.0					
13030.33	16.610000000000582	trials	18.0	13039.256646	13041.102835000002	13043.33681	13044.154473	13038.305353	13041.759192000001	13043.85	13046.94	1.0	2.0	1.0	1.0					
13048.711	18.670000000000073	trials	18.0	13060.301046	13061.713432	13063.831708000002	13064.691007000001	13059.517314	13062.279888000001	13064.385	13067.381	1.0	2.0	1.0	1.0					
13069.469	14.11700000000019	trials	18.0	13079.291503	13081.25842	13082.768314	13083.688346	13078.775596000001	13082.057074			1.0	2.0	0.0	3.0					
13086.035	11.680000000000291	trials	18.0	13091.336511000001	13092.677983000001	13094.926813	13095.303772000001	13090.717971	13093.437057000001	13095.515	13097.715	1.0	1.0	1.0	1.0					
13101.735	11.524999999999636	trials	18.0	13110.287115000001	13111.465588000001	13112.867021	13113.366592	13109.691262	13112.154678			1.0	1.0	0.0	3.0					
13117.173	9.483000000000175	trials	18.0	13121.301583	13123.329142	13125.580505	13126.761154	13120.299889	13124.00005			1.0	2.0	0.0	3.0					
13127.888	10.5099999999984	trials	18.0	13134.507055	13135.923459000001	13138.010031000002	13138.445932	13133.652172	13137.116545			1.0	1.0	0.0	3.0					
13140.35	25.40599999999904	trials	18.0	13158.596487	13159.805145	13162.968431000001	13163.838518	13157.712285000001	13160.379754000001	13163.55	13165.756	1.0	2.0	1.0	1.0					
13168.84	14.43499999999949	trials	18.0	13177.636620000001	13179.134719000001	13182.358825000001	13183.378105	13176.771349	13179.65451			1.0	2.0	0.0	3.0					
13184.735	10.779999999998836	trials	18.0	13191.488568	13192.730793	13195.162409	13195.618736	13190.945502	13193.933371000001			1.0	1.0	0.0	3.0					
13199.416	11.829000000001543	trials	18.0	13203.922036	13205.750527	13210.472829	13211.347754	13203.230392000001	13208.335524			1.0	2.0	0.0	3.0					
13213.851	16.638999999999214	trials	18.0	13225.002271000001	13226.172773	13229.267658	13230.592699	13224.273579	13228.339906000001			1.0	1.0	0.0	3.0					
13231.565	38.82499999999891	trials	18.0	13262.488452000001	13264.435284000001	13269.031795	13270.493052000002	13261.760572000001	13266.060462000001			1.0	2.0	0.0	3.0					
13273.325	27.484999999998763	trials	18.0	13293.391737	13294.868188	13298.411923	13299.020899000001	13292.545535000001	13295.504913	13298.9	13300.81	1.0	2.0	1.0	1.0					
13304.945	10.625	trials	18.0	13310.997303	13312.765069000001	13315.215565	13315.673527	13310.411287	13313.476881			1.0	1.0	0.0	3.0					
13317.586	14.522000000000844	trials	18.0	13325.056915000001	13326.448422000001	13329.232486	13330.035027	13324.483065	13327.331754	13329.915	13332.108	1.0	2.0	1.0	1.0					
13336.125	16.86499999999978	trials	18.0	13346.387512000001	13347.949828	13352.284966000001	13353.095785000001	13345.437064000002	13348.431712000001			1.0	2.0	0.0	3.0					
13355.586	17.434000000001106	trials	18.0	13363.147063	13365.061599	13370.553412000001	13371.11604	13362.43708	13366.080898	13371.064	13373.02	1.0	2.0	1.0	1.0					
13377.04	13.18499999999949	trials	18.0	13384.147204	13385.945811000001	13389.353574	13390.327536	13383.36856	13386.349575			1.0	2.0	0.0	3.0					
13391.74	14.575000000000728	trials	18.0	13400.262559	13402.264449	13405.955631	13406.417966	13399.354169	13404.159310000001			1.0	1.0	0.0	3.0					
13408.318	12.728000000000975	trials	18.0	13414.427857	13415.563842000001	13419.19615	13421.152523	13413.684008	13416.526969			1.0	2.0	0.0	3.0					
13421.445	32.92500000000109	trials	18.0	13448.70327	13450.120086	13453.938715	13454.476823	13447.868888	13450.86973			1.0	1.0	0.0	3.0					
13457.24	11.200000000000728	trials	18.0	13462.828374	13464.195153	13467.278908	13468.543122000001	13461.899682000001	13465.51777			1.0	2.0	0.0	3.0					
13470.586	35.57900000000154	trials	18.0	13499.298129	13500.964744	13505.620705000001	13506.267405	13498.704564	13501.986595			1.0	2.0	0.0	3.0					
13507.923	28.73699999999917	trials	18.0	13528.432921000001	13529.791504	13533.646716000001	13534.493665	13527.508651	13530.74424	13534.19	13536.66	1.0	2.0	1.0	1.0					
13540.7	20.029999999998836	trials	18.0	13553.194561	13554.709725	13557.976342	13558.367692	13552.576374	13555.586356	13558.56	13560.73	1.0	2.0	1.0	1.0					
13563.756	23.915000000000873	trials	18.0	13579.683280000001	13580.914591	13584.919405	13585.612512	13578.827638	13581.705889	13585.57	13587.671	1.0	2.0	1.0	1.0					
13589.711	19.85400000000118	trials	18.0	13604.133217	13605.4909	13608.87933	13609.670974	13603.362873	13606.182744000002			1.0	2.0	0.0	3.0					
13612.182	9.962999999999738	trials	18.0	13618.793586	13620.640021000001	13621.766205	13622.249239	13618.041888	13620.919974			1.0	1.0	0.0	3.0					
13625.082	16.862999999999374	trials	18.0	13633.569802	13635.410649000001	13640.963112000001	13641.759955000001	13632.829152	13636.974631000001			1.0	2.0	1.0	1.0					
13646.48	16.920000000000073	trials	18.0	13658.558484000001	13659.685114	13662.819894	13663.504744000002	13657.744083000001	13660.352376			1.0	2.0	0.0	3.0					
13666.176	7.519000000000233	trials	18.0	13669.393834	13670.525044	13673.266752000001	13673.802444	13668.858115	13671.777178			1.0	1.0	0.0	3.0					
13677.565	10.404999999998836	trials	18.0	13681.615065	13683.613852	13687.204246000001	13688.076624000001	13680.715803000001	13684.989601000001			1.0	2.0	0.0	3.0					
13691.461	22.059000000001106	trials	18.0	13706.879929	13708.225138000002	13711.215412000001	13711.874539	13706.28406	13709.538628	13711.77	13713.52	1.0	2.0	1.0	1.0					
13715.6	16.159999999999854	trials	18.0	13725.945159	13727.265733	13731.757968	13732.461637	13725.111807000001	13727.759152			1.0	2.0	0.0	3.0					
13735.025	2356.1859999999997	BlockDesign														1.0	578.0	633.0	50.0	10.0
13735.025	10.425000000001091	trials	19.0	13739.9905	13741.570042000001	13744.730224	13745.556256	13739.236362	13743.918397000001			1.0	2.0	0.0	3.0					
13747.975	19.01000000000022	trials	19.0	13762.733733000001	13764.496036	13766.581927000001	13767.091588000001	13761.947574000002	13764.841684			1.0	1.0	0.0	3.0					
13769.895	13.020000000000437	trials	19.0	13776.519121000001	13778.336512000002	13781.774869	13783.022004	13775.933353	13779.70212			1.0	2.0	0.0	3.0					
13786.159	31.08100000000013	trials	19.0	13809.098916	13811.144676	13816.500535000001	13817.346132	13808.436126	13812.523784			1.0	2.0	0.0	3.0					
13820.76	21.48999999999978	trials	19.0	13836.210199000001	13838.284341	13839.847053000001	13840.24264	13835.647975	13838.862958000002	13840.47	13842.25	1.0	1.0	1.0	1.0					
13844.266	17.185999999999694	trials	19.0	13856.450262	13858.426954	13861.052143	13861.538371	13855.626732	13858.881269000001			1.0	1.0	0.0	3.0					
13864.41	13.454999999999927	trials	19.0	13871.219655	13872.629248000001	13877.023077000002	13877.971357	13870.425168000002	13874.06752			1.0	2.0	0.0	3.0					
13881.325	33.11499999999978	trials	19.0	13908.314353000002	13909.766355	13913.592225	13914.54552	13907.714571	13910.383699			1.0	2.0	0.0	3.0					
13916.975	14.930000000000291	trials	19.0	13926.124585000001	13927.627035000001	13930.935208	13932.011982	13925.348706	13928.226994			1.0	2.0	0.0	3.0					
13934.245	54.81999999999971	trials	19.0	13982.769463	13984.007784000001	13987.820331	13989.169848000001	13982.085663000002	13984.837048000001			1.0	2.0	0.0	3.0					
13990.3	1098.3960000000006	trials	19.0	15085.469111	15086.765404000002			15084.561000000002	15086.75863			1.0		0.0	2.0					
15090.706	18.16899999999987	trials	19.0	15103.433719	15104.926915	15107.644586	15108.983872	15102.54787	15106.185589			1.0	2.0	0.0	3.0					
15111.965	94.74599999999919	trials	19.0	15202.289551000002	15203.575353	15205.814020000002	15206.820487	15201.358171	15204.049888000001			1.0	2.0	0.0	3.0					
15210.136	6.41399999999885	trials	19.0	15212.075827	15213.38916	15214.521754000001	15214.688549	15210.529916000001	15213.549454	15215.075	15216.55	1.0	1.0	1.0	1.0					
15220.63	20.730000000001382	trials	19.0	15236.584263	15238.594588	15240.302667	15241.471693000001	15235.631857	15239.005632			1.0	2.0	0.0	3.0					
15242.695	17.048000000000684	trials	19.0	15255.349509	15256.732672	15259.315525	15259.849806	15254.664726	15258.252736			1.0	1.0	0.0	3.0					
15262.673	21.76599999999962	trials	19.0	15276.78126	15278.354851	15281.764611	15282.365973	15275.798428	15279.129669000002	15282.345	15284.439	1.0	2.0	1.0	1.0					
15286.45	14.492999999998574	trials	19.0	15296.744926	15297.881758	15299.83682	15300.941682	15295.927028	15298.922074			1.0	1.0	0.0	3.0					
15302.256	13.954999999999927	trials	19.0	15311.480176000001	15313.145237	15315.044007	15316.204637	15310.662406	15313.779986			1.0	2.0	0.0	3.0					
15317.525	14.155000000000655	trials	19.0	15327.006008	15328.516692	15331.272486	15331.659536	15326.279813	15330.440254			1.0	1.0	0.0	3.0					
15334.751	22.420000000000073	trials	19.0	15350.211274	15352.087991	15354.504335	15355.401412	15349.385213	15353.645764	15355.203	15357.171	1.0	2.0	1.0	1.0					
15360.19	14.579999999999927	trials	19.0	15367.55996	15369.614909	15373.812124	15374.766945	15366.559975	15371.073167			1.0	2.0	0.0	3.0					
15377.294	14.326000000000931	trials	19.0	15386.55047	15387.936718	15389.50074	15389.785857	15385.800005000001	15388.584161	15390.265	15391.62	1.0	1.0	1.0	1.0					
15395.642	19.62800000000061	trials	19.0	15409.639918	15410.92772	15412.748434	15413.112512	15409.11506	15411.861977	15402.59	15415.27	1.0	1.0	1.0	1.0					
15419.337	15.94800000000032	trials	19.0	15429.715387	15431.116365	15432.402614	15432.815036	15428.736653	15431.650135	15433.28	15435.285	1.0	1.0	1.0	1.0					
15439.336	11.189000000000306	trials	19.0	15446.720671000001	15447.8144	15449.439863	15450.521861	15446.186785	15448.702506			1.0	1.0	0.0	3.0					
15453.85	10.800999999999476	trials	19.0	15460.164854	15462.137089	15464.134216	15464.650376	15459.238324	15463.406753			1.0	1.0	0.0	3.0					
15466.574	12.810999999999694	trials	19.0	15474.800746	15476.566544	15478.100386	15479.382993	15473.977298	15477.29978			1.0	1.0	0.0	3.0					
15482.59	12.010000000000218	trials	19.0	15490.310296	15492.035066	15493.81405	15494.599565	15489.489227	15492.593573			1.0	2.0	0.0	3.0					
15497.22	14.204999999999927	trials	19.0	15505.449868	15506.536598	15509.137399	15509.564924	15504.580238	15508.383424	15509.775	15511.425	1.0	1.0	1.0	1.0					
15513.511	23.394000000000233	trials	19.0	15531.85237	15532.981186	15534.473278	15535.067303	15531.238331	15533.671232	15519.875	15536.905	1.0	2.0	1.0	1.0					
15538.985	18.219999999999345	trials	19.0	15553.999808	15555.536786	15556.752207	15557.195024	15553.394761	15555.943886000001			1.0	1.0	0.0	3.0					
15560.177	12.358000000000175	trials	19.0	15565.825175	15567.321919	15571.700853	15572.533829	15564.954622	15570.003404			1.0	2.0	0.0	3.0					
15574.07	11.130000000001019	trials	19.0	15580.382158	15581.951645	15584.203689	15585.197537	15579.507758	15583.395191			1.0	1.0	0.0	3.0					
15586.615	37.38000000000102	trials	19.0	15618.110365	15620.035703	15623.241997000001	15623.992655	15617.167483	15620.662589			1.0	2.0	0.0	3.0					
15625.645	20.414999999999054	trials	19.0	15639.740405	15641.262809	15645.356464	15646.056198	15638.833668	15641.954033			1.0	2.0	0.0	3.0					
15647.702	12.353000000000975	trials	19.0	15654.851105	15656.576069	15657.783508	15658.248016	15653.914771	15657.104603	15658.41	15660.055	1.0	1.0	1.0	1.0					
15663.173	16.197000000000116	trials	19.0	15672.757227	15674.705788	15676.91132	15677.282693	15672.051426	15676.089526	15677.7	15679.37	1.0	1.0	1.0	1.0					
15683.457	11.342999999998938	trials	19.0	15690.410434	15692.112452	15693.731974	15694.797919	15689.843374	15692.811375			1.0	1.0	0.0	3.0					
15698.205	13.255999999999403	trials	19.0	15705.280598	15707.223124	15709.120812	15709.535597	15704.438447	15708.352946	15709.707	15711.461	1.0	1.0	1.0	1.0					
15715.505	12.480000000001382	trials	19.0	15722.65601	15723.795967	15725.61277	15725.992223	15721.869033	15724.707613	15726.336	15727.985	1.0	1.0	1.0	1.0					
15731.076	11.869000000000597	trials	19.0	15739.141077	15741.104672	15742.458469	15742.943064	15738.222333	15741.661223			1.0	1.0	0.0	3.0					
15744.885	15.895000000000437	trials	19.0	15753.257509000001	15754.502498	15760.181444	15760.777588	15752.529209	15756.518342			1.0	2.0	0.0	3.0					
15764.66	74.82999999999993	trials	19.0	15835.271785	15837.14542	15839.00467	15839.488912	15834.470275	15837.435004			1.0	1.0	0.0	3.0					
15842.413	18.707000000000335	trials	19.0	15856.21694	15857.72095	15858.948797000001	15859.42586	15855.652115	15857.944913	15859.601	15861.12	1.0	1.0	1.0	1.0					
15863.204	20.14099999999962	trials	19.0	15878.441747	15879.745744	15880.83883	15881.17544	15877.929232	15880.193504	15881.58	15883.345	1.0	1.0	1.0	1.0					
15885.395	18.209999999999127	trials	19.0	15900.032	15901.613034	15902.982528	15903.067795	15899.437841	15901.935428			1.0	1.0	0.0	3.0					
15907.35	9.354999999999563	trials	19.0	15910.91122	15912.193271	15913.985187	15914.393286	15910.135558	15913.215577	15914.625	15916.705	1.0	1.0	1.0	1.0					
15920.721	15.069000000001324	trials	19.0	15931.611778	15933.184058	15935.380539	15935.786616	15930.62452	15933.179546			1.0		0.0	2.0					
15939.211	10.029000000000451	trials	19.0	15944.916533	15946.759021	15948.538725	15949.238597	15944.375954	15947.252311			1.0	2.0	0.0	3.0					
15952.961	30.85400000000118	trials	19.0	15977.956724	15979.917166	15980.989499	15981.979883	15977.029181	15980.291075000001	15981.68	15983.815	1.0	2.0	1.0	1.0					
15986.845	13.105000000001382	trials	19.0	15994.588328	15996.087118	15997.240631	15997.662847	15993.717101	15996.439868	15998.046	15999.95	1.0	1.0	1.0	1.0					
16002.705	18.005999999999403	trials	19.0	16015.512859	16017.130085	16018.489844	16018.852755	16014.648698	16017.368796	16019.305	16020.711	1.0	1.0	1.0	1.0					
16022.78	40.84099999999853	trials	19.0	16060.376876	16061.499412000001	16062.723059	16063.620304	16059.792365	16061.825064			1.0	1.0	0.0	3.0					
16065.13	11.075000000000728	trials	19.0	16070.152532	16072.594507	16074.049883	16074.456012	16069.619159	16073.272634	16074.83	16076.205	1.0	1.0	1.0	1.0					
16080.268	10.942999999999302	trials	19.0	16086.331901	16087.470025	16088.800434	16089.05579	16085.592495	16087.940414	16089.625	16091.211	1.0	1.0	1.0	1.0					
16095.23	124.31000000000131	BlockDesign														1.0	634.0	639.0	0.0	0.0
16095.23	13.360000000000582	trials	20.0	16103.258804000001	16104.564267	16108.501991000001	16108.592054	16102.373663	16104.559539			1.0		0.0	2.0					
16109.737	27.668000000001484	trials	20.0	16132.852709	16134.240497	16136.352494	16137.403396	16131.889019	16134.754261			1.0	2.0	0.0	3.0					
16140.783	7.233000000000175	trials	20.0	16145.317632	16146.394441	16147.55562	16148.015858	16144.688297	16146.742498			1.0	1.0	0.0	3.0					
16151.961	12.129000000000815	trials	20.0	16159.697287	16161.040889	16163.141459	16164.091078	16159.017122	16162.160228			1.0	1.0	0.0	3.0					
16167.586	15.125	trials	20.0	16176.817525	16178.009972	16181.814086	16182.709707	16175.965591	16180.333583			1.0	1.0	0.0	3.0					
16185.548	33.99200000000019	trials	20.0	16213.122367	16214.792286	16219.417422	16219.994933	16212.598111	16216.261474			1.0	2.0	0.0	3.0					
16223.82	427.01000000000204	BlockDesign														1.0	640.0	661.0	90.0	50.0
16223.82	10.729999999999563	trials	21.0	16229.51804	16230.778599	16232.328872	16232.701987	16228.654522	16231.413054	16233.03	16234.55	1.0	1.0	1.0	1.0					
16236.64	28.950000000000728	trials	21.0	16262.231828	16263.42973	16264.881731	16265.589965	16261.279123	16263.745673			1.0	1.0	0.0	3.0					
16267.27	12.920000000000073	trials	21.0	16273.778367	16275.180101	16277.888702	16278.222793	16272.864386	16275.620836	16278.6	16280.19	1.0	1.0	1.0	1.0					
16282.24	18.649999999999636	trials	21.0	16295.433577	16296.591332	16298.431555	16298.876965	16294.863644000001	16297.116977	16299.025	16300.89	1.0	1.0	1.0	1.0					
16304.95	14.135999999998603	trials	21.0	16313.068436	16314.925844	16316.292505	16316.669003	16312.522013	16315.427446	16317.125	16319.086	1.0	1.0	1.0	1.0					
16323.171	16.084999999999127	trials	21.0	16335.438248	16337.0878	16338.170413	16338.580607	16334.774377	16337.366694	16331.9	16332.455	1.0	1.0	1.0	1.0					
16343.91	12.575000000000728	trials	21.0	16351.049917	16352.655239	16353.93337	16354.21315	16350.28849	16352.974559	16354.66	16356.485	1.0	1.0	1.0	1.0					
16360.566	12.708999999998923	trials	21.0	16367.964755	16369.386791	16370.33453	16370.79661	16367.249549	16369.6169	16371.1	16373.275	1.0	1.0	1.0	1.0					
16376.36	13.125	trials	21.0	16384.223615	16385.806816	16386.772797999998	16387.211525	16383.451295	16386.032675	16387.41	16389.485	1.0	1.0	1.0	1.0					
16391.506	15.079999999998108	trials	21.0	16403.568599	16405.199704	16406.110546	16406.588279	16402.768001	16405.408643			1.0	1.0	0.0	3.0					
16409.461	34.2390000000014	trials	21.0	16437.543406	16439.28533	16440.93125	16441.330145	16436.990063	16439.883434	16441.565	16443.7	1.0	1.0	1.0	1.0					
16446.751	11.868999999998778	trials	21.0	16453.269041	16455.075374	16456.033094	16456.431026	16452.350005	16455.237659	16456.72	16458.62	1.0	1.0	1.0	1.0					
16460.64	16.445999999999913	trials	21.0	16471.519633	16472.950475	16474.145078	16474.345996	16470.617866	16473.088675	16474.77	16477.086	1.0	1.0	1.0	1.0					
16481.115	13.154999999998836	trials	21.0	16488.849122	16490.300639	16491.172145	16491.596786000002	16488.056821	16490.470538	16491.83	16494.27	1.0	1.0	1.0	1.0					
16496.356	13.43999999999869	trials	21.0	16506.333634	16507.790584			16505.603588	16507.780184			1.0		0.0	2.0					
16511.805	12.201000000000931	trials	21.0	16517.635702	16519.530361	16521.259436	16521.660192	16516.894158	16520.349199	16521.955	16524.006	1.0	1.0	1.0	1.0					
16526.064	18.006000000001222	trials	21.0	16538.043809	16540.026014	16541.012101	16541.20313	16537.133352	16540.26955	16541.7	16544.07	1.0	1.0	1.0	1.0					
16548.16	9.56499999999869	trials	21.0	16552.788701	16553.875858	16555.068025	16555.482322	16552.257383	16554.264713	16555.94	16557.725	1.0	1.0	1.0	1.0					
16560.791	14.53399999999965	trials	21.0	16569.578962	16571.415646	16572.545113	16573.076486	16568.601608	16571.442293	16573.27	16575.325	1.0	1.0	1.0	1.0					
16579.395	12.450000000000728	trials	21.0	16587.090512	16588.518835	16589.478254	16589.958847	16586.081405	16588.800037	16590.105	16591.845	1.0	1.0	1.0	1.0					
16593.876	13.325000000000728	trials	21.0	16604.064535	16605.12107	16606.737601	16606.979144	16603.295432	16605.116643			1.0		0.0	2.0					
16610.236	40.59400000000096	trials	21.0	16645.109355	16647.187071	16648.379597	16648.834812	16644.451389	16647.513075	16649.1	16650.83	1.0	1.0	1.0	1.0					
16653.91	2549.8100000000013	BlockDesign														1.0	662.0	808.0	50.0	90.0
16653.91	10.555000000000291	trials	22.0	16660.86467	16662.707398	16663.893319	16664.466736	16660.265956	16662.935405			1.0	1.0	0.0	3.0					
16667.325	12.005000000001019	trials	22.0	16673.770096	16675.421555	16676.953129	16677.358895	16672.860384	16675.933324999998	16677.575	16679.33	1.0	1.0	1.0	1.0					
16681.393	14.92699999999968	trials	22.0	16690.845035	16692.538831	16693.991423	16694.397197	16690.183991	16693.140337	16694.8	16696.32	1.0	1.0	1.0	1.0					
16699.361	14.574000000000524	trials	22.0	16708.551227	16709.938711	16711.142129	16711.542553	16707.709756	16710.326057	16711.72	16713.935	1.0	1.0	1.0	1.0					
16717.956	9.119000000002416	trials	22.0	16724.261372	16725.539788000002	16726.54553	16727.074535	16723.587388	16725.803443			1.0	1.0	0.0	3.0					
16731.03	8.760000000002037	trials	22.0	16734.124357	16735.587398	16736.958631	16737.568454	16733.497496	16736.142421	16737.62	16739.79	1.0	2.0	1.0	1.0					
16743.876	11.454000000001543	trials	22.0	16752.524729	16753.592986	16754.896005	16755.313875	16751.767331	16754.038164			1.0	1.0	0.0	3.0					
16758.305	9.990999999998166	trials	22.0	16762.239683	16763.256202	16766.064437	16766.44726	16761.501283	16765.125542	16766.765	16768.296	1.0	1.0	1.0	1.0					
16770.38	18.229999999999563	trials	22.0	16783.030079	16784.451229	16786.02931	16786.58254	16782.246295	16785.040871	16786.805	16788.61	1.0	1.0	1.0	1.0					
16790.72	15.373999999999796	trials	22.0	16801.47154	16802.634698	16803.617707	16803.989815	16800.476818	16802.766928	16804.24	16806.094	1.0	1.0	1.0	1.0					
16809.191	18.71900000000096	trials	22.0	16824.485162	16825.902601	16827.66853	16827.718805	16823.952322	16825.89643			1.0		0.0	2.0					
16829.921	32.379000000000815	trials	22.0	16857.011862	16858.900801	16860.104413	16860.506623	16856.191997	16859.071054	16860.815	16862.3	1.0	1.0	1.0	1.0					
16865.33	13.965999999996711	trials	22.0	16873.615336	16875.468715	16876.558915	16877.129819	16873.030709	16875.804047	16877.25	16879.296	1.0	1.0	1.0	1.0					
16883.365	10.739999999997963	trials	22.0	16890.887201	16892.025597	16893.277837	16894.105127	16890.131134	16892.433838			1.0	1.0	0.0	3.0					
16897.55	10.315000000002328	trials	22.0	16901.005229	16902.640123	16905.390319	16905.92908	16900.315643	16904.353766	16905.988	16907.865	1.0	2.0	1.0	1.0					
16909.882	13.812999999998283	trials	22.0	16918.345702	16919.89776	16921.038983	16921.418441	16917.42917	16920.187964	16921.695	16923.695	1.0	1.0	1.0	1.0					
16926.73	15.659999999999854	trials	22.0	16936.802098	16938.337819	16939.423	16939.863073	16935.858013	16938.626992	16940.175	16942.39	1.0	1.0	1.0	1.0					
16946.41	13.349999999998545	trials	22.0	16956.130595	16957.975445	16959.26963	16959.761232	16955.195429	16958.001064			1.0	1.0	0.0	3.0					
16961.727	20.25300000000061	trials	22.0	16975.366064	16977.213616	16978.897526	16979.60657	16974.775127	16977.813586	16979.615	16981.98	1.0	2.0	1.0	1.0					
16986.0	12.979999999999563	trials	22.0	16993.217561	16994.558213	16995.473001	16996.124616	16992.287056	16994.830128	16996.15	16998.98	1.0	2.0	1.0	1.0					
17003.02	12.090000000000146	trials	22.0	17009.505436	17010.800395	17013.948192	17014.742395	17008.932689	17011.231111			1.0	2.0	1.0	1.0					
17019.627	13.812999999998283	trials	22.0	17027.70088	17029.726712	17030.886985	17031.26581	17026.912828	17030.054711	17031.59	17033.44	1.0	1.0	1.0	1.0					
17035.526	12.388999999999214	trials	22.0	17042.65657	17044.047527	17045.272067	17045.69983	17042.105837	17044.39468	17045.921	17047.915	1.0	1.0	1.0	1.0					
17050.935	9.270000000000437	trials	22.0	17057.226595	17058.268166	17059.408163	17060.205763	17056.379395	17058.583799			1.0	1.0	0.0	3.0					
17063.883	10.901999999998225	trials	22.0	17068.927484	17071.087871	17071.642787	17072.403079	17068.125991	17071.090759	17072.381	17074.785	1.0	2.0	1.0	1.0					
17077.865	13.119999999998981	trials	22.0	17085.666713	17086.877543	17087.896036	17088.900507	17085.103579	17087.286055	17088.8	17090.985	1.0	2.0	1.0	1.0					
17094.075	9.090000000000146	trials	22.0	17100.1966	17101.803472	17102.810971	17103.158237	17099.370433	17101.970725			1.0	1.0	0.0	3.0					
17105.241	12.139999999999418	trials	22.0	17110.19636	17112.098515	17114.789116	17115.332173	17109.225907	17113.431125	17115.403	17117.381	1.0	2.0	1.0	1.0					
17120.4	12.82499999999709	trials	22.0	17126.66134	17128.263664	17130.205529	17131.10419	17125.725937	17128.638379	17130.885	17133.225	1.0	2.0	1.0	1.0					
17135.245	13.450000000000728	trials	22.0	17142.79576	17144.646588	17145.794864	17146.310516	17141.797076	17144.829641	17146.51	17148.695	1.0	1.0	1.0	1.0					
17150.795	11.8650000000016	trials	22.0	17156.866385	17158.587734	17159.958321	17160.336976	17156.298044	17159.069267	17160.671	17162.66	1.0	1.0	1.0	1.0					
17164.753	15.266999999999825	trials	22.0	17176.553266	17178.01729	17178.744652	17179.290694	17175.567491	17178.007726			1.0		0.0	2.0					
17184.03	5.620000000002619	trials	22.0	17185.961006	17187.958267	17189.185562	17189.652559000002	17185.171573	17188.34753			1.0	1.0	0.0	3.0					
17191.612	54.602999999999156	trials	22.0	17241.22727	17242.923583	17243.968466	17244.28693	17240.34871	17243.115218	17244.665	17246.215	1.0	1.0	1.0	1.0					
17249.336	8.71900000000096	trials	22.0	17255.001686	17256.533417	17257.559822	17258.060702	17254.343884	17256.727325			1.0	1.0	0.0	3.0					
17261.905	24.020000000000437	trials	22.0	17279.586808	17281.479995	17282.219962	17282.975182000002	17278.586269	17281.629488	17283.05	17285.925	1.0	2.0	1.0	1.0					
17288.007	11.177999999999884	trials	22.0	17294.791756	17295.863608	17298.074575	17298.430229	17294.257315	17297.003264			1.0	1.0	1.0	1.0					
17303.625	11.151999999998225	trials	22.0	17311.827049	17313.231623	17314.340525	17314.780055	17311.279642	17313.479653			1.0	1.0	0.0	3.0					
17316.755	14.450000000000728	trials	22.0	17327.782207	17329.32001	17330.438569	17331.210403	17326.818149	17329.639652			1.0	2.0	0.0	3.0					
17333.86	24.16400000000067	trials	22.0	17354.5538	17356.299009	17357.560455	17358.007762	17353.69358	17356.654447			1.0	1.0	0.0	3.0					
17362.022	25.987999999997555	trials	22.0	17380.343494	17381.769179	17385.472399	17386.123907	17379.767078	17382.686969	17386.155	17388.01	1.0	2.0	1.0	1.0					
17391.091	11.548999999999069	trials	22.0	17396.557431	17398.418848	17399.92814	17400.486746	17396.026514	17399.119222	17400.72	17402.64	1.0	2.0	1.0	1.0					
17405.66	10.430000000000291	trials	22.0	17412.377474	17413.815776	17415.591525	17416.093904	17411.717067999998	17414.230525			1.0	1.0	0.0	3.0					
17417.94	16.090000000000146	trials	22.0	17425.50199	17427.475475	17430.330802	17431.115583	17424.503402000002	17427.879763	17431.11	17434.03	1.0	2.0	1.0	1.0					
17435.89	26.366000000001804	trials	22.0	17456.247634	17457.623577	17459.602672	17460.423951	17455.606043	17457.918799	17460.28	17462.256	1.0	2.0	1.0	1.0					
17466.36	8.649999999997817	trials	22.0	17471.344148	17472.739306	17474.463673	17475.015169	17470.6931	17473.355065			1.0	1.0	0.0	3.0					
17478.865	8.039999999997235	trials	22.0	17480.889118	17482.171538	17483.805625	17484.569632	17480.326756	17482.642621	17484.475	17486.905	1.0	2.0	1.0	1.0					
17489.925	13.360000000000582	trials	22.0	17497.023042	17498.363791	17499.868193000002	17500.961892	17496.137997	17498.632118	17500.56	17503.285	1.0	2.0	1.0	1.0					
17505.38	26.674999999999272	trials	22.0	17526.582728	17528.519656	17529.318746	17530.216207	17525.695592	17528.611861	17529.95	17532.055	1.0	2.0	1.0	1.0					
17535.075	10.941999999999098	trials	22.0	17542.822816	17544.354756	17545.584728	17545.983988	17542.148221	17544.757349			1.0	1.0	0.0	3.0					
17549.985	9.959999999999127	trials	22.0	17554.389395	17556.237038	17557.109383	17557.851596	17553.383603000002	17556.527338	17557.866	17559.945	1.0	2.0	1.0	1.0					
17561.965	13.745999999999185	trials	22.0	17570.469605	17571.966694	17572.831613000002	17573.325799	17569.517004	17572.175804	17573.51	17575.711	1.0	1.0	1.0	1.0					
17577.73	11.901000000001659	trials	22.0	17584.212436	17585.380295	17586.916163	17587.529168	17583.544983	17586.309671	17587.61	17589.631	1.0	2.0	1.0	1.0					
17592.38	16.68000000000029	trials	22.0	17603.858165	17605.568386	17606.479779	17607.138725	17603.127478	17605.577602	17607.171	17609.06	1.0	2.0	1.0	1.0					
17613.13	11.809999999997672	trials	22.0	17619.007714	17620.675327	17621.776964	17622.352556	17618.363576	17621.218404	17622.546	17624.94	1.0	2.0	1.0	1.0					
17627.017	11.893000000000029	trials	22.0	17633.103816	17634.520132999998	17636.139286999998	17636.935076	17632.206035	17634.836522	17636.855	17638.91	1.0	2.0	1.0	1.0					
17642.93	10.104999999999563	trials	22.0	17647.00277	17648.825221	17650.147319	17650.468317	17646.4768	17649.288929000002	17650.845	17653.035	1.0	1.0	1.0	1.0					
17656.055	9.845000000001164	trials	22.0	17663.283437	17664.770452	17665.401725	17665.906834	17662.327728	17664.778457			1.0	1.0	0.0	3.0					
17667.762	9.949000000000524	trials	22.0	17672.043028	17673.247419	17674.970071	17675.519082	17671.450609	17674.343729	17675.796	17677.711	1.0	2.0	1.0	1.0					
17680.767	11.468000000000757	trials	22.0	17686.65839	17688.31486	17689.320733	17689.828772	17686.10222	17688.753696	17690.105	17692.235	1.0	2.0	1.0	1.0					
17696.298	10.356999999999971	trials	22.0	17701.943309000002	17703.915107	17705.885982	17706.659042	17701.236779	17704.245338			1.0	2.0	0.0	3.0					
17709.281	9.114000000001397	trials	22.0	17712.853868	17714.877727	17716.011323	17716.383963	17712.18593	17715.242027	17716.635	17718.395	1.0	1.0	1.0	1.0					
17721.411	12.299999999999272	trials	22.0	17728.184082	17730.251191	17731.213163	17731.651175	17727.219104	17730.557783	17731.881	17733.711	1.0	1.0	1.0	1.0					
17735.747	12.153000000002066	trials	22.0	17742.523763	17744.216294	17745.182491	17745.436062	17741.750474	17744.549769	17745.875	17747.9	1.0	1.0	1.0	1.0					
17751.916	9.429000000000087	trials	22.0	17756.524141	17757.673499	17758.910786	17759.271076	17755.866925000002	17758.110007	17759.64	17761.345	1.0	1.0	1.0	1.0					
17764.411	11.614000000001397	trials	22.0	17770.324374	17772.115716	17773.277914	17773.549831	17769.535948	17772.520041	17773.97	17776.025	1.0	1.0	1.0	1.0					
17779.17	9.42500000000291	trials	22.0	17783.713259	17784.910295	17785.959769	17786.544349	17782.801364	17785.39345	17786.615	17788.595	1.0	2.0	1.0	1.0					
17790.615	11.112999999997555	trials	22.0	17798.988542	17800.135825	17801.25541	17801.721275	17798.164829	17800.397166			1.0	1.0	0.0	3.0					
17805.727	8.052999999999884	trials	22.0	17807.684641	17809.006574	17810.239585	17811.077218	17807.121619999998	17809.539308	17810.89	17813.78	1.0	2.0	1.0	1.0					
17816.426	14.534999999999854	trials	22.0	17825.939186	17827.085474	17828.537982	17829.144865000002	17824.938805	17827.668049	17829.34	17830.961	1.0	2.0	1.0	1.0					
17834.033	9.432000000000698	trials	22.0	17839.258589	17841.200351	17842.369867	17842.713382	17838.321475	17841.499877000002			1.0	1.0	1.0	1.0					
17847.925	12.014999999999418	trials	22.0	17854.989194	17856.403589	17857.59187	17857.931151	17854.319662	17856.789690999998	17858.296	17859.94	1.0	1.0	1.0	1.0					
17862.0	14.150000000001455	trials	22.0	17869.349829	17870.820837	17873.435227	17874.050471	17868.469384	17871.125674	17874.185	17876.15	1.0	2.0	1.0	1.0					
17880.006	17.693999999999505	trials	22.0	17891.529268	17893.420715	17894.341079	17895.114529	17890.774991	17893.75577	17895.16	17897.7	1.0	2.0	1.0	1.0					
17899.72	11.00499999999738	trials	22.0	17905.854602	17906.885531	17908.233926	17908.49123	17904.881185	17907.349038	17908.84	17910.725	1.0	1.0	1.0	1.0					
17912.81	10.180000000000291	trials	22.0	17919.368921	17920.915807	17922.355148	17922.651449	17918.433836	17920.912285			1.0		0.0	2.0					
17925.066	7.989000000001397	trials	22.0	17927.614199	17929.300417	17930.277006	17930.887993	17926.861813	17929.691218	17930.945	17933.055	1.0	2.0	1.0	1.0					
17937.1	12.781000000002678	trials	22.0	17944.345493	17945.705998	17946.994003	17947.548372	17943.598925	17946.155264	17947.631	17949.881	1.0	2.0	1.0	1.0					
17951.965	11.200000000000728	trials	22.0	17960.149873	17961.327376	17962.820863	17963.171228	17959.483604	17961.68409			1.0	1.0	0.0	3.0					
17967.165	8.584999999999127	trials	22.0	17970.284059999998	17971.745695999998	17972.564568	17973.475169	17969.589806	17971.935498	17973.3	17975.75	1.0	2.0	1.0	1.0					
17978.766	13.520000000000437	trials	22.0	17986.149508	17987.300017	17989.087646	17989.873429	17985.332872	17988.391811	17989.82	17992.286	1.0	2.0	1.0	1.0					
17996.305	11.735000000000582	trials	22.0	18000.649657	18002.566571	18005.209555	18006.000521	18000.109697	18003.28858	18006.025	18008.04	1.0	2.0	1.0	1.0					
18012.06	12.212999999999738	trials	22.0	18018.280755	18019.527668	18021.337342	18022.085761000002	18017.690691	18020.430846	18022.0	18024.273	1.0	2.0	1.0	1.0					
18027.354	14.83100000000195	trials	22.0	18034.659691	18036.66145	18038.794825	18039.639911	18033.879272	18037.149005	18039.43	18042.185	1.0	2.0	1.0	1.0					
18046.225	9.130000000001019	trials	22.0	18049.244308	18050.924279	18051.900896	18052.543306	18048.557641	18051.285275000002	18052.58	18055.355	1.0	2.0	1.0	1.0					
18057.372	10.886000000002241	trials	22.0	18065.07464	18066.715613	18067.796089	18068.238488	18064.122379	18066.962009			1.0	1.0	0.0	3.0					
18072.19	5.515999999999622	trials	22.0	18074.329385	18076.018058	18076.864953	18077.71366	18073.417858	18076.319971			1.0	2.0	0.0	3.0					
18080.314	20.471000000001368	trials	22.0	18095.464185	18096.927594	18099.599661	18100.789931	18094.523827	18098.029858			1.0	2.0	0.0	3.0					
18104.02	36.486000000000786	trials	22.0	18135.129434	18136.752814	18137.863558	18138.313072	18134.49302	18137.042075	18138.485	18140.506	1.0	1.0	1.0	1.0					
18142.55	10.525000000001455	trials	22.0	18149.449856	18151.460644	18152.606532	18153.083705	18148.72061	18151.842586			1.0	1.0	0.0	3.0					
18156.961	8.079000000001543	trials	22.0	18161.480492	18163.021828	18164.182722999998	18165.047722	18160.493407	18163.478338			1.0	2.0	0.0	3.0					
18167.535	38.82500000000073	trials	22.0	18201.266401	18202.81816	18203.930482	18204.36094	18200.517277	18203.071928	18168.15	18206.36	1.0	1.0	1.0	1.0					
18208.441	15.044000000001688	trials	22.0	18216.075298	18217.97372			18215.089093	18217.965125			1.0		0.0	2.0					
18224.13	29.776999999998225	trials	22.0	18250.856027	18252.187558999998	18253.421381	18253.848496	18250.302422	18252.587825			1.0	1.0	0.0	3.0					
18255.84	19.075000000000728	trials	22.0	18271.056694	18272.942996	18274.520597	18274.922061	18270.211816	18273.224984			1.0	1.0	0.0	3.0					
18277.994	12.061000000001513	trials	22.0	18283.955176	18285.726623	18287.418275	18288.159257	18283.140834	18286.030376	18288.171	18290.055	1.0	2.0	1.0	1.0					
18292.07	15.265999999999622	trials	22.0	18301.135309	18302.40037	18304.473098	18305.415376	18300.481208	18303.753385	18305.102	18307.336	1.0	2.0	1.0	1.0					
18309.485	15.68999999999869	trials	22.0	18316.730897	18318.184540000002	18321.924931	18322.893656	18316.027141	18318.929942	18322.54	18325.175	1.0	2.0	1.0	1.0					
18329.26	9.765000000003056	trials	22.0	18332.856759000002	18334.23269	18335.8444	18336.236572	18331.914514	18334.628567	18336.465	18339.025	1.0	1.0	1.0	1.0					
18341.615	11.799999999999272	trials	22.0	18347.950634	18349.160717	18350.899673	18351.563251	18347.008086	18350.149778	18351.605	18353.415	1.0	2.0	1.0	1.0					
18355.505	10.424999999999272	trials	22.0	18362.216829	18363.991704	18365.17093	18366.023835	18361.341416	18364.283942000002			1.0	1.0	0.0	3.0					
18369.461	11.244000000002416	trials	22.0	18374.003259	18375.441987000002	18377.409998	18378.336041000002	18373.433393	18375.762729000002	18377.975	18380.705	1.0	2.0	1.0	1.0					
18382.725	13.980000000003201	trials	22.0	18389.620042000002	18391.686084	18393.938399000002	18394.798455	18388.7035	18392.132264	18394.495	18396.705	1.0	2.0	1.0	1.0					
18398.751	12.008999999998196	trials	22.0	18404.882982	18406.670034	18407.783013	18408.620726	18404.319468	18407.100860000002	18408.57	18410.76	1.0	2.0	1.0	1.0					
18414.78	9.950000000000728	trials	22.0	18419.80316	18421.696404000002	18423.700742	18424.825469	18419.102988000002	18422.08622			1.0	2.0	0.0	3.0					
18427.022	13.218000000000757	trials	22.0	18433.283685000002	18435.128115	18437.170667000002	18437.902227000002	18432.515007	18435.36292	18437.725	18440.24	1.0	2.0	1.0	1.0					
18443.327	13.51299999999901	trials	22.0	18451.373961	18453.315906	18454.32957	18454.742679	18450.50577	18453.49605	18454.873	18456.84	1.0	1.0	1.0	1.0					
18460.857	12.718000000000757	trials	22.0	18467.79822	18469.061117	18470.789928000002	18471.441558000002	18467.254445000002	18469.339341	18471.36	18473.575	1.0	2.0	1.0	1.0					
18475.595	11.430000000000291	trials	22.0	18483.343613	18484.875276	18486.544845	18487.122269	18482.712926	18485.219531000002			1.0	1.0	0.0	3.0					
18488.84	26.215000000000146	trials	22.0	18511.488774	18513.140274	18514.1747	18514.592769	18510.816596	18513.128129			1.0		0.0	2.0					
18518.06	12.5	trials	22.0	18523.314816000002	18525.289263000002	18527.994882	18528.769632	18522.438071	18526.986477000002	18528.535	18530.56	1.0	2.0	1.0	1.0					
18532.711	13.224000000001979	trials	22.0	18539.369088	18541.139211	18542.937710000002	18543.953511	18538.394502	18541.361204	18543.55	18545.935	1.0	2.0	1.0	1.0					
18547.951	12.894000000000233	trials	22.0	18555.509069	18557.522603	18559.795136	18560.732661000002	18554.613077	18557.754807			1.0	2.0	1.0	1.0					
18564.395	17.514999999999418	trials	22.0	18576.548973	18577.945874	18578.940303	18579.386617	18575.675297	18578.179055	18579.695	18581.91	1.0	1.0	1.0	1.0					
18585.93	8.590000000000146	trials	22.0	18589.986411	18591.251102000002	18593.914179	18594.616602000002	18589.305447	18591.240471			1.0		0.0	2.0					
18595.25	36.22999999999956	trials	22.0	18625.645696	18627.335844	18629.152198	18629.756112	18625.077176	18627.648003000002	18629.711	18631.48	1.0	2.0	1.0	1.0					
18634.541	10.78900000000067	trials	22.0	18637.598637	18638.960892	18641.730594	18642.464585	18636.893316	18639.288827	18642.368	18645.33	1.0	2.0	1.0	1.0					
18649.247	11.622999999999593	trials	22.0	18654.529689	18656.041223	18657.891339	18658.702256	18653.682159	18656.353115	18658.615	18660.87	1.0	2.0	1.0	1.0					
18663.961	10.78399999999965	trials	22.0	18669.334204	18671.135682	18672.343371	18672.777467	18668.405961	18671.191767	18672.86	18674.745	1.0	1.0	1.0	1.0					
18677.834	14.741000000001804	trials	22.0	18686.785438	18688.143678	18689.254335	18690.048641	18685.964886	18688.566249	18689.935	18692.575	1.0	2.0	1.0	1.0					
18696.084	9.886000000002241	trials	22.0	18702.219222	18703.435908	18704.972024000002	18706.060024000002	18701.698565000002	18703.737809000002			1.0	2.0	1.0	1.0					
18708.55	20.495999999999185	trials	22.0	18725.804327	18727.136495	18727.8388	18728.288195	18725.198382000002	18727.132722000002			1.0		0.0	2.0					
18733.122	14.352999999999156	trials	22.0	18741.629319	18743.621313	18744.461458	18744.941805000002	18740.852464	18743.763927	18745.04	18747.475	1.0	1.0	1.0	1.0					
18751.034	7.870999999999185	trials	22.0	18754.85983	18756.656487	18758.548580000002	18759.001823000002	18754.060392	18757.470411000002			1.0	1.0	0.0	3.0					
18762.871	22.419000000001688	trials	22.0	18778.90496	18780.13288	18782.325519	18783.337942000002	18778.16756	18780.650282000002	18764.78	18785.29	1.0	2.0	1.0	1.0					
18788.31	9.224999999998545	trials	22.0	18794.500064	18795.966327000002	18797.156389	18797.632141000002	18793.745649	18796.309434			1.0	1.0	0.0	3.0					
18801.405	27.44499999999971	trials	22.0	18823.040274	18824.336553	18826.245101	18827.086596	18822.46659	18824.740691	18826.91	18828.85	1.0	2.0	1.0	1.0					
18832.934	11.27100000000064	trials	22.0	18840.504666	18842.056484	18843.114563	18844.299945	18839.622113	18842.221277			1.0	2.0	0.0	3.0					
18847.465	34.404999999998836	trials	22.0	18877.915068000002	18879.877022			18877.297482	18879.871307			1.0		0.0	2.0					
18884.895	9.169999999998254	trials	22.0	18887.771523	18889.663398	18890.490311	18891.241635000002	18886.944338	18889.842662	18891.075	18894.065	1.0	2.0	1.0	1.0					
18897.736	11.429000000000087	trials	22.0	18903.165287	18904.322031	18906.143045	18906.984404	18902.496879000002	18905.379942	18906.74	18909.165	1.0	2.0	1.0	1.0					
18912.205	12.919999999998254	trials	22.0	18919.521762	18920.933492	18922.523724	18923.064918	18918.87352	18921.190527	18923.05	18925.125	1.0	1.0	1.0	1.0					
18929.145	13.424999999999272	trials	22.0	18936.120629	18937.327099000002	18939.538652	18940.530654000002	18935.270519	18937.623607	18940.175	18942.57	1.0	2.0	1.0	1.0					
18945.682	14.08299999999872	trials	22.0	18952.525616	18954.325698	18955.579033	18956.779765	18951.907518	18954.71227	18956.315	18959.765	1.0	2.0	1.0	1.0					
18961.645	13.940999999998894	trials	22.0	18969.396512	18970.928799	18971.871507	18972.726245	18968.877273000002	18971.205973	18972.345	18975.586	1.0	2.0	1.0	1.0					
18977.645	14.729999999999563	trials	22.0	18986.305229	18987.447393000002	18989.338164	18990.347775000002	18985.554518	18987.838184	18989.9	18992.375	1.0	2.0	1.0	1.0					
18994.456	14.624000000003434	trials	22.0	19003.357007000002	19005.261981	19007.619252	19008.398996	19002.581332	19005.254787			1.0		0.0	2.0					
19009.314	12.606999999999971	trials	22.0	19016.594960000002	19017.815514	19019.002971	19019.479968	19015.748493	19018.144332	19019.61	19021.921	1.0	1.0	1.0	1.0					
19024.008	12.641999999999825	trials	22.0	19033.160684000002	19034.576658	19035.769986	19036.749381	19032.278193000002	19034.914002			1.0	1.0	0.0	3.0					
19038.142	30.0	trials	22.0	19064.78124	19066.197867			19063.903667000002	19066.182114			1.0		0.0	2.0					
19071.158	13.223000000001775	trials	22.0	19077.875796	19079.569314	19081.466157	19082.562785000002	19077.224328	19079.84129	19082.24	19084.381	1.0	2.0	1.0	1.0					
19087.4	12.599999999998545	trials	22.0	19095.231876	19097.016812	19098.901407	19100.095071	19094.59586	19097.393414000002			1.0	2.0	0.0	3.0					
19101.217	12.657999999999447	trials	22.0	19107.005584000002	19108.063868	19111.540556	19112.189592000002	19106.161628	19108.505177	19112.07	19113.875	1.0	2.0	1.0	1.0					
19118.02	13.534999999999854	trials	22.0	19126.747718000002	19128.177278	19130.812478	19131.65322	19125.955747	19128.648594000002			1.0	2.0	0.0	3.0					
19134.12	26.1150000000016	trials	22.0	19154.57721	19156.221587	19159.445754	19160.332481	19153.957691	19156.659329000002			1.0	2.0	0.0	3.0					
19161.706	24.204000000001543	trials	22.0	19177.341003	19179.307419	19183.094243	19184.014957	19176.632256	19179.968745000002	19183.69	19185.91	1.0	2.0	1.0	1.0					
19187.93	15.790000000000873	trials	22.0	19196.451119	19198.278185	19200.119522	19201.124315	19195.702071	19198.674998000002	19200.685	19203.72	1.0	2.0	1.0	1.0					
19207.8	476.8150000000023	BlockDesign														1.0	809.0	831.0	50.0	0.0
19207.8	12.045000000001892	trials	23.0	19216.96101	19218.364116	19219.533750000002	19219.937280000002	19215.97076	19218.665831000002			2.0	1.0	0.0	3.0					
19221.85	11.525000000001455	trials	23.0	19227.438003	19228.574999	19232.649045000002	19233.472984	19226.799146	19229.298525000002			2.0	2.0	0.0	3.0					
19236.005	17.580999999998312	trials	23.0	19248.290975	19249.484553000002	19251.233369	19251.762648	19247.39563	19249.830912	19251.79	19253.586	2.0	1.0	1.0	1.0					
19255.627	10.858000000000175	trials	23.0	19263.345726	19264.570114000002			19262.781915	19264.557528			2.0		0.0	2.0					
19270.568	75.74200000000201	trials	23.0	19342.821662000002	19344.90384	19345.997636	19346.395125	19341.926084	19345.147668			2.0	1.0	0.0	3.0					
19348.395	14.940999999998894	trials	23.0	19357.437974	19359.083973	19360.080885	19360.502898	19356.492346	19359.253451	19360.671	19363.336	2.0	1.0	1.0	1.0					
19366.408	14.981999999999971	trials	23.0	19375.563119000002	19376.993465	19378.110999	19378.51181	19374.567066	19377.236313	19378.74	19381.39	2.0	1.0	1.0	1.0					
19383.456	13.209000000002561	trials	23.0	19393.431078	19394.636246000002	19396.142493	19396.76279	19392.495935	19394.896842000002			2.0	1.0	0.0	3.0					
19400.405	14.229999999999563	trials	23.0	19411.221549	19412.590436000002	19414.103011	19414.735978	19410.564215000002	19412.903499			2.0	1.0	0.0	3.0					
19416.461	27.818999999999505	trials	23.0	19440.701867	19442.064831	19443.897957	19444.37787	19439.998145	19442.368785			2.0	1.0	0.0	3.0					
19446.171	15.415000000000873	trials	23.0	19453.666810000002	19455.44874	19457.959862	19458.427843	19452.927264	19455.832332	19458.56	19461.586	2.0	1.0	1.0	1.0					
19463.381	21.414999999997235	trials	23.0	19480.108062	19481.369394	19483.64789	19484.896752	19479.542671	19481.611191			2.0	2.0	0.0	3.0					
19488.02	11.840000000000146	trials	23.0	19493.891679	19495.574285000002	19497.454996	19497.918557	19493.28458	19495.696994	19498.171	19499.86	2.0	1.0	1.0	1.0					
19502.875	8.71099999999933	trials	23.0	19508.388114	19510.380954	19511.192339	19511.669478	19507.551998	19510.49151			2.0	1.0	0.0	3.0					
19513.515	14.080000000001746	trials	23.0	19523.386709000002	19525.045652	19527.226841	19527.640041	19522.8623	19525.364621			2.0	1.0	0.0	3.0					
19529.6	45.625	trials	23.0	19569.617384	19571.578974	19572.740006	19572.881177	19568.806344	19571.609685	19573.24	19575.225	2.0	1.0	1.0	1.0					
19577.241	12.264999999999418	trials	23.0	19586.110632	19587.509132			19585.30424	19587.493476			2.0		0.0	2.0					
19592.548	15.2970000000023	trials	23.0	19603.662216	19605.664380000002	19607.534653000002	19607.911521	19603.078227	19605.963465			2.0	1.0	0.0	3.0					
19609.8	13.600000000002183	trials	23.0	19617.79215	19619.005927000002	19622.236251000002	19623.501408	19617.041883	19619.520957			2.0	2.0	0.0	3.0					
19626.58	14.3849999999984	trials	23.0	19632.962223000002	19634.190443	19637.278118000002	19637.769003	19632.181542000002	19634.754861	19637.965	19640.965	2.0	1.0	1.0	1.0					
19643.055	15.180000000000291	trials	23.0	19652.038255	19653.57299	19655.714937	19656.186662	19651.208377	19653.828084	19656.18	19658.235	2.0	1.0	1.0	1.0					
19660.345	12.029999999998836	trials	23.0	19668.922167	19670.469378			19668.099759	19670.45336			2.0		0.0	2.0					
19675.385	9.230000000003201	trials	23.0	19681.162767	19682.875614	19684.557491	19685.018657	19680.313139	19683.212828			2.0	1.0	0.0	3.0					
19686.83	459.0499999999993	BlockDesign														1.0	832.0	852.0	0.0	50.0
19686.83	19.099999999998545	trials	24.0	19699.11798	19700.70171	19702.819251	19703.760456	19698.159948	19701.143531	19703.4	19705.93	3.0	2.0	1.0	1.0					
19708.986	12.224999999998545	trials	24.0	19717.28273	19718.685866	19720.588995000002	19721.307212	19716.652923	19718.913793			3.0	2.0	0.0	3.0					
19724.965	14.194999999999709	trials	24.0	19731.89228	19733.069677	19735.599452000002	19736.443893	19730.939924000002	19733.530392	19736.135	19739.16	3.0	2.0	1.0	1.0					
19741.255	16.349999999998545	trials	24.0	19754.158322	19755.26928	19756.479203	19757.706525	19753.382973	19755.758225			3.0	2.0	0.0	3.0					
19760.865	14.390999999999622	trials	24.0	19767.99311	19769.928537	19772.482061000002	19773.409317	19767.124479000002	19770.298358	19773.046	19775.256	3.0	2.0	1.0	1.0					
19777.3	17.370999999999185	trials	24.0	19788.157937	19789.299471000002	19791.384966	19792.1958	19787.213628	19789.654202	19792.06	19794.671	3.0	2.0	1.0	1.0					
19797.706	14.42500000000291	trials	24.0	19807.573176	19808.619683	19811.426849	19812.227776	19807.01499	19809.534797			3.0	2.0	0.0	3.0					
19813.7	14.764999999999418	trials	24.0	19821.655317	19823.537370000002	19827.625989	19828.564324	19820.899685	19823.874962			3.0	2.0	0.0	3.0					
19829.94	36.32500000000073	trials	24.0	19862.008002000002	19863.761064000002	19865.484892	19866.364973	19861.270341	19863.883512			3.0	2.0	0.0	3.0					
19867.836	40.77400000000125	trials	24.0	19902.57852	19903.953423	19905.904862	19906.820187	19901.907563	19904.261063	19906.521	19908.61	3.0	2.0	1.0	1.0					
19911.625	16.590000000000146	trials	24.0	19923.213741	19924.996991	19927.464762	19928.314729	19922.623047	19925.107173			3.0	2.0	0.0	3.0					
19931.791	10.465000000000146	trials	24.0	19938.498612	19940.365556	19941.790095	19942.355018000002	19937.888339	19940.720787000002			3.0	1.0	0.0	3.0					
19944.111	17.133999999998196	trials	24.0	19956.774858	19958.07036	19960.304366	19961.347547	19956.229719	19958.53344			3.0	2.0	0.0	3.0					
19963.626	12.574000000000524	trials	24.0	19970.609909	19971.845048	19975.101339	19976.299727	19969.982477	19972.553949			3.0	2.0	0.0	3.0					
19979.499	43.65599999999904	trials	24.0	20017.643367	20019.349968000002			20016.690089	20019.345396			3.0		0.0	2.0					
20023.32	18.854999999999563	trials	24.0	20034.699024	20036.417622	20039.556399	20040.30732	20033.9378	20036.825196	20040.14	20042.175	3.0	2.0	1.0	1.0					
20045.301	13.559000000001106	trials	24.0	20053.598211	20055.277323000002	20057.800743	20058.962202000002	20053.007708	20055.804837			3.0	2.0	0.0	3.0					
20060.122	25.56300000000192	trials	24.0	20077.053377	20078.980056	20082.073212	20082.943067	20076.372035	20079.383267	20082.725	20085.685	3.0	2.0	1.0	1.0					
20089.778	17.48700000000099	trials	24.0	20098.548765	20099.772461	20104.14656	20104.705919	20097.566058	20100.628506	20104.715	20107.265	3.0	2.0	1.0	1.0					
20109.425	19.286000000000058	trials	24.0	20124.8087	20126.225073	20127.967809	20128.809486000002	20124.127539	20126.555001			3.0	2.0	0.0	3.0					
20130.3	15.580000000001746	trials	24.0	20140.593959	20142.277154	20145.817842	20146.380603	20140.087472	20142.646955			3.0	1.0	0.0	3.0					
20150.205	1292.9299999999967	BlockDesign														1.0	853.0	907.0	50.0	50.0
20150.205	15.069999999999709	trials	25.0	20161.610276	20163.281019000002			20160.630006	20163.276671			2.0		0.0	2.0					
20167.285	29.659999999999854	trials	25.0	20192.624412	20194.170576	20196.133253	20197.047573	20192.006277	20194.440445			3.0	2.0	0.0	3.0					
20199.381	26.933999999997468	trials	25.0	20221.455158	20222.96739	20225.278602000002	20226.417692	20220.688104	20223.305346			3.0	2.0	0.0	3.0					
20228.611	35.28399999999965	trials	25.0	20258.349438	20259.896799000002	20261.217126	20261.752188000002	20257.789083	20260.125539	20261.805	20263.895	2.0	1.0	1.0	1.0					
20266.982	13.996999999999389	trials	25.0	20276.799027	20278.246787	20280.14669	20281.075139	20276.143619000002	20278.8303			2.0	1.0	0.0	3.0					
20284.475	23.94000000000233	trials	25.0	20300.889362	20302.149399	20305.640234000002	20306.56149	20300.11365	20302.571511000002	20293.32	20308.415	3.0	2.0	1.0	1.0					
20310.435	23.474999999998545	trials	25.0	20327.414477000002	20329.499652000002	20330.640792000002	20331.097917	20326.840997	20329.695806	20331.421	20333.91	2.0	1.0	1.0	1.0					
20335.635	19.75	trials	25.0	20346.125613	20348.194023	20350.938615	20351.643158	20345.139377	20348.532312	20351.5	20355.385	3.0	2.0	1.0	1.0					
20357.475	11.31000000000131	trials	25.0	20365.77608	20366.932016	20368.356437000002	20368.887132	20365.165319	20367.327332			2.0	1.0	0.0	3.0					
20371.685	23.159999999999854	trials	25.0	20388.549719000002	20389.778606	20392.349931	20392.782262	20387.768918	20390.16374	20393.046	20394.845	2.0	1.0	1.0	1.0					
20396.89	14.28099999999904	trials	25.0	20405.736116	20407.801243	20410.473597	20411.273119	20405.054457000002	20407.818975000002			3.0	2.0	0.0	3.0					
20413.717	36.1929999999993	trials	25.0	20443.379789	20444.817909	20447.177937	20447.971584	20442.484046	20444.946168000002	20447.836	20449.91	3.0	2.0	1.0	1.0					
20454.005	12.965000000000146	trials	25.0	20462.401365	20464.395794	20465.975154	20466.944715	20461.513628	20464.314852			3.0	2.0	1.0	1.0					
20469.579	19.646999999997206	trials	25.0	20484.566624	20485.926846000002	20488.321677	20489.329867	20483.699534	20486.174408			3.0	2.0	0.0	3.0					
20491.711	64.5689999999995	trials	25.0	20553.305136000003	20554.373348			20552.617128	20554.360902			2.0		0.0	2.0					
20560.32	9.350999999998749	trials	25.0	20565.495583	20567.761632			20564.945643	20567.753955			2.0		0.0	2.0					
20572.68	13.630000000001019	trials	25.0	20579.320605	20581.157204	20583.515574	20584.514184	20578.448297000003	20581.462654000003	20584.171	20586.31	3.0	2.0	1.0	1.0					
20588.365	13.363999999997759	trials	25.0	20598.139854	20599.252185	20600.895797	20601.833375000002	20597.572706	20599.666687			3.0	2.0	0.0	3.0					
20605.22	34.20999999999913	trials	25.0	20636.495429000002	20637.792257	20639.118807	20639.507667	20635.736779	20638.151459			2.0	1.0	0.0	3.0					
20643.507	20.927999999999884	trials	25.0	20657.737072	20658.867441000002	20661.685293000002	20662.15859	20656.898706	20659.188573	20662.33	20664.435	2.0	1.0	1.0	1.0					
20667.51	21.2400000000016	trials	25.0	20682.26025	20684.281034	20685.550821	20686.387485	20681.530406	20684.240832	20672.77	20688.75	3.0	2.0	1.0	1.0					
20691.77	15.489999999997963	trials	25.0	20701.901868	20703.464844000002	20706.561071	20707.361994	20701.363695	20703.786564			3.0	2.0	0.0	3.0					
20708.875	36.409999999999854	trials	25.0	20739.902463000002	20741.717331	20742.93565	20743.331051	20739.364091	20742.099303	20743.515	20745.285	2.0	1.0	1.0	1.0					
20747.314	14.611000000000786	trials	25.0	20757.821047	20759.63247	20761.234345	20762.030019	20757.135907	20759.976215000002			2.0	1.0	0.0	3.0					
20765.62	14.231999999999971	trials	25.0	20774.286575000002	20776.287852	20778.762993	20779.956866	20773.430871	20776.682629000003			3.0	2.0	0.0	3.0					
20781.048	23.507000000001426	trials	25.0	20799.671124	20800.948305	20802.031974	20802.462642	20799.130962	20801.186642	20802.75	20804.555	2.0	1.0	1.0	1.0					
20806.66	19.075000000000728	trials	25.0	20818.486281	20820.232552	20823.381153000002	20824.095212	20817.568727	20820.470004000003	20823.925	20825.735	3.0	2.0	1.0	1.0					
20828.756	14.743999999998778	trials	25.0	20838.520731	20840.253003	20842.778148	20843.601429000002	20837.906585	20840.249108			3.0		0.0	2.0					
20845.27	36.340000000000146	trials	25.0	20877.237906000002	20879.17454	20880.943478	20881.711272	20876.706859	20879.326313			3.0	2.0	0.0	3.0					
20884.225	11.180000000000291	trials	25.0	20891.652765	20892.827829	20895.239978	20895.507154	20891.096036000003	20892.818391			2.0		0.0	2.0					
20896.751	33.47899999999936	trials	25.0	20927.436137	20928.904575	20929.877579	20930.33462	20926.615821	20929.195188			2.0	1.0	0.0	3.0					
20934.16	13.575000000000728	trials	25.0	20944.152976	20945.828633			20943.247617	20945.824514			2.0		0.0	2.0					
20950.8	16.100000000002183	trials	25.0	20963.496905	20964.93809	20965.855322	20966.298698	20962.580582000002	20964.930819			2.0		0.0	2.0					
20969.955	45.094999999997526	trials	25.0	21009.176742	21010.811478	21012.069977	21013.021268	21008.667111000002	21010.785809	20980.05	21015.05	3.0	2.0	1.0	1.0					
21018.205	15.761999999998807	trials	25.0	21028.646346	21030.043565	21032.941089	21034.067958	21027.950835	21031.085607			3.0	2.0	0.0	3.0					
21035.27	52.940999999998894	trials	25.0	21083.988418	21085.639002	21087.115001000002	21088.315678	21083.141862	21085.632455			3.0		0.0	2.0					
21091.555	15.294999999998254	trials	25.0	21102.421991	21103.47819	21106.52619	21106.955877	21101.782068	21104.077629			3.0	1.0	0.0	3.0					
21108.785	19.1150000000016	trials	25.0	21122.061285	21123.712067	21125.620399	21126.042027	21121.492672	21124.038504	21126.256	21127.9	2.0	1.0	1.0	1.0					
21130.005	15.114999999997963	trials	25.0	21141.50209	21143.460473	21144.546179	21145.225513	21140.690697000002	21143.44403			2.0	1.0	0.0	3.0					
21148.796	13.174000000002707	trials	25.0	21156.641778	21158.558976	21161.622527	21162.073449	21155.680977	21158.470655			2.0	1.0	0.0	3.0					
21163.925	19.595000000001164	trials	25.0	21175.267203	21177.204186000003	21180.625070000002	21181.594707	21174.738301	21178.784295	21181.175	21183.52	3.0	2.0	1.0	1.0					
21185.54	15.649999999997817	trials	25.0	21195.921863	21197.80857	21200.1797	21201.292265	21195.363777	21198.045737			3.0	2.0	0.0	3.0					
21203.475	16.290000000000873	trials	25.0	21214.887002	21216.398415	21217.350792	21217.739661	21214.133101	21216.429608000002	21217.92	21219.765	2.0	1.0	1.0	1.0					
21222.8	14.16700000000128	trials	25.0	21234.100908	21235.526948	21236.483014	21237.069705	21233.274291	21235.601381			2.0	1.0	0.0	3.0					
21239.856	13.135000000002037	trials	25.0	21248.537604	21249.689001	21252.619376000002	21253.094271	21247.857543000002	21250.418483			2.0	1.0	0.0	3.0					
21256.941	12.998999999999796	trials	25.0	21266.737508000002	21268.036236			21265.797611	21268.024959000002			2.0		0.0	2.0					
21274.005	14.455999999998312	trials	25.0	21282.778754	21284.617957000002	21287.177264	21288.563751	21281.936177	21285.445341			3.0	2.0	0.0	3.0					
21289.471	27.128999999997177	trials	25.0	21309.372839	21310.733558	21314.008762	21314.736223	21308.440169	21311.508238000002	21314.671	21316.6	3.0	2.0	1.0	1.0					
21319.626	14.834999999999127	trials	25.0	21330.738917000002	21332.204454	21334.060788000003	21334.567974	21330.055976	21332.537210000002			2.0	1.0	0.0	3.0					
21337.395	12.319999999999709	trials	25.0	21342.532724	21343.979528	21347.000145	21347.410929	21341.614053	21344.405292	21347.58	21349.715	2.0	1.0	1.0	1.0					
21351.73	20.470000000001164	trials	25.0	21364.147016000003	21366.23153	21369.317310000002	21370.056522	21363.191171000002	21366.70649	21369.866	21372.2	3.0	2.0	1.0	1.0					
21376.015	17.90599999999904	trials	25.0	21388.052481	21389.3963	21392.734839	21394.028604	21387.092748	21389.797952			3.0	2.0	0.0	3.0					
21396.99	12.407999999999447	trials	25.0	21405.082857	21406.179146000002	21408.65547	21409.505246	21404.454409	21406.842518			3.0	2.0	0.0	3.0					
21411.91	16.485000000000582	trials	25.0	21421.708314	21423.370525	21425.377574	21426.400435	21420.771987	21423.687071999997	21426.015	21428.395	3.0	2.0	1.0	1.0					
21430.47	12.664999999997235	trials	25.0	21440.323851999998	21441.908869	21443.111343999997	21443.522899	21439.787662	21442.127953			2.0	1.0	0.0	3.0					
21446.501	150.28900000000067	BlockDesign														1.0	908.0	913.0	0.0	0.0
21446.501	11.272000000000844	trials	26.0	21453.314862	21454.530888999998	21457.351437999998	21457.854892	21452.537408999997	21455.22024			2.0	1.0	0.0	3.0					
21461.725	11.100000000002183	trials	26.0	21467.400236999998	21468.937335	21472.017354	21472.923787	21466.884774	21469.391912			2.0	2.0	0.0	3.0					
21476.411	21.679000000000087	trials	26.0	21494.038572999998	21496.028827	21497.122626999997	21498.191826	21493.369533999998	21496.253398999997			2.0	1.0	0.0	3.0					
21501.465	8.840000000000146	trials	26.0	21506.118693999997	21508.040617	21509.838034999997	21510.408048999998	21505.157199999998	21508.388562999997			2.0	1.0	0.0	3.0					
21513.175	22.30500000000029	trials	26.0	21529.664049	21531.616861	21535.205323	21535.580405999997	21528.79665	21531.605464			2.0		0.0	2.0					
21537.535	59.25500000000102	trials	26.0	21593.699461	21595.703166	21596.496507	21596.888678	21593.013151	21595.729878			2.0	1.0	0.0	3.0					
21599.855	116.59500000000116	BlockDesign														0.0	914.0	918.0	0.0	0.0
21599.855	12.180000000000291	trials	27.0	21606.610027	21608.510488	21610.926851	21612.136199999997	21605.660627999998	21609.265387			3.0	2.0	0.0	3.0					
21616.18	11.326000000000931	trials	27.0	21621.978617999997	21623.588046999997	21626.300822999998	21627.605407	21621.138604	21624.15558			3.0	2.0	0.0	3.0					
21630.63	31.235000000000582	trials	27.0	21657.794167	21659.403609999998	21660.330969	21661.968157	21657.262434	21659.684097999998			3.0	2.0	0.0	3.0					
21664.738	19.347999999998137	trials	27.0	21676.244526	21678.230487999997	21683.271828999998	21684.185456	21675.309515999998	21678.662969999998			3.0	2.0	0.0	3.0					
21687.6	28.850000000002183	trials	27.0	21712.799014	21714.263035	21716.417841	21717.986550999998	21711.864429999998	21714.583937			3.0	2.0	0.0	3.0					
21718.823	960.0519999999997	BlockDesign														0.0	919.0	957.0	50.0	50.0
21718.823	86.91200000000026	trials	28.0	21800.754366999998	21802.377201			21799.911471	21802.369012			3.0		0.0	2.0					
21807.382	60.62799999999697	trials	28.0	21863.929429	21865.411501	21867.453770999997	21868.111597	21863.398127999997	21865.706314			3.0	1.0	0.0	3.0					
21870.79	15.8849999999984	trials	28.0	21881.054814	21882.372221999998	21885.741878999997	21886.778303	21880.405891	21882.95712			3.0	2.0	0.0	3.0					
21888.048	36.507000000001426	trials	28.0	21914.94115	21916.650682	21922.486863	21923.720112	21914.134089	21918.989837999998			2.0	2.0	0.0	3.0					
21924.89	9.110000000000582	trials	28.0	21926.831163	21928.621811999998	21933.049183	21933.556708	21924.658012	21928.894537			3.0	1.0	0.0	3.0					
21937.411	14.954000000001543	trials	28.0	21946.570589	21948.622333	21950.041408999998	21950.422518	21945.698526	21949.004823	21950.711	21952.365	2.0	1.0	1.0	1.0					
21956.385	19.125	trials	28.0	21972.20996	21974.041801	21975.100101	21975.614486	21971.623333	21974.363516999998			2.0	1.0	0.0	3.0					
21978.365	16.649999999997817	trials	28.0	21988.740658	21990.391395	21992.774522	21993.165170999997	21987.828013	21990.893533	21993.421	21995.015	2.0	1.0	1.0	1.0					
21998.064	23.502000000000407	trials	28.0	22014.526923999998	22016.369661999997	22018.582284	22019.336499999998	22013.962564999998	22016.731701999997	22019.16	22021.566	3.0	2.0	1.0	1.0					
22023.586	15.949000000000524	trials	28.0	22035.969904999998	22037.292299999997	22038.826006	22039.638163	22034.965188	22037.697102			2.0	1.0	0.0	3.0					
22043.02	10.904999999998836	trials	28.0	22048.706263	22050.333013	22053.310489	22054.029268	22048.091392	22050.792091			2.0	1.0	0.0	3.0					
22057.645	12.279999999998836	trials	28.0	22062.691629999998	22063.886736999997	22067.424779999998	22067.951118999998	22062.150548999998	22064.613658	22068.07	22069.925	2.0	1.0	1.0	1.0					
22073.065	22.42500000000291	trials	28.0	22088.139932	22089.392729	22091.905025	22092.930228999998	22087.22293	22090.000696	22092.435	22095.49	3.0	2.0	1.0	1.0					
22097.642	18.183000000000902	trials	28.0	22109.715161999997	22111.356765999997	22112.700427	22113.238578999997	22108.942112999997	22111.698994	22113.39	22115.825	2.0	1.0	1.0	1.0					
22118.895	25.419999999998254	trials	28.0	22140.685011999998	22142.47587	22143.251979999997	22144.418175	22139.964527999997	22142.498948			3.0	2.0	0.0	3.0					
22145.625	17.700000000000728	trials	28.0	22158.112147	22159.761642999998	22162.621049999998	22163.428245	22157.347641999997	22160.040965			3.0	2.0	0.0	3.0					
22164.885	29.710000000002765	trials	28.0	22187.475318999997	22188.842671	22191.354088	22192.061193999998	22186.961947	22189.108468	22176.055	22194.595	3.0	2.0	1.0	1.0					
22197.686	14.663999999997031	trials	28.0	22208.911093	22210.444285999998	22211.749035999997	22212.27325	22207.910689999997	22210.44043			3.0		0.0	2.0					
22215.426	11.864000000001397	trials	28.0	22221.920833	22223.158009	22224.23365	22224.811561	22221.388295999997	22223.418445	22224.865	22227.29	2.0	1.0	1.0	1.0					
22231.35	13.315000000002328	trials	28.0	22241.571083	22242.672746999997	22243.718439999997	22243.783216	22240.860826	22242.965646999997			2.0	1.0	0.0	3.0					
22246.97	13.944999999999709	trials	28.0	22255.560326	22257.302126	22260.123727	22261.016041	22254.801699	22257.582742			3.0	2.0	0.0	3.0					
22262.381	17.153999999998632	trials	28.0	22275.810402	22278.089862999997	22279.179607	22279.638670999997	22275.210021	22278.294137999997			2.0	1.0	0.0	3.0					
22281.504	55.27100000000064	trials	28.0	22332.295869999998	22333.448014999998	22334.475198999997	22334.881148	22331.367640999997	22333.616184	22335.04	22336.775	2.0	1.0	1.0	1.0					
22340.861	15.398999999997613	trials	28.0	22351.366439999998	22352.547974999998	22355.571882	22356.3642	22350.445797999997	22352.934438999997			3.0	2.0	0.0	3.0					
22357.91	12.425999999999476	trials	28.0	22366.471195	22367.687689	22369.296894	22370.437348	22365.549950999997	22367.835547			2.0	1.0	0.0	3.0					
22372.617	13.433000000000902	trials	28.0	22380.067500999998	22382.050091999998	22385.387003	22386.155884	22379.057453999998	22382.682936999998			3.0	2.0	0.0	3.0					
22389.905	14.470000000001164	trials	28.0	22399.237606	22400.762766	22403.954286999997	22404.476289	22398.541231	22400.750982999998			2.0		0.0	2.0					
22405.711	20.119000000002416	trials	28.0	22417.961332	22419.127966	22422.917022999998	22423.776927	22417.180204	22420.218759	22423.415	22425.83	3.0	2.0	1.0	1.0					
22427.911	23.338999999999942	trials	28.0	22445.586751	22447.19892	22450.572142999998	22451.354571	22444.970776	22447.617113999997			3.0	2.0	0.0	3.0					
22455.13	12.270000000000437	trials	28.0	22463.891277	22465.268711999997	22467.026222999997	22467.50301	22463.163815	22465.655478999997			2.0	1.0	0.0	3.0					
22469.281	14.430000000000291	trials	28.0	22476.391029	22477.890355	22482.699741999997	22483.442360999998	22475.629983	22478.264889			3.0	2.0	1.0	1.0					
22487.211	25.199000000000524	trials	28.0	22508.726427999998	22510.089054	22511.415831	22511.702899	22507.749099999997	22510.381092			2.0	1.0	1.0	1.0					
22515.906	17.119000000002416	trials	28.0	22529.707572	22530.788439999997	22532.154849	22533.126544	22529.082724	22531.224736			2.0	1.0	0.0	3.0					
22536.55	27.43000000000029	trials	28.0	22558.726200999998	22559.837055999997	22561.221576	22561.612458	22558.025901999998	22560.068468999998	22562.06	22563.98	2.0	1.0	1.0	1.0					
22567.011	16.014000000002852	trials	28.0	22579.386920999998	22580.667061	22581.858044999997	22583.128617	22578.700117	22580.901804999998			3.0	2.0	0.0	3.0					
22584.225	33.3650000000016	trials	28.0	22612.061748	22613.384433	22615.05474	22615.515259	22611.230968	22613.551154999997	22615.705	22617.59	2.0	1.0	1.0	1.0					
22621.676	15.614000000001397	trials	28.0	22630.306629	22631.652195	22633.854101999998	22634.852349999997	22629.717918	22632.047490999998	22634.506	22637.29	3.0	2.0	1.0	1.0					
22640.38	16.860000000000582	trials	28.0	22654.101654	22655.523225999998	22656.414727	22657.344766	22653.182779	22655.459046			2.0	1.0	0.0	3.0					
22658.711	20.16400000000067	trials	28.0	22676.452140999998	22677.758291			22675.63542				3.0		0.0	0.0					
