onset	duration	nwb_table	block	tone_on_time	tone_off_time	action_on_time	action_off_time	pokeC_on_time	pokeC_off_time	reward_on_time	reward_off_time	state	action	reward	result	FinishedBlock	FirstTrial	LastTrial	RewardRule_L	RewardRule_R
0.251	0.187	trials	3.0											0.0	0.0					
3.565	307.48	BlockDesign														1.0	1.0	20.0	50.0	0.0
3.565	7.621	trials	1.0	7.433553	9.08643	10.91526	11.138474	6.752285	10.278345999999999			2.0	1.0	0.0	3.0					
15.195	36.116	trials	1.0	46.063614	47.600235	49.324565	49.532051	45.165117	48.71425	50.016	51.311	2.0	1.0	1.0	1.0					
53.226	9.375	trials	1.0	59.078271	60.267575	61.527414	61.724337	58.133451	60.908661			2.0	1.0	1.0	1.0					
64.985	13.906000000000006	trials	1.0	74.47376299999999	76.523278	77.53679199999999	77.715002	73.62627599999999	76.703565			2.0	1.0	0.0	3.0					
79.94	6.670000000000002	trials	1.0	81.783423	82.93712	85.01160300000001	85.17746700000001	78.993921	84.134774	85.695	86.61	2.0	1.0	1.0	1.0					
90.706	7.0789999999999935	trials	1.0	93.27367699999999	94.944288	96.470126	96.971768	92.76515699999999	95.826201			2.0	1.0	0.0	3.0					
99.8	7.579999999999998	trials	1.0	101.875362	103.19540900000001	105.74906999999999	105.902006	97.89112499999999	104.99783	106.266	107.38	2.0	1.0	1.0	1.0					
109.456	12.411999999999992	trials	1.0	115.74365399999999	117.17462900000001	121.468152	121.94252599999999	115.114509	120.765251			2.0	1.0	0.0	3.0					
123.862	21.143	trials	1.0	140.404203	142.35008000000002	143.417375	143.581139	139.479546	142.63853	144.125	145.005	2.0	1.0	1.0	1.0					
148.095	9.164999999999992	trials	1.0	153.250661	155.649797	156.952637	157.123599	152.714819	155.962737			2.0	1.0	0.0	3.0					
159.331	9.119	trials	1.0	163.62578100000002	165.505706	166.781889	166.960406	163.005211	166.04507700000002	167.34	168.45	2.0	1.0	1.0	1.0					
172.544	7.021999999999991	trials	1.0	176.413634	178.258284	179.323197	179.53746	175.779785	178.673292			2.0	1.0	0.0	3.0					
181.577	36.708	trials	1.0	213.693987	215.336259	216.49725800000002	216.683808	212.763117	215.865428	217.22	218.285	2.0	1.0	1.0	1.0					
221.351	7.991000000000014	trials	1.0	225.95408	227.791595	229.00525100000002	229.371168	225.054597	228.34164900000002			2.0	1.0	0.0	3.0					
233.27	12.384999999999991	trials	1.0	239.95251000000002	241.98175500000002	243.633294	243.80050500000002	239.04564000000002	242.88797	244.155	245.655	2.0	1.0	1.0	1.0					
247.405	10.664999999999992	trials	1.0	253.944116	255.08776	256.822002	257.15729899999997	253.267715	256.104848			2.0	1.0	0.0	3.0					
260.165	6.6200000000000045	trials	1.0	262.250967	263.680041	265.15731	265.34754300000003	258.176822	264.067604	265.686	266.785	2.0	1.0	1.0	1.0					
268.923	9.468000000000018	trials	1.0	274.625853	276.031149	277.214733	277.37327700000003	273.826613	276.54744900000003			2.0	1.0	0.0	3.0					
279.535	6.699999999999989	trials	1.0	281.664197	283.218786	285.840127	286.34107	278.499164	284.678296			2.0	2.0	0.0	3.0					
290.226	20.819000000000017	trials	1.0	306.439697	307.997793	309.39549900000003	309.562077	305.53746	308.717045	309.998	311.045	2.0	1.0	1.0	1.0					
315.239	364.11600000000004	BlockDesign														1.0	21.0	40.0	0.0	50.0
315.239	8.640000000000043	trials	2.0	319.529584	321.479232	322.862685	323.06438	318.874247	322.154217			3.0	2.0	1.0	1.0					
326.311	11.244000000000028	trials	2.0	333.251445	335.201208	336.109937	336.542183	332.587281	335.49577700000003			3.0	2.0	0.0	3.0					
338.43	13.944999999999993	trials	2.0	347.8763	349.451295	350.581788	350.95000500000003	346.94639	349.968753	351.215	352.375	3.0	2.0	1.0	1.0					
355.411	9.791999999999973	trials	2.0	361.774588	363.503322	364.850935	365.312789	361.027682	364.219386			3.0	2.0	0.0	3.0					
368.174	6.967000000000041	trials	2.0	369.980029	371.423279	373.210216	373.50353	369.350577	372.616226	373.86	375.141	3.0	2.0	1.0	1.0					
377.251	8.44500000000005	trials	2.0	382.23994700000003	383.806764	385.309213	385.79067000000003	381.597522	384.763661			3.0	2.0	0.0	3.0					
387.675	59.21600000000001	trials	2.0	442.461812	444.021141	445.689465	446.152401	441.72781200000003	445.02036			3.0	1.0	0.0	3.0					
450.005	4.340000000000032	trials	2.0	451.779789	453.151728	454.081155	454.443572	446.996702	453.385869			3.0	2.0	0.0	3.0					
458.396	12.528999999999996	trials	2.0	467.199852	468.931188	470.68698	470.954153	466.278312	469.491173			3.0	2.0	0.0	3.0					
472.936	10.634000000000015	trials	2.0	478.501865	480.663798	481.79055800000003	482.201066	477.761097	481.121234	482.455	483.57	3.0	2.0	1.0	1.0					
485.59	8.395000000000039	trials	2.0	490.480274	491.592324	493.722642	494.088728	489.851454	492.925376			3.0	1.0	0.0	3.0					
496.985	12.935000000000002	trials	2.0	503.039913	504.205688	508.231066	508.440078	502.105047	507.297062	508.915	509.92	3.0	2.0	1.0	1.0					
513.01	9.81899999999996	trials	2.0	517.390374	518.670204	522.591802	522.871275	516.835167	521.5464000000001			3.0	1.0	0.0	3.0					
524.835	24.754999999999995	trials	2.0	545.297001	546.661295	549.277539	549.563265	544.336438	548.4101440000001			3.0	1.0	0.0	3.0					
551.595	12.220000000000027	trials	2.0	557.935422	559.6288490000001	562.271969	562.4730950000001	557.292747	561.580276	562.8	563.815	3.0	2.0	1.0	1.0					
567.905	19.795000000000073	trials	2.0	583.605622	585.186624	587.382429	587.753991	582.602824	586.573856			3.0	2.0	0.0	3.0					
591.63	31.760999999999967	trials	2.0	620.101779	621.957128	623.047035	623.495987	619.498926	622.430095			3.0	2.0	0.0	3.0					
625.297	19.58299999999997	trials	2.0	641.908866	643.497177	644.475726	644.988837	640.968235	643.916915			3.0	2.0	0.0	3.0					
646.831	20.07899999999995	trials	2.0	661.610706	663.312661	665.047815	665.314137	660.9744010000001	664.458102	665.71	666.91	3.0	2.0	1.0	1.0					
669.93	9.425000000000068	trials	2.0	674.6015610000001	676.332121	677.530406	677.877572	673.852194	676.931708	678.095	679.355	3.0	2.0	1.0	1.0					
681.52	11.350000000000023	trials	3.0	687.326156	689.382974	691.018775	691.394841	686.632019	690.323048	691.605	692.87	3.0	2.0	1.0	1.0					
681.52	-681.082	BlockDesign														1.0	41.0	81.0	50.0	50.0
696.97	9.120000000000005	trials	3.0	702.062028	703.228419	705.733953	706.196966	701.34999	705.089711			3.0	2.0	0.0	3.0					
708.005	20.909999999999968	trials	3.0	724.002761	725.66351	727.166892	727.5674730000001	723.4402680000001	726.587553	727.86	728.915	3.0	2.0	1.0	1.0					
731.96	7.880999999999972	trials	3.0	736.946192	738.064282	739.55909	739.946856	735.987219	739.00164			3.0	2.0	0.0	3.0					
742.891	10.744000000000028	trials	3.0	747.280979	748.737418	751.837696	752.0318	746.415476	750.913576	752.36	753.635	2.0	1.0	1.0	1.0					
756.65	10.240999999999985	trials	3.0	761.6863510000001	762.867595	765.206738	765.398738	761.033958	764.460291	765.851	766.891	2.0	1.0	1.0	1.0					
770.912	9.952999999999975	trials	3.0	776.321232	778.553433	780.554774	780.732945	775.396928	779.957883			2.0	1.0	0.0	3.0					
782.895	13.075000000000045	trials	3.0	791.927328	793.8882590000001	795.653295	796.04444	791.1211940000001	794.971376			2.0	1.0	0.0	3.0					
800.046	21.37399999999991	trials	3.0	816.281444	818.032862	819.798629	819.943271	815.377596	818.965794	806.976	821.42	2.0	1.0	1.0	1.0					
825.46	15.735000000000014	trials	3.0	836.756939	838.318536	839.580686	839.754386	836.082329	839.016747	831.83	841.195	2.0	1.0	1.0	1.0					
843.315	20.789999999999964	trials	3.0	859.432075	860.638787	862.303016	862.592324	858.870632	861.750342	851.055	864.105	3.0	2.0	1.0	1.0					
866.175	12.200000000000045	trials	3.0	874.056701	875.424871	876.496134	876.882116	873.053639	875.8801100000001	877.17	878.375	3.0	2.0	1.0	1.0					
881.485	9.740999999999985	trials	3.0	887.326418	888.568406	889.9297320000001	890.3283270000001	886.361694	889.372456			3.0	2.0	0.0	3.0					
893.251	17.31000000000006	trials	3.0	907.102817	908.593037	910.25886	910.455554	906.2091350000001	909.395049			3.0	1.0	0.0	3.0					
912.601	10.778999999999996	trials	3.0	917.656716	919.40835	920.565546	920.799204	916.697475	919.9653030000001			2.0	1.0	0.0	3.0					
923.865	25.309999999999945	trials	3.0	945.706758	947.530937	948.909797	949.074429	945.056019	948.278603			2.0	1.0	0.0	3.0					
951.25	13.080000000000041	trials	3.0	961.281696	962.769079	963.977331	964.436612	960.5192030000001	963.41025			3.0	2.0	0.0	3.0					
967.255	18.450000000000045	trials	3.0	981.791471	983.128916	985.465986	985.791724	981.227284	984.912096			3.0	2.0	0.0	3.0					
988.71	46.22000000000003	trials	3.0	1031.673959	1032.8081989999998	1034.5345309999998	1035.036465	1030.8443639999998	1033.8968779999998			2.0	1.0	0.0	3.0					
1038.811	8.014000000000124	trials	3.0	1042.2275129999998	1043.362522	1045.008171	1045.377284	1041.327734	1044.449208	1045.766	1046.825	3.0	2.0	1.0	1.0					
1048.915	12.345000000000027	trials	3.0	1057.6218379999998	1059.050691	1060.967166	1061.352747	1057.0613429999999	1060.168524			2.0	1.0	0.0	3.0					
1063.341	18.129000000000133	trials	3.0	1077.862437	1078.9587769999998	1081.1358899999998	1081.5764609999999	1077.1085449999998	1080.410514			2.0	2.0	0.0	3.0					
1084.49	8.559999999999945	trials	3.0	1087.862555	1089.8437709999998	1092.057231	1092.3923519999998	1087.1983819999998	1091.234205			3.0	2.0	1.0	1.0					
1097.563	10.651999999999816	trials	3.0	1103.3623949999999	1104.5494319999998	1106.454515	1106.597853	1102.506876	1105.7239229999998	1099.57	1108.215	2.0	1.0	1.0	1.0					
1112.266	6.828999999999951	trials	3.0	1115.657385	1117.619493	1118.786471	1119.1958149999998	1114.7023179999999	1118.1186089999999			2.0	1.0	0.0	3.0					
1121.175	38.75	trials	3.0	1155.152782	1157.0585099999998	1158.1026319999999	1158.5352229999999	1154.338386	1157.470494	1158.615	1159.925	3.0	2.0	1.0	1.0					
1162.954	10.536000000000058	trials	3.0	1169.3178409999998	1170.535121	1171.5962479999998	1172.016273	1168.5316349999998	1171.082309	1172.275	1173.49	3.0	2.0	1.0	1.0					
1176.51	9.620000000000118	trials	3.0	1182.767946	1184.3500649999999	1185.8362789999999	1186.099493	1182.119307	1185.1318919999999			2.0	1.0	0.0	3.0					
1190.174	10.740000000000009	trials	3.0	1197.683304	1199.695329	1200.594887	1200.9947909999999	1197.148293	1200.005851			3.0	2.0	0.0	3.0					
1202.91	32.47499999999991	trials	3.0	1231.0133759999999	1232.450799	1233.709367	1234.060877	1230.478917	1233.0922819999998			3.0	2.0	0.0	3.0					
1236.965	10.475000000000136	trials	3.0	1242.8532289999998	1244.2825739999998	1245.761454	1245.941376	1241.9121049999999	1245.096225	1246.4	1247.44	2.0	1.0	1.0	1.0					
1249.46	12.464999999999918	trials	3.0	1256.983589	1258.5554459999998	1260.146129	1260.355298	1256.03694	1259.490192	1260.851	1261.925	2.0	1.0	1.0	1.0					
1263.946	11.788999999999987	trials	3.0	1270.3228649999999	1271.462517	1273.7737049999998	1274.1750659999998	1269.7930649999998	1273.108364	1274.305	1275.735	3.0	2.0	1.0	1.0					
1279.821	8.859000000000151	trials	3.0	1285.4978409999999	1286.9750299999998	1288.3181	1288.788707	1284.813563	1287.7674619999998			3.0	2.0	0.0	3.0					
1291.621	13.769999999999982	trials	3.0	1300.573467	1302.0249809999998	1303.633725	1303.7893499999998	1299.9189869999998	1303.011039	1304.155	1305.391	2.0	1.0	1.0	1.0					
1308.485	9.506000000000085	trials	3.0	1315.028601	1316.374815	1317.62385	1318.089765	1314.0328109999998	1316.9837129999999			2.0	1.0	0.0	3.0					
1319.991	29.75	trials	3.0	1346.573111	1348.1003099999998	1349.419635	1349.805525	1345.9747129999998	1348.7454169999999			3.0	2.0	0.0	3.0					
1352.68	18.375	trials	3.0	1365.373347	1367.155053	1369.052925	1369.5562619999998	1364.5861699999998	1368.3111179999999	1369.77	1371.055	3.0	2.0	1.0	1.0					
1373.101	12.148999999999887	trials	3.0	1381.2481859999998	1383.515432	1384.944812	1385.107059	1380.375599	1384.3186549999998			2.0	1.0	0.0	3.0					
1389.26	12.700000000000045	trials	3.0	1396.023692	1397.490075	1400.215182	1400.382782	1395.1641769999999	1399.49282	1400.745	1401.96	2.0	1.0	1.0	1.0					
1405.985	93.63499999999999	BlockDesign														1.0	82.0	87.0	0.0	0.0
1405.985	9.945000000000164	trials	4.0	1411.8538609999998	1413.6983109999999	1414.695941	1415.10339	1411.1033329999998	1414.0486019999998			2.0	1.0	0.0	3.0					
1418.976	8.459999999999809	trials	4.0	1420.783622	1421.757105			1416.04029	1421.750325			2.0		0.0	2.0					
1427.744	8.756000000000085	trials	4.0	1429.8188819999998	1431.176319	1435.407939	1435.8075689999998	1429.0426289999998	1433.9606239999998			2.0	1.0	0.0	3.0					
1439.813	27.34199999999987	trials	4.0	1462.48443	1463.684253	1465.8772139999999	1466.2043409999999	1461.7004189999998	1465.2591539999999			2.0	2.0	0.0	3.0					
1470.188	9.906999999999925	trials	4.0	1476.7483359999999	1478.4055219999998	1479.8494099999998	1480.1318039999999	1475.8627829999998	1479.1888079999999			2.0	1.0	0.0	3.0					
1484.101	15.518999999999778	trials	4.0	1496.819274	1498.066022	1499.5370839999998	1499.7310519999999	1495.934622	1498.9362959999999			2.0	1.0	0.0	3.0					
1503.966	102.70900000000006	BlockDesign														1.0	88.0	92.0	0.0	0.0
1503.966	29.83400000000006	trials	5.0	1530.698694	1532.320119	1533.3842459999998	1533.9093679999999	1529.7543979999998	1532.7393299999999			3.0	2.0	0.0	3.0					
1537.726	15.348999999999933	trials	5.0	1548.5690539999998	1550.137468	1551.497271	1551.7812119999999	1547.796195	1550.897231			3.0	2.0	0.0	3.0					
1556.876	25.679000000000087	trials	5.0	1579.7437969999999	1581.114071	1582.2481349999998	1582.495416	1578.833823	1581.591287			3.0	1.0	0.0	3.0					
1585.563	12.631999999999834	trials	5.0	1593.3642419999999	1594.915323	1596.6185169999999	1596.9871799999999	1592.429385	1595.8846159999998			3.0	2.0	0.0	3.0					
1600.938	5.736999999999853	trials	5.0	1603.5593999999999	1605.088859	1606.4775479999998	1606.7847029999998	1602.563211	1605.769944			3.0	2.0	0.0	3.0					
1608.835	812.8299999999999	BlockDesign														1.0	93.0	134.0	50.0	50.0
1608.835	11.148999999999887	trials	6.0	1616.774592	1618.473339	1619.674581	1620.0052609999998	1615.7752409999998	1619.071757			2.0	1.0	0.0	3.0					
1624.004	29.996000000000095	trials	6.0	1649.1053789999999	1650.210848	1652.120939	1652.404055	1648.5770759999998	1651.4739109999998	1652.72	1654.0	3.0	2.0	1.0	1.0					
1658.081	7.788999999999987	trials	6.0	1663.14954	1664.296118	1665.566523	1665.938099	1662.3899099999999	1665.0004159999999			3.0	2.0	0.0	3.0					
1667.924	14.461000000000013	trials	6.0	1676.994438	1678.243475	1680.3127559999998	1680.6664979999998	1676.451725	1679.6814089999998	1680.936	1682.385	3.0	2.0	1.0	1.0					
1685.401	10.93899999999985	trials	6.0	1690.856147	1692.7358579999998	1694.5277729999998	1694.6772239999998	1690.072823	1693.616094	1695.125	1696.34	2.0	1.0	1.0	1.0					
1698.385	11.591000000000122	trials	6.0	1705.6045789999998	1707.6647309999998	1709.090192	1709.357237	1704.79713	1708.3428119999999			2.0	1.0	0.0	3.0					
1712.391	7.7690000000000055	trials	6.0	1714.4898569999998	1716.4035529999999	1718.484857	1718.639315	1712.841759	1717.6475099999998	1718.965	1720.16	2.0	1.0	1.0	1.0					
1723.195	10.295000000000073	trials	6.0	1730.1312959999998	1731.64655	1733.141025	1733.6023699999998	1729.6196209999998	1732.5075439999998			3.0	2.0	0.0	3.0					
1735.45	15.74499999999989	trials	6.0	1746.1533539999998	1747.663427	1749.2055509999998	1749.376971	1745.5435249999998	1748.498529	1749.845	1751.195	2.0	1.0	1.0	1.0					
1754.235	9.576000000000022	trials	6.0	1759.39653	1760.6541719999998	1761.93905	1762.209056	1758.503391	1761.398561	1762.635	1763.811	3.0	2.0	1.0	1.0					
1765.895	12.66599999999994	trials	6.0	1775.1951139999999	1776.811704	1778.268245	1778.551503	1774.328979	1777.603934			2.0	1.0	0.0	3.0					
1780.638	20.832000000000107	trials	6.0	1797.5064949999999	1799.4326609999998	1800.4934899999998	1800.7504789999998	1796.845151	1799.8665959999998			2.0	1.0	1.0	1.0					
1805.035	11.629999999999882	trials	6.0	1813.6550659999998	1815.2285849999998	1816.355001	1816.5827909999998	1813.128241	1815.739016			2.0	1.0	0.0	3.0					
1819.715	35.440000000000055	trials	6.0	1851.055631	1852.251709	1853.611602	1854.14564	1850.2259549999999	1853.007797			3.0	2.0	0.0	3.0					
1857.91	19.50999999999999	trials	6.0	1872.4900859999998	1874.132868	1875.526124	1875.762732	1871.589651	1874.8494019999998	1876.145	1877.42	3.0	2.0	1.0	1.0					
1881.47	10.625	trials	6.0	1887.435546	1888.766034	1889.9300269999999	1890.3256259999998	1886.65151	1889.347227			3.0	2.0	0.0	3.0					
1892.255	19.72999999999979	trials	6.0	1908.07505	1909.2117589999998	1910.541405	1910.813277	1907.123337	1909.9502719999998			3.0	2.0	0.0	3.0					
1913.795	13.414999999999964	trials	6.0	1924.5405119999998	1925.662392	1926.953906	1927.296911	1923.633936	1926.324432			3.0	2.0	0.0	3.0					
1931.29	38.57999999999993	trials	6.0	1963.8461249999998	1965.057206	1967.8419709999998	1968.150526	1963.0985099999998	1967.133948	1968.53	1969.87	2.0	1.0	1.0	1.0					
1972.955	13.43600000000015	trials	6.0	1981.320432	1983.125666	1984.6538429999998	1984.816523	1980.4616939999999	1983.99947	1985.18	1986.391	2.0	1.0	1.0	1.0					
1988.41	22.589999999999918	trials	6.0	2006.651085	2007.7624609999998	2009.966013	2010.2864129999998	2005.941187	2009.2445309999998			2.0	1.0	0.0	3.0					
2014.271	6.7590000000000146	trials	6.0	2016.111524	2017.732227			2011.1147279999998	2017.721298			3.0		0.0	2.0					
2022.705	6.7710000000001855	trials	6.0	2025.011031	2026.7601989999998	2027.7415349999999	2028.008558	2021.142649	2027.0252699999999	2028.33	2029.476	3.0	2.0	1.0	1.0					
2031.495	8.88000000000011	trials	6.0	2036.8164049999998	2038.227711	2040.136364	2040.371547	2035.811552	2039.0916869999999			2.0	1.0	0.0	3.0					
2044.448	7.682000000000016	trials	6.0	2048.790822	2050.547201	2051.8620880000003	2052.241586	2048.227118	2051.093565			2.0	2.0	0.0	3.0					
2056.12	21.731000000000222	trials	6.0	2072.19111	2074.260495	2076.113523	2076.268712	2071.268751	2075.3473360000003	2076.686	2077.851	2.0	1.0	1.0	1.0					
2079.936	15.06399999999985	trials	6.0	2090.236121	2091.947376	2093.148932	2093.41478	2089.685976	2092.627548	2093.705	2095.0	3.0	2.0	1.0	1.0					
2097.09	9.707999999999629	trials	6.0	2103.9008010000002	2105.2127410000003	2106.471392	2106.8684510000003	2102.973375	2105.915289			3.0	2.0	0.0	3.0					
2109.791	48.86400000000003	trials	6.0	2152.94132	2154.844391	2156.3817440000003	2156.738886	2152.367475	2155.7135740000003			3.0	2.0	0.0	3.0					
2158.74	21.16800000000012	trials	6.0	2174.686569	2176.2548220000003	2177.923526	2178.096011	2174.001741	2176.988765	2178.46	2179.908	2.0	1.0	1.0	1.0					
2182.921	10.999000000000251	trials	6.0	2189.481591	2191.012271	2193.698565	2193.9841180000003	2188.899872	2192.853027			2.0	1.0	0.0	3.0					
2196.996	13.864000000000033	trials	6.0	2205.7763400000003	2206.9811600000003	2208.935112	2209.334202	2205.243908	2208.3482520000002	2209.665	2210.86	3.0	2.0	1.0	1.0					
2214.907	30.16300000000001	trials	6.0	2221.491609	2222.6301350000003	2223.769527	2224.0180530000002	2220.6221	2223.214034	2224.391	2245.07	3.0	2.0	1.0	1.0					
2247.94	23.965000000000146	trials	6.0	2268.4682000000003	2270.535452	2271.6777	2271.8850270000003	2267.8517850000003	2270.998899			2.0	1.0	0.0	3.0					
2273.925	12.329999999999927	trials	6.0	2283.022908	2284.6234170000002	2285.9151220000003	2286.368313	2282.46531	2285.3415250000003			3.0	2.0	0.0	3.0					
2288.235	16.484999999999673	trials	6.0	2299.611915	2301.634595	2302.918056	2303.1363960000003	2298.751988	2302.2646130000003	2303.54	2304.72	2.0	1.0	1.0	1.0					
2306.806	12.81899999999996	trials	6.0	2315.142288	2316.371819	2317.738358	2318.022981	2314.589567	2317.207479	2318.375	2319.625	3.0	2.0	1.0	1.0					
2323.706	12.03899999999976	trials	6.0	2331.3765670000003	2333.054909	2334.4382210000003	2334.927138	2330.591592	2333.843913			2.0	1.0	0.0	3.0					
2337.801	7.329000000000178	trials	6.0	2339.847182	2341.751505	2343.3609180000003	2343.582342	2335.860905	2342.222436	2343.875	2345.13	2.0	1.0	1.0	1.0					
2348.275	15.799999999999727	trials	6.0	2359.2819830000003	2361.006942	2362.413141	2362.7511280000003	2358.513515	2361.9216420000002			3.0	2.0	0.0	3.0					
2364.706	21.153999999999996	trials	6.0	2382.5822740000003	2384.2935700000003	2385.489807	2385.974916	2381.8597400000003	2384.8681140000003			2.0	1.0	0.0	3.0					
2389.851	31.81399999999985	trials	6.0	2416.897556	2418.9840630000003	2419.8260090000003	2420.192936	2416.182276	2419.233678	2420.476	2421.665	3.0	2.0	1.0	1.0					
2423.727	301.203	BlockDesign														1.0	135.0	158.0	90.0	50.0
2423.727	13.624000000000251	trials	7.0	2429.9074140000002	2431.230015	2435.6704170000003	2435.8609100000003	2429.257371	2435.010956	2436.26	2437.351	1.0	2.0	1.0	1.0					
2439.376	7.533999999999651	trials	7.0	2442.263093	2444.19894	2445.333399	2445.573758	2441.6065280000003	2444.5281840000002			1.0	2.0	0.0	3.0					
2447.637	7.753999999999905	trials	7.0	2449.501142	2451.559439	2453.806437	2453.819898	2447.022896	2452.249149	2454.436	2455.391	1.0	1.0	1.0	1.0					
2457.405	8.7199999999998	trials	7.0	2461.307604	2463.28584	2464.5850720000003	2464.7753110000003	2460.40914	2463.685947	2465.36	2466.125	1.0	2.0	1.0	1.0					
2468.17	8.516000000000076	trials	7.0	2471.662511	2473.6591860000003	2474.9913650000003	2475.1113450000003	2470.8401010000002	2474.0012930000003	2475.545	2476.686	1.0	1.0	1.0	1.0					
2479.706	7.7590000000000146	trials	7.0	2482.952415	2484.4987450000003	2485.804361	2485.9836450000003	2482.2962540000003	2485.233501	2486.325	2487.465	1.0	2.0	1.0	1.0					
2489.52	8.465000000000146	trials	7.0	2493.617738	2494.742237	2496.3764490000003	2496.4927500000003	2492.9194310000003	2495.290748	2497.016	2497.985	1.0	1.0	1.0	1.0					
2501.055	7.680000000000291	trials	7.0	2503.7875710000003	2505.757347	2507.199377	2507.4972620000003	2503.037907	2506.4800560000003	2507.829	2508.735	1.0	2.0	1.0	1.0					
2511.755	19.335000000000036	trials	7.0	2526.372414	2528.114523	2529.4892560000003	2529.610638	2525.385291	2528.691629	2530.16	2531.09	1.0	1.0	1.0	1.0					
2533.167	9.338000000000193	trials	7.0	2537.5631820000003	2538.670181	2540.75568	2540.933739	2536.8067100000003	2540.0535680000003	2541.311	2542.505	1.0	1.0	1.0	1.0					
2544.526	15.87900000000036	trials	7.0	2555.822616	2557.299317	2558.8084200000003	2559.0290950000003	2555.2121190000003	2558.018396	2559.46	2560.405	1.0	1.0	1.0	1.0					
2563.425	7.429999999999836	trials	7.0	2566.0942130000003	2568.084461	2569.2245860000003	2569.260291	2565.196425	2568.640808	2569.895	2570.855	1.0	1.0	1.0	1.0					
2574.94	10.139999999999873	trials	7.0	2579.752761	2581.8098520000003	2583.479676	2583.6201730000002	2578.8863570000003	2582.397033	2584.045	2585.08	1.0	1.0	1.0	1.0					
2588.175	9.99499999999989	trials	7.0	2592.1276620000003	2593.339542	2595.9462350000003	2596.069505	2591.370729	2594.375967			1.0	1.0	0.0	3.0					
2600.303	9.068000000000211	trials	7.0	2602.448303	2604.4338000000002	2607.996384	2608.410909	2601.896622	2606.6089970000003			1.0	2.0	0.0	3.0					
2612.32	7.2409999999999854	trials	7.0	2614.118574	2615.5621490000003	2617.947651	2618.0819970000002	2609.487009	2617.1982270000003	2618.485	2619.561	1.0	1.0	1.0	1.0					
2623.658	6.79300000000012	trials	7.0	2625.313235	2626.620828	2629.4517920000003	2629.529348	2624.686037	2627.5025490000003			1.0	1.0	1.0	1.0					
2633.895	15.295000000000073	trials	7.0	2643.773591	2645.3132880000003	2647.188342	2647.344419	2643.007571	2646.130364			1.0	1.0	0.0	3.0					
2651.552	7.252999999999702	trials	7.0	2653.1886360000003	2654.758808	2656.89894	2657.255118	2649.305757	2656.073993			1.0	2.0	0.0	3.0					
2659.205	9.045000000000073	trials	7.0	2661.193404	2662.6329610000003	2666.693325	2666.814359	2658.922308	2665.095828	2667.305	2668.25	1.0	1.0	1.0	1.0					
2671.335	11.735000000000127	trials	7.0	2677.288254	2678.670134	2681.490635	2681.5150820000003	2676.304865	2680.764888	2682.03	2683.07	1.0	1.0	1.0	1.0					
2686.146	8.489000000000033	trials	7.0	2690.118548	2691.902048	2693.1785990000003	2693.239109	2689.2590290000003	2692.5214450000003	2693.735	2694.635	1.0	1.0	1.0	1.0					
2697.721	13.498999999999796	trials	7.0	2706.278492	2707.4051990000003	2709.461505	2709.5736260000003	2705.5993120000003	2708.412917	2710.005	2711.22	1.0	1.0	1.0	1.0					
2715.24	9.690000000000055	trials	7.0	2720.033469	2721.201411	2723.343695	2723.4881410000003	2719.410797	2722.4084510000002	2723.87	2724.93	1.0	1.0	1.0	1.0					
2727.951	964.3939999999998	BlockDesign														1.0	159.0	224.0	10.0	50.0
2727.951	8.588999999999942	trials	8.0	2732.564136	2733.794081	2735.710251	2735.875116	2731.9184410000003	2735.0815500000003			1.0	1.0	0.0	3.0					
2739.947	5.347999999999956	trials	8.0	2742.055421	2743.265663	2744.8660440000003	2745.4109430000003	2736.6546120000003	2744.0717870000003			1.0	2.0	0.0	3.0					
2748.253	12.016999999999825	trials	8.0	2753.453438	2755.346613	2758.6381300000003	2758.849119	2752.8959680000003	2757.422664	2759.13	2760.27	1.0	2.0	1.0	1.0					
2764.329	9.920999999999822	trials	8.0	2769.010437	2770.6999840000003	2772.6756450000003	2772.826865	2768.296668	2772.1304050000003	2773.205	2774.25	1.0	2.0	1.0	1.0					
2778.36	7.826000000000022	trials	8.0	2781.7603560000002	2783.589551	2784.682703	2784.836874	2780.7774090000003	2784.062687	2785.2	2786.186	1.0	2.0	1.0	1.0					
2790.205	18.570000000000164	trials	8.0	2804.4794850000003	2805.8072310000002	2807.494845	2807.8340510000003	2803.8602290000003	2806.7312110000003			1.0	2.0	0.0	3.0					
2811.851	7.164999999999964	trials	8.0	2813.548647	2815.351106	2816.5379580000003	2816.977241	2808.890802	2815.494611			1.0	1.0	0.0	3.0					
2819.696	7.2719999999999345	trials	8.0	2821.413959	2822.599482	2825.7666010000003	2826.2942120000002	2819.1307580000002	2824.0715290000003			1.0	2.0	0.0	3.0					
2830.126	6.7289999999998145	trials	8.0	2831.8389	2833.012499			2827.0805410000003	2833.003604			1.0		0.0	2.0					
2836.911	9.79300000000012	trials	8.0	2842.885866	2844.925577	2846.4536120000002	2846.713514	2841.9743860000003	2845.363584			1.0	2.0	0.0	3.0					
2848.736	31.71900000000005	trials	8.0	2875.5439650000003	2876.847411	2879.401514	2879.5673610000003	2874.797963	2877.88319			1.0	1.0	0.0	3.0					
2881.645	9.072999999999865	trials	8.0	2884.194096	2885.4938030000003	2890.339586	2890.8151150000003	2883.396389	2888.600514			1.0	2.0	0.0	3.0					
2892.8	12.079999999999927	trials	8.0	2900.274336	2901.7502010000003	2903.166071	2903.310603	2899.3272620000002	2902.4493390000002	2903.78	2904.88	1.0	1.0	1.0	1.0					
2908.954	8.740999999999985	trials	8.0	2914.4043540000002	2915.968445	2917.336269	2917.81142	2913.4788120000003	2916.6797030000002			1.0	1.0	0.0	3.0					
2919.585	15.409999999999854	trials	8.0	2929.919373	2931.6560400000003	2933.187362	2933.403158	2929.340999	2932.565411	2933.755	2934.995	1.0	2.0	1.0	1.0					
2937.12	8.345000000000255	trials	8.0	2942.8902590000002	2944.041251	2945.167917	2945.491542	2942.1087390000002	2944.5953010000003			1.0	2.0	0.0	3.0					
2947.476	33.44900000000007	trials	8.0	2976.6358560000003	2977.841516	2979.706305	2980.1722400000003	2975.689089	2979.0058980000003			1.0	1.0	0.0	3.0					
2982.032	7.432999999999993	trials	8.0	2983.95437	2985.761223	2988.2410680000003	2988.567414	2981.0403380000002	2987.158382			1.0	1.0	0.0	3.0					
2991.525	7.036000000000058	trials	8.0	2993.3463180000003	2995.206158	2996.839629	2997.111228	2989.580939	2996.252577	2997.43	2998.561	1.0	2.0	1.0	1.0					
3001.585	20.875	trials	8.0	3017.735811	3019.7508580000003	3021.49236	3021.746858	3017.0203530000003	3020.938361			1.0	2.0	1.0	1.0					
3026.0	10.920000000000073	trials	8.0	3031.980134	3034.038501	3035.2502280000003	3035.4484420000003	3031.108376	3034.611335	3035.861	3036.92	1.0	2.0	1.0	1.0					
3040.005	9.184999999999945	trials	8.0	3044.5848490000003	3046.326672	3047.662851	3048.4367380000003	3043.763969	3047.0021540000002			1.0	2.0	0.0	3.0					
3051.96	6.05600000000004	trials	8.0	3053.690283	3054.927365	3056.2608	3056.501945	3049.3087490000003	3055.307895	3056.815	3058.016	1.0	2.0	1.0	1.0					
3062.101	7.469000000000051	trials	8.0	3064.414531	3066.407886	3067.966695	3068.6431789999997	3063.937822	3066.713026			1.0	2.0	0.0	3.0					
3071.38	5.824999999999818	trials	8.0	3073.2000129999997	3074.339716	3076.817632	3076.9896329999997	3069.596251	3075.229915			1.0	1.0	0.0	3.0					
3079.275	10.934999999999945	trials	8.0	3084.7444769999997	3086.2983999999997	3088.0651829999997	3088.370527	3084.1399149999997	3087.2847939999997			1.0	1.0	0.0	3.0					
3091.515	6.190000000000055	trials	8.0	3093.5300469999997	3094.731831	3095.980396	3096.2206819999997	3090.2382159999997	3095.135374	3096.715	3097.705	1.0	2.0	1.0	1.0					
3100.751	9.593999999999596	trials	8.0	3105.4701569999997	3107.277646	3108.490813	3108.851111	3104.552034	3107.835435	3109.295	3110.345	1.0	2.0	1.0	1.0					
3113.423	9.27200000000039	trials	8.0	3117.8652039999997	3118.993384	3120.98776	3121.1596369999997	3117.06558	3119.885614	3121.686	3122.695	1.0	2.0	1.0	1.0					
3126.775	8.240999999999985	trials	8.0	3129.716638	3131.04259	3133.13246	3133.393921	3128.877866	3132.24073	3133.851	3135.016	1.0	2.0	1.0	1.0					
3137.095	11.165000000000418	trials	8.0	3143.1463719999997	3144.2480029999997	3146.55916	3146.7294039999997	3142.448305	3145.775071			1.0	2.0	0.0	3.0					
3150.945	7.905999999999949	trials	8.0	3152.506614	3154.03156	3156.111167	3156.394351	3148.288459	3154.616337			1.0	1.0	0.0	3.0					
3160.49	6.050000000000182	trials	8.0	3162.205216	3163.64263	3164.99107	3165.6660309999997	3158.875732	3164.3024609999998			1.0	2.0	0.0	3.0					
3167.313	5.636999999999716	trials	8.0	3168.900609	3170.391507	3172.6363859999997	3172.9764609999997	3166.5688529999998	3171.3230169999997			1.0	2.0	0.0	3.0					
3174.99	26.045000000000073	trials	8.0	3196.860169	3198.507951	3200.543898	3201.061198	3196.039066	3199.559805			1.0	1.0	0.0	3.0					
3202.994	31.646999999999935	trials	8.0	3230.761031	3232.28229	3234.266595	3234.65143	3230.044887	3233.557903			1.0	1.0	0.0	3.0					
3236.71	40.320000000000164	trials	8.0	3272.7453699999996	3274.268154	3275.864838	3276.0850299999997	3272.173186	3275.14822			1.0	1.0	0.0	3.0					
3279.26	7.224999999999909	trials	8.0	3280.8209229999998	3282.71593	3284.584222	3284.851486	3277.056583	3283.5013449999997			1.0	2.0	0.0	3.0					
3288.97	10.894999999999982	trials	8.0	3294.0806399999997	3295.991857	3297.9971259999998	3298.2818589999997	3293.493504	3296.6776919999998	3298.67	3299.865	1.0	2.0	1.0	1.0					
3302.885	14.177999999999884	trials	8.0	3313.5963279999996	3315.131644	3316.698845	3317.062677	3312.8168379999997	3315.969164			1.0	2.0	0.0	3.0					
3321.101	15.19900000000007	trials	8.0	3331.672669	3332.803128	3335.956083	3336.268773	3331.001743	3335.102993			1.0	2.0	0.0	3.0					
3340.376	14.684999999999945	trials	8.0	3348.955909	3350.4433089999998	3354.593521	3354.817299	3348.05248	3353.844354			1.0	1.0	0.0	3.0					
3356.92	16.36999999999989	trials	8.0	3367.910869	3369.057178	3371.1832019999997	3371.47759	3366.97177	3370.456299	3371.885	3373.29	1.0	1.0	1.0	1.0					
3377.32	12.365999999999985	trials	8.0	3383.931773	3385.943034	3387.876871	3388.163791	3383.200708	3387.149104	3388.575	3389.686	1.0	2.0	1.0	1.0					
3391.742	8.812999999999647	trials	8.0	3397.258051	3398.875939	3400.1862309999997	3400.484361	3396.610087	3399.6056009999998			1.0	2.0	0.0	3.0					
3403.565	8.791000000000167	trials	8.0	3407.291101	3409.263367	3411.9707169999997	3412.3760949999996	3406.686001	3411.2219809999997			1.0	1.0	0.0	3.0					
3416.373	38.8420000000001	trials	8.0	3450.0364019999997	3451.517724	3454.063792	3454.447897	3449.16169	3453.294783			1.0	1.0	0.0	3.0					
3456.445	7.304999999999836	trials	8.0	3458.007775	3459.717783	3461.922795	3462.141951	3455.242789	3461.232317	3462.645	3463.75	1.0	2.0	1.0	1.0					
3465.801	11.434000000000196	trials	8.0	3472.392117	3473.488918	3475.746924	3476.13946	3471.4795209999997	3474.787845			1.0	2.0	0.0	3.0					
3479.071	6.999000000000251	trials	8.0	3481.311867	3482.9794359999996	3484.972596	3485.4420179999997	3480.785442	3484.152995			1.0	1.0	0.0	3.0					
3489.43	6.256000000000313	trials	8.0	3491.096751	3492.3147	3493.864657	3494.1669039999997	3486.0971529999997	3492.9967349999997	3494.523	3495.686	1.0	2.0	1.0	1.0					
3498.771	13.009000000000015	trials	8.0	3506.956333	3508.4121299999997	3510.346937	3510.595617	3506.351752	3509.388148			1.0	2.0	0.0	3.0					
3512.665	6.3960000000001855	trials	8.0	3514.3219259999996	3515.991682	3518.6786669999997	3518.992189	3511.8085029999997	3517.255897			1.0	1.0	0.0	3.0					
3521.101	10.719000000000051	trials	8.0	3525.4230479999997	3526.655156	3530.075321	3530.461213	3524.6301989999997	3528.4182899999996	3530.895	3531.82	1.0	2.0	1.0	1.0					
3533.84	11.545000000000073	trials	8.0	3540.312149	3542.370618	3543.735957	3543.9573459999997	3539.586561	3542.7781139999997	3544.4	3545.385	1.0	2.0	1.0	1.0					
3548.51	9.784999999999854	trials	8.0	3553.27267	3554.788357	3557.068375	3557.3836	3552.5326809999997	3556.070551			1.0	2.0	0.0	3.0					
3559.391	7.973999999999705	trials	8.0	3561.4866119999997	3563.425144	3566.734146	3566.791914	3558.322518	3564.847915			1.0	1.0	0.0	3.0					
3569.375	9.960000000000036	trials	8.0	3573.031911	3574.474909	3577.6890249999997	3577.911827	3572.21134	3576.552503	3578.285	3579.335	1.0	2.0	1.0	1.0					
3583.415	8.335000000000036	trials	8.0	3586.692168	3588.514839	3590.257109	3590.509183	3586.1395119999997	3589.567654			1.0	2.0	0.0	3.0					
3594.651	8.009000000000015	trials	8.0	3596.376485	3598.104278	3600.2118419999997	3600.397353	3591.7786659999997	3598.7454279999997	3600.915	3602.66	1.0	2.0	1.0	1.0					
3605.726	21.243999999999687	trials	8.0	3621.001543	3622.8154529999997	3625.306949	3625.469822	3620.464089	3624.593218	3626.145	3626.97	1.0	2.0	1.0	1.0					
3629.055	14.434999999999945	trials	8.0	3637.937404	3640.128718	3642.1993239999997	3642.644653	3637.4107489999997	3641.2659009999998			1.0	2.0	0.0	3.0					
3645.595	8.411000000000058	trials	8.0	3647.187525	3648.493095	3652.3174	3652.488249	3643.520823	3650.398772	3653.035	3654.006	1.0	2.0	1.0	1.0					
3657.02	9.675000000000182	trials	8.0	3661.5177009999998	3662.750086	3664.9281419999998	3665.052697	3660.559033	3663.955186	3665.58	3666.695	1.0	2.0	1.0	1.0					
3670.79	8.615000000000236	trials	8.0	3673.39741	3675.410911	3677.761171	3677.953375	3672.8221329999997	3676.779454	3678.545	3679.405	1.0	2.0	1.0	1.0					
3683.446	8.898999999999887	trials	8.0	3688.692733	3690.20809	3692.076761	3692.371734	3687.845895	3691.255995			1.0	2.0	0.0	3.0					
3696.502	87.6880000000001	BlockDesign														1.0	225.0	230.0	0.0	0.0
3696.502	5.193000000000211	trials	9.0	3698.2523889999998	3699.412504	3700.2329409999998	3700.6966279999997	3693.3824969999996	3699.438546			1.0	2.0	0.0	3.0					
3703.575	9.230000000000018	trials	9.0	3706.4970249999997	3707.79465	3712.489659	3712.835736	3705.509044	3707.78428			1.0		0.0	2.0					
3713.861	10.719000000000051	trials	9.0	3719.3583089999997	3721.25143	3724.240155	3724.610617	3718.821654	3723.109489			1.0	2.0	0.0	3.0					
3728.61	33.289999999999964	trials	9.0	3756.8325459999996	3757.904251	3760.286377	3760.717956	3756.060062	3759.347379			1.0	1.0	0.0	3.0					
3764.63	6.005000000000109	trials	9.0	3766.48667	3768.119158	3770.243211	3770.6420009999997	3761.9297829999996	3769.4833179999996			1.0	2.0	0.0	3.0					
3774.705	9.485000000000127	trials	9.0	3780.469235	3781.801598	3784.114855	3784.595048	3779.94146	3783.331741			1.0	1.0	0.0	3.0					
3786.535	313.5600000000004	BlockDesign														1.0	231.0	251.0	50.0	90.0
3786.535	10.615000000000236	trials	10.0	3792.80821	3794.352892	3796.768282	3796.999464	3791.8903929999997	3795.7793119999997			1.0	1.0	0.0	3.0					
3801.156	29.773999999999887	trials	10.0	3824.5427259999997	3825.5846	3829.1595549999997	3829.4968259999996	3823.9296209999998	3827.125929	3821.32	3830.93	1.0	2.0	1.0	1.0					
3834.016	15.853999999999814	trials	10.0	3844.4176049999996	3845.886166	3848.1906759999997	3848.4175769999997	3843.507397	3846.999952	3848.9	3849.87	1.0	2.0	1.0	1.0					
3851.954	11.410999999999603	trials	10.0	3858.594508	3860.205837	3861.719468	3861.873823	3857.740782	3861.1436409999997	3862.325	3863.365	1.0	2.0	1.0	1.0					
3867.396	9.223999999999705	trials	10.0	3871.2512829999996	3872.8156169999997	3875.45781	3875.655052	3870.314802	3874.271815			1.0	2.0	1.0	1.0					
3879.016	14.213999999999942	trials	10.0	3887.9030319999997	3889.2848839999997	3891.409972	3891.677173	3887.185924	3890.5337339999996	3892.186	3893.23	1.0	2.0	1.0	1.0					
3895.25	10.269999999999982	trials	10.0	3900.588007	3902.768728	3903.684666	3904.0293869999996	3899.7186149999998	3903.101287	3904.525	3905.52	1.0	2.0	1.0	1.0					
3908.605	7.585000000000036	trials	10.0	3911.782981	3913.377013	3915.028099	3915.214548	3910.788805	3913.941454			1.0	2.0	1.0	1.0					
3920.591	17.69399999999996	trials	10.0	3934.098739	3935.879727	3937.000619	3937.426134	3933.173402	3936.405691			1.0	2.0	0.0	3.0					
3941.331	7.644999999999982	trials	10.0	3943.2941579999997	3945.3203129999997	3947.060502	3947.263595	3938.317258	3945.727282	3947.79	3948.976	1.0	1.0	1.0	1.0					
3951.061	12.228999999999814	trials	10.0	3958.34969	3959.705113	3961.4950179999996	3961.6903079999997	3957.381955	3960.6017199999997	3962.29	3963.29	1.0	1.0	1.0	1.0					
3966.311	12.298999999999978	trials	10.0	3971.5642989999997	3973.539394	3975.360083	3975.487697	3970.948888	3974.624086			1.0	1.0	0.0	3.0					
3978.751	7.2289999999998145	trials	10.0	3980.583541	3981.8086059999996	3984.333466	3984.6230379999997	3978.845647	3983.4755			1.0	2.0	0.0	3.0					
3988.665	7.585000000000036	trials	10.0	3990.609735	3992.520864	3994.562331	3994.6937709999997	3986.010502	3993.028464	3995.46	3996.25	1.0	1.0	1.0	1.0					
4000.316	9.359000000000378	trials	10.0	4004.097045	4005.75375	4008.008059	4008.195961	4003.55257	4007.156478	4008.615	4009.675	1.0	2.0	1.0	1.0					
4012.726	9.118999999999687	trials	10.0	4015.759998	4017.430966	4020.183133	4020.359395	4015.1088609999997	4019.4013809999997	4020.84	4021.845	1.0	2.0	1.0	1.0					
4024.925	9.2199999999998	trials	10.0	4028.9255009999997	4030.879546	4032.438879	4032.615726	4028.321135	4031.49138	4033.065	4034.145	1.0	2.0	1.0	1.0					
4036.17	12.829999999999927	trials	10.0	4043.394176	4045.1205179999997	4047.3559379999997	4047.55862	4042.6003499999997	4046.2991439999996	4048.076	4049.0	1.0	2.0	1.0	1.0					
4053.066	10.884000000000015	trials	10.0	4058.918655	4060.222072	4062.885478	4063.154725	4058.263899	4062.256332			1.0	2.0	1.0	1.0					
4067.546	18.528999999999996	trials	10.0	4076.5336239999997	4077.722014	4080.6816989999998	4080.875035	4075.8610679999997	4079.963277	4069.385	4086.075	1.0	2.0	1.0	1.0					
4090.162	9.933000000000447	trials	10.0	4094.958714	4096.415328	4098.134446	4098.353673	4094.4474849999997	4097.048954	4091.195	4100.095	1.0	2.0	1.0	1.0					
4102.142	959.2489999999998	BlockDesign														1.0	252.0	311.0	50.0	10.0
4102.142	13.864999999999782	trials	11.0	4110.569245	4112.084078	4114.538619999999	4114.774398	4110.0414	4113.605735			1.0	2.0	0.0	3.0					
4117.018	7.8729999999995925	trials	11.0	4118.845902	4120.217737	4122.712191	4123.013338	4116.0346979999995	4121.608239			1.0	1.0	0.0	3.0					
4125.186	11.173999999999978	trials	11.0	4126.926093	4128.19473	4134.187699	4134.375277	4124.922633	4130.052588	4134.965	4136.36	1.0	1.0	1.0	1.0					
4138.49	11.215000000000146	trials	11.0	4144.934506	4146.077356	4148.25942	4148.565576999999	4143.946276	4147.516498			1.0	2.0	0.0	3.0					
4150.701	8.269000000000233	trials	11.0	4152.17603	4153.341286	4157.153883999999	4157.305743	4149.7349429999995	4155.832779			1.0	1.0	0.0	3.0					
4160.535	5.114999999999782	trials	11.0	4162.439536	4163.585686	4165.258815	4165.651957	4158.999073	4164.6025979999995			1.0	2.0	0.0	3.0					
4169.706	10.80999999999949	trials	11.0	4173.619501	4174.976445	4177.632491	4177.84549	4172.776075	4176.559499999999			1.0	2.0	0.0	3.0					
4180.946	27.96900000000005	trials	11.0	4204.984369	4206.565902	4208.53632	4208.858815	4204.31176	4207.488929			1.0	1.0	0.0	3.0					
4212.925	7.194999999999709	trials	11.0	4215.449703	4216.8705549999995	4219.678311	4220.089214	4214.833578	4219.151404			1.0	2.0	0.0	3.0					
4223.115	12.295000000000073	trials	11.0	4231.729756	4233.252487	4235.037087	4235.402764	4231.139214	4233.95254			1.0	2.0	0.0	3.0					
4238.415	17.625	trials	11.0	4250.543208	4251.921505	4254.237985	4254.410964	4249.899646	4253.571759	4254.936	4256.04	1.0	1.0	1.0	1.0					
4259.126	8.974999999999454	trials	11.0	4265.165616	4266.39207	4267.722766	4268.133625	4264.462651	4267.0786929999995			1.0	1.0	0.0	3.0					
4272.115	26.965000000000146	trials	11.0	4293.159858999999	4295.111681	4297.192249	4297.396858	4292.540319	4296.535245	4298.01	4299.08	1.0	1.0	1.0	1.0					
4301.165	11.88000000000011	trials	11.0	4308.668217	4310.560386	4311.748213	4311.993199	4307.855015	4311.066604			1.0	1.0	0.0	3.0					
4316.157	6.094000000000051	trials	11.0	4318.07482	4319.678043	4321.831591	4322.243752	4313.079049	4320.373614			1.0	2.0	0.0	3.0					
4325.288	17.222000000000662	trials	11.0	4338.355503	4339.921084	4342.148137	4342.50354	4337.528166	4341.479918999999			1.0	2.0	0.0	3.0					
4345.533	16.66699999999946	trials	11.0	4357.8951099999995	4359.27024	4361.807475	4362.176192999999	4356.902997	4361.005459			1.0	1.0	0.0	3.0					
4366.206	33.01999999999953	trials	11.0	4394.376216	4395.732304	4397.369388	4397.52715	4393.730874	4396.708113	4397.97	4399.226	1.0	1.0	1.0	1.0					
4401.266	15.423999999999978	trials	11.0	4411.176643	4412.939373	4414.763122	4415.123421	4410.189151	4414.118343	4415.57	4416.69	1.0	2.0	1.0	1.0					
4419.72	11.449999999999818	trials	11.0	4423.830129	4425.723497999999	4427.002693	4427.558871	4423.263871	4426.117484			1.0	2.0	0.0	3.0					
4431.397	6.882999999999811	trials	11.0	4433.355625	4434.906069	4437.136788	4437.524314	4431.202525	4436.088025			1.0	1.0	0.0	3.0					
4439.605	5.911000000000058	trials	11.0	4441.585471	4443.612313	4444.8783189999995	4445.549277	4438.314684999999	4444.182913			1.0	2.0	0.0	3.0					
4447.22	12.039999999999964	trials	11.0	4454.410503	4456.0804259999995	4458.113633999999	4458.302481	4453.50792	4457.047641			1.0	1.0	1.0	1.0					
4461.734	10.560999999999694	trials	11.0	4468.886922	4470.553419	4471.985779	4472.207469	4468.017965999999	4471.0491759999995			1.0	2.0	0.0	3.0					
4475.305	9.18499999999949	trials	11.0	4481.221986	4482.430812	4484.120957	4484.364864	4480.563853	4483.508691999999			1.0	1.0	0.0	3.0					
4488.535	7.954999999999927	trials	11.0	4491.640965	4493.207671	4495.181026	4495.528375	4490.923678	4494.42625			1.0	2.0	0.0	3.0					
4499.596	27.215000000000146	trials	11.0	4521.205866	4522.954744	4525.003081	4525.196413	4520.585227	4523.558344	4525.69	4526.811	1.0	1.0	1.0	1.0					
4529.83	34.60599999999977	trials	11.0	4559.440813	4561.049347	4562.592621	4562.837146	4558.891516	4561.932721	4563.311	4564.436	1.0	1.0	1.0	1.0					
4567.516	33.27400000000034	trials	11.0	4593.262365	4595.263074	4596.517486	4596.9474279999995	4592.587906	4595.812524999999			1.0	1.0	0.0	3.0					
4600.876	7.673999999999978	trials	11.0	4606.561306	4606.57339			4605.62407						0.0	2.0					
4610.631	15.753999999999905	trials	11.0	4618.069045	4619.726793	4624.925502	4625.692048	4617.062655	4620.896175			1.0	2.0	0.0	3.0					
4628.315	11.070000000000618	trials	11.0	4630.044895	4631.805639	4637.834688	4638.331705	4626.419823	4632.634608			1.0	1.0	0.0	3.0					
4640.161	17.838999999999942	trials	11.0	4641.927618	4643.282709	4657.644661	4658.031715	4641.309295	4645.437318			1.0	2.0	0.0	3.0					
4662.01	18.889999999999418	trials	11.0	4675.302544	4677.234337	4679.085571	4679.247229	4674.34018	4677.379116	4679.82	4680.9	1.0	1.0	1.0	1.0					
4682.936	10.199000000000524	trials	11.0	4688.512918	4690.123191	4691.304741	4691.407282	4687.522855	4690.655482	4691.97	4693.135	1.0	1.0	1.0	1.0					
4697.157	9.268000000000029	trials	11.0	4700.966109	4702.460145999999	4704.083893	4704.285671	4700.434947	4703.449354			1.0	1.0	0.0	3.0					
4708.41	9.590000000000146	trials	11.0	4710.036239999999	4711.917141	4714.1943329999995	4714.458982	4706.460271	4713.376665			1.0	1.0	0.0	3.0					
4718.577	5.8530000000000655	trials	11.0	4720.146955	4722.240283	4723.922295	4724.463655	4718.031283	4722.88098			1.0	2.0	0.0	3.0					
4727.354	31.886999999999716	trials	11.0	4753.47694	4755.228078	4757.056114	4757.489839	4752.624366	4755.718642			1.0	2.0	0.0	3.0					
4759.37	22.045000000000073	trials	11.0	4774.732276	4776.529063	4779.462109	4779.634087	4774.081254	4778.764533	4780.121	4781.415	1.0	1.0	1.0	1.0					
4783.44	12.951000000000022	trials	11.0	4792.461589	4793.626813	4795.25569	4795.445329	4791.735208	4794.608197			1.0	1.0	1.0	1.0					
4799.8	10.974999999999454	trials	11.0	4805.9284959999995	4807.282064999999	4808.842014	4809.136656	4805.104426	4808.041041			1.0	2.0	0.0	3.0					
4812.21	12.164999999999964	trials	11.0	4819.767191999999	4821.400713	4822.534657	4822.699756	4818.797915	4821.910177	4823.285	4824.375	1.0	1.0	1.0	1.0					
4827.505	12.376999999999498	trials	11.0	4836.402083999999	4838.316349	4839.416455	4839.913786	4835.436307	4838.8050029999995			1.0	2.0	0.0	3.0					
4842.815	27.390000000000327	trials	11.0	4865.006836	4866.538558	4868.063787	4868.343525	4864.02636	4867.447135	4870.055	4870.205	1.0	1.0	1.0	1.0					
4872.83	11.25500000000011	trials	11.0	4879.921641	4881.7154009999995	4882.652604999999	4882.861729	4879.085113	4881.924481			1.0	1.0	0.0	3.0					
4885.032	7.653999999999542	trials	11.0	4886.727714	4888.136956	4890.855339	4891.108899	4884.119857	4889.783302	4891.533	4892.686	1.0	1.0	1.0	1.0					
4896.7	8.36999999999989	trials	11.0	4900.777317	4902.186423	4903.639387	4903.87246	4899.968271	4902.951472			1.0	1.0	0.0	3.0					
4906.97	10.71599999999944	trials	11.0	4908.592113	4910.093667	4913.030056	4913.132677	4905.103059	4912.169007	4913.606	4917.686	1.0	1.0	1.0	1.0					
4921.83	11.19000000000051	trials	11.0	4927.612141	4929.475053	4931.187157	4931.364694	4926.837109	4930.304941			1.0	1.0	0.0	3.0					
4935.595	6.295999999999367	trials	11.0	4937.421886	4939.371424	4940.430654	4941.108184	4933.055969999999	4939.630281			1.0	2.0	0.0	3.0					
4942.872	7.112999999999374	trials	11.0	4944.817485	4946.279494	4948.006912	4948.202993999999	4944.264837	4946.966749	4948.72	4949.985	1.0	1.0	1.0	1.0					
4952.075	12.52599999999984	trials	11.0	4959.417205	4960.529193	4962.824563	4962.966702	4958.652583	4961.730326	4963.476	4964.601	1.0	1.0	1.0	1.0					
4968.686	9.668999999999869	trials	11.0	4972.602546	4974.589128	4976.463102	4976.638588	4971.891755	4975.551791	4977.11	4978.355	1.0	1.0	1.0	1.0					
4982.511	11.558999999999287	trials	11.0	4988.627088	4990.26639	4992.216295	4992.412804	4987.895215	4991.389611	4992.925	4994.07	1.0	1.0	1.0	1.0					
4997.159	11.942000000000007	trials	11.0	5004.7522659999995	5006.692206	5008.77729	5008.90245	5004.14553	5008.171414			1.0	1.0	0.0	3.0					
5011.178	13.231999999999971	trials	11.0	5019.8635859999995	5020.966029	5023.15137	5023.396402	5018.965593999999	5021.785908			1.0	1.0	0.0	3.0					
5027.525	6.855000000000473	trials	11.0	5029.467318999999	5030.495253	5032.600596	5032.969609	5024.443074	5031.15177			1.0	2.0	0.0	3.0					
5035.985	6.576000000000022	trials	11.0	5037.922465	5039.119309	5042.371471	5042.594149	5034.416705	5039.10829			1.0		0.0	2.0					
5044.105	17.286000000000058	trials	11.0	5056.14817	5058.079847999999	5059.498821	5059.67128	5055.434874	5058.900356	5060.175	5061.391	1.0	1.0	1.0	1.0					
5063.439	459.52099999999973	BlockDesign														1.0	312.0	331.0	50.0	0.0
5063.439	9.911999999999352	trials	12.0	5069.252485	5070.427986	5072.0248	5072.288472	5068.277163	5071.4107			2.0	1.0	0.0	3.0					
5074.476	8.609000000000378	trials	12.0	5076.212579999999	5077.724805	5081.347545	5081.523816	5073.3832569999995	5080.598497	5082.095	5083.085	2.0	1.0	1.0	1.0					
5086.206	9.698999999999614	trials	12.0	5091.007587	5092.094137	5093.944006	5094.181791	5090.065245	5093.283364	5094.585	5095.905	2.0	1.0	1.0	1.0					
5099.938	25.89099999999962	trials	12.0	5122.39352	5123.74921	5125.40086	5125.641145	5121.418264	5124.475209			2.0	1.0	0.0	3.0					
5128.865	89.50300000000061	trials	12.0	5215.483706	5216.70305	5217.950683	5218.402998	5214.752295	5217.360078			2.0	1.0	0.0	3.0					
5220.315	12.455000000000837	trials	12.0	5228.007992999999	5229.655884	5230.902235	5231.08123	5227.105002	5230.2653709999995			2.0	1.0	0.0	3.0					
5233.28	6.635000000000218	trials	12.0	5235.047898999999	5236.494353	5238.1111280000005	5238.275866	5232.807409	5237.21666	5238.815	5239.915	2.0	1.0	1.0	1.0					
5244.02	11.394999999999527	trials	12.0	5250.658594	5252.160193	5253.325432	5253.500844	5249.65373	5252.674266	5254.21	5255.415	2.0	1.0	1.0	1.0					
5257.535	18.145000000000437	trials	12.0	5271.055308999999	5272.352395	5273.747722	5273.951426	5270.057194	5273.039986	5274.535	5275.68	2.0	1.0	1.0	1.0					
5279.726	10.929000000000087	trials	12.0	5285.654281	5287.603311	5288.903480999999	5289.008092	5284.78453	5288.162213	5289.66	5290.655	2.0	1.0	1.0	1.0					
5293.806	14.859000000000378	trials	12.0	5305.1538550000005	5307.175322	5308.295425	5308.5161530000005	5304.389304	5307.632804999999			2.0	1.0	0.0	3.0					
5310.744	32.84100000000035	trials	12.0	5340.583488	5341.960327	5343.270939	5343.507138999999	5339.917444	5342.698186			2.0	1.0	0.0	3.0					
5346.645	11.159999999999854	trials	12.0	5354.04375	5355.967906	5357.475891	5357.77575	5353.507656	5356.821707			2.0	1.0	0.0	3.0					
5359.889	70.42599999999948	trials	12.0	5425.725463	5427.416824	5428.517962	5428.6880679999995	5424.899797	5427.766138	5429.17	5430.315	2.0	1.0	1.0	1.0					
5432.414	18.365999999999985	trials	12.0	5446.305592	5447.68845	5448.832069	5449.040019	5445.313792	5448.097522	5449.63	5450.78	2.0	1.0	1.0	1.0					
5454.796	11.713999999999942	trials	12.0	5462.77448	5464.682617	5466.185167	5466.513457	5462.100549999999	5465.431299			2.0	2.0	0.0	3.0					
5468.585	13.74499999999989	trials	12.0	5478.369423	5480.0429810000005	5481.253771	5481.436522	5477.790643	5480.585653			2.0	1.0	1.0	1.0					
5486.86	8.954999999999927	trials	12.0	5492.588315999999	5494.168684	5495.407341	5495.824891	5491.764875999999	5494.740583			2.0	1.0	0.0	3.0					
5498.745	11.659999999999854	trials	12.0	5507.519748	5509.006056	5509.995704999999	5510.153487	5506.772962	5509.320508			2.0	1.0	0.0	3.0					
5512.461	10.498999999999796	trials	12.0	5518.074589	5519.823033	5520.914892999999	5521.082827	5517.239508	5520.315439	5521.601	5522.96	2.0	1.0	1.0	1.0					
5525.13	374.2449999999999	BlockDesign														1.0	332.0	351.0	0.0	50.0
5525.13	11.295000000000073	trials	13.0	5533.14505	5535.146298	5536.036461	5536.346593	5532.163468	5535.397629			3.0	2.0	0.0	3.0					
5539.512	12.363000000000284	trials	13.0	5548.370022	5550.366986	5551.402645	5551.843975	5547.4404159999995	5550.637396			3.0	2.0	0.0	3.0					
5553.791	12.394999999999527	trials	13.0	5560.219756	5562.286123	5564.075607	5564.450118	5559.457338	5563.018158	5564.77	5566.186	3.0	2.0	1.0	1.0					
5570.24	8.534999999999854	trials	13.0	5574.049657	5575.615669	5576.791063	5577.041074	5573.530591	5576.267979	5577.601	5578.775	3.0	2.0	1.0	1.0					
5581.91	14.072000000000116	trials	13.0	5592.219294	5593.516087	5595.563152	5596.0017960000005	5591.299725999999	5594.670859			3.0	2.0	0.0	3.0					
5597.976	13.199000000000524	trials	13.0	5607.664876	5609.607518999999	5610.795357999999	5611.084767	5606.8007450000005	5610.260208			3.0	2.0	0.0	3.0					
5613.186	8.304000000000087	trials	13.0	5615.785347	5617.883485	5619.467223	5619.767839	5614.837095	5618.599278	5620.119	5621.49	3.0	2.0	1.0	1.0					
5625.532	62.792999999999665	trials	13.0	5683.165027	5685.081463	5686.306146999999	5686.594383	5682.594986	5685.764143	5687.07	5688.325	3.0	2.0	1.0	1.0					
5690.345	10.460000000000036	trials	13.0	5696.810966	5698.234243	5699.276626	5699.785791	5695.831881	5698.678263			3.0	2.0	0.0	3.0					
5701.61	13.280999999999949	trials	13.0	5711.750496	5713.835931	5714.586798	5714.880018	5710.910766999999	5714.046714			3.0	2.0	0.0	3.0					
5717.91	14.65099999999984	trials	13.0	5727.700824	5729.6835630000005	5730.5899	5730.847524	5726.875167	5729.973083999999	5731.24	5732.561	3.0	2.0	1.0	1.0					
5736.645	7.930999999999585	trials	13.0	5740.020726	5741.728621	5742.455728	5742.6948489999995	5739.0216629999995	5741.94021	5743.055	5744.576	3.0	2.0	1.0	1.0					
5746.59	12.359999999999673	trials	13.0	5754.33094	5755.922229	5756.709658	5757.073268	5753.7287049999995	5756.167696	5757.355	5758.95	3.0	2.0	1.0	1.0					
5760.97	9.444999999999709	trials	13.0	5767.566143	5768.702361	5770.043632	5770.390771	5766.757172	5769.398212			3.0	2.0	0.0	3.0					
5774.425	9.074999999999818	trials	13.0	5778.420312	5780.121951	5781.43884	5781.687529	5777.647584	5780.821695000001	5782.11	5783.5	3.0	2.0	1.0	1.0					
5786.564	18.21599999999944	trials	13.0	5800.21068	5801.811592	5802.94459	5803.281548999999	5799.352855	5801.967506999999			3.0	2.0	0.0	3.0					
5806.333	7.512000000000626	trials	13.0	5809.175605	5810.646022	5812.027335999999	5812.343971	5808.233473	5811.379871			3.0	2.0	0.0	3.0					
5816.36	60.115999999999985	trials	13.0	5872.205884	5873.906131	5875.208479	5875.964121999999	5871.328633	5873.919808			3.0	1.0	0.0	3.0					
5877.601	6.164999999999964	trials	13.0	5879.436769	5880.698184	5883.4541229999995	5883.748962	5876.515488999999	5882.068324			3.0	1.0	0.0	3.0					
5885.844	13.530999999999949	trials	13.0	5894.142664	5895.826918	5897.32338	5897.675895	5893.464547	5896.736299	5897.976	5899.375	3.0	2.0	1.0	1.0					
5901.395	878.5049999999992	BlockDesign														1.0	352.0	392.0	50.0	50.0
5901.395	14.25	trials	14.0	5911.441638	5912.632641	5913.609146999999	5913.8668959999995	5910.645613	5913.081141	5914.26	5915.645	3.0	2.0	1.0	1.0					
5919.67	7.970999999999549	trials	14.0	5924.50131	5925.998965	5927.275181999999	5927.643894	5923.787555999999	5926.635158			2.0	1.0	0.0	3.0					
5929.651	11.389000000000124	trials	14.0	5935.470816999999	5936.653687	5939.051821	5939.295703	5934.855906	5938.381875	5939.891	5941.04	2.0	1.0	1.0	1.0					
5945.101	9.429000000000087	trials	14.0	5949.9612130000005	5951.685232	5952.701503	5952.843491	5949.240164999999	5952.041379	5953.445	5954.53	2.0	1.0	1.0	1.0					
5957.547	11.438000000000102	trials	14.0	5966.206477	5967.423264999999	5968.6021550000005	5968.797984	5965.611269999999	5967.953959			2.0	1.0	0.0	3.0					
5971.995	14.4350000000004	trials	14.0	5982.808156	5983.993363	5984.775122	5985.190858	5981.9180830000005	5984.262828999999			3.0	2.0	0.0	3.0					
5987.102	11.168000000000575	trials	14.0	5995.3083129999995	5996.824812999999	5997.898843	5998.310721	5994.430636	5997.285403			3.0	1.0	0.0	3.0					
6001.226	13.429000000000087	trials	14.0	6010.041448	6011.3827120000005	6012.455053	6012.895698	6009.439377	6011.905986	6013.05	6014.655	3.0	2.0	1.0	1.0					
6016.696	11.239999999999782	trials	14.0	6024.768231	6026.328562	6027.550289999999	6027.685488	6023.913612	6026.8848450000005			2.0	1.0	0.0	3.0					
6031.942	109.69899999999961	trials	14.0	6138.570261	6140.260576	6141.3053709999995	6141.581276	6137.727250999999	6140.724085			3.0	2.0	0.0	3.0					
6143.718	36.67700000000059	trials	14.0	6175.695379999999	6176.822104	6178.345378999999	6178.715703999999	6174.753377	6177.648467999999	6178.959	6180.395	3.0	2.0	1.0	1.0					
6183.478	17.386999999999716	trials	14.0	6196.622458	6197.763328999999	6198.977064	6199.104224999999	6195.670290999999	6198.334513	6199.67	6200.865	2.0	1.0	1.0	1.0					
6204.005	10.644999999999527	trials	14.0	6211.185708999999	6212.842468999999	6214.328716999999	6214.551772999999	6210.187934	6213.561342999999			2.0	1.0	0.0	3.0					
6217.66	14.170000000000073	trials	14.0	6227.680461999999	6229.588336	6230.616556	6231.203476	6226.899399999999	6230.042530999999			3.0	2.0	0.0	3.0					
6235.095	58.07999999999993	trials	14.0	6288.655393999999	6290.329261	6291.280967	6291.452055999999	6288.033498	6290.676371	6292.025	6293.175	2.0	1.0	1.0	1.0					
6295.266	12.606999999999971	trials	14.0	6304.55585	6305.7423499999995	6307.4534029999995	6307.831553	6303.982459999999	6306.779095			3.0	1.0	0.0	3.0					
6310.865	30.43000000000029	trials	14.0	6336.725713	6338.024401	6339.4114549999995	6339.569011	6335.916719	6338.758887999999	6340.016	6341.295	2.0	1.0	1.0	1.0					
6344.32	12.180000000000291	trials	14.0	6351.546275	6353.496494999999	6354.513238	6354.69856	6350.731801999999	6353.829841	6355.311	6356.5	2.0	1.0	1.0	1.0					
6360.57	8.115999999999985	trials	14.0	6365.316344	6366.334468999999	6368.359348	6368.535073999999	6364.557822999999	6367.75706			2.0	1.0	0.0	3.0					
6371.755	24.3149999999996	trials	14.0	6391.372869	6392.523799	6393.977677999999	6394.353298	6390.608007999999	6393.340005999999	6394.63	6396.07	3.0	2.0	1.0	1.0					
6400.166	7.373999999999796	trials	14.0	6404.873264	6406.161615	6407.192599999999	6407.386036	6403.983316999999	6406.562674			2.0	1.0	0.0	3.0					
6409.619	12.306000000000495	trials	14.0	6417.458337	6419.433244999999	6420.708677	6421.194007	6416.888011999999	6420.057444			3.0	2.0	1.0	1.0					
6424.41	15.039999999999964	trials	14.0	6434.851715	6436.528738999999	6438.1182739999995	6439.470493999999	6434.192964999999	6437.130845			3.0	2.0	0.0	3.0					
6440.525	10.045000000000073	trials	14.0	6444.167001	6445.737961	6447.508599999999	6448.4668329999995	6443.504892999999	6446.75846			3.0	2.0	0.0	3.0					
6451.91	8.215000000000146	trials	14.0	6456.936382999999	6458.64347	6459.72887	6460.135823	6455.962385999999	6459.134437			3.0	2.0	0.0	3.0					
6463.135	37.04500000000007	trials	14.0	6494.926780999999	6496.840399999999	6497.782848999999	6498.0388809999995	6494.3044469999995	6497.121005	6498.516	6500.18	2.0	1.0	1.0	1.0					
6503.21	16.715000000000146	trials	14.0	6517.021968999999	6518.157182999999	6519.583654999999	6519.945403	6516.15503	6518.976318999999			3.0	1.0	0.0	3.0					
6521.915	20.585000000000036	trials	14.0	6538.047466	6539.664089	6540.464744	6540.602956999999	6537.280537	6539.865898	6541.2	6542.5	2.0	1.0	1.0	1.0					
6544.55	10.789999999999964	trials	14.0	6551.906696	6553.48874	6555.0094149999995	6555.307744	6550.948549	6554.325836999999			3.0	1.0	0.0	3.0					
6558.41	18.295000000000073	trials	14.0	6572.366556999999	6574.4109499999995	6575.6338	6575.988335	6571.814316999999	6574.941658			3.0	2.0	1.0	1.0					
6579.242	19.747999999999593	trials	14.0	6596.326907	6597.584863	6598.61561	6598.855450999999	6595.6209069999995	6598.001791999999			2.0	1.0	0.0	3.0					
6603.035	9.02599999999984	trials	14.0	6607.521986	6609.4165729999995	6610.651470999999	6610.852639	6606.584417	6609.980804999999			2.0	1.0	0.0	3.0					
6614.101	6.789999999999964	trials	14.0	6616.026994	6617.523663999999	6619.232953	6619.818788	6612.076650999999	6618.281704999999			3.0	2.0	0.0	3.0					
6621.675	6.399999999999636	trials	14.0	6623.538817	6624.094572999999			6620.908254999999	6624.089266999999			3.0		0.0	2.0					
6628.101	12.65900000000056	trials	14.0	6637.197107	6639.019106	6640.200226999999	6640.777031	6636.485333	6639.677197999999			2.0	2.0	0.0	3.0					
6644.58	27.73999999999978	trials	14.0	6667.627973	6669.005056999999	6670.349764	6670.508255999999	6667.061065	6669.682446999999	6671.186	6672.32	2.0	1.0	1.0	1.0					
6675.34	10.11999999999989	trials	14.0	6682.107254	6683.616526	6685.071445	6685.357161999999	6681.498874999999	6684.459142			2.0	1.0	0.0	3.0					
6687.47	43.80499999999938	trials	14.0	6728.608112	6729.689794	6730.931098999999	6731.119140999999	6727.824715999999	6730.309085999999			2.0	1.0	0.0	3.0					
6734.285	18.69499999999971	trials	14.0	6747.338135999999	6748.714696999999	6750.740814999999	6751.05063	6746.599099999999	6750.171162	6751.476	6752.98	3.0	2.0	1.0	1.0					
6757.005	12.034999999999854	trials	14.0	6763.834609	6765.783415999999	6766.888986999999	6767.053613	6763.010407	6766.377541999999	6767.545	6769.04	3.0	2.0	1.0	1.0					
6771.056	8.844000000000051	trials	14.0	6776.907698999999	6778.304792	6779.8018489999995	6780.299048	6775.943716999999	6779.126230999999			3.0	2.0	0.0	3.0					
6784.28	66.16499999999996	BlockDesign														1.0	393.0	397.0	0.0	0.0
6784.28	8.180000000000291	trials	15.0	6788.298124999999	6789.495131	6790.791628999999	6791.184198999999	6787.289951	6790.065925			2.0	1.0	0.0	3.0					
6795.28	7.525000000000546	trials	15.0	6797.223319999999	6798.991231999999	6800.742372999999	6800.933102	6792.479883	6799.554598			2.0	1.0	0.0	3.0					
6805.101	6.15900000000056	trials	15.0	6807.09354	6808.954228	6810.8646499999995	6811.061326999999	6802.8233979999995	6810.143233999999			2.0	1.0	0.0	3.0					
6814.27	9.705999999999221	trials	15.0	6816.532807	6817.731191999999	6821.256963999999	6821.681143999999	6815.605331	6819.924929			2.0	1.0	0.0	3.0					
6825.673	24.771999999999935	trials	15.0	6846.863377	6848.867577	6850.2966559999995	6850.708049	6846.002963	6849.484957			2.0	1.0	0.0	3.0					
6854.726	142.14600000000064	BlockDesign														1.0	398.0	402.0	0.0	0.0
6854.726	38.60400000000027	trials	16.0	6890.113982	6891.324930999999	6892.718403	6893.34944	6889.258841	6892.027609999999			3.0	2.0	0.0	3.0					
6897.096	22.28400000000056	trials	16.0	6916.213793	6918.010625	6918.629233	6919.401051999999	6915.483655	6918.0533829999995			3.0	2.0	0.0	3.0					
6921.99	49.19599999999991	trials	16.0	6968.218940999999	6969.55178	6970.69957	6971.181337999999	6967.319925999999	6970.041209999999			3.0	2.0	0.0	3.0					
6976.145	6.904999999999745	trials	16.0	6979.353572	6981.445408	6982.506922	6983.072865	6978.597943999999	6981.905554			3.0	2.0	0.0	3.0					
6986.86	10.012000000000626	trials	16.0	6993.06881	6994.645210999999	6996.736714	6997.244666	6992.201536	6996.017593			3.0	2.0	0.0	3.0					
7000.145	1029.6399999999994	BlockDesign														1.0	403.0	448.0	50.0	50.0
7000.145	9.165999999999258	trials	17.0	7002.863445	7004.9448569999995	7007.124481	7007.350547	7002.021599	7006.027136	7007.815	7009.311	3.0	2.0	1.0	1.0					
7011.33	14.664999999999964	trials	17.0	7020.033826999999	7022.032004	7023.83137	7024.030795	7019.432325999999	7023.095305	7024.505	7025.995	2.0	1.0	1.0	1.0					
7030.032	12.51299999999992	trials	17.0	7038.474125999999	7040.180971999999	7042.008419	7042.5642259999995	7037.521723999999	7041.243829999999			3.0	2.0	0.0	3.0					
7046.42	54.38500000000022	trials	17.0	7095.634872	7097.5055489999995	7098.745564	7099.207668999999	7095.053378	7098.028186			3.0	2.0	0.0	3.0					
7101.09	16.649999999999636	trials	17.0	7112.930590999999	7114.159043	7115.398448	7115.739855999999	7112.051173	7114.737537	7116.16	7117.74	2.0	1.0	1.0	1.0					
7120.766	13.103000000000065	trials	17.0	7129.869186999999	7131.526091	7133.392296999999	7133.857411	7129.068652999999	7132.738120999999			2.0	1.0	0.0	3.0					
7135.801	13.299999999999272	trials	17.0	7142.929829	7144.216267999999	7147.076193999999	7147.388864	7141.963615999999	7146.364372999999			2.0	1.0	0.0	3.0					
7150.475	6.819999999999709	trials	17.0	7152.094504999999	7153.172364			7149.125215	7153.16461			3.0		0.0	2.0					
7159.22	7.819999999999709	trials	17.0	7161.939517999999	7162.406195	7166.925169	7167.0626409999995	7160.9577469999995	7162.402991			3.0		0.0	2.0					
7167.481	17.034999999999854	trials	17.0	7179.774836	7181.22154	7182.717665	7183.120999999999	7179.242015	7182.065844999999			2.0	1.0	0.0	3.0					
7187.11	24.32000000000062	trials	17.0	7206.614573	7208.35985	7209.447717999999	7209.571878999999	7205.6503999999995	7208.807621	7210.16	7211.43	2.0	1.0	1.0	1.0					
7214.517	10.983000000000175	trials	17.0	7221.944426	7223.114670999999	7225.153045999999	7225.428556999999	7221.312623	7224.547981			2.0	1.0	0.0	3.0					
7227.52	16.107999999999265	trials	17.0	7240.074436999999	7241.841853999999	7243.167487	7243.6499779999995	7239.391675999999	7242.490459			3.0	2.0	0.0	3.0					
7245.551	53.188999999999396	trials	17.0	7293.430283	7295.23179	7296.745932	7296.941860999999	7292.863014	7295.846624	7263.545	7298.74	2.0	1.0	1.0	1.0					
7301.77	10.489999999999782	trials	17.0	7309.16015	7310.901737	7311.761133999999	7312.283579999999	7308.349829	7311.184472999999			3.0	2.0	0.0	3.0					
7314.105	37.720000000000255	trials	17.0	7348.76555	7350.367052	7351.508234	7351.759037	7347.864849	7350.760036			3.0	1.0	0.0	3.0					
7353.835	32.69499999999971	trials	17.0	7383.515765	7384.597685	7386.149253	7386.519082	7382.9507029999995	7385.458681			2.0	1.0	0.0	3.0					
7389.601	38.087000000000444	trials	17.0	7424.770574	7426.003957999999	7427.258575999999	7427.713393	7424.140292	7426.604203			2.0	1.0	0.0	3.0					
7430.65	20.710000000000036	trials	17.0	7446.8459569999995	7447.902203	7449.254143	7449.448981	7446.024159999999	7448.578723	7450.035	7451.36	2.0	1.0	1.0	1.0					
7454.463	23.54399999999987	trials	17.0	7474.685646999999	7475.995562	7477.60208	7478.023255	7473.9736459999995	7476.926643999999			3.0	2.0	0.0	3.0					
7479.936	23.774000000000342	trials	17.0	7498.200390999999	7499.798314	7501.514373999999	7501.8349339999995	7497.535366	7500.782217999999	7502.311	7503.71	3.0	2.0	1.0	1.0					
7507.8	11.0649999999996	trials	17.0	7514.075857	7515.592981	7516.804571	7517.179588999999	7513.383596	7516.149944	7517.395	7518.865	3.0	2.0	1.0	1.0					
7522.95	17.345000000000255	trials	17.0	7536.08084	7537.122323	7538.198431	7538.418987999999	7535.1157299999995	7537.533348999999	7538.905	7540.295	2.0	1.0	1.0	1.0					
7542.313	16.657000000000153	trials	17.0	7555.4908669999995	7557.082356999999	7558.217392	7558.994219	7554.622675999999	7557.492184			3.0	2.0	0.0	3.0					
7560.63	15.664999999999964	trials	17.0	7571.141044	7572.934034	7574.224297999999	7574.500133	7570.5846679999995	7573.551544999999	7574.905	7576.295	3.0	2.0	1.0	1.0					
7579.41	8.770000000000437	trials	17.0	7584.793153999999	7586.223362	7587.667858999999	7588.203661	7584.163968999999	7587.048725			3.0	2.0	0.0	3.0					
7590.075	61.01100000000042	trials	17.0	7648.027415	7649.768456	7650.680047	7651.111292	7647.222094999999	7649.997219999999			2.0	1.0	0.0	3.0					
7653.08	31.725000000000364	trials	17.0	7681.996235	7683.164043999999	7684.2986089999995	7684.830183	7681.284325	7683.681317			2.0	1.0	0.0	3.0					
7688.77	10.569999999999709	trials	17.0	7693.356631999999	7695.3133	7697.296515999999	7697.472089	7692.743844999999	7696.656389	7698.006	7699.34	2.0	1.0	1.0	1.0					
7703.36	13.725000000000364	trials	17.0	7711.956316	7713.712121	7715.017489	7715.337761	7711.036757	7714.372894	7715.76	7717.085	3.0	2.0	1.0	1.0					
7720.17	15.269999999999527	trials	17.0	7730.354138999999	7731.9036129999995	7733.437572	7733.621222	7729.560082999999	7732.799556999999	7734.145	7735.44	2.0	1.0	1.0	1.0					
7738.46	9.819999999999709	trials	17.0	7744.393424	7745.6701219999995	7747.096394	7747.551820999999	7743.584645	7746.19618			3.0	1.0	0.0	3.0					
7749.415	5.800000000000182	trials	17.0	7751.387089	7751.683862			7748.305417	7751.680324999999			3.0		0.0	2.0					
7755.816	7.6340000000000146	trials	17.0	7757.661604999999	7758.748309	7761.489087999999	7761.617662999999	7756.266576999999	7760.280664	7762.17	7763.45	2.0	1.0	1.0	1.0					
7766.531	12.399000000000342	trials	17.0	7775.361926	7777.354294	7778.588839999999	7778.910878	7774.487923999999	7777.810694			3.0	2.0	0.0	3.0					
7783.011	13.729999999999563	trials	17.0	7791.918347	7793.902158999999	7795.437389	7795.855207	7791.329347	7794.712272999999			3.0	1.0	0.0	3.0					
7799.901	7.5590000000001965	trials	17.0	7801.618237	7803.5288869999995	7804.697525	7804.851674	7796.766887	7803.773674			2.0	1.0	0.0	3.0					
7808.104	45.206999999999425	trials	17.0	7850.007587	7851.593444	7852.9796209999995	7853.20022	7849.169593	7852.205461			2.0	1.0	0.0	3.0					
7855.385	17.274999999999636	trials	17.0	7867.378651999999	7869.228977	7870.6687999999995	7870.818208	7866.674507	7870.070608999999	7871.29	7872.66	2.0	1.0	1.0	1.0					
7875.68	14.284999999999854	trials	17.0	7885.2226789999995	7886.484060999999	7887.858399999999	7888.105696999999	7884.433085	7887.280634	7888.53	7889.965	3.0	2.0	1.0	1.0					
7891.991	12.963999999999942	trials	17.0	7901.717621	7903.055585	7904.250673	7904.980318999999	7900.992130999999	7903.65608			3.0	2.0	0.0	3.0					
7906.645	32.10499999999956	trials	17.0	7935.427815999999	7937.430958999999	7938.418320999999	7938.617673999999	7934.577995	7937.842634			2.0	1.0	0.0	3.0					
7940.766	37.92900000000009	trials	17.0	7973.747624	7975.099585999999	7976.781967999999	7976.994658	7973.239102	7976.092188999999	7977.51	7978.695	2.0	1.0	1.0	1.0					
7981.77	12.444999999999709	trials	17.0	7989.754591	7991.144893	7992.121343	7992.574127	7989.198394999999	7991.5382199999995			3.0	2.0	0.0	3.0					
7995.445	20.80500000000029	trials	17.0	8011.112880999999	8012.873962	8014.070280999999	8014.226422	8010.446344	8013.429698	8014.83	8016.25	2.0	1.0	1.0	1.0					
8020.351	9.434000000000196	trials	17.0	8026.742866999999	8028.49078	8029.606003999999	8029.810434999999	8026.099206999999	8028.978053			3.0	1.0	0.0	3.0					
8032.986	403.20899999999983	BlockDesign														1.0	449.0	473.0	10.0	50.0
8032.986	60.1840000000002	trials	18.0	8088.763288	8090.471632	8091.849079	8092.466461	8088.077638	8091.264169			1.0	2.0	0.0	3.0					
8095.27	6.1799999999993815	trials	18.0	8097.178518999999	8099.145071	8100.295032999999	8100.439273999999	8095.6095589999995	8099.377135999999			1.0	2.0	1.0	1.0					
8103.891	10.90900000000056	trials	18.0	8109.868327	8111.827378	8112.875035999999	8113.367897	8109.006847	8112.037388			1.0	2.0	0.0	3.0					
8117.344	4.7409999999999854	trials	18.0	8118.8884339999995	8120.570275	8121.745492999999	8121.829212999999	8114.824753	8120.734234			1.0	1.0	0.0	3.0					
8125.095	6.329999999999927	trials	18.0	8127.108789999999	8128.249769	8129.733021999999	8130.037165	8125.155543999999	8129.03482			1.0	2.0	0.0	3.0					
8133.125	9.260000000000218	trials	18.0	8134.965053	8136.437351	8140.296574999999	8140.420942999999	8131.450542	8136.421356999999			1.0		0.0	2.0					
8142.47	7.7849999999998545	trials	18.0	8144.332855	8145.450102999999			8142.412021	8145.435331			1.0		0.0	2.0					
8151.506	5.653999999999542	trials	18.0	8153.973746	8155.175939			8153.181345999999	8155.164403			1.0		0.0	2.0					
8159.17	5.675000000000182	trials	18.0	8162.629816999999	8162.775505			8161.876848999999	8162.769437			1.0		0.0	2.0					
8166.852	6.523000000000138	trials	18.0	8168.643835999999	8169.760590999999	8171.466606999999	8171.749304999999	8163.411824	8169.898126	8172.126	8173.375	1.0	2.0	1.0	1.0					
8176.395	12.069999999999709	trials	18.0	8183.774072	8185.400582	8186.688862999999	8186.915493999999	8182.871569999999	8186.071062999999	8187.34	8188.465	1.0	2.0	1.0	1.0					
8191.556	10.13000000000011	trials	18.0	8195.198489999999	8196.900596	8198.096436	8198.569578999999	8194.612594	8197.474623999999			1.0	2.0	0.0	3.0					
8202.495	9.645999999998821	trials	18.0	8205.488639	8206.61039	8209.165377	8209.520548	8204.684403	8207.562581			1.0	1.0	0.0	3.0					
8213.625	5.594999999999345	trials	18.0	8215.493896	8217.289502	8218.614984	8219.243416	8212.167817	8217.826519			1.0	2.0	0.0	3.0					
8223.01	15.880999999999403	trials	18.0	8234.358434	8235.842444			8233.655675	8235.834141			1.0		0.0	2.0					
8239.851	88.83899999999994	trials	18.0	8325.361292	8326.657265	8327.70361	8328.715541	8324.692789	8327.155095999999			1.0	2.0	0.0	3.0					
8331.175	14.025000000001455	trials	18.0	8340.278973999999	8342.18643	8343.213117	8343.405642	8339.733081999999	8342.424692	8343.855	8345.2	1.0	2.0	1.0	1.0					
8348.29	10.419999999998254	trials	18.0	8353.550097	8355.524952	8356.759853	8356.932039	8352.771131	8355.952543	8357.476	8358.71	1.0	2.0	1.0	1.0					
8361.755	9.700000000000728	trials	18.0	8367.171347	8368.552801	8369.630803	8369.864279	8366.171392	8369.0173	8370.305	8371.455	1.0	2.0	1.0	1.0					
8375.585	7.595000000001164	trials	18.0	8378.975146	8380.271885	8381.708138	8381.877032	8378.123465	8380.718791			1.0	2.0	0.0	3.0					
8384.065	6.674999999999272	trials	18.0	8385.884667	8387.731162	8389.172186	8389.843738	8384.471019999999	8388.100432			1.0	2.0	0.0	3.0					
8393.505	6.565000000000509	trials	18.0	8395.179775999999	8396.541132999999	8398.396687	8398.553973999999	8390.769538999999	8396.947166			1.0	1.0	0.0	3.0					
8400.78	6.149999999999636	trials	18.0	8402.664395	8403.906316999999	8406.284662999999	8406.958206	8400.096967	8405.295644			1.0	2.0	0.0	3.0					
8408.686	12.47400000000016	trials	18.0	8415.084079	8416.833483999999	8419.282054	8419.378498	8414.349397999998	8417.964898999999	8420.02	8421.16	1.0	1.0	1.0	1.0					
8423.177	13.018000000000029	trials	18.0	8430.855016	8432.514188	8434.360136	8434.591541	8430.207167	8433.530669	8434.99	8436.195	1.0	2.0	1.0	1.0					
8440.22	286.78499999999985	BlockDesign														1.0	474.0	493.0	90.0	50.0
8440.22	12.375	trials	19.0	8445.970202	8447.152936999999	8450.446566999999	8450.962346	8445.34051	8448.51461			1.0	2.0	0.0	3.0					
8453.845	6.805000000000291	trials	19.0	8455.654722	8456.92079	8458.963748	8459.128279	8452.619459	8457.877068	8459.726	8460.65	1.0	1.0	1.0	1.0					
8462.715	11.050999999999476	trials	19.0	8468.489803999999	8469.536378	8471.730601	8471.815057	8467.500984	8470.941305	8472.395	8473.766	1.0	1.0	1.0	1.0					
8475.851	11.923999999999069	trials	19.0	8482.913069	8484.311868	8485.975364	8486.05517	8482.308583999999	8485.25928	8486.715	8487.775	1.0	1.0	1.0	1.0					
8489.795	22.01000000000022	trials	19.0	8507.44482	8508.957024	8510.655262	8510.786926	8506.488841999999	8509.960984			1.0	1.0	1.0	1.0					
8516.227	11.987999999999374	trials	19.0	8523.105011	8524.408641999999	8526.548008	8526.674645	8522.254176999999	8525.484677	8527.141	8528.215	1.0	1.0	1.0	1.0					
8532.305	10.020000000000437	trials	19.0	8537.341425999999	8538.637767	8540.426905	8540.596249999999	8536.74649	8539.629722	8541.275	8542.325	1.0	1.0	1.0	1.0					
8544.412	10.768000000000029	trials	19.0	8549.515900999999	8551.741860999999	8553.456935	8553.549624	8548.813352	8552.569798	8554.02	8555.18	1.0	1.0	1.0	1.0					
8557.27	14.120999999999185	trials	19.0	8566.315548999999	8568.304607	8569.69181	8569.821218	8565.628598	8569.062181	8570.545	8571.391	1.0	1.0	1.0	1.0					
8574.439	13.320999999999913	trials	19.0	8583.507086	8584.677467	8586.589933	8586.780665	8582.678044	8585.757797			1.0	1.0	0.0	3.0					
8589.91	7.575000000000728	trials	19.0	8591.645595999998	8593.733075	8595.608911	8595.872687	8587.785686	8594.569145	8596.36	8597.485	1.0	2.0	1.0	1.0					
8601.55	10.880000000001019	trials	19.0	8607.185694	8608.947236	8610.635621	8610.867774999999	8606.196984999999	8609.426264	8611.34	8612.43	1.0	2.0	1.0	1.0					
8614.45	9.944999999999709	trials	19.0	8619.4954	8621.012714	8622.818896	8623.227359	8618.491934	8622.081116			1.0	2.0	0.0	3.0					
8625.277	9.227999999999156	trials	19.0	8627.245660999999	8628.582583	8632.618037	8632.757805	8624.425434	8630.563702	8633.32	8634.505	1.0	1.0	1.0	1.0					
8638.525	11.140000000001237	trials	19.0	8643.91531	8645.915959	8647.643992	8647.726563	8643.128466999999	8646.782036	8648.33	8649.665	1.0	1.0	1.0	1.0					
8653.395	11.956000000000131	trials	19.0	8660.115955	8662.042131999999	8663.562917	8663.648626999999	8659.360283	8662.867984	8664.21	8665.351	1.0	1.0	1.0	1.0					
8668.41	10.389999999999418	trials	19.0	8673.486001	8674.929023	8677.104014	8677.174082	8672.587415	8676.032131	8677.92	8678.8	1.0	1.0	1.0	1.0					
8681.851	9.088999999999942	trials	19.0	8685.507786999999	8687.052723	8689.171978999999	8689.261435	8684.694573	8688.32088	8689.83	8690.94	1.0	1.0	1.0	1.0					
8694.028	16.816999999999098	trials	19.0	8704.132367	8705.277305	8709.193702999999	8709.240893	8703.526027	8706.710971	8709.93	8710.845	1.0	1.0	1.0	1.0					
8712.966	14.03899999999885	trials	19.0	8721.906221	8723.855854	8725.273277	8725.308646	8721.280783999999	8724.389852	8725.915	8727.005	1.0	1.0	1.0	1.0					
8731.035	51.98999999999978	BlockDesign														1.0	494.0	498.0	0.0	0.0
8731.035	10.329999999999927	trials	20.0	8737.501688	8739.17273	8740.961924	8741.019884	8736.735998	8739.888811			1.0	1.0	0.0	3.0					
8744.45	9.444999999999709	trials	20.0	8746.165615	8747.350649	8750.266266999999	8750.529317	8745.05186	8749.112351			1.0	1.0	0.0	3.0					
8754.61	7.229999999999563	trials	20.0	8756.332311999999	8758.128714999999	8760.264324	8760.588705999999	8753.923047	8759.243897			1.0	2.0	0.0	3.0					
8763.657	7.618000000000393	trials	20.0	8765.272401	8767.285357	8770.945604	8771.077784	8761.866199	8767.403575			1.0	1.0	0.0	3.0					
8775.32	7.704999999999927	trials	20.0	8778.161108	8779.899535999999	8782.965234	8783.521691	8777.567332999999	8781.425975			1.0	2.0	0.0	3.0					
8787.315	544.5119999999988	BlockDesign														1.0	499.0	532.0	50.0	10.0
8787.315	56.850000000000364	trials	21.0	8839.625994999999	8841.200353	8842.791469	8842.986293	8839.088609999999	8842.125076			1.0	1.0	0.0	3.0					
8846.16	5.82799999999952	trials	21.0	8847.776828	8849.028362	8851.61077	8851.889651	8844.195851	8850.869929999999			1.0	2.0	0.0	3.0					
8854.001	10.963999999999942	trials	21.0	8860.791504	8861.808797	8863.712115	8863.955849	8860.107076	8862.991661			1.0	1.0	0.0	3.0					
8868.125	5.469999999999345	trials	21.0	8869.981755	8871.358433	8873.205662	8873.588679999999	8864.994207	8872.153559999999			1.0	2.0	0.0	3.0					
8876.566	8.138999999999214	trials	21.0	8878.555343	8879.713457	8882.911273	8883.078786999999	8877.507669999999	8881.434911	8883.561	8884.705	1.0	1.0	1.0	1.0					
8886.726	9.314000000000306	trials	21.0	8892.941927	8894.498123	8895.600930999999	8896.07123	8892.30432	8894.99858			1.0	1.0	0.0	3.0					
8899.94	11.745999999999185	trials	21.0	8907.177136999999	8908.822175	8910.454826	8910.615554	8906.549714	8909.789765			1.0	1.0	0.0	3.0					
8913.925	6.9099999999998545	trials	21.0	8915.941891999999	8917.449067	8919.22623	8919.411149	8911.715288	8918.035763			1.0	1.0	0.0	3.0					
8921.579	18.54700000000048	trials	21.0	8934.968375	8936.565713	8939.678356	8940.151872999999	8934.294952	8939.044697			1.0	2.0	0.0	3.0					
8943.055	12.622999999999593	trials	21.0	8951.423605	8952.805526	8955.194781999999	8955.70424	8950.47896	8954.458499			1.0	2.0	0.0	3.0					
8959.615	31.486000000000786	trials	21.0	8987.633756	8989.378165999999	8990.729641	8990.969335	8986.711336	8990.024878			1.0	1.0	0.0	3.0					
8994.16	7.155000000000655	trials	21.0	8996.127301999999	8997.252322	8999.960148999999	9000.461909	8995.578373	8999.188365999998			1.0	1.0	0.0	3.0					
9003.37	7.264999999999418	trials	21.0	9005.352364999999	9006.64468	9009.279373	9009.678913	9001.345916	9008.591162			1.0	2.0	0.0	3.0					
9011.658	13.137000000000626	trials	21.0	9019.337169999999	9020.570219	9022.783489	9022.957465	9018.361143999999	9022.11787	9023.365	9024.795	1.0	1.0	1.0	1.0					
9026.845	14.340000000000146	trials	21.0	9037.718911	9039.158991	9040.749188	9041.147026999999	9036.817088	9040.14331			1.0	2.0	0.0	3.0					
9045.185	22.395000000000437	trials	21.0	9063.263389	9064.877542999999	9066.502624	9066.650537	9062.417672	9065.843251			1.0	1.0	1.0	1.0					
9070.065	11.325999999999112	trials	21.0	9077.807732	9079.860165999999	9081.016016	9081.117139	9077.196342	9080.381550999999			1.0	1.0	0.0	3.0					
9085.41	24.665000000000873	trials	21.0	9105.5236	9107.231435	9108.227636	9108.35768	9104.688861999999	9107.577866	9108.88	9110.075	1.0	1.0	1.0	1.0					
9113.145	8.574999999998909	trials	21.0	9118.037466	9119.36939	9120.451165999999	9120.687158	9117.364642999999	9119.76223			1.0	1.0	0.0	3.0					
9122.776	6.927999999999884	trials	21.0	9124.71244	9126.565573	9129.353851	9129.731075	9121.749715	9128.640684999998			1.0	2.0	0.0	3.0					
9132.74	18.058000000000902	trials	21.0	9146.322952999999	9147.744492	9148.936574	9149.091377	9145.554328999999	9148.29062	9149.555	9150.798	1.0	1.0	1.0	1.0					
9153.88	8.820000000001528	trials	21.0	9158.603674999998	9159.982210999999	9161.642479999999	9161.830612	9158.091106	9160.866041			1.0	1.0	1.0	1.0					
9165.304	12.601000000000568	trials	21.0	9172.75973	9174.119245	9175.97323	9176.103842	9172.184189	9175.050373	9176.755	9177.905	1.0	1.0	1.0	1.0					
9181.925	8.75	trials	21.0	9186.844196	9187.866801	9189.552231000001	9189.692895	9186.270597	9188.861938			1.0	1.0	0.0	3.0					
9192.941	3.7339999999985594	trials	21.0	9194.589187000001	9194.702167000001			9190.71058	9194.692543000001			1.0		0.0	2.0					
9199.681	7.304000000000087	trials	21.0	9201.641506	9203.307942000001	9205.828402000001	9206.053996	9194.840761000001	9204.873898000002			1.0	1.0	0.0	3.0					
9208.263	7.970999999999549	trials	21.0	9210.299815	9211.936039	9215.537199	9216.228694000001	9207.021297000001	9214.443565000001			1.0	2.0	0.0	3.0					
9219.232	11.983000000000175	trials	21.0	9225.539596	9227.163985000001	9229.170398	9229.304258	9224.628716000001	9228.501415	9229.886	9231.215	1.0	1.0	1.0	1.0					
9233.301	11.010000000000218	trials	21.0	9240.594361000001	9242.375383	9244.004307000001	9244.247404000002	9239.641797	9243.306306			1.0	2.0	0.0	3.0					
9248.32	34.70499999999993	trials	21.0	9277.980402000001	9279.058378000002	9281.096205000002	9281.280444	9277.260763	9280.452438	9281.93	9283.025	1.0	1.0	1.0	1.0					
9285.079	13.496000000001004	trials	21.0	9293.450241	9295.426576000002	9296.738491	9296.916622	9292.657344000001	9296.114493000001	9297.44	9298.575	1.0	1.0	1.0	1.0					
9302.595	8.165000000000873	trials	21.0	9307.030137000002	9308.373025	9309.544318	9309.776436	9306.335565000001	9308.834895			1.0	1.0	0.0	3.0					
9313.97	8.675000000001091	trials	21.0	9315.960519	9317.465821000002	9319.942504	9320.024884	9310.794846	9318.880489000001			1.0	1.0	0.0	3.0					
9324.33	7.496999999999389	trials	21.0	9326.235268	9328.102171	9331.436541000001	9331.565036	9322.682733000001	9329.581380000001			1.0	1.0	0.0	3.0					
9336.17	326.7000000000007	BlockDesign														1.0	533.0	552.0	50.0	90.0
9336.17	21.06500000000051	trials	22.0	9352.516851	9354.099996	9355.849726	9356.066889000002	9351.607738	9355.207896			1.0	1.0	0.0	3.0					
9358.228	7.822000000000116	trials	22.0	9360.040091	9361.256067	9364.198576	9364.478725	9357.271305	9363.147835000002	9365.04	9366.05	1.0	2.0	1.0	1.0					
9368.07	10.985000000000582	trials	22.0	9373.557351000001	9374.862475	9376.895198	9377.099528	9372.886213000002	9376.25813	9377.641	9379.055	1.0	2.0	1.0	1.0					
9381.745	11.7599999999984	trials	22.0	9387.807130000001	9389.747163	9391.696450000001	9391.849387	9387.282510000001	9390.893542000002	9392.311	9393.505	1.0	2.0	1.0	1.0					
9395.63	12.7400000000016	trials	22.0	9402.807111	9404.685003	9406.490769	9406.658493	9402.059261	9405.861412	9407.18	9408.37	1.0	2.0	1.0	1.0					
9410.465	12.180000000000291	trials	22.0	9417.486189000001	9418.985394000001	9420.867535000001	9421.053959	9416.633308	9419.971441000002	9421.42	9422.645	1.0	2.0	1.0	1.0					
9426.665	12.344999999999345	trials	22.0	9433.375483000002	9434.789869	9437.328655000001	9437.483001	9432.550969	9436.595868	9437.965	9439.01	1.0	2.0	1.0	1.0					
9441.025	16.06500000000051	trials	22.0	9451.510669000001	9453.227082000001	9455.262298000001	9455.473025000001	9450.572476000001	9454.495783	9455.97	9457.09	1.0	2.0	1.0	1.0					
9461.22	17.390000000001237	trials	22.0	9472.990870000001	9474.252316	9476.900427	9477.121284	9472.163412000002	9476.329363	9477.665	9478.61	1.0	2.0	1.0	1.0					
9482.63	11.221000000001368	trials	22.0	9487.880745	9489.587597000002	9492.069880000001	9492.253206000001	9487.162343	9491.423883000001	9492.615	9493.851	1.0	2.0	1.0	1.0					
9497.94	8.055000000000291	trials	22.0	9500.432910000001	9502.437213000001	9504.375715	9504.533335	9499.655299	9503.769216	9505.04	9505.995	1.0	2.0	1.0	1.0					
9510.064	7.895999999998821	trials	22.0	9511.977688	9514.033202	9516.308779	9516.455206	9510.601807000001	9515.460405000002	9516.976	9517.96	1.0	2.0	1.0	1.0					
9521.036	17.113999999999578	trials	22.0	9533.17093	9534.645516	9536.357842000001	9536.567764000001	9532.396192	9535.620747	9537.045	9538.15	1.0	2.0	1.0	1.0					
9542.175	8.261000000000422	trials	22.0	9544.261159000001	9546.207835000001	9548.882785000002	9548.994794	9543.267577	9548.143146	9549.605	9550.436	1.0	2.0	1.0	1.0					
9552.518	22.877000000000407	trials	22.0	9568.991244	9571.031696	9573.667123000001	9573.858376	9568.143421	9572.862340000001	9574.38	9575.395	1.0	2.0	1.0	1.0					
9578.486	16.703999999999724	trials	22.0	9589.5115	9591.527796	9593.494312	9593.605060000002	9588.83014	9592.868713	9594.101	9595.19	1.0	2.0	1.0	1.0					
9598.241	9.28399999999965	trials	22.0	9601.846064000001	9603.137847	9605.836866000001	9605.990857	9601.275472000001	9605.233353000001	9606.5	9607.525	1.0	2.0	1.0	1.0					
9610.565	28.279999999998836	trials	22.0	9633.401899	9635.410797	9636.956908	9637.123870000001	9632.856295000001	9636.327573	9637.605	9638.845	1.0	2.0	1.0	1.0					
9640.92	11.319999999999709	trials	22.0	9646.482598	9648.240870000001	9650.561406	9650.749921	9645.766444	9649.83129	9651.126	9652.24	1.0	2.0	1.0	1.0					
9655.27	7.600000000000364	trials	22.0	9658.276849000002	9660.059905	9662.637941	9662.907982	9657.714443	9661.969484000001			1.0	2.0	0.0	3.0					
9665.066	607.7289999999994	BlockDesign														1.0	553.0	574.0	50.0	0.0
9665.066	8.298999999999069	trials	23.0	9667.06723	9669.056599000001	9671.494011	9671.645694	9664.137802000001	9670.442132	9672.055	9673.365	2.0	1.0	1.0	1.0					
9677.41	19.825000000000728	trials	23.0	9691.321825	9693.155917	9695.84516	9696.063334	9690.613596000001	9695.225709			2.0	1.0	0.0	3.0					
9698.173	10.211999999999534	trials	23.0	9700.143724000001	9701.771393	9705.429192000001	9705.593865	9698.317255	9704.507226000002			2.0	1.0	0.0	3.0					
9709.08	14.210000000000946	trials	23.0	9717.202136	9718.520139	9721.528527	9721.698041000001	9716.322426	9720.194393000002	9711.5	9723.29	2.0	1.0	1.0	1.0					
9726.311	15.040000000000873	trials	23.0	9737.937673	9739.654634	9741.028171	9741.243618	9737.149213	9740.474476000001			2.0	1.0	0.0	3.0					
9743.376	58.324000000000524	trials	23.0	9797.167426	9798.878471	9800.633960000001	9800.766867	9796.544641	9799.612078			2.0	1.0	1.0	1.0					
9806.173	102.0669999999991	trials	23.0	9905.488511000001	9907.068328000001	9907.825408	9908.277951	9904.662003000001	9907.103923			2.0	1.0	0.0	3.0					
9910.173	10.546999999998661	trials	23.0	9915.934639000001	9917.879774	9918.895458	9919.046443000001	9915.331321000001	9918.205675000001	9919.565	9920.72	2.0	1.0	1.0	1.0					
9924.766	10.5	trials	23.0	9930.792592000002	9931.949901	9933.297124	9933.431452	9930.183796000001	9932.650513	9933.905	9935.266	2.0	1.0	1.0	1.0					
9937.34	12.725000000000364	trials	23.0	9945.559279000001	9947.623546	9948.691902	9949.184814	9944.932624000001	9948.026619			2.0	1.0	0.0	3.0					
9951.085	8.340000000000146	trials	23.0	9953.059275000001	9955.150279000001	9957.623554000002	9957.758722	9950.105379	9956.52916	9958.235	9959.425	2.0	1.0	1.0	1.0					
9962.445	13.31500000000051	trials	23.0	9969.394544	9970.693582	9975.288269	9975.797472	9968.567995000001	9974.657547			2.0	1.0	0.0	3.0					
9977.677	44.81800000000112	trials	23.0	10016.048374	10017.936931			10015.230102000001	10017.929356			2.0		0.0	2.0					
10022.984	39.45600000000013	trials	23.0	10055.878417	10057.679827	10058.710431000001	10058.826892000001	10055.272084	10058.109493	10059.58	10062.44	2.0	1.0	1.0	1.0					
10064.591	15.565999999998894	trials	23.0	10076.944218	10078.731761000001	10079.790997	10080.033645000001	10076.249776	10079.200784			2.0	1.0	0.0	3.0					
10084.111	41.03399999999965	trials	23.0	10120.404201000001	10122.29512	10122.940051000001	10123.173366	10119.733194	10122.379417	10123.601	10125.145	2.0	1.0	1.0	1.0					
10129.21	17.905000000000655	trials	23.0	10142.605065000002	10144.543859000001	10145.182356000001	10145.374062	10142.077746	10144.633102000002	10145.9	10147.115	2.0	1.0	1.0	1.0					
10149.165	15.609999999998763	trials	23.0	10159.798696000002	10161.505940000001	10164.647914000001	10164.815551000002	10158.848553	10161.501688			2.0		0.0	2.0					
10166.52	10.834999999999127	trials	23.0	10173.79879	10175.602038	10176.993726	10177.346399	10173.239095	10176.406227000001			2.0	1.0	0.0	3.0					
10179.365	33.736000000000786	trials	23.0	10209.803862	10210.911256000001	10212.712510000001	10212.934224	10209.291216000001	10212.137286000001			2.0	1.0	0.0	3.0					
10216.106	43.909999999999854	trials	23.0	10255.224022	10257.016998000001	10257.963210000002	10258.102158000002	10254.240073	10257.001912000002	10258.54	10260.016	2.0	1.0	1.0	1.0					
10264.061	8.734000000000378	trials	23.0	10269.994318000001	10271.097423000001	10272.612567	10272.837703000001	10269.190003000002	10271.940988			2.0	1.0	0.0	3.0					
10276.02	424.75	BlockDesign														1.0	575.0	595.0	0.0	50.0
10276.02	14.229999999999563	trials	24.0	10285.784511000002	10286.971356	10288.269874000001	10289.076438	10285.26415	10287.739498			3.0	2.0	0.0	3.0					
10292.706	11.398999999999432	trials	24.0	10299.399894	10301.047951	10302.178404	10302.410373	10298.446399	10301.613648	10302.78	10304.105	3.0	2.0	1.0	1.0					
10306.157	13.109000000000378	trials	24.0	10314.864856	10316.073094000001	10317.290635000001	10317.544941	10314.08661	10316.727825000002	10318.0	10319.266	3.0	2.0	1.0	1.0					
10321.282	14.413000000000466	trials	24.0	10332.254245	10334.063383	10335.248413000001	10335.714520000001	10331.418898	10334.619115000001			3.0	2.0	0.0	3.0					
10338.69	42.120999999999185	trials	24.0	10378.120542	10379.439607	10380.169848000001	10380.850918	10377.195177000001	10379.53714			3.0	2.0	0.0	3.0					
10384.601	11.243999999998778	trials	24.0	10390.55449	10392.511425	10393.804633000002	10394.060743	10389.646665	10393.159646	10394.43	10395.845	3.0	2.0	1.0	1.0					
10397.965	9.235000000000582	trials	24.0	10403.504809	10405.542586000001	10406.835733	10407.240496	10402.822305000002	10406.210025			3.0	2.0	0.0	3.0					
10409.24	13.365999999999985	trials	24.0	10417.214883	10418.847169	10420.544379	10420.816263	10416.494833	10419.987109000002	10421.29	10422.606	3.0	2.0	1.0	1.0					
10426.625	10.200000000000728	trials	24.0	10431.750436	10433.224372	10434.813196000001	10435.092644	10430.950111	10433.992531	10435.46	10436.825	3.0	2.0	1.0	1.0					
10438.766	15.345000000001164	trials	24.0	10449.11534	10450.849056000001	10453.63269	10454.155681	10448.256542000001	10453.117668			3.0	2.0	0.0	3.0					
10457.025	34.345000000001164	trials	24.0	10488.535647	10489.801558000001	10490.971924000001	10491.411141	10487.800368	10490.383875000001			3.0	1.0	0.0	3.0					
10493.295	10.470999999999549	trials	24.0	10500.420238	10501.577251	10503.313653000001	10503.747414000001	10499.490688000002	10502.691151			3.0	1.0	0.0	3.0					
10507.695	10.488000000001193	trials	24.0	10514.850186000001	10517.020831000002	10517.79211	10518.182207000002	10513.953406	10517.23215			3.0	2.0	0.0	3.0					
10520.107	17.427999999999884	trials	24.0	10532.910773000001	10534.172235	10535.456703	10535.820555	10532.022105	10534.892818	10536.155	10537.535	3.0	2.0	1.0	1.0					
10539.58	12.864999999999782	trials	24.0	10547.675203	10549.766634000001	10550.526088	10550.749099	10546.723018	10550.01163	10551.195	10552.445	3.0	2.0	1.0	1.0					
10555.505	10.628000000000611	trials	24.0	10561.981954	10563.80305	10564.601233000001	10564.946842000001	10561.377421000001	10564.108929			3.0	2.0	0.0	3.0					
10567.97	13.954999999999927	trials	24.0	10576.360995000001	10578.197622000002	10579.561657	10579.656114000001	10575.557656	10578.917011000001			3.0	2.0	0.0	3.0					
10582.005	7.096000000001368	trials	24.0	10585.812265	10586.918391000001	10588.718034000001	10589.105289000001	10584.848901000001	10588.035811000002			3.0	1.0	0.0	3.0					
10593.111	40.03899999999885	trials	24.0	10627.325713	10629.149742000001	10632.940332	10633.191264000001	10626.748165	10629.135921000001			3.0		0.0	2.0					
10633.195	55.39600000000064	trials	24.0	10685.630829000002	10687.152433000001	10688.192638	10688.594038000001	10684.905007000001	10687.466446			3.0	1.0	0.0	3.0					
10691.52	9.25	trials	24.0	10697.041092000001	10699.403151	10700.709322	10701.833989	10696.130259000001	10700.020656			3.0	2.0	0.0	3.0					
10705.104	986.7910000000011	BlockDesign														1.0	596.0	635.0	50.0	50.0
10705.104	35.13600000000042	trials	25.0	10735.476117	10737.012706000001	10738.211156000001	10738.332969000001	10734.590879000001	10737.484126000001	10738.905	10740.24	2.0	1.0	1.0	1.0					
10742.295	10.55999999999949	trials	25.0	10750.16157	10751.525455	10752.494322	10752.807031	10749.27302	10751.914294			2.0	1.0	0.0	3.0					
10755.865	67.71500000000015	trials	25.0	10820.101353	10821.878508000002	10823.130303000002	10823.621374	10819.288369000002	10822.520662			3.0	2.0	0.0	3.0					
10826.516	20.564000000000306	trials	25.0	10843.611778	10845.167712	10846.517511	10847.121789	10842.734491000001	10845.906165			3.0	2.0	0.0	3.0					
10849.926	87.59000000000015	trials	25.0	10934.461722	10935.819075000001	10937.139133	10937.548471	10933.550944	10936.260432000001			3.0	1.0	0.0	3.0					
10939.598	16.152000000000044	trials	25.0	10950.942990000001	10952.619957	10953.621516000001	10953.968245	10950.024786000002	10953.072508000001	10954.391	10955.75	3.0	2.0	1.0	1.0					
10959.766	10.939000000000306	trials	25.0	10964.762014	10966.535263000002	10967.633773000001	10967.832151	10963.853983	10966.999590000001	10968.274	10970.705	2.0	1.0	1.0	1.0					
10972.726	18.068999999999505	trials	25.0	10987.347033	10989.359098	10990.338346	10990.795182000002	10986.732082	10989.745681			2.0	1.0	0.0	3.0					
10992.726	44.45999999999913	trials	25.0	11031.314122	11032.758859000001	11035.192161	11035.382857	11030.728177	11034.507450000001	11035.955	11037.186	2.0	1.0	1.0	1.0					
11039.206	15.824000000000524	trials	25.0	11050.193122	11052.115744	11052.989587	11053.291214	11049.430102	11052.378439	11053.655	11055.03	3.0	2.0	1.0	1.0					
11058.061	12.549000000000888	trials	25.0	11067.012099000001	11068.705300000001	11070.195752000001	11070.657360000001	11066.444829	11069.696817			3.0	2.0	0.0	3.0					
11074.593	25.152000000000044	trials	25.0	11096.797384000001	11098.089336000001	11099.441844	11099.711866000001	11096.101675000002	11098.822668			2.0	1.0	0.0	3.0					
11102.813	44.48199999999997	trials	25.0	11143.518006	11145.499651	11146.192335000002	11146.453666000001	11142.880398000001	11145.465453			2.0	1.0	1.0	1.0					
11151.883	14.302999999999884	trials	25.0	11163.11331	11164.729140000001	11165.783268000001	11166.228094	11162.305735000002	11165.055163			3.0	1.0	0.0	3.0					
11168.17	14.215000000000146	trials	25.0	11177.689297	11178.889384	11180.158342	11180.474854	11176.816122	11179.564987000002	11180.72	11182.385	3.0	2.0	1.0	1.0					
11185.505	9.155000000000655	trials	25.0	11191.573454000001	11192.684463000001	11194.21232	11194.642255	11190.896649	11193.55371			2.0	1.0	0.0	3.0					
11197.656	27.268999999998414	trials	25.0	11220.70348	11222.334630000001	11223.485551000002	11223.799063	11220.131220000001	11222.852076000001			2.0	1.0	0.0	3.0					
11225.815	13.819999999999709	trials	25.0	11231.334148000002	11232.652875	11235.918069000001	11236.560140000001	11230.342653000002	11234.448981000001			2.0	2.0	0.0	3.0					
11240.351	14.509000000000015	trials	25.0	11250.338127	11251.919886	11254.555183	11254.844513	11249.659014	11253.854638			2.0	1.0	0.0	3.0					
11256.91	29.316000000000713	trials	25.0	11282.668726	11284.27655	11285.840110000001	11286.268321000001	11281.723530000001	11285.146952000001			3.0	2.0	0.0	3.0					
11288.175	33.405000000000655	trials	25.0	11318.33397	11320.115923000001	11321.081518	11321.623183	11317.716406000001	11320.506532000001			3.0	2.0	0.0	3.0					
11324.441	22.69999999999891	trials	25.0	11341.928562000001	11343.478544000001	11344.993584	11345.242747	11340.991177	11344.468105	11345.655	11347.141	3.0	2.0	1.0	1.0					
11350.255	12.1150000000016	trials	25.0	11357.628892	11359.468926000001	11360.41762	11360.590062000001	11356.649042000001	11359.732024	11361.155	11362.37	2.0	1.0	1.0	1.0					
11366.423	10.927999999999884	trials	25.0	11371.828919000001	11373.760996	11375.272963000001	11375.730928	11370.884884000001	11374.690864	11376.095	11377.351	3.0	2.0	1.0	1.0					
11379.44	12.725000000000364	trials	25.0	11387.374358000001	11389.023988	11390.224825000001	11390.382258000001	11386.658136000002	11389.524816000001	11390.82	11392.165	2.0	1.0	1.0	1.0					
11394.236	16.179000000000087	trials	25.0	11405.114063	11407.015549	11408.484504	11408.691760000002	11404.412370000002	11407.832962	11409.19	11410.415	3.0	2.0	1.0	1.0					
11414.52	13.495999999999185	trials	25.0	11422.68348	11424.290852	11425.997439	11426.347336	11422.090180000001	11425.01215	11426.601	11428.016	3.0	2.0	1.0	1.0					
11430.115	34.02000000000044	trials	25.0	11461.268746000002	11462.748407000001	11463.847731000002	11464.048927	11460.510586	11463.281418			2.0	1.0	0.0	3.0					
11467.145	12.885000000000218	trials	25.0	11476.449769	11478.424099	11479.566196	11480.075455	11475.631488	11478.956024000001			3.0	2.0	0.0	3.0					
11482.936	13.59900000000016	trials	25.0	11493.089266	11495.16951	11496.112369	11496.581001	11492.109714	11495.420911000001			2.0	2.0	0.0	3.0					
11500.48	7.319999999999709	trials	25.0	11504.518096	11505.754562000002	11507.5115	11507.753956	11503.535494	11506.829522			2.0	1.0	0.0	3.0					
11510.816	11.59900000000016	trials	25.0	11519.361124000001	11520.884968	11521.888054000001	11522.333955000002	11518.694659	11521.344786000001			3.0	2.0	0.0	3.0					
11526.262	16.057999999999083	trials	25.0	11534.459683000001	11535.990547000001	11537.565025	11538.038671	11533.813836000001	11536.954348000001	11538.255	11542.32	2.0	1.0	1.0	1.0					
11545.34	16.636000000000422	trials	25.0	11558.969149	11560.942029000002	11561.693998	11561.940592	11558.067332	11560.99771			2.0	1.0	0.0	3.0					
11564.985	21.63799999999901	trials	25.0	11581.844528000001	11583.706443000001	11584.791661000001	11585.016184	11580.955713000001	11584.259100000001	11585.561	11586.623	3.0	2.0	1.0	1.0					
11589.701	8.444000000001324	trials	25.0	11594.874907000001	11596.487410000002	11597.672880000002	11598.191638	11593.95058	11597.089237			3.0	2.0	0.0	3.0					
11599.985	11.894999999998618	trials	25.0	11606.179702000001	11607.545131	11609.888011000001	11610.058078000002	11605.178917000001	11609.171433000001	11610.5	11611.88	2.0	1.0	1.0	1.0					
11613.965	9.850000000000364	trials	25.0	11620.835055000001	11621.891257000001	11623.515544000002	11623.690773	11620.024691	11622.791314000002			3.0	1.0	0.0	3.0					
11627.829	48.57099999999991	trials	25.0	11673.21982	11674.866976000001	11676.044827000002	11676.420396000001	11672.712175	11675.427939000001			2.0	1.0	0.0	3.0					
11678.41	13.485000000000582	trials	25.0	11687.995639	11689.215168	11691.849823	11692.368265000001	11687.253686	11690.910142			3.0	2.0	0.0	3.0					
11695.24	66.90999999999985	BlockDesign														1.0	636.0	640.0	0.0	0.0
11695.24	7.805000000000291	trials	26.0	11698.980059000001	11700.904414	11702.671363000001	11703.024019	11697.987915000002	11701.998264000002			2.0	1.0	0.0	3.0					
11707.055	26.56999999999971	trials	26.0	11728.085085	11729.967055000001	11731.666297	11733.670852000001	11727.138571000001	11731.032562			2.0	2.0	0.0	3.0					
11735.02	9.924999999999272	trials	26.0	11739.030447000001	11741.016886000001	11742.336535	11742.722653	11738.371879	11741.305117			2.0	1.0	0.0	3.0					
11745.726	10.143000000000029	trials	26.0	11747.420311000002	11748.738053000001	11751.771270000001	11752.283161000001	11744.994232000001	11750.768755000001			2.0	2.0	0.0	3.0					
11756.157	5.993000000000393	trials	26.0	11758.075420000001	11759.912444000001	11762.061893000002	11762.17805	11755.914158000001	11761.367201000001			2.0	1.0	0.0	3.0					
11765.531	235.9339999999993	BlockDesign														1.0	641.0	646.0	0.0	0.0
11765.531	6.208999999998923	trials	27.0	11767.340388	11769.033471	11771.094843	11771.786704	11763.714907000001	11770.413828			3.0	2.0	0.0	3.0					
11774.431	27.398999999999432	trials	27.0	11798.130268	11799.932649	11801.422911000001	11801.878137	11797.494852	11800.898644			3.0	2.0	0.0	3.0					
11806.8	58.18500000000131	trials	27.0	11861.720374	11863.116366	11864.619375	11865.023649	11860.914567	11863.776873			3.0	2.0	0.0	3.0					
11868.005	17.971000000001368	trials	27.0	11882.626083000001	11884.015435000001	11885.615284000001	11885.957196000001	11881.979350000001	11884.961512000002			3.0	2.0	0.0	3.0					
11889.005	62.681000000000495	trials	27.0	11948.80587	11949.727594			11948.249697000001	11949.719496000002			3.0		0.0	2.0					
11955.704	45.76100000000042	trials	27.0	11998.099935	11999.958183	12001.347133000001	12001.910045	11997.558183000001	12000.84805			3.0	2.0	0.0	3.0					
12005.726	1003.5849999999991	BlockDesign														1.0	647.0	689.0	50.0	50.0
12005.726	8.513999999999214	trials	28.0	12008.902877	12010.472948	12011.967840000001	12012.260172	12008.114487	12011.463129	12012.72	12014.24	3.0	2.0	1.0	1.0					
12017.26	16.71600000000035	trials	28.0	12028.796556000001	12030.053257000001	12031.67929	12032.256279000001	12028.078156000001	12030.757067			3.0	2.0	0.0	3.0					
12034.0	14.75	trials	28.0	12043.394726	12044.874209000001	12046.70086	12047.126403	12042.812460000001	12046.085206	12047.43	12048.75	3.0	2.0	1.0	1.0					
12051.77	17.2549999999992	trials	28.0	12064.101289	12065.158567	12066.986145	12067.153831000001	12063.431425	12066.265625	12067.605	12069.025	2.0	1.0	1.0	1.0					
12071.045	12.81500000000051	trials	28.0	12080.89632	12082.364783	12083.490406	12083.654707000002	12080.107426	12082.791261			2.0	1.0	0.0	3.0					
12086.88	20.210000000000946	trials	28.0	12102.600109	12103.838578	12105.176302	12105.409846	12101.812245000001	12104.268411000001	12105.851	12107.09	2.0	1.0	1.0	1.0					
12109.11	16.01000000000022	trials	28.0	12122.081869000001	12123.881854000001	12124.747831	12125.144154000001	12121.138878000002	12124.182636000001			3.0	2.0	0.0	3.0					
12129.191	50.80400000000009	trials	28.0	12176.667172000001	12177.883474	12179.133216	12180.045387	12175.676645000001	12178.484319000001			2.0	1.0	0.0	3.0					
12181.509	45.91599999999926	trials	28.0	12221.417319	12222.719241			12220.473621000001	12222.712559000001			2.0		0.0	2.0					
12227.764	7.526000000001659	trials	28.0	12230.068831	12231.296359	12234.664219	12235.340228000001	12228.918382	12231.240928000001			2.0	2.0	0.0	3.0					
12238.109	13.560999999999694	trials	28.0	12247.274032	12249.057533	12251.335696999999	12251.676368999999	12246.906719999999	12250.766909			3.0	2.0	0.0	3.0					
12254.745	5.355999999999767	trials	28.0	12256.645701	12257.803366999999	12259.664039	12260.123988	12256.090762999998	12258.987046999999			3.0	1.0	0.0	3.0					
12262.001	58.04899999999907	trials	28.0	12315.394279999999	12316.658082999998	12317.955914999999	12318.295547	12314.401259999999	12317.391333	12318.615	12320.05	3.0	2.0	1.0	1.0					
12324.16	10.730999999999767	trials	28.0	12330.264191999999	12331.728614	12332.889352999999	12333.106270999999	12329.590768999999	12332.346352999999	12333.476	12334.891	3.0	2.0	1.0	1.0					
12337.0	14.909999999999854	trials	28.0	12348.34952	12349.966412999998	12351.349360999999	12351.405880999999	12347.440496	12350.468293999998			2.0	1.0	0.0	3.0					
12355.764	9.161000000000058	trials	28.0	12359.824587	12361.435243999998	12363.479179999998	12364.279358999998	12359.265619999998	12362.745541999999			2.0	1.0	0.0	3.0					
12366.876	5.923999999999069	trials	28.0	12368.724702	12370.107698	12372.398132999999	12372.822138	12364.947122	12371.282801			2.0	2.0	0.0	3.0					
12375.86	59.68000000000029	trials	28.0	12432.119297	12433.901050999999	12435.153669	12435.561226999998	12431.386820999998	12434.553946999999			2.0	1.0	0.0	3.0					
12437.55	19.335000000000946	trials	28.0	12450.734639999999	12452.455983999998	12455.705510999998	12456.904872	12449.772292999998	12452.446155999998			3.0		0.0	2.0					
12458.516	15.994000000000597	trials	28.0	12471.145079	12472.726689	12473.939423999998	12474.531427999998	12470.511901999998	12473.274623			2.0	1.0	0.0	3.0					
12476.326	19.610000000000582	trials	28.0	12491.864456	12493.091955	12495.502999999999	12495.960718999999	12491.073057	12494.749217999999			3.0	1.0	0.0	3.0					
12498.83	9.810999999999694	trials	28.0	12505.001816999998	12506.33204	12508.223772	12508.659775999999	12504.442292	12507.650577999999			3.0	2.0	0.0	3.0					
12512.7	21.029999999998836	trials	28.0	12529.846751	12531.409867999999	12533.151375	12533.751713999998	12528.983127	12532.321584			3.0	2.0	0.0	3.0					
12535.49	10.31500000000051	trials	28.0	12540.269994999999	12541.747226	12543.781013	12543.940797	12539.557883	12543.048205	12544.365	12545.805	2.0	1.0	1.0	1.0					
12547.851	16.814000000000306	trials	28.0	12561.680160999998	12563.153751	12564.263448	12564.688703	12560.871414	12563.655740999999			2.0	1.0	0.0	3.0					
12567.595	30.650000000001455	trials	28.0	12593.425668	12595.201871	12596.234257999999	12596.390350999998	12592.749319999999	12595.621211	12597.07	12598.245	2.0	1.0	1.0	1.0					
12602.266	14.488999999999578	trials	28.0	12612.837206999999	12614.518434	12615.840316999998	12616.776009	12612.041035999999	12615.142115999999			3.0	1.0	0.0	3.0					
12619.204	22.811999999999898	trials	28.0	12636.800952	12638.472743999999	12639.860319	12639.958421	12636.153953	12639.171933	12640.44	12642.016	2.0	1.0	1.0	1.0					
12644.16	17.941000000000713	trials	28.0	12656.680681	12658.262787	12659.906480999998	12660.274124	12655.787236999999	12659.348433	12660.535	12662.101	3.0	2.0	1.0	1.0					
12665.176	9.459000000000742	trials	28.0	12671.705501999999	12673.006061999999	12674.195011999998	12674.659536	12670.872707999999	12673.548437			2.0	1.0	0.0	3.0					
12676.548	38.5669999999991	trials	28.0	12709.360689	12710.508935	12712.277304	12713.309545999999	12708.584687999999	12711.402858			3.0	2.0	0.0	3.0					
12716.726	21.634000000000015	trials	28.0	12732.931187999999	12734.432777999999	12736.215085999998	12736.490828999998	12731.992925999999	12735.576745999999	12736.93	12738.36	3.0	2.0	1.0	1.0					
12742.38	11.265000000001237	trials	28.0	12750.433431	12752.080992	12753.191406	12753.617858999998	12749.506865	12752.504186999999			2.0	1.0	0.0	3.0					
12757.58	11.215000000000146	trials	28.0	12762.821018999999	12764.217014	12766.690403999999	12766.826679	12762.243605	12765.917796	12767.476	12768.795	2.0	1.0	1.0	1.0					
12770.851	14.328999999999724	trials	28.0	12779.716147	12781.648152	12783.044568	12783.297116999998	12778.978325999999	12782.486052999999	12783.67	12785.18	3.0	2.0	1.0	1.0					
12788.266	19.818999999999505	trials	28.0	12804.681418999999	12805.942205	12807.599146999999	12808.102572	12804.07578	12806.504556999998			3.0	2.0	0.0	3.0					
12810.076	18.679000000000087	trials	28.0	12822.980975999999	12824.723161999998	12826.754906999999	12827.076712999999	12822.074159999998	12826.163546999998	12827.395	12828.755	3.0	2.0	1.0	1.0					
12830.77	28.674999999999272	trials	28.0	12855.002707	12856.256184	12857.443137999999	12857.613319999999	12854.046167999999	12856.785080999998	12858.186	12859.445	2.0	1.0	1.0	1.0					
12862.52	26.83100000000013	trials	28.0	12886.446258	12888.005666	12889.017200999999	12889.30856	12885.569830999999	12888.381443999999			2.0	1.0	0.0	3.0					
12892.36	10.930000000000291	trials	28.0	12900.003245999998	12901.537914999999	12902.811199	12903.315636	12899.393225	12902.215017999999			3.0	2.0	0.0	3.0					
12907.204	23.83600000000115	trials	28.0	12927.441738	12928.622457	12930.661159	12931.063028999999	12926.723011999999	12929.719119			2.0	1.0	0.0	3.0					
12932.996	46.58400000000074	trials	28.0	12974.696734	12976.545498	12979.187175	12979.604462	12974.170074	12976.538272999998			2.0		0.0	2.0					
12980.54	28.77099999999882	trials	28.0	13003.842379999998	13005.044922	13007.102882	13007.485950999999	13002.947987	13005.963845999999	13007.82	13009.311	3.0	2.0	1.0	1.0					
13013.351	515.884	BlockDesign														1.0	690.0	720.0	50.0	10.0
13013.351	21.953999999999724	trials	29.0	13029.201664999999	13030.488651	13032.971891	13033.532745999999	13028.531374999999	13032.427475999999			1.0	2.0	0.0	3.0					
13035.41	8.155000000000655	trials	29.0	13037.433502	13038.953372999998	13041.156243	13041.397266	13036.059242	13040.0708			1.0	1.0	0.0	3.0					
13044.505	7.825000000000728	trials	29.0	13046.043371999998	13048.046341	13049.630339	13049.919467	13043.589256	13048.860465			1.0	2.0	0.0	3.0					
13054.035	6.420000000000073	trials	29.0	13055.737452	13057.235815	13059.238995	13059.614636999999	13052.353460999999	13058.268291999999			1.0	1.0	0.0	3.0					
13063.645	6.049999999999272	trials	29.0	13065.687016999998	13067.163790999999	13068.060656999998	13068.791980999998	13060.478024999999	13067.31569			1.0	2.0	0.0	3.0					
13070.456	10.904000000000451	trials	29.0	13072.281798	13073.653708999998	13079.427082999999	13079.653976999998	13071.612122999999	13075.363642999999	13080.141	13081.36	1.0	1.0	1.0	1.0					
13085.38	10.075000000000728	trials	29.0	13089.507677	13091.438024	13093.220906999999	13093.524302	13088.882135999998	13092.238696999999			1.0	1.0	0.0	3.0					
13097.627	7.013999999999214	trials	29.0	13099.552367999999	13101.304919999999	13102.756881	13103.965194999999	13095.480571999999	13101.837338			1.0	2.0	0.0	3.0					
13107.159	9.236000000000786	trials	29.0	13109.161735999998	13110.475235999998	13114.60493	13115.054053999998	13104.663487999998	13113.556585999999			1.0	1.0	0.0	3.0					
13117.065	7.0049999999992	trials	29.0	13118.754062999998	13118.998741			13116.419892	13118.993821999999			1.0		0.0	2.0					
13125.07	8.100000000000364	trials	29.0	13127.062464999999	13128.252723	13131.438655999998	13131.673201999998	13126.06337	13130.669886			1.0	2.0	0.0	3.0					
13133.785	12.710000000000946	trials	29.0	13142.924679	13144.234159	13146.105442999999	13146.385169	13141.916663	13144.860236999999			1.0	1.0	0.0	3.0					
13148.565	75.72400000000016	trials	29.0	13217.723063	13219.384908	13222.165663	13222.486067	13217.01227	13221.508676	13222.99	13224.289	1.0	1.0	1.0	1.0					
13228.41	13.355999999999767	trials	29.0	13236.794478	13238.150583999999	13239.984594	13240.352977999999	13236.233712	13239.233171			1.0	1.0	0.0	3.0					
13244.375	7.399999999999636	trials	29.0	13245.987661	13247.839215	13249.673067	13250.112156	13241.792003999999	13248.730871999998			1.0	1.0	0.0	3.0					
13252.001	8.119000000000597	trials	29.0	13253.839611	13255.249317	13258.431755999998	13258.634804	13251.802040999999	13257.478550999998	13259.09	13260.12	1.0	2.0	1.0	1.0					
13262.204	18.615999999999985	trials	29.0	13275.563155999998	13277.13387	13278.967139999999	13279.508541	13274.900365999998	13278.265253999998			1.0	2.0	0.0	3.0					
13281.345	6.746000000001004	trials	29.0	13283.214542999998	13285.061979999999	13286.731968	13287.230464999999	13280.846187	13285.731926999999			1.0	1.0	0.0	3.0					
13290.188	7.686999999999898	trials	29.0	13292.06814	13293.460346999998	13295.563395	13296.220409	13288.117000999999	13294.667770999999			1.0	2.0	0.0	3.0					
13297.905	19.090000000000146	trials	29.0	13311.827576	13313.819053	13315.134584	13315.325338999999	13310.940113999999	13314.057867	13315.76	13316.995	1.0	1.0	1.0	1.0					
13320.016	11.679000000000087	trials	29.0	13327.037608999999	13328.505474	13329.888115999998	13330.087706999999	13326.188352	13328.884504999998	13330.67	13331.695	1.0	1.0	1.0	1.0					
13333.766	10.629000000000815	trials	29.0	13340.513592	13341.788787	13344.070764999999	13344.351992999998	13339.991027	13343.460194			1.0	2.0	0.0	3.0					
13347.405	16.867999999998574	trials	29.0	13360.248349999998	13361.490727999999	13362.969217999998	13363.451614999998	13359.365939	13362.271905999998			1.0	1.0	0.0	3.0					
13367.445	23.470000000001164	trials	29.0	13386.873206999999	13388.805896999998	13390.477492999999	13390.705355999999	13385.905583999998	13389.726058999999			1.0	1.0	0.0	3.0					
13392.913	10.68199999999888	trials	29.0	13397.144309	13398.671591999999	13400.603802	13401.084739999998	13396.392956	13399.986583999998			1.0	1.0	0.0	3.0					
13404.005	20.235000000000582	trials	29.0	13419.143696	13420.310317	13423.865285999998	13424.258687999998	13418.454631999999	13422.990686			1.0	1.0	0.0	3.0					
13427.273	13.182000000000698	trials	29.0	13434.948197	13436.244895999998	13438.597618999998	13438.880163	13434.390608999998	13437.941582	13439.465	13440.455	1.0	1.0	1.0	1.0					
13443.606	10.96900000000096	trials	29.0	13449.648842999999	13451.725774999999	13452.75111	13452.894557	13448.931428999998	13452.074714999999	13453.41	13454.575	1.0	1.0	1.0	1.0					
13457.66	30.43000000000029	trials	29.0	13483.583552999999	13485.480572999999	13486.767774	13487.196251	13482.867267	13486.173395999998			1.0	1.0	0.0	3.0					
13489.11	7.799999999999272	trials	29.0	13491.163728	13493.126552999998	13495.112183	13495.273835999998	13488.116263999998	13494.061936999999	13496.101	13496.91	1.0	1.0	1.0	1.0					
13500.0	29.235000000000582	trials	29.0	13524.614112	13525.907267999999	13527.283276999999	13527.395448	13523.749340999999	13526.651412	13527.915	13529.235	1.0	1.0	1.0	1.0					
13531.356	713.0190000000002	BlockDesign														1.0	721.0	765.0	10.0	50.0
13531.356	14.72899999999936	trials	30.0	13541.708427	13543.293244999999	13544.849771	13545.030566	13541.168681	13544.011305			1.0	1.0	0.0	3.0					
13548.22	8.43500000000131	trials	30.0	13550.153718	13551.303931999999	13555.055529	13555.793489	13546.109929999999	13554.312517999999			1.0	2.0	0.0	3.0					
13558.424	6.825999999999112	trials	30.0	13560.090401	13561.922526999999	13563.566212	13563.932338999999	13556.681177999999	13562.508655999998			1.0	1.0	0.0	3.0					
13565.965	8.770000000000437	trials	30.0	13567.729575	13569.518337	13572.681207	13572.839876999999	13566.813963999999	13570.693604999999	13573.445	13574.735	1.0	1.0	1.0	1.0					
13578.755	14.18500000000131	trials	30.0	13586.844548	13588.325625	13591.662248999999	13591.846523999999	13586.024027	13590.526351999999			1.0	1.0	0.0	3.0					
13596.081	7.0789999999997235	trials	30.0	13598.029863	13600.014448999998	13602.532106999999	13603.186232	13592.968652	13600.742359999998			1.0	2.0	0.0	3.0					
13604.931	13.2549999999992	trials	30.0	13613.4942	13615.186247999998	13616.614862999999	13616.855737999998	13612.963027999998	13615.975999999999			1.0	1.0	0.0	3.0					
13621.016	7.125	trials	30.0	13622.864345999998	13624.806043999999	13626.340219	13626.561523999999	13618.211270999998	13625.571419999998	13627.061	13628.141	1.0	2.0	1.0	1.0					
13632.291	17.944000000001324	trials	30.0	13644.409431	13646.451366	13648.114475999999	13648.514567999999	13643.832208999998	13647.252593			1.0	2.0	0.0	3.0					
13650.505	12.31000000000131	trials	30.0	13657.796018	13659.890953999999	13661.502674	13661.626266	13657.055009	13660.350477			1.0	1.0	0.0	3.0					
13663.825	7.174999999999272	trials	30.0	13665.404473999999	13667.301687	13670.433620999998	13670.963005999998	13662.841536	13669.477394			1.0	2.0	0.0	3.0					
13675.05	12.784999999999854	trials	30.0	13681.814747999999	13683.633598999999	13685.209718999999	13685.627142	13681.261749	13684.529180999998			1.0	1.0	0.0	3.0					
13688.565	7.260000000000218	trials	30.0	13690.295974999999	13691.342481	13694.343142	13694.671742999999	13687.859879	13693.504302			1.0	2.0	0.0	3.0					
13696.735	12.031999999999243	trials	30.0	13705.675045	13706.998855999998	13708.391183	13708.610809999998	13705.164861	13707.753422999998			1.0	1.0	0.0	3.0					
13712.78	71.80499999999847	trials	30.0	13778.289868999998	13780.101019	13782.475159999998	13782.576518999998	13777.665821999999	13781.905394	13783.09	13784.585	1.0	1.0	1.0	1.0					
13787.605	9.956000000000131	trials	30.0	13792.614671	13794.632316	13796.125406	13796.404185	13792.026219	13795.137647			1.0	1.0	0.0	3.0					
13800.447	4.972999999999956	trials	30.0	13802.079473999998	13803.197044999999	13804.769627999998	13805.448695	13797.588342	13803.844253			1.0	2.0	0.0	3.0					
13809.232	11.487999999999374	trials	30.0	13817.084565	13818.336094999999	13820.333288999998	13820.562193999998	13816.257280999998	13819.658737999998			1.0	1.0	0.0	3.0					
13823.73	20.30500000000029	trials	30.0	13840.171436999999	13842.156863999999	13843.711600999999	13844.040197999999	13839.379695	13842.920683999999			1.0	2.0	0.0	3.0					
13846.042	12.868000000000393	trials	30.0	13854.458246999999	13856.251280999999	13857.298675999999	13857.739942999999	13853.770799999998	13856.653460999998			1.0	1.0	0.0	3.0					
13861.726	6.028999999998632	trials	30.0	13863.73563	13865.161859999998	13866.817669999999	13867.199052	13858.935875	13865.455016			1.0	1.0	0.0	3.0					
13869.273	7.561999999999898	trials	30.0	13870.96026	13872.252561	13875.934361	13876.093750999999	13867.782244999999	13874.735960999998			1.0	1.0	0.0	3.0					
13879.911	8.334000000000742	trials	30.0	13884.357235	13885.647189	13887.8121	13888.271389999998	13883.408222999999	13887.166388999998			1.0	1.0	0.0	3.0					
13891.16	58.219999999999345	trials	30.0	13944.260608999999	13945.514587999998	13946.951776999998	13947.149261999999	13943.630294999999	13946.332559999999	13947.63	13949.38	1.0	1.0	1.0	1.0					
13952.42	9.575999999999112	trials	30.0	13957.875043999999	13959.375311999998	13960.589294	13961.022662	13957.241032999998	13959.924845			1.0	1.0	0.0	3.0					
13963.905	7.679999999998472	trials	30.0	13965.535726999999	13967.550291	13969.716848999999	13969.927424999998	13962.02507	13968.460165999999	13970.335	13971.585	1.0	2.0	1.0	1.0					
13973.65	31.18499999999949	trials	30.0	13999.835559	14001.303068	14002.936404	14003.140515	13999.312252	14002.435902	14003.87	14004.835	1.0	2.0	1.0	1.0					
14008.935	14.780000000000655	trials	30.0	14018.500628999998	14020.129952	14021.885827999999	14022.08831	14017.701117999999	14021.082832999999	14022.47	14023.715	1.0	2.0	1.0	1.0					
14027.8	28.34100000000035	trials	30.0	14052.820897999998	14054.532566999998	14055.595469999998	14056.166657	14051.867273999998	14055.055495999999			1.0	2.0	0.0	3.0					
14058.005	10.030000000000655	trials	30.0	14063.351055	14064.912407	14066.575561999998	14066.792581999998	14062.811975999999	14065.922943			1.0	1.0	0.0	3.0					
14069.97	7.235000000000582	trials	30.0	14071.910897999998	14073.332433	14075.318865	14075.517944	14068.063214	14074.705434	14075.916	14077.205	1.0	2.0	1.0	1.0					
14080.226	14.378999999998996	trials	30.0	14088.736245	14090.734525999998	14093.008453999999	14093.494450999999	14088.195842	14091.855055999999			1.0	2.0	0.0	3.0					
14095.355	7.270000000000437	trials	30.0	14097.280856	14098.60199	14101.064944999998	14101.479807	14094.633063	14100.383618			1.0	1.0	0.0	3.0					
14104.47	5.125	trials	30.0	14106.471518999999	14107.884461999998	14109.148049	14109.621629	14102.65193	14108.415737			1.0	2.0	0.0	3.0					
14111.605	15.425000000001091	trials	30.0	14120.916202999999	14122.136653999998	14124.788078999998	14125.042390999999	14120.196762	14123.954496999999	14125.38	14127.03	1.0	2.0	1.0	1.0					
14130.065	16.200999999999112	trials	30.0	14140.366289	14141.778251999998	14144.388395999998	14144.703076999998	14139.573347	14143.334669999998	14145.135	14146.266	1.0	2.0	1.0	1.0					
14150.345	10.900000000001455	trials	30.0	14155.092515999999	14157.018251999998	14159.532224999999	14159.782131	14154.141044999998	14158.790663999998	14160.34	14161.245	1.0	2.0	1.0	1.0					
14163.316	13.679000000000087	trials	30.0	14170.051780999998	14171.207115	14174.011922	14174.438358	14169.067459999998	14172.366725			1.0	2.0	0.0	3.0					
14178.38	6.143000000000029	trials	30.0	14179.986506	14181.175496999998	14184.070607999998	14184.481855999999	14177.02277	14182.998797999999			1.0	2.0	0.0	3.0					
14186.505	10.81500000000051	trials	30.0	14192.110895999998	14193.627776	14196.013959	14196.701001	14191.379993999999	14195.269993999998			1.0	2.0	0.0	3.0					
14198.399	7.4210000000002765	trials	30.0	14200.851901999999	14202.653282	14204.167330999999	14204.388641999998	14199.875901	14202.817529999998	14204.851	14205.82	1.0	2.0	1.0	1.0					
14208.922	13.087999999999738	trials	30.0	14217.085928999999	14218.984568	14220.736065	14221.178285999998	14216.149920999998	14219.773086			1.0	2.0	0.0	3.0					
14224.139	5.236000000000786	trials	30.0	14225.923123999999	14226.568729999999			14222.038335	14226.565687999999			1.0		0.0	2.0					
14230.62	8.424999999999272	trials	30.0	14232.521789999999	14233.229003999999			14231.955376999998	14233.225844999999			1.0		0.0	2.0					
14239.289	5.085999999999331	trials	30.0	14241.137101999999	14242.276833	14244.262433999998	14244.988271999999	14239.742221999999	14243.018090999998			1.0	2.0	0.0	3.0					
14248.586	107.59400000000096	BlockDesign														1.0	766.0	771.0	0.0	0.0
14248.586	8.029000000000451	trials	31.0	14250.777082999999	14250.894419999999	14255.759834999999	14256.227723	14249.935055999998	14250.885203999998			1.0		0.0	2.0					
14256.967	5.477999999999156	trials	31.0	14258.641908	14260.288158	14261.964504	14262.472178	14257.268306999998	14261.110666999999			1.0	2.0	0.0	3.0					
14266.286	9.807999999999083	trials	31.0	14271.423040999998	14274.052515	14275.699475	14276.095100999999	14270.740646999999	14274.763308			1.0	2.0	0.0	3.0					
14279.025	41.67100000000028	trials	31.0	14317.336484	14318.754194	14320.222888999999	14320.672025	14316.36594	14319.599450999998			1.0	1.0	0.0	3.0					
14324.66	17.43000000000029	trials	31.0	14337.762949999998	14339.824862	14341.766633	14342.097705	14336.852619	14341.058678			1.0	1.0	0.0	3.0					
14346.095	10.085000000000946	trials	31.0	14353.053327	14354.807173	14356.168983	14356.664756999999	14352.473913999998	14355.488537			1.0	1.0	0.0	3.0					
14360.53	451.36099999999897	BlockDesign														1.0	772.0	793.0	50.0	90.0
14360.53	11.459999999999127	trials	32.0	14366.977775	14368.609236999999	14370.135873	14370.327470999999	14366.15115	14369.493534	14370.766	14371.99	1.0	1.0	1.0	1.0					
14376.01	9.42200000000048	trials	32.0	14382.336749999999	14383.518065999999	14384.982627	14385.435727999999	14381.630302999998	14384.301049			1.0	1.0	0.0	3.0					
14389.424	33.2559999999994	trials	32.0	14419.097672	14420.510581999999	14421.784579	14422.210496	14418.500702	14421.113254999998			1.0	1.0	0.0	3.0					
14424.126	9.274999999999636	trials	32.0	14429.847764999999	14431.803327	14432.98776	14433.431671999999	14429.144279999999	14432.258909			1.0	1.0	0.0	3.0					
14436.33	52.67000000000007	trials	32.0	14484.219323	14485.742787	14487.085502999998	14487.317915	14483.550838	14486.418190999999	14487.845	14489.0	1.0	1.0	1.0	1.0					
14491.127	14.83299999999872	trials	32.0	14500.498841999999	14502.359144999999	14504.129964	14504.387173	14499.579903999998	14503.587865999998	14504.855	14505.96	1.0	2.0	1.0	1.0					
14509.101	19.128999999998996	trials	32.0	14522.587119	14523.859895999998	14526.432496999998	14526.684005	14521.689826999998	14525.769017999999	14527.016	14528.23	1.0	2.0	1.0	1.0					
14532.25	13.476000000000568	trials	32.0	14540.362529999999	14541.581171999998	14543.955773	14544.155289999999	14539.613967	14542.978396999999	14544.585	14545.726	1.0	2.0	1.0	1.0					
14547.816	12.76299999999901	trials	32.0	14554.917293999999	14556.579425	14558.699094	14558.855241	14553.913625	14557.570214	14559.29	14560.579	1.0	2.0	1.0	1.0					
14562.59	27.545000000000073	trials	32.0	14584.858230999998	14585.869716	14588.317084999999	14588.567190999998	14584.108031	14587.646975	14589.101	14590.135	1.0	2.0	1.0	1.0					
14593.151	12.60399999999936	trials	32.0	14599.992809	14601.603812	14603.760146999999	14604.047837999999	14599.017140999998	14602.696546	14604.505	14605.755	1.0	2.0	1.0	1.0					
14608.706	28.604999999999563	trials	32.0	14632.408070999998	14634.042961	14635.576549999998	14635.738771999999	14631.63403	14635.008496999999	14636.186	14637.311	1.0	2.0	1.0	1.0					
14639.365	21.17500000000109	trials	32.0	14654.728207	14656.084513999998	14658.699894	14658.990806999998	14654.009966999998	14657.376455	14659.5	14660.54	1.0	2.0	1.0	1.0					
14662.561	12.53399999999965	trials	32.0	14669.038240999998	14670.769408	14673.299507	14673.499548	14668.339691	14672.56296	14674.0	14675.095	1.0	2.0	1.0	1.0					
14679.226	8.25	trials	32.0	14682.103571	14683.896775	14686.260323999999	14686.523672	14681.281221	14685.532619999998			1.0	2.0	0.0	3.0					
14688.595	9.68500000000131	trials	32.0	14690.424814999998	14691.749888999999	14696.352125999998	14696.500258999999	14687.508238999999	14694.896026999999			1.0	1.0	0.0	3.0					
14699.746	8.454999999999927	trials	32.0	14701.434109999998	14702.669423	14706.333322999999	14706.563990999999	14698.310948999999	14705.298976999999	14706.885	14708.201	1.0	2.0	1.0	1.0					
14712.283	26.127000000000407	trials	32.0	14732.933653999999	14734.555965	14736.663349999999	14736.904015	14732.388383999998	14735.548879999998	14737.34	14738.41	1.0	2.0	1.0	1.0					
14742.47	11.220000000001164	trials	32.0	14747.509913999998	14748.750422	14752.061990999999	14752.211583999999	14746.911838999999	14751.400027	14752.74	14753.69	1.0	2.0	1.0	1.0					
14755.77	11.979999999999563	trials	32.0	14761.913161999999	14763.75777	14765.913643999998	14766.112412999999	14761.281233999998	14765.068394999998	14766.565	14767.75	1.0	2.0	1.0	1.0					
14771.815	13.149999999999636	trials	32.0	14780.153757	14781.346722999999	14783.076169999998	14783.379447	14779.432653	14782.398701999999	14783.79	14784.965	1.0	2.0	1.0	1.0					
14788.062	23.828999999999724	trials	32.0	14805.109084	14807.026886	14810.127104	14810.304376999999	14804.381303999999	14809.409913	14810.955	14811.891	1.0	2.0	1.0	1.0					
14814.001	758.4089999999997	BlockDesign														0.0	794.0	845.0	90.0	50.0
14814.001	19.898999999999432	trials	33.0	14828.543411999999	14830.270304999998	14832.149839	14832.341079999998	14827.865397	14831.340696	14832.97	14833.9	1.0	2.0	1.0	1.0					
14837.992	12.07799999999952	trials	33.0	14845.373948999999	14846.515812	14848.288991999998	14848.425758999998	14844.636202	14847.630850999998	14848.936	14850.07	1.0	2.0	1.0	1.0					
14853.09	12.649999999999636	trials	33.0	14861.415971999999	14862.950074999999	14864.514068999999	14864.858487	14860.660311	14863.64386			1.0	2.0	0.0	3.0					
14867.86	13.53099999999904	trials	33.0	14875.058201	14876.601165	14879.412166999999	14879.518925999999	14874.155025	14878.305075999999	14880.165	14881.391	1.0	1.0	1.0	1.0					
14885.415	10.875	trials	33.0	14890.453781	14892.703242	14894.616854999998	14894.804209999998	14889.824663	14893.878837999999	14895.23	14896.29	1.0	2.0	1.0	1.0					
14899.416	8.954000000001543	trials	33.0	14903.703909	14905.632480999999	14907.232558	14907.511761999998	14902.902019	14906.509199			1.0	2.0	0.0	3.0					
14909.632	6.523000000001048	trials	33.0	14911.328981999999	14913.061289	14915.186251	14915.605479999998	14908.399535999999	14914.377858			1.0	1.0	0.0	3.0					
14917.675	6.470000000001164	trials	33.0	14919.439444	14920.663614	14922.843406999998	14923.401879	14916.187715999999	14922.162837			1.0	2.0	0.0	3.0					
14927.175	7.280000000000655	trials	33.0	14929.149474999998	14930.290793	14932.597118	14932.861545	14928.262755	14931.522922	14933.351	14934.455	1.0	1.0	1.0	1.0					
14938.54	10.875	trials	33.0	14943.475032999999	14944.86789	14947.718568999999	14947.953266999999	14942.589095	14946.730811999998	14948.585	14949.415	1.0	2.0	1.0	1.0					
14952.476	9.933999999999287	trials	33.0	14956.668797999999	14958.1462	14960.595207999999	14960.785655	14955.866171999998	14959.7629	14961.32	14962.41	1.0	2.0	1.0	1.0					
14965.493	13.711999999999534	trials	33.0	14973.378807	14974.492472999998	14977.857633	14978.059588999999	14972.513767999999	14977.056357			1.0	2.0	0.0	3.0					
14981.189	13.476000000000568	trials	33.0	14988.025204999998	14989.990694999999	14993.275085	14993.446993999998	14987.029281	14992.444613			1.0	2.0	1.0	1.0					
14998.795	14.681000000000495	trials	33.0	15009.015275999998	15010.42089	15013.069574	15013.508452999999	15008.15823	15012.031028999998			1.0	2.0	0.0	3.0					
15016.456	10.488999999999578	trials	33.0	15021.175834	15022.311410999999	15025.136223	15025.281683	15020.380689	15024.35004	15025.78	15026.945	1.0	1.0	1.0	1.0					
15029.035	17.105999999999767	trials	33.0	15041.239413	15042.814212	15044.531218	15044.597558	15040.369781	15043.7879	15045.205	15046.141	1.0	1.0	1.0	1.0					
15048.175	13.43500000000131	trials	33.0	15056.129670999999	15058.037698	15059.860675999998	15059.950265	15055.621389	15058.826691999999	15060.445	15061.61	1.0	1.0	1.0	1.0					
15064.69	14.388999999999214	trials	33.0	15072.970991999999	15074.166313	15077.437976	15077.588317999998	15072.352685999998	15075.703601	15078.226	15079.079	1.0	1.0	1.0	1.0					
15081.09	12.386000000000422	trials	33.0	15088.739926999999	15090.768659	15092.405300999999	15092.489206999999	15087.794222999999	15091.573487			1.0	1.0	1.0	1.0					
15095.984	11.781999999999243	trials	33.0	15102.529868999998	15104.501387999999	15105.981254999999	15106.094513999999	15101.541274	15105.337877999998	15106.675	15107.766	1.0	1.0	1.0	1.0					
15109.851	12.22400000000016	trials	33.0	15116.754345	15118.701943999999	15120.328781	15120.412137	15115.752804	15119.698779999999	15120.915	15122.075	1.0	1.0	1.0	1.0					
15125.145	18.590000000000146	trials	33.0	15137.785026	15139.341453	15141.106055999999	15141.290937999998	15136.965499999998	15140.408484	15141.86	15143.735	1.0	1.0	1.0	1.0					
15145.75	15.235000000000582	trials	33.0	15155.665038	15157.684755999999	15159.509032999998	15159.628598	15154.993131	15158.934425			1.0	1.0	0.0	3.0					
15161.972	7.978000000000975	trials	33.0	15163.629668999998	15165.559685999999	15168.892210999998	15169.128524	15161.018138	15167.903945999999			1.0	2.0	1.0	1.0					
15174.535	15.340000000000146	trials	33.0	15183.525402	15185.026444	15188.155906999998	15188.217965	15182.825115	15187.057991	15188.775	15189.875	1.0	1.0	1.0	1.0					
15192.891	11.53900000000067	trials	33.0	15199.525432999999	15201.428606999998	15202.673021999999	15202.753918999999	15198.720076999998	15202.014110999999	15203.445	15204.43	1.0	1.0	1.0	1.0					
15206.451	22.794000000001688	trials	33.0	15223.401689999999	15224.500986	15227.380446	15227.631725	15222.63115	15226.669123	15228.07	15229.245	1.0	2.0	1.0	1.0					
15232.336	11.379000000000815	trials	33.0	15238.440759	15239.540270999998	15242.094278999999	15242.257087999998	15237.577867999998	15240.839522999999			1.0	2.0	0.0	3.0					
15246.546	5.4539999999997235	trials	33.0	15248.205227999999	15248.272690999998			15243.74886	15248.269261999998			1.0		0.0	2.0					
15252.321	7.994000000000597	trials	33.0	15254.096891	15255.914621	15258.527595	15258.814724999998	15253.288741999999	15257.64066	15259.186	15260.315	1.0	2.0	1.0	1.0					
15263.425	12.329999999999927	trials	33.0	15269.726513999998	15271.357332	15273.955715999999	15274.219330999998	15268.896413999999	15272.923109	15274.755	15275.755	1.0	2.0	1.0	1.0					
15278.805	10.404999999998836	trials	33.0	15284.580807999999	15285.867387999999	15287.444990999998	15287.598734	15284.011916	15286.750215	15288.035	15289.21	1.0	2.0	1.0	1.0					
15293.23	9.395000000000437	trials	33.0	15297.43098	15298.590583	15300.932320999998	15301.120498999999	15296.734546	15300.093961999999	15301.686	15302.625	1.0	2.0	1.0	1.0					
15306.72	11.012000000000626	trials	33.0	15312.487166	15313.533728	15316.576178000001	15316.899054000001	15311.613302000002	15315.868089000001			1.0	2.0	0.0	3.0					
15318.96	7.7150000000001455	trials	33.0	15320.987207	15322.083624	15324.161852000001	15324.330689	15317.756221000001	15322.743888			1.0	1.0	0.0	3.0					
15328.56	8.52100000000064	trials	33.0	15330.543925	15332.325242	15335.382905	15335.623151000002	15326.69762	15334.520978	15336.145	15337.081	1.0	2.0	1.0	1.0					
15341.163	7.2369999999991705	trials	33.0	15344.34804	15345.526916	15347.278097	15347.651234	15343.788579	15346.611701000002			1.0	2.0	0.0	3.0					
15349.667	7.708000000000538	trials	33.0	15351.662295	15353.669184	15355.493571	15355.749732	15348.425831	15354.025454	15356.235	15357.375	1.0	1.0	1.0	1.0					
15361.425	11.045000000000073	trials	33.0	15366.535493000001	15368.810807000002	15370.691306	15370.828299	15365.643605000001	15369.610562000002	15371.28	15372.47	1.0	1.0	1.0	1.0					
15376.535	15.498999999999796	trials	33.0	15386.418839	15387.549807000001	15390.162459000001	15390.271962	15385.695497	15389.254881	15390.811	15392.034	1.0	1.0	1.0	1.0					
15396.115	9.923000000000684	trials	33.0	15400.987251	15402.966092	15404.294889	15404.393697000001	15400.105463000002	15403.629173000001	15404.976	15406.038	1.0	1.0	1.0	1.0					
15410.055	8.19000000000051	trials	33.0	15413.668965	15414.888054000001	15416.310884	15416.424843	15412.676136	15415.567475000002	15417.005	15418.245	1.0	1.0	1.0	1.0					
15422.283	7.757000000001426	trials	33.0	15425.912124	15427.975175000001	15428.970156000001	15429.131999000001	15425.383544	15428.077155			1.0	1.0	1.0	1.0					
15433.535	12.770000000000437	trials	33.0	15442.497165	15443.731878	15445.146044000001	15445.249224000001	15441.614928	15444.514644			1.0	1.0	1.0	1.0					
15450.686	11.264000000001033	trials	33.0	15457.608173	15458.706516	15459.958143000002	15460.112348	15456.780419	15459.275766	15460.68	15461.95	1.0	1.0	1.0	1.0					
15463.97	25.335000000000946	trials	33.0	15484.413021	15486.435464	15487.685363	15487.767596000002	15483.631337	15487.072341000001	15488.44	15489.305	1.0	1.0	1.0	1.0					
15492.396	11.85399999999936	trials	33.0	15499.738018	15501.510302	15502.572962	15502.641497	15499.176621	15501.904914	15503.26	15504.25	1.0	1.0	1.0	1.0					
15506.27	13.654999999998836	trials	33.0	15515.243529000001	15517.152554	15518.255107	15518.35273	15514.309824	15517.588092	15518.905	15519.925	1.0	1.0	1.0	1.0					
15524.005	7.386000000000422	trials	33.0	15526.723073000001	15528.7536	15529.634660000002	15529.707641	15525.926481	15528.993387	15530.33	15531.391	1.0	1.0	1.0	1.0					
15535.461	8.329000000001543	trials	33.0	15539.129985000001	15540.685234	15542.063556000001	15542.122625	15538.316306	15541.37016	15542.8	15543.79	1.0	1.0	1.0	1.0					
15545.876	10.588999999999942	trials	33.0	15551.848605000001	15553.792079	15554.854226000001	15554.911751000001	15550.932419	15554.224472000002	15555.465	15556.465	1.0	1.0	1.0	1.0					
15559.545	12.864999999999782	trials	33.0	15567.393134000002	15569.350296	15570.627773	15570.712259	15566.595231000001	15570.077096	15571.3	15572.41	1.0	1.0	1.0	1.0					
15575.446	14.569999999999709	BlockDesign														0.0	846.0	847.0	50.0	0.0
15575.446	11.41400000000067	trials	34.0	15580.148392000001	15582.073497000001	15585.087509	15585.244475000001	15579.616587	15584.02347	15585.77	15586.86	2.0	1.0	1.0	1.0					
15589.013	1.0029999999987922	trials	34.0											0.0	0.0					
