onset	duration	nwb_table	block	tone_on_time	tone_off_time	action_on_time	action_off_time	pokeC_on_time	pokeC_off_time	reward_on_time	reward_off_time	state	action	reward	result	FinishedBlock	FirstTrial	LastTrial	RewardRule_L	RewardRule_R
3.74	389.711	BlockDesign														1.0	1.0	21.0	50.0	0.0
3.74	9.245	trials	1.0	5.475435	7.333673000000001	9.049267	10.567783	3.7897550000000004	8.154325			2.0	2.0	0.0	3.0					
13.375	6.57	trials	1.0	15.172663	17.209968	18.127494	18.354058000000002	13.035621	17.491404	18.911	19.945	2.0	1.0	1.0	1.0					
22.016	14.435000000000002	trials	1.0	31.770456000000003	33.757318	35.974078	36.502476	30.873905	35.233299			2.0	1.0	0.0	3.0					
38.33	7.579999999999998	trials	1.0	42.390552	43.677475	45.487839	45.961755000000004	41.554944	44.772622			2.0	1.0	0.0	3.0					
47.83	22.105000000000004	trials	1.0	62.810567	63.977124999999994	69.373753	69.985195	61.843162	68.45563200000001			2.0	1.0	0.0	3.0					
71.717	88.39800000000001	trials	1.0	155.520939	156.72104199999998	158.226365	158.500846	154.69571399999998	157.498503	158.92	160.115	2.0	1.0	1.0	1.0					
163.135	10.950000000000017	trials	1.0	170.525773	171.649023	173.815735	174.126524	169.88866	173.038672			2.0	1.0	0.0	3.0					
178.13	13.515000000000015	trials	1.0	185.335774	186.997224	189.852318	190.131889	184.72948	189.075862	190.605	191.645	2.0	1.0	1.0	1.0					
194.705	12.297999999999973	trials	1.0	202.200706	203.402794	206.563786	207.058435	201.32665599999999	205.76163			2.0	1.0	0.0	3.0					
208.921	7.724000000000018	trials	1.0	210.710704	212.523097	216.061825	216.699899	210.183064	214.65925			2.0	2.0	0.0	3.0					
220.56	12.044999999999987	trials	1.0	228.306309	229.49509899999998	230.93046099999998	231.015217	227.51908799999998	230.20423499999998	231.52	232.605	2.0	1.0	1.0	1.0					
234.625	24.83499999999998	trials	1.0	254.905965	256.02884500000005	257.88295300000004	258.009829	253.919256	257.115537	258.585	259.46	2.0	1.0	1.0	1.0					
261.551	24.360000000000014	trials	1.0	281.86620700000003	283.102726	284.288993	284.470951	280.89887500000003	283.540049	284.93	285.911	2.0	1.0	1.0	1.0					
289.0	23.319999999999993	trials	1.0	307.70133400000003	309.46308400000004	310.502647	310.68525	306.93779700000005	309.79505700000004	311.125	312.32	2.0	1.0	1.0	1.0					
314.411	10.653999999999996	trials	1.0	321.636679	323.482145	324.65267400000005	325.11602800000003	320.895412	323.908361			2.0	1.0	0.0	3.0					
328.99	7.154999999999973	trials	1.0	332.281623	334.072834	335.71434100000005	336.197872	331.39517800000004	334.919998			2.0	1.0	0.0	3.0					
337.99	5.949999999999989	trials	1.0	339.741412	341.25275200000004	342.64489000000003	343.994506	338.90708	341.746963			2.0	2.0	0.0	3.0					
347.031	5.314000000000021	trials	1.0	349.031635	350.38939000000005			347.419057	350.385021			2.0		0.0	2.0					
355.395	12.450000000000045	trials	1.0	362.51205300000004	364.23805600000003	366.67685500000005	367.899195	361.912189	365.86005			2.0	2.0	0.0	3.0					
368.961	13.878999999999962	trials	1.0	377.014218	378.277036	382.42933300000004	382.89616800000005	376.09794	381.61444900000004			2.0	1.0	0.0	3.0					
385.74	7.711000000000013	trials	1.0	389.15191300000004	391.192721	393.336808	393.436275	388.444608	392.599111			2.0	1.0	0.0	3.0					
396.765	647.9399999999999	BlockDesign														1.0	22.0	57.0	0.0	50.0
396.765	14.930000000000007	trials	2.0	406.01713900000004	407.580646	409.77220500000004	410.220858	405.160114	408.799545	397.685	411.695	3.0	2.0	1.0	1.0					
413.715	21.430000000000007	trials	2.0	430.87165500000003	432.623977	434.460625	435.197418	429.95873500000005	433.186168			3.0	2.0	0.0	3.0					
436.8	6.3349999999999795	trials	2.0	439.52206900000004	441.333543	442.85868100000005	443.133502	438.632806	442.15272000000004			3.0	1.0	0.0	3.0					
447.176	11.600000000000023	trials	2.0	450.51745	452.160024	456.92986	458.828863	449.732639	455.38671300000004			3.0	2.0	0.0	3.0					
461.26	6.5400000000000205	trials	2.0	462.871934	464.613621	467.467372	467.755757	461.983714	466.70176000000004			3.0	1.0	0.0	3.0					
469.807	30.962999999999965	trials	2.0	495.42170100000004	496.970299	498.81349900000004	499.199606	494.68849800000004	497.29777	499.465	500.77	3.0	2.0	1.0	1.0					
503.844	18.776999999999987	trials	2.0	517.447181	518.559127	521.804942	522.675655	516.5378469999999	520.248161			3.0	2.0	0.0	3.0					
524.13	7.350000000000023	trials	2.0	527.009045	528.7243119999999	531.1505139999999	531.494994	526.4268	530.367172			3.0	1.0	0.0	3.0					
533.518	12.291999999999916	trials	2.0	538.512714	539.614881	543.7739829999999	544.183136	537.876816	541.691881	544.465	545.81	3.0	2.0	1.0	1.0					
548.754	17.572000000000003	trials	2.0	563.022509	564.658692	565.746898	565.772116	562.031223	564.8613339999999			3.0	2.0	0.0	3.0					
570.036	12.064000000000078	trials	2.0	576.9174509999999	578.656663	581.504881	582.156828	576.329763	579.9302789999999			3.0	2.0	0.0	3.0					
583.815	6.439999999999941	trials	2.0	587.4875619999999	588.6028329999999	589.991398	590.2774469999999	586.555404	589.0650029999999			3.0	1.0	0.0	3.0					
592.336	16.94100000000003	trials	2.0	604.8880389999999	606.843922	608.861329	609.2901969999999	604.365181	607.319789			3.0	2.0	0.0	3.0					
613.276	12.439000000000078	trials	2.0	619.417701	621.1360589999999	624.5888769999999	625.768285	618.5479889999999	623.278232			3.0	2.0	0.0	3.0					
628.326	14.324999999999932	trials	2.0	639.567733	640.852933	642.305761	642.676112	638.657955	641.5483409999999			3.0	1.0	0.0	3.0					
644.615	29.444999999999936	trials	2.0	672.067907	672.1087359999999			671.4938159999999	672.102051			3.0		0.0	2.0					
676.07	15.349999999999909	trials	2.0	688.3678269999999	689.659717	691.148503	691.405576	687.498517	690.015895			3.0	2.0	0.0	3.0					
695.44	16.364999999999895	trials	2.0	702.4977299999999	703.65478	709.336003	709.804317	701.5668509999999	708.528739			3.0	1.0	0.0	3.0					
712.625	8.404999999999973	trials	2.0	715.542814	716.7095009999999	719.773634	721.084379	714.998343	718.838811			3.0	2.0	0.0	3.0					
722.13	33.84500000000003	trials	2.0	749.0429919999999	750.3905159999999	753.934996	754.389736	748.2470099999999	752.40458	754.595	755.975	3.0	2.0	1.0	1.0					
760.138	22.496999999999957	trials	2.0	777.6581699999999	778.74541	780.737347	781.136443	776.6582109999999	779.621868	781.345	782.635	3.0	2.0	1.0	1.0					
784.655	25.341000000000008	trials	2.0	805.4843619999999	806.846562	808.081974	808.519653	804.572113	807.1786629999999	808.746	809.996	3.0	2.0	1.0	1.0					
812.086	19.999000000000024	trials	2.0	828.4932359999999	829.622809	831.330345	832.1413259999999	827.5761729999999	829.956137			3.0	2.0	0.0	3.0					
834.68	5.136000000000081	trials	2.0	836.333133	837.750324	839.377219	839.869122	835.398014	838.596013			3.0	1.0	0.0	3.0					
841.661	7.734000000000037	trials	2.0	844.11374	846.1360649999999	847.3474319999999	847.9074989999999	843.227478	846.322284	848.121	849.395	3.0	2.0	1.0	1.0					
853.551	21.043999999999983	trials	2.0	870.158584	871.84429	873.629822	874.649913	869.47483	872.2046799999999			3.0	2.0	0.0	3.0					
876.915	6.665000000000077	trials	2.0	878.618429	880.116533	883.130736	883.6370069999999	877.614936	882.337947			3.0	1.0	0.0	3.0					
885.49	18.13499999999999	trials	2.0	893.3896569999999	895.370284	901.556325	901.972948	892.480547	896.8864619999999	902.26	903.625	3.0	2.0	1.0	1.0					
905.725	25.38499999999999	trials	2.0	924.324265	925.455742	927.078144	928.6478169999999	923.442492	926.131905			3.0	2.0	0.0	3.0					
931.407	6.697999999999979	trials	2.0	933.003531	934.616347	936.1708229999999	936.544269	931.1670389999999	934.831674	936.8	938.105	3.0	2.0	1.0	1.0					
940.16	19.870000000000005	trials	2.0	953.769327	955.0885079999999	957.469671	958.114913	952.93828	955.9993559999999	958.175	960.03	3.0	2.0	1.0	1.0					
963.145	15.200000000000045	trials	2.0	973.319266	974.981629	977.1681629999999	978.398886	972.646174	975.545722			3.0	2.0	0.0	3.0					
979.505	9.700000000000045	trials	2.0	983.499274	984.516292	986.9391989999999	987.436617	982.5071859999999	986.154591			3.0	1.0	0.0	3.0					
991.314	8.115999999999985	trials	2.0	995.609476	996.752542	998.6754149999999	998.716951	994.686683	997.2127059999999			3.0	2.0	0.0	3.0					
1001.02	21.94500000000005	trials	2.0	1016.559385	1018.030812	1020.915361	1021.385091	1015.922568	1018.9881879999999	1021.555	1022.965	3.0	2.0	1.0	1.0					
1026.035	18.669999999999845	trials	2.0	1039.364595	1040.639785	1042.637919	1043.0934490000002	1038.63992	1041.194671	1043.27	1044.705	3.0	2.0	1.0	1.0					
1047.85	872.3580000000002	BlockDesign														1.0	58.0	104.0	50.0	50.0
1047.85	27.646000000000186	trials	3.0	1068.684868	1070.461219	1071.8277480000002	1072.3972	1067.758602	1071.032205			2.0	1.0	0.0	3.0					
1076.221	5.683999999999969	trials	3.0	1077.940149	1079.7812490000001	1080.9953950000001	1081.9629670000002	1075.549187	1080.078172			2.0	2.0	0.0	3.0					
1084.29	9.88000000000011	trials	3.0	1089.334603	1090.469669	1093.664361	1094.227309	1088.556264	1092.775998			2.0	1.0	0.0	3.0					
1095.942	9.532999999999902	trials	3.0	1101.135954	1102.730407	1104.5222880000001	1105.5300340000001	1100.3945250000002	1102.9446790000002			3.0	2.0	0.0	3.0					
1106.88	10.544999999999845	trials	3.0	1111.739659	1113.706873	1116.5893990000002	1117.48308	1110.7494490000001	1114.822776			3.0	2.0	0.0	3.0					
1120.911	15.914999999999964	trials	3.0	1128.6448560000001	1130.163855	1134.790077	1135.3073490000002	1127.913951	1132.077348	1135.445	1136.826	3.0	2.0	1.0	1.0					
1139.871	15.618999999999915	trials	3.0	1151.2946220000001	1152.38022	1154.416117	1154.621302	1150.475461	1153.547622			2.0	1.0	1.0	1.0					
1157.93	21.934999999999945	trials	3.0	1176.319893	1177.781833	1179.538747	1179.759068	1175.755632	1178.732692			3.0	1.0	0.0	3.0					
1182.94	5.846000000000004	trials	3.0	1184.839431	1186.751768			1183.243113	1186.742805			3.0		0.0	2.0					
1191.87	11.310000000000173	trials	3.0	1198.174633	1200.224202	1201.346368	1201.765417	1197.529698	1200.593578	1202.005	1203.18	2.0	1.0	1.0	1.0					
1205.27	24.02500000000009	trials	3.0	1225.985779	1227.036943	1229.0331190000002	1231.7213590000001	1225.344286	1227.958329			2.0	2.0	0.0	3.0					
1231.35	9.335000000000036	trials	3.0	1234.985913	1236.8852650000001	1238.7618220000002	1239.206772	1234.080156	1237.2936690000001	1239.545	1240.685	3.0	2.0	1.0	1.0					
1243.705	25.715000000000146	trials	3.0	1264.0256140000001	1265.911998	1267.1542590000001	1267.726953	1263.3733140000002	1266.175624	1267.85	1269.42	3.0	2.0	1.0	1.0					
1273.486	16.56899999999996	trials	3.0	1282.420302	1284.411925	1285.9227190000001	1286.512079	1281.567145	1285.031316			2.0	1.0	0.0	3.0					
1290.262	6.758000000000038	trials	3.0	1292.285674	1294.3353160000001	1295.350515	1295.548086	1290.1149030000001	1294.614387	1295.97	1297.02	2.0	1.0	1.0	1.0					
1299.1	26.11500000000001	trials	3.0	1320.365587	1320.4213240000001	1324.305975	1325.274181	1319.584885	1320.411789			3.0		0.0	2.0					
1326.45	9.809999999999945	trials	3.0	1332.51217	1334.224339	1335.513453	1336.319581	1331.753643	1334.776114			2.0	1.0	0.0	3.0					
1337.786	33.04899999999998	trials	3.0	1366.057284	1367.4590620000001	1369.2694390000001	1369.3051420000002	1365.065208	1368.197097			3.0	2.0	0.0	3.0					
1371.615	9.789999999999964	trials	3.0	1377.465376	1378.737474	1379.805765	1379.989444	1376.579056	1379.132934	1380.35	1381.405	2.0	1.0	1.0	1.0					
1384.563	15.158999999999878	trials	3.0	1394.460591	1396.0655980000001	1399.31161	1399.7448610000001	1393.707004	1398.511483			2.0	1.0	0.0	3.0					
1402.675	34.087999999999965	trials	3.0	1430.200996	1431.782794	1435.0367350000001	1435.2430530000001	1429.419169	1434.244308	1410.05	1436.763	2.0	1.0	1.0	1.0					
1439.851	23.519999999999982	trials	3.0	1457.1308940000001	1459.157637	1461.41901	1461.8519410000001	1456.2384960000002	1459.511946	1462.036	1463.371	3.0	2.0	1.0	1.0					
1467.39	10.554999999999836	trials	3.0	1473.1309800000001	1474.492404	1475.9530300000001	1476.0046240000001	1472.23755	1474.831302	1476.765	1477.945	3.0	2.0	1.0	1.0					
1480.031	17.679000000000087	trials	3.0	1492.841063	1494.193477	1496.6927230000001	1497.7677270000001	1492.210534	1495.0998960000002			3.0	2.0	0.0	3.0					
1501.046	5.31899999999996	trials	3.0	1502.8077090000002	1504.340343	1505.351286	1505.6964150000001	1501.279146	1504.657494			2.0	1.0	1.0	1.0					
1508.955	16.5150000000001	trials	3.0	1519.506312	1521.257536	1523.242156	1523.770833	1518.552126	1521.601116	1523.815	1525.47	3.0	2.0	1.0	1.0					
1527.505	10.911999999999807	trials	3.0	1533.591148	1535.1279690000001	1537.594908	1538.4740020000002	1532.8303930000002	1535.50917			3.0	2.0	0.0	3.0					
1540.93	6.724999999999909	trials	3.0	1543.892268	1545.9038400000002	1547.266656	1547.714479	1543.328772	1546.5924400000001			2.0	1.0	0.0	3.0					
1550.58	37.29100000000017	trials	3.0	1581.38805	1582.7072070000002	1585.160315	1587.930345	1580.569696	1583.89272			2.0	2.0	0.0	3.0					
1588.576	5.670000000000073	trials	3.0	1590.7112100000002	1592.6087440000001	1593.932961	1594.076914	1589.8339780000001	1593.180259			2.0	1.0	0.0	3.0					
1596.285	11.99499999999989	trials	3.0	1602.6516780000002	1604.6024670000002	1607.690213	1608.338193	1601.658232	1605.159595			3.0	2.0	0.0	3.0					
1612.078	9.98700000000008	trials	3.0	1618.631734	1618.684091			1618.12174	1618.677324			3.0		0.0	2.0					
1622.725	28.035000000000082	trials	3.0	1644.046743	1645.757247	1648.903819	1649.182777	1643.460832	1648.071817	1649.565	1650.76	2.0	1.0	1.0	1.0					
1654.919	30.215999999999894	trials	3.0	1679.8620700000001	1681.6855600000001	1683.409224	1683.6856690000002	1679.0083450000002	1682.662354	1684.155	1685.135	2.0	1.0	1.0	1.0					
1688.215	28.41500000000019	trials	3.0	1711.5673140000001	1713.113845	1714.727145	1715.1036840000002	1710.789361	1713.43093	1715.4	1716.63	3.0	2.0	1.0	1.0					
1720.716	27.570000000000164	trials	3.0	1744.091917	1745.864152	1747.538878	1748.3428290000002	1743.4537300000002	1746.2706070000002			3.0	2.0	0.0	3.0					
1750.935	5.150000000000091	trials	3.0	1752.8019490000001	1754.134063			1751.371039	1754.122849			3.0		0.0	2.0					
1759.095	9.204999999999927	trials	3.0	1764.098985	1766.048722	1767.787881	1768.359672	1763.367269	1767.011154			2.0	1.0	0.0	3.0					
1770.13	9.429999999999836	trials	3.0	1773.857817	1775.8560340000001	1777.493809	1778.8380220000001	1772.917443	1776.564634			2.0	2.0	0.0	3.0					
1779.831	17.179000000000087	trials	3.0	1790.567638	1791.9141550000002	1795.237321	1795.522245	1789.781357	1792.940358	1795.77	1797.01	3.0	2.0	1.0	1.0					
1799.091	27.229000000000042	trials	3.0	1820.4635580000001	1822.010725	1824.025045	1824.519966	1819.8454860000002	1822.7752990000001	1824.786	1826.32	3.0	2.0	1.0	1.0					
1830.336	13.743999999999915	trials	3.0	1839.5144910000001	1840.767184	1843.578199	1844.141949	1838.9041510000002	1842.6652330000002			2.0	1.0	0.0	3.0					
1846.941	8.038999999999987	trials	3.0	1849.0182160000002	1850.560987	1852.9252780000002	1853.358637	1847.380063	1850.9196000000002	1853.445	1854.98	3.0	2.0	1.0	1.0					
1858.115	19.631000000000085	trials	3.0	1873.2527440000001	1875.266047	1876.500849	1877.806548	1872.319218	1875.575509			3.0	2.0	0.0	3.0					
1880.765	5.544999999999845	trials	3.0	1882.8775170000001	1884.319856	1885.840876	1886.368674	1881.970074	1885.093482			2.0	1.0	0.0	3.0					
1889.122	14.857999999999947	trials	3.0	1896.552349	1898.007399	1902.085915	1902.3480630000001	1895.756053	1901.1387120000002	1902.746	1903.98	2.0	1.0	1.0	1.0					
1906.06	14.148000000000138	trials	3.0	1914.747663	1915.958026	1920.1342180000001	1920.8214910000002	1913.8087990000001	1918.103352			3.0	2.0	0.0	3.0					
1923.56	79.94200000000001	BlockDesign														1.0	105.0	109.0	0.0	0.0
1923.56	8.835000000000036	trials	4.0	1927.0524990000001	1928.8086250000001	1931.531338	1932.455923	1926.4211320000002	1930.766679			2.0	1.0	0.0	3.0					
1935.896	19.169000000000096	trials	4.0	1947.6138580000002	1948.969975	1954.248544	1955.124937	1946.722602	1952.007135			2.0	2.0	0.0	3.0					
1958.673	17.547000000000025	trials	4.0	1971.1281940000001	1972.770297	1975.771324	1976.279982	1970.604816	1974.95071			2.0	1.0	0.0	3.0					
1980.094	8.356999999999971	trials	4.0	1982.083131	1983.459294	1986.1091250000002	1988.513695	1980.252406	1985.080602			2.0	2.0	0.0	3.0					
1989.406	14.096000000000004	trials	4.0	1999.1779530000001	2001.066235	2003.442675	2003.962522	1998.2297350000001	2002.682008			2.0	1.0	0.0	3.0					
2007.875	175.913	BlockDesign														1.0	110.0	114.0	0.0	0.0
2007.875	14.712999999999965	trials	5.0	2013.6399640000002	2015.061568	2022.121339	2022.648559	2012.763835	2017.7033290000002			3.0	2.0	0.0	3.0					
2026.505	22.990999999999985	trials	5.0	2043.7983000000002	2044.910413	2048.4074650000002	2049.553422	2043.140362	2046.312294			3.0	2.0	0.0	3.0					
2052.68	25.070000000000164	trials	5.0	2073.188838	2075.1342640000003	2077.138587	2077.810278	2072.205127	2075.533239			3.0	2.0	0.0	3.0					
2081.483	89.6869999999999	trials	5.0	2166.7798700000003	2167.845433	2169.1544360000003	2171.22912	2166.086175	2168.3167590000003			3.0	2.0	0.0	3.0					
2173.565	10.222999999999956	trials	5.0	2178.079207	2180.1522840000002	2183.75527	2184.491242	2177.164204	2181.617413			3.0	2.0	0.0	3.0					
2186.03	699.6999999999998	BlockDesign														1.0	115.0	154.0	50.0	50.0
2186.03	9.774999999999636	trials	6.0	2190.399684	2192.4254770000002	2195.106748	2195.866915	2189.7397100000003	2193.366445			3.0	2.0	0.0	3.0					
2198.461	16.59400000000005	trials	6.0	2211.11928	2212.991055	2214.554076	2215.114745	2210.124804	2213.875944			2.0	1.0	0.0	3.0					
2216.961	8.85400000000027	trials	6.0	2218.674034	2219.9074370000003	2223.711205	2224.135092	2217.9037430000003	2221.0505120000003	2224.365	2225.815	3.0	2.0	1.0	1.0					
2228.85	22.420000000000073	trials	6.0	2243.975746	2245.531624	2249.147403	2249.621392	2243.3915850000003	2247.026085	2249.755	2251.27	3.0	2.0	1.0	1.0					
2253.286	17.639000000000124	trials	6.0	2261.634053	2263.3794510000002	2268.4656760000003	2270.988715	2260.7112030000003	2263.5715720000003			2.0	2.0	0.0	3.0					
2271.844	9.067000000000007	trials	6.0	2276.891011	2278.251183	2279.899081	2280.1002630000003	2276.069665	2279.182329			2.0	1.0	1.0	1.0					
2285.416	21.04399999999987	trials	6.0	2301.039565	2302.961061	2304.721869	2306.5215200000002	2300.043352	2303.437183			3.0	2.0	0.0	3.0					
2308.99	5.745000000000346	trials	6.0	2310.8295080000003	2312.505988	2313.727104	2313.882508	2309.566542	2313.055597			2.0	1.0	1.0	1.0					
2317.267	74.58800000000019	trials	6.0	2386.705	2388.6164590000003	2389.762789	2390.224558	2385.72634	2388.888211	2390.395	2391.855	3.0	2.0	1.0	1.0					
2394.875	9.13000000000011	trials	6.0	2398.794691	2400.55612	2401.8509480000002	2401.920619	2398.25682	2400.841164			3.0	2.0	0.0	3.0					
2404.125	6.849999999999909	trials	6.0	2407.2947750000003	2408.754925	2410.549122	2411.035495	2406.339801	2409.814989			2.0	1.0	0.0	3.0					
2412.96	17.49499999999989	trials	6.0	2424.280846	2426.049802	2428.4405540000002	2428.619019	2423.668299	2427.672754	2429.06	2430.455	2.0	1.0	1.0	1.0					
2433.52	11.75	trials	6.0	2438.034967	2439.67636	2443.070484	2443.530793	2437.421676	2440.406473	2443.645	2445.27	3.0	2.0	1.0	1.0					
2448.358	9.45699999999988	trials	6.0	2453.5545230000002	2455.285542	2457.3599950000003	2457.875218	2452.5750780000003	2456.41951			2.0	1.0	0.0	3.0					
2461.631	11.619000000000142	trials	6.0	2467.834825	2469.6843630000003	2472.1117910000003	2473.312348	2466.963349	2469.964444			3.0	2.0	0.0	3.0					
2476.46	15.675000000000182	trials	6.0	2487.5949840000003	2488.6715440000003	2490.3864280000003	2490.658084	2486.934519	2489.6229040000003	2490.996	2492.135	2.0	1.0	1.0	1.0					
2494.173	13.467000000000098	trials	6.0	2501.925049	2503.256866	2505.667293	2505.910605	2501.419057	2504.818887	2506.33	2507.64	2.0	1.0	1.0	1.0					
2509.656	10.38000000000011	trials	6.0	2515.125121	2516.9021310000003	2519.387071	2520.100027	2514.6026580000002	2517.39892			3.0	2.0	0.0	3.0					
2522.77	6.195000000000164	trials	6.0	2524.8003400000002	2525.906838	2527.1686290000002	2527.441293	2523.182092	2526.436883	2527.86	2528.965	2.0	1.0	1.0	1.0					
2533.031	8.829000000000178	trials	6.0	2537.8558080000003	2539.7422340000003	2541.405636	2541.921198	2536.9059970000003	2540.552932			3.0	1.0	0.0	3.0					
2544.75	9.75500000000011	trials	6.0	2546.726974	2548.2738520000003	2552.3666900000003	2552.806146	2545.169347	2549.055529	2553.036	2554.505	3.0	2.0	1.0	1.0					
2558.53	9.349999999999909	trials	6.0	2562.5405690000002	2564.1293220000002	2566.955845	2567.9446820000003	2561.631577	2564.579041			2.0	2.0	0.0	3.0					
2570.361	8.624000000000251	trials	6.0	2574.73083	2576.063577	2578.54437	2579.046348	2573.754103	2577.806887			2.0	1.0	0.0	3.0					
2580.895	29.164999999999964	trials	6.0	2603.566135	2604.797602	2607.939313	2608.387534	2602.63422	2605.696981	2608.655	2610.06	3.0	2.0	1.0	1.0					
2612.094	11.326000000000022	trials	6.0	2617.561894	2619.260112	2622.691116	2623.4839580000003	2616.8757530000003	2619.693562			2.0	2.0	0.0	3.0					
2625.462	9.458000000000084	trials	6.0	2631.142576	2632.593798	2634.4415400000003	2634.981259	2630.292571	2633.658637			3.0	1.0	0.0	3.0					
2637.78	6.569999999999709	trials	6.0	2639.74564	2641.013335	2643.666909	2644.413943	2638.115745	2641.7989820000003			3.0	2.0	0.0	3.0					
2646.969	35.64599999999973	trials	6.0	2677.7556170000003	2679.019167	2680.928461	2681.014108	2676.802336	2680.143687	2681.661	2682.615	2.0	1.0	1.0	1.0					
2686.635	13.169999999999618	trials	6.0	2693.6805400000003	2695.150308	2697.890065	2698.238175	2693.01084	2697.057847	2698.56	2699.805	2.0	1.0	1.0	1.0					
2703.905	13.261999999999716	trials	6.0	2709.840555	2711.671308	2714.7429970000003	2715.24273	2709.0929770000002	2712.233181	2715.475	2717.167	3.0	2.0	1.0	1.0					
2719.246	8.993999999999687	trials	6.0	2724.156351	2725.3612160000002	2727.706573	2728.305079	2723.204661	2726.745545			2.0	1.0	0.0	3.0					
2731.096	6.5590000000001965	trials	6.0	2733.156171	2734.395559	2736.881211	2737.716646	2731.515492	2734.860595			3.0	2.0	0.0	3.0					
2740.162	35.4680000000003	trials	6.0	2771.5912040000003	2772.695635	2775.166282	2775.693271	2770.860643	2774.259197			2.0	1.0	0.0	3.0					
2779.49	5.220000000000255	trials	6.0	2781.446779	2782.6933520000002	2784.1344090000002	2784.7715630000002	2779.7821950000002	2783.397482			2.0	1.0	0.0	3.0					
2786.52	12.93100000000004	trials	6.0	2793.501265	2795.122498	2798.1851930000003	2799.516861	2792.759298	2796.038959			3.0	2.0	0.0	3.0					
2800.525	8.154999999999745	trials	6.0	2803.771867	2805.045079	2806.941694	2807.134501	2803.130589	2806.169652	2807.505	2808.68	2.0	1.0	1.0	1.0					
2811.772	20.153000000000247	trials	6.0	2825.621968	2827.461354	2829.6720290000003	2830.2272860000003	2824.96492	2827.983724	2830.496	2831.925	3.0	2.0	1.0	1.0					
2834.01	10.879999999999654	trials	6.0	2839.416717	2841.4728410000002	2843.879364	2844.953656	2838.8058530000003	2841.9028000000003			3.0	2.0	0.0	3.0					
2847.145	24.3449999999998	trials	6.0	2865.506215	2867.07894	2869.383363	2869.828675	2864.8272890000003	2867.882607	2870.036	2871.49	3.0	2.0	1.0	1.0					
2875.564	10.166000000000167	trials	6.0	2880.2281940000003	2881.7832670000003	2883.698155	2884.110423	2879.245507	2882.80395	2884.26	2885.73	2.0	1.0	1.0	1.0					
2888.813	887.8919999999998	BlockDesign														1.0	155.0	209.0	10.0	50.0
2888.813	8.92699999999968	trials	7.0	2894.416699	2895.656296	2897.259783	2897.8020380000003	2893.656672	2896.2820770000003			1.0	1.0	0.0	3.0					
2899.591	6.26700000000028	trials	7.0	2902.551612	2904.41931	2905.532013	2905.609738	2901.8171660000003	2904.890717			1.0	1.0	0.0	3.0					
2908.94	8.835000000000036	trials	7.0	2913.136411	2914.825843	2917.338996	2917.836376	2912.502238	2916.556144			1.0	1.0	0.0	3.0					
2919.605	7.574999999999818	trials	7.0	2921.7686320000003	2923.820614	2925.229206	2925.6627790000002	2920.9671040000003	2924.1419650000003	2925.89	2927.18	1.0	2.0	1.0	1.0					
2929.195	12.0	trials	7.0	2935.631472	2937.460036	2940.0083600000003	2941.2564740000003	2935.0954540000002	2938.02001			1.0	2.0	0.0	3.0					
2943.331	9.11999999999989	trials	7.0	2949.161826	2950.308506	2952.01602	2952.515086	2948.490637	2951.336029			1.0	1.0	0.0	3.0					
2956.41	14.985000000000127	trials	7.0	2966.978878	2968.762686	2970.67062	2970.794554	2966.3872850000002	2969.207763			1.0	2.0	0.0	3.0					
2973.025	7.4099999999998545	trials	7.0	2975.846602	2977.608417	2978.634082	2978.827119	2975.3190910000003	2977.970514	2979.275	2980.435	1.0	1.0	1.0	1.0					
2983.531	11.844000000000051	trials	7.0	2989.737898	2991.9654920000003	2993.4214110000003	2993.851452	2989.155889	2992.553046	2994.025	2995.375	1.0	2.0	1.0	1.0					
2998.465	9.879999999999654	trials	7.0	3002.557075	3004.381561	3006.1946350000003	3006.765661	3002.007415	3004.75447	3006.71	3008.345	1.0	2.0	1.0	1.0					
3012.365	12.070000000000164	trials	7.0	3018.7569280000002	3019.789277	3022.2148190000003	3022.674022	3017.85237	3020.3342470000002	3023.02	3024.435	1.0	2.0	1.0	1.0					
3026.455	14.496000000000095	trials	7.0	3035.3818650000003	3037.072863	3038.860375	3039.269285	3034.776156	3037.416675	3039.475	3040.951	1.0	2.0	1.0	1.0					
3043.06	16.220000000000255	trials	7.0	3053.657526	3054.963831	3057.188725	3057.5725700000003	3052.974655	3055.595466	3057.871	3059.28	1.0	2.0	1.0	1.0					
3063.37	9.956000000000131	trials	7.0	3066.790355	3068.656731	3070.276653	3070.684096	3065.844773	3068.92626	3070.996	3073.326	1.0	2.0	1.0	1.0					
3077.404	9.416999999999916	trials	7.0	3082.415473	3083.8357379999998	3085.757088	3086.903308	3081.845344	3084.282324			1.0	2.0	0.0	3.0					
3088.07	9.11999999999989	trials	7.0	3093.848908	3095.783967	3096.80934	3097.275475	3092.880743	3096.024529			1.0	1.0	0.0	3.0					
3100.1	51.710000000000036	trials	7.0	3147.73869	3149.3032	3151.373703	3151.898226	3147.192592	3149.505255			1.0	2.0	0.0	3.0					
3154.621	8.929000000000087	trials	7.0	3159.594349	3161.179239	3163.239912	3163.6189	3159.057682	3162.392931			1.0	1.0	0.0	3.0					
3167.536	11.164999999999964	trials	7.0	3172.828897	3174.482643	3178.057296	3178.787352	3171.943914	3175.863336			1.0	2.0	0.0	3.0					
3181.66	12.200000000000273	trials	7.0	3188.954034	3190.979205	3191.960349	3192.397697	3188.065585	3191.280627	3192.65	3193.86	1.0	1.0	1.0	1.0					
3195.891	12.219000000000051	trials	7.0	3202.384456	3204.207101	3207.288541	3208.196765	3201.449842	3204.884002			1.0	2.0	0.0	3.0					
3210.54	4.9650000000001455	trials	7.0	3212.415867	3214.105915	3215.277351	3215.484492	3210.847818	3214.600022			1.0	1.0	0.0	3.0					
3219.57	38.49299999999994	trials	7.0	3252.229579	3253.261542	3257.282902	3258.072081	3251.6672909999998	3254.252206			1.0	2.0	0.0	3.0					
3262.076	14.858999999999924	trials	7.0	3269.224579	3271.0061379999997	3274.816572	3275.343361	3268.459552	3271.604198	3275.505	3276.935	1.0	2.0	1.0	1.0					
3279.02	16.315000000000055	trials	7.0	3289.024803	3290.436742	3293.123449	3293.599408	3288.275044	3291.121828	3293.72	3295.335	1.0	2.0	1.0	1.0					
3299.355	8.7800000000002	trials	7.0	3303.675	3305.672776	3307.400659	3308.222962	3303.108379	3305.884294			1.0	2.0	0.0	3.0					
3309.637	8.202999999999975	trials	7.0	3313.189785	3314.777314	3317.240812	3317.92575	3312.213519	3316.473387			1.0	1.0	0.0	3.0					
3320.615	11.305000000000291	trials	7.0	3326.140104	3327.82476	3330.025017	3330.450288	3325.587223	3328.682356	3330.715	3331.92	1.0	2.0	1.0	1.0					
3335.004	13.71100000000024	trials	7.0	3344.095282	3345.233596	3347.423617	3348.804033	3343.190631	3345.781466			1.0	2.0	0.0	3.0					
3349.753	15.947999999999865	trials	7.0	3357.949908	3359.621649	3362.559568	3363.362138	3357.126548	3360.560398			1.0	2.0	0.0	3.0					
3365.87	4.9650000000001455	trials	7.0	3367.626397	3369.63717	3370.526737	3370.903181	3365.785879	3369.847062			1.0	1.0	0.0	3.0					
3374.77	12.849999999999909	trials	7.0	3382.0014579999997	3383.941821	3387.066952	3387.686074	3381.467671	3384.743181			1.0	2.0	0.0	3.0					
3389.62	37.501000000000204	trials	7.0	3423.041715	3425.081119	3426.260233	3427.205755	3422.147151	3425.376892			1.0	2.0	0.0	3.0					
3430.58	8.095000000000255	trials	7.0	3435.135709	3436.291282	3438.227899	3438.762909	3434.416813	3437.423166			1.0	1.0	0.0	3.0					
3441.465	7.2599999999997635	trials	7.0	3444.245023	3445.628631	3448.208784	3448.814768	3443.2806769999997	3446.321122			1.0	2.0	0.0	3.0					
3450.505	12.490999999999985	trials	7.0	3458.900289	3460.682731	3462.530041	3463.079682	3457.98621	3461.782258			1.0	1.0	0.0	3.0					
3464.8	10.36999999999989	trials	7.0	3468.66021	3470.277169	3473.20095	3473.645848	3468.121806	3471.231967	3473.96	3475.17	1.0	2.0	1.0	1.0					
3479.24	14.265000000000327	trials	7.0	3487.46197	3489.480951	3492.303112	3493.594492	3486.709956	3489.973019			1.0	2.0	0.0	3.0					
3496.596	6.329000000000178	trials	7.0	3499.02574	3500.357339	3502.445308	3503.013672	3498.179121	3501.682948			1.0	1.0	0.0	3.0					
3506.762	28.983999999999924	trials	7.0	3529.45555	3530.9191849999997	3533.701602	3534.129788	3528.640441	3531.6803019999998	3534.286	3535.746	1.0	2.0	1.0	1.0					
3539.767	9.193000000000211	trials	7.0	3545.13603	3546.654697	3548.0690290000002	3549.0474	3544.423254	3547.038183			1.0	2.0	0.0	3.0					
3551.365	5.790000000000418	trials	7.0	3553.196103	3555.242884	3556.713832	3557.240611	3552.1301949999997	3555.952309			1.0	1.0	0.0	3.0					
3559.01	40.90099999999984	trials	7.0	3594.3561879999997	3596.3347169999997	3597.597397	3598.180826	3593.602025	3596.636473	3598.201	3599.911	1.0	2.0	1.0	1.0					
3601.956	10.4699999999998	trials	7.0	3606.6814919999997	3607.879493	3610.160473	3610.6436	3605.996059	3608.234518	3610.855	3612.426	1.0	2.0	1.0	1.0					
3615.485	7.760999999999967	trials	7.0	3618.767724	3620.3203949999997	3621.738574	3623.332642	3618.131331	3620.696305			1.0	2.0	0.0	3.0					
3625.051	15.094000000000051	trials	7.0	3634.346565	3635.758272	3638.163766	3638.511687	3633.424089	3636.13345	3638.915	3640.145	1.0	2.0	1.0	1.0					
3643.235	8.0	trials	7.0	3646.841579	3647.953028	3650.608902	3651.323382	3646.270976	3648.585892			1.0	2.0	0.0	3.0					
3652.88	8.434999999999945	trials	7.0	3656.087781	3657.780562	3660.607956	3661.4026599999997	3655.334979	3659.200639			1.0	2.0	0.0	3.0					
3663.956	12.138999999999669	trials	7.0	3670.45594	3672.168092	3675.044843	3676.185498	3669.466014	3673.0181549999998			1.0	2.0	0.0	3.0					
3679.36	5.5349999999998545	trials	7.0	3682.797137	3682.888812			3681.886877	3682.885602			1.0		0.0	2.0					
3686.971	18.684000000000196	trials	7.0	3700.742779	3702.750892	3704.7473410000002	3705.745053	3699.8423000000003	3703.130722			1.0	2.0	0.0	3.0					
3708.06	16.175000000000182	trials	7.0	3719.816652	3721.824127	3723.782128	3724.3242529999998	3718.886525	3722.9703879999997			1.0	1.0	0.0	3.0					
3726.022	25.78800000000001	trials	7.0	3745.1283789999998	3746.456596	3749.680101	3750.129992	3744.196699	3747.7495719999997	3750.265	3751.81	1.0	2.0	1.0	1.0					
3755.826	7.528999999999996	trials	7.0	3758.812066	3760.4150529999997	3762.6803259999997	3763.442608	3758.00929	3760.754445			1.0	2.0	0.0	3.0					
3764.98	11.724999999999909	trials	7.0	3772.503633	3773.960244	3776.674234	3777.717937	3771.964465	3774.737404			1.0	2.0	0.0	3.0					
3779.992	2494.858	BlockDesign														1.0	210.0	342.0	50.0	10.0
3779.992	14.432999999999993	trials	8.0	3788.588731	3789.953746	3792.3700719999997	3792.781205	3787.906989	3791.536132	3792.97	3794.425	1.0	1.0	1.0	1.0					
3797.505	9.775000000000091	trials	8.0	3803.85324	3805.223992	3806.85084	3807.37024	3802.99129	3805.987995			1.0	1.0	0.0	3.0					
3809.101	10.539999999999964	trials	8.0	3813.161764	3815.1136619999997	3818.137328	3819.73135	3812.239072	3816.622996			1.0	2.0	0.0	3.0					
3823.049	17.251000000000204	trials	8.0	3833.878867	3835.884598	3839.357685	3840.391471	3833.373028	3837.094922			1.0	2.0	0.0	3.0					
3842.706	18.903999999999996	trials	8.0	3853.713624	3855.219414	3859.249114	3859.682661	3853.009932	3856.7063200000002	3859.886	3861.61	1.0	2.0	1.0	1.0					
3865.595	9.725000000000364	trials	8.0	3869.007768	3870.546355	3873.635788	3875.407357	3868.229237	3870.997822			1.0	2.0	0.0	3.0					
3875.935	22.81100000000015	trials	8.0	3894.977764	3896.633755	3898.201039	3898.8383519999998	3894.439134	3897.486218			1.0	1.0	0.0	3.0					
3902.55	13.168999999999869	trials	8.0	3909.477712	3911.22469	3915.339639	3915.806877	3908.49876	3912.325527			1.0	2.0	0.0	3.0					
3918.725	29.1550000000002	trials	8.0	3944.0045769999997	3945.1002	3946.15101	3946.43494	3943.142977	3945.460333	3946.67	3947.88	1.0	1.0	1.0	1.0					
3949.9	32.92000000000007	trials	8.0	3979.5895419999997	3980.810833	3982.778058	3982.890034	3979.0559439999997	3980.7997649999998			1.0		0.0	2.0					
3984.88	10.264999999999873	trials	8.0	3992.11279	3993.659356	3994.6906989999998	3995.23534	3991.2347019999997	3993.992214			1.0	1.0	0.0	3.0					
3998.941	9.055000000000291	trials	8.0	4002.02293	4003.9994429999997	4006.233287	4006.608014	4001.445792	4005.463703	4006.875	4007.996	1.0	1.0	1.0	1.0					
4012.05	15.3149999999996	trials	8.0	4022.228286	4024.124514	4025.672566	4025.868885	4021.515451	4024.870351	4026.39	4027.365	1.0	1.0	1.0	1.0					
4030.448	12.291999999999916	trials	8.0	4038.118325	4040.024973	4041.307659	4042.830337	4037.318299	4040.3361059999997			1.0	2.0	0.0	3.0					
4045.625	7.760999999999967	trials	8.0	4048.148098	4049.965492	4051.413643	4051.853195	4047.296278	4050.710996	4051.94	4053.386	1.0	1.0	1.0	1.0					
4057.401	9.579000000000178	trials	8.0	4062.783058	4063.951201	4065.883669	4065.9602139999997	4062.227719	4064.822724			1.0	2.0	0.0	3.0					
4068.135	8.779999999999745	trials	8.0	4072.778275	4074.324949	4076.4219279999998	4077.007909	4072.02988	4075.6254989999998			1.0	1.0	0.0	3.0					
4080.661	19.375	trials	8.0	4095.349005	4096.439187	4099.384002	4100.128823999999	4094.5254999999997	4097.4694930000005			1.0	2.0	0.0	3.0					
4102.751	55.26900000000023	trials	8.0	4151.843866	4153.040617	4156.1224	4156.559103	4150.929418	4155.2319339999995	4156.73	4158.02	1.0	1.0	1.0	1.0					
4162.106	10.569000000000415	trials	8.0	4166.902653	4168.802567	4170.6630669999995	4171.045087	4166.267766	4169.855208	4171.15	4172.675	1.0	1.0	1.0	1.0					
4175.695	33.54500000000007	trials	8.0	4206.143875	4207.297053	4208.81747	4209.331131	4205.597242	4208.069956			1.0	1.0	0.0	3.0					
4211.096	5.025000000000546	trials	8.0	4212.92049	4214.246712	4215.123566	4216.214722	4211.268239999999	4214.3529849999995			1.0	2.0	0.0	3.0					
4218.361	38.13500000000022	trials	8.0	4252.279099	4253.700735	4255.51073	4256.5887999999995	4251.427336	4254.385773			1.0	2.0	0.0	3.0					
4257.81	5.244999999999891	trials	8.0	4259.724208	4261.137181			4257.981855	4261.1317770000005			1.0		0.0	2.0					
4265.065	12.2450000000008	trials	8.0	4269.859305	4271.780945	4273.773741	4274.474854	4269.220641	4272.274759			1.0	2.0	0.0	3.0					
4278.072	4.438000000000102	trials	8.0	4279.908878	4281.06611	4282.134405	4282.580481	4278.352249	4281.440165			1.0	1.0	0.0	3.0					
4284.44	21.140000000000327	trials	8.0	4298.6307959999995	4300.026753	4303.429888	4303.839781	4297.767162	4301.16229	4304.005	4305.58	1.0	2.0	1.0	1.0					
4308.611	19.389000000000124	trials	8.0	4323.259849	4324.516395	4326.117625	4326.542758	4322.537946	4325.082585	4327.05	4328.0	1.0	1.0	1.0	1.0					
4331.045	16.269999999999527	trials	8.0	4342.409407	4344.411108	4345.381524	4345.798216	4341.561708	4344.653834	4346.13	4347.315	1.0	1.0	1.0	1.0					
4351.351	13.824000000000524	trials	8.0	4361.124073	4362.633148	4363.463322	4363.798309	4360.197997	4362.67015	4364.135	4365.175	1.0	1.0	1.0	1.0					
4368.201	17.35900000000038	trials	8.0	4381.355321999999	4382.8135170000005	4383.860064	4384.14934	4380.624018	4383.171432	4384.715	4385.56	1.0	1.0	1.0	1.0					
4387.576	15.22400000000016	trials	8.0	4399.564818	4400.772696	4401.749494	4401.984136	4398.834307	4401.014083			1.0	1.0	0.0	3.0					
4404.07	5.200000000000728	trials	8.0	4405.789771	4407.0718990000005	4409.097767	4409.361588	4404.927332	4407.065904			1.0		0.0	2.0					
4411.005	12.229999999999563	trials	8.0	4417.940206	4419.586149	4421.4176019999995	4421.767614	4417.0105029999995	4420.715701	4422.02	4423.235	1.0	1.0	1.0	1.0					
4426.32	16.079999999999927	trials	8.0	4439.0915700000005	4440.296824	4442.0720519999995	4442.492919	4438.54795	4441.103067			1.0	2.0	0.0	3.0					
4446.371	10.753999999999905	trials	8.0	4453.4144909999995	4455.0138449999995	4456.401745	4456.544529	4452.655119	4455.322923			1.0	2.0	0.0	3.0					
4459.69	12.660000000000764	trials	8.0	4468.825117	4470.3482189999995	4471.927554	4472.443282	4468.117389999999	4471.098895			1.0	1.0	0.0	3.0					
4476.19	16.230000000000473	trials	8.0	4486.109923	4487.983873	4491.458656	4492.5125069999995	4485.520656	4488.658429			1.0	2.0	0.0	3.0					
4493.815	14.94000000000051	trials	8.0	4503.591781	4505.467797	4506.9663550000005	4507.224421	4502.883245999999	4506.285382	4507.621	4508.755	1.0	1.0	1.0	1.0					
4510.845	18.164999999999964	trials	8.0	4525.5651880000005	4527.539372	4528.528419	4529.104711	4524.848728	4527.82455			1.0	1.0	0.0	3.0					
4531.89	12.049999999999272	trials	8.0	4538.381627	4539.923755	4542.8439610000005	4544.0326239999995	4537.3860669999995	4540.965877			1.0	2.0	0.0	3.0					
4545.15	7.676000000000386	trials	8.0	4548.425761	4549.498584	4551.120303	4551.366382	4547.597293	4550.397378	4551.871	4552.826	1.0	1.0	1.0	1.0					
4554.97	21.440999999999804	trials	8.0	4573.310708	4574.777187	4575.897933	4576.505037	4572.4067159999995	4575.147373			1.0	1.0	0.0	3.0					
4578.25	17.550000000000182	trials	8.0	4591.285621	4591.307991			4590.450991	4591.303935			1.0		0.0	2.0					
4597.376	6.344000000000051	trials	8.0	4600.136277	4602.067696	4603.368987	4603.810566	4599.396673	4602.254355			1.0	2.0	0.0	3.0					
4607.672	16.493000000000393	trials	8.0	4614.95556	4616.936518	4622.130352	4622.522122	4614.044002	4617.7092840000005	4622.635	4624.165	1.0	2.0	1.0	1.0					
4626.27	14.88299999999981	trials	8.0	4635.1653750000005	4636.374213	4640.083887	4641.243516	4634.571682	4637.342189			1.0	2.0	0.0	3.0					
4644.055	20.840000000000146	trials	8.0	4658.835445	4660.6662479999995	4664.165296	4664.989761	4657.924614	4661.486536			1.0	2.0	0.0	3.0					
4668.485	26.293000000000575	trials	8.0	4689.422827	4691.29582	4693.135695	4693.474354	4688.624263	4692.3724139999995			1.0	1.0	0.0	3.0					
4697.445	17.63500000000022	trials	8.0	4708.561417	4710.612408	4714.273305	4715.17522	4707.589881	4710.938553			1.0	2.0	0.0	3.0					
4718.506	45.57899999999972	trials	8.0	4758.962217	4760.663062	4762.706145	4764.176671	4758.20424	4761.114948			1.0	2.0	0.0	3.0					
4764.951	7.524000000000342	trials	8.0	4769.375777	4770.502603	4772.028394	4772.566597	4768.541586	4771.313322			1.0	1.0	0.0	3.0					
4775.326	16.03399999999965	trials	8.0	4782.236161	4783.563222	4789.20658	4789.626673	4781.6301189999995	4785.103507	4789.89	4791.36	1.0	2.0	1.0	1.0					
4793.376	19.677999999999884	trials	8.0	4808.427355	4809.601938	4812.200679	4813.149792	4807.874247	4810.579303			1.0	2.0	0.0	3.0					
4814.438	10.332000000000335	trials	8.0	4820.526664	4821.71293	4824.238917	4824.861246	4819.949481	4823.483826			1.0	1.0	0.0	3.0					
4827.621	61.164999999999964	trials	8.0	4884.427363	4885.743694	4888.139326	4888.878559	4883.7762060000005	4886.702356			1.0	2.0	0.0	3.0					
4890.461	6.739999999999782	trials	8.0	4892.356701	4893.6312	4895.306845	4895.7621930000005	4891.523304	4894.619802	4895.955	4897.201	1.0	1.0	1.0	1.0					
4900.3	20.204999999999927	trials	8.0	4915.9966540000005	4917.623541	4920.042508	4920.601097	4915.2901170000005	4918.16994			1.0	2.0	0.0	3.0					
4923.376	4.543999999999869	trials	8.0	4925.156658	4926.35877	4927.4889459999995	4928.014641	4923.7997909999995	4926.823345			1.0	1.0	0.0	3.0					
4931.829	10.721000000000458	trials	8.0	4936.772272	4938.7483950000005	4941.715252	4942.542787	4935.824472	4939.689027			1.0	2.0	0.0	3.0					
4945.56	16.80499999999938	trials	8.0	4956.343675	4957.98109	4960.434027	4960.7280599999995	4955.749336	4959.369594	4961.085	4962.365	1.0	1.0	1.0	1.0					
4964.41	14.515000000000327	trials	8.0	4973.032003	4974.505494	4978.39621	4979.017066	4972.318522	4974.85105			1.0	2.0	0.0	3.0					
4982.627	15.667999999999665	trials	8.0	4992.847548	4994.752134	4996.847491	4996.928611	4991.949526	4995.715983			1.0	2.0	0.0	3.0					
5000.105	5.430000000000291	trials	8.0	5001.917246	5003.87082	5005.1311860000005	5005.62796	5000.845449	5004.403912			1.0	1.0	0.0	3.0					
5008.469	13.185999999999694	trials	8.0	5015.398059	5017.401965999999	5020.943955	5021.750952	5014.827472	5018.286363			1.0	2.0	0.0	3.0					
5025.26	82.25500000000011	trials	8.0	5104.30812	5105.601322	5106.958504	5107.55394	5103.302808	5105.58843			1.0		0.0	2.0					
5109.592	4.682999999999993	trials	8.0	5111.4624459999995	5112.275253	5113.390324	5113.53607	5109.774703	5112.2670419999995			1.0		0.0	2.0					
5116.35	10.77099999999973	trials	8.0	5121.452772000001	5123.741631999999	5125.577703	5126.069266	5120.694729	5124.895036			1.0	1.0	0.0	3.0					
5129.865	12.515000000000327	trials	8.0	5136.844297	5138.119235	5141.406828	5142.477138	5135.942701	5139.1857820000005			1.0	2.0	0.0	3.0					
5145.685	7.009999999999309	trials	8.0	5147.774009	5149.074597	5150.940616	5151.242341	5146.707765	5150.24806	5151.576	5152.695	1.0	1.0	1.0	1.0					
5156.746	21.914999999999964	trials	8.0	5173.752687	5175.12665	5178.028573	5178.752673	5173.140724999999	5175.923991			1.0	2.0	0.0	3.0					
5180.336	6.41399999999976	trials	8.0	5182.523671	5183.684098	5184.977858	5185.205593000001	5181.957573	5184.31884	5185.69	5186.75	1.0	1.0	1.0	1.0					
5190.862	12.773000000000138	trials	8.0	5197.563199	5199.714349	5201.554792	5201.88688	5196.700428	5197.916885000001	5202.35	5203.635	1.0	1.0	1.0	1.0					
5205.721	11.169000000000779	trials	8.0	5211.912913	5212.984489	5214.844213	5215.192419999999	5211.308986	5214.087085	5215.46	5216.89	1.0	1.0	1.0	1.0					
5220.94	7.230000000000473	trials	8.0	5224.648395	5226.530959	5227.711303	5228.263871	5223.992515	5226.986624			1.0	1.0	0.0	3.0					
5231.005	7.430000000000291	trials	8.0	5232.808627	5234.439607	5237.7072	5238.531464	5231.701197	5235.505266			1.0	2.0	0.0	3.0					
5240.001	7.123999999999796	trials	8.0	5242.7480080000005	5244.0527	5245.310212	5245.5846010000005	5241.917004999999	5244.568531	5245.811	5247.125	1.0	1.0	1.0	1.0					
5250.162	10.567999999999302	trials	8.0	5256.168277	5257.334729	5259.702818	5260.015195	5255.566629999999	5258.814068			1.0	1.0	1.0	1.0					
5264.341	11.404999999999745	trials	8.0	5271.174916	5272.339671	5273.870661	5274.180715	5270.172834999999	5273.119159	5274.445	5275.746	1.0	1.0	1.0	1.0					
5278.813	10.54699999999957	trials	8.0	5282.483623	5284.041227	5285.286741	5285.813129	5281.761361	5284.503483			1.0	1.0	0.0	3.0					
5289.511	6.10399999999936	trials	8.0	5291.318171999999	5292.420089	5293.840074	5294.070981	5289.452952	5293.158377	5294.395	5295.615	1.0	1.0	1.0	1.0					
5299.705	8.100000000000364	trials	8.0	5303.813414	5305.366314	5307.042318	5307.902241	5303.042964	5306.216695			1.0	1.0	0.0	3.0					
5309.33	6.440000000000509	trials	8.0	5311.009984	5312.780326	5315.37817	5315.865064	5310.249324	5313.905075000001			1.0	2.0	0.0	3.0					
5317.61	63.970000000000255	trials	8.0	5377.845244	5379.276116999999	5380.493104	5381.675044	5376.857327	5379.638541			1.0	2.0	0.0	3.0					
5383.735	13.740000000000691	trials	8.0	5393.4090909999995	5395.325381000001	5396.791335	5397.572317	5392.582205000001	5395.662445			1.0	2.0	0.0	3.0					
5400.137	46.6230000000005	trials	8.0	5442.260646000001	5443.980133	5444.941213	5445.265801	5441.267272	5444.249525	5445.48	5446.76	1.0	1.0	1.0	1.0					
5448.84	28.505999999999403	trials	8.0	5472.623750000001	5474.537713	5475.4479	5475.766194	5471.872502	5474.778995000001	5466.795	5477.346	1.0	1.0	1.0	1.0					
5479.295	19.164999999999964	trials	8.0	5493.494094	5494.740787000001	5496.502174	5498.558298	5492.712348999999	5495.30351			1.0	2.0	0.0	3.0					
5499.786	7.144000000000233	trials	8.0	5502.125266	5504.12114	5505.02464	5505.311669000001	5501.550466000001	5504.360212	5505.661	5506.93	1.0	1.0	1.0	1.0					
5509.946	12.649000000000342	trials	8.0	5518.159618	5519.522955	5521.822714	5522.690769	5517.528987	5520.219967			1.0	2.0	0.0	3.0					
5524.078	6.511999999999716	trials	8.0	5525.814252	5527.880090000001	5528.781955	5528.927258	5525.100619	5528.127448	5529.425	5530.59	1.0	1.0	1.0	1.0					
5532.607	11.094000000000051	trials	8.0	5538.359437	5539.776105999999	5541.682932	5542.069031999999	5537.612164	5540.904583	5542.19	5543.701	1.0	1.0	1.0	1.0					
5546.846	8.269000000000233	trials	8.0	5551.044501	5552.762420999999	5554.224294	5555.213265	5550.462562000001	5553.463089			1.0	1.0	0.0	3.0					
5558.47	5.819999999999709	trials	8.0	5560.47092	5561.9632679999995	5563.265466	5564.389853000001	5558.880493000001	5562.231298000001			1.0	2.0	0.0	3.0					
5566.58	12.194999999999709	trials	8.0	5574.15096	5575.316476	5576.858899	5577.099973	5573.388131	5576.102444	5577.545	5578.775	1.0	1.0	1.0	1.0					
5581.864	10.727000000000771	trials	8.0	5588.159379000001	5589.210821000001	5590.732593000001	5590.9848010000005	5587.569321	5589.96608	5591.385	5592.591	1.0	1.0	1.0	1.0					
5595.635	11.065999999999804	trials	8.0	5601.004483000001	5602.631818	5604.627403	5604.923541	5600.435979	5603.772235	5605.35	5606.701	1.0	1.0	1.0	1.0					
5608.786	13.318999999999505	trials	8.0	5615.220912	5616.51315	5618.287496999999	5619.2514759999995	5614.530723	5617.374628			1.0	1.0	0.0	3.0					
5622.526	6.4539999999997235	trials	8.0	5624.471479	5626.379553	5628.20722	5628.46471	5622.200731	5626.623912999999			1.0	2.0	0.0	3.0					
5630.496	14.814000000000306	trials	8.0	5636.691948	5638.015081	5641.120937	5641.620301	5635.980232	5640.340878999999			1.0	1.0	0.0	3.0					
5645.42	6.059999999999491	trials	8.0	5647.471124	5649.402346			5645.406129	5649.396266			1.0		0.0	2.0					
5655.35	26.649999999999636	trials	8.0	5677.569802	5679.603586	5680.98681	5682.098789	5676.6077829999995	5679.875061000001			1.0	2.0	0.0	3.0					
5685.274	46.77099999999973	trials	8.0	5726.605555	5727.622377	5730.084363	5730.434998000001	5725.760204	5729.313072	5730.653	5732.045	1.0	1.0	1.0	1.0					
5735.156	10.868999999999687	trials	8.0	5742.244777	5743.703985	5745.537999	5746.122735	5741.382218000001	5744.7591489999995			1.0	1.0	0.0	3.0					
5749.785	9.765000000000327	trials	8.0	5754.405654	5756.462138999999	5758.47889	5759.647456000001	5753.8696899999995	5756.7918119999995			1.0	2.0	0.0	3.0					
5762.8	4.820999999999913	trials	8.0	5764.945055	5766.418892	5767.218792	5767.717009	5763.2752629999995	5766.597313			1.0	1.0	0.0	3.0					
5769.469	63.03099999999995	trials	8.0	5828.865400000001	5830.492118	5831.4374769999995	5832.600294	5828.125687	5830.754941			1.0	1.0	0.0	3.0					
5835.732	11.868000000000393	trials	8.0	5840.230740999999	5841.411281000001	5845.222609	5845.710177	5839.688754	5842.634685999999	5845.92	5847.6	1.0	2.0	1.0	1.0					
5849.62	10.00500000000011	trials	8.0	5855.386867	5856.474828	5859.033466	5859.721680000001	5854.833422	5857.112492			1.0	2.0	0.0	3.0					
5862.255	23.109999999999673	trials	8.0	5880.150592	5882.007013	5883.427745999999	5883.738009000001	5879.339615999999	5882.672428	5884.14	5885.365	1.0	1.0	1.0	1.0					
5888.38	10.774999999999636	trials	8.0	5893.915433	5894.977525	5898.38512	5899.253071	5893.402239999999	5896.19479			1.0	2.0	0.0	3.0					
5902.615	5.135000000000218	trials	8.0	5904.650868000001	5906.382402	5907.319072	5907.847084	5903.00865	5906.629092			1.0	1.0	0.0	3.0					
5911.563	29.307999999999993	trials	8.0	5935.512339	5936.887753	5939.70844	5940.965536	5934.984622	5937.596249			1.0	2.0	0.0	3.0					
5944.01	6.635000000000218	trials	8.0	5946.106183	5947.252342	5948.549493	5948.971842999999	5944.519002999999	5947.823736	5949.395	5950.645	1.0	1.0	1.0	1.0					
5952.795	10.780999999999949	trials	8.0	5959.580597	5961.021415	5962.606636	5962.935969	5958.577201	5961.83112			1.0	1.0	1.0	1.0					
5966.185	15.24499999999989	trials	8.0	5975.576143	5976.787387	5979.317935	5979.607255	5975.053304999999	5978.438509	5979.905	5981.43	1.0	1.0	1.0	1.0					
5983.496	9.548999999999978	trials	8.0	5989.552812	5990.856530999999	5992.658137	5993.142841	5988.8476439999995	5991.885013			1.0	1.0	0.0	3.0					
5995.895	7.5	trials	8.0	5997.995773000001	6000.023859999999	6002.7633430000005	6003.491943999999	5996.820272999999	6000.793063			1.0	2.0	0.0	3.0					
6005.06	15.134999999999309	trials	8.0	6014.460989	6016.455399	6018.2229449999995	6018.483429	6013.590231	6017.4395380000005	6018.905	6020.195	1.0	1.0	1.0	1.0					
6023.211	9.979999999999563	trials	8.0	6028.946745	6030.492996999999	6032.7204839999995	6033.286069	6028.241479	6031.882441			1.0	1.0	0.0	3.0					
6035.941	9.430000000000291	trials	8.0	6039.000742	6040.329648999999	6044.333258000001	6044.790124	6038.470305	6041.781951999999	6044.885	6044.945	1.0	2.0	1.0	1.0					
6048.88	75.80999999999949	trials	8.0	6120.345773999999	6121.197130999999	6122.598166999999	6122.797890999999	6118.605316	6121.823479999999	6052.385	6124.69	1.0	1.0	1.0	1.0					
6125.829	13.990999999999985	trials	8.0	6134.824994999999	6136.491005	6137.6787779999995	6137.922288999999	6133.965173	6136.995585	6138.42	6139.82	1.0	1.0	1.0	1.0					
6143.91	12.345000000000255	trials	8.0	6151.179961999999	6152.777875999999	6154.253245999999	6154.538274	6150.521083999999	6153.480927	6155.08	6156.255	1.0	1.0	1.0	1.0					
6158.272	10.653000000000247	trials	8.0	6165.429509999999	6166.770105999999	6168.340686	6168.954191999999	6164.476750999999	6167.561142			1.0	1.0	0.0	3.0					
6172.66	5.6710000000002765	trials	8.0	6174.481309999999	6175.695766	6177.470761999999	6177.598034999999	6173.072238	6176.217497			1.0	2.0	0.0	3.0					
6180.838	7.1580000000003565	trials	8.0	6183.344435999999	6185.013956999999	6186.012107999999	6186.307392999999	6182.6884789999995	6185.382059999999	6186.78	6187.996	1.0	1.0	1.0	1.0					
6190.05	12.349999999999454	trials	8.0	6198.340319999999	6200.348988999999	6201.357940999999	6201.647489999999	6197.4183889999995	6200.612928			1.0	1.0	1.0	1.0					
6207.035	11.699999999999818	trials	8.0	6214.804969999999	6216.845963	6218.249553	6218.7641699999995	6214.093026	6217.46268			1.0	1.0	0.0	3.0					
6220.615	7.230000000000473	trials	8.0	6222.634767	6224.367010999999	6227.190186	6227.870128999999	6221.262145999999	6224.871512			1.0	2.0	0.0	3.0					
6229.502	13.982999999999265	trials	8.0	6238.644676999999	6239.874164	6241.423924999999	6241.621211999999	6237.660126	6240.663713999999	6242.185	6243.485	1.0	1.0	1.0	1.0					
6245.501	14.967999999999847	trials	8.0	6254.8050029999995	6256.6743289999995	6258.419435999999	6258.757745999999	6253.801092	6257.640224999999	6258.974	6260.469	1.0	1.0	1.0	1.0					
6262.549	12.301000000000386	trials	8.0	6271.670654	6273.285846	6274.785413	6275.297047999999	6271.083820999999	6273.953807			1.0	1.0	0.0	3.0					
6278.11	79.25500000000011	BlockDesign														1.0	343.0	348.0	0.0	0.0
6278.11	7.365000000000691	trials	9.0	6279.965338999999	6281.882087999999	6284.4111889999995	6285.5026339999995	6278.114132999999	6283.126072999999			1.0	2.0	0.0	3.0					
6288.785	10.135000000000218	trials	9.0	6296.320682999999	6296.362748			6295.5753509999995	6296.355065999999			1.0		0.0	2.0					
6301.36	16.280000000000655	trials	9.0	6312.906024	6314.278487999999	6317.109197999999	6317.667007999999	6312.350691	6316.09175			1.0	1.0	0.0	3.0					
6321.569	8.006999999999607	trials	9.0	6324.750376999999	6326.795679	6328.625805	6328.740312	6323.890415	6327.845264999999			1.0	1.0	0.0	3.0					
6332.935	11.074999999999818	trials	9.0	6338.606846	6340.079314999999	6342.881017999999	6344.036349999999	6337.912165999999	6341.938184999999			1.0	1.0	0.0	3.0					
6347.185	10.179999999999382	trials	9.0	6353.126114	6354.315071999999	6357.289908	6358.30088	6352.157117999999	6354.993097999999			1.0	2.0	0.0	3.0					
6359.586	364.7439999999997	BlockDesign														1.0	349.0	369.0	50.0	90.0
6359.586	33.94999999999982	trials	10.0	6388.901980999999	6390.930866	6393.034669999999	6393.565538999999	6388.283882	6392.273829			1.0	1.0	0.0	3.0					
6396.406	11.114000000000487	trials	10.0	6404.270396	6404.413178999999			6403.352476999999	6404.409323999999			1.0		0.0	2.0					
6409.425	49.99499999999989	trials	10.0	6455.845734999999	6456.906698999999	6458.9331839999995	6459.447983999999	6455.320643999999	6458.239205			1.0	1.0	0.0	3.0					
6462.315	12.525000000000546	trials	10.0	6467.095684999999	6468.605683	6474.055566999999	6474.8682929999995	6466.254808999999	6471.5481119999995			1.0	2.0	0.0	3.0					
6476.469	12.260999999999513	trials	10.0	6481.366607999999	6482.538121	6486.537095	6486.943818	6480.728894999999	6484.500408	6487.286	6488.73	1.0	2.0	1.0	1.0					
6490.755	10.724999999999454	trials	10.0	6496.246289999999	6497.802836	6500.4288289999995	6501.032657999999	6495.473929	6498.45915			1.0	2.0	1.0	1.0					
6504.025	14.039999999999964	trials	10.0	6511.676323999999	6513.9325739999995	6515.955782999999	6516.032120999999	6510.871128999999	6514.360495999999	6516.705	6518.065	1.0	2.0	1.0	1.0					
6520.938	12.29699999999957	trials	10.0	6526.176530999999	6527.403084	6530.966871	6531.394187999999	6525.427618	6527.770369999999	6531.701	6533.235	1.0	2.0	1.0	1.0					
6537.285	8.770000000000437	trials	10.0	6540.686213999999	6542.43794	6544.03278	6544.343569999999	6539.946440999999	6542.759477	6544.701	6546.055	1.0	2.0	1.0	1.0					
6548.077	15.347999999999956	trials	10.0	6557.145909	6558.244613	6561.147548999999	6561.591903	6556.284863999999	6558.6895079999995	6561.806	6563.425	1.0	2.0	1.0	1.0					
6567.454	8.042000000000371	trials	10.0	6570.486902	6571.960537999999	6573.134231999999	6573.6313549999995	6569.853437	6572.232856999999	6573.92	6575.496	1.0	2.0	1.0	1.0					
6579.555	10.5	trials	10.0	6583.921576999999	6585.807996	6587.48647	6587.900086999999	6583.1338559999995	6586.091801	6588.185	6590.055	1.0	2.0	1.0	1.0					
6592.105	8.96600000000035	trials	10.0	6596.242028	6597.327117	6598.721033999999	6599.267016	6595.571150999999	6597.745634999999	6599.536	6601.071	1.0	2.0	1.0	1.0					
6605.157	7.447999999999411	trials	10.0	6607.527958999999	6609.155073	6610.377253	6610.764784999999	6606.784588999999	6609.4779149999995	6611.055	6612.605	1.0	2.0	1.0	1.0					
6615.635	14.40099999999984	trials	10.0	6623.656918999999	6625.586004999999	6627.295206	6627.974216999999	6622.891739999999	6626.288833999999	6627.996	6630.036	1.0	2.0	1.0	1.0					
6633.119	10.740999999999985	trials	10.0	6638.676707999999	6640.360530999999	6641.589781999999	6642.081321	6637.699624999999	6640.679623999999	6642.305	6643.86	1.0	2.0	1.0	1.0					
6647.954	8.471000000000458	trials	10.0	6652.591917	6653.868976999999	6655.334771999999	6655.941994	6651.850216	6654.322541			1.0	2.0	1.0	1.0					
6658.94	16.56500000000051	trials	10.0	6670.287367999999	6672.137564	6673.554752999999	6673.855863	6669.53533	6672.764799	6674.17	6675.505	1.0	1.0	1.0	1.0					
6677.592	10.498000000000502	trials	10.0	6681.808682999999	6683.571298999999	6685.779500999999	6686.242953999999	6681.29037	6683.893677999999	6686.591	6688.09	1.0	2.0	1.0	1.0					
6691.17	11.155999999999949	trials	10.0	6697.627132999999	6699.050695999999	6700.477045999999	6700.786950999999	6696.801524999999	6699.6794279999995	6701.205	6702.326	1.0	1.0	1.0	1.0					
6706.409	17.921000000000276	trials	10.0	6718.926868999999	6720.275102	6721.820871	6722.386707	6718.115677999999	6720.768042	6722.496	6724.33	1.0	2.0	1.0	1.0					
6728.427	275.3780000000006	BlockDesign														1.0	370.0	389.0	90.0	50.0
6728.427	9.783000000000357	trials	11.0	6734.302231999999	6735.761372999999	6737.545265	6738.241461	6733.731134999999	6736.044962999999			1.0	2.0	0.0	3.0					
6741.836	11.88000000000011	trials	11.0	6747.6324349999995	6749.129298	6752.687155999999	6753.746263999999	6746.945567	6750.540282			1.0	2.0	0.0	3.0					
6755.069	7.5809999999992215	trials	11.0	6758.047769999999	6759.704086999999	6760.908565999999	6761.039134999999	6757.371770999999	6760.1667019999995	6761.595	6762.65	1.0	1.0	1.0	1.0					
6764.671	12.893999999999323	trials	11.0	6772.392107	6774.076614	6775.472405999999	6775.716441	6771.650701	6774.650339999999	6776.18	6777.565	1.0	1.0	1.0	1.0					
6781.585	10.25500000000011	trials	11.0	6786.282834	6788.148765	6790.162883999999	6790.308875	6785.760377	6789.3632769999995	6790.805	6791.84	1.0	1.0	1.0	1.0					
6793.93	9.440999999999804	trials	11.0	6799.422544999999	6801.160814999999	6802.282359	6802.590555	6798.767938999999	6801.494838			1.0	1.0	1.0	1.0					
6805.925	13.835000000000036	trials	11.0	6814.279277999999	6816.089024999999	6817.711041	6817.91768	6813.7114169999995	6816.928397	6818.34	6819.76	1.0	1.0	1.0	1.0					
6821.895	11.390999999999622	trials	11.0	6827.517295999999	6828.92369	6831.004671999999	6831.209564999999	6826.734847	6830.121749	6831.71	6833.286	1.0	1.0	1.0	1.0					
6836.313	10.92699999999968	trials	11.0	6841.762537999999	6843.777426	6845.154933999999	6845.5304989999995	6841.215697999999	6844.3090409999995	6845.875	6847.24	1.0	1.0	1.0	1.0					
6850.331	7.208999999999833	trials	11.0	6854.6290739999995	6855.6490969999995	6857.050915	6857.569852999999	6853.866569999999	6856.222430999999			1.0	1.0	0.0	3.0					
6860.453	13.811999999999898	trials	11.0	6865.913172	6867.313348999999	6870.655532	6871.155201	6865.385633999999	6869.830696999999			1.0	1.0	0.0	3.0					
6875.095	5.25	trials	11.0	6876.944221999999	6878.098179	6879.332793	6880.374331999999	6874.294376	6878.344975999999			1.0	2.0	0.0	3.0					
6882.65	20.100000000000364	trials	11.0	6897.272351999999	6898.337047999999	6900.707546	6900.963722999999	6896.517639	6899.935404	6901.375	6902.75	1.0	1.0	1.0	1.0					
6905.797	20.553000000000793	trials	11.0	6921.073700999999	6922.946193	6924.310903	6924.5420859999995	6920.301074999999	6923.489691	6925.01	6926.35	1.0	1.0	1.0	1.0					
6928.43	9.349999999999454	trials	11.0	6933.883115999999	6935.4493999999995	6936.682957999999	6936.978803999999	6932.955443	6935.938574			1.0	1.0	1.0	1.0					
6941.24	12.155000000000655	trials	11.0	6947.703863	6949.307051999999	6951.250029	6951.525796999999	6947.155057	6950.418543	6951.817	6953.395	1.0	1.0	1.0	1.0					
6956.49	10.86999999999989	trials	11.0	6961.713054999999	6964.214091	6965.238810999999	6965.473792999999	6960.75671	6964.491657	6965.96	6967.36	1.0	1.0	1.0	1.0					
6969.445	11.275000000000546	trials	11.0	6975.569543999999	6977.163777	6978.6759839999995	6978.894047	6974.642395999999	6977.776112	6979.3	6980.72	1.0	1.0	1.0	1.0					
6983.74	9.24499999999989	trials	11.0	6989.538562999999	6990.590037	6992.493638999999	6993.017368	6988.690368	6991.548051			1.0	1.0	0.0	3.0					
6995.844	7.96100000000024	trials	11.0	6997.673172	6999.664736	7001.4242429999995	7001.935157	6996.112187	7000.173368	7002.14	7003.805	1.0	2.0	1.0	1.0					
7007.995	313.58100000000013	BlockDesign														1.0	390.0	409.0	50.0	0.0
7007.995	7.632000000000517	trials	12.0	7011.1029419999995	7012.605078999999	7013.863992	7014.035072999999	7010.1908619999995	7013.091135	7014.54	7015.627	2.0	1.0	1.0	1.0					
7018.65	9.710000000000036	trials	12.0	7023.083854999999	7025.086283999999	7026.466054999999	7026.723462	7022.242039999999	7025.677154999999	7027.15	7028.36	2.0	1.0	1.0	1.0					
7030.38	10.195999999999913	trials	12.0	7036.548336	7038.5200859999995	7039.8118079999995	7039.981473999999	7035.696328999999	7038.989718			2.0	1.0	0.0	3.0					
7042.121	9.22400000000016	trials	12.0	7047.828656999999	7049.486774999999	7050.867342	7051.377740999999	7046.914435999999	7050.0119669999995			2.0	1.0	0.0	3.0					
7053.23	14.6200000000008	trials	12.0	7063.373675999999	7065.140689999999	7066.9452249999995	7067.433133999999	7062.364527	7066.078670999999			2.0	1.0	0.0	3.0					
7069.385	7.081000000000131	trials	12.0	7071.030269999999	7072.609769	7074.1572479999995	7076.496657	7070.247412	7073.063305999999			2.0	2.0	0.0	3.0					
7077.465	25.824999999999818	trials	12.0	7098.614116999999	7099.9395779999995	7101.540144999999	7101.742442999999	7097.693421	7100.750534	7102.28	7103.29	2.0	1.0	1.0	1.0					
7107.381	8.208999999999833	trials	12.0	7110.320124	7111.660766999999	7113.6732569999995	7113.9977149999995	7109.739599999999	7112.841359999999	7114.386	7115.59	2.0	1.0	1.0	1.0					
7117.676	10.763999999999214	trials	12.0	7123.704465	7124.885493	7126.581012	7126.776266999999	7122.749287999999	7125.716183	7127.326	7128.44	2.0	1.0	1.0	1.0					
7131.471	7.900000000000546	trials	12.0	7135.849187	7136.935514	7138.881227999999	7139.400755	7135.303696999999	7138.030771999999			2.0	1.0	0.0	3.0					
7141.219	8.405999999999949	trials	12.0	7143.810164999999	7144.916813999999	7147.579682	7147.809730999999	7143.204938999999	7146.862655999999	7148.201	7149.625	2.0	1.0	1.0	1.0					
7153.645	8.924999999999272	trials	12.0	7158.008975	7159.6337699999995	7162.111400999999	7162.599149999999	7157.127465	7161.316669999999			2.0	1.0	0.0	3.0					
7164.4	8.365000000000691	trials	12.0	7168.464379999999	7169.777435	7172.380781	7172.795934999999	7167.511630999999	7171.622409			2.0	1.0	0.0	3.0					
7174.74	22.88500000000022	trials	12.0	7193.384228999999	7194.953712999999	7197.227196	7197.631076	7192.802336	7196.47949			2.0	1.0	0.0	3.0					
7200.578	28.836999999999534	trials	12.0	7224.699801	7226.201405999999	7227.698138999999	7227.916604999999	7223.717642	7226.909898	7228.496	7229.415	2.0	1.0	1.0	1.0					
7233.506	16.643999999999323	trials	12.0	7245.434950999999	7247.286512999999	7248.401774	7248.693813	7244.82755	7247.633335999999	7249.07	7250.15	2.0	1.0	1.0	1.0					
7252.242	20.847999999999956	trials	12.0	7270.039666	7271.525850999999	7272.575083999999	7273.122684	7269.1539379999995	7271.820185			2.0	1.0	0.0	3.0					
7275.961	11.784999999999854	trials	12.0	7282.361411999999	7284.226164	7285.800792	7286.073590999999	7281.603125	7284.950397	7286.47	7287.746	2.0	1.0	1.0	1.0					
7289.805	17.710000000000036	trials	12.0	7303.309501999999	7305.168099999999	7306.776714	7307.546141999999	7302.665384	7305.558129999999			2.0	1.0	0.0	3.0					
7311.155	10.421000000000276	trials	12.0	7316.589904999999	7318.052288999999	7319.74475	7319.993425	7316.033426999999	7318.770998	7320.5	7321.576	2.0	1.0	1.0	1.0					
7323.771	464.509	BlockDesign														1.0	410.0	431.0	0.0	50.0
7323.771	18.16400000000067	trials	13.0	7336.549912999999	7337.910344	7339.750238999999	7340.232050999999	7335.685578	7338.253696999999	7340.405	7341.935	3.0	2.0	1.0	1.0					
7346.028	37.30699999999979	trials	13.0	7379.149481999999	7381.196743999999	7382.046014	7383.367826999999	7378.617732	7381.2661769999995			3.0	2.0	0.0	3.0					
7385.482	12.153000000000247	trials	13.0	7392.281276	7394.238377	7396.3254719999995	7397.670246	7391.420641999999	7394.543486			3.0	2.0	0.0	3.0					
7398.77	6.7849999999998545	trials	13.0	7401.854498	7403.578167			7401.016834999999	7403.563526999999			3.0		0.0	2.0					
7407.596	34.52900000000045	trials	13.0	7436.571413	7438.272851	7440.036431999999	7440.451644	7435.941370999999	7438.5851729999995	7440.715	7442.125	3.0	2.0	1.0	1.0					
7446.145	23.73999999999978	trials	13.0	7465.910798999999	7467.051778999999	7468.791953999999	7469.916791	7465.204392	7467.39884			3.0	2.0	0.0	3.0					
7472.115	6.829999999999927	trials	13.0	7473.821625	7475.191287	7476.966452	7477.2892409999995	7472.614169999999	7475.422164	7477.58	7478.945	3.0	2.0	1.0	1.0					
7481.08	29.56999999999971	trials	13.0	7506.656891999999	7507.856884999999	7510.001456999999	7510.680891	7505.73572	7508.179236			3.0	2.0	0.0	3.0					
7514.365	13.150000000000546	trials	13.0	7523.104232	7524.191993999999	7526.910148999999	7527.546713	7522.167412999999	7525.157174			3.0	2.0	0.0	3.0					
7529.206	6.528999999999542	trials	13.0	7532.756449999999	7534.056044999999	7535.404092999999	7535.764184	7531.789682999999	7534.640308999999			3.0	1.0	0.0	3.0					
7537.767	36.293000000000575	trials	13.0	7568.197322999999	7569.567502	7572.006133999999	7572.356717	7567.209494	7570.078307999999	7572.685	7574.06	3.0	2.0	1.0	1.0					
7577.08	17.19000000000051	trials	13.0	7589.130756	7590.162716999999	7592.0813929999995	7592.560485	7588.305275999999	7590.610436999999	7592.725	7594.27	3.0	2.0	1.0	1.0					
7596.364	10.186000000000604	trials	13.0	7602.322112999999	7603.909301999999	7605.829067	7606.582082999999	7601.425283999999	7604.132436			3.0	2.0	0.0	3.0					
7609.125	5.864999999999782	trials	13.0	7611.456206999999	7612.922987			7610.629579999999	7612.919835			3.0		0.0	2.0					
7617.0	13.614999999999782	trials	13.0	7624.186072999999	7626.257871	7629.302951	7630.361531	7623.651903	7627.022230999999			3.0	2.0	0.0	3.0					
7633.797	11.807999999999993	trials	13.0	7641.037162999999	7642.614296	7643.601903	7644.011974999999	7640.093500999999	7642.819282999999	7644.3	7645.605	3.0	2.0	1.0	1.0					
7647.66	17.970000000000255	trials	13.0	7658.076227	7659.517424	7662.986293999999	7663.515232999999	7657.474827	7660.363676999999	7663.746	7665.63	3.0	2.0	1.0	1.0					
7668.655	12.855000000000473	trials	13.0	7675.296160999999	7676.587581	7679.070809999999	7679.585246999999	7674.6816739999995	7676.912789999999	7679.865	7681.51	3.0	2.0	1.0	1.0					
7685.525	8.090000000000146	trials	13.0	7689.081442999999	7690.786123999999	7692.808208999999	7693.646446999999	7688.521062	7691.015966999999			3.0	2.0	0.0	3.0					
7695.195	7.341000000000349	trials	13.0	7697.940599	7699.356892999999	7701.5262379999995	7702.568041999999	7697.1945749999995	7699.974424999999			3.0	2.0	0.0	3.0					
7703.95	65.82000000000062	trials	13.0	7765.212415999999	7766.964728999999	7768.047831	7769.805668999999	7764.520253	7767.068342			3.0	2.0	0.0	3.0					
7771.43	16.849999999999454	trials	13.0	7783.621985999999	7784.710810999999	7788.221486999999	7789.138900999999	7782.685038	7787.328277999999			3.0	1.0	0.0	3.0					
7791.6	769.6099999999988	BlockDesign														1.0	432.0	471.0	50.0	50.0
7791.6	7.214999999999236	trials	14.0	7793.351384	7794.970708999999	7796.835050999999	7797.04041	7792.474367999999	7796.147008999999	7797.406	7798.815	2.0	1.0	1.0	1.0					
7801.765	14.539999999999964	trials	14.0	7809.091661999999	7810.558464	7813.79292	7814.412114	7808.378296999999	7811.236757	7814.46	7816.305	3.0	2.0	1.0	1.0					
7818.395	11.5	trials	14.0	7825.4121829999995	7826.458806	7829.369529	7829.927052999999	7824.881653999999	7827.940978999999			2.0	1.0	0.0	3.0					
7832.701	24.064000000000306	trials	14.0	7834.417175999999	7836.203868	7856.008274999999	7856.799869999999	7833.852413	7836.5316139999995			3.0	2.0	0.0	3.0					
7858.305	53.409999999999854	trials	14.0	7906.033382	7907.872651999999	7909.772978999999	7910.0749559999995	7905.223037	7908.747573	7910.411	7911.715	2.0	1.0	1.0	1.0					
7913.77	29.69499999999971	trials	14.0	7938.783326	7940.114302999999	7942.950628999999	7943.500480999999	7938.0442379999995	7942.096643999999			2.0	1.0	0.0	3.0					
7947.38	6.3400000000001455	trials	14.0	7948.997208999999	7951.044061999999	7952.745024	7953.754271	7948.376896999999	7951.3125709999995			3.0	2.0	0.0	3.0					
7957.16	7.985000000000582	trials	14.0	7959.1774909999995	7960.563845	7962.996929999999	7963.481167999999	7958.363308999999	7961.615655	7963.655	7965.145	3.0	2.0	1.0	1.0					
7967.163	10.942000000000007	trials	14.0	7973.301982999999	7974.680267999999	7977.647862	7978.139219999999	7972.531679999999	7976.869742999999			3.0	1.0	0.0	3.0					
7979.99	9.46100000000024	trials	14.0	7983.582487999999	7985.015283	7987.458911999999	7987.617190999999	7982.683454999999	7986.697373999999	7988.02	7989.451	2.0	1.0	1.0	1.0					
7992.542	13.682999999999993	trials	14.0	7999.1587979999995	8000.85381	8003.905884999999	8004.178188	7998.201249	8003.049923	8004.56	8006.225	2.0	1.0	1.0	1.0					
8010.126	9.838999999999942	trials	14.0	8015.472518999999	8016.669351	8019.353917999999	8020.000556999999	8014.864742999999	8018.406486			2.0	1.0	0.0	3.0					
8021.72	8.396999999999935	trials	14.0	8025.077614999999	8026.383354	8029.737848	8030.128483999999	8024.479042999999	8028.819117999999			2.0	1.0	0.0	3.0					
8034.079	11.08600000000024	trials	14.0	8038.262288	8039.924176999999	8042.739422	8043.4323779999995	8037.588827	8040.62177	8043.375	8045.165	3.0	2.0	1.0	1.0					
8048.32	9.24499999999989	trials	14.0	8052.772182	8054.472432	8055.799301999999	8055.846154999999	8051.8844899999995	8054.732827999999			3.0	2.0	0.0	3.0					
8059.16	9.110000000000582	trials	14.0	8062.432784	8064.250074	8067.0971309999995	8068.302723999999	8061.586998	8065.077131999999			3.0	2.0	0.0	3.0					
8069.465	43.92900000000009	trials	14.0	8110.632602999999	8111.699627	8112.942139999999	8113.428617	8109.6682009999995	8112.2364689999995			2.0	1.0	0.0	3.0					
8115.38	7.720000000000255	trials	14.0	8117.192525999999	8119.144434	8121.656849999999	8123.133887	8116.23284	8119.497716999999			3.0	2.0	0.0	3.0					
8124.99	9.020000000000437	trials	14.0	8127.5132189999995	8129.256890999999	8131.630502999999	8132.203753999999	8126.943609	8129.642180999999	8132.23	8134.01	3.0	2.0	1.0	1.0					
8136.05	11.420000000000073	trials	14.0	8142.7080989999995	8144.039977999999	8146.966087999999	8147.506904	8141.796428	8145.872848999999			2.0	1.0	0.0	3.0					
8151.317	14.613999999999578	trials	14.0	8159.798073	8161.332699	8164.714453999999	8165.966920999999	8158.818890999999	8162.236223999999			3.0	2.0	0.0	3.0					
8168.149	10.862999999999374	trials	14.0	8172.272531999999	8173.69434	8176.843922999999	8177.301785	8171.722390999999	8174.716116	8177.63	8179.012	3.0	2.0	1.0	1.0					
8183.026	18.554000000000087	trials	14.0	8195.058068999999	8196.696876	8199.626063	8199.875919	8194.195373999999	8198.746389	8200.245	8201.58	2.0	1.0	1.0	1.0					
8204.666	17.254000000000815	trials	14.0	8215.793104999999	8217.086871	8219.722768	8219.868014	8214.814953	8218.865308999999	8221.695	8221.92	2.0	1.0	1.0	1.0					
8225.27	11.855999999999767	trials	14.0	8232.668193	8234.130145	8236.706194999999	8237.110464	8231.899029	8235.844545			3.0	1.0	0.0	3.0					
8239.096	8.619000000000597	trials	14.0	8240.938263	8242.370222	8246.683476999999	8247.324196	8240.102372	8243.248007999999			3.0	2.0	1.0	1.0					
8252.255	18.32600000000093	trials	14.0	8262.498942999999	8263.589945	8268.244625	8268.680568	8261.792097	8264.421513	8268.91	8270.581	3.0	2.0	1.0	1.0					
8272.665	13.644999999998618	trials	14.0	8279.449977	8281.41174	8283.958771	8284.226768999999	8278.569608	8283.051398	8286.295	8286.31	2.0	1.0	1.0	1.0					
8288.565	9.854999999999563	trials	14.0	8294.673287	8296.554368	8298.067771999999	8298.29445	8294.012772	8297.19537			2.0	1.0	0.0	3.0					
8301.43	5.760000000000218	trials	14.0	8303.42352	8305.191351	8306.514924	8307.224345999999	8301.819338	8305.55076			3.0	2.0	0.0	3.0					
8308.802	20.70299999999952	trials	14.0	8325.968597	8327.595276	8329.102044	8329.500167999999	8325.358311	8328.333245999998			2.0	1.0	0.0	3.0					
8332.47	61.215000000000146	trials	14.0	8388.554127	8390.366457	8391.907666	8392.119284999999	8387.953538	8391.156647	8341.786	8393.685	2.0	1.0	1.0	1.0					
8395.701	10.019000000000233	trials	14.0	8401.608628999998	8403.205877999999	8404.989162	8405.756838	8401.026983	8403.582876			3.0	2.0	0.0	3.0					
8408.335	4.1600000000016735	trials	14.0	8410.148474	8411.194993	8412.205605	8412.492412	8408.956048	8411.430642			3.0	1.0	0.0	3.0					
8416.505	70.10500000000138	trials	14.0	8481.893891	8483.195340999999	8484.881560999998	8485.135729	8481.0895	8484.201164999999	8485.57	8486.61	2.0	1.0	1.0	1.0					
8489.695	10.8700000000008	trials	14.0	8496.594227	8497.976611	8500.007322	8500.598772	8495.61492	8499.202969999998			2.0	1.0	0.0	3.0					
8502.311	12.369000000000597	trials	14.0	8508.079631	8509.121509	8512.261202	8512.660172	8507.101368	8509.626983	8512.89	8514.68	3.0	2.0	1.0	1.0					
8518.55	12.704999999999927	trials	14.0	8526.175122	8527.742655	8529.297068	8529.548786	8525.521691999998	8528.532428999999	8529.911	8531.255	2.0	1.0	1.0	1.0					
8534.336	13.654000000000451	trials	14.0	8542.689118999999	8544.195677	8545.501263	8546.105312	8541.784982	8544.505206	8546.105	8547.99	3.0	2.0	1.0	1.0					
8550.063	11.146999999999025	trials	14.0	8557.679391	8558.847883999999	8561.111422999998	8561.659732	8556.723258	8560.164186			2.0	1.0	0.0	3.0					
8564.451	83.14900000000125	BlockDesign														1.0	472.0	476.0	0.0	0.0
8564.451	14.100000000000364	trials	15.0	8574.443849	8576.268637	8577.963806	8578.589973	8573.684260999999	8577.173213			2.0	1.0	0.0	3.0					
8581.3	16.965000000000146	trials	15.0	8593.765631999999	8595.46259	8597.912389	8598.057336	8593.171722	8596.800605999999			2.0	1.0	0.0	3.0					
8601.27	7.510000000000218	trials	15.0	8605.349682	8606.926513999999	8608.278606	8608.814570999999	8604.486106999999	8607.618342			2.0	1.0	0.0	3.0					
8612.585	26.411000000000058	trials	15.0	8635.494832999999	8637.467738	8638.452949999999	8639.035006	8634.642962999998	8637.750621			2.0	1.0	0.0	3.0					
8641.871	5.729000000001179	trials	15.0	8644.750044	8646.596388	8647.501187	8648.002136	8643.776377999999	8646.836960999999			2.0	1.0	0.0	3.0					
8651.951	97.98400000000038	BlockDesign														1.0	477.0	482.0	0.0	0.0
8651.951	10.335000000000946	trials	16.0	8656.790373	8658.447003	8661.479358	8662.323615	8656.204403	8659.466832			3.0	2.0	0.0	3.0					
8664.86	9.18499999999949	trials	16.0	8669.125141999999	8671.06626	8672.969307	8674.084276	8668.224791	8671.435473			3.0	2.0	0.0	3.0					
8677.29	42.69499999999971	trials	16.0	8713.109394	8714.253225	8717.449462	8718.186141999999	8712.537391999998	8715.040701			3.0	2.0	0.0	3.0					
8720.895	6.954999999999927	trials	16.0	8722.529729	8724.221534999999	8726.629095	8727.885293	8720.023662	8724.931505999999			3.0	2.0	0.0	3.0					
8729.955	8.729999999999563	trials	16.0	8735.274485999998	8735.76683			8734.706906	8735.760322			3.0		0.0	2.0					
8741.83	8.104999999999563	trials	16.0	8747.19468	8748.585583	8749.636652	8749.973756	8746.281701	8748.860142			3.0	1.0	0.0	3.0					
8753.078	688.4770000000008	BlockDesign														1.0	483.0	523.0	50.0	50.0
8753.078	15.692000000000917	trials	17.0	8763.951380999999	8765.846835	8768.201339	8768.805790999999	8763.377899	8767.371122999999			2.0	1.0	0.0	3.0					
8770.516	43.35499999999956	trials	17.0	8806.122507	8807.961667	8811.751650999999	8812.233661999999	8805.176855	8809.011282	8812.415	8813.871	3.0	2.0	1.0	1.0					
8817.945	10.729999999999563	trials	17.0	8822.170713	8823.499702	8826.031205	8826.813086999999	8821.199086	8823.966453	8826.645	8828.675	3.0	2.0	1.0	1.0					
8831.764	13.147000000000844	trials	17.0	8838.246054	8839.789816999999	8844.205251	8844.948176999998	8837.516033	8840.329784			2.0	2.0	0.0	3.0					
8846.535	8.049999999999272	trials	17.0	8848.770573999998	8850.090103999999	8852.525624999998	8852.796278999998	8847.893951	8851.718315	8853.161	8854.585	2.0	1.0	1.0	1.0					
8858.635	20.659999999999854	trials	17.0	8873.081071	8874.46241	8877.361373	8877.636010999999	8872.134062	8875.7834	8878.1	8879.295	2.0	1.0	1.0	1.0					
8881.445	13.694999999999709	trials	17.0	8888.275077999999	8889.942235999999	8893.633644	8895.177332	8887.375508	8890.285211999999			3.0	2.0	0.0	3.0					
8897.016	7.533999999999651	trials	17.0	8899.445174999999	8900.834216	8903.755385999999	8904.589038	8898.663547	8901.291105999999			3.0	2.0	0.0	3.0					
8908.06	34.89500000000044	trials	17.0	8938.015721	8939.941685	8941.153749	8941.230795	8937.224777	8940.340585999998	8941.835	8942.955	2.0	1.0	1.0	1.0					
8946.05	11.111000000000786	trials	17.0	8953.162305	8954.784145	8956.671996	8957.195168999999	8952.633151999999	8955.832159			3.0	1.0	0.0	3.0					
8959.115	7.325000000000728	trials	17.0	8960.860626	8962.015107	8965.35635	8965.885439	8959.348297999999	8962.462491999999			3.0	2.0	1.0	1.0					
8968.955	18.049999999999272	trials	17.0	8981.196050999999	8982.812745	8984.491430999999	8984.965331	8980.327041	8983.096696	8985.1	8987.005	3.0	2.0	1.0	1.0					
8991.08	13.784999999999854	trials	17.0	8999.645789999999	9001.289442	9002.90652	9003.205505	8998.743003	9001.973522	9003.72	9004.865	2.0	1.0	1.0	1.0					
9007.955	10.706000000000131	trials	17.0	9014.961365	9016.459585	9018.236613	9018.700229	9014.32545	9017.353253			2.0	1.0	0.0	3.0					
9021.55	8.215000000000146	trials	17.0	9023.787633	9024.873177	9028.511982	9029.803109999999	9023.203732999998	9025.718678			2.0	2.0	0.0	3.0					
9030.915	8.487999999999374	trials	17.0	9036.361218	9037.539488999999	9039.026	9039.433555	9035.449157	9038.285913			3.0	1.0	0.0	3.0					
9043.327	10.684000000001106	trials	17.0	9051.721065	9051.803906			9050.960861	9051.79278			3.0		0.0	2.0					
9057.88	8.204999999999927	trials	17.0	9061.776487	9062.998595	9065.616471	9066.125042	9061.03861	9064.914236999999			2.0	1.0	0.0	3.0					
9067.94	8.109999999998763	trials	17.0	9072.696192	9074.236250999998	9075.718143	9076.070453	9071.785264	9075.0075			2.0	1.0	0.0	3.0					
9079.078	16.942000000000917	trials	17.0	9090.586678	9092.187875	9094.170843	9094.376887999999	9090.00502	9093.328046999999	9095.03	9096.02	2.0	1.0	1.0	1.0					
9099.106	12.384000000000015	trials	17.0	9104.946152999999	9106.317826999999	9109.008498	9109.572069	9103.986572999998	9106.778000999999	9109.72	9111.49	3.0	2.0	1.0	1.0					
9114.566	10.203999999999724	trials	17.0	9119.886746	9121.643662999999	9123.847215	9124.807152	9119.340291	9122.005473			3.0	2.0	0.0	3.0					
9126.14	11.095000000001164	trials	17.0	9132.633939	9134.084588	9135.436779	9135.632066999999	9132.114549	9134.50776	9136.105	9137.235	2.0	1.0	1.0	1.0					
9139.365	22.23999999999978	trials	17.0	9153.906582	9154.983207	9160.643071999999	9161.619923999999	9153.156007	9156.309371			3.0	2.0	0.0	3.0					
9163.611	6.5789999999997235	trials	17.0	9165.493134	9167.258489	9168.243996	9168.564666999999	9164.035861999999	9167.465913	9168.99	9170.19	2.0	1.0	1.0	1.0					
9174.255	13.775000000001455	trials	17.0	9181.614929	9182.843511	9186.409356	9188.082101	9181.331477	9183.381587			3.0	2.0	0.0	3.0					
9189.755	6.288000000000466	trials	17.0	9192.591943	9194.487964	9195.634676	9196.094642	9191.694964	9194.801357			3.0	1.0	0.0	3.0					
9198.97	20.986000000000786	trials	17.0	9212.382040999999	9213.78139	9217.564699999999	9218.042752	9211.688138	9214.418494	9218.21	9219.956	3.0	2.0	1.0	1.0					
9223.041	13.879000000000815	trials	17.0	9231.980597	9233.141722	9235.589984	9236.973989	9231.264317	9233.483850999999			3.0	2.0	0.0	3.0					
9237.925	8.175000000001091	trials	17.0	9242.365212	9244.012664	9245.712399	9246.15382	9241.816975	9244.887644999999			2.0	1.0	0.0	3.0					
9250.096	6.863999999999578	trials	17.0	9252.105502999999	9253.687699	9255.118958	9255.335516	9250.628999	9254.341312999999	9255.735	9256.96	2.0	1.0	1.0	1.0					
9258.98	17.002000000000407	trials	17.0	9271.195824999999	9272.232682	9275.484384	9276.033175999999	9270.66245	9274.47313			2.0	1.0	0.0	3.0					
9278.77	12.494999999998981	trials	17.0	9284.785385	9286.038445	9290.417209	9291.318785	9284.219428999999	9286.627172			3.0	2.0	0.0	3.0					
9292.686	36.67400000000089	trials	17.0	9324.990781999999	9326.139898	9327.562195	9327.847616	9324.122386	9326.651338	9328.135	9329.36	2.0	1.0	1.0	1.0					
9333.514	10.166000000001077	trials	17.0	9339.717741999999	9341.651340999999	9343.167796	9343.732203	9338.978681	9342.301832			2.0	1.0	0.0	3.0					
9345.496	10.069000000001324	trials	17.0	9347.606726	9348.783877	9353.164363	9353.722509	9346.742564	9349.721461	9353.88	9355.565	3.0	2.0	1.0	1.0					
9358.581	11.548999999999069	trials	17.0	9363.262456	9364.958881999999	9368.387326	9370.185467	9362.516042	9365.160840999999			3.0	2.0	0.0	3.0					
9371.744	9.925999999999476	trials	17.0	9377.651397	9379.16645	9381.264423999999	9381.690629	9376.960573	9380.53625			2.0	1.0	0.0	3.0					
9383.67	8.174999999999272	trials	17.0	9385.516749999999	9387.518026	9390.587164	9391.896313	9384.548023	9388.192474			2.0	2.0	0.0	3.0					
9395.17	34.42499999999927	trials	17.0	9424.232066	9426.062617	9427.731991999999	9427.930342	9423.448554	9426.307922	9428.595	9429.595	3.0	2.0	1.0	1.0					
9432.615	8.94000000000051	trials	17.0	9438.054404	9440.324111	9441.516839	9442.808234	9437.135742999999	9440.577286			3.0	2.0	0.0	3.0					
9444.785	340.4300000000003	BlockDesign														1.0	524.0	545.0	50.0	90.0
9444.785	6.344999999999345	trials	18.0	9446.607316	9448.328123	9449.268490999999	9449.323885	9445.853794999999	9448.497479	9449.92	9451.13	1.0	1.0	1.0	1.0					
9453.215	11.274999999999636	trials	18.0	9460.126024	9461.442038	9462.663398	9462.820772	9459.602777	9461.975159	9463.21	9464.49	1.0	1.0	1.0	1.0					
9468.579	8.291999999999462	trials	18.0	9473.576765	9475.171325	9476.379728	9476.926648999999	9473.065853	9475.654208			1.0	1.0	0.0	3.0					
9478.74	6.536000000000058	trials	18.0	9480.750311	9482.673142	9484.479584	9485.327052999999	9480.09208	9483.745706			1.0	1.0	0.0	3.0					
9486.815	14.980999999999767	trials	18.0	9496.459203	9498.16324	9501.010048	9501.8513	9495.828173	9499.00375			1.0	2.0	0.0	3.0					
9504.375	6.819999999999709	trials	18.0	9506.464831	9508.504805	9509.421667	9509.591163	9505.948831	9508.765922	9509.965	9511.195	1.0	1.0	1.0	1.0					
9513.25	13.475000000000364	trials	18.0	9520.786555	9522.054842	9524.481935	9524.930459	9520.135166	9522.476945	9525.175	9526.725	1.0	2.0	1.0	1.0					
9530.806	12.384000000000015	trials	18.0	9536.171821	9538.205059	9540.773428999999	9541.163277	9535.23973	9538.791419	9541.536	9543.19	1.0	2.0	1.0	1.0					
9547.28	10.039999999999054	trials	18.0	9552.491998	9553.878266	9555.210031	9555.644878	9551.737243	9554.174108	9555.99	9557.32	1.0	2.0	1.0	1.0					
9561.336	7.748999999999796	trials	18.0	9564.53243	9565.654132	9566.931747999999	9567.361735999999	9563.861579	9565.931428	9567.615	9569.085	1.0	2.0	1.0	1.0					
9571.165	13.339999999998327	trials	18.0	9578.638198999999	9580.264867	9582.116988	9582.556547	9578.100543999999	9580.870937	9582.79	9584.505	1.0	2.0	1.0	1.0					
9588.521	7.908999999999651	trials	18.0	9592.437415	9593.725339	9595.353062	9595.744874	9591.858121	9594.006163			1.0	2.0	1.0	1.0					
9600.906	14.013999999999214	trials	18.0	9609.767957	9611.444097	9612.686117	9613.039388	9608.982704	9611.764525999999	9613.29	9614.92	1.0	2.0	1.0	1.0					
9619.005	12.855000000001382	trials	18.0	9625.902823999999	9627.873908	9629.666825	9629.975419	9625.153651999999	9628.139637	9630.355	9631.86	1.0	2.0	1.0	1.0					
9634.955	8.549999999999272	trials	18.0	9638.671828	9639.983707	9641.264726	9641.65102	9637.771427	9640.310680999999	9641.911	9643.505	1.0	2.0	1.0	1.0					
9645.615	10.829999999999927	trials	18.0	9652.262744	9653.891701	9655.076009999999	9656.500918	9651.623861	9654.161315			1.0	2.0	0.0	3.0					
9658.4	13.694999999999709	trials	18.0	9666.167062	9667.766459	9670.025339	9670.311701	9665.297339	9668.073569	9670.765	9672.095	1.0	2.0	1.0	1.0					
9676.174	25.66099999999824	trials	18.0	9696.247573999999	9697.449431	9699.599146	9700.090559	9695.268944	9697.814070999999	9700.326	9701.835	1.0	2.0	1.0	1.0					
9705.955	11.19000000000051	trials	18.0	9711.059752	9712.721206	9714.809197	9715.275443	9710.487511	9713.067079999999	9715.54	9717.145	1.0	2.0	1.0	1.0					
9719.205	36.649999999999636	trials	18.0	9752.147885999999	9753.904714	9755.201144999999	9755.409128	9751.20263	9753.896632			1.0		0.0	2.0					
9757.865	12.825000000000728	trials	18.0	9765.094586	9766.761564999999	9768.689753999999	9769.006865	9764.112286	9767.121039	9769.47	9770.69	1.0	2.0	1.0	1.0					
9773.785	11.430000000000291	trials	18.0	9780.129635	9781.15498	9782.601542	9782.63852	9779.424367	9781.683079999999	9783.33	9785.215	1.0	2.0	1.0	1.0					
9788.305	492.40999999999985	BlockDesign														1.0	546.0	578.0	90.0	50.0
9788.305	10.320999999999913	trials	19.0	9791.912821	9793.650212	9796.443489	9796.904027	9791.173765	9794.448553	9797.065	9798.626	1.0	2.0	1.0	1.0					
9801.673	10.381999999999607	trials	19.0	9806.22384	9808.148831999999	9809.402565	9809.529298	9805.575791	9808.39978	9810.1	9812.055	1.0	2.0	1.0	1.0					
9814.136	12.10399999999936	trials	19.0	9821.13924	9822.674583	9823.963237	9824.440472	9820.138888	9822.936754	9824.58	9826.24	1.0	2.0	1.0	1.0					
9830.31	8.079999999999927	trials	19.0	9833.238454999999	9834.434972	9835.844194	9836.627242	9832.541677	9834.817933	9836.425	9838.39	1.0	2.0	1.0	1.0					
9842.41	9.505000000001019	trials	19.0	9846.673198999999	9848.480533	9849.721463	9850.163186	9846.107138	9848.843696	9850.335	9851.915	1.0	2.0	1.0	1.0					
9853.935	9.615999999999985	trials	19.0	9859.009855	9860.558808	9861.808455	9863.604143	9858.100492	9860.954005			1.0	2.0	0.0	3.0					
9864.151	12.754000000000815	trials	19.0	9871.293419	9873.357132	9875.93093	9876.962266999999	9870.385995	9873.755923			1.0	2.0	0.0	3.0					
9880.27	8.93499999999949	trials	19.0	9884.02871	9886.00013	9887.135853	9887.546649	9883.461784	9886.30594	9887.795	9889.205	1.0	2.0	1.0	1.0					
9891.288	10.95799999999872	trials	19.0	9896.798361	9898.112121	9899.876887	9900.019191	9896.060545	9898.347722	9900.466	9902.246	1.0	2.0	1.0	1.0					
9906.265	6.690000000000509	trials	19.0	9909.073898	9910.825295	9912.406939999999	9913.013713	9908.327229	9911.068528			1.0	2.0	0.0	3.0					
9916.745	17.48999999999978	trials	19.0	9925.548934999999	9926.702467	9931.958575999999	9932.450593	9924.657716	9927.990128	9932.595	9934.235	1.0	2.0	1.0	1.0					
9936.256	11.953999999999724	trials	19.0	9943.078754	9944.23259	9947.08172	9948.264968	9942.405272	9944.673707			1.0	2.0	0.0	3.0					
9951.4	8.085000000000946	trials	19.0	9953.253509	9954.436231	9957.433418	9957.7652	9952.682791	9956.312603	9958.061	9959.485	1.0	1.0	1.0	1.0					
9962.57	12.829999999999927	trials	19.0	9970.169149	9971.28701	9973.572818	9973.890008	9969.280961	9972.720250999999	9974.145	9975.4	1.0	1.0	1.0	1.0					
9977.485	12.114999999999782	trials	19.0	9984.729859	9986.237731	9987.765985	9988.013093	9984.081253	9986.908114	9988.371	9989.6	1.0	1.0	1.0	1.0					
9991.673	14.641999999999825	trials	19.0	10001.819273	10003.064435	10004.265765	10004.550938	10000.862734999999	10003.509712	10004.97	10006.315	1.0	1.0	1.0	1.0					
10009.38	15.380000000001019	trials	19.0	10016.595572	10018.045775	10020.80861	10022.485503	10015.600199	10018.384942			1.0	2.0	0.0	3.0					
10025.145	5.5	trials	19.0	10026.894462	10028.696727999999	10029.836828	10029.949218	10024.818064	10028.680941999999			1.0		0.0	2.0					
10034.72	9.425000000001091	trials	19.0	10038.820078	10040.540974	10043.427667	10044.200972	10037.980022	10042.395849			1.0	2.0	0.0	3.0					
10046.695	75.93000000000029	trials	19.0	10117.886451999999	10119.57561	10120.59604	10121.053741	10117.299092	10119.895456	10121.315	10122.625	1.0	1.0	1.0	1.0					
10124.706	10.65899999999965	trials	19.0	10130.580232	10131.842413	10133.403734	10133.712838	10129.688938	10132.659208	10134.165	10135.365	1.0	1.0	1.0	1.0					
10137.391	11.549000000000888	trials	19.0	10142.725151999999	10144.16787	10146.989363	10147.258987	10142.049547999999	10145.129594	10147.775	10148.94	1.0	2.0	1.0	1.0					
10151.01	9.05999999999949	trials	19.0	10155.447006	10156.762007	10159.336114	10160.12621	10154.719775	10157.304152			1.0	2.0	0.0	3.0					
10163.735	7.175999999999476	trials	19.0	10166.084897	10168.033786	10168.983763	10169.318734	10165.554601	10168.288601	10169.73	10170.911	1.0	1.0	1.0	1.0					
10173.986	8.243999999998778	trials	19.0	10177.985063	10179.916799	10181.196375	10181.456471	10177.462459	10180.455737	10181.791	10181.8	1.0	1.0	1.0	1.0					
10184.755	11.165000000000873	trials	19.0	10191.244865	10192.530781	10194.021536	10194.214334	10190.389944999999	10193.201378	10194.665	10195.92	1.0	1.0	1.0	1.0					
10198.94	8.394999999998618	trials	19.0	10202.346701	10203.937304	10205.237401999999	10205.524905999999	10201.615427	10204.468411	10205.875	10207.335	1.0	1.0	1.0	1.0					
10210.41	9.524999999999636	trials	19.0	10215.085093	10216.169222	10217.967458	10218.263020999999	10214.304369	10217.131427	10218.635	10219.935	1.0	1.0	1.0	1.0					
10223.021	8.648999999999432	trials	19.0	10226.750584	10228.052035	10229.664196	10230.021332	10226.053922	10228.84957	10230.396	10231.67	1.0	1.0	1.0	1.0					
10234.74	9.3700000000008	trials	19.0	10239.789999999999	10241.019298	10242.078343	10242.324712	10239.16168	10241.2976	10242.635	10244.11	1.0	1.0	1.0	1.0					
10247.201	9.994000000000597	trials	19.0	10252.700453	10254.07826	10255.180812999999	10255.605257	10252.076079	10254.427276999999	10255.97	10257.195	1.0	1.0	1.0	1.0					
10259.215	11.114999999999782	trials	19.0	10265.396155	10267.388428999999	10268.340659	10268.615993	10264.842822999999	10267.622303	10269.076	10270.33	1.0	1.0	1.0	1.0					
10274.475	6.239999999999782	trials	19.0	10278.025883	10279.695467	10280.657729	10281.117788	10277.199811	10279.931946			1.0	1.0	0.0	3.0					
10284.005	120.38500000000022	BlockDesign														1.0	579.0	584.0	0.0	0.0
10284.005	10.285000000001673	trials	20.0	10289.290643	10291.097786	10293.831301	10294.347968	10288.537672999999	10292.880605999999			1.0	1.0	0.0	3.0					
10298.175	5.890000000001237	trials	20.0	10300.347115	10301.647745	10303.218121	10304.121277999999	10299.363374	10302.239743			1.0	2.0	0.0	3.0					
10306.565	67.13400000000001	trials	20.0	10370.59777	10372.073280999999	10373.350887999999	10373.73158	10369.748223999999	10372.664047			1.0	1.0	0.0	3.0					
10376.625	5.299999999999272	trials	20.0	10378.505471	10379.928038	10380.850258999999	10381.217429	10376.78243	10379.916158			1.0		0.0	2.0					
10384.935	8.515999999999622	trials	20.0	10389.050495	10391.023103	10393.032898	10393.510406	10388.304439	10392.310345			1.0	1.0	0.0	3.0					
10396.448	7.941999999999098	trials	20.0	10401.201332	10402.320125			10400.59319	10403.19145			1.0	2.0	0.0	3.0					
10408.685	531.2049999999999	BlockDesign														1.0	585.0	616.0	10.0	50.0
10408.685	20.86499999999978	trials	21.0	10422.297476	10423.514835	10427.467945	10427.900338	10421.470879999999	10424.286569	10428.065	10429.55	1.0	2.0	1.0	1.0					
10432.576	9.904000000000451	trials	21.0	10438.731603	10438.893779	10442.424509	10442.519041	10438.099619	10438.881629			1.0		0.0	2.0					
10444.969	9.09100000000035	trials	21.0	10447.746389	10449.349519	10452.187034	10452.480017	10447.184828	10450.22264	10452.82	10454.06	1.0	2.0	1.0	1.0					
10457.094	14.806000000000495	trials	21.0	10463.51317	10465.570934	10468.256645	10471.95746	10462.614811	10466.059043			1.0	2.0	0.0	3.0					
10472.578	9.887000000000626	trials	21.0	10478.821487	10479.878422	10482.019225	10482.523949	10478.105002	10481.275339			1.0	1.0	0.0	3.0					
10484.38	43.720000000001164	trials	21.0	10522.351916	10524.100073	10526.053456	10526.514862	10521.786947	10524.651391	10526.67	10528.1	1.0	2.0	1.0	1.0					
10530.184	9.281000000000859	trials	21.0	10534.996559	10536.623248	10538.42737	10539.524263	10534.316302	10537.033954			1.0	2.0	0.0	3.0					
10540.695	5.559999999999491	trials	21.0	10542.352198999999	10544.05394	10545.780572	10546.31411	10541.497454	10544.994448			1.0	1.0	0.0	3.0					
10549.166	12.799000000000888	trials	21.0	10555.131613	10556.602775	10561.21763	10562.022556	10554.603514	10558.052905			1.0	2.0	0.0	3.0					
10565.565	5.445999999999913	trials	21.0	10567.433476	10568.548523	10570.52918	10571.069221	10566.466554999999	10569.686393			1.0	1.0	0.0	3.0					
10573.86	81.56999999999971	trials	21.0	10651.916965	10653.504217	10654.949456999999	10655.491595	10651.134898	10654.171852			1.0	1.0	0.0	3.0					
10658.37	5.393999999998414	trials	21.0	10660.252091	10661.734741	10662.843895	10662.872995	10658.706166	10661.724875			1.0		0.0	2.0					
10665.781	11.919999999998254	trials	21.0	10671.017789	10672.609432	10676.878019	10677.761145	10670.453679999999	10673.878483999999			1.0	2.0	0.0	3.0					
10680.16	5.985000000000582	trials	21.0	10681.922179	10683.706688	10685.653976	10686.20245	10681.019173	10684.846751			1.0	1.0	0.0	3.0					
10690.065	16.109999999998763	trials	21.0	10698.497498	10699.944105999999	10703.896298	10704.435871	10697.568253	10700.955757	10704.53	10706.175	1.0	2.0	1.0	1.0					
10709.195	10.579999999999927	trials	21.0	10713.914044	10715.710216	10717.264306	10717.976272	10713.317806	10716.107462	10717.895	10719.775	1.0	2.0	1.0	1.0					
10722.8	13.68500000000131	trials	21.0	10728.282821	10729.836137	10732.777802999999	10733.445413	10727.406464	10730.152913	10733.451	10736.485	1.0	2.0	1.0	1.0					
10738.505	12.050000000001091	trials	21.0	10745.184154	10746.435892	10749.835767999999	10750.617004	10744.335283	10747.011628			1.0	2.0	0.0	3.0					
10752.145	12.1299999999992	trials	21.0	10760.412543999999	10762.205573	10763.801863	10764.335314	10759.790055	10763.028462999999			1.0	1.0	0.0	3.0					
10766.134	8.120999999999185	trials	21.0	10769.032266	10770.609849	10772.221549	10772.663611	10768.338074	10770.851083	10772.85	10774.255	1.0	2.0	1.0	1.0					
10776.344	12.692000000000917	trials	21.0	10782.978415	10784.844346	10786.521537999999	10786.982381	10782.420017	10785.160571	10787.22	10789.036	1.0	2.0	1.0	1.0					
10791.063	12.11700000000019	trials	21.0	10796.778718	10797.875519	10800.767512	10801.121788	10795.823735	10798.240776999999	10801.42	10803.18	1.0	2.0	1.0	1.0					
10807.24	9.300999999999476	trials	21.0	10811.934479	10813.554548	10815.710282	10816.599089	10811.230883	10813.902012999999			1.0	2.0	0.0	3.0					
10818.046	11.114999999999782	trials	21.0	10821.552991	10823.173654	10827.001579	10827.434474	10820.762714	10824.362353	10827.565	10829.161	1.0	2.0	1.0	1.0					
10832.245	9.679999999998472	trials	21.0	10837.323041	10838.406353	10841.181125	10841.985686	10836.450953	10838.736374			1.0	2.0	0.0	3.0					
10844.451	12.83900000000176	trials	21.0	10851.648654999999	10853.678962	10856.490791	10857.351079	10850.73289	10854.421921			1.0	2.0	0.0	3.0					
10860.83	4.770000000000437	trials	21.0	10862.618215	10864.523039	10865.287054	10865.632411999999	10861.331286999999	10864.539419			1.0	1.0	0.0	3.0					
10868.656	16.433999999999287	trials	21.0	10878.568538	10879.641635	10882.824588	10883.343712	10877.775851	10880.369507	10883.395	10885.09	1.0	2.0	1.0	1.0					
10889.121	11.009000000000015	trials	21.0	10892.83819	10894.440773	10897.713616	10898.145353	10892.111969	10894.985284	10898.35	10900.13	1.0	2.0	1.0	1.0					
10904.265	11.210000000000946	trials	21.0	10909.113716	10911.086478	10913.355119	10915.533086	10908.253483	10911.380597			1.0	2.0	0.0	3.0					
10915.616	6.679000000000087	trials	21.0	10918.519091	10920.047368	10922.027535	10922.307743	10917.575203	10921.113084999999			1.0	1.0	0.0	3.0					
10926.301	13.588999999999942	trials	21.0	10931.359009	10932.892274	10937.430188	10937.924347	10930.602313	10933.764681999999	10938.1	10939.89	1.0	2.0	1.0	1.0					
10942.953	1737.8670000000002	BlockDesign														1.0	617.0	712.0	50.0	10.0
10942.953	10.272000000000844	trials	22.0	10948.023931	10949.945779	10952.166154999999	10953.048171999999	10947.415901	10950.264275			1.0	2.0	0.0	3.0					
10956.453	5.110000000000582	trials	22.0	10958.178133	10959.595585			10956.774181	10959.585814			1.0		0.0	2.0					
10964.596	12.554000000000087	trials	22.0	10972.798799	10974.113927	10975.985095	10977.211234999999	10971.97127	10974.680371			1.0	2.0	0.0	3.0					
10979.325	27.289999999999054	trials	22.0	11003.56426	11005.124585	11006.163158	11006.673986	11002.646756	11005.448365			1.0	1.0	0.0	3.0					
11008.5	12.040000000000873	trials	22.0	11015.258783	11016.725006	11019.333266	11019.39731	11014.414099	11017.754818			1.0	2.0	0.0	3.0					
11023.721	25.399999999999636	trials	22.0	11043.265544	11044.950898	11047.712263	11049.18211	11042.538698	11045.583191			1.0	2.0	0.0	3.0					
11051.107	5.302999999999884	trials	22.0	11052.883855	11054.386561			11051.455847	11054.382223999999			1.0		0.0	2.0					
11059.42	21.344999999999345	trials	22.0	11074.919029	11076.313541	11078.670961	11079.038327	11074.330693	11076.691018	11079.295	11080.765	1.0	2.0	1.0	1.0					
11082.85	10.289999999999054	trials	22.0	11089.13431	11090.219627	11092.426027	11093.202052999999	11088.34597	11090.543606			1.0	2.0	0.0	3.0					
11094.736	8.333999999998923	trials	22.0	11097.979836999999	11099.951539	11101.297288	11101.567205	11097.471948999999	11100.464227	11101.951	11103.07	1.0	1.0	1.0	1.0					
11105.155	9.80999999999949	trials	22.0	11111.644685	11113.07729	11114.518108	11115.027302	11110.930292	11113.695673			1.0	1.0	0.0	3.0					
11116.8	13.010000000000218	trials	22.0	11123.838916	11125.407017	11128.447843	11129.870599	11122.948591	11126.06032			1.0	2.0	0.0	3.0					
11130.815	10.5049999999992	trials	22.0	11136.509194	11138.491281999999	11139.662708	11139.887239	11135.642726	11138.947807	11140.29	11141.32	1.0	1.0	1.0	1.0					
11145.395	9.055999999998676	trials	22.0	11150.743387999999	11152.206989	11154.189634999999	11154.431767	11150.065972	11153.330548			1.0	1.0	0.0	3.0					
11157.53	13.404999999998836	trials	22.0	11163.360037999999	11164.411787	11168.86469	11169.106712	11162.731158999999	11167.619414	11169.5	11170.935	1.0	1.0	1.0	1.0					
11173.025	15.0	trials	22.0	11183.179189	11184.365516	11185.916975	11186.175722	11182.389941	11185.15493	11186.555	11188.025	1.0	1.0	1.0	1.0					
11192.115	11.81500000000051	trials	22.0	11198.945185999999	11200.581323	11201.958815	11202.205037	11197.95106	11201.140361	11202.595	11203.93	1.0	1.0	1.0	1.0					
11207.976	17.091999999998734	trials	22.0	11219.646433	11221.146748	11222.994794	11223.243034	11218.825136	11221.429298	11223.71	11225.068	1.0	1.0	1.0	1.0					
11227.085	14.910000000001673	trials	22.0	11235.969641	11237.435797999999	11238.863981999999	11239.082731999999	11235.460897	11238.03956			1.0	1.0	0.0	3.0					
11242.13	5.204999999999927	trials	22.0	11243.79941	11245.091255	11246.458391	11247.397176	11242.059018	11245.382951			1.0	2.0	0.0	3.0					
11250.78	16.18999999999869	trials	22.0	11261.625086	11263.892993	11265.149131999999	11265.367106	11260.977617	11261.792227	11265.955	11266.97	1.0	1.0	1.0	1.0					
11270.0	10.725000000000364	trials	22.0	11276.811491	11278.706837	11279.768275	11280.788633	11276.129874999999	11278.983473			1.0	1.0	0.0	3.0					
11283.03	11.30999999999949	trials	22.0	11290.125297999999	11292.24679	11293.292963	11294.404429999999	11289.221339	11292.555722			1.0	1.0	0.0	3.0					
11295.63	6.180000000000291	trials	22.0	11297.545349	11299.480105999999	11300.885371	11300.975956999999	11296.142715	11299.801109			1.0	2.0	0.0	3.0					
11305.156	10.0049999999992	trials	22.0	11311.232551	11313.17191	11314.28478	11315.219536	11310.318051999999	11313.524722999999			1.0	1.0	0.0	3.0					
11317.68	6.020999999998821	trials	22.0	11320.585297	11321.930907	11323.185114	11323.763045	11319.68644	11322.455453999999			1.0	1.0	0.0	3.0					
11325.55	16.105000000001382	trials	22.0	11337.679643	11339.317553	11341.34269	11341.535442	11337.041329	11340.075308			1.0	1.0	0.0	3.0					
11345.665	42.68499999999949	trials	22.0	11384.900851	11386.322435	11388.076325	11388.414220999999	11384.205061999999	11386.614392			1.0	2.0	0.0	3.0					
11392.34	15.425999999999476	trials	22.0	11404.691018	11405.956706	11407.354965999999	11407.826909	11403.938896	11406.135058			1.0	2.0	0.0	3.0					
11409.67	11.969999999999345	trials	22.0	11416.920235	11418.8125	11419.971284	11420.236445999999	11416.406831	11419.231529	11420.635	11421.64	1.0	1.0	1.0	1.0					
11425.665	29.370999999999185	trials	22.0	11451.330579	11453.337634	11454.471802	11455.097893	11450.666587	11453.605289			1.0	2.0	0.0	3.0					
11458.869	4.503999999998996	trials	22.0	11460.620587	11462.041223	11463.05171	11463.348224	11459.351234	11462.333219			1.0	1.0	0.0	3.0					
11465.422	15.627999999998792	trials	22.0	11476.937321	11478.914225	11480.397218	11481.113471	11476.220658999999	11479.080872999999			1.0	2.0	0.0	3.0					
11483.719	5.9760000000005675	trials	22.0	11485.710979	11486.813097999999	11487.826229	11488.152839	11485.200026999999	11487.20032	11488.56	11489.695	1.0	1.0	1.0	1.0					
11492.78	24.09099999999853	trials	22.0	11511.666392	11513.329136	11514.571239	11516.932352	11510.963302	11513.357485			1.0	2.0	0.0	3.0					
11516.9	31.274999999999636	trials	22.0	11543.701847	11544.967634	11546.387147	11546.704193	11543.090506	11545.59842	11546.951	11548.175	1.0	1.0	1.0	1.0					
11551.204	10.121999999999389	trials	22.0	11558.001091999999	11559.89876	11560.8356	11561.389972	11557.164169	11560.091278			1.0	1.0	0.0	3.0					
11565.182	15.58299999999872	trials	22.0	11577.026642	11578.831982	11580.314876	11580.82975	11576.277617	11579.559416			1.0	1.0	0.0	3.0					
11582.585	74.875	trials	22.0	11652.801376	11654.035512	11655.091966	11656.439328	11651.8192	11654.271587			1.0	2.0	0.0	3.0					
11659.41	10.751000000000204	trials	22.0	11666.806676	11668.619575	11669.642155	11670.221954	11666.283865	11668.901878			1.0	1.0	0.0	3.0					
11673.964	12.790999999999258	trials	22.0	11683.103181	11684.681227	11685.751059999999	11686.006189	11682.124382	11684.979521			1.0	1.0	1.0	1.0					
11690.305	14.694999999999709	trials	22.0	11700.187933	11702.003247999999	11703.104083	11703.488249	11699.255717	11702.356597	11703.78	11705.0	1.0	1.0	1.0	1.0					
11709.151	9.459000000000742	trials	22.0	11713.737433999999	11715.483193	11716.822121	11717.027633	11712.993539	11715.991396	11717.496	11718.61	1.0	1.0	1.0	1.0					
11722.656	11.35399999999936	trials	22.0	11727.287141	11728.315074999999	11730.741128	11731.573891	11726.704072	11729.111813			1.0	2.0	0.0	3.0					
11735.02	4.219999999999345	trials	22.0	11736.796631	11737.818821	11738.760827	11739.301736	11735.399088999999	11738.045215			1.0	1.0	0.0	3.0					
11743.145	17.6299999999992	trials	22.0	11755.78213	11757.649169	11758.947323	11759.145751	11755.055024	11758.165975	11759.595	11760.775	1.0	1.0	1.0	1.0					
11764.796	7.434999999999491	trials	22.0	11768.556383	11770.440471	11771.781467	11772.293324	11767.817147	11770.982983			1.0	1.0	0.0	3.0					
11775.11	5.324999999998909	trials	22.0	11777.037203	11778.49439			11775.346069	11778.482729			1.0		0.0	2.0					
11783.515	16.215000000000146	trials	22.0	11793.098958999999	11794.376029	11797.736398	11798.083523	11792.393735	11795.408458	11798.355	11799.73	1.0	2.0	1.0	1.0					
11803.792	10.278000000000247	trials	22.0	11808.2429	11809.371244	11812.157575	11814.133373	11807.480721	11809.877627			1.0	2.0	0.0	3.0					
11814.455	40.909999999999854	trials	22.0	11851.407479	11853.133825	11854.349879	11854.707511999999	11850.751154	11853.536467			1.0	1.0	1.0	1.0					
11857.905	12.579999999999927	trials	22.0	11867.082166	11868.161332	11869.530284	11869.948205	11866.530018	11868.717031			1.0	1.0	1.0	1.0					
11873.065	11.854999999999563	trials	22.0	11880.317584	11881.654325	11883.053579	11883.323549	11879.677451	11882.233853	11883.775	11884.92	1.0	1.0	1.0	1.0					
11886.941	13.298999999999069	trials	22.0	11893.927403	11895.666497	11896.638525999999	11897.047081	11893.161239	11895.846236			1.0	1.0	0.0	3.0					
11901.043	4.822000000000116	trials	22.0	11902.637153	11903.921042	11904.852539	11905.928194	11900.306001	11904.08042			1.0	2.0	0.0	3.0					
11907.191	27.60899999999856	trials	22.0	11931.792485	11933.31077	11934.34975	11934.863744	11930.831605	11933.594083			1.0	1.0	0.0	3.0					
11938.607	14.378000000000611	trials	22.0	11945.488007	11947.148513	11948.980103	11949.852557	11944.912285	11948.193197			1.0	1.0	0.0	3.0					
11953.31	13.355000000001382	trials	22.0	11962.537962	11964.384356999999	11965.668153999999	11965.732959	11961.591386	11964.672553			1.0	2.0	0.0	3.0					
11970.006	26.554000000000087	trials	22.0	11990.860058	11992.700863	11994.311762	11996.623936	11989.987448	11993.303476			1.0	2.0	0.0	3.0					
11997.701	4.879000000000815	trials	22.0	11999.617844	12000.639403	12001.449749	12001.537961	11997.994413	12000.624124			1.0		0.0	2.0					
12004.656	12.6299999999992	trials	22.0	12013.104677	12014.695163	12016.774186999999	12017.348021	12012.301035	12015.903671			1.0	1.0	0.0	3.0					
12020.11	22.18999999999869	trials	22.0	12038.083369	12040.121624	12041.803023	12042.366915999999	12037.219787	12040.449831			1.0	2.0	0.0	3.0					
12044.076	13.355000000001382	trials	22.0	12053.314643	12054.856919	12055.770583	12055.998447	12052.506859	12055.117114	12056.42	12057.431	1.0	1.0	1.0	1.0					
12060.516	20.264000000001033	trials	22.0	12077.943749	12079.287521	12080.363668	12080.846797999999	12077.420693	12079.655521			1.0	1.0	0.0	3.0					
12083.703	10.887000000000626	trials	22.0	12090.507935	12092.027398999999	12094.323843999999	12096.908190999999	12089.545839	12093.263347			1.0	2.0	0.0	3.0					
12096.645	24.06999999999971	trials	22.0	12116.519778	12118.502542	12119.664491	12119.895491	12115.745575	12118.9678			1.0	1.0	1.0	1.0					
12124.255	33.70499999999993	trials	22.0	12155.463509	12156.534142	12157.516941	12158.024663	12154.518646	12156.854006			1.0	1.0	0.0	3.0					
12159.8	10.6200000000008	trials	22.0	12167.290975	12168.572446999999	12170.159681	12170.383512	12166.409139	12169.376926			1.0	1.0	0.0	3.0					
12173.498	10.637000000000626	trials	22.0	12179.213705	12181.209843999999	12183.397426	12184.200557	12178.408085	12181.823425999999			1.0	2.0	0.0	3.0					
12185.755	7.335000000000946	trials	22.0	12189.974311	12191.420903	12191.994686	12193.155701	12189.19574	12191.401874			1.0	2.0	0.0	3.0					
12196.365	7.264999999999418	trials	22.0	12199.779318	12200.997601	12203.149814	12203.695671	12199.070426	12202.323395			1.0	1.0	0.0	3.0					
12205.555	32.11499999999978	trials	22.0	12234.428945	12235.72943			12233.496534	12235.720933			1.0		0.0	2.0					
12241.68	6.344999999999345	trials	22.0	12243.238024	12244.794588	12245.939244000001	12246.40155	12242.622378000002	12245.264476	12246.63	12248.025	1.0	2.0	1.0	1.0					
12250.095	19.210000000000946	trials	22.0	12266.189653000001	12267.359550000001	12268.352055000001	12269.329437	12265.549783	12267.622008			1.0	2.0	0.0	3.0					
12271.661	11.943999999999505	trials	22.0	12279.507453	12281.387806	12282.921792000001	12283.627663000001	12278.806606	12282.161469			1.0	2.0	0.0	3.0					
12286.23	17.45300000000134	trials	22.0	12300.98854	12302.195866000002	12303.318115000002	12303.591868000001	12300.006724	12302.605714000001			1.0	1.0	0.0	3.0					
12306.695	25.979999999999563	trials	22.0	12327.82357	12329.645529000001	12331.127373000001	12332.700513000002	12326.915743000001	12330.235114000001			1.0	2.0	0.0	3.0					
12333.49	8.194999999999709	trials	22.0	12337.564695000001	12338.971749	12339.946609	12340.15105	12336.651487000001	12339.320066	12340.595	12341.685	1.0	1.0	1.0	1.0					
12344.755	15.265000000001237	trials	22.0	12357.708388000001	12358.816465000002	12359.709684000001	12359.897916000002	12356.998767000001	12359.00631			1.0	1.0	0.0	3.0					
12362.095	18.05500000000029	trials	22.0	12375.178182000001	12377.244469000001	12378.249589000001	12378.650115	12374.244948000001	12377.482093	12379.025	12380.15	1.0	1.0	1.0	1.0					
12383.17	9.164999999999054	trials	22.0	12387.768234000001	12388.985661	12390.433913	12390.728722000002	12387.201465	12389.658159	12391.1	12392.335	1.0	1.0	1.0	1.0					
12395.355	9.260000000000218	trials	22.0	12401.263081000001	12402.963975	12404.098176000001	12404.638042	12400.608829	12403.284568000001			1.0	1.0	0.0	3.0					
12406.471	5.049000000000888	trials	22.0	12409.218069	12409.230255			12408.580170000001	12409.219021			1.0		0.0	2.0					
12413.225	28.2549999999992	trials	22.0	12436.703497	12438.463131	12439.518071	12439.72645	12435.716184	12438.713709000001	12440.121	12441.48	1.0	1.0	1.0	1.0					
12444.516	9.34400000000096	trials	22.0	12450.181867000001	12452.151832000001	12453.255339000001	12453.886597	12449.203707	12452.483427000001			1.0	1.0	0.0	3.0					
12457.58	6.670000000000073	trials	22.0	12459.567825	12460.731918000001	12462.724095000001	12462.810388000002	12457.863439	12461.136504000002			1.0	2.0	0.0	3.0					
12466.111	29.46899999999914	trials	22.0	12491.138278	12492.606982000001	12493.674168000001	12494.013481000002	12490.373937	12492.903559	12494.286	12495.58	1.0	1.0	1.0	1.0					
12497.6	10.920000000000073	trials	22.0	12505.433302000001	12506.715883	12508.162633000002	12508.427380000001	12504.534867	12507.244333			1.0	1.0	0.0	3.0					
12512.53	7.287999999998647	trials	22.0	12514.624309	12516.055327000002	12519.364268000001	12519.840022	12513.717982	12516.629832			1.0	2.0	0.0	3.0					
12523.74	21.465000000000146	trials	22.0	12540.768736000002	12542.013318000001	12543.34468	12543.587358	12540.252411000001	12542.410572	12543.97	12545.205	1.0	1.0	1.0	1.0					
12549.226	7.8989999999994325	trials	22.0	12554.673745	12554.760729000001			12554.142105	12554.757064000001			1.0		0.0	2.0					
12560.889	20.666000000001077	trials	22.0	12577.029426000001	12578.692597000001	12579.653185000001	12579.918211	12576.416379	12578.877886	12580.3	12581.555	1.0	1.0	1.0	1.0					
12584.635	9.204999999999927	trials	22.0	12590.994442000001	12592.192333	12593.385729000001	12593.868735000002	12590.053896000001	12592.544161000002			1.0	1.0	0.0	3.0					
12595.785	7.530000000000655	trials	22.0	12599.933968000001	12601.510801	12602.768555	12603.341959000001	12598.939359000002	12602.050315			1.0	1.0	0.0	3.0					
12605.201	63.699000000000524	trials	22.0	12664.389373000002	12666.273895	12667.04772	12667.344184000001	12663.610642000001	12666.397721000001	12667.685	12668.9	1.0	1.0	1.0	1.0					
12670.945	9.875	trials	22.0	12677.785003	12679.636264	12680.609326000002	12680.844754000002	12677.183266000002	12679.918972000001			1.0	1.0	0.0	3.0					
12684.995	303.40099999999984	BlockDesign														1.0	713.0	732.0	50.0	0.0
12684.995	10.769999999998618	trials	23.0	12691.199878000001	12693.171341000001	12693.870410000001	12694.284909000002	12690.472366000002	12693.169365000002	12694.56	12695.765	2.0	1.0	1.0	1.0					
12697.785	11.380000000001019	trials	23.0	12704.691186000002	12706.456414	12707.487027000001	12707.684095	12704.004897	12706.457926000001	12708.161	12709.165	2.0	1.0	1.0	1.0					
12712.258	9.961999999999534	trials	23.0	12718.769435	12720.441997000002	12721.581657	12722.244829000001	12717.820266	12720.822004000001			2.0	1.0	0.0	3.0					
12723.89	7.105999999999767	trials	23.0	12727.540063	12728.733058000002	12730.308856000001	12730.738875000001	12727.016905	12729.568555000002			2.0	1.0	0.0	3.0					
12732.745	30.674999999999272	trials	23.0	12758.995930000001	12760.703287	12761.527498000001	12761.709597000001	12758.377647000001	12760.87399	12762.365	12763.42	2.0	1.0	1.0	1.0					
12767.44	8.43999999999869	trials	23.0	12771.990059000002	12773.608591	12775.312434000001	12775.907908000001	12771.384498000001	12774.565554			2.0	1.0	0.0	3.0					
12777.685	6.135000000000218	trials	23.0	12779.720116	12780.826930000001	12782.770425	12782.995601	12778.775172000001	12782.035383			2.0	1.0	1.0	1.0					
12787.365	24.212999999999738	trials	23.0	12808.066765000001	12810.051735000001	12811.13303	12811.588932	12807.295856	12810.264751			2.0	1.0	0.0	3.0					
12813.566	5.638999999999214	trials	23.0	12815.474641	12816.771607	12817.507388000002	12817.666840000002	12814.701717000002	12816.811236000001	12818.25	12819.205	2.0	1.0	1.0	1.0					
12821.27	17.234999999998763	trials	23.0	12835.260295	12836.467395000001	12837.997416	12838.53454	12834.284992	12837.191628			2.0	1.0	0.0	3.0					
12841.345	9.166000000001077	trials	23.0	12846.210541	12847.376076	12849.522791000001	12850.538848	12845.310964	12848.643552000001			2.0	1.0	0.0	3.0					
12853.845	12.850000000000364	trials	23.0	12860.580487000001	12862.257142	12864.765226000001	12865.036923000001	12860.012953000001	12863.974152	12865.445	12866.695	2.0	1.0	1.0	1.0					
12868.71	14.31500000000051	trials	23.0	12878.237857	12879.587999000001	12880.998058000001	12881.440657000001	12877.311037000001	12880.142296000002	12881.701	12883.025	2.0	1.0	1.0	1.0					
12885.063	19.582000000000335	trials	23.0	12899.505624000001	12900.802517	12902.666933	12902.87771	12898.618318	12901.831315000001	12903.32	12904.645	2.0	1.0	1.0	1.0					
12908.67	9.954999999999927	trials	23.0	12915.060088	12917.068547	12918.140047	12918.65184	12914.507843000001	12917.346328000001			2.0	1.0	0.0	3.0					
12921.53	5.121999999999389	trials	23.0	12923.410650000002	12925.191835000001	12926.191575	12926.677710000002	12921.606649000001	12925.450132000002			2.0	1.0	0.0	3.0					
12929.56	13.476000000000568	trials	23.0	12935.446057000001	12936.782550000002	12941.095567	12941.460757	12934.596945000001	12940.138977	12941.675	12943.036	2.0	1.0	1.0	1.0					
12947.055	16.485000000000582	trials	23.0	12958.127033	12959.957813	12961.539320000002	12961.798783	12957.301279000001	12960.658702	12962.35	12963.54	2.0	1.0	1.0	1.0					
12965.563	15.606999999999971	trials	23.0	12977.810641	12979.167650000001	12980.720378000002	12981.196912000001	12977.029912000002	12979.862540000002			2.0	1.0	0.0	3.0					
12983.11	5.286000000000058	trials	23.0	12985.001042000002	12987.047539000001	12988.290913	12988.832902000002	12983.842344	12987.606673			2.0	1.0	0.0	3.0					
12991.736	477.6749999999993	BlockDesign														1.0	733.0	754.0	0.0	50.0
12991.736	39.30400000000009	trials	24.0	13026.956479	13028.905849	13030.237093000002	13031.070090000001	13025.982362	13029.059596000001			3.0	2.0	0.0	3.0					
13032.615	21.76000000000022	trials	24.0	13051.286691000001	13052.398662000001			13050.308732000001	13052.387509			3.0		0.0	2.0					
13056.38	34.615999999999985	trials	24.0	13087.506454	13089.493698	13090.533804	13091.026921	13086.779448000001	13089.711779000001			3.0	2.0	0.0	3.0					
13094.901	42.40899999999965	trials	24.0	13133.765961000001	13135.527229000001	13136.792893000002	13137.340117000002	13132.834780000001	13135.957759			3.0	1.0	0.0	3.0					
13139.17	5.299999999999272	trials	24.0	13141.192738000002	13142.418438	13143.655030000002	13144.499476	13140.181596	13142.720461			3.0	2.0	0.0	3.0					
13148.063	33.91200000000026	trials	24.0	13176.621549000001	13178.596836	13180.198083000001	13180.509679	13175.809656000001	13178.825674000002	13180.84	13181.975	3.0	2.0	1.0	1.0					
13184.035	13.780000000000655	trials	24.0	13192.926264000002	13194.134761000001	13197.063857000001	13197.841881	13191.968936000001	13195.266018			3.0	2.0	0.0	3.0					
13200.517	5.3729999999995925	trials	24.0	13202.261607	13203.906313000001	13204.799263	13204.898655	13200.719868	13203.901993000001			3.0		0.0	2.0					
13209.9	10.540000000000873	trials	24.0	13215.221694000002	13216.384879000001	13219.644577000001	13220.466625000001	13214.37138	13218.011399			3.0	2.0	0.0	3.0					
13222.035	31.01000000000022	trials	24.0	13247.237824000002	13248.614359000001	13252.241085000001	13252.71886	13246.290817000001	13250.007333000001			3.0	1.0	0.0	3.0					
13254.86	16.44499999999971	trials	24.0	13265.287033	13267.136977000002	13269.218022000001	13269.660802	13264.519498000001	13268.197471000001	13269.951	13271.305	3.0	2.0	1.0	1.0					
13274.33	11.700000000000728	trials	24.0	13282.266724000001	13283.985436	13285.059199000001	13286.061162000002	13281.31135	13284.256585000001			3.0	2.0	0.0	3.0					
13287.469	12.796000000000276	trials	24.0	13296.021731	13297.985956	13299.390384	13300.294791	13295.482777000001	13298.293684			3.0	2.0	0.0	3.0					
13301.755	15.950000000000728	trials	24.0	13312.681729000002	13314.656371000001	13316.586867000002	13316.879145	13312.114678000002	13314.97068			3.0	2.0	1.0	1.0					
13321.208	14.95299999999952	trials	24.0	13332.051856000002	13333.42919	13335.524077000002	13336.18849	13331.440671	13334.010428000001			3.0	2.0	0.0	3.0					
13339.975	12.825999999999112	trials	24.0	13348.797234000001	13350.708805	13352.370879000002	13352.811895	13348.019541000001	13351.509348000001			3.0	1.0	0.0	3.0					
13356.8	14.736000000000786	trials	24.0	13366.319119000002	13368.353448000002	13370.438029	13370.889386	13365.619651	13368.624196			3.0	2.0	1.0	1.0					
13374.047	12.893000000000029	trials	24.0	13382.717389000001	13384.308232000001	13386.234627000002	13386.969969000002	13381.872360000001	13384.506033000001			3.0	2.0	0.0	3.0					
13389.545	34.534999999999854	trials	24.0	13420.267065	13422.089368	13423.019886000002	13424.110438000002	13419.636481000001	13422.220726000001			3.0	2.0	0.0	3.0					
13425.395	18.23999999999978	trials	24.0	13437.294116000001	13438.324966	13441.591540000001	13442.064772000002	13436.696614	13439.577715000001	13442.365	13443.635	3.0	2.0	1.0	1.0					
13447.651	9.504000000000815	trials	24.0	13452.167773000001	13453.839219000001	13455.079956000001	13455.602718000002	13451.552743	13454.19727	13455.715	13457.155	3.0	2.0	1.0	1.0					
13460.203	9.208000000000538	trials	24.0	13466.609299000002	13468.236564	13469.31751	13472.979283	13465.851327	13468.374485			3.0	2.0	0.0	3.0					
13473.755	1818.6530000000002	BlockDesign														1.0	755.0	801.0	50.0	50.0
13473.755	7.920000000000073	trials	25.0	13476.81909	13478.322662	13479.851704	13480.115158	13475.964139000002	13478.579583	13480.605	13481.675	3.0	2.0	1.0	1.0					
13483.775	15.015999999999622	trials	25.0	13493.299012000001	13494.919756000001	13496.613688000001	13497.060837	13492.623343000001	13495.168752000001	13497.355	13498.791	3.0	2.0	1.0	1.0					
13501.875	10.264999999999418	trials	25.0	13508.097729000001	13509.571014000001	13511.164834000001	13512.171609	13507.401564000002	13509.793441000002			3.0	2.0	0.0	3.0					
13513.525	31.7450000000008	trials	25.0	13540.743627000002	13542.384534	13543.514358	13543.763901	13539.977955	13542.779802000001	13544.27	13545.27	2.0	1.0	1.0	1.0					
13548.29	10.049999999999272	trials	25.0	13554.783496	13556.277699	13557.573104000001	13558.371117	13554.204625	13556.683863			2.0	1.0	0.0	3.0					
13560.939	12.560999999999694	trials	25.0	13570.223101000001	13571.410170000001	13573.036505	13573.532229	13569.249316000001	13572.306934			2.0	1.0	0.0	3.0					
13577.336	5.619000000000597	trials	25.0	13579.183212000002	13580.894833			13577.665057000002	13580.892012			3.0		0.0	2.0					
13585.031	945.8289999999997	trials	25.0	14526.114049000002	14527.604449	14528.806044	14529.141703000001	14525.180101000002	14527.972597	14529.525	14530.86	2.0	1.0	1.0	1.0					
14533.906	18.573999999998705	trials	25.0	14548.802631	14549.964591	14551.729939	14552.513323000001	14548.096207	14550.325426000001			3.0	2.0	0.0	3.0					
14554.09	27.735999999998967	trials	25.0	14577.942874	14579.769724000002	14580.439302	14580.962892000001	14577.210547	14579.764430000001			3.0		0.0	2.0					
14584.905	15.231999999999971	trials	25.0	14597.352891	14598.911898	14599.728531	14600.169574000001	14596.438498000001	14599.144301			2.0	1.0	0.0	3.0					
14602.034	62.431000000000495	trials	25.0	14660.022928	14661.993321000002	14662.659451000001	14662.687485	14659.471660000001	14661.949632	14663.401	14664.465	3.0	2.0	1.0	1.0					
14668.52	11.140999999999622	trials	25.0	14674.473525000001	14676.285580000002	14677.597216000002	14678.015533000002	14673.511054	14676.84631	14678.215	14679.661	2.0	1.0	1.0	1.0					
14681.74	15.93499999999949	trials	25.0	14692.563466000001	14693.835296000001	14695.552204000001	14695.869138000002	14692.002031	14694.209676	14696.145	14697.675	3.0	2.0	1.0	1.0					
14700.695	13.7450000000008	trials	25.0	14708.938623000002	14710.104996000002	14712.382426	14712.670302	14708.432737000001	14711.563401000001	14713.095	14714.44	2.0	1.0	1.0	1.0					
14718.485	19.579999999999927	trials	25.0	14734.563312000002	14736.332223000001	14737.537237	14738.098908	14733.696858000001	14736.769184			2.0	1.0	0.0	3.0					
14741.965	5.424999999999272	trials	25.0	14743.839549	14745.412320000001			14742.282381	14745.406003			3.0		0.0	2.0					
14750.395	12.78099999999904	trials	25.0	14758.419676000001	14760.251082	14761.911279	14763.210972	14757.711664	14760.893303			3.0	2.0	0.0	3.0					
14766.345	35.73099999999977	trials	25.0	14799.329127	14800.025742000002			14798.665537	14800.015607000001			2.0		0.0	2.0					
14804.13	56.75500000000102	trials	25.0	14855.839254	14857.586243000002	14858.979499000001	14859.316865	14855.191371	14858.296748	14859.605	14860.885	2.0	1.0	1.0	1.0					
14863.901	12.418999999999869	trials	25.0	14871.59928	14872.645897	14874.347505000002	14874.67531	14870.961358	14873.633530000001	14875.005	14876.32	2.0	1.0	1.0	1.0					
14878.337	16.548000000000684	trials	25.0	14890.193841	14891.778847000001	14892.880817000001	14893.111903	14889.234021	14892.006508	14893.527	14894.885	3.0	2.0	1.0	1.0					
14897.92	12.200999999999112	trials	25.0	14906.474572000001	14908.151464			14905.613298	14908.144564000002			3.0		0.0	2.0					
14912.141	12.759000000000015	trials	25.0	14921.451307000001	14922.815782000001	14924.40379	14924.937071	14920.923755000002	14923.694868			2.0	1.0	0.0	3.0					
14926.77	9.350999999998749	trials	25.0	14933.014330000002	14934.371752000001	14935.834833	14938.395709	14932.027726	14934.763035			3.0	2.0	0.0	3.0					
14938.19	8.029999999998836	trials	25.0	14943.944598000002	14944.247122			14942.977967	14944.238727			2.0		0.0	2.0					
14949.23	22.953999999999724	trials	25.0	14968.994980000001	14970.636702000002	14971.743118	14972.205229000001	14968.057376	14971.047355			2.0	1.0	0.0	3.0					
14976.115	16.38500000000022	trials	25.0	14988.394751000002	14989.650711000002	14992.011045000001	14992.536121000001	14987.817084000002	14990.563815000001			3.0	2.0	0.0	3.0					
14995.434	39.32099999999991	trials	25.0	15031.81017	15033.257292000002	15034.251390000001	15034.793903000002	15030.806260000001	15033.646673000001			2.0	1.0	0.0	3.0					
15036.565	14.720999999999549	trials	25.0	15045.475287000001	15046.658778	15049.072336000001	15049.590745000001	15044.874282	15048.004745000002	15049.725	15051.286	3.0	2.0	1.0	1.0					
15055.416	11.6200000000008	trials	25.0	15062.135512	15063.707085000002	15065.081401000001	15065.453004	15061.566198	15064.384909	15065.695	15067.036	2.0	1.0	1.0	1.0					
15070.055	16.0	trials	25.0	15079.701778	15080.937324	15084.004835000002	15084.402625	15078.774949	15081.655262	15084.735	15086.055	3.0	2.0	1.0	1.0					
15089.125	12.049999999999272	trials	25.0	15096.400450000001	15097.759083	15099.268528	15101.210449000002	15095.791635000001	15098.197543000002			3.0	2.0	0.0	3.0					
15103.596	6.274999999999636	trials	25.0	15107.505735	15108.611644	15109.523134000001	15109.880594000002	15106.959186	15108.844102000001			2.0	1.0	0.0	3.0					
15112.88	30.13500000000022	trials	25.0	15137.665770000001	15139.110067000001	15141.172693	15141.525217	15136.770082000001	15139.432415000001	15141.855	15143.015	3.0	2.0	1.0	1.0					
15145.096	10.54200000000128	trials	25.0	15151.19498	15152.287542000002	15153.758433	15155.376288000001	15150.233722	15152.780022			3.0	2.0	0.0	3.0					
15157.078	6.221999999999753	trials	25.0	15158.845690000002	15160.406568	15161.509819	15161.787156	15158.000557000001	15160.792584	15162.135	15163.3	2.0	1.0	1.0	1.0					
15167.346	11.359000000000378	trials	25.0	15174.685663	15176.494306	15178.125766000001	15178.74235	15173.801851	15177.386158000001			3.0	1.0	0.0	3.0					
15180.375	7.065000000000509	trials	25.0	15182.055544	15183.887743000001	15185.440615000001	15185.66401	15181.25761	15184.747716000002	15186.25	15187.44	2.0	1.0	1.0	1.0					
15189.23	11.045000000000073	trials	25.0	15196.725690000001	15198.645756000002	15199.826703	15200.314516	15195.918551	15199.013556000002			2.0	1.0	0.0	3.0					
15204.19	4.625	trials	25.0	15205.965741	15207.643702000001	15208.521400000001	15208.718347000002	15204.450120000001	15207.900672000002			2.0	1.0	0.0	3.0					
15210.826	11.460000000000946	trials	25.0	15217.662333	15219.475887	15222.002568	15226.424478	15216.890632	15221.159746000001			3.0	1.0	0.0	3.0					
15226.365	12.774999999999636	trials	25.0	15234.930713000002	15236.164267	15237.019081	15237.505765000002	15234.092042	15236.356276	15237.83	15239.14	3.0	2.0	1.0	1.0					
15242.191	14.828999999999724	trials	25.0	15251.395723000001	15252.800722	15255.330450000001	15255.519468	15250.672898	15254.542884	15255.74	15257.02	2.0	1.0	1.0	1.0					
15259.04	11.899999999999636	trials	25.0	15266.185927	15267.580811000002	15269.098944000001	15269.415906000002	15265.235559	15268.254885	15269.88	15270.94	2.0	1.0	1.0	1.0					
15273.956	12.064000000000306	trials	25.0	15282.331551000001	15284.355192	15285.555838	15286.057837	15281.732052000001	15284.647756			3.0	1.0	0.0	3.0					
15287.91	4.4979999999995925	trials	25.0	15289.775952	15291.463236000001	15292.320858000001	15293.50393	15288.606316000001	15291.474676000002			3.0	2.0	0.0	3.0					
15296.76	166.375	BlockDesign														1.0	802.0	806.0	0.0	0.0
15296.76	28.405000000000655	trials	26.0	15321.643566	15323.238184000002	15324.685032000001	15325.210473000001	15320.988892000001	15323.901097			2.0	1.0	0.0	3.0					
15327.975	8.81500000000051	trials	26.0	15332.053141	15333.964665000001	15336.398085	15336.834744000002	15331.073705	15335.589832000001			2.0	1.0	0.0	3.0					
15341.753	93.15699999999924	trials	26.0	15432.072663	15433.696877	15434.570941	15434.925187	15431.104951000001	15433.891777			2.0	1.0	0.0	3.0					
15437.94	9.729999999999563	trials	26.0	15441.782949	15443.745439	15445.050564000001	15445.433823000001	15441.134179	15444.341031			2.0	1.0	0.0	3.0					
15448.488	14.647000000000844	trials	26.0	15459.374874000001	15461.366397000002	15463.049467	15463.464823	15458.420487000001	15462.349090000002			2.0	1.0	0.0	3.0					
15467.471	61.72400000000016	BlockDesign														1.0	807.0	811.0	0.0	0.0
15467.471	8.924000000000888	trials	27.0	15472.398628	15474.305498000002	15475.534117000001	15476.439262000002	15471.668689	15474.734977			3.0	2.0	0.0	3.0					
15479.84	8.583000000000538	trials	27.0	15484.183690000002	15485.902602	15487.987563	15488.43562	15483.400146	15487.182636000001			3.0	1.0	0.0	3.0					
15491.421	5.818999999999505	trials	27.0	15493.193206	15494.930209	15496.481404	15496.540516000001	15492.217809000002	15495.202455			3.0	2.0	0.0	3.0					
15500.861	15.216999999998734	trials	27.0	15512.553474	15514.402248	15515.745933	15516.087198000001	15511.908962000001	15514.991091000002			3.0	1.0	0.0	3.0					
15520.065	9.1299999999992	trials	27.0	15525.363117	15526.965547000002	15529.138894000002	15531.380496000002	15524.848236000002	15527.57949			3.0	2.0	0.0	3.0					
15531.506	751.5020000000004	BlockDesign														1.0	812.0	855.0	50.0	50.0
15531.506	15.828999999999724	trials	28.0	15542.438695	15544.490967000002	15545.607222	15545.836018	15541.503322	15544.869627	15546.371	15547.335	2.0	1.0	1.0	1.0					
15550.435	36.61499999999978	trials	28.0	15582.060267	15583.644934	15585.180433000001	15585.653725	15581.471239	15584.449972	15585.88	15587.05	3.0	2.0	1.0	1.0					
15591.067	29.038000000000466	trials	28.0	15616.585587000001	15618.485472	15619.159721	15620.148459	15616.035088	15618.544201			3.0	2.0	0.0	3.0					
15622.49	6.44800000000032	trials	28.0	15626.460509	15627.664992	15628.587691	15628.942168000001	15625.75381	15627.942793			2.0	1.0	0.0	3.0					
15630.876	10.029000000000451	trials	28.0	15637.203438	15638.596450000001	15639.916761	15640.952500000001	15636.232393	15639.020645			3.0	2.0	0.0	3.0					
15643.271	5.764999999999418	trials	28.0	15645.229501000002	15646.981067			15643.679962	15646.976314000001			3.0		0.0	2.0					
15651.041	11.014000000001033	trials	28.0	15656.054767000001	15657.650803	15660.261129	15660.537328	15655.369574	15659.528388	15660.915	15662.055	2.0	1.0	1.0	1.0					
15666.147	19.149999999999636	trials	28.0	15682.000996	15683.811192000001	15684.940003000002	15685.295704	15681.065239000001	15684.156357000002			2.0	1.0	0.0	3.0					
15689.31	5.970000000001164	trials	28.0	15690.894547	15692.775925000002	15693.585144	15693.818125000002	15689.613604	15692.980801000002	15694.26	15695.28	2.0	1.0	1.0	1.0					
15698.395	18.094999999999345	trials	28.0	15713.454157	15714.673309000002	15715.987753000001	15716.535691000001	15712.819926	15715.128490000001			2.0	1.0	0.0	3.0					
15718.275	16.28100000000086	trials	28.0	15728.529023000001	15730.378081	15732.399451000001	15732.873652	15727.644558	15730.745254000001	15732.985	15734.556	3.0	2.0	1.0	1.0					
15736.572	25.477999999999156	trials	28.0	15758.430241	15759.566374	15761.22226	15762.095184000002	15757.747975	15760.155045000001			3.0	2.0	0.0	3.0					
15764.58	5.092000000000553	trials	28.0	15766.585857	15767.651820000001	15769.309342	15769.403946	15764.741284000002	15767.644281			2.0		0.0	2.0					
15772.691	10.873999999999796	trials	28.0	15777.810372	15779.859517	15782.897895	15783.610647000001	15776.809012000002	15780.476838			3.0	2.0	0.0	3.0					
15787.27	69.28499999999985	trials	28.0	15851.695167000002	15853.456240000001	15854.657062	15854.999309	15850.701075	15853.934461	15855.23	15856.555	2.0	1.0	1.0	1.0					
15858.571	13.418999999999869	trials	28.0	15866.915049000001	15868.787380000002	15870.087228	15870.146819000001	15865.922970000001	15869.090511	15870.75	15871.99	3.0	2.0	1.0	1.0					
15874.006	11.09400000000096	trials	28.0	15880.145659000002	15881.495104000001	15883.077102000001	15885.145533	15879.638354	15882.193073			3.0	2.0	0.0	3.0					
15887.355	10.165000000000873	trials	28.0	15891.665256	15892.731987000001	15895.570451000001	15895.894719	15890.772761	15893.945176000001	15896.21	15897.52	3.0	2.0	1.0	1.0					
15901.607	15.82300000000032	trials	28.0	15914.055486000001	15915.302295000001	15916.948638000002	15917.475982	15913.177360000001	15916.189102			2.0	1.0	0.0	3.0					
15919.3	7.425000000001091	trials	28.0	15922.945173	15924.526879000001	15926.445717	15926.675484000001	15921.943728	15925.822236			2.0	1.0	0.0	3.0					
15929.8	5.454999999999927	trials	28.0	15931.699891	15933.207457	15934.568866000001	15935.108337000001	15930.513397	15933.195721			3.0		0.0	2.0					
15938.265	12.590000000000146	trials	28.0	15943.886152000001	15945.232279000002	15946.748878	15946.988352	15943.295521	15946.159613000002	15947.621	15950.855	2.0	1.0	1.0	1.0					
15952.885	12.619999999998981	trials	28.0	15962.502216	15963.933130000001	15964.936167	15965.551091000001	15961.819378	15964.204740000001			3.0	2.0	0.0	3.0					
15968.285	10.645000000000437	trials	28.0	15974.870176	15976.013886	15977.170213000001	15977.538231	15973.87043	15976.458916000001	15977.786	15978.93	2.0	1.0	1.0	1.0					
15982.018	9.582000000000335	trials	28.0	15988.601752	15989.841585	15990.897703	15991.650042000001	15987.678913000002	15990.254277			2.0	1.0	0.0	3.0					
15994.255	35.27000000000044	trials	28.0	16026.936007	16028.32738	16029.203654	16029.391514	16026.320681000001	16028.562562000001			2.0	1.0	0.0	3.0					
16033.601	8.304000000000087	trials	28.0	16036.950732000001	16038.049379	16039.938717	16040.348745000001	16036.123498	16038.781350000001	16040.536	16041.905	3.0	2.0	1.0	1.0					
16043.969	16.486000000000786	trials	28.0	16055.494312	16056.911874000001	16058.685230000001	16058.832592	16054.791224	16057.941814000002	16059.405	16060.455	2.0	1.0	1.0	1.0					
16062.565	10.80999999999949	trials	28.0	16068.301303	16069.352748000001	16072.755490000001	16073.425537000001	16067.47284	16069.713776			3.0	2.0	0.0	3.0					
16077.165	9.5049999999992	trials	28.0	16081.650829	16083.231706	16084.847195	16085.138955	16080.942897	16083.563947	16085.517	16086.67	3.0	2.0	1.0	1.0					
16088.749	17.351000000000568	trials	28.0	16101.10656	16102.162653000001	16105.313815000001	16106.149619000002	16100.289489	16103.199390000002			3.0	2.0	0.0	3.0					
16108.625	6.7549999999992	trials	28.0	16111.061565	16112.396923	16113.559431000001	16113.709339	16110.139359	16112.819734	16114.185	16115.38	2.0	1.0	1.0	1.0					
16117.49	16.48999999999978	trials	28.0	16128.9562	16130.534429000001	16132.655319000001	16132.904668000001	16128.276934000001	16131.191758			3.0	2.0	0.0	3.0					
16136.97	23.450000000000728	trials	28.0	16155.401368	16157.362372000001	16158.505990000001	16158.837640000002	16154.581126000001	16157.344216000001	16159.125	16160.42	3.0	2.0	1.0	1.0					
16164.475	6.3400000000001455	trials	28.0	16167.676994000001	16169.317137	16170.364577	16170.86146	16166.901544	16169.599138000001			2.0	1.0	0.0	3.0					
16172.705	15.170000000000073	trials	28.0	16181.606911	16183.575421000001	16185.714409	16186.023607000001	16180.721812000002	16184.979151000001	16186.386	16187.875	2.0	1.0	1.0	1.0					
16190.93	10.154999999998836	trials	28.0	16196.317486	16197.979848	16200.106954	16201.135767000002	16195.40341	16198.573959000001			3.0	2.0	0.0	3.0					
16203.469	7.641000000001441	trials	28.0	16205.846776	16207.04938	16209.254539000001	16209.620217000002	16205.163712000001	16207.557727000001	16209.92	16211.11	3.0	2.0	1.0	1.0					
16213.167	14.128000000000611	trials	28.0	16221.741583	16223.687773000001	16224.836581000001	16225.382136	16221.207380000002	16224.063042000002			2.0	1.0	0.0	3.0					
16228.17	6.024999999999636	trials	28.0	16230.237199000001	16231.607568000001	16232.909673	16234.243586	16227.346441000002	16231.928575000002			2.0	2.0	0.0	3.0					
16236.21	4.786000000000058	trials	28.0	16237.798411000002	16238.903632000001	16240.27066	16240.485882	16237.129063	16239.636385000002			2.0	1.0	0.0	3.0					
16244.56	12.399999999999636	trials	28.0	16250.541343	16251.785734000001	16254.559140000001	16255.060527000001	16249.95672	16252.331236	16255.18	16256.96	3.0	2.0	1.0	1.0					
16260.87	9.924999999999272	trials	28.0	16265.842218000002	16267.002856000001			16265.155180000002	16266.995461			3.0		0.0	2.0					
16270.965	12.042999999999665	trials	28.0	16279.201807000001	16280.295520000001	16283.003050000001	16284.506035	16278.29824	16281.06939			3.0	2.0	0.0	3.0					
16286.28	972.0369999999984	BlockDesign														1.0	856.0	909.0	10.0	50.0
16286.28	24.224999999998545	trials	29.0	16307.128770000001	16308.930457	16309.779030000002	16310.553103	16306.233952	16309.130038000001			1.0	1.0	0.0	3.0					
16313.16	5.360000000000582	trials	29.0	16314.923563	16316.559625000002			16313.367852000001	16316.555577000001			1.0		0.0	2.0					
16320.576	9.134000000000015	trials	29.0	16322.621764000001	16324.594690000002	16327.591867000001	16328.102391	16322.049943	16325.519442	16328.235	16329.71	1.0	2.0	1.0	1.0					
16332.826	9.96900000000096	trials	29.0	16338.022635000001	16339.849857000001	16341.857679	16342.844692	16337.315095000002	16340.423104000001			1.0	2.0	0.0	3.0					
16344.21	5.220000000001164	trials	29.0	16346.872045	16348.188781	16349.100408	16349.292284000001	16346.178636	16348.436428			1.0	1.0	0.0	3.0					
16351.44	9.824999999998909	trials	29.0	16356.620926000001	16358.863999000001	16360.821025000001	16361.316259000001	16355.669430000002	16360.079163			1.0	1.0	0.0	3.0					
16365.126	20.757000000001426	trials	29.0	16382.862607000001	16384.479028	16385.490249000002	16385.930185	16381.859931	16384.776817			1.0	1.0	0.0	3.0					
16388.835	21.470000000001164	trials	29.0	16406.917491	16408.881517	16409.877984000002	16410.355804	16406.070577000002	16409.179675			1.0	1.0	0.0	3.0					
16413.253	29.32300000000032	trials	29.0	16436.683285	16437.784581	16440.497284	16440.910303	16435.939444	16438.579332	16441.115	16442.576	1.0	2.0	1.0	1.0					
16445.634	7.5460000000020955	trials	29.0	16449.077937000002	16450.609455	16451.85535	16451.892702	16448.21683	16450.914229			1.0	2.0	0.0	3.0					
16455.168	8.401999999998225	trials	29.0	16459.933212	16461.390336	16463.108713	16463.619792	16458.957798	16462.300051000002			1.0	1.0	0.0	3.0					
16467.46	5.366000000001804	trials	29.0	16469.138142	16470.815612000002			16467.827536	16470.805426			1.0		0.0	2.0					
16476.88	15.024999999997817	trials	29.0	16488.373099	16489.805559	16491.412582	16491.955192	16487.688297	16490.764747			1.0	1.0	0.0	3.0					
16493.74	12.034999999999854	trials	29.0	16500.089824000002	16501.225743000003	16504.143996	16505.826565	16499.381854	16503.307057			1.0	1.0	0.0	3.0					
16508.471	9.693999999999505	trials	29.0	16513.593484	16514.985069000002	16516.251342	16516.320321	16512.684846	16515.335514000002			1.0	2.0	0.0	3.0					
16520.571	13.299999999999272	trials	29.0	16530.019108	16531.998148000002	16533.376801000002	16533.918457	16529.179156000002	16532.623999			1.0	1.0	0.0	3.0					
16536.695	33.5	trials	29.0	16566.38892	16568.126491000003	16569.533458	16570.244847	16565.413510000002	16568.302728000002			1.0	2.0	0.0	3.0					
16571.895	9.899999999997817	trials	29.0	16578.113376	16580.01093	16581.356157000002	16581.848130000002	16577.478793000002	16580.679988			1.0	1.0	0.0	3.0					
16585.63	7.504999999997381	trials	29.0	16589.028747	16590.677452	16592.658927	16593.183510000003	16588.479607	16591.901146			1.0	1.0	0.0	3.0					
16595.984	9.092000000000553	trials	29.0	16600.138761000002	16602.05818	16603.652092	16603.939506000002	16599.385909	16602.280999000002			1.0	2.0	0.0	3.0					
16607.975	12.936000000001513	trials	29.0	16612.4889	16613.672722	16619.148772	16619.40714	16611.87988	16614.614013000002	16619.85	16620.911	1.0	2.0	1.0	1.0					
16622.97	37.25499999999738	trials	29.0	16655.233849	16656.31092	16658.218315000002	16658.593975	16654.466199000002	16657.212067	16658.826	16660.225	1.0	2.0	1.0	1.0					
16664.248	18.32800000000134	trials	29.0	16680.462224000003	16680.571264000002			16679.787165	16680.564502			1.0		0.0	2.0					
16684.625	10.953000000001339	trials	29.0	16693.554549	16693.592758000003			16692.687850000002	16693.585593			1.0		0.0	2.0					
16697.59	15.520000000000437	trials	29.0	16708.774628	16710.531195	16711.327575	16711.542081	16707.813193	16710.533890000002	16712.036	16713.11	1.0	2.0	1.0	1.0					
16715.17	20.6050000000032	trials	29.0	16732.466133	16734.256633	16735.240534	16735.824153	16731.481657	16734.531646			1.0	1.0	0.0	3.0					
16738.576	41.383999999998196	trials	29.0	16742.868955	16744.573542000002	16778.822428	16778.923837000002	16742.283738000002	16744.970571			1.0	1.0	0.0	3.0					
16783.141	21.373999999999796	trials	29.0	16800.419084	16801.843798	16802.828299	16803.093553000002	16799.836128000003	16802.051314	16803.55	16804.515	1.0	1.0	1.0	1.0					
16806.58	17.705999999998312	trials	29.0	16820.926243	16822.282335			16820.004607000003	16822.273819000002			1.0		0.0	2.0					
16828.335	8.536000000000058	trials	29.0	16832.584600000002	16834.421661	16835.365605	16835.996433	16831.655067	16834.4162			1.0		0.0	2.0					
16838.485	12.260999999998603	trials	29.0	16846.669716	16848.529555	16850.239221	16850.799924	16845.768640000002	16849.486867			1.0	1.0	0.0	3.0					
16853.561	11.059999999997672	trials	29.0	16860.725398000002	16861.904295	16863.998892	16864.672923000002	16860.008379	16862.397088			1.0	2.0	0.0	3.0					
16868.286	11.723999999998341	trials	29.0	16874.850233	16876.302849	16878.209745	16878.581017	16874.302414	16876.696861	16878.915	16880.01	1.0	2.0	1.0	1.0					
16882.076	12.75	trials	29.0	16888.680453	16890.19339	16892.765354	16893.132165000003	16888.127281	16890.779779	16893.435	16894.826	1.0	2.0	1.0	1.0					
16897.885	7.545000000001892	trials	29.0	16902.749796	16902.876752			16901.909839	16902.87249			1.0		0.0	2.0					
16908.937	33.917999999997846	trials	29.0	16940.506719	16941.710928	16942.522539	16942.877976	16939.736185	16941.846598			1.0	1.0	0.0	3.0					
16945.88	10.979999999999563	trials	29.0	16952.080368000003	16953.89747	16955.282812	16956.909759000002	16951.570519	16954.210078			1.0	2.0	0.0	3.0					
16957.622	10.708000000002357	trials	29.0	16965.275395	16967.214486	16967.892246	16968.381874000002	16964.628607000002	16967.160946			1.0	1.0	0.0	3.0					
16972.19	29.88600000000224	trials	29.0	16996.846269	16997.972788	17000.06923	17000.499757	16996.334937	16998.369093	17000.701	17002.076	1.0	2.0	1.0	1.0					
17004.145	12.074000000000524	trials	29.0	17010.170326	17011.859898000002	17014.418283	17016.27118	17009.61835	17012.50903			1.0	2.0	0.0	3.0					
17018.801	4.184000000001106	trials	29.0	17020.552527	17021.743921	17022.512838000002	17023.035074	17019.182220000002	17021.754181			1.0	1.0	0.0	3.0					
17024.786	23.279999999998836	trials	29.0	17042.860663	17044.5861	17047.373124	17048.115813	17042.171815	17044.983163			1.0	2.0	0.0	3.0					
17050.719	32.64099999999962	trials	29.0	17079.092451	17080.61835	17081.7979	17083.410667	17078.503723	17080.858195			1.0	2.0	0.0	3.0					
17085.11	16.735000000000582	trials	29.0	17098.766349	17099.837574			17098.113412000002	17099.833054000002			1.0		0.0	2.0					
17104.9	9.485999999997148	trials	29.0	17108.357134	17110.182937	17112.317755	17112.766606	17107.404691	17110.464303	17112.951	17114.386	1.0	2.0	1.0	1.0					
17116.41	10.18500000000131	trials	29.0	17122.085913000003	17124.135066000003	17125.917835	17126.650264	17121.335639	17124.348054000002			1.0	2.0	0.0	3.0					
17128.235	5.854999999999563	trials	29.0	17131.351617	17132.078028			17130.72367	17132.07376			1.0		0.0	2.0					
17137.097	9.188999999998487	trials	29.0	17139.981553	17141.058181	17144.110258	17144.625387	17139.210027	17141.527375	17144.835	17146.286	1.0	2.0	1.0	1.0					
17149.31	16.029999999998836	trials	29.0	17160.411052	17161.723956	17164.11633	17165.391399	17159.890674000002	17162.010069			1.0	2.0	0.0	3.0					
17168.481	28.35900000000038	trials	29.0	17191.326256	17192.978326	17194.885101	17195.296758	17190.523875	17193.092328000002	17195.515	17196.84	1.0	2.0	1.0	1.0					
17199.86	10.130000000001019	trials	29.0	17204.94661	17206.75189	17209.26342	17210.042617	17204.241848	17207.048593			1.0	2.0	0.0	3.0					
17213.61	14.079999999998108	trials	29.0	17223.031723	17224.860106	17225.956251	17226.242586	17222.226334	17225.183745000002	17226.585	17227.69	1.0	1.0	1.0	1.0					
17229.75	15.93999999999869	trials	29.0	17239.656886	17240.885844	17243.280337	17243.514817	17238.686772	17241.17772	17243.96	17245.69	1.0	2.0	1.0	1.0					
17247.755	10.56199999999808	trials	29.0	17255.251695	17256.507721	17258.245834	17259.04768	17254.554822000002	17256.787948			1.0	2.0	0.0	3.0					
17261.631	353.6790000000001	BlockDesign														1.0	910.0	934.0	50.0	90.0
17261.631	6.458999999998923	trials	30.0	17263.428304	17264.793769	17266.265481000002	17266.569492000002	17262.672319	17265.503098	17266.785	17268.09	1.0	1.0	1.0	1.0					
17270.15	14.389999999999418	trials	30.0	17279.987283000002	17281.479201000002	17282.483044	17282.859837	17279.142685	17281.720222	17283.076	17284.54	1.0	1.0	1.0	1.0					
17288.576	12.41400000000067	trials	30.0	17296.648719	17298.343155000002	17299.265784	17299.442526	17295.822337	17298.565150000002	17299.93	17300.99	1.0	1.0	1.0	1.0					
17303.005	10.320999999999913	trials	30.0	17308.652015	17310.159156	17311.315848000002	17311.655962	17307.918213	17310.586974	17312.02	17313.326	1.0	1.0	1.0	1.0					
17317.396	7.91899999999805	trials	30.0	17322.307446	17324.101014	17325.054292	17325.361077	17321.487372	17324.311479			1.0	1.0	0.0	3.0					
17328.365	8.755999999997584	trials	30.0	17331.621984	17332.748974000002	17335.258702	17335.574161	17331.069873	17334.346263	17335.86	17337.121	1.0	1.0	1.0	1.0					
17340.23	14.921000000002095	trials	30.0	17352.193555	17353.328269	17354.563339	17355.204886	17351.409516	17353.754942			1.0	1.0	0.0	3.0					
17356.951	7.368999999998778	trials	30.0	17358.818727	17360.128965	17362.111323	17362.489116	17357.37912	17360.350564	17362.701	17364.32	1.0	2.0	1.0	1.0					
17368.336	9.455000000001746	trials	30.0	17374.642620000002	17376.503692000002	17377.451533	17377.845397	17373.938359	17376.700789000002			1.0	1.0	0.0	3.0					
17381.735	8.71600000000035	trials	30.0	17385.107526	17386.144401	17388.14066	17388.687391	17384.424133	17386.93705	17388.647	17390.451	1.0	2.0	1.0	1.0					
17392.47	13.079999999998108	trials	30.0	17400.242778	17401.584061	17403.29179	17403.826765	17399.396172	17402.017372000002	17403.92	17405.55	1.0	2.0	1.0	1.0					
17408.57	13.494999999998981	trials	30.0	17416.867578	17418.345637000002	17419.725699000002	17420.178637	17416.268923	17418.613874000002	17420.39	17422.065	1.0	2.0	1.0	1.0					
17425.125	14.569999999999709	trials	30.0	17433.742720000002	17435.754265	17437.657239	17437.993569000002	17433.222826	17435.993554	17438.335	17439.695	1.0	2.0	1.0	1.0					
17441.74	18.32499999999709	trials	30.0	17456.457439	17458.060789000003	17459.243428	17459.762785	17455.799502	17458.056573			1.0		0.0	2.0					
17463.076	8.084999999999127	trials	30.0	17465.249193	17466.386044	17469.048557000002	17469.426804000002	17464.370492000002	17467.136728	17469.69	17471.161	1.0	2.0	1.0	1.0					
17474.22	10.306000000000495	trials	30.0	17478.912768000002	17480.981347	17482.173579000002	17482.821847	17478.051291	17481.17782	17482.951	17484.526	1.0	2.0	1.0	1.0					
17488.595	8.369999999998981	trials	30.0	17491.823004	17492.9072	17494.650071	17495.196127	17491.285231	17493.181393	17495.275	17496.965	1.0	2.0	1.0	1.0					
17498.985	14.360000000000582	trials	30.0	17507.863158	17509.921684	17511.31781	17511.633075	17507.146411	17510.168841	17511.97	17513.345	1.0	2.0	1.0	1.0					
17517.41	10.430000000000291	trials	30.0	17522.183336000002	17523.881157	17525.706132	17526.116742000002	17521.43239	17523.9836	17526.58	17527.84	1.0	2.0	1.0	1.0					
17531.941	10.379000000000815	trials	30.0	17537.634676	17539.053007000002	17540.093563000002	17540.600968	17536.692663	17539.256023	17540.8	17542.32	1.0	2.0	1.0	1.0					
17546.335	12.881000000001222	trials	30.0	17554.469404	17555.802295	17557.030086	17557.443769	17553.714151	17556.070195	17557.65	17559.216	1.0	2.0	1.0	1.0					
17562.255	9.930000000000291	trials	30.0	17567.313225	17568.387036	17569.704016	17570.333403	17566.701427	17568.658879000002	17570.451	17572.185	1.0	2.0	1.0	1.0					
17574.205	14.309999999997672	trials	30.0	17583.792963	17584.905126	17586.242787	17586.675133	17583.258561000002	17585.223223	17586.96	17588.515	1.0	2.0	1.0	1.0					
17592.411	11.665000000000873	trials	30.0	17598.554822000002	17600.140585	17601.767841	17602.220119	17597.948641000003	17600.520823	17602.451	17604.076	1.0	2.0	1.0	1.0					
17606.141	9.169000000001688	trials	30.0	17611.854058	17613.249952000002	17615.223811	17616.194698	17611.236319	17613.420078000003			1.0	2.0	0.0	3.0					
17618.578	132.43199999999706	BlockDesign														1.0	935.0	940.0	0.0	0.0
17618.578	6.951999999997497	trials	31.0	17621.953496000002	17623.090819	17624.666497000002	17625.584707	17621.290924	17623.644136000003			1.0	2.0	0.0	3.0					
17628.001	41.64400000000023	trials	31.0	17666.929824	17667.695059			17666.051049	17667.686333			1.0		0.0	2.0					
17673.655	14.25	trials	31.0	17684.253326000002	17685.884377000002	17686.981686	17687.960647	17683.506785	17686.109574000002			1.0	2.0	0.0	3.0					
17691.27	5.009999999998399	trials	31.0	17693.135404	17695.030405	17695.95133	17696.320008000002	17691.911428	17695.241869			1.0	1.0	0.0	3.0					
17699.297	40.38800000000265	trials	31.0	17736.069087	17737.953101	17739.044424	17739.74221	17735.376528	17738.096399000002			1.0	2.0	0.0	3.0					
17744.44	6.569999999999709	trials	31.0	17747.684356	17749.231522000002	17750.970428	17751.826762	17746.934682	17749.500313			1.0	2.0	0.0	3.0					
17755.262	583.3330000000024	BlockDesign														1.0	941.0	974.0	90.0	50.0
17755.262	8.609000000000378	trials	32.0	17759.089159000003	17761.021142	17762.087621	17762.418051	17758.31251	17761.291137	17762.746	17763.871	1.0	1.0	1.0	1.0					
17765.895	35.82500000000073	trials	32.0	17795.720835	17797.191562			17794.807561	17797.186735			1.0		0.0	2.0					
17803.161	20.34899999999834	trials	32.0	17818.184875	17819.333775	17821.765523000002	17822.051480000002	17817.604879000002	17821.050082	17822.435	17823.51	1.0	1.0	1.0	1.0					
17825.53	23.330000000001746	trials	32.0	17844.375639	17846.234725000002	17847.122332	17847.381196000002	17843.737629	17846.409924	17847.786	17848.86	1.0	1.0	1.0	1.0					
17850.875	24.286000000000058	trials	32.0	17870.565309	17872.367242	17873.409392	17873.688215000002	17869.976344000002	17872.664427	17874.05	17875.161	1.0	1.0	1.0	1.0					
17878.18	14.904999999998836	trials	32.0	17889.020104	17890.376215	17891.347721000002	17891.622709	17888.198145000002	17890.635972	17892.076	17893.085	1.0	1.0	1.0	1.0					
17895.141	12.213999999999942	trials	32.0	17902.346093	17904.039598	17905.284762	17905.680445	17901.773703	17904.347617	17906.015	17907.355	1.0	2.0	1.0	1.0					
17911.419	8.361999999997352	trials	32.0	17915.424586	17916.826467	17919.043048	17919.109715000002	17914.868806000002	17917.446206			1.0	2.0	0.0	3.0					
17923.33	5.770999999997002	trials	32.0	17925.395122	17927.14717			17923.762889	17927.142546000003			1.0		0.0	2.0					
17932.115	34.97599999999875	trials	32.0	17963.710053000003	17965.056241000002	17966.43964	17967.148954	17962.854109	17965.272532000003			1.0	2.0	0.0	3.0					
17969.74	5.469999999997526	trials	32.0	17972.200357	17973.206958000002			17971.467345	17973.200950000002			1.0		0.0	2.0					
17977.24	9.630999999997584	trials	32.0	17981.931551	17983.241526	17986.067545	17986.927123	17981.082926000003	17983.674529			1.0	2.0	0.0	3.0					
17988.365	8.154999999998836	trials	32.0	17993.289799000002	17994.56728			17992.603878	17994.564709000002			1.0		0.0	2.0					
17998.57	41.8650000000016	trials	32.0	18035.374807	18036.683250000002	18038.492866	18038.894301	18034.393123	18036.920452000002	18039.095	18040.435	1.0	2.0	1.0	1.0					
18042.516	10.193999999999505	trials	32.0	18049.280629	18050.823648	18051.939046	18052.058472	18048.766872	18050.9929			1.0	2.0	0.0	3.0					
18056.281	11.465000000000146	trials	32.0	18062.070803000002	18063.956936000002	18065.91976	18066.208216	18061.34185	18064.386743000003	18066.495	18067.746	1.0	1.0	1.0	1.0					
18069.765	15.080000000001746	trials	32.0	18079.905619	18081.654295	18082.790451	18083.197116	18078.979264	18082.060457	18083.367	18084.845	1.0	1.0	1.0	1.0					
18087.92	11.295000000001892	trials	32.0	18094.310727	18095.452081	18096.916606	18097.449772	18093.607809	18095.808028	18097.69	18099.215	1.0	2.0	1.0	1.0					
18103.266	12.439000000002125	trials	32.0	18110.471742	18112.153696	18113.686529000002	18114.124366	18109.601493000002	18112.395563000002	18114.355	18115.705	1.0	2.0	1.0	1.0					
18118.76	14.87000000000262	trials	32.0	18129.290467	18130.957606	18133.495728	18133.688307	18128.462791	18130.951597			1.0		0.0	2.0					
18134.92	11.616000000001804	trials	32.0	18140.780473	18142.179162	18143.678523000002	18144.053377	18139.943604	18142.935058000003	18144.205	18146.536	1.0	1.0	1.0	1.0					
18149.597	12.612999999997555	trials	32.0	18158.215227	18159.28975	18160.299007	18160.622949	18157.563907	18159.569602	18161.115	18162.21	1.0	1.0	1.0	1.0					
18166.145	12.149999999997817	trials	32.0	18174.28552	18175.364915000002	18176.389478	18176.723473000002	18173.731344	18175.654344000002	18177.0	18178.295	1.0	1.0	1.0	1.0					
18182.346	8.088999999999942	trials	32.0	18187.550298000002	18188.857893	18189.92847	18190.49437	18186.967047000002	18189.172493000002			1.0	1.0	0.0	3.0					
18192.236	11.179000000000087	trials	32.0	18197.45092	18199.208681	18201.535155	18201.779125	18196.595561000002	18200.222001000002	18202.175	18203.415	1.0	1.0	1.0	1.0					
18207.472	8.2029999999977	trials	32.0	18211.066267000002	18212.737911	18213.775106	18214.020157	18210.12364	18213.015163	18214.355	18215.675	1.0	1.0	1.0	1.0					
18217.715	21.986000000000786	trials	32.0	18235.286161	18237.02302	18237.913974000003	18238.158762	18234.476377	18237.228709000003	18238.585	18239.701	1.0	1.0	1.0	1.0					
18242.72	9.849999999998545	trials	32.0	18248.55727	18249.795524	18250.806876000002	18250.978458	18247.581604	18250.072957	18251.465	18252.57	1.0	1.0	1.0	1.0					
18255.625	14.334999999999127	trials	32.0	18265.461984	18266.912770000003	18268.086357	18268.459978	18264.595882	18267.367288	18268.715	18269.96	1.0	1.0	1.0	1.0					
18274.032	10.148000000001048	trials	32.0	18279.01282	18280.729939	18281.692681	18281.989027	18278.253054	18280.975992	18282.395	18284.18	1.0	1.0	1.0	1.0					
18287.24	11.06499999999869	trials	32.0	18293.821252	18295.497748	18296.456396	18296.793649	18293.085614	18295.8018	18297.085	18298.305	1.0	1.0	1.0	1.0					
18300.406	10.18500000000131	trials	32.0	18306.30772	18307.751505	18308.747566000002	18309.0145	18305.591788	18308.066803	18309.395	18310.591	1.0	1.0	1.0	1.0					
18314.625	10.7400000000016	trials	32.0	18321.156193000003	18322.664932	18323.536585	18323.850726	18320.435601	18322.848757	18324.155	18325.365	1.0	1.0	1.0	1.0					
18327.385	11.210000000002765	trials	32.0	18333.561537	18335.363322	18336.806175	18337.033812	18332.911031	18335.824728	18337.48	18338.595	1.0	1.0	1.0	1.0					
18342.688	427.07700000000114	BlockDesign														1.0	975.0	998.0	50.0	10.0
18342.688	8.902000000001863	trials	33.0	18348.098115	18350.222928	18351.117399000002	18351.646609	18347.228348	18350.51068			1.0	1.0	0.0	3.0					
18354.396	7.748999999999796	trials	33.0	18358.43686	18359.624419	18361.269307000002	18362.201446	18357.544257	18359.921722			1.0	2.0	0.0	3.0					
18365.548	6.972000000001572	trials	33.0	18369.079638999996	18370.422432	18371.885040999998	18372.541506999998	18368.324533	18371.082495			1.0	1.0	0.0	3.0					
18376.195	6.385000000002037	trials	33.0	18378.679310999996	18380.206518	18381.986542	18382.603032	18378.075033999998	18380.606852999997			1.0	2.0	0.0	3.0					
18386.411	41.41500000000087	trials	33.0	18423.124855	18423.237275999996	18425.569709999996	18426.6216	18422.200965999997	18423.231302999997			1.0		0.0	2.0					
18429.331	10.87000000000262	trials	33.0	18435.873466999998	18437.377152999998	18438.246615999997	18438.647441999998	18435.046213999998	18437.568732999996	18438.911	18440.201	1.0	1.0	1.0	1.0					
18443.22	9.779999999998836	trials	33.0	18449.504934999997	18451.603277	18452.539784999997	18453.022778	18448.840567	18451.826971			1.0	1.0	0.0	3.0					
18454.902	8.583000000002357	trials	33.0	18461.485502999996	18461.496939999997			18460.843539999998	18461.487860999998			1.0		0.0	2.0					
18465.52	5.424999999999272	trials	33.0	18467.465051999996	18468.956623	18469.932834	18470.148590999997	18466.785881999996	18468.945228999997			1.0		0.0	2.0					
18474.955	30.174999999999272	trials	33.0	18502.445695	18503.617271999996	18504.687756999996	18505.154327999997	18501.563635	18503.923209999997			1.0	1.0	0.0	3.0					
18507.046	14.264000000002852	trials	33.0	18517.976724999997	18519.40918	18520.628262	18521.330574999996	18517.058805999997	18519.807628			1.0	1.0	0.0	3.0					
18522.996	10.22899999999936	trials	33.0	18529.352168999998	18531.35764	18532.702753999998	18533.247500999998	18528.748201	18531.607105			1.0	1.0	0.0	3.0					
18535.115	12.094999999997526	trials	33.0	18543.675198999998	18545.556698999997	18546.471569999998	18547.234532	18543.039053999997	18545.737199999996			1.0	2.0	0.0	3.0					
18549.786	30.169000000001688	trials	33.0	18576.250526999997	18577.957475999996	18578.905453	18579.244375	18575.517063	18578.201766			1.0	1.0	1.0	1.0					
18584.531	8.465000000000146	trials	33.0	18589.650791999997	18590.962830999997	18591.86454	18592.278951999997	18588.889370999997	18590.953827999998			1.0		0.0	2.0					
18597.006	11.429000000000087	trials	33.0	18603.915855999996	18605.583592	18606.470903999998	18606.811880999998	18602.958654	18605.809981	18607.065	18608.435	1.0	1.0	1.0	1.0					
18611.39	8.590000000000146	trials	33.0	18616.880910999997	18618.844802999996	18619.675903	18619.92991	18615.928944	18618.982410999997			1.0	1.0	0.0	3.0					
18623.026	9.708999999998923	trials	33.0	18629.036118999997	18630.548606999997	18632.260362999998	18632.759851	18628.274263	18631.568547			1.0	1.0	0.0	3.0					
18635.625	21.56000000000131	trials	33.0	18653.901060999997	18655.690564999997	18656.734645999997	18657.209745999997	18653.125975	18656.02138			1.0	1.0	0.0	3.0					
18661.09	12.715000000000146	trials	33.0	18669.147487	18670.462697	18672.057097999997	18673.829836999997	18668.602773	18671.071171999996			1.0	2.0	0.0	3.0					
18674.405	20.665000000000873	trials	33.0	18690.977938999997	18692.846333999998	18694.013836	18694.439823999997	18689.980400999997	18693.316920999998			1.0	1.0	1.0	1.0					
18698.641	14.338999999999942	trials	33.0	18708.486872999998	18709.743679	18711.125625999997	18711.334236	18707.794944999998	18710.361936999998	18711.871	18712.98	1.0	1.0	1.0	1.0					
18716.045	12.99500000000262	trials	33.0	18725.506235999997	18726.616323	18727.992737999997	18728.391321	18724.987425	18727.243022			1.0	1.0	1.0	1.0					
18732.58	37.18499999999767	trials	33.0	18764.816583999997	18766.632462999998	18767.679147	18767.909469	18764.101071999998	18766.963452999997	18768.445	18769.765	1.0	1.0	1.0	1.0					
18771.844	260.9359999999979	BlockDesign														1.0	999.0	1018.0	50.0	0.0
18771.844	14.026999999998225	trials	34.0	18781.175993999997	18782.675940999998	18783.446253	18783.815690999996	18780.249178	18782.759793999998	18784.185	18785.871	2.0	1.0	1.0	1.0					
18788.89	12.069999999999709	trials	34.0	18795.441946	18796.887268	18797.89303	18798.397582999998	18794.532256	18797.152551999996			2.0	1.0	0.0	3.0					
18802.301	16.275000000001455	trials	34.0	18814.577631999997	18816.38817	18817.763615999997	18818.409383	18813.997795999996	18817.032056999997			2.0	1.0	0.0	3.0					
18820.145	7.556000000000495	trials	34.0	18823.891091999998	18825.778715999997	18826.664026	18826.855892999996	18823.217307	18826.038309999996			2.0	1.0	1.0	1.0					
18830.298	11.403000000002066	trials	34.0	18838.251403	18840.046798	18841.182987999997	18841.727006999998	18837.482081	18840.455934999998			2.0	1.0	0.0	3.0					
18844.531	5.5790000000015425	trials	34.0	18846.261779999997	18847.42316	18848.356447	18848.560811	18845.245670999997	18847.691772	18848.996	18850.11	2.0	1.0	1.0	1.0					
18854.175	11.130000000001019	trials	34.0	18862.376835	18863.778759999997	18864.920027999997	18865.303426	18861.452604	18864.168283			2.0	1.0	0.0	3.0					
18867.331	12.549000000002707	trials	34.0	18875.087969999997	18876.890086	18877.989372999997	18878.318970999997	18874.390410999997	18877.269322999997	18878.625	18879.88	2.0	1.0	1.0	1.0					
18881.9	12.854999999999563	trials	34.0	18890.161737	18891.620073	18892.816829	18893.095308999997	18889.272855999996	18891.977232999998	18893.505	18894.755	2.0	1.0	1.0	1.0					
18897.815	9.415000000000873	trials	34.0	18903.737199	18905.703507	18906.739368	18907.253045999998	18902.810972	18905.975484			2.0	1.0	0.0	3.0					
18909.115	6.264999999999418	trials	34.0	18912.228779999998	18913.588548999996	18914.987592999998	18915.405817	18911.363067	18914.303542999998			2.0	1.0	0.0	3.0					
18919.246	8.705000000001746	trials	34.0	18920.956817	18922.348774	18926.02711	18926.335838	18919.990951999996	18924.803974	18926.786	18927.951	2.0	1.0	1.0	1.0					
18931.015	15.400000000001455	trials	34.0	18941.302053999996	18942.71577	18944.300655	18944.501460999996	18940.451622999997	18943.454510999996	18944.976	18946.415	2.0	1.0	1.0	1.0					
18950.48	11.235000000000582	trials	34.0	18956.532334999996	18958.247193	18959.636822999997	18959.904217	18955.900328999996	18958.881043999998	18960.315	18961.715	2.0	1.0	1.0	1.0					
18963.771	14.713999999999942	trials	34.0	18975.287139999997	18976.623706	18977.989728999997	18978.508994999997	18974.390021999996	18977.162201			2.0	1.0	0.0	3.0					
18980.295	5.350000000002183	trials	34.0	18981.942656999996	18983.643537999997	18985.191385	18985.667371999996	18980.891226999996	18984.456005999997			2.0	1.0	0.0	3.0					
18987.56	12.885999999998603	trials	34.0	18993.082416999998	18994.947727	18998.377837999997	18998.831460999998	18992.199860999997	18997.350168999998	18998.976	19000.446	2.0	1.0	1.0	1.0					
19004.509	9.376000000000204	trials	34.0	19011.342327	19012.734797999998	19013.529335999996	19013.801316999998	19010.645899	19012.726488999997			2.0	1.0	0.0	3.0					
19016.91	7.93500000000131	trials	34.0	19021.582604999996	19022.650492999997	19024.496697	19024.803547999996	19020.967125	19023.741309999998			2.0	1.0	0.0	3.0					
19026.855	5.924999999999272	trials	34.0	19028.622731999996	19029.839104	19030.797801999997	19030.937061999997	19027.210872999996	19030.151409	19031.44	19032.78	2.0	1.0	1.0	1.0					
19034.85	430.71000000000276	BlockDesign														1.0	1019.0	1044.0	0.0	50.0
19034.85	12.27100000000064	trials	35.0	19043.172357999996	19044.683410999998	19045.874658999997	19047.147616	19042.533660999998	19044.898599999997			3.0	2.0	0.0	3.0					
19048.23	10.270000000000437	trials	35.0	19053.383476	19055.004656999998	19056.294480999997	19056.429036999998	19052.766723999997	19055.310247999998	19056.94	19058.5	3.0	2.0	1.0	1.0					
19062.567	9.618000000002212	trials	35.0	19068.649199999996	19070.205422	19070.988780999996	19071.705475	19067.726298999998	19070.192395			3.0		0.0	2.0					
19075.24	6.630999999997584	trials	35.0	19078.537437	19079.744311	19080.783227999997	19081.895662	19077.551182	19080.014591			3.0	2.0	0.0	3.0					
19085.201	13.773999999997613	trials	35.0	19095.357825	19096.994469999998	19097.765142999997	19097.881779	19094.387102999997	19096.986724			3.0		0.0	2.0					
19102.03	8.381000000001222	trials	35.0	19104.853959999997	19106.921973999997	19108.474767999996	19108.900107999998	19104.241033	19107.153359999997	19109.121	19110.411	3.0	2.0	1.0	1.0					
19112.476	11.209000000002561	trials	35.0	19120.158241999998	19121.334533999998	19122.993676	19123.710230999997	19119.276288999998	19121.536368999998			3.0	2.0	0.0	3.0					
19125.415	8.739999999997963	trials	35.0	19130.347941999997	19132.285914999997	19133.408711999997	19134.181305	19129.368756999997	19132.369064			3.0	2.0	0.0	3.0					
19135.82	33.51000000000204	trials	35.0	19164.783055999997	19166.555296	19167.223514999998	19167.697228999998	19163.883048999996	19166.503085999997	19167.93	19169.33	3.0	2.0	1.0	1.0					
19171.38	15.559999999997672	trials	35.0	19181.892372	19183.084595999997	19184.645578999996	19185.295705999997	19181.109077999998	19183.403603	19185.371	19186.94	3.0	2.0	1.0	1.0					
19189.965	9.555000000000291	trials	35.0	19196.293016999996	19197.474812999997	19198.548646	19199.059648	19195.575216999998	19197.470934999998			3.0		0.0	2.0					
19203.565	5.985000000000582	trials	35.0	19205.338033999997	19207.019375999997	19208.780644	19209.577419999998	19204.284923999996	19207.296288999998			3.0	2.0	0.0	3.0					
19212.16	60.809000000001106	trials	35.0	19269.668583	19270.950093			19268.883318999997	19270.943047999997			3.0		0.0	2.0					
19276.99	33.5199999999968	trials	35.0	19307.483641	19308.475673999998	19309.416567999997	19309.797401999997	19306.602596999997	19308.466335999998			3.0		0.0	2.0					
19312.565	8.210000000002765	trials	35.0	19316.113967999998	19317.190671999997	19318.764189999998	19319.175439	19315.500631	19317.46863	19319.365	19320.775	3.0	2.0	1.0	1.0					
19322.84	12.78099999999904	trials	35.0	19331.623422999997	19333.394922	19334.484786999998	19335.645818999998	19330.984611999997	19333.547123999997			3.0	2.0	0.0	3.0					
19337.901	10.6349999999984	trials	35.0	19345.288693	19346.676711999997	19347.700522	19348.559199999996	19344.427247999996	19346.869044			3.0	2.0	0.0	3.0					
19350.06	10.454999999998108	trials	35.0	19357.308028	19359.117069999997	19360.143235999996	19360.501705	19356.506139999998	19359.081026999997			3.0	1.0	0.0	3.0					
19364.521	14.203999999997905	trials	35.0	19374.158666999996	19376.053976999996	19376.691420999996	19376.742451	19373.420448999997	19376.003516999997	19377.42	19378.725	3.0	2.0	1.0	1.0					
19380.83	13.044999999998254	trials	35.0	19390.473174	19391.591373999996	19393.073037	19393.902297999997	19389.688608999997	19391.786062			3.0	2.0	0.0	3.0					
19395.425	10.955000000001746	trials	35.0	19400.905049999998	19402.945707	19404.318762	19404.769674999996	19399.924457999998	19403.008005999996	19404.915	19406.38	3.0	2.0	1.0	1.0					
19408.451	11.435999999997875	trials	35.0	19415.819031	19417.731965	19419.513655	19419.911158	19414.921532999997	19417.947623999997			3.0	2.0	0.0	3.0					
19422.83	8.56499999999869	trials	35.0	19425.449253	19427.030866999998	19429.147793999997	19429.587126	19424.630509	19427.311920999997	19429.935	19431.395	3.0	2.0	1.0	1.0					
19435.5	13.290000000000873	trials	35.0	19445.025551	19446.316109999996	19448.182784999997	19448.816703999997	19444.173257	19446.623226999996			3.0	2.0	0.0	3.0					
19451.506	4.654999999998836	trials	35.0	19453.513629999998	19454.116549			19452.162111999998	19454.107899			3.0		0.0	2.0					
19458.17	7.390000000003056	trials	35.0	19461.694322999996	19463.314476	19465.493733	19466.256781999997	19460.771688999997	19463.613608999996			3.0	2.0	0.0	3.0					
19469.923	656.4320000000007	BlockDesign														0.0	1045.0	1079.0	50.0	50.0
19469.923	53.48199999999997	trials	36.0	19520.834055999996	19522.245968	19523.106375999996	19523.363835999997	19519.824299999997	19522.473329999997			2.0	1.0	0.0	3.0					
19525.415	25.31499999999869	trials	36.0	19547.864642999997	19548.951172999998	19550.142759	19550.756634999998	19547.253115	19549.228990999996			3.0	2.0	0.0	3.0					
19552.535	18.120999999999185	trials	36.0	19566.769092	19568.233397999997	19569.940131999996	19570.681811	19566.15673	19568.509398			3.0	2.0	0.0	3.0					
19573.365	11.034999999999854	trials	36.0	19580.106109999997	19581.180285	19582.781657999996	19583.000622999996	19579.259989	19582.155993999997	19583.675	19584.4	2.0	1.0	1.0	1.0					
19586.451	26.828999999997905	trials	36.0	19610.739833999996	19611.921084999998	19612.839011999997	19613.308023999998	19609.879993	19612.147463999998			3.0	1.0	0.0	3.0					
19617.165	7.860000000000582	trials	36.0	19621.440969	19623.002688999997	19624.521555999996	19625.050076999996	19620.598598999997	19623.847066			2.0	1.0	0.0	3.0					
19627.895	5.149999999997817	trials	36.0	19629.640365	19631.066217999996	19632.018152999997	19632.245682999997	19628.151351999997	19631.058219			3.0		0.0	2.0					
19636.095	8.025999999998021	trials	36.0	19639.214637999998	19641.247109999997	19642.427892999996	19642.597703999996	19638.259074999998	19641.743403999997	19643.165	19644.121	2.0	1.0	1.0	1.0					
19646.23	12.409999999999854	trials	36.0	19653.769738	19654.966695	19656.517334999997	19657.00537	19652.863326	19655.446956999996	19657.18	19658.64	3.0	2.0	1.0	1.0					
19662.656	9.340000000000146	trials	36.0	19665.924446999998	19667.312019999998	19669.980889	19670.32117	19665.032084	19669.139279999996	19670.78	19671.996	2.0	1.0	1.0	1.0					
19676.08	15.294999999998254	trials	36.0	19687.710087999996	19689.346531			19686.917910999997	19689.339291999997			3.0		0.0	2.0					
19693.422	8.593000000000757	trials	36.0	19696.845015	19698.655211999998	19700.051927999997	19700.469860999998	19696.072149999996	19699.430521	19700.655	19702.015	2.0	1.0	1.0	1.0					
19705.047	14.299000000002707	trials	36.0	19715.231549999997	19716.934836999997	19718.189175999996	19719.370211999998	19714.245111999997	19717.165028999996			3.0	2.0	0.0	3.0					
19720.5	4.720000000001164	trials	36.0	19722.184347	19723.821498999998	19724.751536999996	19725.245055	19721.475618999997	19723.984271999998			3.0	1.0	0.0	3.0					
19728.145	28.459999999999127	trials	36.0	19753.295164	19755.226200999998	19756.095624999998	19756.633242999997	19752.324139999997	19755.440264999997			2.0	1.0	0.0	3.0					
19759.505	5.110000000000582	trials	36.0	19761.504861999998	19762.91149	19763.938692999996	19764.640005999998	19759.865724	19763.139973999998			2.0	1.0	0.0	3.0					
19768.335	57.66500000000087	trials	36.0	19822.360979999998	19823.868327999997	19824.888342	19826.028254999997	19821.569161	19824.076643999997			3.0	2.0	0.0	3.0					
19828.19	17.465000000000146	trials	36.0	19841.175277	19842.587083	19845.114170999997	19845.682095999997	19840.193262999997	19844.168013			2.0	1.0	0.0	3.0					
19848.525	8.70799999999872	trials	36.0	19852.785647999997	19854.476802999998	19855.448115	19855.703114999997	19852.187856999997	19854.765855999998	19856.185	19857.233	2.0	1.0	1.0	1.0					
19859.27	14.325000000000728	trials	36.0	19869.795188999997	19871.094982	19873.080844999997	19873.620716999998	19868.933786999998	19872.235118999997			2.0	1.0	0.0	3.0					
19875.431	6.638999999999214	trials	36.0	19877.441909999998	19879.429595999998	19881.494604	19882.097834999997	19876.492137999998	19879.774443			3.0	2.0	0.0	3.0					
19884.84	36.544999999998254	trials	36.0	19917.755936999998	19919.404254999998			19917.196339	19919.394774999997			2.0		0.0	2.0					
19925.425	31.764999999999418	trials	36.0	19952.130720999998	19953.245193	19955.163063999997	19955.676956999996	19951.212789999998	19953.596427999997	19955.855	19957.19	3.0	2.0	1.0	1.0					
19959.255	11.684999999997672	trials	36.0	19965.482420999997	19966.749827999996	19968.810477	19969.253253	19964.934863	19967.009142	19969.4	19970.94	3.0	2.0	1.0	1.0					
19974.001	11.063999999998487	trials	36.0	19981.616025999996	19983.512214	19984.585926999996	19985.094541	19980.7348	19983.859489			2.0	1.0	0.0	3.0					
19986.94	5.431000000000495	trials	36.0	19988.747272999997	19990.112979999998	19991.509221999997	19992.397492999997	19988.178376999997	19990.838766999997			2.0	1.0	0.0	3.0					
19993.915	13.5099999999984	trials	36.0	20000.786472999996	20002.649330999997	20005.365053999998	20005.810557999997	19999.932565	20004.518439	20006.065	20007.425	2.0	1.0	1.0	1.0					
20011.486	11.993999999998778	trials	36.0	20019.331207	20020.597002	20022.514575999998	20023.506015	20018.509399	20020.946977			3.0	2.0	0.0	3.0					
20025.922	14.013000000002648	trials	36.0	20034.791310999997	20035.987887	20037.926924999996	20038.314204	20034.248300999996	20036.205393999997	20038.83	20039.935	3.0	2.0	1.0	1.0					
20042.0	11.256000000001222	trials	36.0	20049.840881999997	20050.917585	20052.21102	20052.623193999996	20049.168369	20051.482979999997			2.0	1.0	1.0	1.0					
20057.8	9.165000000000873	trials	36.0	20063.666989999998	20064.739663999997	20066.506283	20066.993269	20062.973751999998	20064.953862			3.0	2.0	0.0	3.0					
20069.83	6.370999999999185	trials	36.0	20071.676058999998	20073.317888999998	20074.244006999998	20074.665365999997	20070.673584999997	20073.443494	20074.985	20076.201	3.0	2.0	1.0	1.0					
20080.22	8.349999999998545	trials	36.0	20085.076627	20087.071857	20088.094544999996	20088.596738999997	20084.537948999998	20087.268561999997			2.0	1.0	0.0	3.0					
20091.407	20.39600000000064	trials	36.0	20106.421368	20107.588251999998	20109.707200999997	20110.077736	20105.912126	20107.783362	20110.426	20111.803	3.0	2.0	1.0	1.0					
20114.846	11.508999999998196	trials	36.0	20121.351238	20122.598667	20124.241665999998	20124.582029999998	20120.662953	20123.471724999996	20124.83	20126.355	2.0	1.0	1.0	1.0					
