onset	duration	nwb_table	block	tone_on_time	tone_off_time	action_on_time	action_off_time	pokeC_on_time	pokeC_off_time	reward_on_time	reward_off_time	state	action	reward	result	FinishedBlock	FirstTrial	LastTrial	RewardRule_L	RewardRule_R
4.682	405.40799999999996	BlockDesign														1.0	1.0	23.0	50.0	0.0
4.682	5.549999999999999	trials	1.0	6.997833999999999	9.059926999999998	9.695834	10.30513	6.270892999999999	9.279568999999999			2.0	1.0	0.0	3.0					
11.965	18.062	trials	1.0	27.44101	28.717132	29.555291	30.098813	26.606151999999998	28.958606			2.0	2.0	0.0	3.0					
31.817	14.606000000000002	trials	1.0	43.886383	45.429878	46.060485	46.492289	42.971092	45.634181			2.0	1.0	0.0	3.0					
49.465	18.507999999999996	trials	1.0	65.571031	66.662267	67.633727	68.030119	64.758013	66.976618			2.0	2.0	0.0	3.0					
70.972	15.485	trials	1.0	84.081842	85.374511	86.204474	86.493533	83.567245	85.662638			2.0	2.0	0.0	3.0					
88.467	14.340000000000003	trials	1.0	99.931499	101.698733	102.43948	102.878809	98.962538	101.951926			2.0	1.0	0.0	3.0					
106.704	21.05300000000001	trials	1.0	123.95704	125.308148	126.111566	126.423433	122.975891	125.604008	126.747	127.757	2.0	1.0	1.0	1.0					
129.777	12.920000000000016	trials	1.0	138.207055	139.670734	140.555507	140.792466	137.368994	140.058168	141.222	142.697	2.0	1.0	1.0	1.0					
144.833	12.989000000000004	trials	1.0	154.491176	156.472687	157.130764	157.491697	153.571303	156.675824			2.0	1.0	0.0	3.0					
159.382	23.544999999999987	trials	1.0	179.861807	181.458874	182.536639	183.001498	179.31415	181.765699			2.0	2.0	0.0	3.0					
186.847	15.674999999999983	trials	1.0	198.847262	200.079884	200.840606	201.070426	198.258463	200.336746	194.802	202.522	2.0	1.0	1.0	1.0					
205.548	8.299000000000007	trials	1.0	210.196771	211.818455			209.395729	211.813996			2.0		0.0	2.0					
216.927	12.719999999999999	trials	1.0	227.066596	228.164419	229.285984	229.720156	226.25867	228.758836			2.0	1.0	0.0	3.0					
231.617	20.11100000000002	trials	1.0	249.24846	250.563485	251.386421	251.736266	248.441569	250.812797			2.0	2.0	0.0	3.0					
255.657	20.465000000000003	trials	1.0	273.927188	275.103729	275.773072	276.195605	272.939584	275.32634			2.0	1.0	0.0	3.0					
278.084	18.858000000000004	trials	1.0	292.816997	294.605944	295.265808	295.474423	292.188498	294.86059	295.897	296.942	2.0	1.0	1.0	1.0					
298.963	7.828999999999951	trials	1.0	303.116689	304.290481	305.019361	305.223671	302.287277	304.541252	305.642	306.792	2.0	1.0	1.0	1.0					
308.877	19.264999999999986	trials	1.0	324.382415	325.540382	326.460038	326.678904	323.686195	325.909304	327.192	328.142	2.0	1.0	1.0	1.0					
332.183	6.2590000000000146	trials	1.0	335.491867	337.353718	338.01198	338.514917	334.4893	337.584806			2.0	1.0	0.0	3.0					
341.333	16.038999999999987	trials	1.0	354.558007	355.903786	356.703793	357.445391	353.679836	356.125964			2.0	1.0	0.0	3.0					
359.028	24.11899999999997	trials	1.0	379.097774	380.174545	381.333215	381.576143	378.276658	380.831153	381.937	383.147	2.0	1.0	1.0	1.0					
387.173	7.903999999999996	trials	1.0	392.123668	394.099144	394.737221	395.147254	391.216895	394.281619			2.0	1.0	0.0	3.0					
398.023	12.06699999999995	trials	1.0	407.288931	409.084493	410.019668	410.38373	406.734617	409.563122			2.0	1.0	0.0	3.0					
412.318	379.11400000000003	BlockDesign														1.0	24.0	43.0	0.0	50.0
412.318	15.194000000000017	trials	2.0	424.612417	426.224174	426.868597	427.582655	423.8234	426.279631			3.0	2.0	0.0	3.0					
430.152	19.930000000000007	trials	2.0	446.708047	447.839454	448.632485	448.759789	445.874569	448.076608	449.253	450.082	3.0	2.0	1.0	1.0					
454.175	5.476999999999975	trials	2.0	457.5028	458.68288	459.330269	459.724615	456.80443	458.819569			3.0	2.0	0.0	3.0					
461.648	26.293999999999983	trials	2.0	484.192303	485.51423	486.396953	486.59834	483.622913	485.881298	486.923	487.942	3.0	2.0	1.0	1.0					
490.967	10.42900000000003	trials	2.0	498.40273	500.309487	501.110644	501.45452	497.450191	500.541911			3.0	2.0	0.0	3.0					
503.477	24.904999999999973	trials	2.0	524.807678	526.050311	526.830858	527.001828	524.212738	526.27604	527.437	528.382	3.0	2.0	1.0	1.0					
532.402	9.100999999999999	trials	2.0	537.187814	538.946816	539.681266	539.869739	536.591765	539.155262	540.423	541.503	3.0	2.0	1.0	1.0					
543.517	16.684999999999945	trials	2.0	557.383255	559.210291	559.941205	560.257866	556.501355	559.40753			3.0	2.0	0.0	3.0					
562.272	23.0	trials	2.0	582.487904	584.230747	584.964951	585.317439	581.567968	584.431691			3.0	2.0	0.0	3.0					
587.282	30.00999999999999	trials	2.0	614.93825	616.092091	616.836209	617.362853	613.963531	616.322342			3.0	2.0	0.0	3.0					
620.146	17.12200000000007	trials	2.0	633.043623	634.763175	635.75504	635.955257	632.046548	635.282839	629.397	637.268	3.0	2.0	1.0	1.0					
641.334	10.02800000000002	trials	2.0	647.844417	648.941515	649.768199	649.978072	646.895548	649.209661	650.507	651.362	3.0	2.0	1.0	1.0					
654.402	10.931999999999903	trials	2.0	662.358221	664.28465	665.02193	665.36212	661.433048	664.485939			3.0	2.0	0.0	3.0					
667.292	17.029999999999973	trials	2.0	680.308274	681.585388	682.562458	682.777455	679.800644	682.077117	683.307	684.322	3.0	2.0	1.0	1.0					
686.411	9.781000000000063	trials	2.0	692.278085	693.850913	694.61171	694.820726	691.640852	694.08209	695.207	696.192	3.0	2.0	1.0	1.0					
700.263	12.336000000000013	trials	2.0	709.705213	711.439952	712.266796	712.599506	709.192202	711.677437			3.0	2.0	0.0	3.0					
714.584	26.77800000000002	trials	2.0	737.258554	739.114364	739.768066	739.953062	736.397991	739.291928	740.362	741.362	3.0	2.0	1.0	1.0					
744.452	9.144999999999982	trials	2.0	750.608527	752.236054	752.926301	753.668551	749.862668	752.441735			3.0	2.0	0.0	3.0					
755.182	15.139999999999986	trials	2.0	767.128868	769.148387	769.938503	770.395253	766.485563	769.426393			3.0	2.0	0.0	3.0					
774.257	17.175000000000068	trials	2.0	787.843811	789.116339	789.823808	790.105238	786.865042	789.341602	790.527	791.432	3.0	2.0	1.0	1.0					
794.463	719.604	BlockDesign														1.0	44.0	83.0	50.0	50.0
794.463	15.859000000000037	trials	3.0	808.068586	809.212763	809.995898	810.395176	807.40259	809.471311			3.0	2.0	0.0	3.0					
814.258	12.238999999999919	trials	3.0	823.580274	825.403147	825.998809	826.572445	822.867448	825.548288			2.0	1.0	0.0	3.0					
830.338	18.653999999999996	trials	3.0	841.893905	843.802432	844.614385	844.811735	841.315256	844.065183	845.482	848.992	3.0	2.0	1.0	1.0					
852.008	14.558999999999969	trials	3.0	862.598902	863.810724	864.594119	864.75247	862.018668	864.108529	865.222	866.567	2.0	1.0	1.0	1.0					
868.658	8.956999999999994	trials	3.0	874.669319	876.271388	877.295984	877.676538	874.011147	876.809513			2.0	1.0	0.0	3.0					
879.648	14.583999999999946	trials	3.0	890.073635	891.905516	892.680908	892.9051	889.540361	892.141412	893.392	894.232	3.0	2.0	1.0	1.0					
896.249	30.408000000000015	trials	3.0	922.89881	924.023963	924.87199	925.190945	922.212965	924.248	925.538	926.657	2.0	1.0	1.0	1.0					
929.693	6.7140000000000555	trials	3.0	933.469777	935.332352	936.102662	936.434401	932.719812	935.548324			3.0	2.0	0.0	3.0					
938.417	16.589999999999918	trials	3.0	951.915656	953.85101	954.658392	955.080421	951.390311	954.10769			3.0	2.0	0.0	3.0					
958.983	18.605000000000018	trials	3.0	974.774147	976.657969	977.34152	977.660649	974.011601	976.853449			3.0	2.0	0.0	3.0					
979.662	18.004999999999995	trials	3.0	994.074385	995.270582	995.910063	996.177129	993.448948	995.461238	996.662	997.667	2.0	1.0	1.0	1.0					
1000.74	5.366999999999962	trials	3.0	1003.596509	1004.726363	1005.728425	1006.134892	1002.958684	1005.213763			2.0	1.0	0.0	3.0					
1010.112	14.459999999999923	trials	3.0	1020.274705	1022.243018	1022.868518	1023.188125	1019.287457	1022.421092	1023.503	1024.572	2.0	1.0	1.0	1.0					
1027.588	7.06899999999996	trials	3.0	1030.934464	1032.132688	1032.927194	1033.114721	1030.091123	1032.400318	1033.612	1034.657	3.0	2.0	1.0	1.0					
1037.725	8.863000000000056	trials	3.0	1044.014686	1045.245791	1046.282944	1046.632838	1043.409535	1045.751381			2.0	1.0	0.0	3.0					
1048.617	16.05600000000004	trials	3.0	1060.89977	1062.0917	1063.09871	1063.354256	1060.035952	1062.494174	1063.692	1064.673	3.0	2.0	1.0	1.0					
1067.724	8.682999999999993	trials	3.0	1072.58513	1074.082244	1074.741574	1074.920926	1071.646313	1074.257664	1075.302	1076.407	3.0	2.0	1.0	1.0					
1080.492	9.605000000000018	trials	3.0	1085.824161	1087.70105	1088.488234	1088.633916	1084.825465	1087.950415	1089.157	1090.097	3.0	2.0	1.0	1.0					
1094.191	6.610999999999876	trials	3.0	1098.354677	1099.782007	1100.538088	1100.878438	1097.844098	1100.016445			3.0	2.0	0.0	3.0					
1102.865	22.626999999999953	trials	3.0	1121.514917	1122.930511	1123.820053	1124.123546	1120.951036	1123.362347	1124.548	1125.492	2.0	1.0	1.0	1.0					
1127.617	6.9249999999999545	trials	3.0	1132.105153	1133.502926	1134.185441	1134.570193	1131.265259	1133.724761			2.0	1.0	0.0	3.0					
1136.521	15.471000000000004	trials	3.0	1149.215267	1150.941433	1151.657845	1152.065536	1148.624288	1151.173097			3.0	2.0	0.0	3.0					
1154.917	19.225000000000136	trials	3.0	1169.909386	1171.729915	1172.37512	1172.749127	1168.927175	1171.943057	1172.912	1174.142	2.0	1.0	1.0	1.0					
1177.159	6.0629999999998745	trials	3.0	1180.645195	1182.221867	1182.923261	1183.274468	1179.902335	1182.435859			2.0	1.0	0.0	3.0					
1186.232	20.095000000000027	trials	3.0	1202.300228	1204.075735	1204.813853	1204.98164	1201.745662	1204.268505	1205.447	1206.327	3.0	2.0	1.0	1.0					
1209.412	9.623000000000047	trials	3.0	1216.170529	1217.606708	1218.453803	1219.109408	1215.267484	1217.842075			3.0	2.0	0.0	3.0					
1220.782	23.410000000000082	trials	3.0	1240.015442	1241.36753	1242.461582	1242.656806	1239.505142	1241.910698	1242.968	1244.192	3.0	2.0	1.0	1.0					
1247.302	7.8900000000001	trials	3.0	1250.751595	1252.636958	1253.3537	1253.630699	1250.09959	1252.852297	1254.003	1255.192	2.0	1.0	1.0	1.0					
1259.278	41.22700000000009	trials	3.0	1297.800888	1299.578732	1300.20823	1300.554154	1297.237893	1299.770135			2.0	1.0	0.0	3.0					
1302.568	14.19900000000007	trials	3.0	1312.900598	1314.324814	1315.136144	1315.348438	1312.170686	1314.599843	1315.753	1316.767	2.0	1.0	1.0	1.0					
1318.849	10.913000000000011	trials	3.0	1327.136086	1328.489234	1329.257213	1329.838522	1326.339391	1328.73383			3.0	2.0	0.0	3.0					
1333.512	18.13000000000011	trials	3.0	1348.646374	1350.53003	1351.294481	1351.716674	1347.892729	1350.847969			2.0	1.0	0.0	3.0					
1355.587	14.605000000000018	trials	3.0	1366.54205	1367.647165	1368.431247	1368.722729	1365.700402	1367.94611	1368.963	1370.192	2.0	1.0	1.0	1.0					
1374.207	9.974999999999909	trials	3.0	1381.707151	1382.928445	1383.748486	1384.258599	1380.928772	1383.175553			3.0	2.0	0.0	3.0					
1387.063	23.56899999999996	trials	3.0	1406.457542	1408.107593	1408.743023	1408.978024	1405.510091	1408.310369	1409.285	1410.632	2.0	1.0	1.0	1.0					
1413.552	23.935000000000173	trials	3.0	1433.601704	1435.007881	1435.789721	1435.995475	1432.750742	1435.263278	1436.572	1437.487	3.0	2.0	1.0	1.0					
1439.507	9.856999999999971	trials	3.0	1446.48611	1448.294125	1449.043438	1449.400298	1445.524987	1448.531648			3.0	2.0	0.0	3.0					
1451.362	17.491999999999962	trials	3.0	1466.667451	1467.82718	1468.532512	1468.927165	1465.6636	1468.065781			2.0	1.0	0.0	3.0					
1470.778	22.59400000000005	trials	3.0	1490.825669	1492.187624	1492.905727	1493.446324	1490.111377	1492.445198			2.0	1.0	0.0	3.0					
1496.173	17.894000000000005	trials	3.0	1510.051144	1511.709974	1512.411509	1512.659302	1509.237313	1511.902064	1513.003	1514.067	3.0	2.0	1.0	1.0					
1518.173	78.36400000000003	BlockDesign														1.0	84.0	88.0	0.0	0.0
1518.173	4.753999999999905	trials	4.0	1520.771864	1521.834472	1522.526365	1522.942496	1520.103472	1522.094603			2.0	1.0	0.0	3.0					
1525.883	14.969000000000051	trials	4.0	1537.811317	1539.747466	1540.39237	1540.928944	1537.068821	1539.949028			2.0	1.0	0.0	3.0					
1544.652	16.810999999999922	trials	4.0	1558.9576729999999	1560.120887	1561.043024	1561.541582	1558.029248	1560.433043			2.0	1.0	0.0	3.0					
1565.312	12.710000000000036	trials	4.0	1575.106171	1576.46575	1577.199655	1578.096965	1574.472091	1576.740311			2.0	1.0	0.0	3.0					
1580.517	16.019999999999982	trials	4.0	1594.051553	1595.808793	1596.51634	1597.172285	1593.141767	1596.040604			2.0	1.0	0.0	3.0					
1599.852	100.3889999999999	BlockDesign														1.0	89.0	93.0	0.0	0.0
1599.852	16.309999999999945	trials	5.0	1613.781175	1614.93439	1615.701244	1616.236733	1613.049925	1615.149964			3.0	2.0	0.0	3.0					
1620.963	17.169000000000096	trials	5.0	1635.756101	1636.845077	1637.590474	1638.209213	1634.933926	1637.078891			3.0	2.0	0.0	3.0					
1641.842	18.33499999999981	trials	5.0	1657.601692	1658.952526	1659.638604	1660.254241	1656.850312	1659.139057			3.0	2.0	0.0	3.0					
1664.044	16.88299999999981	trials	5.0	1677.972079	1679.698038	1680.5663	1680.995873	1677.027782	1680.056404			3.0	2.0	0.0	3.0					
1685.883	14.357999999999947	trials	5.0	1696.656162	1698.183356	1700.24003	1700.654858	1695.80543	1699.654957			3.0	1.0	0.0	3.0					
1703.617	816.4649999999999	BlockDesign														1.0	94.0	134.0	50.0	50.0
1703.617	14.684999999999945	trials	6.0	1715.458223	1716.914965	1717.849087	1718.377627	1714.813891	1717.232153			3.0	2.0	0.0	3.0					
1720.146	19.69399999999996	trials	6.0	1737.337003	1738.568468	1739.493947	1739.912155	1736.589631	1738.919212			3.0	2.0	0.0	3.0					
1743.755	19.787999999999784	trials	6.0	1760.837341	1762.493285	1763.16424	1763.621669	1760.026982	1762.766516			2.0	1.0	0.0	3.0					
1767.459	23.092999999999847	trials	6.0	1786.431844	1788.1732	1788.913744	1789.126522	1785.496145	1788.422824	1789.512	1790.552	2.0	1.0	1.0	1.0					
1792.643	8.564000000000078	trials	6.0	1797.232135	1798.891282	1799.607662	1799.799724	1796.695117	1799.073815	1800.332	1801.207	3.0	2.0	1.0	1.0					
1804.352	10.355000000000018	trials	6.0	1810.701674	1812.276004	1812.885939	1813.112461	1809.712941	1812.480574	1813.487	1814.707	2.0	1.0	1.0	1.0					
1816.729	7.15300000000002	trials	6.0	1821.036746	1822.92341	1823.54555	1823.958536	1820.16398	1823.101658			2.0	1.0	0.0	3.0					
1826.807	21.839999999999918	trials	6.0	1845.147203	1846.238803	1847.009294	1847.238772	1844.41418	1846.484084	1847.677	1848.647	3.0	2.0	1.0	1.0					
1852.773	8.357000000000198	trials	6.0	1858.668467	1860.068606	1860.823537	1861.207157	1857.679373	1860.373498			2.0	1.0	0.0	3.0					
1864.132	29.2349999999999	trials	6.0	1890.326755	1891.429505	1892.007389	1892.171839	1889.487469	1891.424854			2.0		0.0	2.0					
1895.412	13.115000000000009	trials	6.0	1904.187607	1906.199044	1906.90648	1907.16124	1903.4938	1906.500715	1907.503	1908.527	2.0	1.0	1.0	1.0					
1910.548	14.098999999999933	trials	6.0	1920.477692	1922.381212	1923.070152	1923.289385	1919.722189	1922.570053	1923.642	1924.647	3.0	2.0	1.0	1.0					
1928.697	44.26000000000022	trials	6.0	1970.077247	1971.464786	1972.135421	1973.033779	1969.3883	1971.680195			3.0	2.0	0.0	3.0					
1975.382	12.05099999999993	trials	6.0	1984.597586	1986.335089	1987.118153	1987.471778	1983.825098	1986.633656			3.0	2.0	0.0	3.0					
1989.432	11.625	trials	6.0	1997.137943	1998.55928	1999.274932	1999.480597	1996.132951	1998.875047	1999.847	2001.057	2.0	1.0	1.0	1.0					
2004.147	39.799999999999955	trials	6.0	2039.782287	2041.55452	2042.254294	2042.40088	2039.271275	2041.771903	2042.997	2043.947	3.0	2.0	1.0	1.0					
2045.99	12.803000000000111	trials	6.0	2056.6884170000003	2057.8034660000003	2058.4746349999996	2058.8563270000004	2056.0866800000003	2058.0244430000002			2.0	1.0	0.0	3.0					
2061.722	14.5649999999996	trials	6.0	2072.0440790000002	2073.500957	2074.5153440000004	2074.73229	2071.1651599999996	2073.7115780000004	2075.088	2076.287	3.0	2.0	1.0	1.0					
2079.352	8.858999999999924	trials	6.0	2085.567462	2086.880733	2087.8850140000004	2088.258266	2084.7629239999997	2087.354187			3.0	2.0	0.0	3.0					
2090.152	24.5949999999998	trials	6.0	2110.8927379999996	2112.370129	2113.1366989999997	2113.3993579999997	2110.0855579999998	2112.591682	2113.753	2114.747	3.0	2.0	1.0	1.0					
2117.834	7.82300000000032	trials	6.0	2121.8029269999997	2122.894848	2123.906879	2124.141713	2120.918012	2123.4529279999997	2124.497	2125.657	2.0	1.0	1.0	1.0					
2127.736	7.376999999999953	trials	6.0	2132.613851	2133.9734740000004	2134.737188	2135.1888070000005	2132.0738899999997	2134.2000230000003			3.0	2.0	0.0	3.0					
2139.068	20.833999999999833	trials	6.0	2155.492829	2157.4961059999996	2158.1055450000003	2158.3304049999997	2154.547603	2157.6853119999996	2158.673	2159.902	2.0	1.0	1.0	1.0					
2163.918	4.420000000000073	trials	6.0	2165.8032489999996	2167.119388	2167.9783989999996	2168.418616	2164.9152969999996	2167.519493			2.0	1.0	0.0	3.0					
2171.255	23.67699999999968	trials	6.0	2190.6531889999997	2191.8415729999997	2192.978945	2193.35141	2190.0277779999997	2192.475404	2193.632	2194.932	2.0	1.0	1.0	1.0					
2196.962	6.429999999999836	trials	6.0	2201.037776	2202.275721	2203.0105599999997	2203.471364	2200.178369	2202.544363			2.0	1.0	0.0	3.0					
2206.302	17.697999999999865	trials	6.0	2219.827631	2221.5409710000004	2222.282929	2222.622808	2219.2849029999998	2221.7564270000003	2222.923	2224.0	3.0	2.0	1.0	1.0					
2228.042	13.700000000000273	trials	6.0	2238.072773	2239.2202070000003	2239.9192650000005	2240.0886309999996	2237.5393599999998	2239.436146	2240.412	2241.742	3.0	2.0	1.0	1.0					
2245.792	25.921000000000276	trials	6.0	2268.6783589999995	2270.6646440000004	2271.4104129999996	2271.760007	2267.669696	2270.878817			3.0	2.0	0.0	3.0					
2273.787	18.61100000000033	trials	6.0	2289.8231400000004	2291.231033	2292.0176060000003	2292.471068	2289.2798570000004	2291.5204759999997			2.0	1.0	0.0	3.0					
2295.382	16.23999999999978	trials	6.0	2308.149074	2309.270477	2310.018239	2310.2415199999996	2307.2855980000004	2309.545306	2310.628	2311.622	2.0	1.0	1.0	1.0					
2313.642	13.41000000000031	trials	6.0	2324.228618	2325.9766609999997	2326.681778	2327.079495	2323.4005610000004	2326.1273389999997			3.0	2.0	0.0	3.0					
2330.058	18.173999999999978	trials	6.0	2345.663039	2347.0657950000004	2347.798847	2348.3097260000004	2345.031884	2347.2462379999997			3.0	2.0	0.0	3.0					
2351.172	24.041000000000167	trials	6.0	2372.8945329999997	2374.260692	2374.9241359999996	2375.290884	2372.251784	2374.4945150000003			2.0	1.0	0.0	3.0					
2377.258	20.929000000000087	trials	6.0	2395.880185	2397.2768319999996	2397.8617590000003	2398.264013	2395.140464	2397.362905			3.0	2.0	0.0	3.0					
2400.18	25.577000000000226	trials	6.0	2421.728631	2423.24626	2423.825036	2424.098935	2420.878681	2423.400842	2424.387	2425.757	2.0	1.0	1.0	1.0					
2427.777	8.27099999999973	trials	6.0	2431.908692	2433.547157	2434.472863	2434.6650630000004	2431.38349	2433.890561	2435.067	2436.048	3.0	2.0	1.0	1.0					
2439.132	22.65000000000009	trials	6.0	2459.2740460000005	2460.5548479999998	2461.453031	2461.8622459999997	2458.664431	2460.9760990000004			2.0	1.0	0.0	3.0					
2465.786	14.115999999999985	trials	6.0	2475.585416	2477.2524540000004	2478.200946	2478.3889099999997	2474.874361	2477.750462	2478.832	2479.902	2.0	1.0	1.0	1.0					
2483.923	22.784000000000106	trials	6.0	2502.7700480000003	2504.0803910000004	2504.8506429999998	2505.1117910000003	2502.1018569999997	2504.324128	2505.537	2506.707	3.0	2.0	1.0	1.0					
2508.646	11.435999999999694	trials	6.0	2516.389107	2517.576535	2518.491194	2518.668404	2515.7630529999997	2518.033415	2519.088	2520.082	2.0	1.0	1.0	1.0					
2522.177	620.4849999999997	BlockDesign														1.0	135.0	163.0	50.0	10.0
2522.177	25.141000000000076	trials	7.0	2544.859528	2545.962791	2546.981844	2547.3975499999997	2544.34829	2546.4952160000003			1.0	2.0	0.0	3.0					
2550.247	15.450000000000273	trials	7.0	2563.154308	2564.4529970000003	2565.310238	2565.7778479999997	2562.5932059999996	2564.8331019999996			1.0	2.0	0.0	3.0					
2569.617	14.394999999999982	trials	7.0	2581.2244760000003	2582.5561209999996	2583.6174250000004	2584.093347	2580.6090940000004	2583.1401699999997			1.0	2.0	0.0	3.0					
2587.987	27.460000000000036	trials	7.0	2612.7343520000004	2614.080253	2614.9192789999997	2615.5247040000004	2611.996467	2614.400708			1.0	1.0	0.0	3.0					
2619.173	23.009000000000015	trials	7.0	2638.38951	2640.0503120000003	2640.6693079999995	2640.826661	2637.5081229999996	2640.2526529999996	2641.197	2642.182	1.0	1.0	1.0	1.0					
2646.257	6.8400000000001455	trials	7.0	2649.935845	2651.3320249999997	2652.4068049999996	2653.175486	2649.0588180000004	2651.9806230000004			1.0	1.0	0.0	3.0					
2655.742	30.25	trials	7.0	2683.324324	2684.9089000000004	2685.5805680000003	2686.0698679999996	2682.370334	2685.109604			1.0	1.0	0.0	3.0					
2687.882	23.904999999999745	trials	7.0	2708.381066	2709.7132119999997	2711.001763	2711.864831	2707.6219600000004	2710.4519840000003			1.0	2.0	0.0	3.0					
2714.302	49.309999999999945	trials	7.0	2761.1008410000004	2762.3827439999995	2763.156059	2763.69348	2760.2934750000004	2762.6087239999997			1.0	2.0	0.0	3.0					
2767.523	16.743999999999687	trials	7.0	2779.8110619999998	2781.811812	2782.728744	2782.959261	2778.9753819999996	2782.261571	2783.253	2784.267	1.0	1.0	1.0	1.0					
2786.287	7.385999999999967	trials	7.0	2790.8597600000003	2792.6721399999997	2793.3648489999996	2793.7498939999996	2789.947078	2792.8938639999997			1.0	1.0	0.0	3.0					
2797.691	18.062000000000353	trials	7.0	2813.1404270000003	2814.892108	2815.508777	2815.7942599999997	2812.2512619999998	2815.1039790000004			1.0	1.0	0.0	3.0					
2819.767	21.175000000000182	trials	7.0	2838.6249879999996	2839.7271220000002	2840.527336	2841.0203229999997	2837.6297569999997	2839.984217			1.0	2.0	0.0	3.0					
2844.842	26.61499999999978	trials	7.0	2867.711579	2869.0572060000004	2869.924188	2870.1796910000003	2866.9697640000004	2869.4721	2870.657	2871.457	1.0	1.0	1.0	1.0					
2874.477	6.9210000000002765	trials	7.0	2877.621059	2879.2767219999996	2879.873525	2880.058253	2876.6483209999997	2879.43634	2880.657	2881.398	1.0	1.0	1.0	1.0					
2883.542	6.6150000000002365	trials	7.0	2886.9219590000002	2888.9599909999997	2889.6808039999996	2890.238279	2886.199028	2889.263699			1.0	1.0	0.0	3.0					
2892.992	18.480000000000018	trials	7.0	2907.7309299999997	2908.839935	2909.8839420000004	2910.1406930000003	2906.885147	2909.3835099999997	2910.457	2911.472	1.0	1.0	1.0	1.0					
2913.537	7.666000000000167	trials	7.0	2918.430649	2920.107467	2920.8931359999997	2921.2322510000004	2917.822282	2920.3204640000004			1.0	2.0	0.0	3.0					
2925.167	17.11999999999989	trials	7.0	2939.8702219999996	2941.1943039999996	2941.920566	2942.3697469999997	2939.2231519999996	2941.444958			1.0	1.0	0.0	3.0					
2945.217	18.496000000000095	trials	7.0	2961.1201149999997	2962.5686299999998	2963.4112590000004	2963.793281	2960.2003539999996	2962.8760650000004			1.0	2.0	0.0	3.0					
2966.667	16.6550000000002	trials	7.0	2980.0618640000002	2982.0709939999997	2982.71252	2983.401557	2979.4830009999996	2982.283832			1.0	1.0	0.0	3.0					
2985.045	17.036000000000058	trials	7.0	2999.8751359999997	3000.975584	3001.750717	3002.1623929999996	2999.3390230000005	3001.2480159999996			1.0	1.0	0.0	3.0					
3006.07	18.58699999999999	trials	7.0	3021.1411719999996	3022.4790860000003	3023.0994600000004	3023.416411	3020.259943	3022.460441	3023.673	3024.657	1.0	1.0	1.0	1.0					
3027.675	5.561999999999898	trials	7.0	3030.676023	3031.977677	3032.7373960000004	3033.316882	3030.1026439999996	3032.277024			1.0	1.0	0.0	3.0					
3036.997	13.120000000000346	trials	7.0	3047.5002999999997	3048.9075949999997	3049.6918910000004	3050.195987	3046.8643220000004	3049.166633			1.0	1.0	0.0	3.0					
3052.007	20.570000000000164	trials	7.0	3069.5618219999997	3071.5929929999998	3072.2045569999996	3072.664696	3068.9729489999995	3071.732114			1.0	1.0	0.0	3.0					
3074.507	20.268999999999778	trials	7.0	3092.07662	3093.542751	3094.406767	3094.8520769999996	3091.0991569999996	3093.766053			1.0	2.0	0.0	3.0					
3097.773	18.778999999999996	trials	7.0	3113.5566109999995	3115.2642889999997	3115.9455089999997	3116.6399549999996	3112.8565949999997	3115.4875049999996			1.0	1.0	0.0	3.0					
3118.362	24.299999999999727	trials	7.0	3139.0360889999997	3140.4080539999995	3141.0387229999997	3141.2950039999996	3138.1708249999997	3140.598736	3141.582	3142.662	1.0	1.0	1.0	1.0					
3144.713	1046.284	BlockDesign														1.0	164.0	238.0	50.0	90.0
3144.713	5.898999999999887	trials	8.0	3147.7216679999997	3149.594734	3150.351981	3150.681894	3147.145385	3149.8721189999997			1.0	1.0	0.0	3.0					
3152.685	14.371999999999844	trials	8.0	3164.3362979999997	3165.7359829999996	3166.4342359999996	3167.144082	3163.797792	3165.98402			1.0	1.0	0.0	3.0					
3168.807	19.901000000000295	trials	8.0	3185.3119189999998	3187.3664599999997	3188.0189779999996	3188.795366	3184.5769039999996	3187.557981			1.0	1.0	0.0	3.0					
3191.262	23.440000000000055	trials	8.0	3211.017903	3212.1431879999996	3212.924412	3213.1189099999997	3210.1405019999997	3212.3750819999996	3213.463	3214.702	1.0	2.0	1.0	1.0					
3217.857	6.8159999999998035	trials	8.0	3220.0812829999995	3222.064457	3222.8789269999997	3223.1071549999997	3219.569861	3222.3690169999995	3223.452	3224.673	1.0	2.0	1.0	1.0					
3228.688	5.514000000000124	trials	8.0	3230.7719509999997	3231.8731639999996	3232.623299	3232.832591	3230.0345389999998	3232.120716	3233.292	3234.202	1.0	2.0	1.0	1.0					
3237.255	7.3969999999999345	trials	8.0	3240.626339	3242.323646	3243.060224	3243.2480749999995	3239.8807549999997	3242.5805159999995	3243.642	3244.652	1.0	2.0	1.0	1.0					
3247.742	6.574999999999818	trials	8.0	3250.4163569999996	3251.9624219999996	3252.731703	3252.913389	3249.743271	3252.229086	3253.382	3254.317	1.0	2.0	1.0	1.0					
3257.397	6.139999999999873	trials	8.0	3260.606825	3262.4104169999996	3263.121749	3263.6255009999995	3259.7453629999995	3262.6239079999996			1.0	2.0	0.0	3.0					
3265.427	18.545000000000073	trials	8.0	3279.751398	3281.5336949999996	3282.2821259999996	3282.5986169999996	3279.210158	3281.829272	3283.003	3283.972	1.0	1.0	1.0	1.0					
3286.992	5.596000000000004	trials	8.0	3289.6529549999996	3291.5892479999998	3292.2099869999997	3292.671802	3288.807446	3291.8197199999995			1.0	1.0	0.0	3.0					
3295.492	24.059999999999945	trials	8.0	3315.911964	3317.3685739999996	3318.136616	3318.291558	3314.920691	3317.5866109999997	3318.772	3319.552	1.0	2.0	1.0	1.0					
3323.641	7.505999999999858	trials	8.0	3327.3925259999996	3328.734102	3329.393929	3329.6062679999995	3326.5927089999996	3328.8986779999996	3330.003	3331.147	1.0	2.0	1.0	1.0					
3335.227	8.170000000000073	trials	8.0	3339.6920059999998	3341.664445	3342.3620499999997	3342.644089	3338.6989849999995	3341.8948219999997			1.0	1.0	1.0	1.0					
3345.932	17.330000000000382	trials	8.0	3358.267767	3359.8354249999998	3360.498702	3360.765071	3357.7449659999997	3360.0764839999997	3348.567	3363.262	1.0	1.0	1.0	1.0					
3367.282	8.877999999999702	trials	8.0	3371.9725799999997	3373.8317909999996	3374.4727139999995	3374.7145189999997	3370.970583	3374.0676889999995	3375.037	3376.16	1.0	1.0	1.0	1.0					
3380.258	6.444000000000415	trials	8.0	3382.3819299999996	3384.0412079999996	3384.713222	3384.9584539999996	3380.8669699999996	3384.217832	3385.302	3386.702	1.0	1.0	1.0	1.0					
3388.757	7.025000000000091	trials	8.0	3392.3524709999997	3393.4274029999997	3394.1050769999997	3394.3381609999997	3391.6712039999998	3393.681948	3394.767	3395.782	1.0	1.0	1.0	1.0					
3399.872	4.910000000000309	trials	8.0	3401.9024069999996	3403.3396799999996	3404.3532539999997	3404.868106	3400.4487599999998	3403.8868279999997			1.0	1.0	0.0	3.0					
3407.697	22.65000000000009	trials	8.0	3426.433236	3428.23674	3428.823529	3429.0939929999995	3425.728886	3428.388443	3429.447	3430.347	1.0	1.0	1.0	1.0					
3433.398	4.864000000000033	trials	8.0	3435.9475139999995	3437.204076	3437.9962619999997	3438.350772	3435.1747539999997	3437.4921149999996			1.0	1.0	0.0	3.0					
3440.182	43.92000000000007	trials	8.0	3482.018016	3483.219659	3483.830634	3484.1914639999995	3481.0599869999996	3483.434108			1.0	1.0	0.0	3.0					
3486.138	12.47900000000027	trials	8.0	3495.687626	3497.5752719999996	3498.176145	3498.703502	3494.7864699999996	3497.793906			1.0	1.0	0.0	3.0					
3500.412	17.260999999999967	trials	8.0	3513.6478429999997	3515.0087559999997	3515.8045559999996	3516.035145	3512.8579109999996	3515.2594959999997	3516.467	3517.673	1.0	2.0	1.0	1.0					
3521.757	17.929999999999836	trials	8.0	3536.6224059999995	3537.689778			3535.9603369999995	3537.68684			1.0		0.0	2.0					
3541.713	18.30899999999974	trials	8.0	3557.08776	3559.0009849999997	3559.6310639999997	3560.1097769999997	3556.31994	3559.2129299999997			1.0	1.0	0.0	3.0					
3561.982	15.106000000000222	trials	8.0	3572.719682	3574.4798809999998	3575.3160929999995	3575.4782669999995	3571.761251	3574.779963	3575.897	3577.088	1.0	2.0	1.0	1.0					
3581.142	7.995000000000346	trials	8.0	3585.5232849999998	3586.827215	3587.55151	3587.799301	3584.529525	3587.026974	3588.192	3589.137	1.0	2.0	1.0	1.0					
3591.22	8.567000000000007	trials	8.0	3596.1625429999995	3597.799185	3598.7514739999997	3598.983115	3595.5541799999996	3598.2533289999997			1.0	2.0	1.0	1.0					
3604.227	11.585000000000036	trials	8.0	3611.3596589999997	3613.2114519999996	3614.1352239999997	3614.3341889999997	3610.810611	3613.656948	3614.713	3615.812	1.0	2.0	1.0	1.0					
3617.898	8.690000000000055	trials	8.0	3622.3633979999995	3624.177762	3624.8497799999996	3625.0639169999995	3621.3820049999995	3624.336875	3625.487	3626.588	1.0	2.0	1.0	1.0					
3630.646	7.356999999999971	trials	8.0	3633.344967	3635.254314	3636.2270099999996	3636.5207139999998	3632.7199009999995	3635.676783	3637.017	3638.003	1.0	2.0	1.0	1.0					
3642.068	6.003999999999905	trials	8.0	3643.9433419999996	3645.7368709999996	3646.4471959999996	3646.6371149999995	3642.851417	3645.9618499999997	3647.092	3648.072	1.0	1.0	1.0	1.0					
3651.092	6.835000000000036	trials	8.0	3653.8631029999997	3654.9301819999996	3656.236325	3656.4530539999996	3653.1304229999996	3655.7067199999997	3656.732	3657.927	1.0	2.0	1.0	1.0					
3661.977	6.585000000000036	trials	8.0	3665.537868	3667.3503729999998	3668.134557	3668.650491	3664.6121909999997	3667.5778339999997			1.0	2.0	0.0	3.0					
3671.453	11.94900000000007	trials	8.0	3679.17624	3681.17467	3681.874113	3682.0359089999997	3678.487064	3681.4319849999997	3682.548	3683.402	1.0	1.0	1.0	1.0					
3686.459	6.263000000000375	trials	8.0	3689.7384279999997	3691.6296479999996	3692.379314	3692.8126439999996	3688.974598	3691.8672899999997			1.0	1.0	0.0	3.0					
3694.622	14.820000000000164	trials	8.0	3704.9979749999998	3706.9749249999995	3707.7416319999998	3707.9318759999996	3704.1219899999996	3707.2249199999997	3708.357	3709.442	1.0	2.0	1.0	1.0					
3712.463	8.828999999999724	trials	8.0	3716.853526	3718.446285	3719.1540589999995	3719.358022	3716.106759	3718.6271909999996	3719.727	3721.292	1.0	2.0	1.0	1.0					
3725.378	6.368999999999687	trials	8.0	3728.054835	3729.2327899999996	3730.0685719999997	3730.258012	3727.287961	3729.545206	3730.622	3731.747	1.0	2.0	1.0	1.0					
3735.836	7.911000000000058	trials	8.0	3739.3452389999998	3741.0885279999998	3741.9046879999996	3742.193802	3738.601883	3741.365172	3742.498	3743.747	1.0	2.0	1.0	1.0					
3745.832	8.320000000000164	trials	8.0	3749.8534069999996	3751.7099009999997	3752.4455669999998	3752.6220529999996	3749.294168	3751.890692	3753.067	3754.152	1.0	2.0	1.0	1.0					
3757.273	7.268999999999778	trials	8.0	3760.3138769999996	3762.121467	3762.8958629999997	3763.095939	3759.4999319999997	3762.3983099999996	3763.467	3764.542	1.0	1.0	1.0	1.0					
3767.626	7.576000000000022	trials	8.0	3771.5636759999998	3772.6494209999996	3773.454562	3773.7008509999996	3770.6268119999995	3772.9118659999995	3774.077	3775.202	1.0	1.0	1.0	1.0					
3777.222	6.782999999999902	trials	8.0	3781.5736309999998	3782.955134	3783.6427139999996	3784.0949579999997	3780.7594229999995	3783.1865749999997			1.0	1.0	0.0	3.0					
3787.952	14.709999999999582	trials	8.0	3798.529839	3800.065635	3800.9992359999997	3801.20979	3797.669568	3800.424686	3801.563	3802.662	1.0	2.0	1.0	1.0					
3805.733	6.5649999999996	trials	8.0	3809.4836609999998	3810.5306039999996	3811.3187559999997	3811.4990639999996	3808.701968	3810.8090399999996			1.0	2.0	1.0	1.0					
3816.923	13.774000000000342	trials	8.0	3827.0187749999996	3828.22689	3829.0210079999997	3829.2480299999997	3826.4143849999996	3828.501813	3829.617	3830.697	1.0	2.0	1.0	1.0					
3832.717	8.871000000000095	trials	8.0	3836.6438059999996	3838.3772919999997	3839.067541	3839.384322	3836.058908	3838.5679259999997	3839.702	3841.588	1.0	2.0	1.0	1.0					
3843.678	9.69399999999996	trials	8.0	3848.8738879999996	3851.150527	3851.8276379999998	3852.0192799999995	3848.1642349999997	3851.305982	3852.367	3853.372	1.0	1.0	1.0	1.0					
3857.392	5.914999999999964	trials	8.0	3860.453364	3862.2934669999995	3863.0232389999996	3863.3520149999995	3859.4895509999997	3862.5173569999997			1.0	1.0	0.0	3.0					
3867.382	12.040999999999713	trials	8.0	3875.0388289999996	3876.526125	3877.4424069999995	3877.73049	3874.2918109999996	3876.954041	3868.307	3879.423	1.0	2.0	1.0	1.0					
3883.457	8.015000000000327	trials	8.0	3887.1800609999996	3888.6204479999997	3889.5772559999996	3889.978569	3886.433396	3889.042211	3890.128	3891.472	1.0	2.0	1.0	1.0					
3893.552	8.359999999999673	trials	8.0	3897.864244	3899.5785859999996	3900.332308	3900.500658	3897.192045	3899.7587639999997	3900.828	3901.912	1.0	1.0	1.0	1.0					
3903.977	7.575000000000273	trials	8.0	3909.0438689999996	3910.290669	3911.1829479999997	3911.642954	3908.0841579999997	3910.6758419999996			1.0	1.0	0.0	3.0					
3913.427	18.4699999999998	trials	8.0	3927.668589	3929.4251189999995	3930.3148499999998	3930.511544	3926.6660939999997	3929.7829199999996	3930.857	3931.897	1.0	2.0	1.0	1.0					
3935.932	9.781000000000404	trials	8.0	3941.229199	3943.2221549999995	3943.9773069999997	3944.2879569999996	3940.3959689999997	3943.449033	3944.548	3945.713	1.0	2.0	1.0	1.0					
3949.798	6.5590000000001965	trials	8.0	3952.4634479999995	3953.6392829999995	3954.5785739999997	3954.910857	3951.492657	3954.054574	3955.173	3956.357	1.0	2.0	1.0	1.0					
3958.378	8.628999999999905	trials	8.0	3962.5389969999997	3963.9464009999997	3964.908837	3965.2538939999995	3961.752287	3964.3698959999997	3965.562	3967.007	1.0	2.0	1.0	1.0					
3970.092	8.639999999999873	trials	8.0	3974.9190919999996	3976.0038059999997	3976.8921779999996	3977.3124719999996	3973.9244989999997	3976.3618399999996	3977.447	3978.732	1.0	2.0	1.0	1.0					
3980.753	6.643000000000029	trials	8.0	3984.779165	3986.210599	3987.0565709999996	3987.475904	3983.900533	3986.483109			1.0	2.0	0.0	3.0					
3991.367	30.154999999999745	trials	8.0	4017.3201649999996	4019.0573729999996	4019.8256359999996	4020.0804239999998	4016.7139749999997	4019.297885	4020.537	4021.522	1.0	2.0	1.0	1.0					
4025.572	7.625	trials	8.0	4029.6541439999996	4030.8114029999997	4031.5974779999997	4031.7906439999997	4028.8485469999996	4031.061954	4032.162	4033.197	1.0	2.0	1.0	1.0					
4036.217	5.0099999999997635	trials	8.0	4038.8690159999996	4040.1166829999997	4040.9933929999997	4041.222262	4038.2480509999996	4040.432622			1.0	1.0	0.0	3.0					
4043.233	19.963999999999942	trials	8.0	4059.524469	4060.6672839999997	4061.614866	4061.7939069999998	4058.8914299999997	4060.9904369999995	4062.167	4063.197	1.0	2.0	1.0	1.0					
4065.217	8.074999999999818	trials	8.0	4068.539022	4069.8118379999996	4070.6394859999996	4070.863736	4067.5429409999997	4070.0504929999997	4071.292	4073.292	1.0	2.0	1.0	1.0					
4075.332	5.914999999999964	trials	8.0	4079.0246909999996	4080.036033	4080.7896469999996	4081.3357379999998	4078.1754359999995	4080.271715			1.0	2.0	0.0	3.0					
4083.157	17.70799999999963	trials	8.0	4098.431102	4099.8262509999995	4100.604168	4100.947996999999	4097.761571	4100.040599			1.0	1.0	0.0	3.0					
4104.847	14.0600000000004	trials	8.0	4115.229695999999	4116.4327459999995	4117.2670769999995	4117.430628	4114.454175999999	4116.668822	4117.887	4118.907	1.0	2.0	1.0	1.0					
4122.962	5.911999999999352	trials	8.0	4126.279595999999	4127.751184	4128.502751999999	4128.933975	4125.565143	4127.9906949999995			1.0	1.0	0.0	3.0					
4130.819	15.712999999999738	trials	8.0	4142.83926	4144.06563	4144.810113	4145.069952	4141.892072	4144.2954629999995	4145.437	4146.532	1.0	2.0	1.0	1.0					
4149.602	7.264000000000124	trials	8.0	4154.159501	4155.835158	4156.555224	4156.947902	4153.2394189999995	4156.098859			1.0	1.0	0.0	3.0					
4159.822	11.260000000000218	trials	8.0	4168.009400999999	4169.358421999999	4170.107918	4170.356646	4167.211149	4169.562225			1.0	2.0	1.0	1.0					
4175.685	6.636999999999716	trials	8.0	4178.486242	4179.826545	4180.579675	4180.779605	4177.676090999999	4180.022763	4181.102	4182.322	1.0	2.0	1.0	1.0					
4185.402	5.595000000000255	trials	8.0	4187.2497299999995	4188.457831	4189.305351	4189.50129	4186.640922	4188.726095999999	4190.088	4190.997	1.0	2.0	1.0	1.0					
4195.092	86.80500000000029	BlockDesign														1.0	239.0	243.0	0.0	0.0
4195.092	4.835000000000036	trials	9.0	4197.2846389999995	4198.702094	4199.460644	4200.018779	4196.383041	4198.916094			1.0	2.0	0.0	3.0					
4203.782	23.104999999999563	trials	9.0	4224.4099289999995	4225.841537	4226.500644	4226.976737	4223.6810479999995	4226.033283			1.0	1.0	0.0	3.0					
4229.753	22.204000000000633	trials	9.0	4249.279968999999	4250.881676	4251.582098	4252.045889	4248.6722389999995	4251.114077			1.0	1.0	0.0	3.0					
4255.819	10.685999999999694	trials	9.0	4264.134435	4265.456774	4266.189501999999	4266.581172	4263.347916	4265.650079999999			1.0	2.0	0.0	3.0					
4270.427	11.470000000000255	trials	9.0	4279.459944	4281.238803	4281.883569	4282.2561989999995	4278.712143	4281.388139			1.0	1.0	0.0	3.0					
4284.122	274.1889999999994	BlockDesign														1.0	244.0	264.0	90.0	50.0
4284.122	15.942000000000007	trials	10.0	4297.245354	4298.734490999999	4299.746015	4300.151714	4296.408697999999	4298.871929			1.0	2.0	0.0	3.0					
4303.982	21.75	trials	10.0	4321.425244999999	4323.058325999999	4323.811809	4324.073484	4320.868656	4323.346743	4324.527	4325.732	1.0	1.0	1.0	1.0					
4329.822	6.180999999999585	trials	10.0	4331.705325	4333.675818	4334.403224	4334.613724999999	4330.999317	4333.883449999999	4334.892	4336.003	1.0	1.0	1.0	1.0					
4339.09	5.457999999999629	trials	10.0	4340.8611	4342.216721999999	4342.955384	4343.195078	4340.1423509999995	4342.416313	4343.657	4344.548	1.0	1.0	1.0	1.0					
4346.564	7.007999999999811	trials	10.0	4349.78547	4350.854434999999	4351.7352599999995	4351.903563	4349.053196999999	4351.1564499999995	4352.372	4353.572	1.0	2.0	1.0	1.0					
4357.724	4.70299999999952	trials	10.0	4359.384771	4360.82058	4361.6643269999995	4362.519308999999	4358.6553699999995	4361.083205			1.0	2.0	0.0	3.0					
4365.023	17.873999999999796	trials	10.0	4378.955709	4380.480245999999	4381.24625	4381.505105	4378.334758	4380.705641	4381.842	4382.897	1.0	1.0	1.0	1.0					
4385.977	6.385000000000218	trials	10.0	4388.215553	4390.166292	4390.791042999999	4390.964561	4387.666784999999	4390.322039	4391.487	4392.362	1.0	1.0	1.0	1.0					
4394.472	8.210000000000036	trials	10.0	4398.45076	4400.1876919999995	4401.122925	4401.299685	4397.872356	4400.634964999999	4401.642	4402.682	1.0	1.0	1.0	1.0					
4405.699	7.818000000000211	trials	10.0	4408.941059	4410.9076589999995	4411.700298	4412.088583999999	4408.195424	4411.224333	4412.412	4413.517	1.0	1.0	1.0	1.0					
4417.615	7.747000000000298	trials	10.0	4420.900877	4422.7872	4423.5047779999995	4423.6604959999995	4419.905092	4423.005612	4424.227	4425.362	1.0	1.0	1.0	1.0					
4429.506	6.050999999999476	trials	10.0	4431.440997	4433.042294	4433.824788	4434.035417	4429.859576999999	4433.312948	4434.407	4435.557	1.0	1.0	1.0	1.0					
4438.612	5.921999999999571	trials	10.0	4441.802619	4443.224007	4444.217688	4444.606562999999	4441.238644999999	4443.582754999999			1.0	2.0	0.0	3.0					
4446.49	13.856999999999971	trials	10.0	4456.130222	4457.6534249999995	4458.433838999999	4458.809111	4455.529181	4457.865911	4459.022	4460.347	1.0	1.0	1.0	1.0					
4462.472	7.710000000000036	trials	10.0	4466.34707	4467.563285	4468.412907	4468.664331	4465.629873	4467.882345	4469.037	4470.182	1.0	1.0	1.0	1.0					
4472.242	8.675000000000182	trials	10.0	4477.200634999999	4478.393362999999	4479.2377719999995	4479.4517909999995	4476.332202	4478.7505439999995	4479.777	4480.917	1.0	1.0	1.0	1.0					
4483.975	6.166999999999462	trials	10.0	4487.2156589999995	4488.985334	4489.74111	4490.231694	4486.610402	4489.241816			1.0	1.0	0.0	3.0					
4492.997	17.824999999999818	trials	10.0	4508.246082	4509.50748	4510.427202999999	4510.912944	4507.550181	4509.803017			1.0	2.0	0.0	3.0					
4513.662	26.724999999999454	trials	10.0	4536.5506239999995	4537.976805	4538.657837999999	4538.892156	4536.042641	4538.218618999999	4539.357	4540.387	1.0	1.0	1.0	1.0					
4544.463	5.699000000000524	trials	10.0	4546.135662	4547.887624	4548.528746	4548.818378	4544.964911	4548.047339	4549.192	4550.162	1.0	1.0	1.0	1.0					
4554.197	4.113999999999578	trials	10.0	4556.2766599999995	4557.587672	4558.27596	4558.711985	4554.646418	4557.80955			1.0	1.0	0.0	3.0					
4560.587	1110.3199999999997	BlockDesign														1.0	265.0	325.0	10.0	50.0
4560.587	16.66399999999976	trials	11.0	4574.191253	4576.184399	4576.87709	4577.300271	4573.372611	4576.422129			1.0	1.0	0.0	3.0					
4579.177	14.496000000000095	trials	11.0	4590.796109999999	4592.172697999999	4592.92905	4593.766222	4590.275847	4592.4323779999995			1.0	1.0	0.0	3.0					
4596.173	19.23400000000038	trials	11.0	4611.432981	4613.037353	4613.770205999999	4613.948886	4610.496440999999	4613.172267	4614.347	4615.407	1.0	2.0	1.0	1.0					
4617.427	8.576000000000022	trials	11.0	4622.847667999999	4624.904747	4625.633669999999	4626.044357999999	4621.890044	4625.076026			1.0	2.0	0.0	3.0					
4629.937	13.77599999999984	trials	11.0	4641.311589	4642.533402	4643.314613	4643.8047719999995	4640.627576999999	4642.762763			1.0	2.0	0.0	3.0					
4646.623	13.23700000000008	trials	11.0	4657.203278	4658.823404	4659.555606	4659.942755	4656.285609	4659.074627			1.0	1.0	0.0	3.0					
4661.822	17.734999999999673	trials	11.0	4677.171824999999	4678.557201	4679.238173	4679.647097	4676.311682	4678.760254999999			1.0	1.0	0.0	3.0					
4681.472	22.990999999999985	trials	11.0	4700.456711	4701.783399	4702.632836999999	4702.935464	4699.841402	4702.144584	4703.247	4704.463	1.0	1.0	1.0	1.0					
4707.602	6.4350000000004	trials	11.0	4709.598416	4711.549136	4712.280749	4712.533991	4709.0320249999995	4711.712098	4712.817	4714.037	1.0	2.0	1.0	1.0					
4717.057	5.682999999999993	trials	11.0	4720.598518999999	4721.663506999999	4722.449669	4722.82763	4719.763373	4721.870496			1.0	2.0	0.0	3.0					
4726.773	20.274999999999636	trials	11.0	4743.8171569999995	4745.854889	4746.5759769999995	4747.139743	4743.164492	4746.018239999999			1.0	1.0	0.0	3.0					
4749.762	25.835000000000036	trials	11.0	4772.812433	4774.565409	4775.203450999999	4775.686772	4772.136558	4774.760475			1.0	1.0	0.0	3.0					
4777.447	13.265999999999622	trials	11.0	4787.506572	4789.448585	4790.344752	4790.807682	4786.826411999999	4789.782601999999			1.0	2.0	0.0	3.0					
4794.602	15.636000000000422	trials	11.0	4807.197416	4809.2145709999995	4809.857626999999	4810.314437	4806.364979	4809.420942			1.0	1.0	0.0	3.0					
4813.197	17.404999999999745	trials	11.0	4826.237663	4828.166927	4829.022561	4829.211986	4825.564469999999	4828.434722999999	4829.697	4830.602	1.0	2.0	1.0	1.0					
4832.685	8.317999999999302	trials	11.0	4836.622416	4838.29364	4839.130485	4839.413431999999	4835.945427	4838.543883	4839.762	4841.003	1.0	2.0	1.0	1.0					
4843.088	7.6340000000000146	trials	11.0	4846.808477	4848.104834	4848.807365	4849.0650989999995	4846.027407	4848.253913	4849.378	4850.722	1.0	2.0	1.0	1.0					
4854.788	6.064000000000306	trials	11.0	4857.902612	4859.655666	4860.455651	4860.9439919999995	4857.368487	4859.858415			1.0	2.0	0.0	3.0					
4863.688	14.738999999999578	trials	11.0	4875.506746999999	4877.388545	4878.110418	4878.517696999999	4874.941613	4877.634787			1.0	1.0	0.0	3.0					
4882.342	21.235000000000582	trials	11.0	4899.893829	4901.049849	4901.775675	4902.02085	4899.269058	4901.246433	4902.367	4903.577	1.0	2.0	1.0	1.0					
4905.667	8.339999999999236	trials	11.0	4908.933918	4910.787393	4911.643085	4911.84612	4908.332343	4911.091058999999	4912.137	4914.007	1.0	2.0	1.0	1.0					
4918.133	6.764000000000124	trials	11.0	4920.684324	4922.3513809999995	4923.184391	4923.506082	4920.111857	4922.616383	4923.682	4924.897	1.0	2.0	1.0	1.0					
4928.979	4.45299999999952	trials	11.0	4930.952429999999	4932.360527	4933.094741	4933.523627	4930.2221309999995	4932.557459			1.0	2.0	0.0	3.0					
4935.387	19.350000000000364	trials	11.0	4950.426987	4952.321813	4953.203157	4953.370403999999	4949.482722	4952.5256039999995	4953.687	4954.737	1.0	2.0	1.0	1.0					
4956.777	9.484999999999673	trials	11.0	4963.752469999999	4965.080126999999	4965.815006	4966.355363	4962.971133	4965.315611999999			1.0	2.0	0.0	3.0					
4970.115	18.382000000000517	trials	11.0	4985.41605	4987.336004	4988.002076999999	4988.590550999999	4984.7672059999995	4987.519611			1.0	1.0	0.0	3.0					
4992.312	14.0	trials	11.0	5002.462283999999	5003.7398729999995	5004.574928	5004.891041999999	5001.949925999999	5004.039425999999	5005.338	5006.312	1.0	2.0	1.0	1.0					
5008.38	7.516999999999825	trials	11.0	5013.087654	5014.9095179999995	5015.580475999999	5015.991597	5012.4618869999995	5015.0831339999995			1.0	2.0	0.0	3.0					
5018.942	17.954999999999927	trials	11.0	5034.087594	5035.173102	5036.435417	5036.99133	5033.423742	5035.944896999999			1.0	1.0	0.0	3.0					
5038.732	22.015000000000327	trials	11.0	5057.983263	5059.770275	5060.464027999999	5060.803275	5057.124272999999	5059.932881			1.0	2.0	0.0	3.0					
5063.757	22.666000000000167	trials	11.0	5082.62789	5083.750782	5084.419115	5084.638598	5081.64791	5083.92614	5085.003	5086.423	1.0	1.0	1.0	1.0					
5088.439	7.51299999999992	trials	11.0	5092.627641	5094.4901279999995	5095.291206	5096.04267	5091.845421	5094.820185			1.0	1.0	0.0	3.0					
5099.588	11.985999999999876	trials	11.0	5108.478395	5110.461867	5111.259687	5111.649288	5107.4983489999995	5110.748648999999			1.0	1.0	0.0	3.0					
5114.562	10.105000000000473	trials	11.0	5122.184573	5123.465603	5124.209379	5124.760458	5121.315404	5123.64342			1.0	1.0	0.0	3.0					
5128.458	14.1200000000008	trials	11.0	5139.512789	5141.499542	5142.180661	5142.670886	5138.994473999999	5141.660994			1.0	2.0	0.0	3.0					
5146.477	20.715000000000146	trials	11.0	5164.0793699999995	5165.922553	5166.48903	5167.286173	5163.31191	5165.979567			1.0	1.0	0.0	3.0					
5169.792	15.08599999999933	trials	11.0	5181.318341	5182.966462			5180.428925	5182.952671999999			1.0		0.0	2.0					
5187.902	10.975999999999658	trials	11.0	5196.047913	5197.4379819999995	5198.1955609999995	5198.969115	5195.423403	5197.683809			1.0	1.0	0.0	3.0					
5201.487	20.26599999999962	trials	11.0	5218.217895	5220.018694	5220.777905999999	5221.022482	5217.676062	5220.213903			1.0	2.0	1.0	1.0					
5226.42	7.23700000000008	trials	11.0	5231.193498	5232.605727	5233.366914	5233.710486	5230.200612	5232.796575			1.0	2.0	0.0	3.0					
5237.732	8.807999999999993	trials	11.0	5244.173057	5245.255886	5246.237483999999	5246.632895999999	5243.5204969999995	5245.663451			1.0	1.0	0.0	3.0					
5249.503	13.739000000000487	trials	11.0	5259.109238999999	5260.799019	5261.635022	5261.825097	5258.381227	5261.096619	5262.237	5263.242	1.0	2.0	1.0	1.0					
5266.262	43.1850000000004	trials	11.0	5306.57409	5308.3089469999995	5309.123522	5309.459048999999	5305.6365829999995	5308.561419			1.0	2.0	0.0	3.0					
5311.417	12.639999999999418	trials	11.0	5321.113728	5322.901973	5323.6941	5324.105228	5320.3944759999995	5323.075784999999			1.0	1.0	0.0	3.0					
5326.023	12.759000000000015	trials	11.0	5334.878666	5336.381466	5337.157851	5337.363432	5334.045984	5336.603567	5337.673	5338.782	1.0	2.0	1.0	1.0					
5341.852	6.385000000000218	trials	11.0	5345.274216	5346.977091	5347.9434949999995	5348.321442	5344.516814	5347.421714			1.0	1.0	0.0	3.0					
5351.237	10.810999999999694	trials	11.0	5357.583927	5359.026168	5359.8383029999995	5360.075235	5356.639143	5359.281605	5360.437	5362.048	1.0	2.0	1.0	1.0					
5365.131	8.346999999999753	trials	11.0	5369.749371	5371.016813	5371.771661999999	5372.0166659999995	5368.801625	5371.219013	5372.338	5373.478	1.0	2.0	1.0	1.0					
5377.562	10.795000000000073	trials	11.0	5384.588750999999	5385.875838	5386.719977999999	5386.994322	5383.967418	5386.191392	5387.447	5388.357	1.0	2.0	1.0	1.0					
5392.378	9.206000000000131	trials	11.0	5398.5790799999995	5400.456442999999	5401.205153999999	5401.675996	5398.070782999999	5400.670802			1.0	2.0	0.0	3.0					
5404.555	20.17199999999957	trials	11.0	5420.633958	5422.341071999999	5423.037906	5423.209584	5419.67475	5422.51188	5423.557	5424.727	1.0	2.0	1.0	1.0					
5428.771	5.936000000000604	trials	11.0	5431.199441999999	5432.255811999999	5433.014367	5433.231032	5430.45096	5432.468814	5433.602	5434.707	1.0	2.0	1.0	1.0					
5437.827	9.11999999999989	trials	11.0	5442.548913999999	5444.437163	5445.241211	5445.527717999999	5441.87876	5444.703998999999	5445.957	5446.947	1.0	2.0	1.0	1.0					
5450.977	4.6599999999998545	trials	11.0	5453.388806999999	5454.560939	5455.331985	5455.720692	5452.392179	5454.783857			1.0	2.0	0.0	3.0					
5457.572	20.779999999999745	trials	11.0	5476.200342	5477.296367999999	5478.058255	5478.415956	5475.653899	5477.509128			1.0	2.0	0.0	3.0					
5482.352	24.784999999999854	trials	11.0	5503.888873	5505.153219			5503.153485	5505.142931			1.0		0.0	2.0					
5509.152	16.041000000000167	trials	11.0	5522.426543	5524.267344	5524.925126	5525.263782	5521.600403	5524.435776			1.0	1.0	0.0	3.0					
5529.22	14.351999999999862	trials	11.0	5540.366903	5541.6570329999995			5539.595786	5541.652631999999			1.0		0.0	2.0					
5547.582	80.52999999999975	trials	11.0	5624.405014	5626.121652			5623.471883	5626.117217999999			1.0		0.0	2.0					
5630.133	18.85400000000027	trials	11.0	5646.660581	5648.011333	5648.769138	5649.074549999999	5645.81074	5648.255627			1.0	2.0	0.0	3.0					
5652.057	18.850000000000364	trials	11.0	5668.226591999999	5670.212007			5667.3404279999995	5670.428282999999			1.0	2.0	0.0	3.0					
5673.307	329.2449999999999	BlockDesign														1.0	326.0	345.0	50.0	0.0
5673.307	22.9350000000004	trials	12.0	5692.2003349999995	5694.147621	5694.770493	5694.916875	5691.323549999999	5694.337833	5695.292	5696.242	2.0	1.0	1.0	1.0					
5699.322	7.404999999999745	trials	12.0	5702.896494	5704.4383689999995	5705.157902999999	5705.353947	5701.922129	5704.656875999999	5705.669	5706.727	2.0	1.0	1.0	1.0					
5708.834	7.13799999999992	trials	12.0	5713.410513	5714.832159	5715.594155999999	5716.013061	5712.599534	5715.097941			2.0	1.0	0.0	3.0					
5719.963	22.449000000000524	trials	12.0	5739.655328999999	5741.197099999999	5741.913669	5742.506804	5738.8647359999995	5741.408421			2.0	2.0	0.0	3.0					
5744.163	22.699000000000524	trials	12.0	5764.476917	5765.684447	5766.435904	5766.959156999999	5763.766793999999	5765.952676			2.0	1.0	0.0	3.0					
5768.736	20.52599999999984	trials	12.0	5787.135252	5788.188706	5788.885329	5789.359596	5786.192590999999	5788.401922999999			2.0	1.0	0.0	3.0					
5793.148	8.738999999999578	trials	12.0	5799.340721	5800.561643999999	5801.223169	5801.9841	5798.33691	5800.635273			2.0	2.0	0.0	3.0					
5804.508	15.128999999999905	trials	12.0	5815.880886	5817.251349	5818.035957	5818.329538	5814.8965499999995	5817.49104	5818.702	5819.637	2.0	1.0	1.0	1.0					
5821.652	9.725999999999658	trials	12.0	5826.880343999999	5828.982733999999	5829.639873	5829.814811	5826.1657589999995	5829.201965	5830.262	5831.378	2.0	1.0	1.0	1.0					
5835.432	5.600000000000364	trials	12.0	5837.102471	5838.5569909999995	5839.274125	5839.486784	5835.7859499999995	5838.815698	5839.838	5841.032	2.0	1.0	1.0	1.0					
5844.128	5.894000000000233	trials	12.0	5847.11688	5848.867568	5849.658896	5850.116558	5846.303688	5849.149504999999			2.0	1.0	0.0	3.0					
5851.947	15.385999999999513	trials	12.0	5864.522375	5865.923264999999	5866.953664999999	5867.197118	5863.683966	5866.443138			2.0	1.0	0.0	3.0					
5870.273	18.804000000000087	trials	12.0	5886.015953	5887.383126	5888.650458	5889.172838	5885.234033999999	5888.1775529999995			2.0	1.0	0.0	3.0					
5890.88	19.17699999999968	trials	12.0	5907.591399	5908.943702	5909.746706	5910.1160899999995	5907.080081	5909.221664			2.0	1.0	0.0	3.0					
5914.048	15.914999999999964	trials	12.0	5925.630896	5927.604191	5928.364077	5928.614250999999	5925.055942	5927.840281999999	5928.911	5929.963	2.0	1.0	1.0	1.0					
5931.982	8.8100000000004	trials	12.0	5936.3910209999995	5938.338272	5939.061846	5939.290816999999	5935.636721999999	5938.571372	5939.647	5940.792	2.0	1.0	1.0	1.0					
5944.849	5.627999999999702	trials	12.0	5946.7724579999995	5947.854896999999	5948.573334	5948.742673999999	5945.560756999999	5948.0860139999995	5948.987	5950.477	2.0	1.0	1.0	1.0					
5952.521	7.126000000000204	trials	12.0	5956.612032999999	5958.373353	5959.163864	5959.743315	5956.06845	5958.643302			2.0	1.0	0.0	3.0					
5961.449	19.066000000000713	trials	12.0	5977.671327	5979.354411	5980.209969	5980.606893	5977.066725	5979.587297			2.0	2.0	0.0	3.0					
5983.444	19.107999999999265	trials	12.0	5998.187818	6000.043009999999	6000.78285	6001.080631999999	5997.332195	6000.257705	6001.572	6002.552	2.0	1.0	1.0	1.0					
6006.597	411.326	BlockDesign														1.0	346.0	365.0	0.0	50.0
6006.597	5.2520000000004075	trials	13.0	6009.272799	6010.765786	6011.518797	6011.931354	6008.411212999999	6010.96382			3.0	2.0	0.0	3.0					
6014.918	19.53900000000067	trials	13.0	6029.532063	6031.1832859999995	6032.007399	6032.310921	6028.968884	6031.4321549999995	6032.677	6034.457	3.0	2.0	1.0	1.0					
6036.557	10.034999999999854	trials	13.0	6042.648123	6044.09134	6044.8719869999995	6045.08121	6042.073541	6044.280086999999	6045.412	6046.592	3.0	2.0	1.0	1.0					
6048.732	40.80500000000029	trials	13.0	6086.4918529999995	6088.431279	6089.303427	6089.57912	6085.814504	6088.755626			3.0	2.0	0.0	3.0					
6091.617	16.50500000000011	trials	13.0	6103.786853	6105.8288139999995	6106.560298	6106.769157	6103.095372	6106.019081	6107.222	6108.122	3.0	2.0	1.0	1.0					
6110.143	7.269000000000233	trials	13.0	6114.692202	6116.244978	6117.032609	6117.510953999999	6113.702406	6116.481847999999			3.0	2.0	0.0	3.0					
6120.403	19.588999999999942	trials	13.0	6137.491643	6138.8655690000005	6139.598151	6140.068971	6136.513271	6139.050375			3.0	2.0	0.0	3.0					
6143.993	17.523999999999432	trials	13.0	6157.3880580000005	6158.623968	6159.387053	6159.815635	6156.466677	6158.848731	6160.128	6161.517	3.0	2.0	1.0	1.0					
6163.682	10.530999999999949	trials	13.0	6170.311517	6171.553376	6172.497753	6172.729948	6169.496202	6171.945864	6173.109	6174.213	3.0	2.0	1.0	1.0					
6177.232	35.48999999999978	trials	13.0	6209.878521000001	6211.084975	6212.340033	6212.799362	6209.01343	6211.357219			3.0	2.0	0.0	3.0					
6214.648	16.274999999999636	trials	13.0	6228.057069	6229.737096	6230.684499	6230.997222	6227.445476	6230.165277			3.0	2.0	0.0	3.0					
6235.003	17.444000000000415	trials	13.0	6248.312097	6249.718641	6250.758269	6250.983812	6247.477049	6250.210289000001	6251.347	6252.447	3.0	2.0	1.0	1.0					
6254.542	9.21099999999933	trials	13.0	6261.083306	6262.158674	6263.511032	6263.72782	6260.300561	6262.624421			3.0	2.0	0.0	3.0					
6265.773	14.328999999999724	trials	13.0	6275.6216030000005	6277.477921	6278.396756	6278.562837	6274.852656	6277.879011	6279.092	6280.102	3.0	2.0	1.0	1.0					
6283.213	26.66899999999987	trials	13.0	6307.102251	6308.203659	6309.338966	6309.961879	6306.106575	6308.859639			3.0	2.0	0.0	3.0					
6313.602	11.36999999999989	trials	13.0	6320.467322	6321.714379	6322.957859	6323.218896	6319.658644	6322.445303	6323.673	6324.972	3.0	2.0	1.0	1.0					
6328.792	7.338999999999942	trials	13.0	6332.307548	6333.398204	6334.1862	6334.4241440000005	6331.614006	6333.648687	6334.802	6336.131	3.0	2.0	1.0	1.0					
6339.261	43.08499999999913	trials	13.0	6379.357556	6381.292052	6382.021509	6382.347446	6378.612819	6381.504182000001			3.0	2.0	0.0	3.0					
6384.347	17.0600000000004	trials	13.0	6398.162103000001	6400.16371	6401.014977	6401.444088	6397.456622	6400.471874			3.0	1.0	0.0	3.0					
6403.352	14.570999999999913	trials	13.0	6413.6524500000005	6414.746926	6415.593808	6415.837406000001	6412.940802	6415.0746	6416.232	6417.923	3.0	2.0	1.0	1.0					
6422.166	839.1859999999997	BlockDesign														1.0	366.0	407.0	50.0	50.0
6422.166	19.77099999999973	trials	14.0	6438.307863	6439.546795	6440.218611	6440.566551	6437.383358	6439.72113	6440.942	6441.937	3.0	2.0	1.0	1.0					
6444.074	32.93299999999999	trials	14.0	6473.452317	6475.399655	6475.981712	6476.130023	6472.613866	6475.458042			3.0	2.0	1.0	1.0					
6481.463	14.963999999999942	trials	14.0	6493.442658	6495.149367	6496.092108	6496.5022770000005	6492.556893	6495.557676			2.0	1.0	0.0	3.0					
6499.432	10.770000000000437	trials	14.0	6507.973059	6509.038494	6509.847761	6510.281474	6507.170097	6509.296022			3.0	2.0	0.0	3.0					
6512.227	26.368000000000393	trials	14.0	6536.1226400000005	6537.659858	6538.271234	6538.607178	6535.127466	6537.8186160000005			2.0	1.0	0.0	3.0					
6540.597	14.1850000000004	trials	14.0	6550.879551	6552.034179	6553.177416	6553.325763	6549.912644	6552.6695930000005	6553.762	6554.782	2.0	1.0	1.0	1.0					
6557.932	9.289999999999964	trials	14.0	6563.019995000001	6565.295087			6562.2097650000005	6565.284234			2.0		0.0	2.0					
6570.277	16.824999999999818	trials	14.0	6584.069343	6586.00799	6586.790991	6587.181117	6583.09808	6586.247861			3.0	2.0	0.0	3.0					
6589.042	20.05499999999938	trials	14.0	6606.56345	6607.6752	6608.731541	6609.176507	6605.581962	6608.236677			2.0	1.0	0.0	3.0					
6612.066	20.110999999999876	trials	14.0	6628.348538	6629.519355	6630.21552	6630.421794	6627.60713	6629.702097	6630.937	6632.177	3.0	2.0	1.0	1.0					
6636.255	11.10400000000027	trials	14.0	6644.813736	6646.211168	6647.00843	6647.422455	6643.902543	6646.4631150000005			2.0	2.0	0.0	3.0					
6650.342	33.23500000000058	trials	14.0	6680.4034790000005	6682.240107	6682.970294	6683.404638	6679.752882	6682.448964			3.0	2.0	0.0	3.0					
6685.258	21.34900000000016	trials	14.0	6703.823672	6705.657441	6706.345989	6706.683875	6703.1066280000005	6705.790304			3.0	2.0	0.0	3.0					
6709.597	20.865999999999985	trials	14.0	6726.448345	6727.738523	6728.609487	6728.934689	6725.810472	6728.092968	6729.387	6730.463	2.0	1.0	1.0	1.0					
6732.479	8.782999999999447	trials	14.0	6738.339126	6739.431062	6740.2170590000005	6740.39321	6737.383161	6739.655736			3.0	2.0	1.0	1.0					
6745.733	13.1899999999996	trials	14.0	6754.513808	6756.33135	6757.1551070000005	6757.325129	6753.757392	6756.564261	6757.852	6758.923	2.0	1.0	1.0	1.0					
6761.987	7.774999999999636	trials	14.0	6767.094311	6768.77594	6769.462733	6769.684229	6766.1598030000005	6768.924526			3.0	2.0	0.0	3.0					
6772.838	21.932999999999993	trials	14.0	6792.354947	6793.375306	6794.47113	6794.8205450000005	6791.474468	6793.910307			2.0	1.0	0.0	3.0					
6797.803	21.963999999999942	trials	14.0	6817.179468	6818.616765	6819.355214	6819.847331	6816.5564030000005	6818.853102			2.0	1.0	0.0	3.0					
6821.712	14.394999999999527	trials	14.0	6832.409052	6833.582277	6834.347184	6834.666595000001	6831.901929	6833.796918	6835.022	6836.107	3.0	2.0	1.0	1.0					
6838.127	8.949999999999818	trials	14.0	6843.179192	6844.394527	6845.328591	6845.585882	6842.658773	6844.767519	6846.048	6847.077	2.0	1.0	1.0	1.0					
6851.167	8.304999999999382	trials	14.0	6855.35412	6856.515689	6857.796038	6857.997896	6854.513355	6857.267814	6858.332	6859.472	2.0	1.0	1.0	1.0					
6861.492	12.354999999999563	trials	14.0	6870.815436	6872.047556	6872.791911	6873.110002	6870.288824	6872.244465			3.0	2.0	1.0	1.0					
6878.357	18.534999999999854	trials	14.0	6894.304469000001	6895.753973	6896.487745	6896.97119	6893.73843	6895.981137			3.0	2.0	0.0	3.0					
6898.798	15.689000000000306	trials	14.0	6911.564424	6913.454601	6914.239391	6914.5367830000005	6910.998702	6913.685084			3.0	2.0	0.0	3.0					
6916.497	18.83599999999933	trials	14.0	6932.074071	6934.040723	6935.01318	6935.382243	6931.428282	6934.526178			2.0	1.0	0.0	3.0					
6939.263	15.679000000000087	trials	14.0	6951.559776	6953.151702	6953.891222	6954.140021	6950.634303	6953.35179			3.0	2.0	1.0	1.0					
6958.463	9.057999999999993	trials	14.0	6965.425136	6966.481579	6967.233113	6967.557940000001	6964.524344	6966.721222			2.0	1.0	0.0	3.0					
6970.542	15.894999999999527	trials	14.0	6983.514749	6985.4167800000005	6986.150106	6986.506023	6982.933756	6985.6161			2.0	2.0	0.0	3.0					
6988.447	19.38000000000011	trials	14.0	7005.369798	7006.649868	7007.375478	7007.905085	7004.824464	7006.867179			3.0	2.0	0.0	3.0					
7011.7	16.007000000000517	trials	14.0	7023.324957	7024.686602	7025.478266	7025.69982	7022.439924	7024.922601	7026.142	7027.707	3.0	2.0	1.0	1.0					
7030.727	16.68000000000029	trials	14.0	7042.769853	7044.229446	7045.334196	7045.719716	7042.179675	7044.780177000001	7045.892	7047.407	2.0	1.0	1.0	1.0					
7050.556	6.356000000000677	trials	14.0	7054.180375	7055.842535	7056.610679	7056.970511	7053.360479	7056.057302			3.0	2.0	0.0	3.0					
7058.988	17.873999999999796	trials	14.0	7073.825015	7075.633016	7076.472726	7076.939826	7073.218029	7075.992284			2.0	1.0	0.0	3.0					
7080.787	24.300999999999476	trials	14.0	7100.756462	7102.174328	7103.15982	7103.359272	7100.004363	7102.586427	7103.792	7105.088	2.0	1.0	1.0	1.0					
7107.17	8.627999999999702	trials	14.0	7112.470623	7114.83288	7115.557964	7115.769881	7111.716606	7115.02839			2.0	1.0	0.0	3.0					
7119.807	18.539999999999964	trials	14.0	7133.72066	7135.364046000001	7136.171438	7136.414141	7132.744937	7135.6382810000005	7136.942	7138.347	3.0	2.0	1.0	1.0					
7140.427	10.25800000000072	trials	14.0	7148.336646	7149.468576	7150.2939590000005	7150.764792	7147.618095	7149.694769			3.0	2.0	0.0	3.0					
7153.652	61.17500000000018	trials	14.0	7210.425897	7212.0332020000005	7212.803592	7212.989373	7209.589089	7212.259422	7213.311	7214.827	3.0	2.0	1.0	1.0					
7217.908	9.903999999999542	trials	14.0	7223.575418	7224.934323	7225.951865	7226.164533	7223.032757	7225.151982	7226.562	7227.812	2.0	1.0	1.0	1.0					
7231.862	5.925000000000182	trials	14.0	7235.000289	7236.167078	7237.3857800000005	7237.867434	7234.388112000001	7236.419787			3.0	2.0	0.0	3.0					
7240.715	20.636999999999716	trials	14.0	7257.50745	7258.652559	7259.638068	7259.935212	7257.005946	7259.006462	7260.232	7261.352	2.0	1.0	1.0	1.0					
7265.439	89.1889999999994	BlockDesign														1.0	408.0	412.0	0.0	0.0
7265.439	4.393000000000029	trials	15.0	7267.2708	7268.567924	7269.483554	7269.910623	7266.622292	7268.858132			2.0	1.0	0.0	3.0					
7272.798	17.786000000000058	trials	15.0	7288.0805390000005	7289.27942	7290.263081	7290.655125	7287.291288	7289.667008			2.0	1.0	0.0	3.0					
7293.588	31.399000000000342	trials	15.0	7322.011359	7323.930687	7324.733945	7325.054097	7321.277058	7324.1348880000005			2.0	2.0	0.0	3.0					
7327.992	9.38000000000011	trials	15.0	7334.271312	7336.2024949999995	7336.994625	7337.4542519999995	7333.287618	7336.442585			2.0	1.0	0.0	3.0					
7340.327	14.300999999999476	trials	15.0	7351.531115	7353.26058	7354.357344	7354.711414	7350.939819	7353.84557			2.0	1.0	0.0	3.0					
7358.758	124.50900000000001	BlockDesign														1.0	413.0	418.0	0.0	0.0
7358.758	21.054000000000087	trials	16.0	7377.021243	7378.509791	7379.344899	7379.892798	7376.305856	7378.763942			3.0	2.0	0.0	3.0					
7382.667	19.80499999999938	trials	16.0	7399.771659	7400.973573	7402.027373	7402.551486	7399.201566	7401.4682			3.0	2.0	0.0	3.0					
7405.367	20.180999999999585	trials	16.0	7422.376257	7423.623177	7424.415344	7424.436972	7421.597352	7423.620374			3.0		0.0	2.0					
7429.693	10.608999999999469	trials	16.0	7437.286092	7439.0028839999995	7439.875961	7440.370092	7436.654097000001	7439.337074			3.0	2.0	0.0	3.0					
7444.182	15.115999999999985	trials	16.0	7456.726773	7457.89403	7458.785477	7459.37947	7456.085112000001	7458.287792			3.0	2.0	0.0	3.0					
7463.072	20.19499999999971	trials	16.0	7480.561901	7482.461769			7479.63714	7482.786618			3.0	2.0	0.0	3.0					
7485.712	836.3199999999988	BlockDesign														1.0	419.0	460.0	50.0	50.0
7485.712	22.574999999999818	trials	17.0	7504.28174	7505.438694	7506.204782	7506.41675	7503.444779	7505.692667	7506.878	7508.287	3.0	2.0	1.0	1.0					
7512.352	12.055000000000291	trials	17.0	7520.017274	7521.750893	7522.705718	7522.914351	7519.096463	7521.990083000001	7523.352	7524.407	2.0	1.0	1.0	1.0					
7527.424	8.38299999999981	trials	17.0	7533.596946	7534.693142	7535.529176	7535.8907340000005	7532.789091000001	7534.988021			2.0	1.0	0.0	3.0					
7538.798	15.10400000000027	trials	17.0	7550.012397	7551.124028	7551.980849	7552.260093	7549.241304	7551.430854	7552.628	7553.902	3.0	2.0	1.0	1.0					
7557.987	16.49499999999989	trials	17.0	7571.338745	7573.384259	7574.088377	7574.545472	7570.401366	7573.548437			3.0	2.0	0.0	3.0					
7577.487	17.975999999999658	trials	17.0	7591.023969	7592.889173	7593.720221	7593.905151	7590.108491	7593.1179	7594.242	7595.463	2.0	1.0	1.0	1.0					
7597.547	7.6850000000004	trials	17.0	7602.622028	7604.139707	7604.858477	7605.316494000001	7601.914289	7604.357922			3.0	2.0	0.0	3.0					
7607.114	17.738000000000284	trials	17.0	7622.112105	7623.75359	7624.581092	7624.934321000001	7621.3552230000005	7624.056384			2.0	1.0	0.0	3.0					
7627.838	22.694000000000415	trials	17.0	7646.040752	7647.3826850000005	7648.798639000001	7649.1243620000005	7645.469974	7648.303214	7649.482	7650.532	2.0	1.0	1.0	1.0					
7654.552	5.826000000000022	trials	17.0	7656.792045	7657.889408	7658.646002	7658.908761000001	7656.097883	7658.143388	7659.267	7660.378	3.0	2.0	1.0	1.0					
7662.427	13.015000000000327	trials	17.0	7670.92404	7672.803113	7673.530661	7673.81382	7670.253489000001	7673.035511	7674.192	7675.442	2.0	1.0	1.0	1.0					
7677.523	7.354999999999563	trials	17.0	7682.557635	7683.630065	7684.4750810000005	7684.958544	7681.667282	7683.986291			2.0	1.0	0.0	3.0					
7686.802	20.96900000000005	trials	17.0	7704.847809	7706.664024	7707.46028	7707.855974	7703.920712	7706.903003			3.0	2.0	0.0	3.0					
7710.699	33.78300000000036	trials	17.0	7741.707416	7743.329984	7744.093115	7744.564748	7740.778593	7743.543504			3.0	2.0	0.0	3.0					
7748.412	52.175999999999476	trials	17.0	7796.689059	7798.22841	7798.781427	7799.001185	7795.810881	7798.281963	7799.383	7800.588	3.0	2.0	1.0	1.0					
7803.669	9.042000000000371	trials	17.0	7809.872394	7811.426343	7812.312576	7812.726744	7809.035888	7811.819408			2.0	1.0	0.0	3.0					
7816.662	30.125	trials	17.0	7842.938076	7844.404503	7845.145622	7845.362664	7842.101685	7844.678357	7845.947	7846.787	3.0	2.0	1.0	1.0					
7849.858	19.85899999999947	trials	17.0	7867.098699	7868.646216	7869.286034000001	7869.800225	7866.119097	7868.818818			3.0	2.0	0.0	3.0					
7871.602	16.5	trials	17.0	7884.582684	7886.350281	7887.064518	7887.199025	7883.635712	7886.551713			3.0	2.0	1.0	1.0					
7892.562	13.971999999999753	trials	17.0	7903.697925	7905.485633	7906.183091	7906.613199	7903.056923	7905.720122000001			2.0	1.0	0.0	3.0					
7909.463	10.085000000000036	trials	17.0	7916.733542	7918.260093	7919.261357	7919.58054	7915.797659	7918.7676950000005			2.0	1.0	0.0	3.0					
7921.617	15.109999999999673	trials	17.0	7933.578378	7934.721026	7935.231066	7935.473487	7932.845915	7934.713316			3.0		0.0	2.0					
7938.797	11.853000000000065	trials	17.0	7947.733379	7949.406743	7950.28323	7950.732398	7946.83659	7949.764395			2.0	2.0	0.0	3.0					
7953.648	20.48399999999947	trials	17.0	7969.998054	7971.33233	7972.3114669999995	7972.587174	7969.167746	7971.820119	7972.972	7974.132	2.0	1.0	1.0	1.0					
7978.183	6.689000000000306	trials	17.0	7980.898637	7982.253132	7983.078933	7983.346023	7980.270563	7982.574939	7983.702	7984.872	2.0	1.0	1.0	1.0					
7987.932	11.195999999999913	trials	17.0	7994.943891	7996.380008	7997.113518	7997.540291	7994.096742	7996.590141000001	7997.807	7999.128	3.0	2.0	1.0	1.0					
8001.144	8.108999999999469	trials	17.0	8006.4741109999995	8008.187135	8008.902558	8009.335673	8005.568681000001	8008.381995			2.0	2.0	0.0	3.0					
8012.257	17.610000000000582	trials	17.0	8027.50349	8028.530369	8029.44366	8029.94919	8026.924908	8028.969413			3.0	2.0	0.0	3.0					
8032.777	16.515000000000327	trials	17.0	8046.414384	8048.220042	8048.96802	8049.374705	8045.625504	8048.445539			3.0	2.0	0.0	3.0					
8051.319	23.732999999999265	trials	17.0	8072.369621	8074.081724	8074.722276	8075.136443	8071.64085	8074.258401			2.0	1.0	0.0	3.0					
8076.967	31.33300000000054	trials	17.0	8104.029311	8105.60596	8106.3256710000005	8106.576725	8103.053915	8105.774904	8106.898	8108.3	3.0	2.0	1.0	1.0					
8112.382	5.920000000000073	trials	17.0	8115.559443	8117.279409	8118.011456	8118.3291150000005	8115.053154	8117.511681			2.0	1.0	0.0	3.0					
8122.352	12.50500000000011	trials	17.0	8130.885413	8132.065860000001	8133.016692	8133.269856	8129.943287	8132.529336	8133.817	8134.857	2.0	1.0	1.0	1.0					
8137.947	9.36999999999989	trials	17.0	8142.918741	8144.850624000001	8145.639204	8145.873801	8141.915848000001	8145.075753	8146.437	8147.317	3.0	2.0	1.0	1.0					
8149.382	12.206000000000131	trials	17.0	8158.764566	8160.565992	8161.356074	8161.654902	8157.88028	8160.836411			2.0	2.0	0.0	3.0					
8163.664	34.363000000000284	trials	17.0	8195.469537	8196.846572	8197.561137	8198.110536	8194.461677	8197.087179			2.0	1.0	0.0	3.0					
8200.932	22.840000000000146	trials	17.0	8220.725075	8222.613446	8223.348502	8223.858608	8220.155747	8222.82438			3.0	2.0	0.0	3.0					
8226.657	25.960000000000946	trials	17.0	8249.124378	8250.255676	8251.028022	8251.251135	8248.21671	8250.492885	8251.628	8252.617	3.0	2.0	1.0	1.0					
8256.637	18.490999999999985	trials	17.0	8272.65948	8274.086951000001	8274.771737	8275.215284	8271.711036	8274.298526			3.0	2.0	0.0	3.0					
8277.137	14.599999999998545	trials	17.0	8287.515047	8289.342161	8289.994374	8290.263188	8286.951233	8289.513991	8290.617	8291.737	2.0	1.0	1.0	1.0					
8293.817	9.552000000001499	trials	17.0	8300.494643	8302.336117	8303.049341	8303.455292999999	8299.964256	8302.578246000001			2.0	1.0	0.0	3.0					
8305.292	16.73999999999978	trials	17.0	8319.349932000001	8321.138032	8322.023334	8322.426258	8318.640477	8321.404185			3.0	2.0	0.0	3.0					
8325.334	371.01800000000003	BlockDesign														1.0	461.0	484.0	90.0	50.0
8325.334	24.70299999999952	trials	18.0	8345.67621	8347.273863	8348.089278	8348.243936	8344.72701	8347.590966	8350.027	8350.037	1.0	2.0	1.0	1.0					
8351.648	13.355000000001382	trials	18.0	8361.245059	8362.618124	8363.255756999999	8363.503195000001	8360.244456	8362.794615	8363.882	8365.003	1.0	2.0	1.0	1.0					
8367.084	8.95299999999952	trials	18.0	8372.490058	8374.591854	8375.477555	8376.12401	8371.561746	8374.965036			1.0	2.0	0.0	3.0					
8377.723	26.35399999999936	trials	18.0	8399.919872	8401.458329000001	8402.340263	8402.509208	8399.19237	8401.85654	8402.932	8404.077	1.0	2.0	1.0	1.0					
8408.153	7.619000000000597	trials	18.0	8411.745179	8413.366588	8414.104817	8414.305685	8410.763936	8413.591665	8414.628	8415.772	1.0	2.0	1.0	1.0					
8419.787	10.264999999999418	trials	18.0	8426.940614	8428.561977000001	8429.662161	8430.138743	8426.366604	8429.152505			1.0	2.0	0.0	3.0					
8432.953	30.80199999999968	trials	18.0	8461.455432	8462.558	8463.434196	8463.841943	8460.519683	8462.958732			1.0	2.0	0.0	3.0					
8467.742	28.69499999999971	trials	18.0	8492.130124	8493.991533	8494.835153	8495.044698	8491.246828	8494.303948	8495.442	8496.437	1.0	1.0	1.0	1.0					
8498.463	9.564000000000306	trials	18.0	8503.880261	8505.747551	8506.404407	8506.614747	8502.879361	8505.908915	8506.952	8508.027	1.0	1.0	1.0	1.0					
8511.052	7.335000000000946	trials	18.0	8514.051944	8516.029929	8516.667932	8516.907627	8513.318852	8516.207507	8517.182	8518.387	1.0	1.0	1.0	1.0					
8522.475	8.002999999998792	trials	18.0	8526.45033	8527.487501	8528.545123	8528.898735	8525.60781	8528.082627	8529.137	8530.478	1.0	1.0	1.0	1.0					
8532.542	7.6710000000002765	trials	18.0	8537.575454	8538.90263	8539.79514	8540.295773	8536.865354	8539.284423000001			1.0	1.0	0.0	3.0					
8542.102	21.6299999999992	trials	18.0	8559.540894	8561.359593000001	8562.087843000001	8562.304781	8558.812959	8561.597828	8562.682	8563.732	1.0	1.0	1.0	1.0					
8567.753	6.959999999999127	trials	18.0	8570.651078	8572.526124	8573.169088999999	8573.333369	8569.73951	8572.710278999999	8573.787	8574.713	1.0	1.0	1.0	1.0					
8577.757	8.390000000001237	trials	18.0	8581.660652	8583.488852	8584.15129	8584.607882	8580.949765000001	8583.695038	8584.732	8586.147	1.0	1.0	1.0	1.0					
8588.167	12.399999999999636	trials	18.0	8596.621067	8598.083399	8598.909515	8599.13565	8595.917445	8598.388535	8599.492	8600.567	1.0	1.0	1.0	1.0					
8604.588	6.309000000001106	trials	18.0	8606.74124	8608.502313	8609.219217	8609.412231	8606.196873	8608.735917	8609.798	8610.897	1.0	1.0	1.0	1.0					
8614.985	7.451999999999316	trials	18.0	8618.241408	8620.058168	8620.897595	8621.025077	8617.655512000001	8620.310747	8621.412	8622.437	1.0	1.0	1.0	1.0					
8624.523	10.009000000000015	trials	18.0	8630.131062	8631.788423	8632.662362	8633.055633	8629.599521	8632.126682	8633.312	8634.532	1.0	1.0	1.0	1.0					
8638.584	7.912999999998647	trials	18.0	8642.505669	8643.873526	8644.753019	8644.932846	8641.707374	8644.265587	8645.382	8646.497	1.0	1.0	1.0	1.0					
8650.557	11.484999999998763	trials	18.0	8657.951157	8659.569699	8660.27613	8660.571216	8656.959931000001	8659.817231	8660.872	8662.042	1.0	1.0	1.0	1.0					
8664.133	9.9950000000008	trials	18.0	8670.041197999999	8671.138472999999	8672.373961000001	8672.628351	8669.429546	8671.807856	8673.067	8674.128	1.0	2.0	1.0	1.0					
8676.207	9.555000000000291	trials	18.0	8681.312076	8683.30466	8683.957689	8684.252144	8680.621271	8683.549739	8684.542	8685.762	1.0	1.0	1.0	1.0					
8689.782	6.570000000001528	trials	18.0	8691.968024	8693.589079000001	8694.43216	8694.819972000001	8691.295030000001	8693.914700000001	8695.017	8696.352	1.0	1.0	1.0	1.0					
8699.482	321.90500000000065	BlockDesign														1.0	485.0	505.0	50.0	90.0
8699.482	8.786000000000058	trials	19.0	8703.991607	8705.291899	8706.341511	8706.560737	8703.311447	8705.825188	8706.987	8708.268	1.0	1.0	1.0	1.0					
8710.307	12.449999999998909	trials	19.0	8718.468282	8720.18513	8720.990315	8721.179546	8717.493434	8720.39904	8721.677	8722.757	1.0	2.0	1.0	1.0					
8725.846	13.34100000000035	trials	19.0	8735.191848	8736.429786	8737.259138	8737.498028	8734.35554	8736.680458	8738.017	8739.187	1.0	2.0	1.0	1.0					
8741.277	12.52100000000064	trials	19.0	8749.706268	8751.100572	8752.127187	8752.351062	8748.937958	8751.332493	8752.713	8753.798	1.0	2.0	1.0	1.0					
8756.857	12.639999999999418	trials	19.0	8765.071596	8766.378238000001	8767.173305	8767.436982	8764.165606999999	8766.576358	8767.852	8769.497	1.0	2.0	1.0	1.0					
8773.517	10.840000000000146	trials	19.0	8779.536843	8781.318399	8782.243181	8782.483594000001	8778.844252	8781.676722	8782.838	8784.357	1.0	2.0	1.0	1.0					
8787.449	9.388999999999214	trials	19.0	8793.1617	8794.188741	8795.046162	8795.311158	8792.190494	8794.465913	8795.682	8796.838	1.0	2.0	1.0	1.0					
8799.923	9.093999999999141	trials	19.0	8805.746748	8807.810085000001	8808.60355	8809.102104	8805.061864	8808.078643			1.0	2.0	0.0	3.0					
8810.852	17.485999999998967	trials	19.0	8824.241997000001	8825.399438	8826.603599	8826.854919	8823.515942	8826.049938	8827.437	8828.338	1.0	2.0	1.0	1.0					
8832.442	8.580000000001746	trials	19.0	8837.116639	8838.365528	8839.249499	8839.522643	8836.369131	8838.736574999999	8840.012	8841.022	1.0	1.0	1.0	1.0					
8844.088	7.494000000000597	trials	19.0	8849.067434	8850.439051000001	8851.124876	8851.670664000001	8848.183784	8850.619938			1.0	1.0	0.0	3.0					
8853.378	29.259000000000015	trials	19.0	8878.428699	8879.498800000001	8880.362963	8880.590093	8877.624841	8879.7968	8881.052	8882.637	1.0	2.0	1.0	1.0					
8886.722	8.625	trials	19.0	8891.322267	8892.926453	8893.706273	8893.884227	8890.635933	8893.125812	8894.312	8895.347	1.0	2.0	1.0	1.0					
8898.382	7.246000000001004	trials	19.0	8901.567264000001	8902.898279000001	8903.71817	8903.913962	8900.73683	8903.129216000001	8904.407	8905.628	1.0	2.0	1.0	1.0					
8909.648	8.105000000001382	trials	19.0	8913.522187999999	8915.04873	8915.849571	8916.043545	8913.000557	8915.294001	8916.452	8917.753	1.0	2.0	1.0	1.0					
8920.838	11.279000000000451	trials	19.0	8928.888447000001	8930.912493	8931.629396	8932.203969	8927.99403	8931.081875			1.0	1.0	0.0	3.0					
8934.917	13.540000000000873	trials	19.0	8946.006677000001	8947.353751999999	8948.2206	8948.455785	8945.007467	8947.5748			1.0	1.0	0.0	3.0					
8950.474	15.177999999999884	trials	19.0	8961.881789	8963.174381	8963.931497	8964.165889	8961.072157999999	8963.377758	8964.457	8965.652	1.0	2.0	1.0	1.0					
8969.673	7.22400000000016	trials	19.0	8972.968686	8974.319313	8975.177914	8975.374275	8972.336393	8974.598946	8975.695	8976.897	1.0	2.0	1.0	1.0					
8979.985	9.912000000000262	trials	19.0	8985.737376000001	8987.221352	8988.086442	8988.328776	8984.790431	8987.464926	8988.647	8989.897	1.0	2.0	1.0	1.0					
8993.963	27.424000000000888	trials	19.0	9017.103331	9018.860709	9019.644227	9019.863242	9016.500375	9019.050856	9020.287	9021.387	1.0	2.0	1.0	1.0					
9025.477	140.1229999999996	BlockDesign														1.0	506.0	511.0	0.0	0.0
9025.477	9.529999999998836	trials	20.0	9032.098343	9033.832795	9034.607183	9035.093789	9031.172169	9034.058244			1.0	2.0	0.0	3.0					
9037.977	31.27599999999984	trials	20.0	9066.242657	9068.064656999999	9068.88972	9069.343377000001	9065.697843	9068.270894000001			1.0	2.0	0.0	3.0					
9073.194	16.19800000000032	trials	20.0	9086.853139	9088.161099	9089.149409	9089.480393	9085.936842	9088.475995			1.0	2.0	0.0	3.0					
9092.387	35.969999999999345	trials	20.0	9124.983234	9126.355271	9127.605499000001	9127.631098	9124.03461	9126.349594			1.0		0.0	2.0					
9131.367	14.306000000000495	trials	20.0	9142.929887	9144.591969000001	9145.328496	9145.761383000001	9142.384119	9144.815397			1.0	2.0	0.0	3.0					
9148.637	16.962999999999738	trials	20.0	9163.543268	9164.784878	9165.593266	9166.080936	9162.722105	9165.058698			1.0	1.0	0.0	3.0					
9167.983	1364.8739999999998	BlockDesign														1.0	512.0	581.0	10.0	50.0
9167.983	25.59900000000016	trials	21.0	9190.676333000001	9192.590643000001	9193.215963	9193.631151000001	9190.094666	9192.769643000001			1.0	1.0	0.0	3.0					
9195.498	19.71900000000096	trials	21.0	9211.447576	9212.796265	9213.590079000001	9213.794278000001	9210.466238	9213.061578	9214.237	9215.217	1.0	2.0	1.0	1.0					
9219.307	9.399999999999636	trials	21.0	9225.876608	9227.593403	9228.299726000001	9228.761264	9225.038006	9227.830085000001			1.0	1.0	0.0	3.0					
9230.697	27.534999999999854	trials	21.0	9254.007086000001	9255.873348000001	9256.612448	9256.820756000001	9253.054738	9256.110315	9257.307	9258.232	1.0	2.0	1.0	1.0					
9260.388	8.909999999999854	trials	21.0	9265.417155000001	9266.863399	9267.590589000001	9267.839921	9264.776793	9267.047052	9268.217	9269.298	1.0	2.0	1.0	1.0					
9272.396	8.175999999999476	trials	21.0	9276.17698	9278.105241000001	9278.884572	9279.0645	9275.497617	9278.34447	9279.492	9280.572	1.0	2.0	1.0	1.0					
9283.592	7.661000000000058	trials	21.0	9287.136507000001	9288.712592	9289.523483	9289.705142	9286.540304	9289.007241000001	9290.342	9291.253	1.0	2.0	1.0	1.0					
9294.272	11.484999999998763	trials	21.0	9301.69251	9303.048698	9303.910188000002	9304.162694	9300.833606	9303.320595000001	9304.567	9305.757	1.0	2.0	1.0	1.0					
9308.843	7.143999999998414	trials	21.0	9313.622625	9314.908383	9315.658797	9316.028527	9312.922719	9315.118552			1.0	2.0	0.0	3.0					
9320.007	29.93499999999949	trials	21.0	9347.309331	9348.840174	9349.561565	9349.993563	9346.340415	9349.027935			1.0	2.0	0.0	3.0					
9351.882	25.93499999999949	trials	21.0	9374.268890000001	9375.412784	9376.167954	9376.409826000001	9373.555806	9375.644949000001	9376.735	9377.817	1.0	2.0	1.0	1.0					
9380.882	6.800000000001091	trials	21.0	9385.144072000001	9386.629985000001	9387.347372	9387.691694000001	9384.312486	9386.84001			1.0	1.0	0.0	3.0					
9391.693	15.264000000001033	trials	21.0	9404.229032000001	9405.863739	9406.631025	9406.921227	9403.421847000001	9406.083915000001			1.0	2.0	0.0	3.0					
9409.037	27.17200000000048	trials	21.0	9433.237656000001	9435.081128000002	9435.797285	9436.228809	9432.509898	9435.294587			1.0	1.0	0.0	3.0					
9439.132	12.538000000000466	trials	21.0	9449.233908	9450.525099	9451.257290000001	9451.671777000001	9448.324388	9450.717175000002			1.0	2.0	0.0	3.0					
9453.597	24.15400000000045	trials	21.0	9475.302344000002	9476.627405000001	9477.39565	9477.787931	9474.781487	9476.836284			1.0	2.0	0.0	3.0					
9480.683	18.48999999999978	trials	21.0	9496.738076000001	9498.051006000002	9498.702713	9499.227327	9495.90933	9498.193526000001			1.0	1.0	0.0	3.0					
9501.072	17.49499999999898	trials	21.0	9515.313371	9516.610371			9514.797405000001	9516.597198000001			1.0		0.0	2.0					
9520.641	10.90099999999984	trials	21.0	9529.212995	9530.344498	9531.174270000001	9531.593823000001	9528.577051	9530.635540000001			1.0	2.0	0.0	3.0					
9535.582	20.630999999999403	trials	21.0	9552.324682	9553.821193000002	9554.597699	9554.768843000002	9551.326509	9554.047683	9555.242	9556.213	1.0	1.0	1.0	1.0					
9560.232	6.450000000000728	trials	21.0	9563.958615000001	9565.259911000001	9565.99806	9566.735411000001	9563.192568	9565.461076000001			1.0	1.0	0.0	3.0					
9569.342	21.23999999999978	trials	21.0	9587.583066000001	9589.031598000001	9590.116422000001	9590.634921	9586.986756	9589.214585000002			1.0	1.0	0.0	3.0					
9592.463	24.72400000000016	trials	21.0	9613.073540000001	9614.681478	9615.408312000001	9615.567443	9612.249264	9614.858559	9616.032	9617.187	1.0	2.0	1.0	1.0					
9620.255	9.887000000000626	trials	21.0	9626.613638	9628.293588	9629.128052	9629.361356000001	9625.734278	9628.562077			1.0	2.0	1.0	1.0					
9634.792	9.421000000000276	trials	21.0	9641.273933	9643.062113	9643.851197	9644.266335	9640.458410000001	9643.338582			1.0	2.0	0.0	3.0					
9646.206	20.381999999999607	trials	21.0	9663.818986	9665.297268	9666.272927	9666.629813000001	9662.822132000001	9665.598211			1.0	1.0	0.0	3.0					
9669.599	23.76299999999901	trials	21.0	9688.894877	9690.675560000001	9691.380819	9691.583787000001	9688.253850000001	9690.833222000001	9691.963	9693.362	1.0	2.0	1.0	1.0					
9697.379	10.192999999999302	trials	21.0	9703.248621	9705.055292000001	9705.795338	9705.972448	9702.256627	9705.228391	9706.412	9707.572	1.0	2.0	1.0	1.0					
9709.602	22.06499999999869	trials	21.0	9727.984145	9729.128703	9729.902354000002	9730.135262	9727.013894000002	9729.334557	9730.602	9731.667	1.0	2.0	1.0	1.0					
9735.757	10.229999999999563	trials	21.0	9740.873628000001	9743.178852000001	9744.174692	9744.445239	9739.890361000002	9743.557912	9744.923	9745.987	1.0	2.0	1.0	1.0					
9750.068	4.895000000000437	trials	21.0	9752.429044	9753.818319	9754.54227	9755.014077	9751.459734	9753.989897000001			1.0	2.0	0.0	3.0					
9757.917	25.079999999999927	trials	21.0	9778.848804000001	9780.456581	9781.229335	9781.452078	9777.969957000001	9780.701454	9781.842	9782.997	1.0	1.0	1.0	1.0					
9785.083	7.528999999998632	trials	21.0	9789.918736000001	9791.450867000001	9792.207688	9792.659364000001	9788.941167	9791.702275000001			1.0	1.0	0.0	3.0					
9796.552	18.860000000000582	trials	21.0	9811.369362000001	9812.728306	9813.504761	9813.732994	9810.62176	9812.936335	9814.128	9815.412	1.0	2.0	1.0	1.0					
9819.428	6.59400000000096	trials	21.0	9822.888984000001	9824.949459000001	9825.633478000002	9826.077468000001	9822.183015	9825.104376000001			1.0	2.0	0.0	3.0					
9828.036	21.858000000000175	trials	21.0	9847.619597	9848.76087	9849.557871	9849.927601000001	9846.699886	9849.009899			1.0	2.0	0.0	3.0					
9853.865	20.252000000000407	trials	21.0	9869.419608	9871.387602	9872.182938	9872.398638	9868.841725	9871.635741	9872.967	9874.117	1.0	2.0	1.0	1.0					
9877.182	6.985999999998967	trials	21.0	9881.364672000002	9883.041036	9883.823118	9884.203809	9880.773053	9883.264211000002			1.0	2.0	0.0	3.0					
9888.162	16.375	trials	21.0	9901.395782000001	9902.932634	9904.118366	9904.583418	9900.777623	9903.581699			1.0	1.0	0.0	3.0					
9907.467	19.98999999999978	trials	21.0	9922.959419	9924.826776000002	9925.610501000001	9925.864415	9922.313714	9925.086702	9926.327	9927.457	1.0	2.0	1.0	1.0					
9931.548	9.268999999998414	trials	21.0	9937.682962	9939.404418	9940.164029000001	9940.873154	9936.829872	9939.648308			1.0	1.0	0.0	3.0					
9942.443	15.99200000000019	trials	21.0	9955.994673000001	9957.292710000002	9958.044582	9958.474142000001	9955.170031000001	9957.486026			1.0	2.0	0.0	3.0					
9960.368	20.886999999998807	trials	21.0	9978.799485000001	9980.182988	9980.950001000001	9981.266094	9978.180503000001	9980.356726			1.0	2.0	0.0	3.0					
9984.3	26.397000000000844	trials	21.0	10006.094457000001	10007.868197	10009.010673	10009.175720000001	10005.248762000001	10008.453268000001	10009.637	10010.697	1.0	2.0	1.0	1.0					
10014.717	7.316999999999098	trials	21.0	10017.945720000002	10019.388938	10020.190027	10020.411128000002	10017.357248	10019.603286000001	10020.937	10022.034	1.0	1.0	1.0	1.0					
10025.017	35.79999999999927	trials	21.0	10057.065963000001	10058.154183	10058.847128000001	10058.998975	10056.253463000001	10058.354444	10059.557	10060.817	1.0	2.0	1.0	1.0					
10064.888	8.893999999998414	trials	21.0	10069.009989	10070.301800000001	10071.107342000001	10071.316920000001	10068.020655	10070.532288	10071.747	10073.782	1.0	2.0	1.0	1.0					
10076.803	10.409999999999854	trials	21.0	10082.535486	10084.513175	10085.342223000001	10085.521146000001	10081.743753	10084.850744000001	10085.942	10087.213	1.0	1.0	1.0	1.0					
10089.257	7.121000000001004	trials	21.0	10093.190856000001	10095.083124	10095.989645000001	10096.43323	10092.622793	10095.496328000001			1.0	1.0	0.0	3.0					
10100.327	16.75	trials	21.0	10114.045827	10115.644113	10116.742610000001	10117.08086	10113.127643	10116.206297			1.0	1.0	0.0	3.0					
10120.012	16.354999999999563	trials	21.0	10133.062272000001	10135.007192000001	10135.877180000001	10136.421740000002	10132.216707000001	10135.315932000001			1.0	2.0	0.0	3.0					
10139.217	21.45600000000013	trials	21.0	10156.871433	10158.042261	10158.801489000001	10159.036109	10155.949229000002	10158.277815000001	10159.423	10160.673	1.0	2.0	1.0	1.0					
10163.751	45.336999999999534	trials	21.0	10204.616322000002	10206.362934	10207.131434	10207.353974000001	10204.090928000001	10206.542733	10207.722	10209.088	1.0	2.0	1.0	1.0					
10211.102	9.8849999999984	trials	21.0	10216.216834	10218.346059000001	10219.113707	10219.345032000001	10215.400844	10218.529647000001	10219.857	10220.987	1.0	2.0	1.0	1.0					
10224.021	8.33599999999933	trials	21.0	10228.510881	10229.659479000002	10230.477054	10230.683529000002	10227.595123000001	10229.840705	10231.069	10232.357	1.0	2.0	1.0	1.0					
10234.292	7.4950000000008	trials	21.0	10238.545655000002	10240.542545	10241.316575	10241.842806	10237.724646	10240.746086000001			1.0	2.0	0.0	3.0					
10245.618	15.528000000000247	trials	21.0	10258.401698000001	10259.999586000002	10260.831039	10261.168413000001	10257.408613000001	10260.205067			1.0	1.0	0.0	3.0					
10265.112	18.42500000000109	trials	21.0	10281.166238000002	10282.518933000001	10283.274732000002	10283.562615	10280.512719	10282.745409000001			1.0	2.0	0.0	3.0					
10286.609	19.02299999999923	trials	21.0	10302.556227000001	10304.41806	10305.164604000001	10305.689599000001	10301.744108	10304.621335			1.0	2.0	0.0	3.0					
10308.447	28.524999999999636	trials	21.0	10332.817226000001	10334.458197	10335.193461	10335.355217	10332.146988	10334.688102	10335.838	10336.972	1.0	2.0	1.0	1.0					
10340.992	37.49300000000039	trials	21.0	10375.52684	10377.220769000001	10378.138611	10378.534838000001	10374.858242	10377.164094			1.0	2.0	0.0	3.0					
10380.482	15.235000000000582	trials	21.0	10393.27287	10394.498351	10395.455508000001	10395.700241	10392.342423	10394.949573000002			1.0	1.0	0.0	3.0					
10399.793	7.493000000000393	trials	21.0	10404.581607	10406.222999000001	10406.953324	10407.315324000001	10403.656089	10406.448632000001			1.0	2.0	0.0	3.0					
10411.227	16.61999999999898	trials	21.0	10424.82704	10426.496615	10427.329653	10427.904644	10424.065338	10426.766688000002			1.0	1.0	0.0	3.0					
10429.727	18.445999999999913	trials	21.0	10444.447283000001	10445.60312	10446.443505000001	10446.638952000001	10443.470841	10445.912318	10447.013	10448.173	1.0	2.0	1.0	1.0					
10452.192	4.856000000001586	trials	21.0	10454.586749	10455.834459000002	10456.686701	10457.10734	10453.900908000001	10456.035623			1.0	2.0	0.0	3.0					
10458.957	23.639999999999418	trials	21.0	10479.966840000001	10481.556531	10482.318411	10482.637701000001	10479.215127000001	10481.823646			1.0	1.0	0.0	3.0					
10485.648	17.44000000000051	trials	21.0	10499.051655000001	10500.56401	10501.242935	10501.441172	10498.128989	10500.725381	10501.852	10503.088	1.0	2.0	1.0	1.0					
10505.162	7.675999999999476	trials	21.0	10510.287327	10511.728442000001	10512.562586	10512.852726000001	10509.446592	10511.997539			1.0	2.0	0.0	3.0					
10515.868	16.988999999999578	trials	21.0	10528.667369	10530.323415	10531.133181000001	10531.277753	10528.062822	10530.611457	10531.732	10532.857	1.0	2.0	1.0	1.0					
10535.99	734.2170000000006	BlockDesign														1.0	582.0	621.0	50.0	10.0
10535.99	12.852000000000771	trials	22.0	10546.38678	10547.498876000001	10548.363647	10548.901584000001	10545.391854000001	10547.806112			1.0	2.0	0.0	3.0					
10552.722	17.82600000000093	trials	22.0	10567.938651	10569.410016000002	10570.272863	10570.43496	10566.947124	10569.722528			1.0	2.0	0.0	3.0					
10574.626	20.355999999999767	trials	22.0	10591.832285	10593.782087000001	10594.564199	10595.040191	10591.027791	10593.973323			1.0	1.0	0.0	3.0					
10598.979	15.293999999999869	trials	22.0	10611.862959	10613.241855	10613.966894000001	10614.300125000002	10611.088324	10613.454449			1.0	2.0	0.0	3.0					
10618.237	23.88300000000163	trials	22.0	10639.262205	10640.969229	10641.773621	10642.148088000002	10638.430887	10641.255036			1.0	2.0	0.0	3.0					
10644.118	18.693999999999505	trials	22.0	10658.797524000001	10660.067246	10661.013545000002	10661.304887	10658.101329000001	10660.453217	10661.692	10662.812	1.0	1.0	1.0	1.0					
10666.853	8.465000000000146	trials	22.0	10672.227341000002	10674.213629000002	10674.92724	10675.304427000001	10671.430004000002	10674.362120000002			1.0	2.0	0.0	3.0					
10678.253	17.64300000000003	trials	22.0	10693.432599	10694.704743	10695.586526000001	10695.932205000001	10692.649275	10694.999612000001			1.0	2.0	0.0	3.0					
10699.937	24.710000000000946	trials	22.0	10719.457836000001	10721.44575	10722.878201000001	10723.069902000001	10718.572256000001	10722.337836	10723.447	10724.647	1.0	2.0	1.0	1.0					
10726.709	11.08299999999872	trials	22.0	10731.618423	10733.45607	10734.154853	10734.361341	10730.734582000001	10733.645684000001	10734.713	10737.792	1.0	2.0	1.0	1.0					
10738.263	31.123999999999796	trials	22.0	10766.368655	10768.11252	10768.994892	10769.443938	10765.464558000001	10768.411217			1.0	2.0	0.0	3.0					
10772.347	13.985000000000582	trials	22.0	10784.158445000001	10785.366279000002	10786.025835	10786.390440000001	10783.516940000001	10785.530242			1.0	2.0	0.0	3.0					
10789.307	15.78099999999904	trials	22.0	10802.458407	10803.889791000001	10804.701948000002	10805.142776	10801.938734000001	10804.147710000001			1.0	2.0	0.0	3.0					
10808.027	14.729999999999563	trials	22.0	10819.793453	10821.569916	10822.335911	10822.817778	10819.268658	10821.774860000001			1.0	1.0	0.0	3.0					
10824.668	17.463999999999942	trials	22.0	10840.088208000001	10841.217627	10841.811192000001	10842.109807	10839.19121	10841.355026000001			1.0	1.0	0.0	3.0					
10845.208	19.618999999998778	trials	22.0	10862.614743	10863.769823	10864.503903	10864.765475	10861.753452	10863.976406000002			1.0	2.0	0.0	3.0					
10866.838	22.943999999999505	trials	22.0	10886.689932000001	10888.301586000001	10889.079957000002	10889.841369000002	10885.725677	10888.544324			1.0	1.0	0.0	3.0					
10891.343	12.869999999998981	trials	22.0	10901.973677	10903.215537	10903.953888	10904.25821	10901.190237	10903.412697			1.0	2.0	0.0	3.0					
10908.292	15.860000000000582	trials	22.0	10921.623722	10922.680175000001	10923.789092	10924.209519	10920.813708000001	10923.240464			1.0	1.0	0.0	3.0					
10926.133	14.576999999999316	trials	22.0	10938.228534000002	10939.434884	10940.321007	10940.698092	10937.556149	10939.721289000001			1.0	2.0	0.0	3.0					
10942.652	24.860000000000582	trials	22.0	10965.33878	10966.428084000001	10967.157765	10967.572040000001	10964.364152	10966.682454000002			1.0	1.0	0.0	3.0					
10969.498	20.744000000000597	trials	22.0	10986.580857	10987.71284	10988.570391000001	10988.825366000001	10985.890778	10988.08191	10989.177	10990.242	1.0	1.0	1.0	1.0					
10993.257	8.420000000000073	trials	22.0	10997.548778	10999.336871000001	11000.051157000002	11000.249949000001	10996.568885	10999.552302	11000.692	11001.677	1.0	1.0	1.0	1.0					
11005.697	7.1159999999999854	trials	22.0	11010.079737	11011.799729	11012.467812	11012.841375	11009.334786000001	11011.964321000001			1.0	1.0	0.0	3.0					
11014.834	14.918999999999869	trials	22.0	11027.018652	11028.340895000001	11029.352130000001	11029.810926	11026.417731000001	11028.829727			1.0	2.0	0.0	3.0					
11033.648	20.014000000001033	trials	22.0	11050.589673	11052.561218	11053.341492000001	11053.700258	11049.636206000001	11052.845237000001			1.0	1.0	0.0	3.0					
11056.693	16.96900000000096	trials	22.0	11069.526318	11070.777699	11071.966344	11072.262792000001	11068.692599	11071.471539	11072.707	11073.662	1.0	1.0	1.0	1.0					
11075.742	8.049999999999272	trials	22.0	11079.544674	11081.459672	11082.223653000001	11082.429213000001	11078.740917000001	11081.738631	11082.847	11083.792	1.0	1.0	1.0	1.0					
11085.873	6.709000000000742	trials	22.0	11090.235938000002	11091.582890000001	11092.265796000002	11092.530413	11089.298825000002	11091.785381000002			1.0	1.0	0.0	3.0					
11094.592	13.764999999999418	trials	22.0	11105.629313000001	11107.212146000002	11107.929216	11108.418112000001	11105.055833	11107.40352			1.0	1.0	0.0	3.0					
11110.194	20.56800000000112	trials	22.0	11127.840039	11129.651646	11130.485646000001	11130.809121	11126.906241	11129.972025000001			1.0	2.0	0.0	3.0					
11133.84	12.837999999999738	trials	22.0	11143.474641	11145.488888	11146.101623	11146.738974	11142.889515	11145.654027			1.0	1.0	0.0	3.0					
11150.43	13.98699999999917	trials	22.0	11161.059641	11162.691251	11163.414829000001	11163.708347	11160.155048	11162.867505			1.0	1.0	1.0	1.0					
11168.954	10.872999999999593	trials	22.0	11177.339756000001	11178.561147	11179.379028000001	11179.886546000002	11176.719894000002	11178.789482			1.0	2.0	0.0	3.0					
11182.677	13.149999999999636	trials	22.0	11193.526176000001	11194.711554000001	11195.512119	11195.831540000001	11192.598861	11194.945419000001			1.0	2.0	0.0	3.0					
11197.838	17.578999999999724	trials	22.0	11210.691282	11212.667015	11213.500772000001	11213.786282000001	11210.17502	11212.906085	11214.142	11215.417	1.0	1.0	1.0	1.0					
11219.474	5.608000000000175	trials	22.0	11221.1751	11222.397648	11223.286781	11223.576837	11220.333972	11222.720943	11223.977	11225.082	1.0	1.0	1.0	1.0					
11229.102	6.204999999999927	trials	22.0	11232.695286	11234.185093	11234.969255	11235.368918	11232.154878000001	11234.426324			1.0	1.0	0.0	3.0					
11238.255	21.42200000000048	trials	22.0	11255.736372000001	11257.436463000002	11258.120351000001	11258.284749	11254.931388	11257.634391000001	11258.772	11259.677	1.0	1.0	1.0	1.0					
11262.759	7.44800000000032	trials	22.0	11266.450859	11267.690322	11268.344426	11268.639193	11265.585651000001	11267.891905	11268.987	11270.207	1.0	1.0	1.0	1.0					
11272.278	326.90899999999965	BlockDesign														1.0	622.0	641.0	50.0	0.0
11272.278	20.838999999999942	trials	23.0	11289.349471000001	11290.452345000002	11291.362341	11291.610596	11288.424885	11290.806591	11275.102	11293.117	2.0	1.0	1.0	1.0					
11295.142	9.415000000000873	trials	23.0	11300.776791	11301.944675	11302.850628	11303.114055000002	11300.153063000002	11302.337023	11303.572	11304.557	2.0	1.0	1.0	1.0					
11308.632	4.545000000000073	trials	23.0	11310.684864	11311.883527000002	11312.688936	11313.238186	11309.867573000001	11312.246328000001			2.0	1.0	0.0	3.0					
11315.964	11.627000000000407	trials	23.0	11324.200863000002	11325.792279000001	11327.168193000001	11327.633718000001	11323.613424000001	11326.617396000001			2.0	1.0	0.0	3.0					
11329.512	18.36999999999898	trials	23.0	11344.906073	11346.760821	11347.55954	11347.868565	11343.914503	11346.955886			2.0	1.0	0.0	3.0					
11351.902	30.334999999999127	trials	23.0	11378.321318	11379.779231	11380.622940000001	11380.818278	11377.559388000001	11380.081846000001	11381.197	11382.237	2.0	1.0	1.0	1.0					
11384.267	6.798000000000684	trials	23.0	11388.005691	11390.017225000001	11390.700972	11391.011676	11387.373912000001	11390.239204000001			2.0	1.0	0.0	3.0					
11393.987	11.503000000000611	trials	23.0	11403.135971	11404.177362	11405.161575	11405.538225	11402.386289000002	11404.526222			2.0	2.0	0.0	3.0					
11409.463	15.004000000000815	trials	23.0	11420.086059000001	11422.026764	11422.679805	11422.936533	11419.277030000001	11422.204707	11423.267	11424.467	2.0	1.0	1.0	1.0					
11426.487	7.8700000000008	trials	23.0	11431.4712	11433.097553	11433.816	11434.416429	11430.491957	11433.362492			2.0	1.0	0.0	3.0					
11436.152	17.486000000000786	trials	23.0	11449.956	11451.440937000001	11452.618437000001	11452.841865	11449.178934000001	11452.08198			2.0	1.0	1.0	1.0					
11457.209	8.192999999999302	trials	23.0	11462.980520000001	11464.306134	11465.097557000001	11465.464269	11462.466012	11464.624984000002			2.0	1.0	0.0	3.0					
11467.38	20.137000000000626	trials	23.0	11483.100861	11484.910139	11485.759497000001	11485.985676	11482.267683000002	11485.251006	11486.417	11487.517	2.0	1.0	1.0	1.0					
11490.602	9.219999999999345	trials	23.0	11494.956402	11496.772567	11497.48941	11497.767443	11494.012137000002	11497.02044	11498.062	11499.822	2.0	1.0	1.0	1.0					
11501.572	8.459000000000742	trials	23.0	11507.261285	11508.860130000001	11509.686023	11510.09289	11506.325673000001	11509.17753			2.0	1.0	0.0	3.0					
11513.963	17.65400000000045	trials	23.0	11528.99637	11530.354493	11531.261178	11531.678688	11528.280053	11530.733865			2.0	1.0	0.0	3.0					
11533.587	24.479999999999563	trials	23.0	11553.946725000002	11555.397678000001	11556.278457	11556.495411	11553.197873000001	11555.805134	11556.992	11558.067	2.0	1.0	1.0	1.0					
11561.102	11.349999999998545	trials	23.0	11567.403284	11569.158636	11570.219446000001	11570.487527000001	11566.684607000001	11569.693122	11570.957	11572.452	2.0	1.0	1.0	1.0					
11576.493	6.199999999998909	trials	23.0	11579.631936000002	11581.445043	11582.354816000001	11582.701152000001	11578.736423	11581.434378000002			2.0	2.0	0.0	3.0					
11584.652	14.534999999999854	trials	23.0	11596.866798000001	11598.152486	11599.157151000001	11599.543227	11595.89163	11598.587273000001			2.0	1.0	0.0	3.0					
11601.437	584.9549999999999	BlockDesign														1.0	642.0	661.0	0.0	50.0
11601.437	11.375	trials	24.0	11610.622146000002	11611.730499000001	11612.549985000001	11612.792637	11609.636532	11611.956189			3.0	2.0	0.0	3.0					
11615.897	21.109999999998763	trials	24.0	11632.771381	11634.500085	11635.321506	11635.488394	11631.984559	11634.772027	11635.912	11637.007	3.0	2.0	1.0	1.0					
11639.097	13.579999999999927	trials	24.0	11648.636538	11650.302783000001	11650.953189	11651.160636	11647.903293000001	11650.438009000001	11651.657	11652.677	3.0	2.0	1.0	1.0					
11656.713	10.061999999999898	trials	24.0	11664.122488	11665.694163	11666.418404	11666.826756	11663.194824	11665.881291000002			3.0	2.0	0.0	3.0					
11668.724	17.14799999999923	trials	24.0	11681.086901	11682.249381000001	11683.252026	11683.531103000001	11680.15083	11682.553557000001	11683.918	11685.872	3.0	2.0	1.0	1.0					
11689.892	12.416999999999462	trials	24.0	11699.426833000001	11701.329213	11701.959711000001	11702.365421	11698.554252000002	11701.409312			3.0	2.0	0.0	3.0					
11704.253	15.923999999999069	trials	24.0	11718.002285	11719.187009000001	11719.861791000001	11720.156847	11717.218377000001	11719.358645			3.0	2.0	0.0	3.0					
11723.184	65.42300000000068	trials	24.0	11784.717480000001	11785.983885000001	11786.84322	11787.017210000002	11783.753061000001	11786.305242	11787.478	11788.607	3.0	2.0	1.0	1.0					
11790.628	35.43399999999929	trials	24.0	11823.517205	11825.084675	11825.799014	11826.020468	11822.524374	11825.258129000002			3.0	2.0	0.0	3.0					
11830.072	11.520000000000437	trials	24.0	11837.297898	11838.833696000002	11839.501495	11839.767357	11836.38182	11839.006734	11840.242	11841.592	3.0	2.0	1.0	1.0					
11844.457	22.600000000000364	trials	24.0	11862.972563000001	11864.590605000001	11865.289859	11865.522182	11862.224939	11864.765340000002	11865.862	11867.057	3.0	2.0	1.0	1.0					
11869.132	27.20600000000013	trials	24.0	11894.102949	11895.406156000001	11896.070360000002	11896.384539	11893.183923	11895.59935			3.0	2.0	0.0	3.0					
11898.347	30.104999999999563	trials	24.0	11925.798120000001	11927.678253000002	11928.192717000002	11928.419372	11925.253491000001	11927.666843			3.0	2.0	0.0	3.0					
11931.457	78.42100000000028	trials	24.0	12007.033656	12008.878212	12009.557049000001	12009.939783000002	12006.314858000002	12008.956419			3.0	1.0	0.0	3.0					
12011.832	20.625	trials	24.0	12029.838780000002	12031.370831	12032.109953000001	12032.472648	12028.937911	12031.522285000001			3.0	1.0	0.0	3.0					
12036.432	20.31499999999869	trials	24.0	12052.422707000002	12054.020798000001	12054.797361	12055.003899000001	12051.761821	12054.205439000001	12055.423	12056.747	3.0	2.0	1.0	1.0					
12059.849	24.238999999999578	trials	24.0	12079.034153	12081.089485	12081.82157	12082.035909	12078.319731000001	12081.300581000001	12082.447	12084.088	3.0	2.0	1.0	1.0					
12086.182	36.97999999999956	trials	24.0	12120.909725000001	12122.222647	12122.840121000001	12123.18951	12119.99523	12122.337179			3.0	1.0	0.0	3.0					
12125.173	23.59900000000016	trials	24.0	12146.144194	12147.559008	12148.325565000001	12148.834945	12145.398359	12147.790629000001			3.0	2.0	0.0	3.0					
12152.589	33.802999999999884	trials	24.0	12183.866086000002	12185.225217000001	12186.265766	12186.455414	12183.108937	12185.755755			3.0	2.0	0.0	3.0					
12189.597	2164.8500000000004	BlockDesign														1.0	662.0	742.0	50.0	50.0
12189.597	19.76000000000022	trials	25.0	12206.603867000002	12208.408575000001	12208.955502	12209.422652000001	12205.776557000001	12208.417650000001			2.0	1.0	0.0	3.0					
12213.232	36.534999999999854	trials	25.0	12245.902318	12246.978619	12247.733815	12247.91587	12205.776557000001	12247.261201000001	12248.387	12249.767	2.0	1.0	1.0	1.0					
12252.857	12.80999999999949	trials	25.0	12261.648264	12262.869606	12263.639844000001	12263.832912	12261.089412000001	12263.096715	12264.213	12265.667	3.0	2.0	1.0	1.0					
12268.683	22.703999999999724	trials	25.0	12289.003909000001	12290.395271000001	12291.131052	12291.372447	12288.214168	12290.60308			3.0	2.0	0.0	3.0					
12293.471	29.10200000000077	trials	25.0	12318.752617	12319.829094	12320.708658	12320.89075	12318.141985	12320.198595	12311.777	12322.573	3.0	2.0	1.0	1.0					
12326.597	58.094999999999345	trials	25.0	12380.353549	12381.520821	12382.496655	12382.815366	12379.395648	12381.968002	12342.247	12384.692	2.0	1.0	1.0	1.0					
12386.713	15.088999999999942	trials	25.0	12398.733585	12400.185877	12401.274516	12401.878798	12398.058498	12400.650613			2.0	1.0	0.0	3.0					
12403.557	28.2599999999984	trials	25.0	12428.823772	12430.821505	12431.575348	12431.794994	12428.233989	12431.039713			3.0	2.0	0.0	3.0					
12434.879	15.518000000000029	trials	25.0	12447.424578	12449.482777000001	12449.947009	12450.472872	12446.74026	12449.470525			3.0	2.0	0.0	3.0					
12453.213	31.14600000000064	trials	25.0	12481.173859	12483.06381	12484.009915	12484.419334	12480.661098	12483.435393			2.0	1.0	0.0	3.0					
12486.334	54.57499999999891	trials	25.0	12537.9442	12539.824971	12540.593989	12540.959149	12537.387904000001	12540.125988			3.0	2.0	0.0	3.0					
12542.913	19.91399999999885	trials	25.0	12557.974879000001	12559.582702	12560.612312000001	12561.051406	12557.14704	12559.84919	12544.503	12562.827	2.0	1.0	1.0	1.0					
12564.932	16.894999999998618	trials	25.0	12576.635182	12578.417706	12579.764935000001	12580.029652000001	12575.966383	12578.963248	12580.345	12581.827	2.0	1.0	1.0	1.0					
12585.844	10.518000000000029	trials	25.0	12592.041596000001	12593.691298	12594.55054	12594.755814	12591.46703	12593.961505000001	12595.187	12596.362	3.0	2.0	1.0	1.0					
12600.452	20.386000000000422	trials	25.0	12617.581890000001	12618.967200000001	12620.407024	12620.912991000001	12616.620312000001	12619.83804			2.0	2.0	0.0	3.0					
12623.793	37.70399999999972	trials	25.0	12657.189814000001	12659.072517	12659.779456	12659.929451	12656.490067	12659.264569	12660.402	12661.497	3.0	2.0	1.0	1.0					
12665.517	27.149999999999636	trials	25.0	12690.229846	12691.301926	12692.28039	12692.742553	12689.498542000001	12691.729216			2.0	2.0	0.0	3.0					
12694.557	21.0	trials	25.0	12713.126695	12714.227008	12715.111554000001	12715.634812	12712.186518	12714.634627			3.0	2.0	0.0	3.0					
12718.507	20.715000000000146	trials	25.0	12735.239811	12736.5118	12737.359051	12737.528482	12734.697519000001	12736.835527000001	12737.912	12739.222	3.0	2.0	1.0	1.0					
12741.311	19.240999999999985	trials	25.0	12755.825184000001	12757.687296	12758.610853	12758.872721	12754.892763	12757.955452	12759.282	12760.552	2.0	1.0	1.0	1.0					
12763.569	25.863000000001193	trials	25.0	12786.950419	12788.022141000001	12789.039432	12789.505369	12786.004728	12788.550401			3.0	2.0	0.0	3.0					
12792.417	26.21100000000115	trials	25.0	12814.570725	12815.928307	12816.896238000001	12817.094097000001	12814.040140000001	12816.334375	12817.478	12818.628	3.0	2.0	1.0	1.0					
12822.642	11.840000000000146	trials	25.0	12830.260975000001	12831.538942000001	12832.481799000001	12832.763353	12829.746318000001	12831.886521	12833.192	12834.482	2.0	1.0	1.0	1.0					
12836.577	11.585000000000946	trials	25.0	12844.840867	12846.227282			12843.891995	12846.216627			2.0		0.0	2.0					
12850.173	19.86499999999978	trials	25.0	12867.088872	12868.503977	12869.355604	12870.111692	12866.546672	12868.826868			3.0	2.0	0.0	3.0					
12873.667	24.720000000001164	trials	25.0	12894.832668000001	12896.816101	12897.698037	12898.464834	12893.956006	12897.186132			2.0	1.0	0.0	3.0					
12900.947	17.63500000000022	trials	25.0	12915.636247	12917.247412	12918.091893	12918.658714000001	12914.711958	12917.540238			3.0	2.0	0.0	3.0					
12920.347	30.600000000000364	trials	25.0	12947.861054	12949.437878	12950.575402	12951.022869	12947.028307	12949.919602			2.0	1.0	0.0	3.0					
12952.892	19.674999999999272	trials	25.0	12970.173847	12971.233071	12972.073924	12972.64343	12969.227341	12971.525546			2.0	2.0	0.0	3.0					
12975.338	39.41500000000087	trials	25.0	13010.332813	13012.11601	13012.856992	13013.09336	13009.686613	13012.324257	13013.472	13014.753	3.0	2.0	1.0	1.0					
13017.802	13.701000000000931	trials	25.0	13026.99645	13028.776669	13029.551473	13029.79955	13026.421768	13028.988432	13030.147	13031.503	3.0	2.0	1.0	1.0					
13035.537	17.284999999999854	trials	25.0	13050.076306	13051.2493	13052.334898000001	13052.646478	13049.487925000001	13051.799883			2.0	2.0	0.0	3.0					
13056.602	21.644999999998618	trials	25.0	13075.446437	13076.906817000001	13078.006663	13078.163980000001	13074.722196	13077.394102			2.0	2.0	0.0	3.0					
13080.253	23.113999999999578	trials	25.0	13100.337388	13102.240842000001	13103.070814	13103.417137	13099.565152000001	13102.452006			3.0	2.0	0.0	3.0					
13107.338	43.8690000000006	trials	25.0	13146.947336000001	13148.249082	13149.170757	13149.494848	13146.181748	13148.541024	13149.827	13151.207	2.0	1.0	1.0	1.0					
13154.248	16.88000000000102	trials	25.0	13166.79772	13168.498383	13169.240803	13169.468897	13165.873671000001	13168.668737	13170.007	13171.128	3.0	2.0	1.0	1.0					
13173.207	17.46600000000035	trials	25.0	13188.437332000001	13189.51563	13190.425525	13190.695614	13187.926639000001	13189.862284			2.0	2.0	0.0	3.0					
13193.751	34.57599999999911	trials	25.0	13224.257814	13225.701685	13226.485199	13226.702259	13223.53093	13225.929868000001	13227.072	13228.327	3.0	2.0	1.0	1.0					
13231.365	10.961999999999534	trials	25.0	13239.593197	13241.059543000001	13241.838375000001	13242.40411	13238.914322	13241.297265000001			3.0	2.0	0.0	3.0					
13244.132	29.01000000000022	trials	25.0	13270.182874	13271.920864	13272.78868	13273.22151	13269.48789	13272.257484			2.0	1.0	0.0	3.0					
13275.048	21.648999999999432	trials	25.0	13292.397734	13294.174446	13294.987332	13295.17341	13291.413736	13294.417644000001	13295.673	13296.697	3.0	2.0	1.0	1.0					
13298.737	21.840000000000146	trials	25.0	13317.982764	13319.097553	13320.199705	13320.652999	13317.060402000001	13319.659144000001			2.0	2.0	0.0	3.0					
13324.463	17.040000000000873	trials	25.0	13338.959763	13340.212405	13341.06574	13341.583452	13338.355971	13340.542804			3.0	2.0	0.0	3.0					
13344.367	25.19499999999971	trials	25.0	13365.343503	13366.726009	13367.739306	13367.937555	13364.657065	13367.035654000001	13368.327	13369.562	3.0	2.0	1.0	1.0					
13372.618	17.475000000000364	trials	25.0	13386.661557	13388.310096000001	13389.704715	13390.131293	13386.009991	13389.120079			2.0	1.0	0.0	3.0					
13394.038	13.17699999999968	trials	25.0	13404.808539	13405.954798	13406.825365	13407.253879	13403.860479	13406.23905			3.0	2.0	0.0	3.0					
13410.162	24.904999999998836	trials	25.0	13431.508716	13433.516062	13434.686951	13435.145851000001	13430.915203	13433.922982			2.0	1.0	0.0	3.0					
13437.007	27.05500000000029	trials	25.0	13460.943433	13462.368034000001	13463.328793	13464.138943	13460.410569	13462.715446			2.0	2.0	0.0	3.0					
13466.706	28.886000000000422	trials	25.0	13492.804009	13494.410338	13495.353174	13495.660237	13492.227606	13494.809063			2.0	2.0	0.0	3.0					
13498.597	64.875	trials	25.0	13558.078945000001	13560.357621000001	13561.145811	13561.324621	13557.144442	13560.526876	13561.813	13563.472	3.0	2.0	1.0	1.0					
13565.581	14.265999999999622	trials	25.0	13575.319126	13576.800817	13577.797143	13578.046958	13574.339607	13577.034778000001	13578.442	13579.847	2.0	1.0	1.0	1.0					
13583.867	37.806000000000495	trials	25.0	13619.123745	13620.221103	13621.22305	13621.748394	13618.557312	13620.619773			2.0	2.0	0.0	3.0					
13624.597	16.104999999999563	trials	25.0	13637.804338	13639.555612	13640.287003000001	13640.779606	13637.000463	13639.692135000001			3.0	2.0	0.0	3.0					
13642.537	22.600000000000364	trials	25.0	13662.671271000001	13663.762131	13664.764802	13665.194257000001	13661.9805	13664.111725			2.0	1.0	0.0	3.0					
13667.072	20.76599999999962	trials	25.0	13683.769390000001	13685.281042	13686.052522	13686.253638	13682.927155000001	13685.484466	13686.667	13687.838	3.0	2.0	1.0	1.0					
13691.963	11.299000000000888	trials	25.0	13700.994769	13702.149544	13703.018983	13703.248956	13700.396421000001	13702.508455000001			3.0	2.0	0.0	3.0					
13706.392	29.719999999999345	trials	25.0	13733.515044	13734.826102	13735.594197	13736.191423	13732.614948	13735.090162			3.0	2.0	0.0	3.0					
13739.847	31.351000000000568	trials	25.0	13768.369578	13769.778351	13770.873577	13771.279849	13767.523905	13770.176979			2.0	1.0	0.0	3.0					
13773.132	22.90899999999965	trials	25.0	13793.199856000001	13794.654651	13795.656763	13795.930418	13792.3047	13795.070251000001			2.0	2.0	0.0	3.0					
13800.037	31.21600000000035	trials	25.0	13828.510692	13830.020265000001	13830.754261	13831.329450000001	13827.693685	13830.254101			3.0	2.0	0.0	3.0					
13834.062	26.486000000000786	trials	25.0	13856.390644000001	13857.717363	13858.411009	13858.62648	13855.821745000001	13857.900198	13859.027	13860.548	3.0	2.0	1.0	1.0					
13862.587	14.864999999999782	trials	25.0	13872.715489	13874.574028	13875.491892	13875.742	13871.864347	13874.855287	13876.122	13877.452	2.0	1.0	1.0	1.0					
13879.477	11.110999999998967	trials	25.0	13887.895423	13889.053119	13890.130571	13890.667932	13887.133561	13889.441047			2.0	1.0	0.0	3.0					
13893.432	21.219999999999345	trials	25.0	13910.155806	13912.20909	13912.922725	13913.130267	13909.629303	13912.34638	13913.497	13914.652	3.0	2.0	1.0	1.0					
13918.802	23.604999999999563	trials	25.0	13937.560857	13939.492801	13940.662917	13940.857779	13936.903662	13940.087913	13941.13	13942.407	3.0	2.0	1.0	1.0					
13945.525	49.14800000000105	trials	25.0	13991.712513	13993.583451	13994.318059000001	13994.752909	13990.803111000001	13993.828516000001			3.0	2.0	0.0	3.0					
13996.603	65.34900000000016	trials	25.0	14059.547509	14060.667604	14061.601744	14062.032702	14058.859943	14061.026073			2.0	1.0	0.0	3.0					
14064.852	9.099999999998545	trials	25.0	14070.071052000001	14072.278893	14072.960416	14073.252312	14069.334705000001	14072.487574			2.0	1.0	1.0	1.0					
14077.429	26.968000000000757	trials	25.0	14102.172494	14103.361782	14104.101477	14104.405858	14101.210989000001	14103.560596000001			3.0	2.0	0.0	3.0					
14106.465	11.726999999998952	trials	25.0	14115.67294	14117.009565	14117.89513	14118.213811	14114.738272	14117.355880000001			2.0	1.0	0.0	3.0					
14122.267	18.524999999999636	trials	25.0	14136.3826	14138.291688000001	14138.996647	14139.212008	14135.801487	14138.485581	14139.707	14140.792	3.0	2.0	1.0	1.0					
14142.878	20.193999999999505	trials	25.0	14158.791045	14160.455461000001	14161.221709000001	14161.493463	14158.237999	14160.693682000001	14161.862	14163.072	2.0	1.0	1.0	1.0					
14165.152	22.43000000000029	trials	25.0	14183.151603	14184.799143	14185.847161	14186.075934	14182.197418	14185.333747	14186.557	14187.582	2.0	1.0	1.0	1.0					
14189.602	13.7599999999984	trials	25.0	14200.701484000001	14202.104092	14202.937908	14203.442136	14199.890448	14202.337201			3.0	2.0	0.0	3.0					
14205.257	17.085000000000946	trials	25.0	14219.691858	14220.965977	14221.917006	14222.425812000001	14219.165037	14221.36882			3.0	2.0	0.0	3.0					
14225.237	32.228000000000975	trials	25.0	14254.416682000001	14256.155755	14257.089724000001	14257.481005	14253.667164	14256.494109000001			2.0	1.0	0.0	3.0					
14260.467	16.094999999999345	trials	25.0	14272.401813	14273.651308	14274.563188	14274.835273	14271.725167	14273.974408	14275.247	14276.562	3.0	2.0	1.0	1.0					
14280.607	10.790000000000873	trials	25.0	14287.197213	14288.498466000001	14289.580521	14289.945834	14286.416511	14288.862505000001	14290.237	14291.397	2.0	1.0	1.0	1.0					
14294.414	22.57799999999952	trials	25.0	14314.298739	14315.826355000001	14316.677129	14317.027591	14313.676093	14316.144252			2.0	1.0	0.0	3.0					
14320.962	21.626000000000204	trials	25.0	14338.706718000001	14339.938563	14340.882298	14341.051273000001	14337.939364	14340.31795	14341.537	14342.588	3.0	2.0	1.0	1.0					
14346.673	7.7739999999994325	trials	25.0	14352.142972000001	14353.599603	14354.399806000001	14354.901471000001	14351.238370000001	14353.849791			2.0	1.0	0.0	3.0					
14357.716	132.40599999999904	BlockDesign														1.0	743.0	747.0	0.0	0.0
14357.716	26.255999999999403	trials	26.0	14380.68751	14382.64435	14383.553434000001	14384.056909	14379.758393	14382.969711			2.0	1.0	0.0	3.0					
14387.817	18.25500000000102	trials	26.0	14402.887630000001	14404.604862	14405.686858000001	14406.107754	14402.311015	14405.093571000001			2.0	2.0	0.0	3.0					
14410.023	24.845000000001164	trials	26.0	14431.938728000001	14433.739395	14434.544419	14434.9051	14431.11895	14433.994539			2.0	1.0	0.0	3.0					
14438.792	10.215000000000146	trials	26.0	14445.848108	14447.624228	14448.594575000001	14449.090233	14445.108967	14448.011887			2.0	2.0	0.0	3.0					
14452.847	37.274999999999636	trials	26.0	14487.707996000001	14488.74946	14489.838685	14490.20553	14487.155146000001	14489.04437			2.0	1.0	0.0	3.0					
14494.227	196.625	BlockDesign														1.0	748.0	752.0	0.0	0.0
14494.227	13.93999999999869	trials	27.0	14505.577855	14507.020248	14507.854635	14508.250855	14505.008802	14507.244664			3.0	2.0	0.0	3.0					
14511.107	28.692000000000917	trials	27.0	14536.634499	14538.669571	14539.419117000001	14539.858564	14535.94628	14538.845353			3.0	2.0	0.0	3.0					
14543.722	24.56999999999971	trials	27.0	14565.183774000001	14567.084545	14567.860705000001	14568.375166	14564.640761	14567.281996			3.0	2.0	0.0	3.0					
14572.117	60.54999999999927	trials	27.0	14630.203468	14631.379969000001	14632.271407	14632.748052	14629.59982	14631.682420000001			3.0	2.0	0.0	3.0					
14636.517	54.335000000000946	trials	27.0	14688.764245	14689.88937	14690.793277	14691.191352	14688.092982	14690.221414			3.0	2.0	0.0	3.0					
14694.146	1014.6409999999996	BlockDesign														1.0	753.0	794.0	50.0	50.0
14694.146	21.135999999998603	trials	28.0	14712.658572	14714.110171	14714.893684	14715.367686000001	14711.934870000001	14714.331823			2.0	1.0	0.0	3.0					
14717.134	90.27800000000025	trials	28.0	14802.929782	14804.907098	14805.692083	14805.973261000001	14801.969728	14805.031676	14806.392	14807.412	3.0	2.0	1.0	1.0					
14811.522	10.760999999998603	trials	28.0	14818.628958000001	14820.571291	14821.30081	14821.555178	14817.732312	14820.796183			2.0	1.0	1.0	1.0					
14826.882	14.880000000001019	trials	28.0	14839.155216000001	14840.698722000001	14841.528571	14841.819950000001	14838.30272	14840.918669			2.0	2.0	0.0	3.0					
14844.842	12.219999999999345	trials	28.0	14854.729851	14855.986762	14856.758223	14857.078851	14854.044486	14856.205131			3.0	2.0	0.0	3.0					
14859.072	24.875	trials	28.0	14879.675887000001	14881.306863	14882.112982	14882.360511	14878.89261	14881.558389	14882.753	14883.947	2.0	1.0	1.0	1.0					
14886.023	9.160000000001673	trials	28.0	14891.829318	14893.26049	14894.702756	14895.081013	14891.104165	14893.250319			3.0		0.0	2.0					
14898.268	30.03900000000067	trials	28.0	14925.930234	14927.101751	14928.068994000001	14928.315782000001	14925.231439000001	14927.544936			3.0	2.0	0.0	3.0					
14931.352	25.865999999999985	trials	28.0	14954.136432	14956.046473	14956.887618	14957.277991	14953.295890000001	14956.33659			3.0	2.0	0.0	3.0					
14959.212	17.670000000000073	trials	28.0	14974.48522	14975.600323	14976.459856000001	14976.967352	14973.750731	14975.877903			3.0	2.0	0.0	3.0					
14980.787	26.219999999999345	trials	28.0	15002.432497	15004.045774	15005.005391	15005.226777	15001.799952000001	15004.410958	15005.617	15007.007	2.0	1.0	1.0	1.0					
15009.099	9.798999999999069	trials	28.0	15016.084788	15017.746645	15018.566797	15018.945582	15015.104318000002	15017.999917000001			2.0	1.0	0.0	3.0					
15021.898	11.324000000000524	trials	28.0	15028.975577000001	15030.358732	15031.228804	15031.451813	15028.105518	15030.613713	15031.692	15033.222	3.0	2.0	1.0	1.0					
15037.241	11.932000000000698	trials	28.0	15045.030163	15046.381526000001	15047.318673	15047.55009	15044.317422	15046.684816	15047.912	15049.173	3.0	2.0	1.0	1.0					
15052.192	10.606000000001586	trials	28.0	15059.700469	15061.536665	15062.370487	15062.885666	15059.018974	15061.753954			2.0	2.0	0.0	3.0					
15064.667	25.01000000000022	trials	28.0	15086.351092	15087.483645	15088.639336	15088.891763	15085.750926	15088.097001			2.0	1.0	1.0	1.0					
15093.213	17.523999999999432	trials	28.0	15107.512024	15109.54843	15110.338106	15110.821348000001	15106.879419	15109.798029000001			2.0	1.0	0.0	3.0					
15112.649	18.153000000000247	trials	28.0	15127.677003	15129.706593	15130.544359	15130.877028	15126.673339	15129.922311			3.0	2.0	0.0	3.0					
15134.818	26.18500000000131	trials	28.0	15158.246053	15159.849636	15160.619499	15161.088940000001	15157.336848	15160.061523			2.0	1.0	0.0	3.0					
15162.983	17.56500000000051	trials	28.0	15175.870884	15177.532269	15178.361923	15178.615957	15175.146874	15177.724494	15178.967	15180.548	3.0	2.0	1.0	1.0					
15184.638	8.818999999999505	trials	28.0	15191.296103	15192.419203000001	15193.169409	15193.490074000001	15190.306636000001	15192.607264			3.0	2.0	0.0	3.0					
15196.536	26.09599999999955	trials	28.0	15218.126058	15219.889057	15220.792474	15220.980432	15217.424146000001	15220.260322	15221.357	15222.632	2.0	1.0	1.0	1.0					
15225.709	9.157999999999447	trials	28.0	15230.99115	15232.16524	15232.916701	15233.174001	15230.271594	15232.325089	15233.527	15234.867	3.0	2.0	1.0	1.0					
15236.923	12.918999999999869	trials	28.0	15245.361717	15247.088191	15247.95441	15248.254032	15244.462444	15247.410041000001	15248.572	15249.842	2.0	1.0	1.0	1.0					
15251.968	8.619999999998981	trials	28.0	15257.65186	15258.974331000001	15259.969999	15260.294935	15256.731913	15259.167091			3.0	2.0	0.0	3.0					
15262.217	30.279999999998836	trials	28.0	15287.276785	15289.095171	15289.923453	15290.184439	15286.534722	15289.396157000001	15290.517	15292.497	2.0	1.0	1.0	1.0					
15294.537	9.54700000000048	trials	28.0	15301.836483000001	15303.142107	15303.859061000001	15304.06689	15301.258783000001	15303.287899			3.0	2.0	0.0	3.0					
15307.158	10.484000000000378	trials	28.0	15314.401784	15316.249565	15317.124504	15317.717781	15313.698531	15316.551605			2.0	1.0	0.0	3.0					
15321.387	15.028999999998632	trials	28.0	15333.651275	15335.318213	15336.045512	15336.441131	15332.879513	15335.513982			2.0	1.0	0.0	3.0					
15339.347	43.04000000000087	trials	28.0	15378.597165	15379.96143	15380.717865	15380.892139	15377.845797	15380.16063	15381.378	15382.387	2.0	1.0	1.0	1.0					
15386.477	9.089999999998327	trials	28.0	15391.543533	15392.874165	15393.654717	15393.86336	15390.709691	15393.071203	15394.253	15395.567	3.0	2.0	1.0	1.0					
15398.648	26.23400000000038	trials	28.0	15420.547385	15422.148595999999	15422.978508	15423.159024	15420.008121	15422.360925	15423.542	15424.882	3.0	2.0	1.0	1.0					
15426.727	22.144999999998618	trials	28.0	15446.177448	15447.744636	15448.553814	15448.950548	15445.259565	15447.983363			3.0	2.0	0.0	3.0					
15452.822	16.104999999999563	trials	28.0	15464.668821	15466.019099	15467.013227	15467.297542	15463.851773	15466.438371	15467.588	15468.927	2.0	1.0	1.0	1.0					
15472.008	9.4950000000008	trials	28.0	15478.007426	15479.568711			15477.016869	15479.559221			3.0		0.0	2.0					
15484.512	67.03099999999904	trials	28.0	15548.973006	15550.354523	15551.1441	15551.597151	15548.446053	15550.679663			2.0	1.0	0.0	3.0					
15553.521	36.120999999999185	trials	28.0	15584.947716	15587.006074	15587.708254	15587.94634	15583.944787	15587.201341	15588.302	15589.642	2.0	1.0	1.0	1.0					
15593.722	11.365999999999985	trials	28.0	15602.062821	15603.379647	15604.139629	15604.409952	15601.165538	15603.586087			3.0	2.0	0.0	3.0					
15607.384	29.417999999999665	trials	28.0	15633.862545	15635.499771	15636.432102	15636.838796	15633.111762	15635.803178			2.0	1.0	0.0	3.0					
15638.792	22.49800000000141	trials	28.0	15657.2943	15658.778219	15659.565915	15659.762858	15656.408796	15658.970936	15660.167	15661.29	3.0	2.0	1.0	1.0					
15664.307	13.449999999998909	trials	28.0	15675.348492	15676.606884	15677.409908	15677.834076	15674.364429	15676.820066			3.0	2.0	0.0	3.0					
15679.709	29.07799999999952	trials	28.0	15704.933357	15706.288679	15707.020806	15707.195088	15704.020808	15706.454949	15707.673	15708.787	3.0	2.0	1.0	1.0					
15710.834	661.0229999999992	BlockDesign														1.0	795.0	821.0	10.0	50.0
15710.834	17.713999999999942	trials	29.0	15725.527962	15727.295702	15728.151819	15728.587139	15724.575771	15727.675025			1.0	2.0	0.0	3.0					
15732.472	15.674000000000888	trials	29.0	15745.328421	15746.817045	15747.835409	15748.184802	15744.626299	15747.270366			1.0	2.0	0.0	3.0					
15751.165	23.587999999999738	trials	29.0	15770.169759	15771.751454	15772.58162	15772.819503	15769.196431	15772.012469	15773.392	15774.753	1.0	1.0	1.0	1.0					
15777.832	8.71099999999933	trials	29.0	15784.028631	15785.404284	15786.206033	15786.619497	15783.174441	15785.624835			1.0	1.0	0.0	3.0					
15789.508	12.864999999999782	trials	29.0	15799.178814	15800.898956	15801.995046	15802.447796	15798.617399	15801.482836			1.0	1.0	0.0	3.0					
15806.307	11.615999999999985	trials	29.0	15813.993168	15815.225103	15816.159825	15816.381491	15813.174748	15815.549717	15816.732	15817.923	1.0	2.0	1.0	1.0					
15820.058	9.828999999999724	trials	29.0	15826.969386	15828.651815	15829.429598	15829.963654	15826.215027	15828.860214			1.0	2.0	0.0	3.0					
15832.727	31.31499999999869	trials	29.0	15861.158764	15862.729634	15863.571077	15864.121856	15860.472988	15862.988481			1.0	2.0	0.0	3.0					
15865.896	30.01599999999962	trials	29.0	15892.889382	15894.672387	15895.600363	15895.88726	15891.905547	15895.029444			1.0	2.0	0.0	3.0					
15897.923	36.42900000000009	trials	29.0	15930.43939	15932.018463	15932.79531	15932.938523	15929.502398	15932.232548	15933.503	15934.352	1.0	2.0	1.0	1.0					
15936.437	13.33599999999933	trials	29.0	15946.538922	15947.762486	15949.671276	15949.841275	15945.680451	15947.750581			1.0		0.0	2.0					
15953.697	17.682999999999083	trials	29.0	15968.498802	15970.239279	15971.077897	15971.434749	15967.589549	15970.488627			1.0	1.0	0.0	3.0					
15975.322	65.44499999999971	trials	29.0	16038.270888	16039.301844	16040.429604	16040.844755	16037.417076	16039.871844			1.0	2.0	0.0	3.0					
16042.682	16.670000000000073	trials	29.0	16056.239987	16057.826438	16059.090657	16059.416541	16055.394942	16058.463495			1.0	1.0	0.0	3.0					
16061.362	13.061000000001513	trials	29.0	16071.296421	16073.082072	16073.894525	16074.501843	16070.783391	16073.316156			1.0	1.0	0.0	3.0					
16076.152	17.01000000000022	trials	29.0	16089.899618	16091.832017	16092.915945	16093.067853	16089.277293	16092.398337			1.0	2.0	0.0	3.0					
16095.173	25.414999999999054	trials	29.0	16116.340424	16118.101323	16119.091613	16119.218906	16115.446478	16118.508399	16119.667	16120.588	1.0	2.0	1.0	1.0					
16123.674	8.208999999998923	trials	29.0	16129.395233	16130.629248	16131.558075	16131.957785999999	16128.749804	16130.993363			1.0	2.0	0.0	3.0					
16134.818	18.694000000001324	trials	29.0	16149.270408	16150.706201	16151.520051	16151.687354	16148.28516	16150.932852	16152.173	16153.512	1.0	2.0	1.0	1.0					
16155.602	10.639999999999418	trials	29.0	16163.739926	16164.961861	16165.823805	16166.324129	16162.991316	16165.294923			1.0	2.0	0.0	3.0					
16170.132	25.390000000001237	trials	29.0	16191.499881	16192.888413	16193.725245	16193.943951	16190.638982	16193.123714	16194.378	16195.522	1.0	1.0	1.0	1.0					
16199.607	9.655000000000655	trials	29.0	16205.730467	16207.543797	16208.279631	16208.50037	16204.910445	16207.720718			1.0	2.0	1.0	1.0					
16212.802	15.239999999999782	trials	29.0	16224.300919	16224.652757	16227.617319	16228.123949	16223.702221	16224.643944			1.0		0.0	2.0					
16229.632	57.590000000000146	trials	29.0	16284.391164	16286.097743	16286.782017	16287.303122	16283.488481	16286.275719			1.0	2.0	0.0	3.0					
16290.087	14.666000000001077	trials	29.0	16301.195519	16302.217679	16302.977595	16303.171946	16300.247163	16302.452819	16303.822	16304.753	1.0	2.0	1.0	1.0					
16308.792	43.625	trials	29.0	16349.672746	16351.197708	16352.006009	16352.497341	16349.059182	16351.446222			1.0	2.0	0.0	3.0					
16355.326	16.53100000000086	trials	29.0	16369.236125	16371.098214			16368.481574	16371.337754			1.0	2.0	0.0	3.0					
16375.203	403.33900000000176	BlockDesign														1.0	822.0	842.0	50.0	90.0
16375.203	15.179000000001906	trials	30.0	16387.486245	16389.273021	16390.062627	16390.436628	16386.573659	16389.465125			1.0	1.0	0.0	3.0					
16392.365	19.372999999999593	trials	30.0	16407.69111	16409.106141	16409.936445	16410.134742	16407.162287	16409.331638	16410.592	16411.738	1.0	2.0	1.0	1.0					
16414.773	10.07300000000032	trials	30.0	16422.19649	16423.688028	16424.520765	16424.928893	16421.525154	16423.959923			1.0	2.0	0.0	3.0					
16426.773	29.699000000000524	trials	30.0	16453.962987	16455.328325	16456.158642	16456.50128	16453.208552	16455.560585			1.0	1.0	0.0	3.0					
16458.523	36.388999999999214	trials	30.0	16491.111902	16492.458152	16493.166227	16493.357241	16490.196036	16492.615278	16493.753	16494.912	1.0	2.0	1.0	1.0					
16498.927	14.525000000001455	trials	30.0	16509.713352	16510.81362	16511.668319	16511.857035	16509.154642	16511.053256	16512.202	16513.452	1.0	2.0	1.0	1.0					
16517.518	11.208999999998923	trials	30.0	16524.641904	16526.063975	16526.912508	16527.120003	16523.960507	16526.327816	16527.542	16528.727	1.0	2.0	1.0	1.0					
16531.747	26.514999999999418	trials	30.0	16554.246657	16555.723781	16556.493569	16556.705997	16553.54625	16556.025741	16557.137	16558.262	1.0	2.0	1.0	1.0					
16560.298	7.955000000001746	trials	30.0	16564.977190999998	16566.345905	16567.210188	16567.402553	16564.382004	16566.594872			1.0	2.0	1.0	1.0					
16571.683	9.708999999998923	trials	30.0	16577.167023	16578.618531	16579.4484	16579.634768	16576.642553	16578.895196	16580.017	16581.392	1.0	2.0	1.0	1.0					
16584.521	8.731999999999971	trials	30.0	16589.517206	16590.634125	16591.392861	16591.6347	16588.955319	16590.868764	16592.092	16593.253	1.0	2.0	1.0	1.0					
16597.268	11.024000000001251	trials	30.0	16603.707041	16605.42503	16606.24803	16606.591983	16602.750075	16605.678746999998	16606.892	16608.292	1.0	2.0	1.0	1.0					
16612.382	8.359999999996944	trials	30.0	16616.612474	16617.894911	16618.755597	16619.16611	16616.044103	16618.144763	16619.362	16620.742	1.0	2.0	1.0	1.0					
16624.762	9.036000000000058	trials	30.0	16628.972603	16630.469456	16631.659823	16631.945292	16628.08457	16631.081808	16632.342	16633.798	1.0	2.0	1.0	1.0					
16637.834	6.963999999999942	trials	30.0	16640.627069	16642.176076	16642.933667	16643.158626	16640.107032	16642.365867	16643.507	16644.798	1.0	2.0	1.0	1.0					
16647.883	9.518999999996595	trials	30.0	16652.963687	16654.565211	16655.520948	16655.848194	16652.407694	16654.995167	16656.092	16657.402	1.0	2.0	1.0	1.0					
16659.484	10.527999999998428	trials	30.0	16666.242233	16666.319354	16669.268978	16670.095634	16665.689793	16666.316085			1.0		0.0	2.0					
16671.392	24.424999999999272	trials	30.0	16691.327149	16692.829408999998	16693.752667	16694.070329	16690.341938999998	16693.224442	16694.317	16695.817	1.0	2.0	1.0	1.0					
16697.901	11.018999999996595	trials	30.0	16706.464187999998	16707.65943	16708.59626	16708.972562	16705.545726	16708.015076			1.0	2.0	0.0	3.0					
16712.902	50.98700000000099	trials	30.0	16761.352866	16762.575687	16763.563538	16763.947722	16760.687557	16762.897485			1.0	1.0	0.0	3.0					
16765.911	12.631000000001222	trials	30.0	16774.658777	16775.934918	16776.840275	16777.111459	16773.949568	16776.190917	16777.442	16778.542	1.0	2.0	1.0	1.0					
16781.617	152.7300000000032	BlockDesign														1.0	843.0	848.0	0.0	0.0
16781.617	7.467000000000553	trials	31.0	16786.468678	16787.926299	16788.746858	16789.163868	16785.691776	16788.17339			1.0	2.0	0.0	3.0					
16792.115	31.716999999996915	trials	31.0	16820.283272	16821.909192			16819.366901	16821.899201			1.0		0.0	2.0					
16826.91	25.552999999999884	trials	31.0	16849.550043	16851.17057	16852.052381	16852.544144	16848.554199	16851.406968			1.0	2.0	0.0	3.0					
16856.525	13.775999999998021	trials	31.0	16867.183403	16869.207857	16869.976679	16870.361146	16866.259224	16869.428132			1.0	1.0	0.0	3.0					
16873.302	18.424999999999272	trials	31.0	16889.04288	16890.485252	16891.309223	16891.809405	16888.060359	16890.707866			1.0	2.0	0.0	3.0					
16894.559	39.788000000000466	trials	31.0	16932.193805	16933.508357			16931.436861	16933.779576			1.0	2.0	0.0	3.0					
16937.646	1153.571	BlockDesign														1.0	849.0	895.0	50.0	10.0
16937.646	26.431000000000495	trials	32.0	16959.623298	16961.479302	16962.35594	16962.543156	16958.794302	16961.805173	16962.987	16964.077	1.0	1.0	1.0	1.0					
16967.117	12.725000000002183	trials	32.0	16975.558947	16976.778202	16977.958074	16978.21773	16974.945616	16977.30674	16978.542	16979.842	1.0	1.0	1.0	1.0					
16981.862	9.539999999997235	trials	32.0	16988.1543	16989.775643	16990.891841	16991.485741	16987.474965	16990.34361			1.0	1.0	0.0	3.0					
16995.138	16.888999999999214	trials	32.0	17009.510579	17010.651227	17011.562729	17012.111363	17008.683035000002	17010.982823			1.0	2.0	0.0	3.0					
17014.883	24.073999999996886	trials	32.0	17036.224857	17037.446042	17038.371176	17039.041722	17035.278401	17037.675086			1.0	2.0	0.0	3.0					
17040.667	26.029999999998836	trials	32.0	17061.849697999998	17063.847803	17064.687173	17064.936312	17060.852252	17064.104996000002	17066.477	17066.697	1.0	1.0	1.0	1.0					
17068.24	18.682999999997264	trials	32.0	17084.605572	17085.707978	17086.523592	17087.009996	17083.66242	17085.911169			1.0	2.0	0.0	3.0					
17090.762	30.37000000000262	trials	32.0	17116.675994	17118.491504999998	17119.311591	17119.554224	17115.870125	17118.761315	17120.097	17121.132	1.0	1.0	1.0	1.0					
17125.152	9.0	trials	32.0	17130.965771	17132.896607	17133.766308	17134.237124	17129.992929	17133.184103			1.0	1.0	0.0	3.0					
17138.042	50.24099999999817	trials	32.0	17185.919559	17187.249332	17187.986963	17188.365365	17185.246095	17187.445329			1.0	2.0	0.0	3.0					
17191.237	18.325000000000728	trials	32.0	17205.329516	17207.081195	17207.835222	17208.057516	17204.616212	17207.291847	17208.512	17209.562	1.0	1.0	1.0	1.0					
17211.662	9.764999999999418	trials	32.0	17216.855745	17218.8786	17219.614725	17219.788558	17216.143114	17219.063735	17220.217	17221.427	1.0	1.0	1.0	1.0					
17223.447	13.06499999999869	trials	32.0	17231.779956	17233.620237	17234.618928	17234.857559	17231.235977	17234.005824	17235.267	17236.512	1.0	1.0	1.0	1.0					
17240.594	9.40899999999965	trials	32.0	17247.004698	17248.691891	17249.591531	17250.088034	17246.233182	17248.936904			1.0	2.0	0.0	3.0					
17251.943	20.579000000001543	trials	32.0	17267.941547	17269.935896	17270.700683	17270.913936	17267.21526	17270.1509	17271.362	17272.522	1.0	1.0	1.0	1.0					
17276.542	8.342999999997119	trials	32.0	17282.305751	17283.401807	17284.565777	17284.969797	17281.648115	17283.986858			1.0	1.0	0.0	3.0					
17288.818	25.388999999999214	trials	32.0	17311.355457	17313.053855	17313.855341	17314.293171	17310.383681	17313.303992			1.0	1.0	0.0	3.0					
17316.167	18.380999999997584	trials	32.0	17331.910293	17333.312313	17334.288792	17334.519035	17331.103353	17333.649927			1.0	1.0	0.0	3.0					
17338.572	7.275000000001455	trials	32.0	17342.910035	17344.642535	17345.555	17345.931489	17342.250615	17344.914186			1.0	2.0	0.0	3.0					
17348.853	23.28900000000067	trials	32.0	17367.345693	17369.273704	17370.207573	17370.380469	17366.439535999998	17369.556087	17370.777	17372.142	1.0	1.0	1.0	1.0					
17375.221	13.310999999997875	trials	32.0	17383.967024999998	17385.730949	17386.630335	17386.929726	17383.094249	17386.061981	17387.192	17388.532	1.0	1.0	1.0	1.0					
17390.552	11.191999999999098	trials	32.0	17399.115566	17400.568361999998	17401.37954	17401.81166	17398.360688	17400.759459			1.0	1.0	0.0	3.0					
17405.673	43.068999999999505	trials	32.0	17445.630194	17447.59448	17448.395655	17448.806276	17444.862663	17447.78372			1.0	2.0	0.0	3.0					
17450.757	17.6449999999968	trials	32.0	17465.545643999998	17467.243448	17468.054356	17468.447741	17464.700814	17467.496979			1.0	1.0	0.0	3.0					
17471.423	18.74699999999939	trials	32.0	17487.585444	17488.803395	17489.798262	17490.25062	17486.60674	17489.138618			1.0	2.0	0.0	3.0					
17492.098	42.60399999999936	trials	32.0	17532.137378	17533.460981	17534.317113	17534.787025999998	17531.602334	17533.694267			1.0	2.0	0.0	3.0					
17536.632	23.75	trials	32.0	17557.686544	17558.872901	17559.875636	17560.469101	17557.139908	17559.240791			1.0	2.0	0.0	3.0					
17563.213	25.64900000000125	trials	32.0	17586.016811	17587.618674	17588.392841	17588.949549	17585.294598	17587.871833			1.0	1.0	0.0	3.0					
17591.628	15.818999999999505	trials	32.0	17603.911152	17605.315895	17607.199371	17607.530222	17603.077481	17605.639496			1.0	1.0	0.0	3.0					
17609.459	29.64300000000003	trials	32.0	17636.40291	17638.042031	17638.857812000002	17639.104517	17635.557629	17638.264154			1.0	2.0	0.0	3.0					
17643.133	30.86999999999898	trials	32.0	17670.920063999998	17672.835143	17673.674574	17674.090151	17670.187269000002	17673.074115			1.0	1.0	0.0	3.0					
17676.947	76.375	trials	32.0	17749.017635	17750.271047000002	17751.088584	17751.34293	17748.174273	17750.487891	17751.697	17753.322	1.0	1.0	1.0	1.0					
17756.382	11.32499999999709	trials	32.0	17764.767552	17765.814072	17766.665256	17766.879623	17763.978225	17766.04523			1.0	1.0	1.0	1.0					
17771.201	14.195999999999913	trials	32.0	17782.352696	17784.284145	17785.099722	17785.421496	17781.619016	17784.533283			1.0	1.0	0.0	3.0					
17789.474	22.973000000001775	trials	32.0	17808.343722	17809.795402	17810.760186	17810.97392	17807.763465	17810.102922	17811.392	17812.447	1.0	1.0	1.0	1.0					
17814.49	28.04699999999866	trials	32.0	17838.212417	17839.832451	17840.674799	17840.863158	17837.638162	17840.139317	17841.277	17842.537	1.0	1.0	1.0	1.0					
17846.557	7.325000000000728	trials	32.0	17851.312794	17852.61954	17853.503504	17853.971151	17850.794483	17852.88582			1.0	1.0	0.0	3.0					
17857.777	17.950000000000728	trials	32.0	17873.147687	17874.556001	17875.448082	17875.726373	17872.376589	17874.77732			1.0	2.0	0.0	3.0					
17878.802	23.459999999999127	trials	32.0	17899.917357	17901.189788	17902.01271	17902.346433	17898.995082	17901.420089			1.0	1.0	0.0	3.0					
17904.262	18.205000000001746	trials	32.0	17919.719527	17921.135379	17922.088958	17922.513759	17918.941043	17921.448681			1.0	1.0	0.0	3.0					
17925.399	27.4529999999977	trials	32.0	17948.603535000002	17950.225248	17951.054183	17951.293004	17947.864952	17950.486493	17951.642	17952.852	1.0	1.0	1.0	1.0					
17955.882	9.471999999997934	trials	32.0	17962.969817	17964.159177	17964.994955000002	17965.44048	17962.41096	17964.430467			1.0	1.0	0.0	3.0					
17968.322	15.584999999999127	trials	32.0	17980.929755	17982.725408	17983.615952	17983.961373	17980.286883	17982.941693			1.0	1.0	0.0	3.0					
17987.977	14.880000000001019	trials	32.0	17998.483615	18000.334872	18001.096382	18001.263645	17997.523592999998	18000.555169	18001.628	18002.857	1.0	1.0	1.0	1.0					
18006.927	7.036000000000058	trials	32.0	18011.043474	18012.652119	18013.567222	18014.053557	18010.44349	18012.799769			1.0	2.0	0.0	3.0					
18017.819	20.1929999999993	trials	32.0	18035.172044	18036.671616	18037.627416	18038.101479	18034.586263	18036.952102			1.0	2.0	0.0	3.0					
18039.932	51.284999999999854	trials	32.0	18087.073623	18088.511886	18089.32602	18089.583878	18086.168201	18088.732675	18089.992	18091.217	1.0	1.0	1.0	1.0					
18094.365	334.1219999999994	BlockDesign														0.0	896.0	915.0	90.0	50.0
18094.365	8.597999999998137	trials	33.0	18099.128738	18100.259938	18101.124792	18101.423319	18098.254442999998	18100.592856	18101.737	18102.963	1.0	1.0	1.0	1.0					
18105.023	10.128999999997177	trials	33.0	18110.64477	18112.400709	18113.135343	18113.365995	18109.737501	18112.607264	18113.882	18115.152	1.0	1.0	1.0	1.0					
18117.217	10.434999999997672	trials	33.0	18123.833829	18125.050262	18125.80443	18126.064125	18123.059285	18125.249583	18126.332	18127.652	1.0	1.0	1.0	1.0					
18130.742	11.530000000002474	trials	33.0	18138.099089	18139.344122	18140.103785	18140.40547	18137.372686	18139.557056999998	18140.662	18142.272	1.0	1.0	1.0	1.0					
18146.349	11.13300000000163	trials	33.0	18153.083743	18154.912715	18155.604369	18155.746589	18152.267948	18155.050806	18156.147	18157.482	1.0	1.0	1.0	1.0					
18159.578	11.288999999997031	trials	33.0	18166.354419	18168.258642	18168.984798	18169.262733	18165.61257	18168.480314	18169.562	18170.867	1.0	1.0	1.0	1.0					
18172.954	10.423999999999069	trials	33.0	18179.13385	18180.60137	18181.359638	18181.560132	18178.424012	18180.810528	18181.842	18183.378	1.0	1.0	1.0	1.0					
18186.427	10.895000000000437	trials	33.0	18192.649561	18194.597738	18195.324678	18195.566724	18191.799632	18194.791997	18196.007	18197.322	1.0	1.0	1.0	1.0					
18200.459	9.228000000002794	trials	33.0	18205.555659	18206.96546	18207.843818	18208.086556	18204.794024	18207.213507	18208.478	18209.687	1.0	1.0	1.0	1.0					
18212.772	8.745999999999185	trials	33.0	18217.430768	18218.94617	18219.770429	18219.939996	18216.504951	18219.200802	18220.267	18221.518	1.0	1.0	1.0	1.0					
18225.644	6.3879999999990105	trials	33.0	18227.659097	18229.002273	18230.132649	18230.316862	18226.918751	18229.366308	18230.692	18232.032	1.0	1.0	1.0	1.0					
18234.088	7.7040000000015425	trials	33.0	18238.543922	18239.878026	18240.794241	18241.021943	18237.975933	18240.186539			1.0	1.0	1.0	1.0					
18245.258	10.768999999996595	trials	33.0	18251.854934	18253.388675000002	18254.149313	18254.36921	18250.892866000002	18253.607024	18254.692	18256.027	1.0	1.0	1.0	1.0					
18260.084	10.243000000002212	trials	33.0	18266.049144	18267.708038	18268.340176	18268.59723	18265.46663	18267.789963	18268.967	18270.327	1.0	1.0	1.0	1.0					
18273.379	10.26299999999901	trials	33.0	18278.70455	18280.775439	18281.715908	18281.926787	18277.971652	18281.145968	18282.352	18283.642	1.0	1.0	1.0	1.0					
18286.682	9.465000000000146	trials	33.0	18293.391165	18294.996338	18295.833547000002	18296.235846	18292.662627	18295.302335			1.0	1.0	0.0	3.0					
18300.132	14.219999999997526	trials	33.0	18311.36468	18312.808563	18313.801631	18314.443092	18310.461462	18312.955382			1.0	2.0	0.0	3.0					
18316.092	80.61499999999796	trials	33.0	18392.964694	18394.152517	18394.866501999997	18395.156888999998	18392.078901999997	18394.340764999997	18395.637	18396.707	1.0	1.0	1.0	1.0					
18400.772	14.25499999999738	trials	33.0	18410.453374999997	18412.159888	18413.159803	18413.349507	18409.943086	18412.644987999996	18413.932	18415.027	1.0	1.0	1.0	1.0					
18418.112	10.375	trials	33.0	18424.113424	18425.895516999997	18426.600892	18426.809232	18423.507499	18426.070881	18427.207	18428.487	1.0	1.0	1.0	1.0					
18430.59	208.77200000000084	BlockDesign														0.0	916.0	927.0	50.0	0.0
18430.59	10.663000000000466	trials	34.0	18436.523701	18437.699067999998	18438.970613999998	18439.219416999997	18435.530403999997	18438.409882999997	18439.713	18441.253	2.0	1.0	1.0	1.0					
18443.347	29.6449999999968	trials	34.0	18469.688619999997	18471.659960999998	18472.664874	18472.928332	18468.817530999997	18472.102032			2.0	1.0	0.0	3.0					
18477.057	9.236000000000786	trials	34.0	18483.064154999996	18485.034244	18485.806013999998	18486.216299999996	18482.20297	18485.281250999997			2.0	1.0	0.0	3.0					
18489.293	17.00499999999738	trials	34.0	18501.568562999997	18503.190882	18504.347976999998	18504.61078	18500.980506999997	18503.762581	18505.332	18506.298	2.0	1.0	1.0	1.0					
18508.334	10.088999999999942	trials	34.0	18515.613780999996	18517.254975999997	18518.007327	18518.411665	18514.806000999997	18517.478615999997			2.0	1.0	0.0	3.0					
18521.417	27.139999999999418	trials	34.0	18544.833336	18545.993060999997	18546.773979999998	18546.965223	18543.858168	18546.263799999997	18547.392	18548.557	2.0	1.0	1.0	1.0					
18550.618	7.199000000000524	trials	34.0	18554.873857	18556.545165999996	18557.428006	18557.721537999998	18554.222185	18556.855431999997			2.0	1.0	0.0	3.0					
18561.902	26.55500000000029	trials	34.0	18583.958712	18585.431178	18586.460406	18586.686549	18583.338118	18585.886368	18587.247	18588.457	2.0	1.0	1.0	1.0					
18590.477	10.845000000001164	trials	34.0	18597.144387999997	18598.437508	18599.251754999998	18599.411937999997	18596.448687999997	18598.722585999996	18599.872	18601.322	2.0	1.0	1.0	1.0					
18603.417	11.649999999997817	trials	34.0	18611.224248	18612.976533999998			18610.591522	18612.973044			2.0		0.0	2.0					
18618.099	16.288000000000466	trials	34.0	18631.381335	18633.031059999998	18633.889349999998	18634.181662	18630.677232	18633.338217999997			2.0	1.0	0.0	3.0					
18638.302	1.0600000000013097	trials	34.0											0.0	0.0					
