onset	duration	nwb_table	block	tone_on_time	tone_off_time	action_on_time	action_off_time	pokeC_on_time	pokeC_off_time	reward_on_time	reward_off_time	state	action	reward	result	FinishedBlock	FirstTrial	LastTrial	RewardRule_L	RewardRule_R
2.672	393.823	BlockDesign														1.0	1.0	20.0	50.0	0.0
2.672	10.945	trials	1.0	11.256893	12.359084999999999	13.226225999999999	13.706199999999999	10.581748	12.723683999999999			2.0	1.0	0.0	3.0					
16.572	20.151	trials	1.0	34.09171	35.628768	36.426283	36.812439	33.201412	35.98599			2.0	1.0	0.0	3.0					
38.727	19.091	trials	1.0	54.586917	56.47884	57.429151	57.856218999999996	53.900472	56.748565			2.0	2.0	0.0	3.0					
61.747	20.016000000000005	trials	1.0	77.51859	79.116888	79.972063	80.121686	76.732946	79.457485	80.572	81.763	2.0	1.0	1.0	1.0					
83.783	10.448999999999998	trials	1.0	89.862448	91.44214	92.230025	92.515723	89.150937	91.715086	92.848	94.232	2.0	1.0	1.0	1.0					
96.322	7.609999999999999	trials	1.0	101.12710799999999	102.839424	103.552725	104.02212899999999	100.365048	103.05924399999999			2.0	1.0	0.0	3.0					
107.947	20.435000000000002	trials	1.0	124.112647	125.763316	126.435912	126.636175	123.205327	125.996416	127.053	128.382	2.0	1.0	1.0	1.0					
131.404	9.212999999999994	trials	1.0	137.857804	139.029765	140.02306	140.706181	137.082142	139.248288			2.0	1.0	0.0	3.0					
142.407	15.794999999999987	trials	1.0	155.032777	157.008387	157.90186	158.267383	154.303297	157.257139			2.0	2.0	0.0	3.0					
162.287	36.79999999999998	trials	1.0	195.987994	198.051327	198.780045	199.127968	195.435379	198.297604			2.0	1.0	0.0	3.0					
201.167	21.064999999999998	trials	1.0	219.332707	221.084332	221.906784	222.320419	218.529966	221.36637			2.0	1.0	0.0	3.0					
225.14	21.437000000000012	trials	1.0	242.323296	243.414991	244.634848	244.889257	241.648134	244.156947	245.292	246.577	2.0	1.0	1.0	1.0					
249.667	6.52000000000001	trials	1.0	253.648534	254.948758	255.959019	256.22139300000003	253.12873199999999	255.27570599999999			2.0	2.0	0.0	3.0					
258.197	25.714999999999975	trials	1.0	278.84282699999994	280.684158	282.047604	282.34237499999995	277.887827	281.05442400000004	282.742	283.912	2.0	1.0	1.0	1.0					
287.932	6.540999999999997	trials	1.0	291.83800299999996	292.94643900000005	293.861355	294.56284500000004	291.250633	293.349747			2.0	1.0	0.0	3.0					
296.102	17.65500000000003	trials	1.0	311.198172	312.57030999999995	313.508507	313.793173	310.49452899999994	312.96736			2.0	1.0	0.0	3.0					
315.767	27.0	trials	1.0	338.17775200000005	340.188537	340.925928	341.156201	337.49289899999997	340.45390299999997	341.592	342.767	2.0	1.0	1.0	1.0					
346.858	9.502999999999986	trials	1.0	353.833518	355.03014399999995	355.98358299999995	356.378826	353.178447	355.337486			2.0	1.0	0.0	3.0					
359.357	26.264999999999986	trials	1.0	380.998249	383.000184	383.79862	384.08134600000005	380.049478	383.32669899999996	384.267	385.622	2.0	1.0	1.0	1.0					
387.64	8.855000000000018	trials	1.0	393.91329099999996	395.696016	396.48598200000004	396.81863799999996	393.215323	395.954286			2.0	1.0	0.0	3.0					
398.804	547.298	BlockDesign														1.0	21.0	40.0	0.0	50.0
398.804	22.563000000000045	trials	2.0	417.048502	418.89991	419.74087399999996	420.00331200000005	416.16961000000003	419.177368	420.342	421.367	3.0	2.0	1.0	1.0					
425.432	11.58099999999996	trials	2.0	432.38821299999995	434.394729	435.34296700000004	435.593699	431.756763	434.71205499999996	435.922	437.013	3.0	2.0	1.0	1.0					
439.155	15.757000000000005	trials	2.0	451.83364500000005	453.730102	454.61313399999995	454.99345800000003	451.177416	453.99708999999996			3.0	2.0	0.0	3.0					
457.913	24.303999999999974	trials	2.0	479.739142	481.06458699999996	481.881357	482.306324	478.964164	481.287997			3.0	2.0	0.0	3.0					
485.178	25.658999999999992	trials	2.0	506.60566300000005	508.151291	509.02923599999997	509.169212	505.798846	508.435245	509.712	510.837	3.0	2.0	1.0	1.0					
514.929	87.08400000000006	trials	2.0	599.129046	600.826686	601.6202870000001	602.10504	598.2918530000001	601.033012			3.0	2.0	0.0	3.0					
603.928	19.019000000000005	trials	2.0	618.690906	620.401258	621.248287	621.4448140000001	617.901889	620.671326	621.827	622.947	3.0	2.0	1.0	1.0					
625.013	23.87399999999991	trials	2.0	645.964237	647.806956	648.56272	648.966868	645.098244	647.98263			3.0	2.0	0.0	3.0					
651.868	15.843999999999937	trials	2.0	664.271215	665.711016	666.8734380000001	667.31133	663.602754	666.221311			3.0	2.0	0.0	3.0					
669.163	20.389999999999986	trials	2.0	685.7351080000001	687.639732	688.521483	688.72729	685.192672	687.94077			3.0	2.0	1.0	1.0					
692.075	15.52699999999993	trials	2.0	703.485392	704.586099	705.653078	705.794832	702.535168	704.955453	706.197	707.602	3.0	2.0	1.0	1.0					
711.397	10.644999999999982	trials	2.0	718.8892910000001	720.8798380000001	721.736497	721.9681770000001	718.0268960000001	721.113789			3.0	2.0	0.0	3.0					
726.053	23.644000000000005	trials	2.0	745.559629	746.811133	747.97105	748.128085	744.978078	747.325987	748.497	749.697	3.0	2.0	1.0	1.0					
752.717	14.813999999999965	trials	2.0	763.195209	764.596258	765.5286520000001	765.738364	762.288592	764.90758	766.082	767.531	3.0	2.0	1.0	1.0					
769.492	10.295000000000073	trials	2.0	777.0251870000001	778.398021	779.42818	779.877577	776.161302	778.732087			3.0	2.0	0.0	3.0					
781.732	25.420000000000073	trials	2.0	804.6249670000001	805.83453	806.8035060000001	807.241174	804.007476	806.128738			3.0	2.0	0.0	3.0					
811.088	22.869000000000028	trials	2.0	829.981354	831.3512470000001	832.289587	832.463466	829.055755	831.661149	832.778	833.957	3.0	2.0	1.0	1.0					
836.022	15.862999999999943	trials	2.0	849.23191	850.545939	851.5532860000001	851.935059	848.29028	850.941868			3.0	2.0	0.0	3.0					
854.832	55.68100000000004	trials	2.0	907.591278	909.382687	910.206573	910.6008	906.835284	909.586372			3.0	2.0	0.0	3.0					
912.518	33.583999999999946	trials	2.0	941.960634	943.4048720000001	944.3437720000001	944.534355	941.02759	943.753054	944.947	946.102	3.0	2.0	1.0	1.0					
950.268	970.674	BlockDesign														1.0	41.0	81.0	50.0	50.0
950.268	16.198999999999955	trials	3.0	963.482253	965.10868	965.990487	966.117438	962.750071	965.40903			3.0	2.0	0.0	3.0					
969.287	19.079999999999927	trials	3.0	983.732109	985.647066	986.508138	986.684248	982.833669	985.9483690000001	987.009	988.367	3.0	2.0	1.0	1.0					
991.432	13.418999999999983	trials	3.0	1002.465369	1003.627029	1004.463436	1004.91481	1001.5824250000001	1003.9395880000001			2.0	1.0	0.0	3.0					
1006.84	36.596999999999866	trials	3.0	1040.935323	1042.158115	1043.0042369999999	1043.526022	1039.9307	1042.4705319999998			3.0	2.0	0.0	3.0					
1045.252	17.090000000000146	trials	3.0	1058.241388	1059.8543379999999	1060.5205959999998	1060.779102	1057.3283979999999	1060.046838	1061.077	1062.342	2.0	1.0	1.0	1.0					
1066.443	9.183999999999969	trials	3.0	1071.450981	1072.79011	1073.683959	1073.9390999999998	1070.828217	1073.2074129999999	1074.257	1075.627	2.0	1.0	1.0	1.0					
1078.721	48.08600000000001	trials	3.0	1122.5318229999998	1123.8588029999999	1124.928536	1125.0979889999999	1121.7420129999998	1124.371909	1125.567	1126.807	3.0	2.0	1.0	1.0					
1128.743	12.469000000000051	trials	3.0	1137.787322	1139.646151	1140.8453909999998	1141.303768	1137.10033	1140.289623			2.0	1.0	0.0	3.0					
1145.117	14.63000000000011	trials	3.0	1156.4567829999999	1158.502888	1159.4033379999998	1159.840548	1155.9009159999998	1158.772113			3.0	2.0	0.0	3.0					
1162.648	16.869000000000142	trials	3.0	1176.9865209999998	1178.2584789999999	1179.003405	1179.61053	1176.032462	1178.5105449999999			2.0	1.0	0.0	3.0					
1181.319	63.278999999999996	trials	3.0	1240.1715689999999	1241.748766	1242.526969	1242.788241	1239.2153739999999	1241.988588	1243.232	1244.598	3.0	2.0	1.0	1.0					
1246.697	12.600000000000136	trials	3.0	1255.331764	1256.723121	1257.4653759999999	1257.6941789999998	1254.445458	1257.0111069999998	1258.098	1259.297	2.0	1.0	1.0	1.0					
1261.457	34.024999999999864	trials	3.0	1291.3498419999999	1292.900011	1293.72606	1293.953389	1290.404863	1293.1570479999998	1294.303	1295.482	2.0	1.0	1.0	1.0					
1299.502	10.275000000000091	trials	3.0	1305.806729	1307.162899	1308.095556	1308.2896119999998	1304.828255	1307.4117449999999	1308.757	1309.777	3.0	2.0	1.0	1.0					
1312.868	10.90800000000013	trials	3.0	1320.9472019999998	1322.702419	1323.417585	1323.686193	1320.1279149999998	1322.8011			3.0	2.0	0.0	3.0					
1326.778	43.462999999999965	trials	3.0	1367.943481	1369.1930909999999	1369.91872	1370.3295369999998	1367.080626	1369.469848			2.0	1.0	0.0	3.0					
1373.291	24.03099999999995	trials	3.0	1393.0684749999998	1394.938261	1395.6702429999998	1395.8711349999999	1392.423744	1395.2009349999998	1396.292	1397.322	2.0	1.0	1.0	1.0					
1400.338	9.558999999999969	trials	3.0	1405.686688	1407.2855279999999	1408.2082599999999	1408.401586	1404.900786	1407.5515329999998	1408.733	1409.897	3.0	2.0	1.0	1.0					
1411.917	41.28500000000008	trials	3.0	1450.3274099999999	1451.911615	1452.6740619999998	1453.293354	1449.539253	1452.159723			3.0	2.0	0.0	3.0					
1455.902	14.284999999999854	trials	3.0	1467.697759	1468.735485	1469.823555	1470.277564	1466.954211	1469.2232729999998			3.0	2.0	0.0	3.0					
1472.163	19.95399999999995	trials	3.0	1487.639309	1489.591657	1490.411649	1490.6085389999998	1487.1071849999998	1489.8280089999998	1491.067	1492.117	3.0	2.0	1.0	1.0					
1496.21	28.541999999999916	trials	3.0	1520.5171449999998	1521.920475	1523.0419089999998	1523.2421949999998	1519.788899	1522.5331509999999	1523.617	1524.752	2.0	1.0	1.0	1.0					
1528.772	9.926000000000158	trials	3.0	1535.6490239999998	1537.674184	1538.3449899999998	1538.76685	1534.687107	1537.8562049999998			2.0	1.0	0.0	3.0					
1540.638	16.119000000000142	trials	3.0	1553.899222	1555.048542	1555.9786769999998	1556.847681	1553.07532	1555.481527			2.0	1.0	0.0	3.0					
1558.218	24.4849999999999	trials	3.0	1579.892793	1581.4707839999999	1582.4020409999998	1582.7832329999999	1579.229819	1581.761595			3.0	2.0	0.0	3.0					
1586.682	24.545000000000073	trials	3.0	1607.078485	1608.764534	1609.49373	1609.714231	1606.4586669999999	1609.001887	1610.117	1611.227	2.0	1.0	1.0	1.0					
1614.243	17.34900000000016	trials	3.0	1628.98812	1630.336785	1631.191192	1631.683789	1628.1983169999999	1630.681327			3.0	1.0	0.0	3.0					
1635.428	18.75	trials	3.0	1651.532383	1653.083346	1653.885937	1654.225798	1650.690844	1653.296157			3.0	2.0	0.0	3.0					
1657.188	22.218999999999824	trials	3.0	1676.5789149999998	1678.28552	1679.043195	1679.49895	1676.028582	1678.5274869999998			2.0	1.0	0.0	3.0					
1682.345	24.22699999999986	trials	3.0	1702.8383099999999	1703.973204	1704.993828	1705.158816	1702.2778469999998	1704.3383979999999	1705.617	1706.572	3.0	2.0	1.0	1.0					
1708.602	12.701000000000022	trials	3.0	1716.978091	1718.646112	1719.436579	1719.603502	1716.171146	1718.8813049999999	1720.057	1721.303	2.0	1.0	1.0	1.0					
1723.357	8.405999999999949	trials	3.0	1729.414084	1730.6750519999998	1731.462996	1731.856705	1728.4391859999998	1730.960169			2.0	1.0	0.0	3.0					
1734.767	25.8599999999999	trials	3.0	1757.1580589999999	1758.71383			1756.464859	1758.70642			3.0		0.0	2.0					
1764.698	14.05399999999986	trials	3.0	1775.218656	1777.023456	1777.7937359999999	1778.246394	1774.39188	1777.300119			2.0	1.0	0.0	3.0					
1782.087	16.40000000000009	trials	3.0	1794.3435539999998	1795.8473609999999	1796.7815979999998	1796.995491	1793.7174269999998	1796.17664	1797.272	1798.487	3.0	2.0	1.0	1.0					
1800.428	29.625	trials	3.0	1825.704262	1827.4023359999999	1828.0601219999999	1828.3361439999999	1824.979672	1827.600217	1828.654	1830.053	2.0	1.0	1.0	1.0					
1832.138	11.09900000000016	trials	3.0	1839.558472	1840.7370119999998	1841.463331	1841.653171	1838.88629	1841.0014709999998	1841.997	1843.237	2.0	1.0	1.0	1.0					
1846.257	7.009999999999991	trials	3.0	1850.324089	1852.242703	1852.9603889999999	1853.33439	1849.6028589999999	1852.5092579999998			2.0	1.0	0.0	3.0					
1856.272	27.160000000000082	trials	3.0	1879.3740429999998	1880.7145659999999	1881.8130159999998	1882.018081	1878.49273	1881.197526	1882.553	1883.432	3.0	2.0	1.0	1.0					
1885.522	8.047000000000025	trials	3.0	1891.1640579999998	1892.357605	1893.21532	1893.629772	1890.351972	1892.6163609999999			3.0	2.0	0.0	3.0					
1895.517	25.424999999999955	trials	3.0	1918.275606	1919.9913339999998	1920.902554	1921.334238	1917.6571059999999	1920.3200789999999			3.0	2.0	0.0	3.0					
1925.227	131.16499999999974	BlockDesign														1.0	82.0	86.0	0.0	0.0
1925.227	18.631999999999834	trials	4.0	1940.879377	1942.6612739999998	1943.5425	1943.955825	1940.1179439999999	1943.06019			2.0	1.0	0.0	3.0					
1947.772	26.580000000000155	trials	4.0	1971.7506039999998	1973.152731	1973.985121	1974.4476479999998	1970.959723	1973.4857949999998			2.0	1.0	0.0	3.0					
1978.326	22.160000000000082	trials	4.0	1997.3701979999998	1999.200846	2000.092888	2000.560636	1996.8455079999999	1999.621173			2.0	1.0	0.0	3.0					
2004.428	26.94399999999996	trials	4.0	2028.779994	2029.947721	2031.002407	2031.420954	2028.0158159999999	2030.376609			2.0	2.0	0.0	3.0					
2034.303	22.088999999999714	trials	4.0	2054.189287	2055.481099	2056.389529	2056.725144	2053.6482330000003	2055.783828			2.0	1.0	0.0	3.0					
2060.741	128.91100000000006	BlockDesign														1.0	87.0	91.0	0.0	0.0
2060.741	22.001999999999953	trials	5.0	2080.361632	2081.498607	2082.4278710000003	2082.762663	2079.768364	2081.766547			3.0	2.0	0.0	3.0					
2085.663	26.748999999999796	trials	5.0	2109.530455	2111.2564780000002	2112.065191	2112.507838	2108.748121	2111.432991			3.0	2.0	0.0	3.0					
2116.335	17.152000000000044	trials	5.0	2130.255255	2132.2808050000003	2133.1390490000003	2133.5808850000003	2129.571493	2132.5074560000003			3.0	2.0	0.0	3.0					
2137.373	29.82900000000018	trials	5.0	2164.354734	2166.074982	2166.908017	2167.289104	2163.543564	2166.360213			3.0	2.0	0.0	3.0					
2172.287	17.365000000000236	trials	5.0	2186.905686	2188.4719480000003	2189.379166	2189.745777	2186.200671	2188.768947			3.0	2.0	0.0	3.0					
2192.774	867.998	BlockDesign														1.0	92.0	134.0	50.0	50.0
2192.774	18.968000000000302	trials	6.0	2208.1160130000003	2209.1938210000003	2210.146761	2210.3551190000003	2207.570103	2209.546654	2210.697	2211.742	3.0	2.0	1.0	1.0					
2213.827	12.134999999999764	trials	6.0	2223.6050870000004	2224.714168	2225.637412	2226.037678	2222.6937110000003	2225.162613			2.0	1.0	0.0	3.0					
2227.932	25.645000000000437	trials	6.0	2249.676321	2250.9505710000003	2251.8076920000003	2252.0404900000003	2248.8047960000004	2251.2370330000003	2252.477	2253.577	2.0	1.0	1.0	1.0					
2257.627	9.034999999999854	trials	6.0	2262.380514	2263.969674	2264.839597	2265.15621	2261.448879	2264.248153	2265.502	2266.662	3.0	2.0	1.0	1.0					
2269.642	8.621000000000095	trials	6.0	2275.7107450000003	2277.0523740000003	2277.982164	2278.3305520000004	2274.924055	2277.4148290000003			3.0	2.0	0.0	3.0					
2280.304	24.958999999999833	trials	6.0	2302.7057280000004	2304.008682	2304.8321490000003	2305.3612390000003	2302.185822	2304.3465220000003			2.0	1.0	0.0	3.0					
2309.198	16.32900000000018	trials	6.0	2321.2910620000002	2322.792849	2323.5719790000003	2323.729984	2320.388119	2323.079737	2324.267	2325.527	2.0	1.0	1.0	1.0					
2328.547	12.407000000000153	trials	6.0	2337.560775	2339.5894900000003	2340.635206	2340.975394	2336.7788020000003	2339.9749180000003			3.0	2.0	0.0	3.0					
2342.956	19.67599999999993	trials	6.0	2359.5459450000003	2361.462594	2362.117914	2362.730047	2358.85572	2361.678985			2.0	1.0	0.0	3.0					
2366.368	19.528999999999996	trials	6.0	2381.836095	2383.1746310000003	2384.156742	2384.359395	2381.1725960000003	2383.520011	2384.723	2385.897	3.0	2.0	1.0	1.0					
2387.963	10.968999999999596	trials	6.0	2396.126236	2397.866469	2398.580172	2399.030752	2395.293771	2398.0850640000003			2.0	1.0	0.0	3.0					
2400.868	21.376999999999953	trials	6.0	2419.036846	2420.6467700000003	2421.907732	2422.342513	2418.505436	2421.287119			3.0	2.0	0.0	3.0					
2425.147	22.26000000000022	trials	6.0	2443.501245	2444.6442690000003	2445.632901	2446.078296	2442.9844000000003	2445.1427670000003	2446.207	2447.407	2.0	1.0	1.0	1.0					
2450.428	6.949000000000069	trials	6.0	2454.3669050000003	2456.343103	2457.084874	2457.4645250000003	2453.597818	2456.469774			3.0	2.0	0.0	3.0					
2460.413	22.764999999999873	trials	6.0	2478.8963470000003	2480.479534	2481.443295	2481.692785	2478.3854410000004	2480.833903	2482.007	2483.178	3.0	2.0	1.0	1.0					
2487.207	10.516000000000076	trials	6.0	2492.471371	2494.9135220000003	2495.698081	2495.987086	2491.7571580000003	2495.20471	2496.303	2497.723	2.0	1.0	1.0	1.0					
2500.647	11.576000000000022	trials	6.0	2509.481317	2511.24586	2511.909111	2512.3198500000003	2508.592555	2511.4219580000004			2.0	1.0	0.0	3.0					
2514.21	22.72699999999986	trials	6.0	2534.657232	2535.893086	2536.653487	2537.022582	2533.6715050000003	2536.1031550000002			3.0	2.0	0.0	3.0					
2540.961	21.166000000000167	trials	6.0	2558.186424	2559.567766	2560.377433	2560.5904250000003	2557.313191	2559.914472	2560.867	2562.127	2.0	1.0	1.0	1.0					
2565.147	32.15000000000009	trials	6.0	2593.5020090000003	2594.614305	2595.4009610000003	2595.632137	2592.5491150000003	2594.9254290000003	2595.912	2597.297	2.0	1.0	1.0	1.0					
2599.198	9.68100000000004	trials	6.0	2604.7870310000003	2606.272683	2607.1192760000004	2607.3520550000003	2604.087391	2606.531304	2607.707	2608.879	3.0	2.0	1.0	1.0					
2611.958	6.4409999999998035	trials	6.0	2616.061576	2617.207228	2618.0886990000004	2618.4502970000003	2615.1210140000003	2617.498755			3.0	2.0	0.0	3.0					
2622.397	18.516000000000076	trials	6.0	2638.5566980000003	2639.8151540000003	2640.6058350000003	2641.006731	2637.620635	2640.108885			2.0	1.0	0.0	3.0					
2642.842	24.159999999999854	trials	6.0	2662.382125	2664.390433	2665.219728	2665.4303600000003	2661.8047260000003	2664.64548	2665.742	2667.002	3.0	2.0	1.0	1.0					
2670.022	35.815000000000055	trials	6.0	2702.147262	2703.245974	2704.135789	2704.3303530000003	2701.5095260000003	2703.504565	2704.694	2705.837	3.0	2.0	1.0	1.0					
2709.922	10.409000000000106	trials	6.0	2717.529199	2719.169275	2719.963741	2720.385988	2716.868422	2719.4543080000003			2.0	1.0	0.0	3.0					
2722.292	16.970000000000255	trials	6.0	2735.646924	2737.274355			2734.721934	2737.263679			2.0		0.0	2.0					
2742.292	18.414999999999964	trials	6.0	2756.727426	2758.264086	2759.0959780000003	2759.386965	2755.757365	2758.5680930000003	2759.667	2760.707	3.0	2.0	1.0	1.0					
2762.802	9.724999999999909	trials	6.0	2769.699211	2771.3212510000003	2772.1463510000003	2772.622369	2768.982747	2771.557663			3.0	2.0	0.0	3.0					
2774.397	26.34400000000005	trials	6.0	2798.0478900000003	2799.1746350000003	2800.4417160000003	2800.8076650000003	2797.484355	2799.641242			2.0	2.0	0.0	3.0					
2803.745	12.461999999999989	trials	6.0	2813.543035	2815.0510120000004	2815.846128	2816.3073010000003	2812.66761	2815.229578			3.0	2.0	0.0	3.0					
2820.098	15.918999999999869	trials	6.0	2831.507938	2833.4549850000003	2834.2312460000003	2834.5177390000003	2830.8929110000004	2833.724229	2834.797	2836.017	2.0	1.0	1.0	1.0					
2840.178	8.045000000000073	trials	6.0	2843.958204	2845.2341730000003	2846.069043	2846.531638	2843.05558	2845.569688	2846.647	2848.223	2.0	1.0	1.0	1.0					
2850.242	7.449999999999818	trials	6.0	2854.543129	2856.6004860000003	2857.287996	2857.7889600000003	2853.986254	2856.837849			2.0	1.0	0.0	3.0					
2860.603	29.284999999999854	trials	6.0	2887.182655	2888.69598	2889.555655	2889.9822360000003	2886.2403750000003	2888.982307			3.0	2.0	0.0	3.0					
2892.827	22.074999999999818	trials	6.0	2911.053112	2912.334891	2913.034884	2913.342916	2910.11917	2912.578386	2913.566	2914.902	2.0	1.0	1.0	1.0					
2918.963	7.373999999999796	trials	6.0	2922.3035250000003	2923.378996	2924.3359760000003	2924.549865	2921.605939	2923.647982	2924.912	2926.337	3.0	2.0	1.0	1.0					
2928.185	29.78800000000001	trials	6.0	2953.5635420000003	2955.1498030000002	2956.186657	2956.4072410000003	2952.7388410000003	2955.508177	2956.787	2957.973	3.0	2.0	1.0	1.0					
2960.022	13.780999999999949	trials	6.0	2971.4497810000003	2972.5961580000003	2973.526126	2973.84195	2970.522672	2972.8728840000003			2.0	2.0	0.0	3.0					
2976.852	16.769999999999982	trials	6.0	2990.658714	2992.510683	2993.378854	2993.6589080000003	2990.084683	2992.746927			3.0	2.0	0.0	3.0					
2996.632	16.549999999999727	trials	6.0	3010.0630800000004	3011.886394	3012.796987	3013.281763	3009.5431980000003	3012.192759			3.0	2.0	0.0	3.0					
3015.082	20.325000000000273	trials	6.0	3032.188458	3034.1329920000003	3035.1077680000003	3035.481111	3031.377586	3034.476814			3.0	2.0	0.0	3.0					
3038.417	22.355000000000018	trials	6.0	3058.0440590000003	3060.1202230000004			3057.496504	3060.361729			2.0	1.0	0.0	3.0					
3063.022	347.951	BlockDesign														1.0	135.0	155.0	50.0	90.0
3063.022	20.990999999999985	trials	7.0	3079.378809	3081.3888429999997	3082.6169769999997	3082.7940129999997	3078.7535759999996	3082.10005	3083.138	3084.013	1.0	2.0	1.0	1.0					
3086.032	10.114999999999782	trials	7.0	3092.06292	3093.8467659999997	3094.6344999999997	3094.802518	3091.3356219999996	3094.066777	3095.112	3096.147	1.0	2.0	1.0	1.0					
3099.167	10.135999999999967	trials	7.0	3103.014237	3104.9741609999996	3109.157968	3109.408818	3102.219855	3104.9671989999997			1.0		0.0	2.0					
3109.882	29.59999999999991	trials	7.0	3135.05437	3136.474961	3137.768224	3138.027642	3134.1169739999996	3137.1581969999997	3138.492	3139.482	1.0	2.0	1.0	1.0					
3143.572	10.434999999999945	trials	7.0	3149.0034189999997	3151.0248789999996	3152.192137	3152.4008369999997	3148.447558	3151.613926	3152.747	3154.007	1.0	2.0	1.0	1.0					
3158.069	30.27300000000014	trials	7.0	3184.179123	3185.6547699999996	3186.725545	3186.939775	3183.546429	3186.151696	3187.428	3188.342	1.0	2.0	1.0	1.0					
3191.362	9.809999999999945	trials	7.0	3196.8683239999996	3198.652068	3199.548081	3199.738018	3195.9103859999996	3198.9423899999997	3200.016	3201.172	1.0	2.0	1.0	1.0					
3204.248	8.228999999999814	trials	7.0	3208.414765	3209.8478109999996	3210.8251149999996	3211.045662	3207.4478	3210.2437729999997	3211.372	3212.477	1.0	2.0	1.0	1.0					
3215.507	9.549999999999727	trials	7.0	3220.4285769999997	3222.305814	3223.121554	3223.5662639999996	3219.8522879999996	3222.542274	3223.672	3225.057	1.0	2.0	1.0	1.0					
3229.1	9.711999999999989	trials	7.0	3234.3283819999997	3236.0348679999997	3237.086832	3237.385273	3233.605573	3236.5974669999996	3237.712	3238.812	1.0	2.0	1.0	1.0					
3241.866	8.280999999999949	trials	7.0	3245.743189	3247.370629	3248.373906	3248.550508	3245.222824	3247.780242	3248.912	3250.147	1.0	2.0	1.0	1.0					
3254.178	7.079000000000178	trials	7.0	3256.443519	3258.3102999999996	3259.6386329999996	3259.863352	3255.7727879999998	3259.072018	3260.263	3261.257	1.0	2.0	1.0	1.0					
3265.352	5.701000000000022	trials	7.0	3267.8584029999997	3269.1024549999997	3270.6350429999998	3271.1616959999997	3267.149246	3269.95777			1.0	1.0	0.0	3.0					
3274.988	15.809000000000196	trials	7.0	3286.3793039999996	3288.4158119999997	3289.229908	3289.422912	3285.528184	3288.793249	3289.714	3290.797	1.0	2.0	1.0	1.0					
3292.817	8.534999999999854	trials	7.0	3297.469041	3298.6053269999998	3299.565397	3299.9310779999996	3296.70696	3299.0063039999995	3300.072	3301.352	1.0	2.0	1.0	1.0					
3303.372	9.495000000000346	trials	7.0	3309.3040629999996	3311.3666449999996	3312.5122859999997	3312.975915	3308.7222669999996	3311.9120169999997			1.0	2.0	0.0	3.0					
3316.807	36.02000000000044	trials	7.0	3348.613915	3349.6762839999997	3351.0572429999997	3351.2968969999997	3348.091118	3350.5442209999997	3351.667	3352.827	1.0	2.0	1.0	1.0					
3354.912	7.495000000000346	trials	7.0	3359.5287319999998	3360.9206769999996	3362.0912489999996	3362.5155959999997	3358.830607	3361.4568999999997			1.0	2.0	0.0	3.0					
3366.377	14.125	trials	7.0	3375.769073	3377.580533	3378.7573839999995	3378.9850269999997	3375.1796529999997	3378.0915059999998	3379.303	3380.502	1.0	2.0	1.0	1.0					
3383.557	7.270000000000437	trials	7.0	3387.273894	3388.730725	3390.6176389999996	3390.9279509999997	3386.572499	3390.1078509999998			1.0	1.0	0.0	3.0					
3392.888	18.085000000000036	trials	7.0	3405.6443179999997	3407.5066239999996	3409.2819609999997	3409.4723989999998	3405.113188	3408.695437	3409.967	3410.973	1.0	2.0	1.0	1.0					
3415.055	424.17700000000013	BlockDesign														1.0	156.0	175.0	10.0	50.0
3415.055	7.772000000000389	trials	8.0	3417.7296659999997	3419.0805419999997	3421.121647	3421.3554029999996	3417.2094979999997	3420.60126	3421.712	3422.827	1.0	2.0	1.0	1.0					
3424.962	8.878000000000156	trials	8.0	3429.2743979999996	3430.807187	3431.907048	3432.163485	3428.57647	3431.300186	3432.497	3433.84	1.0	2.0	1.0	1.0					
3436.857	6.970000000000255	trials	8.0	3439.916148	3441.046818	3443.544187	3443.922948	3439.3082449999997	3442.985503			1.0	2.0	0.0	3.0					
3447.837	53.67599999999993	trials	8.0	3499.1447	3500.1765029999997	3501.214341	3501.607584	3498.1533299999996	3500.66241			1.0	1.0	0.0	3.0					
3505.584	11.344000000000051	trials	8.0	3513.6848499999996	3515.6610579999997	3516.6866739999996	3517.039813	3512.9489489999996	3516.1250139999997			1.0	2.0	0.0	3.0					
3519.907	10.804999999999836	trials	8.0	3526.2510389999998	3527.6474129999997	3529.030828	3529.295283	3525.7076819999997	3528.262453	3529.612	3530.712	1.0	2.0	1.0	1.0					
3532.803	9.510000000000218	trials	8.0	3539.3897979999997	3541.0552749999997	3542.04024	3542.368154	3538.695859	3541.4630989999996			1.0	2.0	0.0	3.0					
3544.368	24.45400000000018	trials	8.0	3564.5832459999997	3566.1722259999997	3567.3177039999996	3567.5233409999996	3563.8586079999995	3566.7274209999996	3567.928	3568.822	1.0	2.0	1.0	1.0					
3570.973	7.914999999999964	trials	8.0	3575.7915129999997	3577.621159	3578.620028	3578.864638	3574.8341259999997	3578.04101			1.0	1.0	0.0	3.0					
3581.898	18.699999999999818	trials	8.0	3597.4654	3599.3819759999997	3600.364726	3600.6740729999997	3596.6015049999996	3599.7685169999995			1.0	2.0	0.0	3.0					
3602.667	22.84999999999991	trials	8.0	3621.425563	3622.727243	3623.792196	3624.0087489999996	3620.713547	3623.193849	3624.268	3625.517	1.0	2.0	1.0	1.0					
3627.652	28.304999999999836	trials	8.0	3653.0251519999997	3654.8304339999995	3655.549044	3656.067397	3652.106086	3655.038244			1.0	1.0	0.0	3.0					
3659.792	15.510999999999967	trials	8.0	3672.320058	3674.062388	3675.0443499999997	3675.2928249999995	3671.800097	3674.35383			1.0	2.0	0.0	3.0					
3679.312	16.00500000000011	trials	8.0	3691.555696	3692.691922	3693.7504419999996	3693.919081	3690.9965979999997	3693.0545909999996	3694.332	3695.317	1.0	2.0	1.0	1.0					
3698.426	31.876999999999953	trials	8.0	3726.115801	3727.474268	3728.4182739999997	3728.6408229999997	3725.2664069999996	3727.7566719999995	3728.957	3730.303	1.0	2.0	1.0	1.0					
3732.307	15.700000000000273	trials	8.0	3744.275722	3745.332203	3746.342518	3746.495204	3743.7168089999996	3745.672294	3747.007	3748.007	1.0	2.0	1.0	1.0					
3751.023	13.565999999999804	trials	8.0	3761.716278	3763.4189319999996	3764.2976009999998	3764.6547459999997	3761.0700129999996	3763.68934			1.0	2.0	0.0	3.0					
3766.585	25.80699999999979	trials	8.0	3787.856422	3789.862685	3790.724433	3790.992652	3787.1264429999997	3790.075254	3791.377	3792.392	1.0	2.0	1.0	1.0					
3795.409	30.192999999999756	trials	8.0	3821.151207	3822.732244	3823.587469	3823.8250479999997	3820.2086	3822.974527	3817.267	3825.602	1.0	2.0	1.0	1.0					
3827.485	11.746999999999844	trials	8.0	3835.4111159999998	3836.6078789999997	3837.580132	3837.790234	3834.8574519999997	3836.9323139999997	3838.082	3839.232	1.0	2.0	1.0	1.0					
3842.287	115.45800000000008	BlockDesign														1.0	176.0	180.0	0.0	0.0
3842.287	26.860000000000127	trials	9.0	3866.003068	3867.883309	3868.9284209999996	3869.2142109999995	3865.1708339999996	3868.290602			1.0	2.0	0.0	3.0					
3874.232	11.514999999999873	trials	9.0	3883.2060739999997	3884.4901389999995	3885.442455	3885.8177769999998	3882.6834419999996	3884.8084649999996			1.0	2.0	0.0	3.0					
3890.672	23.570000000000164	trials	9.0	3911.111245	3912.964361	3913.9516139999996	3914.3086	3910.5139449999997	3913.303372			1.0	2.0	0.0	3.0					
3917.307	20.771000000000186	trials	9.0	3934.9180119999996	3936.858101	3937.7166549999997	3938.1322619999996	3934.370305	3937.096827			1.0	1.0	0.0	3.0					
3942.082	15.663000000000011	trials	9.0	3955.0761519999996	3956.627028			3954.5273199999997	3957.1418949999997			1.0	2.0	0.0	3.0					
3961.998	493.3589999999999	BlockDesign														1.0	181.0	205.0	50.0	10.0
3961.998	28.139999999999873	trials	10.0	3986.293323	3987.653011	3988.3963379999996	3988.6321359999997	3985.465715	3987.913432	3989.007	3990.138	1.0	1.0	1.0	1.0					
3993.152	8.38000000000011	trials	10.0	3999.1368599999996	4000.3206149999996	4001.085178	4001.643478	3998.156638	4000.5142929999997			1.0	1.0	0.0	3.0					
4005.304	19.13299999999981	trials	10.0	4019.331973	4021.055622	4022.4001359999997	4024.550542	4018.4973809999997	4021.856101			1.0	1.0	0.0	3.0					
4026.725	25.36200000000008	trials	10.0	4048.057981	4049.4749949999996	4050.5208	4050.7078109999998	4047.457485	4049.8603799999996	4051.002	4052.087	1.0	2.0	1.0	1.0					
4056.118	6.449000000000069	trials	10.0	4059.6289119999997	4061.44276	4062.310453	4062.596975	4058.8193499999998	4061.656544			1.0	2.0	0.0	3.0					
4064.637	29.11499999999978	trials	10.0	4091.043474	4092.5651439999997	4093.399069	4093.865675	4090.0687179999995	4092.889621			1.0	1.0	0.0	3.0					
4096.669	23.597999999999956	trials	10.0	4116.302734999999	4117.708592999999	4118.504594	4118.708085	4115.637973999999	4118.014179	4119.022	4120.267	1.0	1.0	1.0	1.0					
4122.287	7.95299999999952	trials	10.0	4127.862384	4128.972030999999	4129.948377	4130.2195059999995	4127.150038	4129.258528			1.0	2.0	0.0	3.0					
4132.252	23.23999999999978	trials	10.0	4153.447518	4154.527642	4155.28261	4155.568294	4152.56496	4154.8129659999995			1.0	1.0	0.0	3.0					
4157.557	23.520000000000437	trials	10.0	4177.3031439999995	4178.376031	4179.237622	4179.46681	4176.315643	4178.755169999999	4179.757	4181.077	1.0	1.0	1.0	1.0					
4184.138	10.40899999999965	trials	10.0	4190.422891	4192.119049999999	4192.830562	4193.00952	4189.779261	4192.336867	4193.442	4194.547	1.0	1.0	1.0	1.0					
4197.637	8.69000000000051	trials	10.0	4201.772831	4203.641364	4204.35383	4204.52923	4201.17556	4203.851199	4204.932	4206.327	1.0	1.0	1.0	1.0					
4209.417	6.520999999999731	trials	10.0	4213.112671	4214.529151	4215.679419	4216.048417	4212.246032	4214.842359			1.0	2.0	0.0	3.0					
4218.958	21.259000000000015	trials	10.0	4236.089470999999	4237.546432	4238.595987	4238.80176	4235.26746	4238.121075	4239.277	4240.217	1.0	1.0	1.0	1.0					
4242.273	6.408999999999651	trials	10.0	4246.5131759999995	4247.66624	4248.417152	4248.784079999999	4245.73801	4247.888233			1.0	1.0	0.0	3.0					
4251.688	16.72900000000027	trials	10.0	4265.464629	4267.404567	4268.199282	4268.497515999999	4264.677909	4267.658647			1.0	1.0	0.0	3.0					
4272.463	15.279000000000451	trials	10.0	4285.032934	4286.593666	4287.444652	4287.839193	4284.511323	4286.975773			1.0	1.0	0.0	3.0					
4291.662	14.515999999999622	trials	10.0	4303.678546	4305.157168	4305.947505	4306.267061	4303.1240609999995	4305.484269			1.0	1.0	0.0	3.0					
4310.227	17.19000000000051	trials	10.0	4324.452834	4326.173223	4327.14021	4327.523308	4323.83258	4326.466366			1.0	2.0	0.0	3.0					
4329.473	19.368999999999687	trials	10.0	4345.272439	4346.343876999999	4347.210261	4347.422439	4344.264166	4346.675407	4347.737	4348.842	1.0	1.0	1.0	1.0					
4352.902	5.456000000000131	trials	10.0	4355.308563	4357.04076	4358.083024	4358.465521	4354.795833	4357.432679			1.0	2.0	0.0	3.0					
4360.337	26.380999999999403	trials	10.0	4384.091695	4385.725449	4386.4508749999995	4386.823611	4383.201784	4385.997321			1.0	1.0	0.0	3.0					
4388.792	29.0649999999996	trials	10.0	4414.049155	4415.296985999999	4416.018317999999	4416.265398	4413.084575999999	4415.567751	4416.592	4417.857	1.0	1.0	1.0	1.0					
4421.877	4.519999999999527	trials	10.0	4424.033616	4425.084664	4425.9033309999995	4426.511661	4423.212767999999	4425.398143			1.0	1.0	0.0	3.0					
4428.183	27.173999999999978	trials	10.0	4451.028415	4452.755332	4453.553491	4453.690509999999	4450.320081	4453.003075	4454.142	4455.357	1.0	1.0	1.0	1.0					
4458.444	640.6589999999997	BlockDesign														1.0	206.0	254.0	90.0	50.0
4458.444	7.983999999999469	trials	11.0	4462.299704999999	4463.71026	4464.481282	4464.691903	4461.469156	4464.012162	4464.967	4466.428	1.0	1.0	1.0	1.0					
4470.322	6.264000000000124	trials	11.0	4472.670475	4473.86245	4474.697092	4474.928734	4471.941622	4474.100245	4475.267	4476.586	1.0	1.0	1.0	1.0					
4479.667	9.49499999999989	trials	11.0	4484.443644	4486.119624999999	4487.235274	4487.438631	4483.5980979999995	4486.706785	4487.922	4489.162	1.0	1.0	1.0	1.0					
4492.315	19.49200000000019	trials	11.0	4509.554276999999	4510.6959959999995	4511.559079	4511.908701	4508.761116	4510.978503			1.0	2.0	0.0	3.0					
4513.852	17.161000000000058	trials	11.0	4526.368581	4527.676138	4529.127127	4529.456491	4525.721442999999	4528.639026	4529.682	4531.013	1.0	1.0	1.0	1.0					
4535.102	7.114999999999782	trials	11.0	4538.130648	4539.66645	4540.400908	4540.630437	4537.249413	4539.877458999999	4540.997	4542.217	1.0	1.0	1.0	1.0					
4545.257	6.256000000000313	trials	11.0	4547.584423	4548.749691999999	4549.759011	4550.025822	4546.772148999999	4549.189752	4550.447	4551.513	1.0	1.0	1.0	1.0					
4555.553	5.585000000000036	trials	11.0	4558.009506	4559.176912999999	4560.377586	4561.24957	4557.034341	4559.841313			1.0	1.0	0.0	3.0					
4563.642	19.69000000000051	trials	11.0	4578.997617999999	4580.587278999999	4581.376416	4581.632809	4578.180339	4580.854008	4581.867	4583.332	1.0	1.0	1.0	1.0					
4586.483	6.833999999999833	trials	11.0	4589.824488	4591.5948929999995	4592.364436	4592.568721	4588.883186999999	4591.821435			1.0	1.0	1.0	1.0					
4597.849	8.953999999999724	trials	11.0	4602.804795999999	4604.021119	4604.895091	4605.11644	4601.994753	4604.376715	4605.462	4606.803	1.0	1.0	1.0	1.0					
4610.85	6.811999999999898	trials	11.0	4612.989669	4614.7409769999995	4615.902271	4616.1147	4612.0388889999995	4615.173699	4616.487	4617.662	1.0	2.0	1.0	1.0					
4620.811	10.971000000000458	trials	11.0	4627.755727	4629.07593	4630.10218	4630.330078	4626.784969	4629.450264	4630.767	4631.782	1.0	2.0	1.0	1.0					
4635.803	4.7590000000000146	trials	11.0	4637.954529	4639.266388	4640.157991	4640.67472	4637.283536999999	4639.5465939999995			1.0	2.0	0.0	3.0					
4644.432	14.96100000000024	trials	11.0	4655.163259	4656.7629959999995	4657.600656	4657.855909	4654.416496	4657.055152	4658.263	4659.393	1.0	1.0	1.0	1.0					
4661.473	9.47400000000016	trials	11.0	4666.640256	4668.085356	4669.0847349999995	4669.297512	4665.6514179999995	4668.354024	4669.707	4670.947	1.0	1.0	1.0	1.0					
4674.072	10.02599999999984	trials	11.0	4679.740414	4681.53071	4682.581991	4682.74069	4679.179999	4681.937359	4683.287	4684.098	1.0	2.0	1.0	1.0					
4688.181	6.997000000000298	trials	11.0	4690.634905	4692.506388	4693.524781	4693.7138429999995	4689.75937	4692.943219	4694.007	4695.178	1.0	2.0	1.0	1.0					
4699.212	4.724999999999454	trials	11.0	4701.515466999999	4702.800762999999	4703.724684999999	4703.891566	4700.732983	4703.1014319999995			1.0	2.0	0.0	3.0					
4706.015	12.277000000000044	trials	11.0	4715.0396279999995	4716.781462	4718.040429	4718.405586	4714.176697	4717.381222			1.0	2.0	0.0	3.0					
4721.303	20.989000000000487	trials	11.0	4739.039418	4740.5579339999995	4741.328031	4741.518655	4738.375182	4740.874567			1.0	1.0	1.0	1.0					
4746.834	10.38299999999981	trials	11.0	4752.805072	4754.576529	4755.424459	4755.5852079999995	4751.864367	4754.9235659999995	4755.967	4757.217	1.0	1.0	1.0	1.0					
4759.241	5.981999999999971	trials	11.0	4762.885397	4763.981911	4765.019473	4765.241511	4762.149486	4764.404068			1.0	1.0	0.0	3.0					
4767.241	19.695999999999913	trials	11.0	4783.25691	4784.5367639999995	4785.297742	4785.493123	4782.564103	4784.756646	4785.857	4786.937	1.0	1.0	1.0	1.0					
4791.017	5.050000000000182	trials	11.0	4793.430538	4794.6820419999995	4795.858705	4796.155866	4792.9191519999995	4795.141792			1.0	2.0	0.0	3.0					
4800.077	16.420000000000073	trials	11.0	4812.390973	4813.721389	4814.492027	4814.689914	4811.684682	4813.977204	4815.098	4816.497	1.0	1.0	1.0	1.0					
4819.557	7.855000000000473	trials	11.0	4823.261780999999	4824.528246	4825.323151	4825.529374	4822.518838	4824.827757	4825.992	4827.412	1.0	1.0	1.0	1.0					
4830.429	7.037999999999556	trials	11.0	4833.055434	4834.637377	4835.48394	4835.665752999999	4832.4891689999995	4834.904839	4836.077	4837.467	1.0	1.0	1.0	1.0					
4839.587	12.364999999999782	trials	11.0	4844.047017	4845.899364999999	4846.9014449999995	4847.050617	4843.118038	4846.197423	4847.417	4851.952	1.0	2.0	1.0	1.0					
4852.732	8.015000000000327	trials	11.0	4856.7007109999995	4857.781387	4858.973668	4859.148456999999	4856.069643999999	4858.283676	4859.492	4860.747	1.0	2.0	1.0	1.0					
4862.832	7.864999999999782	trials	11.0	4867.560933	4869.188094	4870.283142	4870.592094	4866.7118949999995	4869.456206999999			1.0	2.0	0.0	3.0					
4873.557	16.23999999999978	trials	11.0	4885.834973999999	4887.002968	4887.87501	4888.108765	4885.120222	4887.347613	4888.567	4889.797	1.0	1.0	1.0	1.0					
4891.812	8.775000000000546	trials	11.0	4896.171931	4897.662232	4898.760276999999	4898.936431	4895.576593	4898.253984999999	4899.282	4900.587	1.0	1.0	1.0	1.0					
4902.668	6.6820000000006985	trials	11.0	4906.075575999999	4907.853252	4909.100161	4909.450033	4905.340822	4908.205594			1.0	2.0	0.0	3.0					
4912.337	19.454999999999927	trials	11.0	4927.047082	4928.752033	4929.611763999999	4929.936307	4926.064579	4929.078600999999	4930.187	4931.792	1.0	1.0	1.0	1.0					
4933.88	8.636999999999716	trials	11.0	4938.3071039999995	4939.392798	4940.188192	4940.409718	4937.454906	4939.67278	4940.877	4942.517	1.0	1.0	1.0	1.0					
4944.338	10.139000000000124	trials	11.0	4952.035656	4953.147	4953.994640999999	4954.592268	4951.257081	4953.440044			1.0	1.0	0.0	3.0					
4956.277	19.63500000000022	trials	11.0	4971.415966	4972.958461	4973.969385	4974.221047	4970.844175	4973.379763	4974.547	4975.912	1.0	1.0	1.0	1.0					
4977.837	8.679999999999382	trials	11.0	4982.210736999999	4983.823893	4984.712869	4984.914264999999	4981.377243999999	4984.127203	4985.232	4986.517	1.0	1.0	1.0	1.0					
4988.537	10.560999999999694	trials	11.0	4994.78079	4996.653812	4997.400339	4997.614788	4994.227455	4996.876543	4998.127	4999.098	1.0	1.0	1.0	1.0					
5003.186	6.64600000000064	trials	11.0	5005.342501	5007.033517	5007.968339	5008.198021	5004.825201	5007.380395	5008.517	5009.832	1.0	1.0	1.0	1.0					
5013.919	5.563000000000102	trials	11.0	5016.250795	5017.308021	5018.516812	5018.691814	5015.661349	5017.888322			1.0	1.0	1.0	1.0					
5023.052	10.070000000000618	trials	11.0	5028.757482999999	5029.949677	5031.14232	5031.385791	5027.767918	5030.382549	5031.817	5033.122	1.0	1.0	1.0	1.0					
5037.138	8.47900000000027	trials	11.0	5040.632885999999	5042.527945	5043.484942	5043.837874	5039.741635	5042.8725429999995	5044.072	5045.617	1.0	1.0	1.0	1.0					
5049.667	6.389999999999418	trials	11.0	5051.882036999999	5053.037893	5054.236629	5054.427564	5051.259177	5053.565737	5054.857	5056.057	1.0	2.0	1.0	1.0					
5058.208	9.779000000000451	trials	11.0	5063.106253	5064.7942809999995	5065.907046	5066.12766	5062.565076	5065.259223	5066.547	5067.987	1.0	1.0	1.0	1.0					
5069.819	8.962999999999738	trials	11.0	5074.726702	5076.297132	5077.089653999999	5077.269933	5074.125189	5076.5200239999995	5077.622	5078.782	1.0	1.0	1.0	1.0					
5081.807	9.020000000000437	trials	11.0	5085.923113	5087.892835	5089.001416	5089.239667	5085.362508	5088.448173	5089.627	5090.827	1.0	1.0	1.0	1.0					
5092.842	6.261000000000422	trials	11.0	5096.96992	5098.21972			5096.3375399999995	5098.619839			1.0	1.0	0.0	3.0					
5102.432	446.1800000000003	BlockDesign														1.0	255.0	274.0	50.0	0.0
5102.432	18.074999999999818	trials	12.0	5117.831244999999	5119.315243999999	5120.239974	5120.602446999999	5117.123731	5119.718562			2.0	1.0	0.0	3.0					
5122.537	18.225999999999658	trials	12.0	5136.166125	5137.9967209999995	5139.006111	5139.205381	5135.5645509999995	5138.448324	5139.632	5140.763	2.0	1.0	1.0	1.0					
5142.872	6.710000000000036	trials	12.0	5146.968187	5148.3037349999995	5149.370956	5149.689274	5146.221181	5148.863203			2.0	1.0	0.0	3.0					
5153.618	26.363999999999578	trials	12.0	5176.851866	5178.514066	5179.617886	5180.09922	5175.982359	5178.973142999999			2.0	2.0	0.0	3.0					
5181.85	12.362999999999374	trials	12.0	5191.45644	5192.595359	5193.901056	5194.332027	5190.636871	5193.270003			2.0	2.0	0.0	3.0					
5197.212	56.60999999999967	trials	12.0	5249.102604	5250.684217	5251.73278	5251.917788999999	5248.322021	5251.160873999999	5252.232	5253.822	2.0	1.0	1.0	1.0					
5257.91	27.947000000000116	trials	12.0	5282.73244	5284.631232	5285.490809	5285.97681	5281.8502	5284.9430919999995			2.0	1.0	0.0	3.0					
5287.702	21.949999999999818	trials	12.0	5305.602418	5307.088608	5308.004892	5308.255458	5305.037026	5307.421725	5308.667	5309.652	2.0	1.0	1.0	1.0					
5311.669	14.118000000000393	trials	12.0	5322.647798	5323.964604	5324.7660909999995	5324.984651999999	5321.709729	5324.2775679999995			2.0	1.0	1.0	1.0					
5330.211	10.326000000000022	trials	12.0	5336.518027	5337.764836	5338.593617	5338.807382	5335.971272999999	5338.0782309999995	5339.237	5340.537	2.0	1.0	1.0	1.0					
5342.558	9.759000000000015	trials	12.0	5349.407755	5351.397529	5352.0983479999995	5352.411770999999	5348.472092	5351.615227			2.0	1.0	0.0	3.0					
5355.337	19.050999999999476	trials	12.0	5371.674268	5372.866147	5373.740376	5374.504492	5370.956505	5373.197058			2.0	1.0	0.0	3.0					
5376.02	20.92199999999957	trials	12.0	5392.6978309999995	5394.2797009999995	5394.987416	5395.16428	5392.121799	5394.517883	5395.467	5396.942	2.0	1.0	1.0	1.0					
5399.962	13.463999999999942	trials	12.0	5410.439270999999	5412.169142999999	5413.083011999999	5413.522814	5409.515743	5412.4622039999995			2.0	1.0	0.0	3.0					
5415.43	21.661000000000058	trials	12.0	5434.493043	5435.805306	5436.792669	5437.137513	5433.583533	5436.080871			2.0	2.0	0.0	3.0					
5441.019	31.3779999999997	trials	12.0	5468.009778	5469.82285	5470.445825999999	5470.727569999999	5467.244027999999	5470.011532	5470.978	5472.397	2.0	1.0	1.0	1.0					
5474.29	11.322000000000116	trials	12.0	5481.5683389999995	5482.693315	5483.595993	5483.8174149999995	5480.99625	5483.031472	5484.332	5485.612	2.0	1.0	1.0	1.0					
5488.475	8.28899999999976	trials	12.0	5493.61791	5495.615908	5496.404449	5496.8316589999995	5493.038006999999	5495.865519			2.0	1.0	0.0	3.0					
5498.756	21.90599999999995	trials	12.0	5518.278189	5519.5097989999995	5520.304208	5520.7797630000005	5517.4690630000005	5519.752608999999			2.0	1.0	0.0	3.0					
5524.652	23.960000000000036	trials	12.0	5544.588255	5546.294465	5547.0436389999995	5547.203302	5543.895379	5546.502710999999	5547.522	5548.612	2.0	1.0	1.0	1.0					
5551.638	453.1289999999999	BlockDesign														1.0	275.0	294.0	0.0	50.0
5551.638	9.514000000000124	trials	13.0	5557.1386569999995	5558.414004	5559.4191869999995	5559.633459999999	5556.334615	5558.768822	5560.027	5561.152	3.0	2.0	1.0	1.0					
5563.232	10.265000000000327	trials	13.0	5568.885383999999	5570.770607	5571.857332	5572.162146	5568.086737	5571.134221	5572.397	5573.497	3.0	2.0	1.0	1.0					
5577.577	6.329999999999927	trials	13.0	5581.398592	5582.4993269999995	5583.603508	5584.027606	5580.526008999999	5582.986063			3.0	2.0	0.0	3.0					
5585.827	24.420000000000073	trials	13.0	5607.899593	5608.9152429999995	5610.007443	5610.366289	5606.948359	5609.318436			3.0	2.0	0.0	3.0					
5614.287	18.514000000000124	trials	13.0	5630.33865	5631.650449	5632.512112	5632.852747	5629.557537	5631.978531			3.0	1.0	0.0	3.0					
5634.757	18.09100000000035	trials	13.0	5649.734076999999	5651.4203099999995	5652.4431	5652.968923	5649.031009	5651.799319			3.0	2.0	0.0	3.0					
5654.733	20.173999999999978	trials	13.0	5672.324031	5673.755383	5674.64236	5675.00577	5671.519842	5674.045527			3.0	1.0	0.0	3.0					
5677.912	19.725999999999658	trials	13.0	5692.984043	5694.927336	5695.889173	5696.0452399999995	5692.2304189999995	5695.23583	5696.392	5697.638	3.0	2.0	1.0	1.0					
5700.732	11.375	trials	13.0	5707.213683	5709.111038	5710.244122	5710.464054	5706.659716	5709.553669	5710.791	5712.107	3.0	2.0	1.0	1.0					
5716.197	11.055000000000291	trials	13.0	5724.544209	5725.920505	5726.994027	5727.333478	5723.789035	5726.281493			3.0	2.0	0.0	3.0					
5729.332	25.96099999999933	trials	13.0	5752.794341999999	5754.1139889999995	5754.988582	5755.39005	5752.087114	5754.353682999999			3.0	2.0	0.0	3.0					
5757.285	22.015000000000327	trials	13.0	5777.0042109999995	5778.045872999999	5778.969835	5779.307785	5776.236817	5778.429741			3.0	1.0	0.0	3.0					
5781.312	27.516999999999825	trials	13.0	5806.074393999999	5807.707489	5808.529425	5808.912342	5805.17922	5807.908323			3.0	2.0	0.0	3.0					
5812.817	56.90599999999995	trials	13.0	5865.360146	5867.2164219999995	5868.18397	5868.348483	5864.696506	5867.538672	5868.697	5869.723	3.0	2.0	1.0	1.0					
5872.884	10.818000000000211	trials	13.0	5879.294464	5880.697117	5881.718305	5882.002272	5878.595208	5881.105087	5882.473	5883.702	3.0	2.0	1.0	1.0					
5885.797	22.048000000000684	trials	13.0	5905.096438	5906.355240999999	5907.560544	5907.954702	5904.545936	5906.870782			3.0	2.0	0.0	3.0					
5909.804	23.708999999999833	trials	13.0	5929.240202	5930.428265	5933.307255	5933.551297	5928.271261	5932.178839			3.0	2.0	0.0	3.0					
5936.542	19.906999999999243	trials	13.0	5953.535292	5955.192255	5956.1760620000005	5956.5102640000005	5952.657987	5955.422231			3.0	2.0	0.0	3.0					
5960.392	19.536000000000058	trials	13.0	5976.901791	5978.89743	5979.649801	5979.956442	5975.98689	5979.1456689999995			3.0	1.0	0.0	3.0					
5981.982	22.784999999999854	trials	13.0	6000.250505	6002.117335	6003.075000999999	6003.246132	5999.33491	6002.412412	6003.567	6004.767	3.0	2.0	1.0	1.0					
6007.837	914.6049999999996	BlockDesign														1.0	295.0	337.0	50.0	50.0
6007.837	8.709999999999127	trials	14.0	6013.261909	6014.872063	6016.242354	6016.668978	6012.508265	6015.57271			3.0	2.0	0.0	3.0					
6020.522	20.78099999999995	trials	14.0	6038.8607919999995	6040.3332009999995	6040.98955	6041.388767	6038.148364999999	6040.546924			2.0	1.0	0.0	3.0					
6043.343	26.16399999999976	trials	14.0	6065.231064	6066.82741	6067.640273	6067.885392	6064.484219	6067.134468	6068.327	6069.507	2.0	1.0	1.0	1.0					
6072.542	9.595999999999549	trials	14.0	6079.281284999999	6080.9379069999995	6081.779691	6082.2595249999995	6078.7211179999995	6081.227535			2.0	1.0	0.0	3.0					
6086.068	25.03399999999965	trials	14.0	6106.690965	6108.49576	6109.137262	6109.421554	6105.947592	6108.699999	6109.662	6111.102	2.0	1.0	1.0	1.0					
6113.261	9.076000000000022	trials	14.0	6119.495865999999	6121.067797	6122.066922	6122.402292999999	6118.741892	6121.572437999999			3.0	1.0	0.0	3.0					
6124.348	22.698999999999614	trials	14.0	6142.373557999999	6144.162584	6145.417119	6145.604373	6141.431033999999	6144.739565	6146.072	6147.047	3.0	2.0	1.0	1.0					
6150.116	10.680999999999585	trials	14.0	6156.263049	6157.951282	6158.9694899999995	6159.155787	6155.346152	6158.324756	6159.567	6160.797	3.0	2.0	1.0	1.0					
6163.928	14.416000000000167	trials	14.0	6175.688	6176.819450999999	6178.029417	6178.441764	6175.152875	6177.295603			2.0	2.0	0.0	3.0					
6180.288	30.015000000000327	trials	14.0	6207.48351	6209.196214	6209.967927	6210.402171	6206.913356	6209.390871			3.0	1.0	0.0	3.0					
6213.327	18.460000000000036	trials	14.0	6228.8246899999995	6230.781461	6231.567845	6231.852462	6227.826974	6231.059255			3.0	1.0	0.0	3.0					
6235.797	21.131000000000313	trials	14.0	6254.214717999999	6255.849318	6256.543047	6257.024492	6253.617947	6255.963275			3.0	2.0	0.0	3.0					
6259.822	29.875	trials	14.0	6287.178682	6288.297963	6289.375352999999	6289.794017	6286.556979999999	6288.866669999999			2.0	1.0	0.0	3.0					
6293.679	31.233000000000175	trials	14.0	6321.115371999999	6322.68038	6323.509217999999	6323.6743289999995	6320.395667	6322.913477	6324.122	6324.912	3.0	2.0	1.0	1.0					
6327.002	9.737999999999374	trials	14.0	6334.18386	6335.340738	6336.426313999999	6336.841133	6333.582012	6335.723142			2.0	2.0	0.0	3.0					
6338.657	22.662000000000262	trials	14.0	6359.1596119999995	6360.252315	6360.996201	6361.3982129999995	6358.41359	6360.513994999999			2.0	1.0	0.0	3.0					
6365.36	26.382000000000517	trials	14.0	6388.928833999999	6390.505808	6391.468027999999	6391.804575	6388.124976	6390.771551			3.0	2.0	0.0	3.0					
6394.752	21.0049999999992	trials	14.0	6411.8254019999995	6413.387804999999	6413.9938919999995	6414.161674999999	6410.906435	6413.568297	6414.507	6415.757	2.0	1.0	1.0	1.0					
6417.807	9.125	trials	14.0	6422.444034	6424.09587	6425.261485999999	6425.469053999999	6421.751643	6424.580857	6425.967	6426.932	3.0	2.0	1.0	1.0					
6429.073	10.277999999999338	trials	14.0	6436.944106	6438.034259999999	6438.989407	6439.402690999999	6435.982244999999	6438.330375			3.0	2.0	0.0	3.0					
6441.353	28.613999999999578	trials	14.0	6465.940877999999	6467.249674	6468.182441999999	6468.351006	6465.128675	6467.525715	6468.727	6469.967	3.0	2.0	1.0	1.0					
6473.118	25.30999999999949	trials	14.0	6494.689262999999	6495.9810449999995	6496.674894	6496.865091	6493.688676	6496.202898	6497.232	6498.428	2.0	1.0	1.0	1.0					
6502.579	9.067000000000007	trials	14.0	6509.285089	6510.421499	6511.273047	6511.73997	6508.735513	6510.737612			2.0	1.0	0.0	3.0					
6514.637	17.575000000000728	trials	14.0	6529.316742	6530.985992	6531.773028	6532.309423	6528.34508	6531.296308999999			2.0	1.0	0.0	3.0					
6536.1	19.66699999999946	trials	14.0	6553.0594519999995	6554.623106999999	6555.330121999999	6555.865798999999	6552.243289999999	6554.836416			2.0	1.0	0.0	3.0					
6558.602	19.56999999999971	trials	14.0	6575.585625	6577.04843	6577.894988	6578.1752879999995	6574.672046	6577.26948			3.0	2.0	0.0	3.0					
6580.197	18.789999999999964	trials	14.0	6594.899469	6596.189286999999	6597.005354	6597.212431	6594.170736	6596.496228999999	6597.513	6598.987	2.0	1.0	1.0	1.0					
6603.072	6.765999999999622	trials	14.0	6606.830483	6608.720901	6609.5231699999995	6609.936936	6605.859904	6608.966585			3.0	2.0	0.0	3.0					
6611.757	46.14900000000034	trials	14.0	6654.015009	6655.288119	6656.045645	6656.266635999999	6653.114395	6655.521788	6656.577	6657.906	3.0	2.0	1.0	1.0					
6659.922	8.945000000000618	trials	14.0	6666.795341	6667.832614999999	6668.585786	6668.8517999999995	6666.034957	6668.096396999999			2.0	1.0	0.0	3.0					
6671.897	17.6850000000004	trials	14.0	6685.260698	6686.927471999999	6687.682629	6687.813652999999	6684.598547	6687.204672	6688.187	6689.582	2.0	1.0	1.0	1.0					
6692.602	6.8100000000004	trials	14.0	6697.175349	6698.187312	6699.06009	6699.509962	6696.518661	6698.541673			3.0	1.0	0.0	3.0					
6702.352	23.360000000000582	trials	14.0	6720.850686	6722.720701	6723.492381	6723.736038	6720.054483	6723.001822	6724.127	6725.712	2.0	1.0	1.0	1.0					
6727.748	14.890000000000327	trials	14.0	6738.345477	6740.116735	6740.802935	6741.008363999999	6737.748509999999	6740.08352	6741.377	6742.638	3.0	2.0	1.0	1.0					
6745.723	10.529000000000451	trials	14.0	6753.163090999999	6754.921784	6755.784764	6756.354789999999	6752.416553	6755.25105			2.0	2.0	0.0	3.0					
6758.067	22.949999999999818	trials	14.0	6777.871445	6779.432895	6780.3615629999995	6781.11762	6777.293451	6779.841969			3.0	2.0	0.0	3.0					
6782.644	25.497999999999593	trials	14.0	6803.730740999999	6805.548081	6806.369003	6806.613804	6802.905804	6805.812483	6807.067	6808.142	3.0	2.0	1.0	1.0					
6811.182	9.458999999999833	trials	14.0	6817.511431999999	6819.5686559999995	6820.2719369999995	6820.720657	6816.697362	6819.760053999999			2.0	1.0	0.0	3.0					
6824.567	19.034999999999854	trials	14.0	6841.1366259999995	6842.3477729999995	6843.36417	6843.674709	6840.580865	6842.833573999999			2.0	1.0	0.0	3.0					
6847.663	17.436000000000604	trials	14.0	6862.092849	6864.056369999999	6864.788751	6865.187054	6861.130236	6864.2560379999995			3.0	1.0	0.0	3.0					
6868.086	15.996000000000095	trials	14.0	6881.186393999999	6882.829793	6883.803209	6884.183252999999	6880.526457	6883.125441			3.0	2.0	0.0	3.0					
6888.072	23.55500000000029	trials	14.0	6907.131539999999	6909.1154369999995	6909.845544	6910.096156	6906.382358999999	6909.323383999999	6910.502	6911.627	2.0	1.0	1.0	1.0					
6913.695	8.747000000000298	trials	14.0	6918.011850999999	6919.269209	6920.284575	6920.466133999999	6917.431634	6919.62903	6920.902	6922.442	3.0	2.0	1.0	1.0					
6926.462	130.64999999999964	BlockDesign														1.0	338.0	343.0	0.0	0.0
6926.462	10.550999999999476	trials	15.0	6933.551423	6935.104287			6932.554259	6935.091861			2.0		0.0	2.0					
6941.022	19.11999999999989	trials	15.0	6957.251738	6958.748396999999	6959.585110999999	6960.246422	6956.434217	6959.000029999999			2.0	1.0	0.0	3.0					
6963.917	16.59599999999955	trials	15.0	6978.226847	6979.401742999999	6980.286684	6980.548731999999	6977.570208	6979.658195999999			2.0	1.0	0.0	3.0					
6984.522	23.509000000000015	trials	15.0	7004.882229	7006.942572	7007.712756	7008.119143999999	7004.266447	7007.128194			2.0	1.0	0.0	3.0					
7012.975	13.96599999999944	trials	15.0	7024.1421439999995	7025.911432999999	7026.634365	7027.025471999999	7023.465711	7026.152296			2.0	1.0	0.0	3.0					
7029.872	27.23999999999978	trials	15.0	7054.328339	7056.348999	7057.0682799999995	7057.455556999999	7053.404439	7056.526248			2.0	1.0	0.0	3.0					
7060.319	124.36299999999937	BlockDesign														1.0	344.0	348.0	0.0	0.0
7060.319	17.187999999999192	trials	16.0	7074.401696	7076.309094	7077.213603	7077.590232	7073.487494999999	7076.59848			3.0	2.0	0.0	3.0					
7081.542	16.475999999999658	trials	16.0	7094.607237	7096.60872	7097.451569999999	7097.878809	7093.692725999999	7096.892898			3.0	2.0	0.0	3.0					
7100.682	19.074999999999818	trials	16.0	7117.03414	7118.594451	7119.482072	7119.829787	7116.275856	7118.906848			3.0	2.0	0.0	3.0					
7122.777	18.838999999999942	trials	16.0	7138.712971999999	7140.469107	7141.369062	7141.715684999999	7138.12446	7140.7373689999995			3.0	2.0	0.0	3.0					
7144.667	40.01499999999942	trials	16.0	7182.417794	7183.7294329999995	7184.643126	7185.133734	7181.702577	7183.993337			3.0	2.0	0.0	3.0					
7187.018	980.4529999999995	BlockDesign														1.0	349.0	392.0	50.0	50.0
7187.018	19.409999999999854	trials	17.0	7202.798063	7204.524702			7201.880029	7204.514826			3.0		0.0	2.0					
7208.437	17.556000000000495	trials	17.0	7223.447373	7224.904216	7225.691337	7226.096896999999	7222.667471	7225.1144269999995			3.0	2.0	0.0	3.0					
7229.948	25.953999999999724	trials	17.0	7251.288629	7253.120156	7254.023356	7254.242598	7250.541467999999	7253.434251	7254.642	7255.902	2.0	1.0	1.0	1.0					
7258.932	17.44500000000062	trials	17.0	7273.738014	7275.131745	7276.04334	7276.480949	7272.8812609999995	7275.402612			2.0	2.0	0.0	3.0					
7280.336	17.466999999999643	trials	17.0	7293.777674999999	7295.363471	7296.167475	7296.338784	7292.9632759999995	7295.5900759999995	7296.682	7297.803	3.0	2.0	1.0	1.0					
7300.932	11.235000000000582	trials	17.0	7309.579495999999	7311.064869	7311.874057999999	7312.081448999999	7308.6502439999995	7311.318558			2.0	1.0	0.0	3.0					
7315.173	31.02900000000045	trials	17.0	7343.027918	7344.63542	7345.560890999999	7345.948256	7342.0734729999995	7345.007602			3.0	2.0	0.0	3.0					
7347.923	28.76299999999992	trials	17.0	7374.228961999999	7375.5561	7376.288058	7376.771694999999	7373.221718999999	7375.761538999999			2.0	1.0	0.0	3.0					
7378.638	17.10900000000038	trials	17.0	7393.133699999999	7394.401468999999	7395.416389999999	7395.84909	7392.511644	7394.690774			3.0	2.0	0.0	3.0					
7398.71	16.024999999999636	trials	17.0	7412.313539	7413.4179429999995	7414.441287	7414.794698	7411.325387	7413.783459			3.0	2.0	0.0	3.0					
7417.657	20.670000000000073	trials	17.0	7435.604015999999	7437.202241	7437.940952	7438.431111	7434.862846999999	7437.456458			2.0	1.0	0.0	3.0					
7442.292	21.424999999999272	trials	17.0	7460.535282	7462.423763	7463.2035829999995	7463.821712	7459.908074999999	7462.6822649999995			3.0	1.0	0.0	3.0					
7467.562	15.585000000000036	trials	17.0	7480.608955	7481.720883	7482.870921	7483.217471999999	7479.9462619999995	7482.196988			2.0	2.0	0.0	3.0					
7486.167	18.34599999999955	trials	17.0	7500.099260999999	7501.50621	7502.719646	7502.925857	7499.556726	7502.086316	7503.277	7504.513	3.0	2.0	1.0	1.0					
7506.585	11.177999999999884	trials	17.0	7513.71923	7515.2610859999995	7515.963876	7516.176611999999	7512.746483999999	7515.506979	7516.652	7517.763	2.0	1.0	1.0	1.0					
7519.857	9.765000000000327	trials	17.0	7524.809313	7526.828566	7527.640396999999	7527.9627	7523.814353	7527.160110999999	7528.202	7529.622	2.0	1.0	1.0	1.0					
7531.679	8.847999999999956	trials	17.0	7536.099416	7537.604055	7538.629575	7538.827063999999	7535.583113	7537.984520999999	7539.422	7540.527	3.0	2.0	1.0	1.0					
7542.547	11.551000000000386	trials	17.0	7549.410699	7551.073004	7551.979196	7552.20285	7548.746615999999	7551.358480999999	7552.617	7554.098	2.0	1.0	1.0	1.0					
7558.183	11.49499999999989	trials	17.0	7564.862800999999	7566.875792999999	7567.592513	7567.876721	7563.887847	7567.1005749999995	7568.307	7569.678	2.0	1.0	1.0	1.0					
7572.725	9.656999999999243	trials	17.0	7579.564605	7581.287558	7582.133180999999	7582.476756	7578.63284	7581.569996			3.0	2.0	0.0	3.0					
7585.422	26.485000000000582	trials	17.0	7608.804731	7610.7043889999995	7611.375719	7612.013833999999	7608.2856329999995	7610.922955999999			2.0	1.0	0.0	3.0					
7615.736	21.18199999999979	trials	17.0	7632.335145	7634.326986	7635.168777	7635.372788	7631.48984	7634.562582	7635.817	7636.918	3.0	2.0	1.0	1.0					
7640.007	9.289999999999964	trials	17.0	7646.8399469999995	7648.093503	7649.017736	7649.273999999999	7645.897761	7648.3757989999995			3.0	2.0	0.0	3.0					
7651.337	24.84099999999944	trials	17.0	7673.587157	7674.632931	7675.708165999999	7676.280597	7672.960262	7675.175117			2.0	1.0	0.0	3.0					
7677.947	39.664999999999964	trials	17.0	7713.699941	7715.057065999999	7715.83224	7716.030973999999	7712.838297	7715.344535	7716.477	7717.612	2.0	1.0	1.0	1.0					
7719.694	10.420999999999367	trials	17.0	7727.449823999999	7728.939596	7729.771718999999	7730.182715	7726.82639	7729.159353			3.0	2.0	0.0	3.0					
7733.112	22.979999999999563	trials	17.0	7751.4353249999995	7753.303876999999	7754.227131	7754.434556	7750.84764	7753.624737	7754.81	7756.092	3.0	2.0	1.0	1.0					
7759.237	8.670000000000073	trials	17.0	7765.239788999999	7766.8189219999995	7767.615503	7767.968132999999	7764.504183	7767.07619			2.0	1.0	0.0	3.0					
7770.917	15.644999999999527	trials	17.0	7783.72563	7785.538742999999	7786.331840999999	7786.663973999999	7783.0075799999995	7785.753696			3.0	2.0	0.0	3.0					
7790.563	24.85899999999947	trials	17.0	7811.325151999999	7813.053602	7813.853438	7814.023911	7810.336249999999	7813.218704999999	7814.432	7815.422	3.0	2.0	1.0	1.0					
7817.567	51.94999999999982	trials	17.0	7867.145474	7868.416106	7869.138024	7869.604023	7866.440331	7868.634857			2.0	1.0	0.0	3.0					
7873.442	16.715000000000146	trials	17.0	7886.115406999999	7887.593739	7888.345017	7888.545561	7885.49315	7887.840516	7888.928	7890.157	2.0	1.0	1.0	1.0					
7892.228	40.52400000000034	trials	17.0	7928.176466999999	7929.796625999999	7930.69607	7930.909325	7927.488375	7930.059728	7931.227	7932.752	3.0	2.0	1.0	1.0					
7935.907	17.849999999999454	trials	17.0	7951.098609	7952.584583	7953.339269	7953.8637149999995	7950.415166999999	7952.8265839999995			2.0	1.0	0.0	3.0					
7955.562	16.44000000000051	trials	17.0	7968.771197	7970.099561999999			7967.928121999999	7970.094198			3.0		0.0	2.0					
7976.013	29.949000000000524	trials	17.0	8002.321516999999	8003.483016	8004.2674369999995	8004.50711	8001.650936	8003.781779	8004.763	8005.962	2.0	1.0	1.0	1.0					
8010.042	16.670000000000073	trials	17.0	8022.545613	8023.887288	8024.6695549999995	8024.970239	8021.620193999999	8024.060031	8025.303	8026.712	3.0	2.0	1.0	1.0					
8029.798	14.109000000000378	trials	17.0	8041.507063999999	8042.803682	8043.616018999999	8044.0133989999995	8040.574603999999	8043.006033			3.0	2.0	0.0	3.0					
8045.912	27.625	trials	17.0	8069.231213	8071.165147	8071.782227	8072.007378	8068.285419	8071.307423	8072.457	8073.537	2.0	1.0	1.0	1.0					
8076.554	22.56800000000021	trials	17.0	8096.276924	8097.990947	8098.703937	8099.229932	8095.548788	8098.211162			2.0	1.0	0.0	3.0					
8102.002	20.479999999999563	trials	17.0	8117.017081999999	8119.06499	8119.8643409999995	8120.081510999999	8116.253860999999	8119.247694	8120.392	8122.482	3.0	2.0	1.0	1.0					
8125.554	9.972999999999956	trials	17.0	8130.9517829999995	8132.925078	8133.651903	8133.892583	8130.418586	8133.174363	8134.357	8135.527	2.0	1.0	1.0	1.0					
8137.547	10.051000000000386	trials	17.0	8144.142624	8145.694955999999			8143.371752	8145.688829			3.0		0.0	2.0					
8151.607	15.863999999999578	trials	17.0	8165.28902	8166.389375999999	8167.4578329999995	8167.845905	8164.2932089999995	8166.722255			3.0	2.0	0.0	3.0					
8171.803	771.7990000000009	BlockDesign														1.0	393.0	431.0	10.0	50.0
8171.803	26.98400000000038	trials	18.0	8194.877556	8196.094115	8197.17443	8197.223764	8193.963877999999	8196.596166	8197.767	8198.787	1.0	2.0	1.0	1.0					
8202.868	8.043999999999869	trials	18.0	8206.852716	8208.140105999999	8209.365404	8209.526892	8205.997437	8208.780929	8209.882	8210.912	1.0	2.0	1.0	1.0					
8212.997	7.6599999999998545	trials	18.0	8217.152015	8218.320249	8220.024056999999	8220.600633	8216.62578	8219.394069			1.0	2.0	0.0	3.0					
8224.368	19.838999999999942	trials	18.0	8241.137783999999	8242.795941	8243.93706	8244.242475	8240.466602	8243.390801			1.0	2.0	0.0	3.0					
8247.217	26.171000000000276	trials	18.0	8270.532596	8272.456146	8273.150367	8273.429639	8269.770370999999	8272.660332			1.0	1.0	0.0	3.0					
8276.447	16.80999999999949	trials	18.0	8290.137906	8291.96042	8292.98667	8293.337395999999	8289.388938	8292.365307			1.0	2.0	0.0	3.0					
8296.282	19.55500000000029	trials	18.0	8312.902737	8314.169876	8315.476362	8315.944282	8311.992419999999	8314.810194			1.0	2.0	0.0	3.0					
8319.763	25.013999999999214	trials	18.0	8341.657541	8343.682222	8344.460474	8344.883377999999	8340.823689	8343.933945			1.0	1.0	0.0	3.0					
8346.755	17.747000000001208	trials	18.0	8361.268279	8363.114671	8363.969534	8364.608648	8360.711342999999	8363.43702			1.0	1.0	0.0	3.0					
8367.232	20.695999999999913	trials	18.0	8385.063413	8386.810120999999	8387.584618	8388.035451	8384.108436999999	8387.080788			1.0	1.0	0.0	3.0					
8391.82	13.947000000000116	trials	18.0	8401.838873	8402.895153	8404.061464	8404.266657	8401.304367	8403.493535	8404.627	8405.767	1.0	2.0	1.0	1.0					
8407.832	8.802999999999884	trials	18.0	8413.96373	8415.156185	8416.300298	8416.710927	8413.350511999999	8415.732422			1.0	2.0	0.0	3.0					
8419.618	27.145000000000437	trials	18.0	8443.828226	8445.692669	8446.412151	8446.869876	8443.121145	8445.915333			1.0	1.0	0.0	3.0					
8448.638	19.628999999998996	trials	18.0	8465.863199	8466.954926999999	8468.037215	8468.345121	8465.153526	8467.41539			1.0	2.0	0.0	3.0					
8471.343	19.613999999999578	trials	18.0	8486.698629999999	8488.032122999999	8489.110053	8489.430828	8485.841765	8488.516154	8489.617	8490.957	1.0	2.0	1.0	1.0					
8492.978	7.364000000001397	trials	18.0	8497.858485	8498.971043	8500.132996	8500.401947999999	8497.037554999999	8499.536490999999			1.0	2.0	0.0	3.0					
8504.421	32.16100000000006	trials	18.0	8532.438860999999	8533.981534999999	8534.917382	8535.105588	8531.707516999999	8534.252841	8535.537	8536.582	1.0	2.0	1.0	1.0					
8539.737	5.990000000001601	trials	18.0	8542.915622	8544.036624	8545.373367	8545.835273	8542.190571	8544.783016			1.0	2.0	0.0	3.0					
8548.588	16.863999999999578	trials	18.0	8563.004283	8564.422472999999	8565.240656	8565.512412	8562.343428	8564.750841			1.0	1.0	0.0	3.0					
8569.457	18.976999999998952	trials	18.0	8585.828954	8587.01615	8588.103135	8588.433285	8584.865765999999	8587.49871			1.0	2.0	0.0	3.0					
8590.447	20.480999999999767	trials	18.0	8608.139283	8609.186091	8610.417816	8611.036753	8607.286116	8609.912643			1.0	1.0	0.0	3.0					
8614.727	25.654999999998836	trials	18.0	8636.335812	8637.524734999999	8638.627731	8638.812816	8635.537516	8638.071876	8639.132	8640.382	1.0	2.0	1.0	1.0					
8642.464	9.009000000000015	trials	18.0	8648.704142999999	8649.896171	8651.011005	8651.581917	8647.959814	8650.437233			1.0	2.0	0.0	3.0					
8653.232	21.465000000000146	trials	18.0	8671.769994	8673.556435999999	8674.424171999999	8674.784857999999	8671.045667	8673.916668			1.0	1.0	0.0	3.0					
8677.713	21.644000000000233	trials	18.0	8695.099634999999	8696.503785	8697.525178	8697.830571999999	8694.404577	8696.931005	8698.107	8699.357	1.0	2.0	1.0	1.0					
8701.397	8.644999999998618	trials	18.0	8707.27033	8708.881808	8709.831102	8710.066991	8706.333647	8709.225129			1.0	1.0	0.0	3.0					
8714.107	28.55999999999949	trials	18.0	8738.314634	8740.05173	8740.995131	8741.22293	8737.359223	8740.451014999999	8741.742	8742.667	1.0	2.0	1.0	1.0					
8744.687	9.694999999999709	trials	18.0	8750.475078	8751.656523	8752.739787999999	8752.945018	8749.545627	8752.137163	8753.237	8754.382	1.0	2.0	1.0	1.0					
8757.402	8.469999999999345	trials	18.0	8762.795323999999	8764.388805999999	8765.429808	8765.979594	8762.2163	8764.849482			1.0	2.0	0.0	3.0					
8769.648	26.04399999999987	trials	18.0	8791.659983	8793.044058	8794.096232	8794.294134	8790.787932	8793.562473	8794.692	8795.692	1.0	2.0	1.0	1.0					
8797.772	11.394999999998618	trials	18.0	8805.190741	8806.443957	8807.488464	8807.68793	8804.540712	8806.984756	8808.092	8809.167	1.0	2.0	1.0	1.0					
8812.304	6.977999999999156	trials	18.0	8816.19023	8817.957894	8818.997932999999	8819.365559	8815.426141	8818.279568			1.0	1.0	0.0	3.0					
8822.292	14.781000000000859	trials	18.0	8834.770712	8835.877524	8836.792346999999	8837.132892	8833.868144	8836.258973			1.0	2.0	0.0	3.0					
8839.072	36.35599999999977	trials	18.0	8870.805528	8872.703553	8873.556935	8873.773611	8870.251911	8872.977284999999	8874.217	8875.428	1.0	2.0	1.0	1.0					
8879.443	7.137000000000626	trials	18.0	8882.525668999999	8883.807726	8884.827416	8885.003442	8881.686701999999	8884.183369	8885.337	8886.58	1.0	2.0	1.0	1.0					
8890.492	8.079999999999927	trials	18.0	8894.216252999999	8895.690825	8896.791669	8896.983500999999	8893.520627	8896.183928	8897.388	8898.572	1.0	2.0	1.0	1.0					
8900.653	7.5090000000000146	trials	18.0	8905.140878	8906.999109	8907.95432	8908.162155	8904.451763	8907.387396			1.0	2.0	0.0	3.0					
8912.212	21.136000000000422	trials	18.0	8928.712279	8930.297148	8931.58076	8931.742091	8928.021942	8930.926227	8932.132	8933.348	1.0	2.0	1.0	1.0					
8936.212	7.390000000001237	trials	18.0	8941.325997	8942.506944	8943.413121	8943.715388999999	8940.415418	8942.824743			1.0	2.0	0.0	3.0					
8947.772	1105.0499999999993	BlockDesign														1.0	432.0	487.0	50.0	10.0
8947.772	18.664999999999054	trials	19.0	8963.296355999999	8965.053335	8966.221548	8966.432445	8962.300556999999	8965.576431			1.0	2.0	0.0	3.0					
8969.518	20.558999999999287	trials	19.0	8985.116083	8987.13713	8988.211696	8988.420422	8984.575599	8987.650067999999	8988.827	8990.077	1.0	1.0	1.0	1.0					
8994.092	7.3400000000001455	trials	19.0	8998.441146	8999.937804	9001.039356	9001.542331999999	8997.728117999999	9000.478181999999			1.0	1.0	0.0	3.0					
9003.378	18.058999999999287	trials	19.0	9018.587805	9020.179875	9021.223517	9021.540157	9017.976792	9020.620982			1.0	2.0	0.0	3.0					
9025.447	17.395000000000437	trials	19.0	9040.316405	9041.646617	9042.56911	9042.86088	9039.336036	9042.00621			1.0	1.0	0.0	3.0					
9046.922	16.204999999999927	trials	19.0	9060.542759	9061.96776	9062.720217	9063.235892	9059.744789	9062.1953			1.0	1.0	0.0	3.0					
9066.022	20.539999999999054	trials	19.0	9082.072102999999	9083.568269	9084.620739	9084.794073	9081.26914	9084.068054	9085.187	9086.562	1.0	2.0	1.0	1.0					
9088.638	8.818999999999505	trials	19.0	9094.007019	9096.302565	9097.045916	9097.426247	9093.1589	9096.547053			1.0	2.0	0.0	3.0					
9100.267	21.786000000000058	trials	19.0	9119.191712	9120.069046999999			9118.545536	9120.058838			1.0		0.0	2.0					
9126.116	20.863999999999578	trials	19.0	9143.847097	9145.802457	9146.642985999999	9147.057333	9143.330705	9146.013909			1.0	2.0	0.0	3.0					
9149.947	24.26000000000022	trials	19.0	9171.668274	9173.053910999999	9173.874144	9174.316985	9170.671161	9173.318427			1.0	2.0	0.0	3.0					
9178.087	18.93500000000131	trials	19.0	9194.587155000001	9195.655468	9196.649241000001	9197.07496	9193.820851	9196.097644			1.0	1.0	0.0	3.0					
9199.038	24.588999999999942	trials	19.0	9220.242981000001	9222.119724	9223.133083	9223.679176	9219.586394	9222.542829			1.0	2.0	0.0	3.0					
9225.463	22.67500000000109	trials	19.0	9243.618085	9245.665663	9246.415908	9246.614626	9242.851282	9245.916982	9247.087	9248.138	1.0	1.0	1.0	1.0					
9251.218	7.354999999999563	trials	19.0	9255.892109	9257.389338	9258.155791000001	9258.626905000001	9254.960806000001	9257.639991			1.0	1.0	0.0	3.0					
9261.463	18.179000000000087	trials	19.0	9276.787731	9277.916136	9278.977122	9279.694458	9276.088594	9278.395174000001			1.0	1.0	0.0	3.0					
9283.317	19.290000000000873	trials	19.0	9299.592768	9301.251028	9302.280321	9302.623494	9298.973521	9301.651591			1.0	2.0	0.0	3.0					
9305.664	23.513999999999214	trials	19.0	9326.293224000001	9328.134651	9328.901334	9329.221923000001	9325.551471	9328.37889			1.0	1.0	0.0	3.0					
9333.192	23.6150000000016	trials	19.0	9352.279443	9354.304752	9354.994294	9355.213189	9351.60403	9354.489502	9355.747	9356.807	1.0	1.0	1.0	1.0					
9359.842	10.061999999999898	trials	19.0	9365.432907	9367.040019	9368.087986	9368.278299	9364.566493	9367.484446	9368.692	9369.904	1.0	1.0	1.0	1.0					
9372.042	9.43500000000131	trials	19.0	9376.893283000001	9378.840871	9379.726642	9379.894657	9376.102321	9379.073878000001	9380.392	9381.477	1.0	1.0	1.0	1.0					
9383.557	9.68999999999869	trials	19.0	9390.388692	9392.094864	9392.973079000001	9393.301228	9389.411922000001	9392.371894			1.0	2.0	0.0	3.0					
9396.257	24.4950000000008	trials	19.0	9418.267884	9419.607151	9420.38863	9420.8029	9417.415176	9419.847156			1.0	1.0	0.0	3.0					
9424.727	15.77599999999984	trials	19.0	9438.069891000001	9439.200573	9440.18358	9440.555109	9437.10028	9439.560921			1.0	2.0	0.0	3.0					
9444.565	24.700999999999112	trials	19.0	9466.458715	9467.696680000001	9468.863252000001	9469.287156	9465.763932	9468.216084			1.0	2.0	0.0	3.0					
9471.208	21.743999999998778	trials	19.0	9487.954018	9489.910593	9491.138589	9491.350611	9487.115881	9490.578334	9491.803	9492.952	1.0	1.0	1.0	1.0					
9494.832	11.074999999998909	trials	19.0	9501.878651	9503.245693	9503.984008	9504.205609	9501.264739	9503.485681	9504.607	9505.907	1.0	1.0	1.0	1.0					
9508.793	7.998999999999796	trials	19.0	9512.554159000001	9514.161406000001	9514.951404	9515.092909	9511.967623	9514.394067000001	9515.495	9516.792	1.0	1.0	1.0	1.0					
9518.852	7.242999999998574	trials	19.0	9522.994437000001	9525.002811	9525.761482	9526.142890000001	9522.44548	9525.219847			1.0	1.0	0.0	3.0					
9530.072	18.719999999999345	trials	19.0	9546.004081000001	9547.487085	9548.29672	9548.844399	9545.160042	9547.784643			1.0	1.0	0.0	3.0					
9551.633	18.23199999999997	trials	19.0	9567.160057000001	9568.295878	9569.516743	9569.894013000001	9566.339179	9568.809273			1.0	2.0	0.0	3.0					
9572.863	25.194000000001324	trials	19.0	9595.454598	9596.807788	9597.789186	9598.04175	9594.874545	9597.167749			1.0	2.0	0.0	3.0					
9601.122	25.579999999999927	trials	19.0	9622.594444	9623.801526000001	9624.94047	9625.25217	9621.914727000001	9624.504216000001	9625.717	9626.702	1.0	1.0	1.0	1.0					
9628.837	8.051000000001295	trials	19.0	9633.409590000001	9634.564470000001	9636.193125	9636.941259000001	9632.889884	9635.694445000001			1.0	1.0	0.0	3.0					
9640.522	14.854999999999563	trials	19.0	9650.924782	9652.551093	9653.792313	9653.979489000001	9650.373334	9653.201009	9654.422	9655.377	1.0	2.0	1.0	1.0					
9657.462	7.786000000000058	trials	19.0	9662.089668	9663.836289	9664.857708	9665.230775	9661.519738	9664.176006			1.0	2.0	0.0	3.0					
9669.248	21.967000000000553	trials	19.0	9687.1491	9688.336603	9689.387265000001	9689.586749	9686.607511	9688.867134	9689.947	9691.215	1.0	1.0	1.0	1.0					
9693.228	8.302000000001499	trials	19.0	9699.159864000001	9700.216847	9701.144607	9701.516535	9698.396947000001	9700.586236000001			1.0	1.0	0.0	3.0					
9703.467	18.44999999999891	trials	19.0	9718.689432000001	9720.581797	9721.555116	9721.926991	9718.103886	9720.790125			1.0	2.0	0.0	3.0					
9723.922	20.67399999999907	trials	19.0	9742.196425	9743.411998	9744.197412	9744.599413	9741.319608	9743.679304000001			1.0	1.0	0.0	3.0					
9746.523	24.713999999999942	trials	19.0	9768.729505000001	9769.857717	9770.784315	9771.293824	9768.025231	9770.101574			1.0	2.0	0.0	3.0					
9774.152	30.26000000000022	trials	19.0	9800.019811	9801.531374	9802.232817	9802.64201	9799.373328	9801.733392	9802.928	9804.412	1.0	1.0	1.0	1.0					
9808.243	7.843999999999141	trials	19.0	9811.474861	9813.327481	9814.193545	9814.365752	9810.530032	9813.659743	9814.832	9816.087	1.0	1.0	1.0	1.0					
9818.118	8.468999999999141	trials	19.0	9824.095231000001	9825.276531	9826.234236	9826.641474	9823.222192000001	9825.682630000001			1.0	1.0	0.0	3.0					
9829.542	19.625	trials	19.0	9845.930057	9847.912324	9848.842168000001	9849.137560000001	9845.368845	9848.159317			1.0	2.0	0.0	3.0					
9852.178	19.244000000000597	trials	19.0	9868.939938	9870.233518000001	9871.071295	9871.479052	9868.239471	9870.577877			1.0	1.0	0.0	3.0					
9874.413	19.68499999999949	trials	19.0	9890.546902	9892.344532000001	9893.019403	9893.275789000001	9889.911619	9892.544386			1.0	1.0	1.0	1.0					
9898.539	12.247999999999593	trials	19.0	9907.690149	9909.512493	9910.531177	9910.794306	9907.144522	9909.926074			1.0	2.0	0.0	3.0					
9913.797	16.729999999999563	trials	19.0	9926.036389	9927.677244	9928.609611	9928.823226	9925.501504	9928.016506	9929.287	9930.527	1.0	1.0	1.0	1.0					
9934.612	5.2850000000016735	trials	19.0	9937.216192	9938.392223	9939.198883000001	9939.95482	9936.444493	9938.643142			1.0	1.0	0.0	3.0					
9941.527	21.719999999999345	trials	19.0	9960.770445	9962.008128000001	9962.830248	9963.305257	9959.966027	9962.273551			1.0	1.0	0.0	3.0					
9967.152	18.450000000000728	trials	19.0	9981.011403	9982.857535000001	9983.585000000001	9983.792844	9980.304795	9983.094103	9984.223	9985.602	1.0	1.0	1.0	1.0					
9989.463	8.148999999999432	trials	19.0	9994.596292	9996.574558	9997.26151	9997.613176	9993.670113	9996.761754000001			1.0	1.0	0.0	3.0					
10000.587	16.44000000000051	trials	19.0	10014.096046	10015.960361000001	10016.755753000001	10017.069849	10013.302831	10016.180887			1.0	1.0	0.0	3.0					
10019.069	21.91899999999987	trials	19.0	10036.386239	10038.213464	10039.03846	10039.259152	10035.449875	10038.419956	10039.812	10040.988	1.0	1.0	1.0	1.0					
10044.072	8.75	trials	19.0	10049.076726000001	10050.954064	10051.754907	10051.973391	10048.069171000001	10051.259589000001			1.0	1.0	1.0	1.0					
10057.347	106.01499999999942	BlockDesign														1.0	488.0	492.0	0.0	0.0
10057.347	20.759000000000015	trials	20.0	10075.501483	10076.921797	10077.681277	10078.123156	10074.6379	10077.127089			1.0	1.0	0.0	3.0					
10081.029	14.51299999999901	trials	20.0	10092.581978	10094.058093	10095.166544	10095.561297	10092.054856	10094.406466			1.0	2.0	0.0	3.0					
10099.572	21.15099999999984	trials	20.0	10118.113158	10119.332879	10120.124756000001	10120.778354	10117.581415	10119.587718			1.0	1.0	0.0	3.0					
10123.462	21.079999999999927	trials	20.0	10141.613308	10143.529149	10144.194329	10144.59867	10140.807838	10143.755032000001			1.0	1.0	0.0	3.0					
10147.543	15.818999999999505	trials	20.0	10160.367384000001	10162.034876	10163.031394	10163.419652	10159.612500000001	10162.363164			1.0	1.0	0.0	3.0					
10165.502	663.119999999999	BlockDesign														1.0	493.0	536.0	90.0	50.0
10165.502	28.389999999999418	trials	21.0	10189.712341	10191.285100000001	10192.25998	10192.436821000001	10188.749536000001	10191.548329000001	10193.002	10193.892	1.0	2.0	1.0	1.0					
10197.929	7.212999999999738	trials	21.0	10201.454334	10203.518049	10204.453095	10205.199616	10200.910045	10203.72388			1.0	2.0	0.0	3.0					
10208.727	19.120999999999185	trials	21.0	10223.752651	10225.097846	10225.937276	10226.121604	10223.017649000001	10225.389651000001	10226.692	10227.848	1.0	1.0	1.0	1.0					
10229.867	9.024999999999636	trials	21.0	10235.927515	10237.7314	10238.416962	10238.948521	10235.391202	10237.929963			1.0	1.0	0.0	3.0					
10242.687	16.70100000000093	trials	21.0	10254.637118	10256.453941	10257.195298	10257.471235	10253.639505000001	10256.684187	10257.888	10259.388	1.0	1.0	1.0	1.0					
10262.47	15.057000000000698	trials	21.0	10273.442504	10274.737467	10275.896857	10276.067733	10272.483727	10275.144724	10276.638	10277.527	1.0	2.0	1.0	1.0					
10281.572	6.994999999998981	trials	21.0	10285.54291	10287.304189	10288.29196	10288.550265	10284.889812000001	10287.62694			1.0	2.0	0.0	3.0					
10292.638	25.28399999999965	trials	21.0	10313.357832	10314.604393	10315.643436	10315.908124	10312.529806	10315.026322	10316.277	10317.922	1.0	1.0	1.0	1.0					
10321.042	10.386000000000422	trials	21.0	10327.043134	10328.694015000001	10329.383602	10329.540604	10326.205123	10328.859733000001	10330.017	10331.428	1.0	1.0	1.0	1.0					
10333.493	9.520000000000437	trials	21.0	10338.522525	10340.2242	10341.004086	10341.190186	10337.897026	10340.472684	10341.592	10343.013	1.0	1.0	1.0	1.0					
10345.098	7.558999999999287	trials	21.0	10349.217933	10350.705411			10348.259901000001	10350.698125			1.0		0.0	2.0					
10354.727	18.286000000000058	trials	21.0	10368.659757000001	10370.194311000001	10371.076725	10371.285432	10367.809650000001	10370.482687	10371.712	10373.013	1.0	1.0	1.0	1.0					
10374.99	7.42699999999968	trials	21.0	10379.77245	10381.171635	10382.156137	10382.453131	10378.89561	10381.384795			1.0	2.0	0.0	3.0					
10386.491	16.03100000000086	trials	21.0	10398.382819	10399.565061000001	10400.420133	10400.773747000001	10397.662891	10399.92988	10400.977	10402.522	1.0	1.0	1.0	1.0					
10404.652	19.66699999999946	trials	21.0	10409.508222	10411.315615	10423.991961	10424.358693	10408.965498	10411.790058			1.0	1.0	0.0	3.0					
10428.292	9.886000000000422	trials	21.0	10435.152906	10437.006766	10437.862836	10438.225849	10434.576905	10437.266565			1.0	2.0	0.0	3.0					
10442.133	19.34900000000016	trials	21.0	10457.544001	10458.844147	10459.804729	10459.968946	10456.70766	10459.171620000001	10460.397	10461.482	1.0	2.0	1.0	1.0					
10464.444	7.962999999999738	trials	21.0	10467.968589	10469.350008000001	10470.392841	10470.610144	10467.303291	10469.765245	10471.013	10472.407	1.0	2.0	1.0	1.0					
10475.475	10.07799999999952	trials	21.0	10481.293677	10482.931216	10483.935982	10484.146426	10480.608621	10483.345714000001	10484.547	10485.553	1.0	2.0	1.0	1.0					
10487.642	8.81500000000051	trials	21.0	10491.96343	10493.452008	10494.431059	10494.613654	10491.328664	10493.805400000001	10495.053	10496.457	1.0	2.0	1.0	1.0					
10499.382	5.742000000000189	trials	21.0	10502.593749	10503.650022	10504.784566	10505.140929000001	10501.727647	10504.170076			1.0	2.0	0.0	3.0					
10508.053	25.009000000000015	trials	21.0	10528.624455000001	10529.756219	10531.333194	10531.4871	10527.824342	10530.654895	10531.912	10533.062	1.0	2.0	1.0	1.0					
10537.102	7.104999999999563	trials	21.0	10541.338819	10542.951763000001	10543.934281	10544.209141	10540.392733	10543.256193000001			1.0	2.0	0.0	3.0					
10546.227	18.661000000000058	trials	21.0	10560.843778	10562.155848	10563.222717	10563.347302	10560.002079	10562.526499	10563.928	10564.888	1.0	2.0	1.0	1.0					
10567.973	10.689000000000306	trials	21.0	10575.454644000001	10577.461375	10578.389928	10578.629922	10574.488029	10577.655861000001			1.0	2.0	0.0	3.0					
10582.672	18.675999999999476	trials	21.0	10596.809305	10598.396068	10599.297753	10599.635349	10596.101691	10598.811619	10600.007	10601.348	1.0	1.0	1.0	1.0					
10604.367	6.6599999999998545	trials	21.0	10606.813618	10607.913021	10609.195837000001	10609.337161	10606.283317000001	10608.373594	10609.877	10611.027	1.0	2.0	1.0	1.0					
10613.098	9.334000000000742	trials	21.0	10617.778682	10619.470602000001	10620.355395	10620.502027	10617.040537	10619.802313	10620.932	10622.432	1.0	1.0	1.0	1.0					
10626.203	6.8990000000012515	trials	21.0	10628.643778	10630.206683	10631.013954	10631.202763000001	10628.059168	10630.452826	10631.607	10633.102	1.0	1.0	1.0	1.0					
10635.067	8.1200000000008	trials	21.0	10639.024351	10640.467807	10641.255189	10641.473337	10638.228068	10640.741556	10641.888	10643.187	1.0	1.0	1.0	1.0					
10647.207	6.234999999998763	trials	21.0	10648.904347	10650.73579	10651.619122	10651.809747	10648.198975	10651.015387	10652.232	10653.442	1.0	1.0	1.0	1.0					
10656.464	7.458000000000538	trials	21.0	10660.535689	10661.826897	10662.910159000001	10663.191549000001	10659.84237	10662.315132			1.0	1.0	1.0	1.0					
10666.457	13.095999999999549	trials	21.0	10675.224057	10676.801013	10677.601303	10677.773214	10674.701694	10676.99566	10678.263	10679.553	1.0	1.0	1.0	1.0					
10683.6	6.582000000000335	trials	21.0	10685.814249000001	10687.356111000001	10688.323767	10688.558852	10685.059449	10687.835409	10688.892	10690.182	1.0	1.0	1.0	1.0					
10693.202	7.614999999999782	trials	21.0	10696.734322	10697.973048	10698.759927000001	10699.001079	10695.871819	10698.202175	10699.332	10700.817	1.0	1.0	1.0	1.0					
10702.85	7.141999999999825	trials	21.0	10706.889565000001	10708.822206	10709.534523	10710.051619	10706.309683	10709.033944			1.0	1.0	0.0	3.0					
10712.797	20.454999999999927	trials	21.0	10728.819535	10730.530039000001	10731.285181000001	10731.497643	10727.905549000001	10730.732289	10731.987	10733.252	1.0	1.0	1.0	1.0					
10735.288	9.548999999999069	trials	21.0	10740.665086	10742.037737	10742.802694	10743.002172	10739.739056	10742.296587	10743.437	10744.837	1.0	1.0	1.0	1.0					
10747.927	8.30999999999949	trials	21.0	10751.515101	10753.327753	10754.046972	10754.324001	10750.918804	10753.527841000001	10754.678	10756.237	1.0	1.0	1.0	1.0					
10759.252	9.100000000000364	trials	21.0	10762.845285	10764.061603	10764.930029000001	10765.141404	10762.324992	10764.398494000001	10765.692	10768.352	1.0	1.0	1.0	1.0					
10770.433	13.244999999998981	trials	21.0	10779.63493	10780.748209000001	10781.789311	10781.947432	10778.782854000001	10781.079687000001	10782.362	10783.678	1.0	2.0	1.0	1.0					
10787.694	6.4979999999995925	trials	21.0	10789.701714	10791.484974	10792.129672000001	10792.388788	10788.973887	10791.695623	10792.701	10794.192	1.0	1.0	1.0	1.0					
10796.277	8.200000000000728	trials	21.0	10800.991219	10802.981607	10804.155691	10804.36262	10800.112503	10803.519439			1.0	2.0	0.0	3.0					
10808.556	20.065999999998894	trials	21.0	10824.191193	10826.076265	10826.869419	10827.089721	10823.655322	10826.323197	10827.542	10828.622	1.0	1.0	1.0	1.0					
10830.828	297.8040000000001	BlockDesign														1.0	537.0	557.0	50.0	90.0
10830.828	10.424000000000888	trials	22.0	10837.23504	10838.32396	10839.233581	10839.473719	10836.717568	10838.687742	10839.892	10841.252	1.0	1.0	1.0	1.0					
10844.277	7.861000000000786	trials	22.0	10848.330627	10850.186574	10851.582952	10851.635076	10847.660265	10850.171037			1.0		0.0	2.0					
10855.167	16.36499999999978	trials	22.0	10867.000665	10868.69059	10869.748114	10869.913573	10866.322866	10868.975773	10862.812	10871.532	1.0	2.0	1.0	1.0					
10873.557	28.46599999999853	trials	22.0	10899.395416	10900.88256	10901.648319	10902.081796	10898.664556	10901.156941000001			1.0	1.0	0.0	3.0					
10904.962	15.399999999999636	trials	22.0	10916.576896	10917.813806	10918.617514	10918.890888	10915.697821	10918.048461	10919.377	10920.362	1.0	2.0	1.0	1.0					
10922.398	10.124000000001615	trials	22.0	10928.327005000001	10929.698115000001	10930.625304000001	10930.849495	10927.55462	10930.01145	10931.322	10932.522	1.0	2.0	1.0	1.0					
10936.652	4.764999999999418	trials	22.0	10938.631092	10939.772257	10940.741676	10941.476329000001	10937.769088000001	10940.137038			1.0	2.0	0.0	3.0					
10945.042	17.962999999999738	trials	22.0	10958.505705	10960.477659	10961.459187	10961.640075	10957.91109	10960.811241	10961.977	10963.005	1.0	2.0	1.0	1.0					
10966.082	14.225000000000364	trials	22.0	10975.742763	10977.457998	10978.391718	10978.601292	10974.814876	10977.794362	10979.053	10980.307	1.0	2.0	1.0	1.0					
10983.393	8.769000000000233	trials	22.0	10987.405341	10989.373095	10990.384825000001	10990.518324	10986.568084	10989.699342	10990.952	10992.162	1.0	2.0	1.0	1.0					
10993.977	8.730999999999767	trials	22.0	10998.570829	10999.82892	11000.879569	11001.094749	10997.659122000001	11000.254992	11001.582	11002.708	1.0	2.0	1.0	1.0					
11004.727	9.989999999999782	trials	22.0	11010.561216	11012.112484000001	11012.938839	11013.087294	11009.569437	11012.301091000001	11013.497	11014.717	1.0	2.0	1.0	1.0					
11018.763	7.093999999999141	trials	22.0	11021.9761	11023.217838	11024.127366	11024.296674000001	11021.008608	11023.486888	11024.777	11025.857	1.0	2.0	1.0	1.0					
11028.913	8.113999999999578	trials	22.0	11032.756506	11033.902908	11035.027711	11035.258752	11032.187574	11034.358242	11035.678	11037.027	1.0	2.0	1.0	1.0					
11041.1	8.476999999998952	trials	22.0	11046.261172	11048.442556	11049.315217	11049.57706	11045.508949000001	11048.666220000001			1.0	1.0	0.0	3.0					
11051.618	19.888999999999214	trials	22.0	11067.461848	11068.753066000001	11069.599089	11069.784481	11066.547910000001	11069.022027	11070.252	11071.507	1.0	2.0	1.0	1.0					
11073.585	9.097000000001572	trials	22.0	11078.275812	11079.698680000001	11080.697626000001	11080.879752	11077.354872	11080.097359	11081.507	11082.682	1.0	2.0	1.0	1.0					
11085.752	9.639999999999418	trials	22.0	11090.927892	11092.683079	11093.524573	11093.828359000001	11090.307168	11092.972179	11094.141	11095.392	1.0	2.0	1.0	1.0					
11099.503	7.418999999999869	trials	22.0	11102.082363000001	11103.957004	11104.965975000001	11105.164587000001	11101.521831	11104.235614000001	11105.592	11106.922	1.0	2.0	1.0	1.0					
11108.938	9.138999999999214	trials	22.0	11113.321375	11115.048558	11115.978616	11116.141593	11112.644588000001	11115.35115	11116.591	11118.077	1.0	2.0	1.0	1.0					
11121.962	6.670000000000073	trials	22.0	11125.506786	11126.709627	11127.606543	11127.777276	11124.775861	11126.994343			1.0	2.0	1.0	1.0					
11133.167	466.9899999999998	BlockDesign														1.0	558.0	577.0	50.0	0.0
11133.167	8.471000000001368	trials	23.0	11138.801488000001	11140.10815	11141.285113	11141.696139	11138.247648	11140.692292			2.0	2.0	0.0	3.0					
11144.647	65.09599999999955	trials	23.0	11206.522078	11208.413427	11209.359078000001	11209.805865	11205.713977	11208.720507			2.0	1.0	0.0	3.0					
11211.707	15.018000000000029	trials	23.0	11224.026898	11225.456088	11226.389238	11226.7221	11223.202179	11225.756409			2.0	2.0	0.0	3.0					
11228.667	20.056000000000495	trials	23.0	11244.622513	11246.04829	11246.764011	11247.048747	11243.933563	11246.261449000001	11247.482	11248.723	2.0	1.0	1.0	1.0					
11250.739	43.84300000000076	trials	23.0	11289.962669	11291.834495000001	11292.698853	11292.885078	11289.043458	11292.186781	11293.332	11294.582	2.0	1.0	1.0	1.0					
11296.602	9.800999999999476	trials	23.0	11303.382364000001	11305.390777	11306.072301	11306.450842	11302.466081	11305.630675			2.0	1.0	0.0	3.0					
11310.397	12.889999999999418	trials	23.0	11320.133943	11322.121290000001	11322.860466	11323.349142000001	11319.303259	11322.382955000001			2.0	1.0	0.0	3.0					
11326.132	21.70299999999952	trials	23.0	11345.267291	11346.597679	11347.499815	11347.860127	11344.297203	11346.839509000001			2.0	2.0	0.0	3.0					
11350.837	12.81000000000131	trials	23.0	11361.112116	11362.541175	11363.298303	11363.672563	11360.413885	11362.810416			2.0	1.0	0.0	3.0					
11367.652	12.1200000000008	trials	23.0	11377.119298000001	11378.587453	11379.379873	11379.788061	11376.426783	11378.898928			2.0	1.0	0.0	3.0					
11381.763	47.6299999999992	trials	23.0	11425.48744	11426.774296	11427.608527	11427.820309	11424.62586	11427.154951	11428.247	11429.393	2.0	1.0	1.0	1.0					
11431.482	14.284999999999854	trials	23.0	11441.223206	11443.136050000001	11443.849627	11444.030729	11440.304727	11443.33249	11444.442	11445.767	2.0	1.0	1.0	1.0					
11448.857	7.104999999999563	trials	23.0	11453.208247	11454.291259000001	11455.696839	11455.942057	11452.389076	11455.114168			2.0	1.0	0.0	3.0					
11457.972	21.395000000000437	trials	23.0	11475.398314	11476.585086000001	11477.425803	11477.615135	11474.4585	11476.943295000001	11478.017	11479.367	2.0	1.0	1.0	1.0					
11481.417	15.233000000000175	trials	23.0	11494.258237	11495.354181	11496.253468	11496.676363	11493.488604	11495.65723			2.0	1.0	0.0	3.0					
11500.602	17.454999999999927	trials	23.0	11513.168845	11515.219891	11516.103430000001	11516.405689	11512.646767	11515.571685	11516.867	11518.057	2.0	1.0	1.0	1.0					
11520.222	26.905000000000655	trials	23.0	11542.639083	11544.31222	11545.195553000001	11545.443525	11541.822528	11544.645634	11545.922	11547.127	2.0	1.0	1.0	1.0					
11549.143	13.97899999999936	trials	23.0	11558.683527000001	11560.594366000001	11561.322681000001	11561.498836	11557.747978	11560.793274	11561.942	11563.122	2.0	1.0	1.0	1.0					
11567.21	5.3770000000004075	trials	23.0	11569.943722	11571.122339000001	11572.292973	11572.629205000001	11569.142714000001	11571.429925			2.0	1.0	0.0	3.0					
11575.616	24.540999999999258	trials	23.0	11597.735815	11599.314552	11600.079732	11600.522098000001	11597.101642000001	11599.574617			2.0	1.0	0.0	3.0					
11604.462	497.9170000000013	BlockDesign														1.0	578.0	597.0	0.0	50.0
11604.462	23.210000000000946	trials	24.0	11623.724472	11624.997198000001	11625.841449	11626.039371	11623.141758	11625.224302	11626.467	11627.672	3.0	2.0	1.0	1.0					
11629.71	8.837000000001353	trials	24.0	11635.615738	11637.280451	11638.283018	11638.535429	11635.026235000001	11637.667476			3.0	2.0	0.0	3.0					
11641.553	18.210000000000946	trials	24.0	11656.429699	11658.35562	11659.242151	11659.825807000001	11655.681132	11658.606709			3.0	2.0	0.0	3.0					
11661.557	24.094999999999345	trials	24.0	11681.354122	11682.806707	11683.741729000001	11684.054888	11680.737794	11683.120771	11684.572	11685.652	3.0	2.0	1.0	1.0					
11689.738	13.78400000000147	trials	24.0	11699.370877000001	11700.806962	11701.644525	11701.858028	11698.620605	11701.028718000001	11702.242	11703.522	3.0	2.0	1.0	1.0					
11705.587	15.895000000000437	trials	24.0	11716.83979	11718.819594	11719.602024	11719.824448	11715.994465	11718.968709	11720.184	11721.482	3.0	2.0	1.0	1.0					
11724.368	16.66899999999987	trials	24.0	11738.425231000001	11739.842584	11740.666689	11741.100153	11737.815927	11740.098271			3.0	2.0	0.0	3.0					
11742.947	31.610000000000582	trials	24.0	11772.11431	11773.216495	11774.172514	11774.623273000001	11771.484522	11773.664619			3.0	2.0	0.0	3.0					
11776.462	20.6200000000008	trials	24.0	11794.574427	11795.904508	11796.710418	11797.146502	11793.771404000001	11796.1599			3.0	2.0	0.0	3.0					
11800.979	14.298000000000684	trials	24.0	11810.854555	11812.420255	11813.263632	11813.441589	11810.068239	11812.695115	11813.842	11815.277	3.0	2.0	1.0	1.0					
11818.297	13.96600000000035	trials	24.0	11828.430766000001	11829.696141	11830.478372000001	11830.681974000001	11827.795192000001	11829.934103	11831.013	11832.263	3.0	2.0	1.0	1.0					
11834.282	8.775000000001455	trials	24.0	11839.501489	11841.422158000001	11842.344288	11843.121744	11838.637957	11841.860176			3.0	2.0	0.0	3.0					
11844.677	25.139999999999418	trials	24.0	11865.779614000001	11867.034633	11867.76879	11868.156598000001	11864.820598	11867.306195000001	11868.41	11869.817	3.0	2.0	1.0	1.0					
11871.868	13.22400000000016	trials	24.0	11882.239673	11883.959067	11884.619398	11885.157504	11881.280082000001	11884.100971			3.0	2.0	0.0	3.0					
11888.872	29.215000000000146	trials	24.0	11915.166958	11916.977296000001	11917.773715	11918.088711	11914.474071	11917.235034000001			3.0	1.0	0.0	3.0					
11921.167	20.905000000000655	trials	24.0	11939.074936	11940.596837000001	11941.614418000001	11942.139493	11938.261591	11941.047625			3.0	2.0	0.0	3.0					
11943.902	21.289999999999054	trials	24.0	11962.565782	11963.941501000001	11964.931246	11965.250794	11961.707758	11964.399652			3.0	2.0	0.0	3.0					
11969.199	26.052999999999884	trials	24.0	11990.435719000001	11992.192242000001	11993.465782	11993.698749	11989.8837	11992.890534	11994.127	11995.252	3.0	2.0	1.0	1.0					
11997.407	80.86100000000079	trials	24.0	12075.311545	12076.981810000001	12077.850766	12078.332094000001	12074.457666	12077.223225			3.0	2.0	0.0	3.0					
12081.187	21.192000000000917	trials	24.0	12098.141449	12099.856597	12100.624543	12100.799169	12097.537164000001	12100.043617	12101.192	12102.379	3.0	2.0	1.0	1.0					
12105.529	968.2489999999998	BlockDesign														1.0	598.0	643.0	50.0	50.0
12105.529	11.247999999999593	trials	25.0	12112.641888	12113.984643	12114.887493	12115.223947	12111.942955	12114.300963	12115.723	12116.777	3.0	2.0	1.0	1.0					
12118.852	21.950999999999112	trials	25.0	12137.43312	12138.863804	12139.473291	12139.675764	12136.668085000001	12138.859773			3.0		0.0	2.0					
12143.835	25.212000000001353	trials	25.0	12165.34666	12167.108104	12168.347208	12168.598773	12164.638138	12167.100237			3.0		0.0	2.0					
12173.057	35.849999999998545	trials	25.0	12204.286379000001	12206.044516	12206.815513000001	12207.134655	12203.30133	12206.278777	12207.34	12208.907	2.0	1.0	1.0	1.0					
12212.924	19.878999999998996	trials	25.0	12230.571436	12231.689164	12232.452966	12232.801562	12229.720659	12231.989406			2.0	1.0	0.0	3.0					
12235.727	17.524999999999636	trials	25.0	12249.082647	12250.608076999999	12251.472396	12251.620519999999	12248.494841	12250.887303	12252.092	12253.252	3.0	2.0	1.0	1.0					
12255.322	15.125	trials	25.0	12266.192403	12267.660709999998	12268.408628	12268.621376	12265.373464999999	12267.859007	12269.068	12270.447	2.0	1.0	1.0	1.0					
12272.477	12.575999999999112	trials	25.0	12282.537440999999	12283.599488	12284.435888999998	12285.128321999999	12281.962039999999	12283.917951			2.0	1.0	0.0	3.0					
12288.807	15.569999999999709	trials	25.0	12299.782618	12301.604635999998	12302.305498999998	12302.477396999999	12299.218975999998	12301.802426999999	12302.877	12304.377	2.0	1.0	1.0	1.0					
12307.473	13.844999999999345	trials	25.0	12316.987931	12318.341262	12319.218339	12319.595417999999	12316.011341	12318.583891999999	12319.928	12321.318	3.0	2.0	1.0	1.0					
12323.287	28.459999999999127	trials	25.0	12347.358654	12348.789449	12349.813493999998	12350.057273999999	12346.567511	12349.116877999999	12350.453	12351.747	3.0	2.0	1.0	1.0					
12354.763	15.25	trials	25.0	12367.094871	12368.597077999999	12369.334587	12369.492607999999	12366.570032	12368.840269999999			2.0	1.0	0.0	3.0					
12371.682	20.229999999999563	trials	25.0	12389.153127	12390.773279	12391.483771	12391.989516	12388.456118999999	12390.991928			2.0	1.0	0.0	3.0					
12393.737	18.595000000001164	trials	25.0	12409.263674	12411.068838	12411.97805	12412.410557	12408.48798	12411.338071999999			3.0	2.0	0.0	3.0					
12416.232	19.211999999999534	trials	25.0	12432.202990999998	12434.259207	12435.111899	12435.375812999999	12431.400103999998	12434.485078999998			3.0	2.0	0.0	3.0					
12438.397	30.389999999999418	trials	25.0	12465.083897999999	12466.409867999999	12467.124527	12467.305781	12464.091494999999	12466.656339	12467.747	12468.787	2.0	1.0	1.0	1.0					
12470.804	18.927999999999884	trials	25.0	12485.703266999999	12486.870659999999	12487.823841	12488.047163	12484.877687999999	12487.155739999998	12488.522	12489.732	3.0	2.0	1.0	1.0					
12492.822	10.855999999999767	trials	25.0	12501.003284999999	12502.624827	12503.379986	12503.626961999998	12500.237301	12502.837937999999			2.0	1.0	0.0	3.0					
12507.687	27.57600000000093	trials	25.0	12532.778812999999	12534.137873999998	12535.005806	12535.312990999999	12531.905438999998	12534.391360999998			3.0	2.0	0.0	3.0					
12539.267	19.920000000000073	trials	25.0	12555.434107	12556.455415999999	12557.220974999998	12557.420909999999	12554.605990999999	12556.736345	12557.772	12559.187	2.0	1.0	1.0	1.0					
12561.223	12.47899999999936	trials	25.0	12569.118715999999	12570.766305	12571.650909	12571.921079	12568.552559999998	12571.065041	12572.337	12573.702	3.0	2.0	1.0	1.0					
12576.763	10.808999999999287	trials	25.0	12584.439809	12586.316303	12587.106122	12587.651171	12583.884112999998	12586.577822			2.0	1.0	0.0	3.0					
12590.417	35.07500000000073	trials	25.0	12621.269478999999	12622.722638	12623.451501	12623.675959999999	12620.664540999998	12622.983350999999	12624.002	12625.492	2.0	1.0	1.0	1.0					
12627.572	11.465000000000146	trials	25.0	12636.514625	12637.844552999999	12638.725601999999	12639.054608999999	12635.804583	12638.069744999999			3.0	2.0	0.0	3.0					
12641.072	34.45999999999913	trials	25.0	12671.119180999998	12673.166904	12673.625617999998	12673.828792999999	12670.206532999999	12673.146878	12674.317	12675.532	2.0	1.0	1.0	1.0					
12678.592	9.069999999999709	trials	25.0	12684.444801	12686.271474	12687.127106	12687.743530999998	12683.678915999999	12686.526613999999			3.0	2.0	0.0	3.0					
12691.441	13.014999999999418	trials	25.0	12701.204677999998	12702.698535	12703.449806999999	12703.645525999998	12700.649408	12702.945295			2.0	1.0	1.0	1.0					
12708.013	10.453999999999724	trials	25.0	12715.945429	12717.391736	12718.107891999998	12718.546326	12715.268396	12717.603062999999			2.0	1.0	0.0	3.0					
12720.385	31.896999999999025	trials	25.0	12749.435222999999	12751.286435999999	12751.981365	12752.290443	12748.592702999998	12751.500032			2.0	1.0	0.0	3.0					
12754.292	22.19499999999971	trials	25.0	12772.101815999999	12773.551366999998	12774.654958	12774.915116999999	12771.191594	12773.820118	12775.257	12776.487	3.0	2.0	1.0	1.0					
12779.517	7.833000000000538	trials	25.0	12784.395555	12786.186369	12787.070995999999	12787.425839	12783.852538	12786.430972999999			3.0	2.0	0.0	3.0					
12791.323	17.384000000000015	trials	25.0	12805.315600999998	12806.786301999999	12807.719049	12807.872599999999	12804.595624999998	12807.072327			3.0	2.0	1.0	1.0					
12811.242	17.039999999999054	trials	25.0	12823.346685999999	12824.458395999998	12825.365799	12825.531942	12822.613887	12824.741703	12825.982	12828.282	3.0	2.0	1.0	1.0					
12831.303	11.03900000000067	trials	25.0	12839.610481999998	12841.307595999999	12842.095764	12842.260219999998	12838.637836	12841.488104999999			3.0	2.0	0.0	3.0					
12846.397	10.104999999999563	trials	25.0	12853.714813999999	12855.199327999999	12856.136962999999	12856.582247999999	12852.804907999998	12855.530288999998			3.0	2.0	0.0	3.0					
12858.382	23.935999999999694	trials	25.0	12877.830791999999	12879.614742999998	12880.510884	12880.71345	12877.134755	12879.988344	12870.442	12882.318	2.0	1.0	1.0	1.0					
12885.337	28.25500000000102	trials	25.0	12909.670187999998	12910.764926	12911.67477	12911.865843	12908.665941	12911.084513	12912.167	12913.592	3.0	2.0	1.0	1.0					
12917.672	11.944999999999709	trials	25.0	12926.490521999998	12927.693093999998			12925.642129999998	12927.678693			2.0		0.0	2.0					
12931.623	19.953999999999724	trials	25.0	12948.626042999998	12950.037623999999	12951.088082999999	12951.657636	12947.859793	12950.57556			2.0	2.0	0.0	3.0					
12954.414	16.532999999999447	trials	25.0	12966.670780999999	12968.342209999999	12969.083938	12969.373093999999	12965.693696999999	12968.647221	12969.763	12970.947	2.0	1.0	1.0	1.0					
12973.097	10.034999999999854	trials	25.0	12979.731372999999	12981.618008	12982.792193	12983.202437999998	12979.121899	12982.244331999998			2.0	1.0	0.0	3.0					
12986.123	17.53399999999965	trials	25.0	12999.4206	13001.220871	13001.996684	13002.177122	12998.509904999999	13001.427999	12995.687	13003.657	3.0	2.0	1.0	1.0					
13006.695	10.522000000000844	trials	25.0	13012.52139	13014.318186999999	13015.151167	13015.323107999999	13011.750096	13014.582896999998	13015.712	13017.217	2.0	1.0	1.0	1.0					
13019.237	11.280000000000655	trials	25.0	13025.871149999999	13027.643406	13028.382053	13028.608745	13025.105221999998	13027.894585999999	13029.047	13030.517	2.0	1.0	1.0	1.0					
13034.678	5.710000000000946	trials	25.0	13037.807540999998	13039.151426999999	13039.918849999998	13040.468439999999	13037.261715999999	13039.370235999999			2.0	1.0	0.0	3.0					
13044.227	29.550999999999476	trials	25.0	13069.456375	13071.269828999999	13072.144162999999	13072.349433	13068.536630999999	13071.525509	13072.727	13073.778	3.0	2.0	1.0	1.0					
13076.867	110.3109999999997	BlockDesign														1.0	644.0	649.0	0.0	0.0
13076.867	8.685999999999694	trials	26.0	13082.371851	13084.490031	13085.269613999999	13085.514765	13081.495298999998	13084.702421999998			2.0	1.0	0.0	3.0					
13089.562	14.304000000000087	trials	26.0	13100.71112	13102.658636999999	13103.490673999999	13103.904070999999	13099.916238	13103.016956			2.0	1.0	0.0	3.0					
13107.822	14.93499999999949	trials	26.0	13119.902708	13121.792085	13122.448240999998	13122.764380999999	13118.975324	13121.957353999998			2.0	1.0	0.0	3.0					
13126.837	21.81999999999971	trials	26.0	13144.966503	13146.729576	13148.377504999999	13148.649620999999	13144.216654999998	13146.715971			2.0		0.0	2.0					
13151.712	18.47700000000077	trials	26.0	13167.747075	13168.910806	13169.824322999999	13170.269895	13166.925673999998	13169.170349999999			2.0	2.0	0.0	3.0					
13174.072	13.105999999999767	trials	26.0	13184.893483999998	13186.304079	13186.979189999998	13187.258756	13184.250702	13186.497774			2.0	1.0	0.0	3.0					
13191.305	120.97699999999895	BlockDesign														1.0	650.0	654.0	0.0	0.0
13191.305	28.967000000000553	trials	27.0	13217.513507	13219.097994999998	13219.963031	13220.309480999998	13216.717154999998	13219.379699			3.0	2.0	0.0	3.0					
13223.257	26.67500000000109	trials	27.0	13247.577266999999	13248.724907999998	13249.575839	13249.87443	13246.867456999998	13248.943498999999			3.0	2.0	0.0	3.0					
13252.902	18.3700000000008	trials	27.0	13268.54727	13270.114178999998	13270.971373999999	13271.335968	13267.692011	13270.360829			3.0	2.0	0.0	3.0					
13276.292	15.430000000000291	trials	27.0	13288.81814	13290.633941999999	13291.39908	13291.778342	13288.182956999999	13290.87935			3.0	2.0	0.0	3.0					
13294.647	17.6349999999984	trials	27.0	13309.907507999998	13311.394817999999	13312.143836	13312.364948999999	13308.956256	13311.665407999999			3.0	1.0	0.0	3.0					
13316.489	1001.1280000000006	BlockDesign														1.0	655.0	697.0	50.0	50.0
13316.489	27.189000000000306	trials	28.0	13333.014464999998	13334.185307	13334.722678999999	13334.943050999998	13332.174888	13334.263652999998	13335.567	13343.678	2.0	1.0	1.0	1.0					
13346.725	13.266999999999825	trials	28.0	13357.412687999999	13358.968901999999	13359.608096	13360.045439999998	13356.886872	13359.148264			2.0	1.0	0.0	3.0					
13362.922	18.115999999999985	trials	28.0	13378.632682	13380.041173999998	13380.801148999999	13380.978443999998	13377.927877999999	13380.294396			3.0	1.0	0.0	3.0					
13383.053	19.875	trials	28.0	13398.548147999998	13399.820888999999	13400.475626	13400.758317	13398.012915	13400.011692	13401.142	13402.928	2.0	1.0	1.0	1.0					
13407.022	8.294999999998254	trials	28.0	13412.802549	13414.169621	13415.065749	13415.371562999999	13411.846274	13414.433115999998			3.0	2.0	0.0	3.0					
13418.396	21.156999999999243	trials	28.0	13436.758168999999	13438.534264999998	13439.313153	13439.521202	13435.919699999999	13438.812527999999			3.0	1.0	0.0	3.0					
13441.562	21.93499999999949	trials	28.0	13460.603694	13461.574755			13459.840807999999	13461.565462999999			2.0		0.0	2.0					
13465.507	19.975000000000364	trials	28.0	13481.363613	13482.789890999999	13483.791474	13484.003256	13480.488075	13483.173794999999	13484.342	13485.482	3.0	2.0	1.0	1.0					
13489.502	15.569999999999709	trials	28.0	13502.453925	13503.754652	13504.775576999999	13505.075551999998	13501.808544	13504.071398999999			3.0	2.0	0.0	3.0					
13507.077	18.02100000000064	trials	28.0	13521.059865	13522.465094	13523.125929	13523.400654	13520.438182999998	13522.668833999998	13523.747	13525.098	2.0	1.0	1.0	1.0					
13527.112	9.880000000001019	trials	28.0	13532.475016999999	13533.55517	13534.581139999998	13534.730055	13531.873930999998	13533.917747	13535.167	13536.992	3.0	2.0	1.0	1.0					
13540.013	12.86199999999917	trials	28.0	13550.108847	13551.554947999999	13552.572488999998	13552.807583	13549.413778999999	13552.007133			2.0	1.0	0.0	3.0					
13556.917	45.91500000000087	trials	28.0	13598.654238	13600.19343	13601.102836999999	13601.292302999998	13597.821005	13600.467249	13601.792	13602.832	3.0	2.0	1.0	1.0					
13605.814	27.358000000000175	trials	28.0	13630.310424	13631.931486	13632.870821999999	13633.214437999999	13629.501213	13632.195464999999			2.0	2.0	0.0	3.0					
13635.212	13.893000000000029	trials	28.0	13646.574213	13648.053140999999	13648.779294	13649.123313999999	13645.910525	13648.282581			2.0	1.0	0.0	3.0					
13652.072	23.155000000000655	trials	28.0	13672.133891	13673.897842999999	13674.706869	13675.312421999999	13671.257984	13674.107027999999			3.0	2.0	0.0	3.0					
13677.977	72.77499999999964	trials	28.0	13747.561493	13749.607191	13750.374423	13750.7598	13746.911336	13749.757550999999			3.0	2.0	0.0	3.0					
13754.752	11.68499999999949	trials	28.0	13763.900032999998	13765.192760999998	13765.842351	13766.523216	13762.943453999998	13765.393218			2.0	1.0	0.0	3.0					
13768.147	19.804999999998472	trials	28.0	13785.284838	13786.871658	13787.698724999998	13788.014432	13784.580552	13787.106050999999			3.0	2.0	0.0	3.0					
13790.032	32.677999999999884	trials	28.0	13819.799715	13821.706863	13822.405695	13822.782554	13819.086114	13821.933522			2.0	1.0	0.0	3.0					
13824.667	17.204999999999927	trials	28.0	13837.575530999999	13839.337528999999	13840.072991	13840.301446	13836.826479	13839.606416999999	13840.622	13841.872	2.0	1.0	1.0	1.0					
13844.892	10.625	trials	28.0	13850.267333	13852.001983999999	13852.828900999999	13852.998200999999	13849.595295	13852.223555999999	13853.442	13855.517	3.0	2.0	1.0	1.0					
13858.599	31.748999999999796	trials	28.0	13887.250634	13888.494169999998	13889.368499999999	13889.628422999998	13886.450223999998	13888.80525			2.0	1.0	1.0	1.0					
13894.872	11.64100000000144	trials	28.0	13902.201589999999	13903.698827999999	13904.549245999999	13904.762143999998	13901.476545	13903.92642	13905.157	13906.513	3.0	2.0	1.0	1.0					
13908.267	18.036000000000058	trials	28.0	13922.670627	13924.377702			13921.792405999999	13924.370991			3.0		0.0	2.0					
13928.377	17.604999999999563	trials	28.0	13940.906067	13942.728566	13943.602057999999	13943.798933999999	13940.206784999998	13942.965326	13944.207	13945.982	3.0	2.0	1.0	1.0					
13949.053	26.513999999999214	trials	28.0	13972.267646999999	13974.144226999999	13975.185223999999	13975.652423	13971.599332999998	13974.525536			3.0	2.0	0.0	3.0					
13979.437	19.45100000000093	trials	28.0	13996.366101	13997.913046999998	13998.592411999998	13998.899368999999	13995.852366	13998.108203999998			2.0	1.0	0.0	3.0					
14001.928	20.513999999999214	trials	28.0	14018.081118999999	14019.285101	14019.979941999998	14020.146504999999	14017.578604999999	14019.527270999999	14020.507	14022.442	2.0	1.0	1.0	1.0					
14025.527	13.284999999999854	trials	28.0	14035.636075999999	14037.632897	14038.511993999999	14038.900258999998	14035.017972	14037.771101999999			3.0	2.0	0.0	3.0					
14040.767	21.31999999999971	trials	28.0	14059.446748999999	14061.148771999999	14061.77538	14062.175142999999	14058.766044	14061.329893999999			2.0	1.0	0.0	3.0					
14066.042	24.971000000001368	trials	28.0	14086.259719999998	14088.177876	14089.041173	14089.396687999999	14085.694372999998	14088.507076999998	14089.723	14091.013	2.0	1.0	1.0	1.0					
14094.129	9.117999999998574	trials	28.0	14099.1809	14100.292827	14101.316426	14101.462607	14098.495715	14100.77947	14101.922	14103.247	2.0	1.0	1.0	1.0					
14105.332	11.739999999999782	trials	28.0	14113.246571	14115.239495	14116.025887999998	14116.233305999998	14112.721153999999	14115.429418			2.0	1.0	1.0	1.0					
14120.502	11.96099999999933	trials	28.0	14128.001693999999	14129.083302	14130.260753999999	14130.505631999999	14127.227028	14129.453279	14130.862	14132.463	3.0	2.0	1.0	1.0					
14134.499	13.929000000000087	trials	28.0	14144.466683999999	14146.509086999999			14143.529338999999	14146.499246			3.0		0.0	2.0					
14152.504	19.587999999999738	trials	28.0	14169.297438	14171.002043999999	14171.79091	14172.074342	14168.327942999998	14171.233579999998			2.0	1.0	0.0	3.0					
14175.102	26.474999999998545	trials	28.0	14196.447827	14197.988798999999	14198.997281999998	14199.187848	14195.904948	14198.341797	14199.622	14201.577	3.0	2.0	1.0	1.0					
14205.709	12.568999999999505	trials	28.0	14215.836995	14217.109203	14217.961254	14218.36682	14215.184915	14217.421667999999			2.0	1.0	0.0	3.0					
14220.197	17.299999999999272	trials	28.0	14234.618309999998	14236.392569	14237.246732	14237.533173	14234.108874	14236.635744			3.0	2.0	0.0	3.0					
14240.507	22.421000000000276	trials	28.0	14259.792026	14261.804793	14262.604496	14262.999183	14258.963183999998	14262.116064			3.0	1.0	0.0	3.0					
14264.897	23.615999999999985	trials	28.0	14285.403002	14287.270478999999	14288.212984999998	14288.599842	14284.758506999999	14287.595132999999			3.0	2.0	0.0	3.0					
14291.533	26.084000000000742	trials	28.0	14312.507645999998	14314.170605	14315.027471999998	14315.208423	14311.747769	14314.491925999999	14315.598	14317.617	2.0	1.0	1.0	1.0					
14320.642	322.125	BlockDesign														1.0	698.0	717.0	50.0	90.0
14320.642	11.121000000001004	trials	29.0	14326.932604	14328.888842999999	14329.854129	14330.045858999998	14326.008302999999	14329.252292	14330.457	14331.763	1.0	2.0	1.0	1.0					
14333.847	8.550000000001091	trials	29.0	14339.207579999998	14340.65217	14341.816181999999	14342.1217	14338.457627	14341.243934999999			1.0	2.0	0.0	3.0					
14345.092	23.654999999998836	trials	29.0	14363.972323999998	14365.079842	14366.957666999999	14367.137513	14363.435159999999	14366.49852	14367.607	14368.747	1.0	2.0	1.0	1.0					
14371.807	10.404999999998836	trials	29.0	14377.712615999999	14379.245104	14380.438073	14380.598595	14376.768842999998	14379.809403	14381.047	14382.212	1.0	2.0	1.0	1.0					
14386.263	8.724999999998545	trials	29.0	14389.733240999998	14391.299363999999	14392.918043	14393.246205	14388.916355	14392.449499999999	14393.562	14394.988	1.0	2.0	1.0	1.0					
14399.007	8.944999999999709	trials	29.0	14402.828201999999	14404.786586999999	14405.745873	14406.119080999999	14402.140879999999	14405.130850999998	14406.397	14407.952	1.0	2.0	1.0	1.0					
14410.967	8.05999999999949	trials	29.0	14415.043257	14417.062387999998	14417.985905999998	14418.191375999999	14414.205859	14417.31582			1.0	2.0	1.0	1.0					
14421.578	20.819000000001324	trials	29.0	14437.984073	14439.100504999999	14440.401490999999	14440.674298999998	14437.477616999999	14439.767813999999	14441.062	14442.397	1.0	2.0	1.0	1.0					
14444.488	12.03900000000067	trials	29.0	14452.078377999998	14454.052585999998	14454.770815999998	14454.95118	14451.379793	14454.104024999999	14455.517	14456.527	1.0	2.0	1.0	1.0					
14459.547	8.18499999999949	trials	29.0	14465.263029999998	14466.44184	14467.324182999999	14467.553692999998	14464.281740999999	14466.744067			1.0	2.0	0.0	3.0					
14470.678	21.75	trials	29.0	14489.373559	14490.481456999998	14491.82174	14492.519111	14488.669097999998	14491.304505			1.0	1.0	0.0	3.0					
14494.118	21.99499999999898	trials	29.0	14512.204279999998	14513.397031999999	14514.388487	14514.559073999999	14511.537865999999	14513.742789	14514.997	14516.113	1.0	2.0	1.0	1.0					
14519.197	11.139999999999418	trials	29.0	14526.203597	14527.636319	14528.447325	14528.593374	14525.328881	14527.882945999998	14528.882	14530.337	1.0	2.0	1.0	1.0					
14534.163	8.898999999999432	trials	29.0	14538.468417	14539.635139999999	14540.731923	14540.900711999999	14537.511166999999	14540.140502999999	14541.432	14543.062	1.0	2.0	1.0	1.0					
14547.127	11.095999999999549	trials	29.0	14553.784802999999	14555.100761	14556.182483999999	14556.347189	14553.066426	14555.569865	14556.812	14558.223	1.0	2.0	1.0	1.0					
14561.095	7.936999999999898	trials	29.0	14564.918622	14566.045696	14567.323934999999	14567.523019999999	14564.26659	14566.732202	14567.982	14569.032	1.0	2.0	1.0	1.0					
14572.072	9.619999999998981	trials	29.0	14577.798932	14578.850331	14579.852212999998	14580.085901999999	14577.052703999998	14579.294053	14580.428	14581.692	1.0	2.0	1.0	1.0					
14585.78	8.233000000000175	trials	29.0	14589.718528999998	14591.19034	14592.140414999998	14592.307616999999	14588.774225	14591.4947	14592.857	14594.013	1.0	2.0	1.0	1.0					
14597.093	12.179000000000087	trials	29.0	14606.105328	14607.776590999998	14608.878407	14609.363513999999	14605.259549999999	14608.196014			1.0	1.0	0.0	3.0					
14611.183	31.583999999998923	trials	29.0	14638.254233	14639.798927	14640.615015	14640.819899999999	14637.655424999999	14640.020357999998	14641.263	14642.767	1.0	2.0	1.0	1.0					
14646.862	621.3050000000003	BlockDesign														1.0	718.0	739.0	50.0	10.0
14646.862	8.648000000001048	trials	30.0	14653.070377999999	14654.371689	14655.147035999998	14655.601082	14652.342782	14654.580198			1.0	2.0	0.0	3.0					
14658.475	21.24200000000019	trials	30.0	14677.114881	14678.499430999998	14679.487841999999	14679.768355	14676.579039999999	14678.878091999999			1.0	2.0	0.0	3.0					
14683.794	24.84400000000096	trials	30.0	14705.918339999998	14707.180961999999	14708.252627999998	14708.724658	14705.140784	14707.659113999998			1.0	1.0	0.0	3.0					
14712.568	22.695000000001528	trials	30.0	14732.464549999999	14733.982795999998	14735.001440999999	14735.35242	14731.677994	14734.232241			1.0	2.0	0.0	3.0					
14737.312	25.94499999999971	trials	30.0	14759.985299	14761.37179	14762.474203999998	14763.345414	14759.291204	14761.95344			1.0	1.0	0.0	3.0					
14765.732	37.02100000000064	trials	30.0	14798.509634999999	14799.612110999999	14800.957757	14801.060233	14797.987448999998	14800.392573	14801.672	14802.753	1.0	1.0	1.0	1.0					
14806.667	7.1599999999998545	trials	30.0	14811.220053	14812.408078999999	14813.233111999998	14813.918339	14810.585948	14812.718511			1.0	1.0	0.0	3.0					
14816.547	116.15499999999884	trials	30.0	14928.571549999999	14929.796882999999	14930.754520999999	14931.012809999998	14927.95725	14930.196092999999	14931.312	14932.702	1.0	1.0	1.0	1.0					
14935.723	8.337999999999738	trials	30.0	14941.626051	14942.853524999999	14943.696127	14944.096848	14940.990115999999	14943.152471999998			1.0	1.0	0.0	3.0					
14945.994	21.992999999998574	trials	30.0	14964.666008999999	14966.394827	14967.620245999999	14967.913198999999	14964.050948999999	14966.849885			1.0	2.0	0.0	3.0					
14970.868	18.766999999999825	trials	30.0	14986.581268999998	14988.297727	14989.237319999998	14989.724623999999	14985.7521	14988.587813999999			1.0	1.0	0.0	3.0					
14993.572	22.575000000000728	trials	30.0	15011.746417999999	15013.342870999999	15014.092497	15014.422274999999	15010.889312	15013.604467	15014.737	15016.147	1.0	1.0	1.0	1.0					
15018.197	9.534999999999854	trials	30.0	15023.38739	15025.077851999999	15025.792129999998	15026.168322	15022.405846	15025.311296	15026.473	15027.732	1.0	1.0	1.0	1.0					
15029.82	7.1270000000004075	trials	30.0	15034.216121	15035.889016	15036.665690999998	15036.898448999998	15033.310923	15036.083910999998			1.0	2.0	0.0	3.0					
15038.978	28.584000000000742	trials	30.0	15065.107885999998	15066.478652999998	15067.287143999998	15067.652017999999	15064.246184	15066.740994			1.0	1.0	0.0	3.0					
15070.553	43.58899999999994	trials	30.0	15109.397984	15111.343116	15112.371272999999	15112.556949999998	15108.524390999999	15111.811855999998	15113.017	15114.142	1.0	1.0	1.0	1.0					
15116.162	9.795000000000073	trials	30.0	15121.447202	15123.502002	15124.189387999999	15124.39757	15120.841543999999	15123.685712999999	15124.747	15125.957	1.0	1.0	1.0	1.0					
15127.977	8.349999999998545	trials	30.0	15133.11263	15135.03414	15135.814459	15136.418778	15132.447455999998	15135.313712			1.0	1.0	0.0	3.0					
15139.117	16.68000000000029	trials	30.0	15152.936462999998	15154.35984	15155.412557	15155.887100999998	15152.416377	15154.816331999999			1.0	2.0	0.0	3.0					
15159.727	17.06499999999869	trials	30.0	15173.537150999999	15175.360150999999	15176.047933999998	15176.885510999999	15173.023134	15175.554968999999			1.0	1.0	0.0	3.0					
15180.354	69.66800000000148	trials	30.0	15246.327910999998	15248.220839999998	15249.029813	15249.200937	15245.582704999999	15248.487288999999			1.0	1.0	1.0	1.0					
15254.497	13.670000000000073	trials	30.0	15266.028650999999	15267.059186999999	15267.987052999999	15268.260160999998	15265.234084	15267.473848			1.0	1.0	0.0	3.0					
15273.309	103.56800000000112	BlockDesign														1.0	740.0	744.0	0.0	0.0
15273.309	9.313000000000102	trials	31.0	15278.873366	15281.130922999999	15281.918715	15282.101102999999	15278.211877999998	15281.384349			1.0	1.0	0.0	3.0					
15285.172	14.193999999999505	trials	31.0	15297.117629999999	15298.305137	15299.006817	15299.457174	15296.114303999999	15298.557530999999			1.0	1.0	0.0	3.0					
15302.387	24.48999999999978	trials	31.0	15324.036847	15325.62919	15326.563791999999	15326.818485999998	15323.15094	15325.977132999999			1.0	1.0	0.0	3.0					
15329.888	20.308999999999287	trials	31.0	15347.192302	15348.719055	15349.401608999999	15350.266415999999	15346.356048	15348.913792			1.0	1.0	0.0	3.0					
15353.672	23.204999999999927	trials	31.0	15374.117059999999	15376.033641999999	15376.875886	15377.572632	15373.557642	15376.372674999999			1.0	1.0	0.0	3.0					
15379.366	292.991	BlockDesign														1.0	745.0	764.0	90.0	50.0
15379.366	19.255999999999403	trials	32.0	15394.651902	15396.108836	15396.804391	15397.046593	15393.923433	15396.317715	15397.377	15398.622	1.0	1.0	1.0	1.0					
15400.712	11.165000000000873	trials	32.0	15405.877724999998	15407.545552	15408.328782999999	15408.677199	15405.194271999999	15407.757416999999	15408.888	15411.877	1.0	1.0	1.0	1.0					
15413.897	12.109999999998763	trials	32.0	15421.866999999998	15423.171277	15424.131711999999	15424.409667999998	15421.307412999999	15423.538176	15424.732	15426.007	1.0	1.0	1.0	1.0					
15430.069	7.347999999999956	trials	32.0	15433.343142	15434.711731	15435.452005	15435.692987999999	15432.354667	15434.915475	15436.142	15437.417	1.0	1.0	1.0	1.0					
15441.437	7.451000000000931	trials	32.0	15444.74923	15446.633979999999	15448.023427	15448.952308	15444.014202999999	15446.930303			1.0	2.0	0.0	3.0					
15451.442	39.20000000000073	trials	32.0	15485.732902	15487.595814999999	15488.70639	15489.058964999998	15485.137863999998	15487.922123999999	15489.282	15490.642	1.0	1.0	1.0	1.0					
15494.712	7.975000000000364	trials	32.0	15498.419278	15499.989221999998	15500.713055999999	15501.028347	15497.838473999998	15500.162939999998	15501.277	15502.687	1.0	1.0	1.0	1.0					
15505.776	8.630999999999403	trials	32.0	15509.732811	15511.394663	15512.109504	15512.350031999998	15508.946195999999	15511.588904999999	15512.912	15514.407	1.0	1.0	1.0	1.0					
15518.432	7.139999999999418	trials	32.0	15521.327405999999	15522.632840999999	15523.367988999998	15523.631136	15520.758362999999	15522.867311999998	15523.922	15525.572	1.0	1.0	1.0	1.0					
15528.598	7.744000000000597	trials	32.0	15532.044703	15533.296316999998	15534.041227	15534.368148	15531.382291999998	15533.533889999999	15534.672	15536.342	1.0	1.0	1.0	1.0					
15538.366	9.421000000000276	trials	32.0	15543.357929999998	15544.760047	15545.609043999999	15545.806417	15542.769735999998	15545.020858	15546.297	15547.787	1.0	1.0	1.0	1.0					
15549.852	6.4649999999983265	trials	32.0	15553.077765999999	15554.554696	15555.266604999999	15555.592929999999	15552.47071	15554.756486999999			1.0	1.0	1.0	1.0					
15559.855	10.817000000000917	trials	32.0	15567.798401999999	15569.26017	15570.413895	15570.740988	15566.964778	15569.718298999998			1.0	2.0	0.0	3.0					
15573.682	21.495999999999185	trials	32.0	15590.888319	15592.421903999999	15593.289354999999	15593.529036999998	15590.311479	15592.707084	15593.962	15595.178	1.0	1.0	1.0	1.0					
15598.267	8.215000000000146	trials	32.0	15601.838584	15603.220448999999	15604.188882999999	15604.531170999999	15601.188402999998	15603.716019	15604.747	15606.482	1.0	1.0	1.0	1.0					
15608.498	8.988999999999578	trials	32.0	15613.173546999999	15614.395170999998	15615.409786999999	15615.769744	15612.362835	15614.840358	15616.152	15617.487	1.0	1.0	1.0	1.0					
15619.507	8.270000000000437	trials	32.0	15623.351598	15624.677257	15625.456182	15625.877955	15622.773792999998	15624.957623999999	15626.157	15627.777	1.0	1.0	1.0	1.0					
15631.867	6.89600000000064	trials	32.0	15634.058443	15635.734817999999	15636.841364	15637.030836999998	15633.367521999999	15635.800335999998	15637.477	15638.763	1.0	1.0	1.0	1.0					
15641.792	6.770000000000437	trials	32.0	15645.340704999999	15647.205085	15648.094755999999	15648.631684999998	15644.675248	15647.473162999999			1.0	1.0	0.0	3.0					
15650.357	22.0	trials	32.0	15667.599418	15669.145310999998	15670.099317999999	15670.350304	15667.081412	15669.577243	15670.807	15672.357	1.0	1.0	1.0	1.0					
15676.477	3164.33	BlockDesign														0.0	765.0	907.0	10.0	50.0
15676.477	5.5899999999983265	trials	33.0	15679.328692	15680.694441	15681.469883999998	15681.677925	15678.400554999998	15680.945106			1.0	1.0	0.0	3.0					
15685.792	20.265000000001237	trials	33.0	15703.225037999999	15704.667716999998	15705.813154	15706.087067999999	15702.231876999998	15705.301929			1.0	1.0	0.0	3.0					
15710.072	16.539999999999054	trials	33.0	15724.000662999999	15725.168268	15726.16705	15726.681326999998	15723.043620999999	15725.701231			1.0	1.0	0.0	3.0					
15729.494	16.64099999999962	trials	33.0	15743.658913	15745.106065	15745.80756	15746.20287	15742.682485	15745.33074			1.0	1.0	0.0	3.0					
15749.072	37.79399999999987	trials	33.0	15784.604161	15785.929796999999	15786.537916	15786.913184	15783.689381999999	15786.062536			1.0	1.0	0.0	3.0					
15790.837	13.676000000001295	trials	33.0	15801.414245999998	15803.166777999999	15804.197220999999	15804.566755	15800.85565	15803.467556			1.0	1.0	0.0	3.0					
15806.592	14.911000000000058	trials	33.0	15818.336172	15820.011869999998	15821.124531	15821.532534999998	15817.78082	15820.528941999999			1.0	1.0	0.0	3.0					
15825.463	19.15400000000045	trials	33.0	15841.449455999998	15843.410973	15844.175097	15844.687829999999	15840.799162	15843.652614999999			1.0	1.0	0.0	3.0					
15847.457	12.018000000000029	trials	33.0	15856.936016	15858.288218999998	15859.151667999999	15859.52538	15856.092585999999	15858.503272			1.0	2.0	0.0	3.0					
15861.412	19.935999999999694	trials	33.0	15878.354641	15879.907749999998	15880.920961	15881.416281	15877.368643	15880.418613999998			1.0	1.0	0.0	3.0					
15883.247	15.775000000001455	trials	33.0	15894.880083	15896.374966	15897.142963999999	15897.343385999999	15894.117259999999	15896.633957	15897.657	15899.022	1.0	1.0	1.0	1.0					
15901.973	7.2369999999991705	trials	33.0	15906.296451999999	15908.131949999999	15908.92882	15909.278971	15905.597515	15908.339496999999			1.0	1.0	0.0	3.0					
15911.252	17.784999999999854	trials	33.0	15926.040001	15927.952081	15928.688794	15929.105238999999	15925.318808	15928.207416			1.0	1.0	0.0	3.0					
15930.957	21.07499999999891	trials	33.0	15949.484849999999	15950.667678999998	15951.697189999999	15952.101777	15948.585264	15951.189013			1.0	1.0	0.0	3.0					
15954.962	19.207000000000335	trials	33.0	15971.110653	15973.083696999998	15973.830166	15974.229467	15970.195764999999	15973.273495			1.0	1.0	0.0	3.0					
15977.116	17.14099999999962	trials	33.0	15991.055427	15992.776703	15993.697000999999	15994.327711	15990.477411	15993.215557			1.0	1.0	0.0	3.0					
15997.017	22.600000000000364	trials	33.0	16016.900724	16018.228587	16019.188081999999	16019.687780999999	16016.221302	16018.444705999998			1.0	2.0	0.0	3.0					
16021.502	16.011000000000422	trials	33.0	16034.910349999998	16036.057670999999	16037.069904	16037.582826	16033.966585999999	16036.562306999998			1.0	1.0	0.0	3.0					
16039.388	34.62799999999879	trials	33.0	16071.155713999999	16072.846857999999	16073.599429	16074.081913999999	16070.545881999999	16073.105153999999			1.0	1.0	0.0	3.0					
16076.931	19.615999999999985	trials	33.0	16094.110969	16095.143017999999	16096.223379	16096.615993	16093.574934999999	16095.472081			1.0	2.0	0.0	3.0					
16100.507	27.145000000000437	trials	33.0	16124.752831	16126.271652	16126.840091999999	16127.724262	16124.058301	16126.232508			1.0	1.0	0.0	3.0					
16129.092	45.98999999999978	trials	33.0	16172.166126	16173.14404			16171.359922	16173.138348999999			1.0		0.0	2.0					
16178.092	50.279999999998836	trials	33.0	16225.621228	16226.815827999999	16227.623736	16228.441668	16225.046268999999	16227.094943999999			1.0	1.0	0.0	3.0					
16230.947	14.805000000000291	trials	33.0	16243.246188	16244.488395999999	16245.492635999999	16245.770292	16242.325024999998	16244.716553999999			1.0	1.0	0.0	3.0					
16249.777	13.93499999999949	trials	33.0	16259.916486999999	16261.872958	16262.861922999999	16263.782641	16259.283164999999	16262.146615			1.0	2.0	0.0	3.0					
16265.197	18.409999999999854	trials	33.0	16280.236862999998	16281.985197999998	16282.79092	16283.679864	16279.512406	16282.272891999999			1.0	1.0	0.0	3.0					
16287.072	22.825000000000728	trials	33.0	16307.486690999998	16308.543232	16309.580773	16309.920358	16306.550334	16308.922449999998			1.0	1.0	0.0	3.0					
16312.897	17.219999999999345	trials	33.0	16326.057467999999	16327.498434	16328.242784999999	16328.539329	16325.196281999999	16327.740330999999	16328.862	16330.117	1.0	1.0	1.0	1.0					
16334.182	7.308999999999287	trials	33.0	16338.232485999999	16340.246712	16341.088565999999	16341.544095	16337.301426999999	16340.469002			1.0	1.0	0.0	3.0					
16345.43	17.836999999999534	trials	33.0	16360.097332	16361.195910999999	16362.132826	16363.340178999999	16359.326839	16361.640436			1.0	1.0	0.0	3.0					
16364.447	21.81999999999971	trials	33.0	16383.472797999999	16384.970537999998	16385.789463999998	16386.341558	16382.922884	16385.324829999998			1.0	1.0	0.0	3.0					
16390.103	18.90400000000227	trials	33.0	16405.143505	16406.380573	16407.128957999998	16407.403136999998	16404.380184999998	16406.629119999998	16407.803	16409.007	1.0	1.0	1.0	1.0					
16412.16	7.336999999999534	trials	33.0	16416.754044999998	16418.40295	16419.101476	16419.568936	16416.178603	16418.603508			1.0	1.0	0.0	3.0					
16421.402	18.808000000000902	trials	33.0	16437.307947999998	16438.849451	16439.914108999998	16440.267085	16436.583958	16439.153742			1.0	1.0	0.0	3.0					
16442.247	21.93500000000131	trials	33.0	16461.008154	16462.864262	16463.733001	16464.256914999998	16460.278917	16463.194066			1.0	1.0	0.0	3.0					
16466.992	16.884000000001834	trials	33.0	16481.197987	16482.644919	16483.471099	16483.916395	16480.599269	16482.932754999998			1.0	1.0	0.0	3.0					
16487.867	34.150000000001455	trials	33.0	16519.063018	16520.721973	16521.617029	16522.091002	16518.529283	16521.068476			1.0	1.0	0.0	3.0					
16523.937	20.849999999998545	trials	33.0	16540.33308	16541.6004	16543.136883	16543.330003	16539.822301	16542.402231	16543.647	16544.787	1.0	2.0	1.0	1.0					
16548.888	6.934000000001106	trials	33.0	16551.913244	16553.043015	16554.111666	16554.30618	16551.370337	16553.374734999998	16554.797	16555.822	1.0	2.0	1.0	1.0					
16557.888	9.799000000002707	trials	33.0	16563.814422	16564.972315	16565.870779	16566.091654	16563.285612	16565.175733	16566.537	16567.687	1.0	2.0	1.0	1.0					
16569.771	10.11699999999837	trials	33.0	16577.167863	16578.539665	16579.431477	16579.666484999998	16576.620221999998	16578.740919			1.0	2.0	0.0	3.0					
16581.742	27.186000000001513	trials	33.0	16604.339823	16606.040086	16607.027737	16607.174161	16603.587762	16606.334074	16607.727	16608.928	1.0	2.0	1.0	1.0					
16612.944	8.453000000001339	trials	33.0	16618.368193	16620.2385	16621.121209	16621.469674	16617.491265	16620.472081			1.0	2.0	0.0	3.0					
16625.373	16.415000000000873	trials	33.0	16638.973972	16640.63577	16641.537669999998	16641.849702	16638.26476	16640.98794			1.0	1.0	0.0	3.0					
16645.798	14.66400000000067	trials	33.0	16657.278823	16658.966838	16659.761956	16660.534227	16656.522189	16659.238597			1.0	2.0	0.0	3.0					
16664.013	25.27900000000227	trials	33.0	16686.800181	16687.998702999997	16688.894094	16689.368238	16686.02679	16688.235695			1.0	2.0	0.0	3.0					
16692.157	21.330000000001746	trials	33.0	16710.324769	16712.266144	16713.073044	16713.558806999998	16709.697094	16712.562081			1.0	1.0	0.0	3.0					
16716.397	19.82600000000093	trials	33.0	16733.104584	16734.716665	16735.522198	16736.298616	16732.556278	16734.98014			1.0	1.0	0.0	3.0					
16738.852	23.286000000000058	trials	33.0	16758.899293	16760.90113	16761.827422	16762.073146	16757.924942999998	16761.282071999998			1.0	1.0	0.0	3.0					
16764.213	14.379000000000815	trials	33.0	16776.159048999998	16777.436233	16778.289412	16778.63308	16775.259264	16777.655991			1.0	2.0	0.0	3.0					
16782.663	16.099999999998545	trials	33.0	16796.059575	16797.722019	16798.344128999997	16798.839404	16795.156057	16797.867144			1.0	1.0	0.0	3.0					
16800.638	24.059000000001106	trials	33.0	16820.584737999998	16821.792096999998	16822.785915	16823.105785	16819.802506	16822.094674	16823.513	16824.697	1.0	2.0	1.0	1.0					
16827.717	8.014999999999418	trials	33.0	16832.190055	16833.706866			16831.204847999998	16833.696129			1.0		0.0	2.0					
16837.747	40.150000000001455	trials	33.0	16875.199599	16876.586782	16877.423910999998	16877.972058	16874.196891	16876.786549			1.0	2.0	0.0	3.0					
16880.763	18.299000000002707	trials	33.0	16895.966549999997	16897.294729999998	16898.449850999998	16899.137152	16895.266444	16897.954425			1.0	1.0	0.0	3.0					
16902.757	17.0679999999993	trials	33.0	16917.14055	16918.789834	16919.479776	16919.901534999997	16916.547537	16919.020714			1.0	1.0	0.0	3.0					
16921.862	16.174999999999272	trials	33.0	16934.915167	16936.158309	16937.037738	16937.220332999997	16934.252762	16936.439659			1.0	2.0	1.0	1.0					
16941.632	13.019999999996799	trials	33.0	16949.970895	16951.874251999998	16952.615724	16952.819298	16949.43862	16952.113747	16953.303	16954.652	1.0	1.0	1.0	1.0					
16956.739	12.002999999996973	trials	33.0	16964.551669	16965.910508999998	16966.861938	16967.07616	16963.819756	16966.145521	16967.537	16968.742	1.0	2.0	1.0	1.0					
16970.572	10.81000000000131	trials	33.0	16976.860517	16978.307352	16979.360901	16979.601399	16975.869969	16978.497207	16979.902	16981.382	1.0	2.0	1.0	1.0					
16983.402	9.901000000001659	trials	33.0	16988.805999	16990.702468	16991.567137	16991.703739	16988.012379	16990.879279	16992.127	16993.303	1.0	2.0	1.0	1.0					
16997.318	7.673999999999069	trials	33.0	17002.44505	17003.551199999998	17004.53727	17005.068597999998	17001.852871	17003.851185			1.0	2.0	0.0	3.0					
17008.842	23.45499999999811	trials	33.0	17029.231093	17031.141334	17032.018017	17032.219925999998	17028.422929	17031.356125			1.0	2.0	0.0	3.0					
17034.327	41.219999999997526	trials	33.0	17073.000436	17074.357234	17075.104132	17075.622001	17072.281308999998	17074.576596			1.0	1.0	0.0	3.0					
17079.482	20.720000000001164	trials	33.0	17096.717865	17098.268475999997			17096.015951999998	17098.264092999998			1.0		0.0	2.0					
17104.241	34.61599999999817	trials	33.0	17136.521584	17137.648173999998	17138.520481	17138.932912	17135.866017	17137.904043			1.0	2.0	0.0	3.0					
17141.772	26.719999999997526	trials	33.0	17165.34274	17167.018891	17167.950398999998	17168.567635	17164.576671	17167.469187			1.0	1.0	0.0	3.0					
17170.212	16.650000000001455	trials	33.0	17183.876163999998	17185.604583	17186.318613	17186.936587	17182.911085	17185.812982			1.0	1.0	0.0	3.0					
17190.679	13.07300000000032	trials	33.0	17200.517133999998	17201.848774	17202.779526	17203.830556	17199.987762999997	17202.23646			1.0	1.0	0.0	3.0					
17207.132	17.719999999997526	trials	33.0	17221.836607999998	17223.263949	17224.312491	17224.928003999998	17221.196262999998	17223.765628			1.0	1.0	0.0	3.0					
17226.614	18.792999999997846	trials	33.0	17242.36194	17244.058812	17244.950182	17245.48435	17241.539883999998	17244.444081999998			1.0	1.0	0.0	3.0					
17248.247	15.726000000002387	trials	33.0	17261.012244999998	17262.8959	17263.676067	17263.940598	17260.023807999998	17263.099335			1.0	1.0	0.0	3.0					
17265.999	12.882000000001426	trials	33.0	17276.477445	17277.583458	17278.550037	17278.959387	17275.800354	17277.874332			1.0	2.0	0.0	3.0					
17282.867	15.915000000000873	trials	33.0	17294.263338	17296.203591999998	17297.00961	17297.206341999998	17293.444485	17296.464331	17297.702	17298.782	1.0	1.0	1.0	1.0					
17301.827	8.104999999999563	trials	33.0	17306.242041999998	17307.378086999997	17308.336886999998	17308.541865	17305.388189999998	17307.601687	17308.992	17309.932	1.0	2.0	1.0	1.0					
17312.017	8.924999999999272	trials	33.0	17317.657488999997	17319.767572	17320.542196	17321.021270999998	17317.136044	17320.001946			1.0	1.0	0.0	3.0					
17323.902	21.100000000002183	trials	33.0	17341.796776	17343.591018	17344.32538	17345.07792	17340.936454	17343.848464			1.0	1.0	0.0	3.0					
17347.618	19.53900000000067	trials	33.0	17363.232447	17364.460478999998	17365.369092	17365.568232999998	17362.673597999998	17364.702849999998	17365.973	17367.157	1.0	2.0	1.0	1.0					
17370.241	9.017999999996391	trials	33.0	17375.522901	17377.941878999998	17378.928722999997	17379.30907	17374.532014	17378.180469			1.0	2.0	0.0	3.0					
17382.192	21.165000000000873	trials	33.0	17400.517778999998	17402.129114	17403.100412	17403.226238	17399.958038	17402.380993			1.0	2.0	0.0	3.0					
17407.435	33.461999999999534	trials	33.0	17437.922523999998	17439.611007	17440.390611	17440.976113	17437.40755	17439.878837			1.0	1.0	0.0	3.0					
17443.697	15.7400000000016	trials	33.0	17457.058119999998	17458.089255	17459.125421	17459.498033	17456.046988	17458.347182999998			1.0	2.0	0.0	3.0					
17463.445	25.641999999999825	trials	33.0	17485.029096	17486.494683999998	17487.241452	17487.461923	17484.321054	17486.710565999998	17487.912	17489.087	1.0	1.0	1.0	1.0					
17491.197	7.705999999998312	trials	33.0	17495.798007999998	17497.770297	17498.450554	17498.978628999997	17494.937018999997	17497.961185			1.0	1.0	0.0	3.0					
17500.713	22.653999999998632	trials	33.0	17520.363579999997	17521.85227	17522.611834	17523.444056	17519.627521	17522.053927			1.0	1.0	0.0	3.0					
17526.917	19.94499999999971	trials	33.0	17544.042937	17545.499977	17546.346874	17546.940977	17543.417201	17545.794121			1.0	1.0	0.0	3.0					
17548.609	25.047999999998865	trials	33.0	17570.693701	17572.295089	17573.020933	17573.737287	17569.887929999997	17572.546155			1.0	1.0	0.0	3.0					
17577.372	16.834999999999127	trials	33.0	17590.529180999998	17591.703933	17592.401035	17592.658282	17589.759957	17591.897205999998	17592.952	17594.207	1.0	1.0	1.0	1.0					
17596.233	6.563999999998487	trials	33.0	17600.519489	17601.609363	17602.380864	17602.877250999998	17599.816489	17601.836578			1.0	1.0	0.0	3.0					
17605.692	14.162000000000262	trials	33.0	17616.739073	17618.722219	17619.472107999998	17619.933306	17615.988955	17618.966313999998			1.0	1.0	0.0	3.0					
17621.777	19.43500000000131	trials	33.0	17638.274059	17639.681386	17640.396478	17641.289022999998	17637.386228	17639.883141			1.0	1.0	0.0	3.0					
17642.702	15.6349999999984	trials	33.0	17655.939027	17657.136561	17657.935858	17658.414668999998	17655.383595	17657.342553			1.0	1.0	0.0	3.0					
17660.188	15.139000000002852	trials	33.0	17672.109739	17674.138314	17674.800123	17675.406342	17671.249504	17674.297949			1.0	1.0	0.0	3.0					
17679.057	11.748999999999796	trials	33.0	17687.45929	17689.492964999998	17690.492637	17690.856631	17686.757771999997	17689.734813			1.0	2.0	0.0	3.0					
17693.801	24.870999999999185	trials	33.0	17715.369036	17717.402775	17718.100677	17718.750936	17714.416407999997	17717.563173			1.0	1.0	0.0	3.0					
17722.415	23.450000000000728	trials	33.0	17743.22118	17744.696496999997	17745.454965999998	17745.941035	17742.495326	17744.924026			1.0	1.0	0.0	3.0					
17748.797	15.569999999999709	trials	33.0	17761.909510999998	17763.013281	17764.048121	17764.423645	17761.206565	17763.31984			1.0	2.0	0.0	3.0					
17766.434	16.042999999997846	trials	33.0	17779.419171999998	17781.287365	17782.033552	17782.558698	17778.697829999997	17781.511037			1.0	1.0	0.0	3.0					
17785.332	19.92500000000291	trials	33.0	17803.030246	17804.091195999998	17804.943434	17805.325875	17802.144664	17804.325816999997			1.0	1.0	0.0	3.0					
17809.263	13.519000000000233	trials	33.0	17818.734834	17820.017548	17820.936864	17821.159771	17818.025089	17820.237053	17821.583	17822.782	1.0	2.0	1.0	1.0					
17826.85	7.467000000000553	trials	33.0	17830.550037	17831.631559999998	17832.514661999998	17832.683171999997	17829.955495	17831.900928	17833.072	17834.317	1.0	2.0	1.0	1.0					
17836.397	8.854999999999563	trials	33.0	17842.579655999998	17844.110542	17844.926013	17845.289187	17842.03467	17844.245068			1.0	2.0	0.0	3.0					
17848.187	24.93999999999869	trials	33.0	17870.329802	17871.937587	17872.733589	17873.208346	17869.665961	17872.220776			1.0	1.0	0.0	3.0					
17876.059	105.88899999999921	trials	33.0	17979.807252	17980.852898999998	17981.630364999997	17982.000507999997	17979.011356	17981.078954999997			1.0	1.0	0.0	3.0					
17984.932	46.969999999997526	trials	33.0	18028.686182999998	18029.972683	18030.610597	18030.838676	18027.828977999998	18029.963931			1.0		0.0	2.0					
18033.944	10.76299999999901	trials	33.0	18040.800453	18042.049473	18043.007179	18043.235718	18040.162603	18042.365031	18043.702	18044.707	1.0	2.0	1.0	1.0					
18047.763	39.9890000000014	trials	33.0	18083.616114	18085.047634	18085.923231	18086.103484	18082.79499	18085.308076	18086.542	18087.752	1.0	2.0	1.0	1.0					
18089.807	15.3849999999984	trials	33.0	18100.472816999998	18102.494458	18103.406408	18103.578352	18099.615672	18102.710178	18104.062	18105.192	1.0	2.0	1.0	1.0					
18109.147	7.40599999999904	trials	33.0	18112.821637	18113.971535999997	18114.836761	18114.984811	18112.084078	18114.133063	18115.447	18116.553	1.0	2.0	1.0	1.0					
18120.6	17.627000000000407	trials	33.0	18135.17656	18136.670551	18137.854530999997	18138.308287	18134.438917	18137.200939			1.0	2.0	0.0	3.0					
18141.152	14.87000000000262	trials	33.0	18152.631121	18154.708429	18155.428641	18156.103875	18151.783975	18154.935421			1.0	1.0	0.0	3.0					
18158.732	11.43999999999869	trials	33.0	18166.926557	18168.333634	18169.189951	18170.251027	18166.09717	18168.599061			1.0	2.0	0.0	3.0					
18172.444	19.51800000000003	trials	33.0	18189.348052	18190.527200999997	18191.720385	18192.002226	18188.664056999998	18191.085121			1.0	2.0	0.0	3.0					
18194.038	21.4320000000007	trials	33.0	18212.756999999998	18214.328503	18215.083824	18215.485205999998	18212.089011	18214.606825			1.0	1.0	0.0	3.0					
18217.475	33.81200000000172	trials	33.0	18248.537130999997	18250.123616999997	18250.75462	18251.367468	18247.600735	18250.285755999997			1.0	1.0	0.0	3.0					
18255.062	16.43999999999869	trials	33.0	18268.93347	18270.082877	18270.765026999998	18271.583046	18268.074969999998	18270.321106			1.0	1.0	0.0	3.0					
18274.066	18.50500000000102	trials	33.0	18290.297188	18291.428695	18292.256208	18292.61372	18289.621586	18291.667783999997			1.0	2.0	0.0	3.0					
18294.507	25.799999999999272	trials	33.0	18317.90775	18319.118326	18319.885311	18320.391564999998	18316.983469	18319.374800999998			1.0	1.0	0.0	3.0					
18324.184	10.542999999997846	trials	33.0	18331.978214	18333.586339999998	18334.297741	18334.810835	18331.179958	18333.819822999998			1.0	1.0	0.0	3.0					
18338.547	31.890000000003056	trials	33.0	18368.500566	18369.2291	18370.091783	18370.436998999998	18331.179958	18369.444424999998			1.0	2.0	0.0	3.0					
18372.372	15.319999999999709	trials	33.0	18382.779716999998	18384.675283999997	18385.769018	18386.135226	18381.910203	18385.130503999997	18386.328	18387.692	1.0	2.0	1.0	1.0					
18391.712	12.550999999999476	trials	33.0	18401.258994	18402.977415999998	18403.81455	18404.317144	18400.479035999997	18403.20592			1.0	2.0	0.0	3.0					
18407.107	10.979999999999563	trials	33.0	18415.244177999997	18416.935293	18417.728181	18418.138025	18414.62973	18417.157637			1.0	1.0	0.0	3.0					
18421.014	47.07800000000134	trials	33.0	18465.503757	18467.111053999997	18467.774325	18468.071493	18464.870778	18467.302472			1.0	1.0	0.0	3.0					
18470.166	22.34100000000035	trials	33.0	18487.949485999998	18489.910935	18490.831239	18491.030654	18487.119833999997	18490.160277	18491.462	18492.507	1.0	2.0	1.0	1.0					
18496.542	8.19999999999709	trials	33.0	18500.174434999997	18501.667992	18502.607891	18502.976348	18499.63035	18501.93086	18503.303	18504.742	1.0	2.0	1.0	1.0					
18507.807	13.399999999997817	trials	33.0	18517.054935	18518.384324	18519.413357999998	18519.600077	18516.149298999997	18518.646498	18520.003	18521.207	1.0	2.0	1.0	1.0					
18524.278	8.229000000002998	trials	33.0	18529.139315999997	18531.126381	18531.975728999998	18532.560348	18528.503119999998	18531.361331			1.0	2.0	0.0	3.0					
18536.247	22.06000000000131	trials	33.0	18555.089397	18556.800919999998	18557.743217	18558.360560999998	18554.103251999997	18557.112953			1.0	2.0	0.0	3.0					
18560.087	29.650000000001455	trials	33.0	18585.739704	18587.109095	18588.059656999998	18588.295373999998	18585.139367	18587.397804	18588.747	18589.737	1.0	2.0	1.0	1.0					
18592.788	9.838999999999942	trials	33.0	18598.144721	18599.896133	18600.790579999997	18601.07347	18597.265202	18600.14061	18601.497	18602.627	1.0	2.0	1.0	1.0					
18605.696	8.850999999998749	trials	33.0	18609.824933	18611.639235	18612.455037	18612.761816	18609.217903999997	18611.840633	18613.162	18614.547	1.0	2.0	1.0	1.0					
18616.569	7.563000000001921	trials	33.0	18621.394371	18622.633759999997	18623.73708	18624.162433999998	18620.512102999997	18623.131009999997			1.0	2.0	0.0	3.0					
18628.142	21.014999999999418	trials	33.0	18646.61556	18647.89745	18648.838622	18649.198945	18645.920454	18648.174090999997			1.0	2.0	0.0	3.0					
18651.197	35.45999999999913	trials	33.0	18683.524716	18685.056729	18685.87977	18686.712661999998	18682.998932	18685.339653			1.0	1.0	0.0	3.0					
18689.23	15.54200000000128	trials	33.0	18700.585401999997	18702.407889	18703.146550999998	18703.34724	18699.695163	18702.686644999998	18703.747	18704.772	1.0	1.0	1.0	1.0					
18707.858	7.210999999999331	trials	33.0	18712.252458	18713.297085	18714.740565	18715.101521	18711.429072	18714.036179			1.0	2.0	0.0	3.0					
18719.089	18.088999999999942	trials	33.0	18733.755213	18735.467047	18736.269524	18737.230916999997	18733.054194	18735.758415			1.0	1.0	0.0	3.0					
18738.544	22.83299999999872	trials	33.0	18756.350255999998	18757.811857	18759.384955999998	18759.54207	18755.694075	18758.686687999998	18759.982	18761.377	1.0	2.0	1.0	1.0					
18763.237	27.75	trials	33.0	18786.399983	18788.403821	18789.294921	18789.473538	18785.493875	18788.635865	18789.957	18790.987	1.0	2.0	1.0	1.0					
18795.027	11.840000000000146	trials	33.0	18802.346379	18803.961466999997	18804.90314	18805.11048	18801.627792	18804.188952	18805.652	18806.867	1.0	2.0	1.0	1.0					
18809.733	9.334999999999127	trials	33.0	18815.587282999997	18817.587321	18818.568905	18819.126304999998	18814.952489	18817.532688			1.0	2.0	0.0	3.0					
18820.913	19.894000000000233	trials	33.0	18837.055622	18838.237353	18839.143433999998	18839.314655	18836.141155999998	18838.485799	18839.757	18840.807	1.0	2.0	1.0	1.0					
18842.832	272.005000000001	BlockDesign														0.0	908.0	920.0	50.0	0.0
18842.832	13.596000000001368	trials	34.0	18851.921903	18853.871831	18854.582522999997	18854.843516999998	18851.223502999997	18854.071827	18855.138	18856.428	2.0	1.0	1.0	1.0					
18860.473	39.61399999999776	trials	34.0	18896.046349	18897.144151	18897.932462999997	18898.352468999998	18895.279007999998	18897.339417	18898.767	18900.087	2.0	1.0	1.0	1.0					
18903.062	30.594999999997526	trials	34.0	18930.596779	18932.147886	18933.01727	18933.270543	18929.748702999997	18932.468385			2.0	1.0	0.0	3.0					
18935.283	16.29899999999907	trials	34.0	18948.677621	18950.385336	18951.165895	18951.638605	18947.791554	18950.637875999997			2.0	1.0	0.0	3.0					
18955.493	24.189000000002125	trials	34.0	18975.681404	18977.223381	18977.859014999998	18978.081287999998	18974.941882	18977.416492999997	18978.542	18979.682	2.0	1.0	1.0	1.0					
18981.725	11.722000000001572	trials	34.0	18990.797625	18992.083619999998	18993.001148	18993.503741	18990.166863	18992.485842			2.0	1.0	0.0	3.0					
18996.46	13.437000000001717	trials	34.0	19007.462964	19008.478444	19009.365176	19009.954103	19006.747628999998	19008.827457			2.0	1.0	0.0	3.0					
19011.709	17.048000000002503	trials	34.0	19024.046759999997	19025.340992999998	19026.7476	19027.044941	19023.394886	19026.24669	19027.482	19028.757	2.0	1.0	1.0	1.0					
19030.852	12.621000000002823	trials	34.0	19039.832757	19041.825416	19042.690991	19043.018223	19038.86711	19042.007628			2.0	1.0	0.0	3.0					
19046.054	24.38300000000163	trials	34.0	19066.772021999997	19068.223518	19069.428849	19069.662714	19065.829395	19068.835456999997			2.0	1.0	1.0	1.0					
19072.95	17.92199999999866	trials	34.0	19088.107167	19089.683215999998	19090.383072	19090.930151	19087.387343	19089.875146			2.0	1.0	0.0	3.0					
19094.733	17.008999999998196	trials	34.0	19107.477080999997	19108.843031	19109.670894	19109.880870999998	19106.541216999998	19109.070443999997	19110.297	19111.742	2.0	1.0	1.0	1.0					
19113.832	1.0050000000010186	trials	34.0											0.0	0.0					
