onset	duration	nwb_table	block	tone_on_time	tone_off_time	action_on_time	action_off_time	pokeC_on_time	pokeC_off_time	reward_on_time	reward_off_time	state	action	reward	result	FinishedBlock	FirstTrial	LastTrial	RewardRule_L	RewardRule_R
4.561	456.026	BlockDesign														1.0	1.0	20.0	50.0	0.0
4.561	16.334	trials	1.0	16.385726	18.044721000000003	18.86	19.092963	15.5364	18.311261000000002	19.65	20.895	2.0	1.0	1.0	1.0					
23.915	8.165	trials	1.0	29.420699	30.990744	31.715575	32.072927	28.748992	31.154052			2.0	1.0	0.0	3.0					
34.063	26.732999999999997	trials	1.0	57.541877	59.481924	60.353459	60.777082	56.986299	59.721924			2.0	1.0	0.0	3.0					
62.815	55.290000000000006	trials	1.0	113.755877	115.462727	116.141577	116.367693	112.792286	115.68828500000001	116.965	118.105	2.0	1.0	1.0	1.0					
120.216	18.149000000000015	trials	1.0	135.550875	136.688212	137.929611	138.366182	134.65019	137.112695			2.0	1.0	0.0	3.0					
140.327	28.158000000000015	trials	1.0	166.002158	167.202558	168.155346	168.485349	165.429828	167.550362			2.0	2.0	0.0	3.0					
172.496	20.595	trials	1.0	189.870404	191.50298	192.688731	193.016214	189.27758	192.039891			2.0	1.0	0.0	3.0					
196.02	22.144999999999982	trials	1.0	214.332392	215.528381	216.296081	216.556545	213.54576600000001	215.813951	216.924	218.165	2.0	1.0	1.0	1.0					
222.254	8.361000000000018	trials	1.0	226.365948	227.932407	228.772095	228.972204	225.600684	228.237104	229.389	230.615	2.0	1.0	1.0	1.0					
232.635	12.01000000000002	trials	1.0	241.69960700000001	242.727981	244.163201	244.646682	240.940629	243.518793			2.0	1.0	0.0	3.0					
246.573	25.06699999999998	trials	1.0	267.481137	268.715663	269.587794	269.770431	266.493768	269.050785	270.24	271.64	2.0	1.0	1.0	1.0					
274.657	21.341000000000008	trials	1.0	292.832615	294.742375	295.540224	295.963854	292.059404	294.955097			2.0	1.0	0.0	3.0					
297.996	21.099000000000046	trials	1.0	316.620984	317.952957	318.738789	319.099649	316.001763	318.208545			2.0	1.0	0.0	3.0					
321.055	24.021000000000015	trials	1.0	340.752672	342.212622	343.154691	343.413227	339.972109	342.658329	343.926	345.076	2.0	1.0	1.0	1.0					
348.172	13.33299999999997	trials	1.0	357.096533	358.702121	359.47719	359.71734	356.241165	358.937268	360.275	361.505	2.0	1.0	1.0	1.0					
365.596	11.949000000000012	trials	1.0	374.716542	376.32744	377.120003	377.548408	374.065815	376.603794			2.0	1.0	0.0	3.0					
379.52	34.851	trials	1.0	410.002826	411.537734	412.424838	412.666085	409.427571	411.795318	413.161	414.371	2.0	1.0	1.0	1.0					
416.421	10.293999999999983	trials	1.0	424.066361	425.452391	426.224049	426.719514	423.193277	425.722059			2.0	1.0	0.0	3.0					
429.645	17.77000000000004	trials	1.0	442.946591	444.69804800000003	445.487142	445.861461	441.957915	444.954117	446.105	447.415	2.0	1.0	1.0	1.0					
451.505	9.081999999999994	trials	1.0	458.14171	459.419894	460.447321	460.856624	457.460396	459.860987			2.0	1.0	0.0	3.0					
464.88	483.44000000000005	BlockDesign														1.0	21.0	40.0	0.0	50.0
464.88	28.86500000000001	trials	2.0	491.216961	492.803499	493.340443	493.720437	490.408125	492.804953			3.0	2.0	0.0	3.0					
496.663	24.376999999999953	trials	2.0	517.047061	518.320467	519.1052540000001	519.394295	516.197289	518.5542800000001	519.83	521.04	3.0	2.0	1.0	1.0					
523.095	12.475000000000023	trials	2.0	532.7814370000001	534.2832659999999	535.1352240000001	535.572921	532.2044880000001	534.5863469999999			3.0	2.0	0.0	3.0					
537.46	28.785999999999945	trials	2.0	561.7084199999999	563.569176	564.3700220000001	564.6283129999999	560.881547	563.8395330000001	565.05	566.246	3.0	2.0	1.0	1.0					
569.34	24.995000000000005	trials	2.0	591.951957	593.2033180000001	593.981589	594.337464	590.9993609999999	593.4612979999999			3.0	2.0	0.0	3.0					
596.286	22.079000000000065	trials	2.0	615.326568	616.912356	617.9837419999999	618.2924190000001	614.3455650000001	617.16497			3.0	1.0	0.0	3.0					
620.425	17.605000000000018	trials	2.0	635.467304	636.7032899999999	637.6725570000001	638.033304	634.634759	637.0203899999999			3.0	2.0	0.0	3.0					
642.09	26.245000000000005	trials	2.0	665.62862	667.000937	667.896217	668.337734	665.0129219999999	667.346969			3.0	1.0	0.0	3.0					
672.296	23.243999999999915	trials	2.0	692.7275689999999	694.0890019999999	694.930863	695.5462259999999	692.215841	694.405692			3.0	2.0	0.0	3.0					
698.316	16.269000000000005	trials	2.0	710.177373	711.7573259999999	712.8008159999999	713.0120999999999	709.4165969999999	712.283265	713.465	714.585	3.0	2.0	1.0	1.0					
716.675	14.466000000000008	trials	2.0	728.1618229999999	729.841721	730.682861	731.081909	727.3971019999999	730.1208590000001			3.0	2.0	0.0	3.0					
733.141	32.76999999999998	trials	2.0	763.4591230000001	764.738799	765.5220509999999	765.893327	762.5291119999999	765.01081			3.0	1.0	0.0	3.0					
768.921	19.62399999999991	trials	2.0	784.6379509999999	785.848434	786.7164889999999	786.914354	783.6835189999999	786.1451010000001	787.51	788.545	3.0	2.0	1.0	1.0					
790.561	11.764999999999986	trials	2.0	799.9874339999999	801.2435089999999	802.0182809999999	802.2613650000001	799.020518	801.459494			3.0	2.0	0.0	3.0					
804.406	23.034000000000106	trials	2.0	824.237832	826.2241570000001	827.000587	827.4461470000001	823.684827	826.4511910000001			3.0	2.0	0.0	3.0					
831.326	22.75400000000002	trials	2.0	849.5273890000001	850.980609	851.831731	852.039534	848.6767830000001	851.283758	852.475	854.08	3.0	2.0	1.0	1.0					
856.8	24.496000000000095	trials	2.0	878.9875609999999	880.100844	880.936696	881.297014	878.3471730000001	880.4079380000001			3.0	2.0	0.0	3.0					
883.312	19.692999999999984	trials	2.0	899.6295210000001	901.5797110000001	902.6366519999999	902.9514529999999	898.854141	902.096374			3.0	2.0	0.0	3.0					
905.046	27.899	trials	2.0	928.9782720000001	930.09213	931.3035299999999	931.492573	928.0238179999999	930.692879	932.076	932.945	3.0	2.0	1.0	1.0					
937.038	11.282000000000039	trials	2.0	943.8528630000001	945.612034	946.399122	946.5968989999999	942.9472129999999	945.8436810000001	947.171	948.32	3.0	2.0	1.0	1.0					
952.375	876.5999999999999	BlockDesign														1.0	41.0	80.0	50.0	50.0
952.375	25.73599999999999	trials	3.0	975.2728709999999	976.579365	977.6361199999999	978.083214	974.758965	977.1074920000001			3.0	2.0	0.0	3.0					
982.105	20.654999999999973	trials	3.0	998.794574	999.867021	1001.1096990000001	1001.2736010000001	998.141568	1000.5767519999999	1001.745	1002.76	3.0	2.0	1.0	1.0					
1004.78	16.644999999999982	trials	3.0	1018.388463	1020.0951379999999	1020.8794700000001	1021.4327330000001	1017.8628859999999	1020.3787010000001			2.0	1.0	0.0	3.0					
1023.281	19.88000000000011	trials	3.0	1039.483034	1040.61758	1041.457686	1041.644466	1038.545622	1040.912331	1042.201	1043.161	2.0	1.0	1.0	1.0					
1046.3	27.11500000000001	trials	3.0	1070.748004	1072.26414	1073.027022	1073.416041	1069.880243	1072.507941			2.0	1.0	0.0	3.0					
1076.359	15.036000000000058	trials	3.0	1087.038417	1089.043396	1089.764289	1089.937668	1086.286515	1089.2381460000001	1090.385	1091.395	3.0	2.0	1.0	1.0					
1093.44	14.43100000000004	trials	3.0	1104.068279	1105.434312	1106.1919890000001	1106.322149	1103.525705	1105.635479	1106.78	1107.871	2.0	1.0	1.0	1.0					
1110.89	5.770999999999958	trials	3.0	1114.068383	1115.2886130000002	1116.190231	1116.664002	1113.465302	1115.610342			3.0	2.0	0.0	3.0					
1118.595	17.682999999999993	trials	3.0	1133.6134080000002	1135.0393080000001	1135.819195	1136.257223	1132.983819	1135.277297			2.0	1.0	0.0	3.0					
1139.21	33.13499999999999	trials	3.0	1168.363595	1169.669568	1170.535992	1170.9043550000001	1167.756585	1170.015581	1171.226	1172.345	2.0	1.0	1.0	1.0					
1174.435	12.580000000000155	trials	3.0	1184.493326	1185.7206210000002	1186.643244	1186.999458	1183.847156	1186.056734			3.0	2.0	0.0	3.0					
1189.093	34.31399999999985	trials	3.0	1219.3587	1220.4356030000001	1221.47627	1221.791763	1218.741315	1220.954637	1222.246	1223.407	3.0	2.0	1.0	1.0					
1226.33	14.735000000000127	trials	3.0	1236.683772	1238.624231	1239.377925	1239.559406	1235.8871940000001	1238.903285	1239.88	1241.065	2.0	1.0	1.0	1.0					
1245.135	13.069999999999936	trials	3.0	1253.639333	1255.4986820000001	1256.304353	1256.479755	1252.811664	1255.724768	1256.965	1258.205	3.0	2.0	1.0	1.0					
1262.234	12.916000000000167	trials	3.0	1272.0389420000001	1273.837178	1274.689758	1275.156431	1271.373021	1274.2157690000001			2.0	1.0	0.0	3.0					
1278.136	16.457000000000107	trials	3.0	1292.158611	1293.327107	1294.14168	1294.598978	1291.383178	1293.602955			3.0	2.0	0.0	3.0					
1296.52	29.585000000000036	trials	3.0	1322.5053050000001	1323.821954	1324.3680450000002	1324.5693330000001	1321.665671	1323.854949	1325.05	1326.105	2.0	1.0	1.0	1.0					
1329.161	10.048999999999978	trials	3.0	1336.0786130000001	1337.7588150000001	1338.756038	1339.2149160000001	1335.528309	1338.176766			3.0	2.0	0.0	3.0					
1342.175	26.910000000000082	trials	3.0	1364.881035	1366.5658740000001	1367.429135	1367.583662	1363.904231	1366.903998	1368.235	1369.085	3.0	2.0	1.0	1.0					
1371.171	13.298999999999978	trials	3.0	1380.149427	1381.946838	1382.695131	1382.884446	1379.632488	1382.148599	1383.371	1384.47	3.0	2.0	1.0	1.0					
1388.496	10.848999999999933	trials	3.0	1396.439284	1397.58102	1398.407457	1398.71306	1395.524586	1397.904246			2.0	1.0	0.0	3.0					
1402.74	16.654999999999973	trials	3.0	1415.909091	1416.994877	1417.667381	1417.826994	1415.072369	1417.2004220000001	1418.26	1419.395	2.0	1.0	1.0	1.0					
1422.415	11.56899999999996	trials	3.0	1431.279333	1432.876786	1433.631729	1433.9698230000001	1430.353445	1433.050541			3.0	2.0	0.0	3.0					
1435.97	21.537000000000035	trials	3.0	1454.6456540000001	1456.391625	1457.098851	1457.5135460000001	1454.137293	1456.6304340000002			2.0	1.0	0.0	3.0					
1460.43	17.896999999999935	trials	3.0	1475.8742690000001	1477.019643	1477.8932670000002	1478.299371	1475.226786	1477.344278			2.0	1.0	0.0	3.0					
1480.276	29.358999999999924	trials	3.0	1505.76965	1507.0311960000001	1507.974849	1508.1513830000001	1505.230211	1507.478691	1508.635	1509.635	2.0	1.0	1.0	1.0					
1511.655	8.42100000000005	trials	3.0	1515.949697	1517.584231	1518.307583	1518.441959	1515.384108	1517.80958	1518.951	1520.076	2.0	1.0	1.0	1.0					
1523.186	7.269999999999982	trials	3.0	1527.659237	1529.119691	1529.992859	1530.4204220000001	1527.083543	1529.388545			3.0	2.0	0.0	3.0					
1532.44	25.42100000000005	trials	3.0	1555.3100120000001	1556.673588	1557.4609830000002	1557.846095	1554.6757400000001	1556.910407			3.0	2.0	0.0	3.0					
1560.844	23.124000000000024	trials	3.0	1581.110189	1582.685882	1583.558904	1583.921801	1580.217101	1583.005114			3.0	1.0	0.0	3.0					
1587.995	24.590000000000146	trials	3.0	1609.4895960000001	1611.22179	1611.912401	1612.59335	1608.536624	1611.414213			2.0	1.0	0.0	3.0					
1616.281	20.479000000000042	trials	3.0	1632.454541	1634.380235	1635.061056	1635.2669660000001	1631.655221	1634.529591	1635.951	1636.76	3.0	2.0	1.0	1.0					
1638.805	10.929999999999836	trials	3.0	1646.944937	1648.557914	1649.280008	1649.714163	1646.20106	1648.759808			3.0	2.0	0.0	3.0					
1653.69	23.694999999999936	trials	3.0	1674.43623	1676.301833	1676.979794	1677.3933690000001	1673.498577	1676.482608			3.0	2.0	0.0	3.0					
1680.326	21.125	trials	3.0	1698.119658	1700.173409	1701.01383	1701.457077	1697.198627	1700.437466			3.0	1.0	0.0	3.0					
1704.336	17.20900000000006	trials	3.0	1717.55049	1719.193994	1719.80418	1720.069317	1716.5727630000001	1719.339602	1720.465	1721.545	2.0	1.0	1.0	1.0					
1724.631	34.68899999999985	trials	3.0	1754.515697	1756.26897	1757.101782	1757.332656	1753.811255	1756.55807	1757.765	1759.32	2.0	1.0	1.0	1.0					
1761.06	35.325000000000045	trials	3.0	1792.010608	1793.376192	1794.172392	1794.415911	1791.495971	1793.6371020000001	1794.835	1796.385	3.0	2.0	1.0	1.0					
1798.126	11.19399999999996	trials	3.0	1806.765734	1808.019272	1808.8585640000001	1809.30789	1806.062805	1808.3177520000002			2.0	1.0	0.0	3.0					
1813.323	15.651999999999816	trials	3.0	1826.020415	1827.972735	1828.6173000000001	1828.863642	1825.0621350000001	1828.136823			2.0	1.0	0.0	3.0					
1834.05	103.7650000000001	BlockDesign														1.0	81.0	85.0	0.0	0.0
1834.05	19.785000000000082	trials	4.0	1850.945189	1852.6511460000002	1853.348489	1853.84276	1850.088502	1852.859171			2.0	1.0	0.0	3.0					
1856.746	13.684999999999945	trials	4.0	1866.875195	1868.904626	1870.022253	1870.3673250000002	1866.075302	1869.20325			2.0	2.0	0.0	3.0					
1874.359	18.166000000000167	trials	4.0	1889.830353	1890.89759	1892.011436	1892.532213	1889.291694	1891.52952			2.0	1.0	0.0	3.0					
1895.34	14.32400000000007	trials	4.0	1907.384397	1908.451832	1909.263015	1909.673	1906.758239	1908.782423			2.0	1.0	0.0	3.0					
1914.624	23.19100000000003	trials	4.0	1935.235521	1937.008382	1937.683047	1938.244952	1934.674599	1937.172065			2.0	1.0	0.0	3.0					
1942.077	104.60300000000007	BlockDesign														1.0	86.0	90.0	0.0	0.0
1942.077	11.143000000000029	trials	5.0	1950.68091	1951.9828340000001	1952.744948	1953.012279	1949.994099	1952.224163			3.0	2.0	0.0	3.0					
1957.061	20.32900000000018	trials	5.0	1974.5219280000001	1976.187641	1976.955744	1977.398052	1973.648417	1976.4121850000001			3.0	2.0	0.0	3.0					
1980.28	28.555000000000064	trials	5.0	2006.4957060000002	2007.655053	2008.514873	2008.8157800000001	2005.7949800000001	2007.944336			3.0	1.0	0.0	3.0					
2012.845	14.079999999999927	trials	5.0	2024.3971470000001	2025.714939	2026.441017	2026.932084	2023.636866	2025.930222			3.0	2.0	0.0	3.0					
2030.874	15.80600000000004	trials	5.0	2044.160615	2045.7025370000001	2046.422646	2046.688791	2043.5117400000001	2045.962295			3.0	2.0	0.0	3.0					
2049.824	811.6770000000001	BlockDesign														1.0	91.0	133.0	50.0	50.0
2049.824	10.65099999999984	trials	6.0	2056.971233	2058.706239	2060.049362	2060.480741	2056.015554	2059.1939390000002			3.0	1.0	0.0	3.0					
2063.376	16.333999999999833	trials	6.0	2075.495796	2076.983835	2077.896158	2078.107545	2074.8047890000003	2077.277436	2078.515	2079.71	3.0	2.0	1.0	1.0					
2082.73	18.059999999999945	trials	6.0	2098.106285	2099.187903	2100.434163	2100.800816	2097.445331	2099.839059			3.0	2.0	0.0	3.0					
2104.815	21.980999999999767	trials	6.0	2123.226237	2124.724073			2122.235135	2124.712721			2.0		0.0	2.0					
2128.805	14.360000000000127	trials	6.0	2138.625689	2140.661411	2141.4476720000002	2141.616036	2137.8837280000002	2140.9286270000002	2142.161	2143.165	2.0	1.0	1.0	1.0					
2147.225	8.204999999999927	trials	6.0	2151.38257	2152.99826	2153.677202	2153.97353	2150.497019	2153.207798	2154.395	2155.43	2.0	1.0	1.0	1.0					
2157.52	8.38000000000011	trials	6.0	2162.496265	2164.54301	2165.336154	2165.90933	2161.557519	2164.839224			2.0	1.0	0.0	3.0					
2167.73	17.045000000000073	trials	6.0	2182.116548	2183.360571	2184.327894	2184.7840690000003	2181.487205	2183.7484130000003			3.0	2.0	0.0	3.0					
2188.69	26.866999999999734	trials	6.0	2211.6866720000003	2212.833318	2213.939588	2214.160142	2211.092127	2213.370827	2214.775	2215.557	3.0	2.0	1.0	1.0					
2218.64	7.2800000000002	trials	6.0	2223.007743	2224.515138	2225.526348	2225.879895	2222.0460940000003	2224.785429			2.0	2.0	0.0	3.0					
2229.002	22.92300000000023	trials	6.0	2248.941476	2250.586204	2251.356666	2251.931564	2248.2526040000002	2250.872134			2.0	1.0	0.0	3.0					
2253.675	21.284999999999854	trials	6.0	2272.436742	2273.622785	2274.4533030000002	2274.966833	2271.831893	2273.9259			3.0	2.0	0.0	3.0					
2278.813	16.501999999999953	trials	6.0	2291.8216	2293.823494	2294.6662770000003	2295.323489	2290.8319930000002	2294.164872			2.0	1.0	0.0	3.0					
2297.06	17.894999999999982	trials	6.0	2312.291444	2313.51464	2314.477126	2314.965083	2311.662354	2313.8821040000003			3.0	2.0	0.0	3.0					
2316.846	26.04399999999987	trials	6.0	2338.713708	2339.950377	2341.130817	2341.403594	2337.744726	2340.60213	2341.73	2342.89	2.0	1.0	1.0	1.0					
2345.925	7.529999999999745	trials	6.0	2349.057276	2350.9113310000002	2351.6943260000003	2351.868191	2348.3720160000003	2351.147093	2352.36	2353.455	3.0	2.0	1.0	1.0					
2356.531	11.82400000000007	trials	6.0	2364.727713	2366.4170520000002	2367.277973	2367.505569	2363.897749	2366.750939			2.0	1.0	1.0	1.0					
2371.894	12.451000000000022	trials	6.0	2380.387269	2381.744933	2382.461735	2382.656576	2379.483968	2381.9554630000002	2383.193	2384.345	2.0	1.0	1.0	1.0					
2388.43	7.4900000000002365	trials	6.0	2393.227221	2394.716426	2395.607751	2395.921608	2392.525248	2394.961445			3.0	2.0	0.0	3.0					
2398.925	17.36499999999978	trials	6.0	2413.1170190000003	2415.0336620000003	2415.8492220000003	2416.2442300000002	2412.334583	2415.286026			3.0	2.0	0.0	3.0					
2420.255	24.570999999999913	trials	6.0	2442.032163	2443.220574	2444.234352	2444.833346	2441.304456	2443.630157			2.0	1.0	0.0	3.0					
2446.685	18.11999999999989	trials	6.0	2461.697277	2462.8853830000003	2463.748703	2463.958902	2461.047436	2463.199222			3.0	2.0	1.0	1.0					
2467.415	22.445000000000164	trials	6.0	2486.867082	2488.54929	2489.305396	2489.86703	2486.087172	2488.793502			2.0	1.0	0.0	3.0					
2491.64	16.565000000000055	trials	6.0	2504.2180710000002	2505.35268	2506.277108	2506.450164	2503.387358	2505.663107	2506.911	2508.205	3.0	2.0	1.0	1.0					
2510.292	11.557999999999993	trials	6.0	2517.9122190000003	2519.023735	2519.83758	2520.001581	2517.1669460000003	2519.2756170000002	2520.545	2521.85	3.0	2.0	1.0	1.0					
2523.935	9.720000000000255	trials	6.0	2531.017409	2532.281724	2533.234344	2533.419432	2530.45855	2532.616892			2.0	1.0	0.0	3.0					
2537.555	11.662000000000262	trials	6.0	2546.487581	2547.979316	2548.812543	2549.228565	2545.682202	2548.262022			3.0	2.0	0.0	3.0					
2552.145	20.545000000000073	trials	6.0	2568.522684	2569.9719920000002	2570.760054	2571.125964	2567.9747820000002	2570.26306	2571.415	2572.69	2.0	1.0	1.0	1.0					
2576.715	13.530999999999949	trials	6.0	2586.127203	2587.559565	2588.375975	2588.582725	2585.377493	2587.8089680000003	2588.996	2590.246	3.0	2.0	1.0	1.0					
2593.343	5.966000000000349	trials	6.0	2596.652682	2597.8739960000003	2598.8562930000003	2599.31855	2595.827988	2598.2410210000003			2.0	2.0	0.0	3.0					
2601.235	18.269999999999982	trials	6.0	2616.387804	2618.236511	2619.0361040000003	2619.512978	2615.647605	2618.4685090000003			3.0	1.0	0.0	3.0					
2622.437	29.11700000000019	trials	6.0	2648.32242	2650.356248	2651.09346	2651.5516350000003	2647.384809	2650.578204			2.0	1.0	0.0	3.0					
2653.515	18.039999999999964	trials	6.0	2668.5824740000003	2670.349616	2671.170663	2671.555863	2667.912456	2670.601704			3.0	2.0	0.0	3.0					
2673.525	22.47499999999991	trials	6.0	2691.634342	2693.679689	2694.297656	2694.594557	2690.816382	2693.766287	2695.05	2696.0	2.0	1.0	1.0	1.0					
2700.02	7.835000000000036	trials	6.0	2703.813122	2705.286264	2706.0128210000003	2706.3656340000002	2702.89645	2705.522762	2706.815	2707.855	2.0	1.0	1.0	1.0					
2709.875	7.9699999999998	trials	6.0	2713.924592	2714.949642	2716.089504	2716.263528	2713.27379	2715.4301530000002	2716.815	2717.845	3.0	2.0	1.0	1.0					
2720.937	6.79300000000012	trials	6.0	2724.792525	2726.3698480000003	2727.106355	2727.7393580000003	2723.792474	2726.605437			2.0	1.0	0.0	3.0					
2730.544	14.445999999999913	trials	6.0	2742.549735	2743.76507	2744.615714	2744.983305	2741.928927	2744.049135			3.0	2.0	0.0	3.0					
2748.0	24.510999999999967	trials	6.0	2769.483201	2771.3477550000002	2772.02415	2772.5228	2768.517449	2771.566953			2.0	1.0	0.0	3.0					
2776.417	16.458000000000084	trials	6.0	2789.8847060000003	2791.471164	2792.506595	2792.8325330000002	2788.891314	2791.7305260000003			3.0	1.0	0.0	3.0					
2794.881	21.6550000000002	trials	6.0	2812.393622	2814.053129	2814.7946070000003	2814.98061	2811.519824	2814.261332	2815.42	2816.536	3.0	2.0	1.0	1.0					
2819.675	27.784999999999854	trials	6.0	2842.738294	2844.750318	2845.5026940000002	2845.695695	2842.229997	2844.969264	2846.14	2847.46	3.0	2.0	1.0	1.0					
2851.61	9.891000000000076	trials	6.0	2859.268644	2860.360272	2861.379204	2861.764281	2858.507844	2860.7697120000003			2.0	1.0	0.0	3.0					
2865.83	570.145	BlockDesign														1.0	134.0	169.0	90.0	50.0
2865.83	16.994000000000142	trials	7.0	2879.9083450000003	2881.597256	2882.519375	2882.8020970000002	2879.326113	2882.037104			1.0	2.0	0.0	3.0					
2885.87	14.86999999999989	trials	7.0	2895.18405	2897.091926	2898.018377	2899.519427	2894.5436210000003	2897.529606			1.0	2.0	0.0	3.0					
2901.421	21.294000000000324	trials	7.0	2919.339906	2921.412846	2922.404366	2922.627297	2918.7730460000002	2921.9724220000003			1.0	2.0	0.0	3.0					
2925.725	15.514999999999873	trials	7.0	2936.828211	2938.085046	2940.12726	2940.3295900000003	2936.0412890000002	2939.2599840000003			1.0	2.0	1.0	1.0					
2944.749	12.901000000000295	trials	7.0	2953.5191330000002	2954.73993	2955.707307	2955.853293	2952.5362330000003	2955.214767	2956.376	2957.65	1.0	2.0	1.0	1.0					
2961.484	6.436000000000149	trials	7.0	2964.653753	2966.357812	2967.44273	2967.9317340000002	2964.0905310000003	2966.912667			1.0	2.0	0.0	3.0					
2971.8	17.22499999999991	trials	7.0	2985.358944	2987.3351860000002	2988.530487	2988.833226	2984.402462	2988.0458240000003			1.0	2.0	0.0	3.0					
2992.98	23.559999999999945	trials	7.0	3011.333719	3013.183142	3014.738961	3014.998707	3010.50009	3014.251296	3015.43	3016.54	1.0	2.0	1.0	1.0					
3020.565	7.315000000000055	trials	7.0	3023.559384	3024.7100920000003	3026.034191	3026.234454	3022.8780030000003	3025.506342	3026.715	3027.88	1.0	2.0	1.0	1.0					
3029.971	22.298999999999978	trials	7.0	3047.309538	3049.287123	3050.253941	3050.513712	3046.682574	3049.779443	3050.99	3052.27	1.0	2.0	1.0	1.0					
3056.124	7.4909999999999854	trials	7.0	3060.614082	3062.231106			3059.9235200000003	3062.506284			1.0	2.0	0.0	3.0					
3065.582	19.423999999999978	trials	7.0	3080.317747	3081.969055	3082.857707	3083.074685	3079.758907	3082.3649179999998	3083.59	3085.006	1.0	2.0	1.0	1.0					
3088.115	8.6550000000002	trials	7.0	3092.4733969999997	3093.855453	3094.917947	3095.145257	3091.821459	3094.358641	3095.655	3096.77	1.0	2.0	1.0	1.0					
3099.8	10.823999999999614	trials	7.0	3108.228057	3109.298788	3110.252176	3110.619971	3107.3865619999997	3109.68754			1.0	2.0	0.0	3.0					
3114.64	22.050000000000182	trials	7.0	3133.548589	3135.371924	3136.09717	3136.3949239999997	3132.8111169999997	3135.58607			1.0	2.0	0.0	3.0					
3140.485	20.355000000000018	trials	7.0	3158.06825	3159.751349	3160.518074	3160.80195	3157.417406	3160.018658			1.0	2.0	0.0	3.0					
3162.895	20.050000000000182	trials	7.0	3179.023145	3180.0748519999997	3181.13	3181.470937	3178.06481	3180.518498	3181.706	3182.945	1.0	1.0	1.0	1.0					
3187.046	6.19399999999996	trials	7.0	3189.0235279999997	3190.456687	3191.398472	3191.661499	3188.3545599999998	3190.830665	3192.225	3193.24	1.0	1.0	1.0	1.0					
3195.326	10.47400000000016	trials	7.0	3200.375191	3202.311968	3203.545305	3203.70344	3199.648981	3202.966889	3204.295	3205.8	1.0	1.0	1.0	1.0					
3208.816	6.2840000000001055	trials	7.0	3211.048903	3212.659182	3213.369773	3213.6060829999997	3210.1532119999997	3212.880737	3214.055	3215.1	1.0	1.0	1.0	1.0					
3218.191	6.389000000000124	trials	7.0	3221.073397	3222.662861	3223.499539	3223.692127	3220.39246	3222.958103			1.0	1.0	1.0	1.0					
3229.145	12.360000000000127	trials	7.0	3237.428933	3238.675631	3239.803153	3239.998592	3236.481197	3239.266869	3240.44	3241.505	1.0	1.0	1.0	1.0					
3244.591	6.222999999999956	trials	7.0	3247.3304559999997	3249.372923	3250.405213	3250.776178	3246.335458	3249.715718			1.0	1.0	0.0	3.0					
3254.746	9.978999999999814	trials	7.0	3261.188702	3263.0705559999997	3264.168221	3264.727954	3260.560103	3263.595493			1.0	2.0	0.0	3.0					
3267.555	18.01000000000022	trials	7.0	3281.908691	3283.9394859999998	3285.184613	3285.546163	3281.1837	3284.6342019999997			1.0	2.0	0.0	3.0					
3288.633	22.882000000000062	trials	7.0	3306.0892719999997	3308.122307	3309.1620669999998	3309.409654	3305.435388	3308.618498	3309.925	3311.515	1.0	2.0	1.0	1.0					
3313.577	9.782999999999902	trials	7.0	3318.783997	3320.792266	3321.592859	3321.824998	3318.10981	3321.061503	3322.326	3323.36	1.0	2.0	1.0	1.0					
3327.446	7.4340000000001965	trials	7.0	3330.44884	3332.3510269999997	3333.091795	3333.3396979999998	3329.46022	3332.5390829999997	3333.96	3334.88	1.0	1.0	1.0	1.0					
3337.963	13.237999999999829	trials	7.0	3346.778789	3348.437332	3349.262495	3349.566694	3346.04398	3348.7518259999997	3350.19	3351.201	1.0	1.0	1.0	1.0					
3354.22	7.205000000000382	trials	7.0	3357.224195	3358.9559179999997	3359.644769	3359.834877	3356.402947	3359.1509499999997	3360.286	3361.425	1.0	1.0	1.0	1.0					
3363.511	8.440000000000055	trials	7.0	3367.229172	3368.93005	3369.725836	3369.928705	3366.680114	3369.18665	3370.385	3371.951	1.0	1.0	1.0	1.0					
3374.025	8.885999999999967	trials	7.0	3378.609131	3380.235484	3381.12693	3381.2989909999997	3377.6062429999997	3380.538727	3381.746	3382.911	1.0	1.0	1.0	1.0					
3384.996	9.079999999999927	trials	7.0	3391.0047529999997	3392.743007	3393.5541519999997	3394.078211	3390.2424739999997	3392.997896			1.0	1.0	0.0	3.0					
3396.015	18.970000000000255	trials	7.0	3411.054182	3412.301376	3413.252745	3413.504329	3410.230931	3412.655234	3413.98	3414.985	1.0	1.0	1.0	1.0					
3417.07	8.114999999999782	trials	7.0	3420.7837019999997	3422.5976659999997	3423.35689	3423.844604	3419.808344	3422.795021	3424.07	3425.185	1.0	1.0	1.0	1.0					
3429.27	6.704999999999927	trials	7.0	3431.8042689999997	3433.292876	3434.103575	3434.3273759999997	3430.925315	3433.554233	3434.775	3435.975	1.0	1.0	1.0	1.0					
3440.01	623.29	BlockDesign														1.0	170.0	204.0	10.0	50.0
3440.01	5.569999999999709	trials	8.0	3441.530408	3442.900991	3443.6995699999998	3443.897719	3439.7839089999998	3443.177515	3444.35	3445.58	1.0	2.0	1.0	1.0					
3448.667	6.168999999999869	trials	8.0	3451.88944	3453.4739839999997	3454.370555	3454.820237	3450.9115819999997	3453.7632519999997			1.0	1.0	0.0	3.0					
3458.815	31.385999999999967	trials	8.0	3487.6091269999997	3488.797025	3489.629222	3490.199834	3486.647678	3489.064315			1.0	1.0	0.0	3.0					
3493.005	14.224999999999909	trials	8.0	3504.8242609999998	3505.93363	3506.765749	3507.208408	3503.991306	3506.226063			1.0	2.0	0.0	3.0					
3509.225	29.78500000000031	trials	8.0	3536.331352	3537.943481	3538.6216489999997	3538.937936	3535.4510179999997	3538.120136			1.0	1.0	0.0	3.0					
3542.02	12.210000000000036	trials	8.0	3551.34994	3552.436519	3553.662871	3554.229761	3550.6005999999998	3553.108946			1.0	1.0	0.0	3.0					
3555.986	18.769000000000233	trials	8.0	3570.595604	3572.149612	3572.947139	3573.092709	3569.929964	3572.3541029999997	3573.695	3574.755	1.0	2.0	1.0	1.0					
3576.907	16.003999999999905	trials	8.0	3588.804755	3590.379392	3591.199442	3591.427228	3588.234686	3590.6313259999997	3592.036	3592.911	1.0	2.0	1.0	1.0					
3595.99	6.730000000000018	trials	8.0	3599.994818	3601.346221	3602.18505	3602.721968	3599.052917	3601.590341			1.0	2.0	0.0	3.0					
3604.58	23.1550000000002	trials	8.0	3623.625404	3624.746334	3625.854644	3626.111075	3622.69168	3625.005116	3626.685	3627.735	1.0	2.0	1.0	1.0					
3630.755	6.867999999999938	trials	8.0	3634.94537	3636.226709	3637.171403	3637.567154	3634.025376	3636.601701			1.0	1.0	0.0	3.0					
3641.565	21.764999999999873	trials	8.0	3658.671034	3660.576485	3661.5087009999997	3661.7549089999998	3658.036084	3660.907816	3662.246	3663.33	1.0	2.0	1.0	1.0					
3667.418	7.346999999999753	trials	8.0	3670.605345	3672.007024	3672.854389	3673.072566	3669.863637	3672.262469	3673.565	3674.765	1.0	2.0	1.0	1.0					
3678.895	5.519999999999982	trials	8.0	3681.215539	3683.223704	3684.046483	3684.213571	3680.421666	3683.419154			1.0	2.0	0.0	3.0					
3686.425	8.0	trials	8.0	3691.315288	3692.491259	3693.4308039999996	3694.426024	3690.613494	3692.9060959999997			1.0	1.0	0.0	3.0					
3696.8	19.367999999999938	trials	8.0	3712.159781	3713.5189069999997	3714.333276	3714.568194	3711.462614	3713.713706	3715.025	3716.168	1.0	2.0	1.0	1.0					
3719.141	12.014000000000124	trials	8.0	3726.7849189999997	3728.521891	3729.33054	3729.633534	3726.228875	3728.812666	3730.08	3731.155	1.0	2.0	1.0	1.0					
3735.246	4.963999999999942	trials	8.0	3736.9800299999997	3738.787859	3739.485271	3739.739129	3736.063061	3738.970093			1.0	2.0	0.0	3.0					
3742.957	24.539000000000215	trials	8.0	3763.016743	3764.912231	3765.7172499999997	3765.946183	3762.068953	3765.197549	3766.407	3767.496	1.0	2.0	1.0	1.0					
3770.51	5.27599999999984	trials	8.0	3773.470771	3774.54481	3775.417676	3775.751366	3772.708917	3774.845622			1.0	2.0	0.0	3.0					
3779.865	25.840000000000146	trials	8.0	3803.1759739999998	3804.432224	3805.240289	3805.7099709999998	3802.306662	3804.693817			1.0	1.0	0.0	3.0					
3807.562	23.367999999999938	trials	8.0	3827.417349	3828.4773189999996	3829.2574919999997	3829.475255	3826.675663	3828.737401	3830.0	3830.93	1.0	2.0	1.0	1.0					
3833.951	7.0	trials	8.0	3837.96136	3839.520725	3840.31014	3840.953781	3837.120536	3839.7381109999997			1.0	2.0	0.0	3.0					
3844.73	18.045000000000073	trials	8.0	3859.676324	3861.432763	3862.38296	3862.735757	3858.951095	3861.815872			1.0	2.0	0.0	3.0					
3864.853	21.116999999999734	trials	8.0	3882.5303049999998	3884.372366	3885.128069	3885.25673	3881.623769	3884.586524			1.0	1.0	0.0	3.0					
3887.447	13.393000000000029	trials	8.0	3897.3654349999997	3899.367296	3900.1753009999998	3900.845402	3896.643209	3899.5537489999997			1.0	1.0	0.0	3.0					
3902.498	19.657000000000153	trials	8.0	3918.396073	3919.617292	3920.446135	3920.669761	3917.451212	3919.9039	3921.161	3922.155	1.0	2.0	1.0	1.0					
3924.266	12.583999999999833	trials	8.0	3934.176464	3935.606594	3936.386078	3936.851348	3933.595594	3935.834852			1.0	2.0	0.0	3.0					
3939.795	16.670000000000073	trials	8.0	3953.765843	3955.314362	3956.145378	3956.449691	3953.053343	3955.62146			1.0	1.0	0.0	3.0					
3958.475	19.56100000000015	trials	8.0	3974.4573219999997	3975.631759	3976.452023	3976.609181	3973.696825	3975.92932	3977.09	3978.036	1.0	2.0	1.0	1.0					
3982.123	7.288000000000011	trials	8.0	3984.910454	3986.529869	3987.554193	3987.742303	3983.983058	3986.82046	3988.26	3989.411	1.0	2.0	1.0	1.0					
3993.31	9.650000000000091	trials	8.0	3998.741064	4000.590849	4001.339326	4001.572981	3997.862338	4000.792215	4002.06	4002.96	1.0	2.0	1.0	1.0					
4004.98	9.143999999999778	trials	8.0	4011.556373	4012.892998	4013.758662	4014.088484	4010.72122	4013.1596959999997			1.0	2.0	0.0	3.0					
4018.082	21.153000000000247	trials	8.0	4035.966707	4037.99258	4038.733663	4039.2389239999998	4035.4192089999997	4038.184405			1.0	2.0	0.0	3.0					
4041.115	22.1850000000004	trials	8.0	4059.627485	4060.77803	4061.591894	4061.801461	4059.007235	4061.029858	4062.23	4063.3	1.0	2.0	1.0	1.0					
4066.361	106.71500000000015	BlockDesign														1.0	205.0	209.0	0.0	0.0
4066.361	19.63500000000022	trials	9.0	4083.1675569999998	4084.84915	4085.677339	4085.973058	4082.419301	4085.094319			1.0	2.0	0.0	3.0					
4090.001	9.394999999999527	trials	9.0	4095.9581289999996	4098.188885	4098.994814	4099.376354	4095.2047329999996	4098.430616			1.0	2.0	0.0	3.0					
4103.345	37.909999999999854	trials	9.0	4138.606207	4140.150578	4140.787048	4141.260817	4137.631381	4140.312802			1.0	1.0	0.0	3.0					
4144.145	13.680999999999585	trials	9.0	4155.226973	4156.572984	4157.432522	4157.819977	4154.283606999999	4156.903768			1.0	2.0	0.0	3.0					
4160.828	12.247999999999593	trials	9.0	4170.5711599999995	4171.959362	4172.931227	4173.500932	4169.770279	4172.176603			1.0	2.0	0.0	3.0					
4177.27	314.7399999999998	BlockDesign														1.0	210.0	233.0	50.0	90.0
4177.27	16.609999999999673	trials	10.0	4191.39656	4192.563332	4193.297377	4193.88396	4190.495189	4192.762126			1.0	1.0	0.0	3.0					
4195.636	19.578999999999724	trials	10.0	4211.471686	4212.605189	4213.4353790000005	4213.653758	4210.766135	4212.905683	4214.05	4215.215	1.0	2.0	1.0	1.0					
4217.295	10.675000000000182	trials	10.0	4224.401637999999	4225.657376	4226.3903869999995	4226.604266	4223.413466	4225.854422	4227.121	4227.97	1.0	1.0	1.0	1.0					
4230.001	7.568999999999505	trials	10.0	4234.696323	4236.36185	4237.156695	4237.423533	4233.867112	4236.587695			1.0	1.0	0.0	3.0					
4241.58	12.295000000000073	trials	10.0	4250.043412	4251.493307	4252.284485	4252.4500069999995	4249.167988	4251.743222	4252.951	4253.875	1.0	1.0	1.0	1.0					
4255.917	9.482999999999265	trials	10.0	4260.621408999999	4262.475136999999	4263.576287	4263.797584	4260.076290999999	4262.775398	4264.326	4265.4	1.0	1.0	1.0	1.0					
4268.501	7.519000000000233	trials	10.0	4272.9066139999995	4274.674051	4275.499505	4276.023874	4272.170395	4274.920189			1.0	1.0	0.0	3.0					
4279.881	12.858999999999469	trials	10.0	4289.2624670000005	4290.355396999999	4291.087549	4291.29587	4288.356598	4290.52279	4291.82	4292.74	1.0	2.0	1.0	1.0					
4295.786	15.148000000000138	trials	10.0	4306.241443	4308.118538	4309.097113	4309.320941	4305.3295689999995	4308.381716	4309.855	4310.934	1.0	2.0	1.0	1.0					
4313.951	8.085000000000036	trials	10.0	4317.503165	4319.414861	4320.235771	4320.486212	4316.738029	4319.627231	4320.911	4322.036	1.0	2.0	1.0	1.0					
4326.125	6.015000000000327	trials	10.0	4329.312254	4330.71025	4331.774805999999	4332.090604	4328.54293	4331.200461			1.0	2.0	0.0	3.0					
4336.15	18.265000000000327	trials	10.0	4350.543559	4351.790273	4352.5246179999995	4352.868512	4349.789654	4351.989121	4353.265	4354.415	1.0	2.0	1.0	1.0					
4356.5	6.694999999999709	trials	10.0	4360.088108	4362.036913	4362.706873	4363.200253	4359.17407	4362.181928			1.0	1.0	0.0	3.0					
4365.085	21.045000000000073	trials	10.0	4381.753381	4383.237256	4383.994033999999	4384.254037	4381.22231	4383.4371169999995	4384.67	4386.13	1.0	2.0	1.0	1.0					
4390.215	5.570999999999913	trials	10.0	4391.762567	4393.141478	4393.962152	4394.132739	4390.892054	4393.368812	4394.72	4395.786	1.0	2.0	1.0	1.0					
4399.801	6.670999999999367	trials	10.0	4402.018142	4403.913602	4404.664279	4404.850867	4401.355448	4404.123319	4405.375	4406.472	1.0	2.0	1.0	1.0					
4410.39	6.210000000000036	trials	10.0	4412.392438	4413.764414	4414.911236	4415.123207	4410.671213	4414.326042	4415.661	4416.6	1.0	2.0	1.0	1.0					
4418.678	9.648000000000138	trials	10.0	4424.772070999999	4425.879812	4426.650614	4426.832335	4424.045857	4426.155795	4427.286	4428.326	1.0	2.0	1.0	1.0					
4430.346	7.7940000000007785	trials	10.0	4434.412432	4435.670954	4436.541625	4436.692733	4433.416978	4435.978369	4437.23	4438.14	1.0	2.0	1.0	1.0					
4440.236	9.958999999999833	trials	10.0	4445.543776	4447.654501999999	4448.348683	4448.5477599999995	4444.753732	4447.83724	4449.01	4450.195	1.0	2.0	1.0	1.0					
4453.27	7.164999999999964	trials	10.0	4456.22722	4457.7955139999995	4458.590536	4458.763703	4455.686383	4458.04397	4459.246	4460.435	1.0	2.0	1.0	1.0					
4463.516	8.984000000000378	trials	10.0	4467.52706	4469.563408	4470.7094720000005	4470.987634	4466.854628	4469.733811	4471.527	4472.5	1.0	2.0	1.0	1.0					
4475.435	7.259999999999309	trials	10.0	4478.212988	4479.937732	4480.665019	4480.896194	4477.550515	4480.149229	4481.425	4482.695	1.0	2.0	1.0	1.0					
4484.751	7.2590000000000146	trials	10.0	4488.132743	4489.420466	4490.283257	4490.471825	4487.461361	4489.71022	4490.929	4492.01	1.0	2.0	1.0	1.0					
4495.115	557.4099999999999	BlockDesign														1.0	234.0	264.0	50.0	10.0
4495.115	5.905000000000655	trials	11.0	4497.647746	4499.571594999999	4500.688937	4500.884470999999	4496.826875	4499.813005			1.0	2.0	0.0	3.0					
4505.092	10.353000000000065	trials	11.0	4512.79408	4514.117998	4514.969491	4515.450791	4512.257654	4514.404947999999			1.0	2.0	0.0	3.0					
4518.327	13.813000000000102	trials	11.0	4528.932833	4530.408995	4531.251724	4532.1460179999995	4528.171909	4530.700001			1.0	2.0	0.0	3.0					
4534.58	21.31500000000051	trials	11.0	4552.508158	4553.99912	4555.126072999999	4555.441934	4551.597557	4554.59678			1.0	2.0	0.0	3.0					
4559.501	15.059000000000196	trials	11.0	4570.107589	4571.924729	4572.799317999999	4573.042432	4569.4500069999995	4572.162586	4573.56	4574.56	1.0	1.0	1.0	1.0					
4577.611	5.274000000000342	trials	11.0	4579.878973	4581.071462	4582.111304	4582.889467	4579.178573	4581.5723689999995			1.0	1.0	0.0	3.0					
4585.435	19.310999999999694	trials	11.0	4600.959347	4602.689756			4600.027562	4602.687035			1.0		0.0	2.0					
4608.755	14.304000000000087	trials	11.0	4619.843215	4621.744232999999	4622.604334	4623.020834	4618.904558	4622.0625469999995			1.0	2.0	0.0	3.0					
4624.986	20.465000000000146	trials	11.0	4642.044757	4643.135092	4644.218317	4644.531638	4641.411733999999	4643.651473			1.0	2.0	0.0	3.0					
4646.615	22.775000000000546	trials	11.0	4665.187825999999	4666.591156	4667.553773	4667.777216	4664.475562	4666.97143	4668.28	4669.39	1.0	1.0	1.0	1.0					
4671.475	11.045000000000073	trials	11.0	4679.152798	4681.170206	4681.893873999999	4682.524984	4678.451779	4681.434424			1.0	1.0	0.0	3.0					
4686.29	15.045000000000073	trials	11.0	4697.893714	4699.41847	4700.22808	4700.4424579999995	4697.060743	4699.660772			1.0	1.0	1.0	1.0					
4705.8	10.55999999999949	trials	11.0	4712.148188	4714.0251499999995	4714.738838	4714.894937	4711.246553	4714.215148	4715.28	4716.36	1.0	1.0	1.0	1.0					
4719.445	7.150000000000546	trials	11.0	4722.585133	4723.823166	4724.541693	4724.810004999999	4721.644351999999	4724.030756	4725.395	4726.595	1.0	1.0	1.0	1.0					
4730.615	6.5	trials	11.0	4732.358081	4734.135086	4735.205707	4735.362242	4731.836659	4734.674026	4735.85	4737.115	1.0	1.0	1.0	1.0					
4740.202	6.293999999999869	trials	11.0	4742.537711	4743.7496599999995	4744.573894	4744.913157999999	4741.901933	4744.0131519999995	4745.25	4746.496	1.0	1.0	1.0	1.0					
4748.584	5.846000000000458	trials	11.0	4751.402924	4752.819899	4753.846856	4754.435905	4750.759492	4753.289398			1.0	1.0	0.0	3.0					
4758.17	19.420000000000073	trials	11.0	4773.39811	4774.756518	4775.769919	4775.988065	4772.459715999999	4775.253239	4776.44	4777.59	1.0	1.0	1.0	1.0					
4779.615	5.322000000000116	trials	11.0	4782.243274	4783.827533	4784.5692739999995	4784.912443	4781.705277999999	4784.010494			1.0	1.0	0.0	3.0					
4788.911	15.47900000000027	trials	11.0	4801.93352	4803.170453	4804.026527	4804.382826999999	4801.3973559999995	4803.465475			1.0	2.0	0.0	3.0					
4806.44	17.875	trials	11.0	4821.059378	4822.315673			4820.280541	4822.305932			1.0		0.0	2.0					
4826.322	56.698999999999614	trials	11.0	4880.523947	4881.870219	4882.639154	4882.891199	4879.547479	4882.085294			1.0	1.0	0.0	3.0					
4886.021	14.798999999999978	trials	11.0	4897.804327	4899.320329	4900.289207	4900.827581	4897.141565	4899.711856			1.0	1.0	0.0	3.0					
4904.741	21.828999999999724	trials	11.0	4921.953284	4923.619759	4924.419143	4924.630312	4921.304722	4923.86441	4925.255	4926.57	1.0	2.0	1.0	1.0					
4928.59	9.63299999999981	trials	11.0	4934.469586	4936.147237	4937.891677	4938.179779	4933.783063	4936.139603			1.0		0.0	2.0					
4941.202	30.25500000000011	trials	11.0	4968.278785	4970.34703	4971.060184	4971.436025	4967.493773	4970.39665			1.0	1.0	0.0	3.0					
4974.5	14.166000000000167	trials	11.0	4983.009132	4985.056106	4986.281905	4987.4347849999995	4982.473414	4985.249159			1.0	2.0	0.0	3.0					
4990.655	20.46600000000035	trials	11.0	5007.1888930000005	5008.452437	5009.35936	5009.561015	5006.604443	5008.743979	5010.065	5011.121	1.0	1.0	1.0	1.0					
5014.141	8.213000000000648	trials	11.0	5018.269042	5019.82712	5021.893701999999	5022.323602	5017.340309	5020.072501			1.0	2.0	0.0	3.0					
5024.341	18.22399999999925	trials	11.0	5038.755445	5039.973299	5040.793078	5041.012423	5037.894425	5040.285734	5041.621	5042.565	1.0	1.0	1.0	1.0					
5044.626	7.8989999999994325	trials	11.0	5048.769593	5050.008221	5050.8329269999995	5051.025286	5048.243681	5050.260259	5051.54	5052.525	1.0	1.0	1.0	1.0					
5054.595	391.41600000000017	BlockDesign														1.0	265.0	285.0	50.0	0.0
5054.595	8.045000000000073	trials	12.0	5058.631013	5060.207713	5060.917103	5061.117663999999	5058.022613	5060.4173439999995	5061.585	5062.64	2.0	1.0	1.0	1.0					
5064.701	8.295000000000073	trials	12.0	5069.104168	5070.932234			5068.255951	5070.924353			2.0		0.0	2.0					
5077.076	23.899999999999636	trials	12.0	5097.734465	5099.127809	5100.151978	5100.345572	5096.863271	5099.587090999999			2.0	1.0	0.0	3.0					
5103.545	24.717999999999847	trials	12.0	5125.215085	5127.117944	5127.868366	5128.24852	5124.240947	5127.382739000001			2.0	1.0	0.0	3.0					
5130.264	21.76599999999962	trials	12.0	5149.264793	5150.621800999999	5151.37732	5152.037152999999	5148.335873	5150.832933			2.0	1.0	0.0	3.0					
5155.77	28.01599999999962	trials	12.0	5180.631122	5182.316704	5183.272556	5183.7917560000005	5180.013518	5182.757426			2.0	1.0	0.0	3.0					
5186.665	17.88500000000022	trials	12.0	5199.994558	5201.955298	5202.7197240000005	5202.987669	5199.057637	5202.2528330000005	5203.435	5204.55	2.0	1.0	1.0	1.0					
5206.596	11.079000000000633	trials	12.0	5212.9306830000005	5214.798156999999	5215.6067299999995	5215.906853	5212.379327000001	5215.078219999999	5216.326	5217.675	2.0	1.0	1.0	1.0					
5219.695	9.426000000000386	trials	12.0	5224.659417999999	5226.446742	5227.17974	5227.44197	5223.787845999999	5226.681328000001	5227.871	5229.121	2.0	1.0	1.0	1.0					
5233.22	15.109999999999673	trials	12.0	5243.484793	5245.546607	5246.26076	5246.481068	5242.608018999999	5245.742412	5246.88	5248.33	2.0	1.0	1.0	1.0					
5251.295	8.954999999999927	trials	12.0	5257.631651	5259.008612	5259.793637	5260.257555	5256.820838	5259.252692			2.0	1.0	0.0	3.0					
5262.185	20.674999999999272	trials	12.0	5279.381264	5281.166380000001	5282.089147	5282.867558	5278.625537	5281.555659			2.0	1.0	0.0	3.0					
5285.452	23.29399999999987	trials	12.0	5304.0154760000005	5305.927390999999	5306.848393	5307.160727	5303.268706	5306.296807	5307.685	5308.746	2.0	1.0	1.0	1.0					
5310.72	9.489999999999782	trials	12.0	5315.9766660000005	5317.250301	5318.4060850000005	5318.662632	5315.032177	5317.826486	5319.01	5320.21	2.0	1.0	1.0	1.0					
5322.299	8.863000000000284	trials	12.0	5327.374753	5330.01033	5330.732308000001	5331.168586	5326.796152999999	5330.227204			2.0	1.0	0.0	3.0					
5335.06	18.599999999999454	trials	12.0	5350.695202	5352.366825	5353.294846	5353.647443	5349.743343	5352.730151			2.0	1.0	0.0	3.0					
5357.743	18.086999999999534	trials	12.0	5373.180419	5374.307558	5375.4233509999995	5375.8401109999995	5372.468068	5374.813006			2.0	1.0	0.0	3.0					
5378.749	21.240999999999985	trials	12.0	5396.065342	5397.171222999999	5398.159555	5398.313924	5395.205991999999	5397.499764	5398.835	5399.99	2.0	1.0	1.0	1.0					
5402.005	8.484999999999673	trials	12.0	5406.450774999999	5407.554571000001	5408.786696	5409.018282999999	5405.48981	5408.224072999999	5409.67	5410.49	2.0	1.0	1.0	1.0					
5412.562	8.422999999999774	trials	12.0	5418.205386	5419.3070800000005	5420.411803999999	5420.990021	5417.584841	5419.7917720000005			2.0	1.0	0.0	3.0					
5423.74	22.27100000000064	trials	12.0	5441.640812	5443.167701	5444.282347	5444.489412999999	5440.76534	5443.638715	5445.036	5446.011	2.0	1.0	1.0	1.0					
5450.07	427.71900000000005	BlockDesign														1.0	286.0	305.0	0.0	50.0
5450.07	6.230000000000473	trials	13.0	5452.051481	5454.081439	5455.127275999999	5456.306493	5451.378212	5454.312626			3.0	2.0	0.0	3.0					
5457.455	24.984999999999673	trials	13.0	5477.087611999999	5479.0478	5480.665945	5480.922367	5476.360504	5479.475319	5481.39	5482.44	3.0	2.0	1.0	1.0					
5485.46	7.576000000000022	trials	13.0	5489.195514999999	5490.4475170000005	5492.209360999999	5493.043648	5488.272422	5490.949402			3.0	2.0	0.0	3.0					
5494.705	21.225000000000364	trials	13.0	5510.7160650000005	5512.769485999999	5514.247941	5514.470823	5510.030072	5513.217074	5514.915	5515.93	3.0	2.0	1.0	1.0					
5518.022	8.377999999999702	trials	13.0	5522.7856790000005	5524.0671729999995	5525.679391	5526.408326	5521.8866720000005	5524.923303			3.0	1.0	0.0	3.0					
5528.01	24.639999999999418	trials	13.0	5547.396431	5548.557995	5551.747148	5552.659061	5546.575659	5550.8202440000005			3.0	2.0	0.0	3.0					
5556.085	28.576000000000022	trials	13.0	5580.361156999999	5581.54502	5584.1873749999995	5584.669712	5579.619073	5583.613238			3.0	1.0	0.0	3.0					
5587.515	15.649999999999636	trials	13.0	5598.843233	5600.231913	5602.436861	5603.174206	5598.086189	5600.780207			3.0	2.0	0.0	3.0					
5606.859	26.545999999999367	trials	13.0	5630.251032	5632.049326	5632.963508	5633.397151	5629.3799149999995	5632.411207			3.0	1.0	0.0	3.0					
5635.336	18.034999999999854	trials	13.0	5649.922589	5651.036984	5652.5563	5653.377187	5649.257672	5651.744033			3.0	2.0	0.0	3.0					
5655.951	18.85900000000038	trials	13.0	5669.70636	5671.392728	5673.756901	5673.96007	5668.755741999999	5672.72599			3.0	2.0	1.0	1.0					
5677.34	12.475999999999658	trials	13.0	5685.246585999999	5686.478109	5687.980565	5688.2511159999995	5684.437760999999	5686.916507	5688.73	5689.816	3.0	2.0	1.0	1.0					
5691.906	11.823999999999614	trials	13.0	5699.952048	5701.751998	5703.155269999999	5703.73797	5699.062755999999	5702.037023			3.0	2.0	0.0	3.0					
5706.475	22.89599999999973	trials	13.0	5724.706439	5726.403194	5727.635318000001	5727.9080539999995	5723.892301	5726.868436	5728.475	5729.371	3.0	2.0	1.0	1.0					
5733.34	16.15599999999995	trials	13.0	5744.196553	5745.656389	5746.983923	5747.012981	5743.460861	5746.34338	5747.655	5749.496	3.0	2.0	1.0	1.0					
5751.588	10.783000000000357	trials	13.0	5758.791404	5760.360341	5761.420715	5762.380924	5757.7877690000005	5760.690178			3.0	2.0	0.0	3.0					
5763.895	18.725999999999658	trials	13.0	5779.673449	5781.090904	5781.884312	5782.629401	5778.747859	5781.32339			3.0	1.0	0.0	3.0					
5785.27	19.774999999999636	trials	13.0	5800.553202	5802.443308	5803.283201	5803.503951	5799.920378999999	5802.716179999999	5803.985	5805.045	3.0	2.0	1.0	1.0					
5809.086	55.65399999999954	trials	13.0	5861.781857	5863.382591	5864.180338	5864.748433	5861.262658	5863.644638			3.0	2.0	0.0	3.0					
5866.536	11.252999999999702	trials	13.0	5875.19698	5876.950073	5877.739264	5878.666488999999	5874.231451	5877.187346			3.0	2.0	0.0	3.0					
5880.115	716.0600000000004	BlockDesign														1.0	306.0	345.0	50.0	50.0
5880.115	19.829999999999927	trials	14.0	5895.562072	5897.346248	5898.118202	5898.299836	5894.992097	5897.604649	5898.791	5899.945	2.0	1.0	1.0	1.0					
5902.015	7.390999999999622	trials	14.0	5906.463836	5908.098991	5909.066341	5909.4163	5905.4900290000005	5908.4801449999995			3.0	1.0	0.0	3.0					
5912.385	17.661000000000058	trials	14.0	5927.017876	5928.72875	5929.641974	5930.057713	5926.368757	5929.13708			2.0	1.0	0.0	3.0					
5934.02	12.05999999999949	trials	14.0	5943.423707	5944.8735400000005	5945.616511	5946.091893999999	5942.519375	5945.1515899999995			2.0	1.0	0.0	3.0					
5948.005	13.550000000000182	trials	14.0	5957.688228999999	5958.987617	5959.878925999999	5960.061471999999	5957.121026	5959.320981999999	5960.515	5961.555	3.0	2.0	1.0	1.0					
5964.65	23.735000000000582	trials	14.0	5985.822425	5987.056461	5987.886025	5988.39623	5985.170352	5987.305525			3.0	2.0	0.0	3.0					
5992.295	16.19499999999971	trials	14.0	6004.2821650000005	6005.794045000001	6006.738624	6006.932665	6003.385931999999	6006.17353	6007.415	6008.49	2.0	1.0	1.0	1.0					
6011.545	6.130000000000109	trials	14.0	6014.262674	6016.324995999999	6017.239631	6017.686705	6013.670171	6016.628506999999			3.0	2.0	0.0	3.0					
6021.593	69.94300000000021	trials	14.0	6088.424155	6090.260668	6091.044223	6091.545126999999	6087.769441	6090.619959			2.0	1.0	0.0	3.0					
6093.41	15.666000000000167	trials	14.0	6106.424321	6107.993793	6108.771248	6109.034186	6105.757006	6108.2353			3.0	2.0	0.0	3.0					
6112.08	14.44000000000051	trials	14.0	6124.726503	6124.977269	6125.673312	6126.5171869999995	6105.757006	6125.149733			3.0	2.0	0.0	3.0					
6129.0	18.954999999999927	trials	14.0	6143.843177	6145.368756	6146.234512999999	6146.465824	6142.940711	6145.669328	6146.911	6147.955	3.0	2.0	1.0	1.0					
6152.02	8.3149999999996	trials	14.0	6156.517893	6158.250221	6159.215	6159.453772	6155.562197	6158.70928			2.0	1.0	1.0	1.0					
6162.826	10.210000000000036	trials	14.0	6169.832823	6171.433989	6172.520252	6173.0350849999995	6169.31898	6172.018169			2.0	1.0	0.0	3.0					
6174.845	14.65099999999984	trials	14.0	6185.491895	6186.794558	6187.822571	6188.00948	6184.622048	6187.305204	6188.445	6189.496	2.0	1.0	1.0	1.0					
6192.515	8.060999999999694	trials	14.0	6196.798068	6197.869044	6198.906602999999	6199.086362	6196.27098	6198.254172	6199.555	6200.576	3.0	2.0	1.0	1.0					
6202.735	13.555000000000291	trials	14.0	6212.062701	6213.367205	6214.235369999999	6214.464606	6211.381412	6213.608268	6214.865	6216.29	3.0	2.0	1.0	1.0					
6220.04	6.350000000000364	trials	14.0	6223.637578	6224.714934	6225.68928	6226.391031	6223.092866	6225.074348			3.0	2.0	0.0	3.0					
6228.111	20.889000000000124	trials	14.0	6246.087977	6247.211718	6248.448675	6249.002306	6245.446392	6247.855758			3.0	2.0	0.0	3.0					
6252.795	31.100000000000364	trials	14.0	6280.562972	6282.592955	6283.305045	6283.893497	6279.564279	6282.830178			2.0	1.0	0.0	3.0					
6286.636	16.173999999999978	trials	14.0	6298.562832	6299.915958	6301.020363	6301.224502	6298.036023	6300.510717	6301.725	6302.81	2.0	1.0	1.0	1.0					
6305.83	6.306000000000495	trials	14.0	6309.212979	6310.389978	6311.4587409999995	6312.13607	6308.541488	6310.879075			2.0	1.0	0.0	3.0					
6313.861	19.958999999999833	trials	14.0	6329.908042999999	6331.207514	6332.074754	6332.257568999999	6329.0614749999995	6331.438359	6332.865	6333.82	3.0	2.0	1.0	1.0					
6336.97	7.605999999999767	trials	14.0	6340.223042	6341.994001999999	6342.701919	6342.916611	6339.619502	6342.211361	6343.34	6344.576	2.0	1.0	1.0	1.0					
6346.595	7.974999999999454	trials	14.0	6350.588176	6351.667002	6352.731843	6352.945286	6349.757184	6352.238726	6353.286	6354.57	2.0	1.0	1.0	1.0					
6356.685	7.625	trials	14.0	6360.249256	6361.6538869999995	6362.502675	6362.7287	6359.720415	6361.968705	6363.22	6364.31	2.0	1.0	1.0	1.0					
6367.4	6.755000000000109	trials	14.0	6370.048131	6371.425665	6372.248481	6372.446886	6369.4025759999995	6371.698838	6373.015	6374.155	3.0	2.0	1.0	1.0					
6377.175	8.925999999999476	trials	14.0	6382.104927	6384.143364	6384.980199	6385.207016	6381.216909	6384.438775			3.0	2.0	1.0	1.0					
6390.561	8.015000000000327	trials	14.0	6395.593965	6397.319567	6398.043804	6398.187327	6394.766615	6397.5455489999995			2.0	1.0	0.0	3.0					
6402.371	16.193999999999505	trials	14.0	6415.503554	6417.2660129999995	6418.103907	6418.523324	6414.629558	6417.643287			2.0	1.0	0.0	3.0					
6420.531	24.46900000000005	trials	14.0	6442.329594	6443.359757	6444.455198	6445.001693	6441.704156	6443.915847			3.0	2.0	0.0	3.0					
6447.79	18.536000000000058	trials	14.0	6462.705148999999	6464.641916	6465.712033	6466.3244779999995	6461.770692	6465.18887			3.0	2.0	0.0	3.0					
6468.145	19.079999999999927	trials	14.0	6482.678745	6484.740254	6485.526314	6485.742537	6481.873035	6484.978382	6486.345	6487.225	3.0	2.0	1.0	1.0					
6491.376	7.208999999999833	trials	14.0	6494.383871	6496.1558749999995	6496.932816	6497.124933	6493.860627	6496.3941239999995	6497.715	6498.585	3.0	2.0	1.0	1.0					
6500.671	6.5649999999996	trials	14.0	6504.768479	6505.840923	6506.885103	6507.2379	6504.239020999999	6506.359697			2.0	1.0	0.0	3.0					
6510.21	17.00500000000011	trials	14.0	6524.398466	6525.679071	6526.52176	6527.21457	6523.643084	6525.924419			3.0	2.0	0.0	3.0					
6529.97	25.425000000000182	trials	14.0	6552.763473	6553.921611	6555.082965	6555.368772	6552.033459	6554.5477			2.0	1.0	0.0	3.0					
6559.405	19.36999999999989	trials	14.0	6574.504158	6576.367509	6577.102902	6577.302905	6573.907407	6576.607609	6577.81	6578.775	2.0	1.0	1.0	1.0					
6581.815	6.515000000000327	trials	14.0	6584.334012	6585.515268	6586.6085219999995	6586.795782	6583.585718	6586.120011999999	6587.295	6588.33	2.0	1.0	1.0	1.0					
6590.375	5.800000000000182	trials	14.0	6593.9034679999995	6595.1601	6596.081598	6596.508162	6593.333171	6595.502373			3.0	2.0	0.0	3.0					
6601.425	99.52999999999975	BlockDesign														1.0	346.0	350.0	0.0	0.0
6601.425	17.527000000000044	trials	15.0	6616.544106	6617.652118	6618.508965	6618.923447	6615.635501	6618.0123379999995			2.0	1.0	0.0	3.0					
6621.915	17.240999999999985	trials	15.0	6636.358722	6637.910424	6638.785043	6639.126593	6635.668374	6638.29786			2.0	1.0	0.0	3.0					
6642.145	19.36999999999989	trials	15.0	6658.920110999999	6660.273088	6661.117055	6661.516941	6658.057371	6660.589388			2.0	1.0	0.0	3.0					
6665.461	20.36499999999978	trials	15.0	6682.959252	6684.5053769999995	6685.433885	6685.81609	6682.414888	6684.891893			2.0	1.0	0.0	3.0					
6688.874	12.081000000000131	trials	15.0	6698.393927	6700.030185	6700.877955	6701.284505	6697.51237	6700.360293			2.0	1.0	0.0	3.0					
6705.286	102.29399999999987	BlockDesign														1.0	351.0	355.0	0.0	0.0
6705.286	10.943999999999505	trials	16.0	6713.5004819999995	6714.874006	6715.6997329999995	6716.229764	6712.898105	6715.105767			3.0	2.0	0.0	3.0					
6719.036	19.34900000000016	trials	16.0	6735.16562	6736.739927	6737.639313	6738.384956	6734.529827	6737.09577			3.0	2.0	0.0	3.0					
6741.975	17.725999999999658	trials	16.0	6756.639024	6757.915151	6759.07627	6759.700957	6755.898963	6758.460293			3.0	2.0	0.0	3.0					
6762.485	19.480000000000473	trials	16.0	6778.839943999999	6780.186154999999	6781.08345	6781.96916	6778.141283999999	6780.537431			3.0	2.0	0.0	3.0					
6785.483	22.096999999999753	trials	16.0	6805.313927	6806.606705	6807.338439	6807.581868	6804.377399	6806.814192			3.0	1.0	0.0	3.0					
6810.796	775.5990000000002	BlockDesign														1.0	356.0	396.0	50.0	50.0
6810.796	18.458999999999833	trials	17.0	6825.469499	6826.9141629999995	6827.698224	6827.8661569999995	6824.513835	6827.143206	6828.445	6829.255	3.0	2.0	1.0	1.0					
6831.346	13.649000000000342	trials	17.0	6841.8892049999995	6843.714508	6844.4888089999995	6844.997208	6841.295099	6843.990707999999			2.0	1.0	0.0	3.0					
6848.96	13.519999999999527	trials	17.0	6859.019902	6860.700237999999	6861.742224	6862.4808029999995	6858.067669	6861.167255			3.0	2.0	0.0	3.0					
6866.19	18.69000000000051	trials	17.0	6882.064523999999	6883.325547	6884.33586	6884.8819619999995	6881.106777	6883.793024			3.0	2.0	0.0	3.0					
6886.69	20.350000000000364	trials	17.0	6902.331012	6904.280411	6905.431279	6905.584407	6901.367801	6904.903598	6906.055	6907.04	3.0	2.0	1.0	1.0					
6910.06	8.259999999999309	trials	17.0	6913.834973999999	6915.316106	6916.138674	6916.324879	6913.274681	6915.60624	6916.855	6918.32	2.0	1.0	1.0	1.0					
6921.415	9.331000000000131	trials	17.0	6928.074308	6929.450991	6930.342462	6930.7465489999995	6927.487342	6929.802881			2.0	1.0	0.0	3.0					
6932.779	18.680999999999585	trials	17.0	6947.104659	6948.667824	6949.542714	6949.792638	6946.333353	6948.94806	6950.246	6951.46	2.0	1.0	1.0	1.0					
6955.536	6.274000000000342	trials	17.0	6958.8455969999995	6959.994192	6961.237299	6961.810764	6958.284165	6960.490709			2.0	1.0	0.0	3.0					
6964.64	16.3149999999996	trials	17.0	6978.534267	6979.707227	6980.559713	6980.944479	6977.736411	6980.010747			3.0	2.0	0.0	3.0					
6983.941	24.27900000000045	trials	17.0	7004.305622	7005.657424999999	7006.521787	7006.778531	7003.437429	7005.599763	7007.23	7008.22	2.0	1.0	1.0	1.0					
7012.311	5.675000000000182	trials	17.0	7013.814468	7015.315433	7016.120193	7016.399472	7013.0901109999995	7015.547562	7016.88	7017.986	3.0	2.0	1.0	1.0					
7020.088	8.533000000000357	trials	17.0	7024.149847	7025.825255	7026.7236649999995	7026.907236	7023.234534	7026.127506	7027.365	7028.621	3.0	2.0	1.0	1.0					
7030.645	7.644999999999527	trials	17.0	7035.331302	7036.895894	7037.78792	7038.292839	7034.758431	7037.199609			3.0	2.0	0.0	3.0					
7040.171	21.139000000000124	trials	17.0	7056.515895	7058.451236	7059.536371	7059.761351	7055.711951	7058.754717	7060.21	7061.31	2.0	1.0	1.0	1.0					
7064.395	6.606999999999971	trials	17.0	7068.274794	7069.731503	7070.546157	7070.912949	7067.570274	7070.025670999999			2.0	1.0	0.0	3.0					
7072.88	21.9399999999996	trials	17.0	7090.404501	7091.77165	7093.170633	7093.456271999999	7089.865312	7092.116305	7093.84	7094.82	3.0	2.0	1.0	1.0					
7097.84	9.805999999999585	trials	17.0	7104.581705	7106.543738	7107.259298	7107.634476	7103.623812	7106.745774			2.0	1.0	0.0	3.0					
7110.656	14.184000000000196	trials	17.0	7121.840097	7123.430709	7124.378914	7124.8446539999995	7120.922957	7123.791222			3.0	1.0	0.0	3.0					
7127.734	18.695999999999913	trials	17.0	7143.529742	7145.012811	7145.915285	7146.430301	7142.868542	7145.443757999999			2.0	1.0	0.0	3.0					
7150.248	16.027000000000044	trials	17.0	7161.715609	7163.29341	7164.371739	7164.580878	7161.098508	7163.853458	7165.085	7166.275	2.0	1.0	1.0	1.0					
7168.244	10.27600000000075	trials	17.0	7173.985122	7175.796518	7176.557988	7176.875214	7173.074985	7176.039243	7177.32	7178.52	2.0	1.0	1.0	1.0					
7180.551	6.063999999999396	trials	17.0	7183.791927	7184.923989	7186.035428	7186.6176	7183.054716	7185.453872			3.0	2.0	0.0	3.0					
7190.425	16.269999999999527	trials	17.0	7203.845201	7205.1069769999995	7206.13631	7206.696567	7203.308214	7205.552847			3.0	2.0	0.0	3.0					
7208.535	20.235000000000582	trials	17.0	7225.971174	7227.177376	7228.225496	7228.773431	7225.028585	7227.659277			3.0	2.0	0.0	3.0					
7231.594	12.916000000000167	trials	17.0	7241.060645	7243.104332999999	7243.917695	7244.510201	7240.474017	7243.346459			2.0	1.0	0.0	3.0					
7247.376	60.59900000000016	trials	17.0	7303.84548	7305.423989999999	7306.223777	7306.425792	7303.01492	7305.626039	7307.07	7307.975	3.0	2.0	1.0	1.0					
7311.99	13.11999999999989	trials	17.0	7320.556893	7322.221265	7323.057674	7323.29127	7319.641654999999	7322.569265	7323.693	7325.11	2.0	1.0	1.0	1.0					
7327.127	9.03399999999965	trials	17.0	7331.980442	7333.442121	7334.143932	7334.316228	7330.992001	7333.62734	7334.753	7336.161	2.0	1.0	1.0	1.0					
7340.265	6.105999999999767	trials	17.0	7342.252073	7343.61456	7344.4199849999995	7344.615997999999	7341.709672999999	7343.889114	7345.275	7346.371	3.0	2.0	1.0	1.0					
7348.46	11.470000000000255	trials	17.0	7357.180584	7358.631203	7359.3888019999995	7359.9344249999995	7356.42144	7358.810127			3.0	2.0	0.0	3.0					
7362.846	18.774000000000342	trials	17.0	7378.64135	7380.398741999999	7381.1028989999995	7381.624390999999	7377.7609219999995	7380.614508			2.0	1.0	0.0	3.0					
7383.561	32.05400000000009	trials	17.0	7411.865723	7413.162233999999	7413.952279	7414.144313	7411.167324	7413.422801	7414.68	7415.615	3.0	2.0	1.0	1.0					
7417.736	17.60400000000027	trials	17.0	7430.932031	7432.543089	7433.364474	7433.541928	7430.291949	7432.817144	7433.98	7435.34	3.0	2.0	1.0	1.0					
7439.21	14.595000000000255	trials	17.0	7449.325565	7451.038365	7451.844396	7452.093417	7448.498987	7451.322491999999	7452.645	7453.805	2.0	1.0	1.0	1.0					
7456.826	7.079999999999927	trials	17.0	7460.292452	7461.862904			7459.316495	7461.857755999999			2.0		0.0	2.0					
7467.915	31.215000000000146	trials	17.0	7496.04651	7497.709699999999	7498.58295	7499.1325099999995	7495.231922999999	7498.019876			3.0	2.0	0.0	3.0					
7500.99	27.86999999999989	trials	17.0	7524.22145	7526.11794	7526.930391	7527.199277	7523.390379	7526.393034	7527.75	7528.86	2.0	1.0	1.0	1.0					
7531.687	18.748000000000502	trials	17.0	7547.570838	7549.147317	7549.853471	7550.437775	7546.898759	7549.301127			3.0	2.0	0.0	3.0					
7553.185	14.196999999999207	trials	17.0	7564.61129	7566.247487	7566.961659	7567.379214	7563.6806129999995	7566.513086			2.0	1.0	0.0	3.0					
7570.31	16.085000000000036	trials	17.0	7582.2527279999995	7583.923495999999	7584.667293	7584.943042999999	7581.490545	7584.16532	7585.42	7586.395	2.0	1.0	1.0	1.0					
7589.541	1985.6889999999994	BlockDesign														1.0	397.0	507.0	10.0	50.0
7589.541	5.998999999999796	trials	18.0	7592.418186	7594.242507	7595.047737	7595.546324999999	7591.649606	7594.450061			1.0	2.0	0.0	3.0					
7598.455	13.885000000000218	trials	18.0	7608.26624	7610.210562	7611.27185	7612.345595	7607.466813	7610.738513			1.0	2.0	0.0	3.0					
7615.615	11.625	trials	18.0	7623.721976	7625.718347	7626.721487	7627.244922	7623.001907	7626.170496			1.0	1.0	0.0	3.0					
7630.055	18.92999999999938	trials	18.0	7645.111532999999	7646.965695	7647.856046999999	7648.0132699999995	7644.2750209999995	7647.326727			1.0	2.0	1.0	1.0					
7653.47	24.823999999999614	trials	18.0	7673.051817	7674.783315	7676.156186	7676.510106	7672.432694	7675.138896	7676.831	7678.294	1.0	2.0	1.0	1.0					
7682.286	11.493999999999687	trials	18.0	7689.737032999999	7690.919792	7691.835998	7692.062951	7689.175851	7691.221989	7692.53	7693.78	1.0	2.0	1.0	1.0					
7697.87	4.904999999999745	trials	18.0	7699.386623	7701.132661	7701.917313	7702.777752	7698.665126	7701.324438			1.0	2.0	0.0	3.0					
7706.306	9.105000000000473	trials	18.0	7712.422145	7714.141998	7715.021425999999	7715.220447	7711.768381	7714.383689			1.0	1.0	0.0	3.0					
7717.455	13.916000000000167	trials	18.0	7728.128377999999	7729.419426	7730.293559	7730.475657	7727.160642	7729.686675			1.0	2.0	1.0	1.0					
7734.835	10.215000000000146	trials	18.0	7740.51224	7742.369256	7743.134196	7743.422499	7739.572652	7742.569475	7744.036	7745.05	1.0	2.0	1.0	1.0					
7749.076	9.059000000000196	trials	18.0	7755.1866	7756.594032	7757.651	7758.137241	7754.334346	7757.089634			1.0	2.0	0.0	3.0					
7761.99	13.49499999999989	trials	18.0	7772.217329	7773.855842	7774.888229	7775.489178	7771.6816309999995	7774.27019			1.0	2.0	0.0	3.0					
7779.225	21.029999999999745	trials	18.0	7797.597029	7798.796268	7799.779054	7800.25898	7796.798405	7799.221616			1.0	2.0	0.0	3.0					
7804.161	15.152000000000044	trials	18.0	7815.911591	7817.975066999999	7818.875664	7819.310932	7815.2575529999995	7818.350609			1.0	1.0	0.0	3.0					
7821.25	22.550000000000182	trials	18.0	7840.816751	7842.079865	7843.089921	7843.802815999999	7840.000598	7842.507297			1.0	2.0	0.0	3.0					
7846.425	14.38000000000011	trials	18.0	7857.397452	7858.504652	7860.050349	7860.80724	7856.763552	7859.466151			1.0	1.0	0.0	3.0					
7862.425	15.74499999999989	trials	18.0	7873.977021	7875.679517	7876.533458	7876.735071	7873.391382	7875.982581	7877.124	7878.17	1.0	2.0	1.0	1.0					
7880.249	6.1909999999998035	trials	18.0	7883.467887	7884.733689	7885.9456549999995	7886.446128	7882.836832999999	7885.348796			1.0	2.0	0.0	3.0					
7890.322	11.247999999999593	trials	18.0	7898.661653	7900.278758	7901.097399	7901.574896	7897.93416	7900.551191			1.0	1.0	0.0	3.0					
7903.484	14.40099999999984	trials	18.0	7915.062365	7916.75603	7917.58262	7917.850611	7914.353681	7917.038735			1.0	1.0	0.0	3.0					
7919.895	12.954999999999927	trials	18.0	7929.793605	7931.187852	7932.332865	7932.855884	7928.79234	7931.446632			1.0	2.0	0.0	3.0					
7936.776	13.248999999999796	trials	18.0	7946.942439	7948.390464	7949.505988999999	7950.028394	7946.414811	7948.93923			1.0	1.0	0.0	3.0					
7952.921	17.208999999999833	trials	18.0	7965.794126	7967.543516	7968.388287	7968.609292	7965.20061	7967.862365999999	7969.17	7970.13	1.0	2.0	1.0	1.0					
7974.215	6.309999999999491	trials	18.0	7976.442368	7977.845950999999	7978.728492	7978.913173999999	7975.754886	7978.158143	7979.39	7980.525	1.0	2.0	1.0	1.0					
7983.545	7.4650000000001455	trials	18.0	7986.747152	7988.129583	7989.131147	7989.317101	7985.754278	7988.54984	7989.85	7991.01	1.0	2.0	1.0	1.0					
7993.095	8.43499999999949	trials	18.0	7996.937711	7998.929574	7999.680633	7999.893561	7996.346087	7999.141149	8000.347	8001.53	1.0	2.0	1.0	1.0					
8003.585	7.515000000000327	trials	18.0	8006.46806	8008.314584	8009.193098	8009.395644	8005.897892999999	8008.57043	8009.985	8011.1	1.0	2.0	1.0	1.0					
8014.121	7.039999999999964	trials	18.0	8018.037197	8019.655655	8020.54151	8021.163920999999	8017.298396	8020.004374			1.0	2.0	0.0	3.0					
8023.885	22.51000000000022	trials	18.0	8042.048073	8043.714717	8044.518639	8044.687179	8041.43379	8043.979619	8045.24	8046.395	1.0	2.0	1.0	1.0					
8049.33	5.837000000000444	trials	18.0	8052.602986	8053.836553	8054.693396	8055.151097	8052.064574	8054.100906			1.0	2.0	0.0	3.0					
8059.161	10.57300000000032	trials	18.0	8067.112768999999	8068.204955	8069.291376	8069.687238	8066.319074999999	8068.673846			1.0	1.0	0.0	3.0					
8071.741	16.335000000000036	trials	18.0	8083.8119449999995	8085.434678	8086.422525	8086.648574	8083.093851	8085.811973	8087.25	8088.076	1.0	1.0	1.0	1.0					
8090.162	7.112999999999374	trials	18.0	8094.142927	8096.130399	8096.867339	8097.278462	8093.267946	8096.336622			1.0	1.0	0.0	3.0					
8099.314	14.61200000000008	trials	18.0	8110.673306	8112.448772	8113.1726579999995	8113.930697	8109.731148	8112.647597			1.0	1.0	0.0	3.0					
8116.55	14.199999999999818	trials	18.0	8127.463745	8129.475605	8130.428675	8130.625892	8126.718704	8129.843975			1.0	2.0	0.0	3.0					
8133.805	12.320999999999913	trials	18.0	8141.573015	8143.359854	8144.216511	8144.508414	8141.037618	8143.687545	8144.885	8146.126	1.0	2.0	1.0	1.0					
8148.145	6.280999999999949	trials	18.0	8151.282978	8152.852553	8153.861753	8154.432752	8150.632826	8153.107062			1.0	2.0	0.0	3.0					
8156.175	16.829999999999927	trials	18.0	8170.143449	8171.78801	8172.583007	8173.010958	8169.523757999999	8172.028103			1.0	1.0	0.0	3.0					
8175.911	17.318999999999505	trials	18.0	8189.428445	8190.514607	8191.3939310000005	8191.584024	8188.7652180000005	8190.832981	8192.076	8193.23	1.0	2.0	1.0	1.0					
8195.319	8.246000000001004	trials	18.0	8199.058422	8200.629171	8201.432659	8201.660598	8198.314901	8200.850578	8202.145	8203.565	1.0	1.0	1.0	1.0					
8207.711	4.6599999999998545	trials	18.0	8209.562657999999	8211.055278	8211.984629	8212.323491	8207.91495	8211.41739			1.0	1.0	0.0	3.0					
8216.406	10.03899999999885	trials	18.0	8223.268623	8224.60938	8225.700252	8226.450957000001	8222.307937	8225.043381			1.0	2.0	0.0	3.0					
8230.124	19.01599999999962	trials	18.0	8246.257517	8247.704903	8248.569545999999	8249.146775	8245.474782	8248.012104			1.0	1.0	0.0	3.0					
8250.94	23.534999999999854	trials	18.0	8270.242986	8271.954918	8272.826288	8272.988972	8269.290185	8272.235678000001	8273.515	8274.475	1.0	2.0	1.0	1.0					
8278.505	25.625	trials	18.0	8300.714684	8302.07072			8299.839392	8302.058775			1.0		0.0	2.0					
8308.171	11.479999999999563	trials	18.0	8317.028634	8318.115152999999	8319.207078	8319.615182	8316.033878	8318.649216			1.0	1.0	0.0	3.0					
8322.585	12.350000000000364	trials	18.0	8332.304085	8333.417568	8334.356508	8334.941033	8331.750449	8333.747804			1.0	2.0	0.0	3.0					
8338.726	15.179000000000087	trials	18.0	8351.118654	8352.382805	8353.274172	8353.910885	8350.194026	8352.702796			1.0	1.0	0.0	3.0					
8356.595	19.68500000000131	trials	18.0	8372.038254	8373.492678	8374.349236	8374.538078	8371.219406	8373.776145	8375.17	8376.28	1.0	2.0	1.0	1.0					
8379.121	7.217000000000553	trials	18.0	8382.630579	8384.635803	8385.881265	8386.310762000001	8381.645202	8384.861558			1.0	2.0	0.0	3.0					
8389.265	30.06500000000051	trials	18.0	8416.519379	8417.601795	8418.734801	8419.335524	8415.596262	8418.195208000001			1.0	2.0	0.0	3.0					
8421.171	12.048999999999069	trials	18.0	8430.349031	8431.882462	8432.769629999999	8433.226967	8429.743988	8432.113877			1.0	1.0	0.0	3.0					
8435.101	21.118999999998778	trials	18.0	8451.874139	8453.73311	8454.477816	8454.599759	8451.216119	8453.926917	8455.095	8456.22	1.0	2.0	1.0	1.0					
8458.3	7.5	trials	18.0	8461.559226	8463.154373	8463.9561	8464.238110999999	8460.852929	8463.330863	8464.645	8465.8	1.0	2.0	1.0	1.0					
8468.925	18.454999999999927	trials	18.0	8484.194123	8486.181391	8487.016153	8487.38748	8483.266773	8486.383174			1.0	2.0	0.0	3.0					
8489.4	16.470000000001164	trials	18.0	8503.389615	8504.639372	8505.458779	8505.80881	8502.608055	8504.907012			1.0	1.0	0.0	3.0					
8508.871	13.144000000000233	trials	18.0	8517.73935	8519.109722	8519.860343	8520.023715	8516.876454	8519.29337	8520.58	8522.015	1.0	2.0	1.0	1.0					
8526.036	7.0	trials	18.0	8528.475309	8530.522578	8531.261832	8531.441773	8527.851593	8530.631549	8531.951	8533.036	1.0	2.0	1.0	1.0					
8535.062	6.587999999999738	trials	18.0	8538.884706	8538.896484	8541.357261	8541.657471	8537.902125	8538.890014			1.0		0.0	2.0					
8544.911	44.17900000000009	trials	18.0	8584.394651	8586.205914	8587.302101	8587.471238	8583.797051	8586.503732	8587.975	8589.09	1.0	2.0	1.0	1.0					
8592.156	8.118999999998778	trials	18.0	8596.920861	8598.256095	8599.139175	8599.328411999999	8596.187199	8598.563433			1.0	2.0	0.0	3.0					
8601.499	13.105999999999767	trials	18.0	8611.545924	8612.916429	8614.151714	8614.612255	8610.794030000001	8613.473191000001			1.0	1.0	0.0	3.0					
8617.565	19.49499999999898	trials	18.0	8632.810066	8634.085514999999	8634.952569000001	8635.163406	8632.284734	8634.379570000001	8635.685	8637.06	1.0	2.0	1.0	1.0					
8639.121	12.494000000000597	trials	18.0	8646.749338	8648.707801	8649.615732	8649.81747	8646.125721	8649.047256	8650.31	8651.615	1.0	2.0	1.0	1.0					
8654.69	5.699999999998909	trials	18.0	8657.131269	8658.983757	8659.914682	8660.397297	8656.594893	8659.266381			1.0	2.0	0.0	3.0					
8662.3	17.746000000001004	trials	18.0	8677.336463	8678.488901	8679.608466	8680.012919	8676.436727	8679.021569			1.0	1.0	0.0	3.0					
8684.05	16.730000000001382	trials	18.0	8697.685202	8699.140284000001	8700.261102	8700.785841	8696.911508	8699.692391			1.0	1.0	0.0	3.0					
8703.655	23.375	trials	18.0	8723.409563	8724.631137	8725.384316	8725.549439999999	8722.730118	8724.847839	8726.055	8727.03	1.0	1.0	1.0	1.0					
8731.05	5.635000000000218	trials	18.0	8733.395099	8735.36263	8736.298268999999	8736.690062	8732.399367	8735.676605			1.0	2.0	0.0	3.0					
8738.615	15.377000000000407	trials	18.0	8751.180381	8752.773663	8753.528997	8753.998554	8750.495073	8752.947966			1.0	1.0	0.0	3.0					
8757.955	22.523999999999432	trials	18.0	8776.800069	8778.362324			8776.257464	8778.354143			1.0		0.0	2.0					
8782.55	41.81500000000051	trials	18.0	8821.385466	8823.251973	8823.94572	8824.370742	8820.471654	8823.314235			1.0	1.0	0.0	3.0					
8828.3	19.900000000001455	trials	18.0	8844.435354	8846.319035	8847.082448	8847.323084	8843.741949	8846.556873			1.0	2.0	1.0	1.0					
8851.735	24.7549999999992	trials	18.0	8872.190329000001	8873.923805999999	8874.678304000001	8874.924926	8871.604557999999	8874.111324	8875.29	8876.49	1.0	2.0	1.0	1.0					
8880.578	15.458000000000538	trials	18.0	8892.57045	8894.027745			8891.950308	8894.020863			1.0		0.0	2.0					
8898.045	20.28099999999904	trials	18.0	8914.470916999999	8916.372086	8917.27703	8917.427679	8913.846336	8916.681313000001			1.0	1.0	0.0	3.0					
8920.645	19.465000000000146	trials	18.0	8935.841468	8937.478853	8938.259129	8938.486973	8935.179114	8937.725513	8938.96	8940.11	1.0	2.0	1.0	1.0					
8943.201	7.424000000000888	trials	18.0	8948.046972	8949.298577	8950.047442	8950.635268	8947.250321	8949.518681			1.0	2.0	0.0	3.0					
8952.465	16.215000000000146	trials	18.0	8966.182479	8967.572546	8968.262412	8968.690427	8965.301175	8967.76353			1.0	1.0	0.0	3.0					
8970.64	24.909999999999854	trials	18.0	8990.995517	8993.061441	8993.782371	8993.987723	8990.041823	8993.265245999999	8994.42	8995.55	1.0	2.0	1.0	1.0					
8997.63	10.04200000000128	trials	18.0	9004.491017	9006.277512	9007.232445	9007.628774	9003.782866	9006.634976			1.0	2.0	0.0	3.0					
9011.605	31.145000000000437	trials	18.0	9038.540724	9040.372523	9041.023331	9041.201052	9037.80165	9040.51231	9041.75	9042.75	1.0	2.0	1.0	1.0					
9045.836	8.159999999999854	trials	18.0	9049.781072	9051.581237999999	9052.264743	9052.462182	9048.837758	9051.702803	9052.911	9053.996	1.0	2.0	1.0	1.0					
9057.02	28.93999999999869	trials	18.0	9083.281271	9084.588899999999	9085.342884	9085.968722	9082.592711	9084.818717			1.0	2.0	0.0	3.0					
9088.72	12.176000000001295	trials	18.0	9097.856027	9099.739904	9100.503359999999	9100.862387	9097.240399999999	9099.997371			1.0	2.0	0.0	3.0					
9103.827	17.302999999999884	trials	18.0	9117.0314	9118.685588	9119.486681	9119.650873	9116.205503	9118.875723	9120.095	9121.13	1.0	2.0	1.0	1.0					
9125.205	7.479999999999563	trials	18.0	9129.661141	9131.513262	9132.320141	9132.637046	9128.818288999999	9131.761809			1.0	2.0	0.0	3.0					
9134.763	34.30699999999888	trials	18.0	9164.70648	9166.167705	9167.063621	9167.268509	9164.058358999999	9166.462092	9167.77	9169.07	1.0	1.0	1.0	1.0					
9173.115	11.80999999999949	trials	18.0	9181.581456	9183.567308	9184.292226	9184.935196999999	9180.815469	9183.768833			1.0	1.0	0.0	3.0					
9188.736	14.718999999999141	trials	18.0	9200.534191	9202.043219	9203.095636	9203.457946999999	9200.012356	9202.526483			1.0	2.0	0.0	3.0					
9206.42	13.906999999999243	trials	18.0	9217.239539	9219.223523	9219.98	9220.319315	9216.406565	9219.429205			1.0	1.0	0.0	3.0					
9224.359	14.475999999998749	trials	18.0	9234.279682	9236.238061	9236.931487	9237.115031	9233.66615	9236.419991	9237.615	9238.835	1.0	2.0	1.0	1.0					
9240.914	7.065999999998894	trials	18.0	9244.074975	9245.227228	9246.161293	9246.437039	9243.456803	9245.482582999999	9246.826	9247.98	1.0	2.0	1.0	1.0					
9251.998	6.631999999999607	trials	18.0	9255.505453	9257.326423999999	9258.167096	9258.63441	9254.787148	9257.592349999999			1.0	2.0	0.0	3.0					
9261.49	19.049000000000888	trials	18.0	9277.555058	9279.317228	9280.090554999999	9280.513123	9276.70479	9279.538731999999			1.0	1.0	0.0	3.0					
9283.47	16.55500000000029	trials	18.0	9296.77003	9298.422695	9299.168528	9300.025262	9295.998398	9298.609697			1.0	2.0	0.0	3.0					
9301.489	33.73099999999977	trials	18.0	9330.666925	9332.613878	9333.366334	9333.541288999999	9329.82287	9332.815228	9334.165	9335.22	1.0	2.0	1.0	1.0					
9339.3	8.438000000000102	trials	18.0	9344.434981999999	9346.521896	9347.272173	9347.735936	9343.5363	9346.705541			1.0	2.0	0.0	3.0					
9349.645	25.72899999999936	trials	18.0	9372.952346	9374.095232	9374.955386	9375.377644	9371.985919	9374.360541			1.0	1.0	0.0	3.0					
9378.38	17.975000000000364	trials	18.0	9393.745096	9395.122102	9395.979191999999	9396.359119	9393.197596	9395.378311999999			1.0	2.0	0.0	3.0					
9400.369	15.800999999999476	trials	18.0	9413.68539	9415.012405	9415.712101	9416.171939	9412.795129	9415.202696			1.0	1.0	0.0	3.0					
9418.1	14.135000000000218	trials	18.0	9428.700142	9429.939133	9430.483447	9430.719292	9428.078109	9429.918973	9431.32	9432.235	1.0	2.0	1.0	1.0					
9434.345	14.739999999999782	trials	18.0	9444.885542	9446.06111	9446.854331	9447.134345	9444.275654	9446.312664	9447.535	9449.085	1.0	2.0	1.0	1.0					
9450.836	7.256000000001222	trials	18.0	9455.171864	9456.817144	9457.694269	9458.096328	9454.499292	9457.079577			1.0	2.0	0.0	3.0					
9462.087	12.798000000000684	trials	18.0	9471.670855	9473.74016	9474.493997	9474.885435	9470.974876	9473.948063			1.0	1.0	0.0	3.0					
9477.929	19.15099999999984	trials	18.0	9492.760823	9494.516569	9495.345106	9495.58928	9492.230945	9494.815042	9496.05	9497.08	1.0	2.0	1.0	1.0					
9499.161	10.429000000000087	trials	18.0	9505.43575	9506.923883	9507.69617	9507.865366	9504.622478	9507.062275	9508.465	9509.59	1.0	2.0	1.0	1.0					
9512.645	7.029999999998836	trials	18.0	9515.285714	9516.878951	9517.771454	9517.986187999999	9514.770224	9517.163476	9518.701	9519.675	1.0	2.0	1.0	1.0					
9523.695	7.6710000000002765	trials	18.0	9528.593357	9530.075917	9530.911342	9531.308416	9528.020167	9530.282765			1.0	2.0	0.0	3.0					
9533.365	19.671000000000276	trials	18.0	9550.176221	9551.988014	9552.722153	9553.041077	9549.231401	9552.183541			1.0	2.0	0.0	3.0					
9557.115	18.11499999999978	trials	18.0	9573.180973999999	9574.372052	9575.145194	9575.633174	9572.300944999999	9574.599968			1.0	2.0	0.0	3.0					
9579.48	364.97999999999956	BlockDesign														1.0	508.0	531.0	90.0	50.0
9579.48	19.149999999999636	trials	19.0	9593.820986	9595.822582	9596.799124	9597.022732	9592.966559	9595.797263999999	9597.565	9598.63	1.0	2.0	1.0	1.0					
9602.703	6.256999999999607	trials	19.0	9605.861135	9607.472764	9608.505143999999	9608.963556	9605.101174	9607.587255999999			1.0	2.0	0.0	3.0					
9612.826	23.819000000001324	trials	19.0	9633.321313999999	9634.943052999999	9635.708201	9636.650075	9632.45593	9635.151995			1.0	2.0	0.0	3.0					
9639.115	13.860000000000582	trials	19.0	9648.556607999999	9650.118989	9650.83196	9651.040122999999	9647.921839999999	9650.300753	9651.405	9652.975	1.0	2.0	1.0	1.0					
9656.991	10.838999999999942	trials	19.0	9665.336494	9666.400757	9667.356749999999	9667.832656999999	9664.7851	9666.66566			1.0	2.0	0.0	3.0					
9669.756	17.559000000001106	trials	19.0	9684.311461	9685.951586	9686.887658	9687.318373	9683.519699	9686.302768			1.0	2.0	0.0	3.0					
9689.234	24.325999999999112	trials	19.0	9709.736380999999	9710.916793	9711.708971	9711.932863	9708.825469	9711.133961	9712.475	9713.56	1.0	1.0	1.0	1.0					
9715.582	9.718999999999141	trials	19.0	9722.811056	9723.924004	9724.685891	9725.301997999999	9721.909592	9724.117037			1.0	1.0	0.0	3.0					
9727.08	18.270000000000437	trials	19.0	9740.961629	9742.315577	9743.346359	9743.711578999999	9740.442315	9742.746729999999	9744.045	9745.35	1.0	1.0	1.0	1.0					
9749.455	5.706000000000131	trials	19.0	9752.436377	9753.729497	9754.737063	9755.161952999999	9751.854667	9753.985585999999			1.0	2.0	0.0	3.0					
9759.076	16.954000000001543	trials	19.0	9771.631772	9773.554481	9774.277865	9774.638474	9770.995283	9773.709961999999	9775.01	9776.03	1.0	1.0	1.0	1.0					
9778.115	9.046000000000276	trials	19.0	9783.011999	9784.620010999999	9785.426726	9785.572361	9782.332108999999	9784.873689	9786.02	9787.161	1.0	1.0	1.0	1.0					
9791.249	5.980999999999767	trials	19.0	9793.083047	9794.233141	9795.023326999999	9795.134672	9791.814065999999	9794.49304	9795.765	9797.23	1.0	1.0	1.0	1.0					
9800.308	7.26799999999821	trials	19.0	9803.446178	9805.128956	9805.923728	9806.112862	9802.623701	9805.332409999999	9806.57	9807.576	1.0	1.0	1.0	1.0					
9809.595	9.635000000000218	trials	19.0	9814.516362999999	9816.434562	9817.405687999999	9817.564154	9813.643882	9816.857739	9818.095	9819.23	1.0	1.0	1.0	1.0					
9823.324	6.831000000000131	trials	19.0	9825.757418	9827.506170999999	9828.303887	9828.603758	9824.842375	9827.688404	9829.036	9830.155	1.0	1.0	1.0	1.0					
9832.246	7.790000000000873	trials	19.0	9836.043421	9837.535385	9838.235811	9838.445414	9835.207484	9837.728944999999	9839.015	9840.036	1.0	1.0	1.0	1.0					
9842.175	7.770000000000437	trials	19.0	9846.23633	9847.463846	9848.311301	9848.457112	9845.250482	9847.710503	9849.0	9849.945	1.0	1.0	1.0	1.0					
9851.965	9.139999999999418	trials	19.0	9856.396841	9858.178235	9859.276059	9859.450397	9855.852072	9858.726553	9859.94	9861.105	1.0	1.0	1.0	1.0					
9864.195	32.67000000000007	trials	19.0	9893.667995	9895.32818	9896.167441	9896.870166	9893.08171	9895.557585			1.0	2.0	0.0	3.0					
9899.536	12.09900000000016	trials	19.0	9907.121438	9909.073412	9909.905096	9910.135651	9906.495579	9909.326114	9910.64	9911.635	1.0	1.0	1.0	1.0					
9914.656	8.618999999998778	trials	19.0	9919.176802	9920.821738999999	9921.51794	9921.70829	9918.191936	9921.018266	9922.195	9923.275	1.0	1.0	1.0	1.0					
9925.315	8.024999999999636	trials	19.0	9928.781593	9930.355241	9931.205366	9931.382393	9927.905689	9930.685098	9931.855	9933.34	1.0	1.0	1.0	1.0					
9937.215	7.244999999998981	trials	19.0	9940.043037	9942.014348	9942.724423	9942.885938	9939.040187	9942.217714	9943.36	9944.46	1.0	1.0	1.0	1.0					
9947.569	121.72900000000118	BlockDesign														1.0	532.0	536.0	0.0	0.0
9947.569	5.261000000000422	trials	20.0	9949.933246	9951.385234	9952.355003	9952.835194	9948.963187	9951.833201			1.0	1.0	0.0	3.0					
9956.756	11.179000000000087	trials	20.0	9964.771634	9966.618599	9967.484579	9967.941048	9964.254823	9966.866695			1.0	2.0	0.0	3.0					
9970.885	15.329999999999927	trials	20.0	9983.172196	9984.987928999999	9985.77678	9985.96828	9982.542206	9985.218626			1.0	1.0	0.0	3.0					
9989.19	64.72099999999955	trials	20.0	10051.253729	10052.898754	10053.520099	10053.848414	10050.319183	10053.050381			1.0	1.0	0.0	3.0					
10056.955	12.343000000000757	trials	20.0	10066.432292	10068.413461	10069.200902	10069.677263	10065.451019	10068.632518			1.0	2.0	0.0	3.0					
10073.63	642.2900000000009	BlockDesign														1.0	537.0	570.0	50.0	10.0
10073.63	18.275000000001455	trials	21.0	10089.076618	10090.299336	10091.124041	10091.909425	10088.210582	10090.506460999999			1.0	2.0	0.0	3.0					
10094.52	23.86999999999898	trials	21.0	10114.317258	10115.564192	10116.53592	10116.767469999999	10113.444676	10115.889196	10117.326	10118.39	1.0	1.0	1.0	1.0					
10122.476	7.0789999999997235	trials	21.0	10127.002969	10128.3494	10129.036554	10129.557818	10126.00049	10128.537359			1.0	1.0	0.0	3.0					
10133.365	20.98999999999978	trials	21.0	10151.827057	10153.106219	10153.850956	10154.358144	10150.970755999999	10153.239214			1.0	2.0	0.0	3.0					
10157.218	27.61199999999917	trials	21.0	10180.333833	10182.203927	10182.895079	10183.079222	10179.441751	10182.347252	10183.61	10184.83	1.0	1.0	1.0	1.0					
10187.671	10.458999999998923	trials	21.0	10193.956021	10195.473683	10196.229311	10196.429219	10193.40769	10195.704499	10196.911	10198.13	1.0	1.0	1.0	1.0					
10200.1	45.95999999999913	trials	21.0	10243.062394999999	10244.869208	10245.609358	10246.061327	10242.164654	10245.071809			1.0	1.0	0.0	3.0					
10248.058	11.666999999999462	trials	21.0	10255.467824	10257.371359	10258.043899	10258.240697	10254.852708999999	10257.491356999999	10258.74	10259.725	1.0	1.0	1.0	1.0					
10263.808	8.316999999999098	trials	21.0	10267.598003	10269.456853	10270.34822	10270.586699	10266.639281	10269.871094	10271.085	10272.125	1.0	1.0	1.0	1.0					
10276.14	13.319999999999709	trials	21.0	10285.367425	10286.78901	10287.564824	10287.735284	10284.679205	10287.024406	10288.185	10289.46	1.0	1.0	1.0	1.0					
10292.48	7.315000000000509	trials	21.0	10295.608013	10297.199153	10297.892071	10298.103029	10294.929238	10297.328296	10298.499	10299.795	1.0	1.0	1.0	1.0					
10301.865	9.395000000000437	trials	21.0	10307.067704	10308.71014	10309.448624999999	10309.644317	10306.420277	10308.957054	10310.076	10311.26	1.0	1.0	1.0	1.0					
10314.33	6.395000000000437	trials	21.0	10317.477751999999	10318.715385			10316.830237	10318.700266			1.0		0.0	2.0					
10322.74	14.610000000000582	trials	21.0	10333.732508	10335.654254	10336.635739	10336.863508999999	10332.90181	10336.071197			1.0	2.0	0.0	3.0					
10340.986	20.933999999999287	trials	21.0	10358.902474	10360.249366	10361.227363	10361.923526	10358.272244	10360.604581			1.0	2.0	0.0	3.0					
10363.626	13.218999999999141	trials	21.0	10373.933117	10375.656445999999	10376.378467	10376.849573	10373.203199	10375.826351			1.0	1.0	0.0	3.0					
10379.83	14.331000000000131	trials	21.0	10391.322498	10393.071295	10393.835747	10394.07961	10390.804787	10393.332526			1.0	1.0	0.0	3.0					
10397.175	20.44000000000051	trials	21.0	10415.004308	10416.509729	10417.290547999999	10417.57679	10414.152728	10416.696361999999			1.0	2.0	0.0	3.0					
10421.675	15.236000000000786	trials	21.0	10433.747868999999	10435.336136	10436.165867	10436.917327	10432.800283999999	10435.552975			1.0	2.0	0.0	3.0					
10438.595	29.80500000000029	trials	21.0	10464.334637	10465.68175	10466.62196	10466.873357	10463.66317	10466.028028	10467.415	10468.4	1.0	1.0	1.0	1.0					
10472.52	6.020000000000437	trials	21.0	10476.268366	10477.404236	10478.161318	10478.470525	10475.448742	10477.643906			1.0	1.0	0.0	3.0					
10481.611	24.888999999999214	trials	21.0	10502.205091	10503.819889999999	10504.644253	10504.890839	10501.617495999999	10504.08088	10505.415	10506.5	1.0	1.0	1.0	1.0					
10508.531	9.042999999999665	trials	21.0	10514.437993	10516.305334	10517.163077	10517.537635	10513.629343	10516.65076			1.0	1.0	0.0	3.0					
10519.562	13.72400000000016	trials	21.0	10530.893366	10532.14658	10532.892979	10533.259727	10530.242103999999	10532.368567			1.0	1.0	0.0	3.0					
10536.215	13.75	trials	21.0	10547.295064	10548.502412	10549.390166	10549.971957	10546.344704	10548.744689			1.0	2.0	0.0	3.0					
10551.8	20.736000000000786	trials	21.0	10567.828103	10569.586936	10570.357931	10570.624823	10566.903862	10569.802827	10571.06	10572.536	1.0	1.0	1.0	1.0					
10574.58	9.120999999999185	trials	21.0	10580.710203999999	10582.603802	10583.283442	10583.708792	10580.143223	10582.769914			1.0	1.0	0.0	3.0					
10586.667	15.89100000000144	trials	21.0	10600.098365	10601.361719	10602.164832999999	10602.562928	10599.135821	10601.652059			1.0	1.0	0.0	3.0					
10605.49	16.704999999999927	trials	21.0	10618.40821	10619.685211	10620.553981	10620.724472	10617.426446	10619.975314	10621.225	10622.195	1.0	1.0	1.0	1.0					
10625.22	8.3700000000008	trials	21.0	10629.02846	10630.324209999999	10631.090941	10631.327377	10628.205473	10630.575743	10631.8	10633.59	1.0	1.0	1.0	1.0					
10636.66	6.010000000000218	trials	21.0	10639.733623	10641.243971	10642.108358	10642.674394	10638.749179	10641.537833999999			1.0	1.0	0.0	3.0					
10644.455	29.420000000000073	trials	21.0	10671.01366	10672.636057	10673.373454	10673.879611	10670.192374	10672.880036			1.0	1.0	0.0	3.0					
10675.75	19.93000000000029	trials	21.0	10692.633989	10694.285014	10695.100582	10695.687544	10691.821688	10694.556204			1.0	1.0	0.0	3.0					
10697.49	18.43000000000029	trials	21.0	10711.438727	10713.159044	10714.030111	10714.212064	10710.556435999999	10713.39529	10714.735	10715.92	1.0	1.0	1.0	1.0					
10718.015	480.52500000000146	BlockDesign														1.0	571.0	600.0	50.0	90.0
10718.015	9.2450000000008	trials	22.0	10724.549009	10725.825208	10726.853585	10727.240399	10723.905510999999	10726.182322999999			1.0	1.0	0.0	3.0					
10731.185	16.6200000000008	trials	22.0	10744.924313	10746.180862	10747.260706	10747.810145	10744.298999	10746.690739			1.0	1.0	0.0	3.0					
10749.65	25.645000000000437	trials	22.0	10771.255519999999	10772.51759	10773.469582	10773.690439	10770.433638	10772.947516	10774.176	10775.295	1.0	1.0	1.0	1.0					
10778.365	7.360000000000582	trials	22.0	10781.259449	10782.599477	10783.369786	10783.650309999999	10780.595014	10782.843526999999	10784.025	10785.725	1.0	1.0	1.0	1.0					
10789.706	5.704999999999927	trials	22.0	10791.443657	10792.835551	10793.527012999999	10793.632744999999	10790.700098	10793.003746999999	10794.135	10795.411	1.0	1.0	1.0	1.0					
10797.495	10.779999999998836	trials	22.0	10803.684209	10805.483259999999	10806.242933	10806.619751	10802.692889	10805.654761	10806.89	10808.275	1.0	1.0	1.0	1.0					
10811.361	9.043999999999869	trials	22.0	10816.594528	10817.915297	10818.68405	10818.841024	10815.649052	10818.168662	10819.28	10820.405	1.0	1.0	1.0	1.0					
10823.475	4.711999999999534	trials	22.0	10825.489751	10827.016218	10827.783279	10828.194167	10824.862906	10827.262209			1.0	1.0	0.0	3.0					
10831.176	18.743000000000393	trials	22.0	10846.92043	10848.675296	10849.460026	10849.919509	10846.094067	10848.9823			1.0	1.0	0.0	3.0					
10851.85	15.635000000000218	trials	22.0	10863.420661	10864.746052999999	10865.819659	10865.96026	10862.423526999999	10864.739593999999			1.0		0.0	2.0					
10870.755	75.70000000000073	trials	22.0	10943.211032	10944.456071	10945.608539	10945.761401	10942.267174	10944.443947			1.0		0.0	2.0					
10950.499	10.480999999999767	trials	22.0	10957.069472	10958.301685999999	10959.081079	10959.284651	10956.495398	10958.540923999999	10959.865	10960.98	1.0	2.0	1.0	1.0					
10965.074	8.700999999999112	trials	22.0	10969.849885	10971.062975	10971.852298	10972.041734	10969.307707	10971.264517	10972.49	10973.775	1.0	2.0	1.0	1.0					
10975.83	12.104999999999563	trials	22.0	10983.130738	10985.188710999999	10986.101834	10986.355243	10982.520629999999	10985.464315	10986.77	10987.935	1.0	2.0	1.0	1.0					
10991.005	10.4950000000008	trials	22.0	10997.546105	10998.765832	10999.537334	10999.70768	10996.757894	10998.971612	11000.155	11001.5	1.0	2.0	1.0	1.0					
11004.521	8.573999999998705	trials	22.0	11009.086211	11010.585804999999	11011.366528999999	11011.567277	11008.247556999999	11010.813619	11012.11	11013.095	1.0	1.0	1.0	1.0					
11017.115	6.5460000000002765	trials	22.0	11019.144919999999	11021.105432	11021.885350999999	11022.051111	11018.160566	11021.300975	11022.46	11023.661	1.0	1.0	1.0	1.0					
11027.705	5.795000000000073	trials	22.0	11029.694545	11030.841077	11031.579545	11031.755978	11027.966338	11031.013937	11032.255	11033.5	1.0	2.0	1.0	1.0					
11036.586	7.748999999999796	trials	22.0	11039.694875	11041.582419999999	11042.379832999999	11042.598835	11038.724972	11041.820944	11042.978	11044.335	1.0	2.0	1.0	1.0					
11048.355	7.364999999999782	trials	22.0	11051.304052	11053.073065	11053.781026	11053.978765	11050.535503	11053.236728	11054.46	11055.72	1.0	2.0	1.0	1.0					
11057.815	10.279999999998836	trials	22.0	11063.164534	11065.184417	11066.046903999999	11066.282114	11062.386669	11065.489214	11066.786	11068.095	1.0	2.0	1.0	1.0					
11072.171	7.60399999999936	trials	22.0	11076.770678	11078.306873	11079.188490999999	11079.783746	11075.884366999999	11078.607671			1.0	2.0	0.0	3.0					
11082.635	19.469999999999345	trials	22.0	11097.654712	11098.734944	11100.167056999999	11100.330946	11096.756174	11099.598136999999	11100.845	11102.105	1.0	2.0	1.0	1.0					
11104.205	8.385000000000218	trials	22.0	11108.454601	11109.579278	11110.566619	11110.762254	11107.547956999999	11110.011605	11111.19	11112.59	1.0	2.0	1.0	1.0					
11114.615	8.954999999999927	trials	22.0	11118.574852	11120.314228	11121.518462	11121.707086	11117.878273	11120.837479	11122.155	11123.57	1.0	2.0	1.0	1.0					
11125.656	8.119999999998981	trials	22.0	11130.211924	11132.213351	11133.099134	11133.400285	11129.599823	11132.444132			1.0	2.0	0.0	3.0					
11135.48	22.905000000000655	trials	22.0	11155.289940999999	11156.943565	11157.845186	11158.390318	11154.730024	11157.220135			1.0	1.0	0.0	3.0					
11160.286	13.949000000000524	trials	22.0	11169.515527	11171.291323	11172.208942	11172.433369999999	11168.878355	11171.614802	11172.985	11174.235	1.0	2.0	1.0	1.0					
11177.27	8.774999999999636	trials	22.0	11181.579853	11183.366585	11184.215038	11184.402752	11180.833268	11183.626685	11184.885	11186.045	1.0	2.0	1.0	1.0					
11190.095	8.445000000001528	trials	22.0	11194.225129	11195.91649	11196.785816	11196.971234	11193.626644	11196.134315	11197.585	11198.54	1.0	2.0	1.0	1.0					
11200.657	416.34799999999996	BlockDesign														1.0	601.0	622.0	50.0	0.0
11200.657	8.13300000000163	trials	23.0	11206.090804	11207.563423	11208.457516999999	11208.607886	11205.18709	11207.876102			2.0	2.0	0.0	3.0					
11211.812	11.673000000000684	trials	23.0	11220.445678	11222.17159	11222.961268	11223.491796999999	11219.569485	11222.393972			2.0	2.0	0.0	3.0					
11227.277	19.59399999999914	trials	23.0	11242.980372	11244.116410999999	11245.043597	11245.227156	11242.139295	11244.478148	11245.75	11246.871	2.0	1.0	1.0	1.0					
11248.887	8.712999999999738	trials	23.0	11253.990037	11256.298751	11257.120987999999	11257.608116	11253.294238	11256.462824			2.0	1.0	0.0	3.0					
11261.586	56.95000000000073	trials	23.0	11314.801565	11316.472831			11313.828773	11316.466241			2.0		0.0	2.0					
11320.565	14.404999999998836	trials	23.0	11332.350605	11333.673965	11334.472973	11334.975985	11331.681070999999	11333.940856			2.0	1.0	0.0	3.0					
11336.911	13.683999999999287	trials	23.0	11347.665469	11349.562771	11350.242157	11350.603513	11346.689102	11349.760328			2.0	1.0	0.0	3.0					
11353.615	21.340000000000146	trials	23.0	11371.757156	11373.764615	11374.559774	11374.965076	11371.145677	11373.983804			2.0	2.0	0.0	3.0					
11377.001	17.438000000000102	trials	23.0	11391.195548	11393.13407	11393.976772	11394.439421	11390.518447	11393.447692			2.0	1.0	0.0	3.0					
11398.441	20.6349999999984	trials	23.0	11414.870488	11416.537198	11417.298218	11417.522427	11414.240442999999	11416.7572	11417.97	11419.076	2.0	1.0	1.0	1.0					
11421.171	8.34900000000016	trials	23.0	11425.481092	11426.910993	11427.688972	11427.817061	11424.773828	11427.138035	11428.465	11429.52	2.0	1.0	1.0	1.0					
11432.611	6.299999999999272	trials	23.0	11435.995823	11437.785721	11438.545403	11438.830478	11435.254718	11437.980731			2.0	1.0	0.0	3.0					
11441.921	14.3799999999992	trials	23.0	11453.476426	11455.018168999999	11455.84744	11456.310303999999	11452.68134	11455.257959999999			2.0	1.0	0.0	3.0					
11458.3	19.960000000000946	trials	23.0	11473.915673	11475.433239	11476.280049	11476.440184	11473.032567999999	11475.750536	11476.855	11478.26	2.0	1.0	1.0	1.0					
11480.267	11.558999999999287	trials	23.0	11487.556421	11489.214367	11490.067372	11490.11285	11486.593538	11489.516706	11490.815	11491.826	2.0	1.0	1.0	1.0					
11495.84	4.934999999999491	trials	23.0	11497.875821	11499.602873	11500.303925	11500.782471	11496.97876	11499.768955			2.0	1.0	0.0	3.0					
11504.661	14.369000000000597	trials	23.0	11516.040649999999	11517.233256	11518.315168	11519.036377	11515.471403	11517.659915			2.0	1.0	0.0	3.0					
11521.765	32.405000000000655	trials	23.0	11551.876177	11552.938252	11553.786109	11554.164787	11550.871475	11553.197846			2.0	1.0	0.0	3.0					
11556.18	20.73999999999978	trials	23.0	11571.946227	11573.894403999999	11574.815668	11575.107172	11571.430668	11574.118656999999	11575.61	11576.92	2.0	1.0	1.0	1.0					
11578.956	7.574000000000524	trials	23.0	11583.371419	11584.464718			11582.550322	11584.462001			2.0		0.0	2.0					
11589.546	10.548999999999069	trials	23.0	11596.67324	11597.848565	11598.727304	11599.119614	11595.774269	11598.124381			2.0	2.0	0.0	3.0					
11601.062	15.942999999999302	trials	23.0	11612.901592999999	11614.090807	11615.093657	11615.258244999999	11612.249312	11614.469619	11615.775	11617.005	2.0	1.0	1.0	1.0					
11619.109	680.6009999999987	BlockDesign														1.0	623.0	648.0	0.0	50.0
11619.109	8.540999999999258	trials	24.0	11623.946634	11625.650033	11626.496093	11626.694748	11623.174541	11625.647106			3.0		0.0	2.0					
11629.702	43.4330000000009	trials	24.0	11669.026689999999	11670.671815	11671.230177	11671.448773	11668.228804999999	11670.68147	11630.36	11673.135	3.0	2.0	1.0	1.0					
11677.236	54.73399999999856	trials	24.0	11728.687741	11729.969989	11730.45075	11730.675974	11728.145928	11729.959241			3.0		0.0	2.0					
11734.976	14.644999999998618	trials	24.0	11745.272137	11746.367564	11747.6687	11747.818741	11744.31073	11747.162585	11748.305	11749.621	3.0	2.0	1.0	1.0					
11751.74	9.555000000000291	trials	24.0	11756.923278999999	11758.853512	11759.545396	11759.819921	11756.096521	11758.965626	11760.161	11761.295	3.0	2.0	1.0	1.0					
11763.39	30.67500000000109	trials	24.0	11790.52201	11792.06566	11792.565612999999	11792.955163999999	11789.580226	11792.059925			3.0		0.0	2.0					
11797.149	12.26600000000144	trials	24.0	11804.713554	11806.698941999999	11807.429312	11807.621793999999	11803.820221	11806.910177	11808.045	11809.415	3.0	2.0	1.0	1.0					
11813.435	19.43500000000131	trials	24.0	11830.637385	11831.816175	11832.465875	11832.871694	11829.636229	11831.947479			3.0	2.0	0.0	3.0					
11836.79	11.55999999999949	trials	24.0	11844.502147	11846.348276	11846.828483	11847.357185	11843.6398	11846.34212			3.0		0.0	2.0					
11850.39	13.739999999999782	trials	24.0	11860.121138	11861.667927	11862.453791	11862.591339999999	11859.568345	11861.955092	11863.025	11864.13	3.0	2.0	1.0	1.0					
11867.215	9.55999999999949	trials	24.0	11873.492978	11875.013887	11876.121043	11876.78262	11872.482681	11875.419722999999			3.0	2.0	0.0	3.0					
11878.565	17.295000000000073	trials	24.0	11892.70725	11894.564128	11895.386741	11895.870414	11891.901941	11894.848869			3.0	2.0	0.0	3.0					
11898.83	16.30999999999949	trials	24.0	11912.362712	11913.842818	11914.637537999999	11915.15066	11911.567598	11914.165595			3.0	2.0	0.0	3.0					
11919.029	14.71099999999933	trials	24.0	11929.542307	11931.00679	11931.946436	11932.172657	11928.746278999999	11931.208408	11932.75	11933.74	3.0	2.0	1.0	1.0					
11935.76	41.65099999999984	trials	24.0	11974.232471	11975.349841	11975.892508	11976.108145999999	11973.527332	11975.344409			3.0		0.0	2.0					
11979.42	17.6299999999992	trials	24.0	11993.509281999999	11995.048588	11995.744861	11996.024174	11992.833508	11995.037432			3.0		0.0	2.0					
11999.062	20.737999999999374	trials	24.0	12015.538381999999	12016.840804	12017.713811	12017.917838	12014.879179	12017.227546	12018.36	12019.8	3.0	2.0	1.0	1.0					
12021.895	25.729999999999563	trials	24.0	12043.872298999999	12045.055269	12045.758143	12045.991214	12043.045482	12045.246621999999	12046.465	12047.625	3.0	2.0	1.0	1.0					
12050.715	11.64600000000064	trials	24.0	12059.80372	12061.204245	12061.924074999999	12062.346970999999	12059.079953	12061.443094			3.0	2.0	0.0	3.0					
12066.31	23.640000000001237	trials	24.0	12087.229238	12088.897309	12089.54536	12089.920283	12086.493653	12089.073679			3.0	2.0	0.0	3.0					
12091.938	57.77299999999923	trials	24.0	12147.292511	12148.8833	12149.289922	12149.715503	12146.59715	12148.830301			3.0	2.0	0.0	3.0					
12153.702	22.873999999999796	trials	24.0	12173.83943	12175.518833	12176.26552	12176.480774	12172.874222	12175.72673			3.0	2.0	0.0	3.0					
12178.63	35.64500000000044	trials	24.0	12210.198401	12211.427677	12212.221797999999	12212.461802	12209.241863	12211.713622	12212.88	12214.275	3.0	2.0	1.0	1.0					
12217.135	20.209999999999127	trials	24.0	12233.223936999999	12234.437363	12235.275337	12235.503174	12232.443718999999	12234.747208	12236.036	12237.345	3.0	2.0	1.0	1.0					
12239.411	41.69000000000051	trials	24.0	12278.133817999998	12279.98045	12280.768718999998	12280.981881999998	12277.510265999998	12280.235999999999			3.0	2.0	0.0	3.0					
12285.115	14.594999999999345	trials	24.0	12296.058716999998	12297.903139999999	12298.628381999999	12298.799647999998	12295.245452	12298.137700999998			3.0	2.0	1.0	1.0					
12302.206	1135.7700000000004	BlockDesign														1.0	649.0	702.0	50.0	50.0
12302.206	32.78399999999965	trials	25.0	12330.883745	12332.225384999998	12332.985821999999	12333.190177999999	12330.254063999999	12332.493747999999	12333.705	12334.99	3.0	2.0	1.0	1.0					
12337.02	33.774999999999636	trials	25.0	12366.708895999998	12368.579821999998	12369.032062999999	12369.240262999998	12366.03762	12368.529689999998	12369.701	12370.795	3.0	2.0	1.0	1.0					
12373.89	12.78900000000067	trials	25.0	12384.118180999998	12385.355599999999	12386.264779999998	12386.658253999998	12383.412842999998	12385.720612999998			3.0	2.0	0.0	3.0					
12390.61	17.135999999998603	trials	25.0	12404.524570999998	12406.346246999998	12407.121	12407.747120999999	12403.958039999998	12406.620025999999			2.0	1.0	0.0	3.0					
12409.52	11.515999999999622	trials	25.0	12418.415494999997	12419.841514999998	12420.566835999998	12421.034033999998	12417.796066999997	12420.061469999999			3.0	2.0	0.0	3.0					
12423.915	15.505999999999403	trials	25.0	12436.988397	12438.315266999998	12439.079750999997	12439.399159999999	12436.315072999998	12438.518725999998			2.0	1.0	0.0	3.0					
12442.405	27.286000000000058	trials	25.0	12466.290371999998	12467.724516999999	12468.562657999999	12468.759488999998	12465.420431999999	12467.965622999998			2.0	1.0	1.0	1.0					
12474.157	25.908000000001266	trials	25.0	12495.569092999998	12497.505682999998	12498.316409	12498.557334	12494.808160999999	12497.756206999999	12499.03	12500.065	2.0	1.0	1.0	1.0					
12503.085	13.326000000000931	trials	25.0	12513.103802999998	12515.084158999998	12515.907062999999	12516.411557999998	12512.444647999999	12515.372692999998			2.0	1.0	0.0	3.0					
12518.315	18.320999999999913	trials	25.0	12533.594075999998	12534.771022999998	12536.048936	12536.637902999999	12532.772954999999	12535.510355999999			2.0	1.0	0.0	3.0					
12538.382	16.193999999999505	trials	25.0	12549.924722999998	12551.785748999999	12552.542296999998	12552.741142999997	12549.000768999998	12552.021311999999	12553.27	12554.576	2.0	1.0	1.0	1.0					
12557.371	10.165000000000873	trials	25.0	12563.189397999999	12565.003015999999	12565.747302999998	12565.946744999997	12562.210622999999	12565.228882999998	12566.445	12567.536	2.0	1.0	1.0	1.0					
12571.55	6.865000000001601	trials	25.0	12574.714598999999	12576.410603999999	12576.940410999998	12577.182433999998	12574.005826999999	12576.400660999998			3.0		0.0	2.0					
12581.421	24.963999999999942	trials	25.0	12601.989113999998	12603.149294999997	12604.177301999998	12604.389793999999	12601.159968999998	12603.626437999998	12604.85	12606.385	3.0	2.0	1.0	1.0					
12610.47	8.71100000000115	trials	25.0	12616.743746999999	12617.865930999998	12618.713446999998	12619.170151999999	12615.810563999998	12618.105188999998			3.0	2.0	0.0	3.0					
12621.173	24.74699999999939	trials	25.0	12641.710075999998	12642.936333999998	12643.671313999997	12643.825383999998	12640.996555999998	12643.110705999998	12644.308	12645.92	3.0	2.0	1.0	1.0					
12649.006	8.1200000000008	trials	25.0	12654.594593999998	12655.926370999998	12656.690573999998	12657.068918999998	12653.656852999999	12656.144380999998			3.0	2.0	0.0	3.0					
12660.07	18.945999999999913	trials	25.0	12676.545224999998	12677.680781	12678.562522999999	12678.973952999999	12675.770455999998	12677.617841999998			2.0	1.0	0.0	3.0					
12682.999	18.730999999999767	trials	25.0	12699.489614999999	12700.745837999999	12701.354027999998	12701.685986999999	12698.933159999999	12700.774185999999			3.0	2.0	0.0	3.0					
12704.804	25.85699999999997	trials	25.0	12726.274272999999	12727.813226999999	12728.456030999998	12728.631553999998	12725.452712999999	12727.881216999998	12729.095	12730.661	2.0	1.0	1.0	1.0					
12732.725	11.049999999999272	trials	25.0	12740.736661999998	12741.7082	12742.407704999998	12742.546256999998	12739.789612999999	12741.702763999998			3.0		0.0	2.0					
12745.848	24.332000000000335	trials	25.0	12766.939817999999	12768.172034999998	12768.752231999999	12769.092464999998	12766.093512999998	12768.168856999999			3.0		0.0	2.0					
12774.26	36.565999999998894	trials	25.0	12808.210448999998	12809.561453999999	12810.383718	12810.825253999998	12807.328348999998	12809.880344999998			2.0	1.0	0.0	3.0					
12812.721	16.274999999999636	trials	25.0	12824.805056999998	12826.589688999999	12827.313338999998	12827.514973999998	12824.185432999999	12826.791151999998	12828.115	12828.996	2.0	1.0	1.0	1.0					
12832.065	17.2549999999992	trials	25.0	12846.929832999998	12848.172208999998	12848.940574999999	12849.301082999998	12846.055577999998	12848.384105999998			2.0	1.0	0.0	3.0					
12853.376	11.904000000000451	trials	25.0	12862.390160999998	12863.931164999998	12864.788270999998	12864.988585999998	12861.583186999998	12864.211471999999			2.0	1.0	0.0	3.0					
12868.11	20.234999999998763	trials	25.0	12884.626618999999	12885.746354999997	12886.493367999998	12886.687049999999	12883.875857999998	12885.958147999998	12887.295	12888.345	2.0	1.0	1.0	1.0					
12891.221	15.244000000000597	trials	25.0	12902.465316999998	12903.694529999999	12904.507144	12904.709986999998	12901.931219999999	12903.959229999999	12905.185	12906.465	3.0	2.0	1.0	1.0					
12910.304	8.560999999999694	trials	25.0	12913.934880999997	12915.643712999998	12916.382507999999	12916.544610999998	12913.418876999998	12915.808296999998	12917.05	12918.865	3.0	2.0	1.0	1.0					
12920.89	9.409999999999854	trials	25.0	12928.025381999998	12929.203951999998	12929.986544999998	12930.240742999998	12927.406463999998	12929.425072999999			3.0	2.0	0.0	3.0					
12932.31	34.835000000000946	trials	25.0	12963.440308999998	12964.496551999999	12965.263991999998	12965.478499999997	12962.735698999999	12964.735289999999	12966.15	12967.145	2.0	1.0	1.0	1.0					
12969.19	13.130999999999403	trials	25.0	12979.845604999999	12981.422791999998	12981.877621999998	12982.274729999997	12979.060505999998	12981.368775999998			3.0	2.0	0.0	3.0					
12984.321	22.40899999999965	trials	25.0	13003.880641999998	13005.528316999998	13006.403439999998	13006.576442999998	13003.253375999999	13005.866728999998			2.0	1.0	0.0	3.0					
13009.735	27.584999999999127	trials	25.0	13033.707170999998	13034.727176999999	13035.608009999998	13035.795422999998	13032.856184999999	13035.076854999998	13036.293	13037.32	2.0	1.0	1.0	1.0					
13040.406	9.238999999999578	trials	25.0	13046.265364999997	13047.592845	13048.120796999998	13048.355107999998	13045.410541999998	13047.586285999998			3.0		0.0	2.0					
13052.675	17.67500000000109	trials	25.0	13066.823057999998	13068.342839999998			13066.212980999999	13068.326582999998			2.0		0.0	2.0					
13074.355	13.200000000000728	trials	25.0	13082.846005999998	13084.708801999997	13085.644797999998	13085.857891999998	13082.178575999998	13085.077487999999	13086.305	13087.555	3.0	2.0	1.0	1.0					
13091.58	12.534999999999854	trials	25.0	13101.002173999997	13102.106705999999			13100.116569999998	13102.093630999998			3.0		0.0	2.0					
13106.185	13.005000000001019	trials	25.0	13116.450239999998	13117.878861999998	13118.635759999997	13119.072815999998	13115.608953999998	13118.132633999998			3.0	2.0	0.0	3.0					
13121.025	20.284999999999854	trials	25.0	13137.010878	13138.788731999999	13139.575166999999	13139.798114999998	13136.469540999999	13139.044985999999	13140.4	13141.31	2.0	1.0	1.0	1.0					
13145.454	9.066000000000713	trials	25.0	13150.210729999999	13151.724998999998	13152.520847999998	13152.706295999998	13149.503053999999	13151.987071999998	13153.205	13154.52	2.0	1.0	1.0	1.0					
13156.594	20.921000000000276	trials	25.0	13175.266577999999	13176.384673999999	13177.120697999999	13177.484825999998	13174.508968999999	13176.585174999998			2.0	1.0	0.0	3.0					
13179.445	22.040000000000873	trials	25.0	13196.957475	13198.927633999998	13199.684048999998	13199.848583999998	13196.043925999998	13199.194538999998	13200.295	13201.485	3.0	2.0	1.0	1.0					
13205.57	50.13500000000022	trials	25.0	13251.860728999998	13252.992433999998	13253.880542999997	13254.083609999998	13251.071922	13253.312018999999	13254.555	13255.705	2.0	1.0	1.0	1.0					
13258.725	12.25	trials	25.0	13267.270940999999	13268.907601999997			13266.562903999999	13268.903287999998			2.0		0.0	2.0					
13274.051	13.689000000000306	trials	25.0	13283.111251999999	13284.455981999998	13285.208488999999	13285.414276999998	13282.256537999998	13284.678729	13285.885	13287.74	3.0	2.0	1.0	1.0					
13290.831	13.183999999999287	trials	25.0	13300.366424999998	13302.009814999998			13299.361598999998	13301.995304999999			3.0		0.0	2.0					
13306.025	14.930000000000291	trials	25.0	13317.725962999999	13319.686007999999	13320.630884999999	13320.960867999998	13317.061176	13320.063116999998			3.0	2.0	0.0	3.0					
13324.96	16.820000000001528	trials	25.0	13337.417557999997	13339.333713999999	13340.043959999999	13340.240330999999	13336.800161999998	13339.554964999998	13340.81	13341.78	2.0	1.0	1.0	1.0					
13343.843	12.021999999999025	trials	25.0	13350.676469999999	13352.643008999998	13353.437052999998	13353.652403999999	13349.793571999999	13352.884658999998	13354.17	13355.865	3.0	2.0	1.0	1.0					
13359.881	21.759000000000015	trials	25.0	13377.450989999998	13379.182468999998	13379.909990999999	13380.092174999998	13376.476460999998	13379.375807999999	13380.58	13381.64	2.0	1.0	1.0	1.0					
13383.69	15.095999999999549	trials	25.0	13394.971284	13396.733365999999	13397.239547999998	13397.477819999998	13394.332255999998	13396.726844999997			3.0		0.0	2.0					
13401.871	13.066000000000713	trials	25.0	13412.091431999997	13413.741649999998	13414.517439	13414.903382999999	13411.351012999998	13413.985594999998			2.0	1.0	0.0	3.0					
13417.9	20.07600000000093	trials	25.0	13435.601457999997	13437.200443999998	13437.890291999998	13438.289731999997	13435.006334999998	13437.387358999998			3.0	2.0	0.0	3.0					
13441.33	107.93000000000029	BlockDesign														1.0	703.0	707.0	0.0	0.0
13441.33	22.76300000000083	trials	26.0	13461.661245999998	13462.861423999999	13463.645915999998	13464.083630999998	13461.016594999997	13463.087884999999			2.0	1.0	0.0	3.0					
13468.045	13.409999999999854	trials	26.0	13478.466868999998	13480.178406999998	13480.934519999999	13481.457907999998	13477.698787999998	13480.410625999999			2.0	1.0	0.0	3.0					
13485.345	18.220000000001164	trials	26.0	13501.096542999998	13502.341964	13503.098219999998	13503.568637999999	13500.447967999999	13502.571915999999			2.0	1.0	0.0	3.0					
13506.506	26.04399999999987	trials	26.0	13530.111709999997	13531.532588999999	13532.223913999998	13532.485717999998	13529.601138999999	13531.716856999998			2.0	1.0	0.0	3.0					
13536.631	12.629000000000815	trials	26.0	13546.44142	13548.343981999999	13549.116463999999	13549.548599999998	13545.819878999999	13548.592603999998			2.0	1.0	0.0	3.0					
13552.465	188.1959999999999	BlockDesign														1.0	708.0	713.0	0.0	0.0
13552.465	13.78399999999965	trials	27.0	13562.458553999999	13564.174304999999	13564.705258999998	13565.014766999999	13561.523365999998	13564.163014999998			3.0		0.0	2.0					
13569.335	14.365999999999985	trials	27.0	13580.810852999999	13582.454047999998	13583.233897999999	13583.704601999998	13579.994083999998	13582.697401999998			3.0	2.0	0.0	3.0					
13586.58	32.18000000000029	trials	27.0	13615.311934999998	13616.847398999998	13617.794042999998	13618.172929999999	13614.670787999998	13616.913299999998			3.0	2.0	0.0	3.0					
13623.13	74.28100000000086	trials	27.0	13694.907086	13696.268986999998	13696.998088999999	13697.312254999999	13694.088436999999	13696.346461999998			3.0	1.0	0.0	3.0					
13700.44	15.248999999999796	trials	27.0	13712.833915999998	13714.554814999998	13715.272070999998	13715.684722999998	13712.057402999999	13714.768734999998			3.0	2.0	0.0	3.0					
13719.686	20.975000000000364	trials	27.0	13738.072339999999	13739.796841999998	13740.541216999998	13741.020524999998	13737.309512999998	13739.991632999998			3.0	2.0	0.0	3.0					
13743.99	1142.0460000000003	BlockDesign														1.0	714.0	767.0	50.0	50.0
13743.99	29.965000000000146	trials	28.0	13769.882495999998	13771.174532999998	13771.962767999998	13772.115811999998	13769.367467999999	13771.431917999998	13772.67	13773.955	3.0	2.0	1.0	1.0					
13775.715	10.414999999999054	trials	28.0	13783.587923999998	13784.953822999998	13785.811013999999	13786.122032999998	13782.990865999998	13785.231881999998			2.0	1.0	0.0	3.0					
13790.145	18.44499999999971	trials	28.0	13804.992573999998	13806.147988999997	13806.823366999999	13807.120606999999	13804.006475999999	13806.291242999998	13807.51	13808.59	2.0	1.0	1.0	1.0					
13811.61	8.300999999999476	trials	28.0	13816.783682999998	13817.905205			13815.802213999998	13817.895613999997			3.0		0.0	2.0					
13821.92	24.78099999999904	trials	28.0	13844.117575999999	13845.602825999998	13846.328024999999	13846.675652999998	13843.556650999999	13845.775896			3.0	2.0	0.0	3.0					
13848.751	23.638999999999214	trials	28.0	13868.062673999999	13869.554455999998	13870.325551999998	13870.534790999998	13867.359343999999	13869.759422	13871.04	13872.39	3.0	2.0	1.0	1.0					
13875.481	11.469999999999345	trials	28.0	13882.537374999998	13884.369240999999	13885.093568999999	13885.392998999998	13881.575404999998	13884.584143999999	13885.885	13886.951	2.0	1.0	1.0	1.0					
13891.015	6.040000000000873	trials	28.0	13894.227845999998	13895.801921999999	13896.579920999999	13897.051286999998	13893.293713999998	13896.040870999997			2.0	1.0	0.0	3.0					
13899.055	25.64599999999882	trials	28.0	13920.361373999998	13922.317706999998	13922.992865999999	13923.176288999999	13919.421254999997	13922.464718	13923.68	13924.701	3.0	2.0	1.0	1.0					
13926.794	8.515999999999622	trials	28.0	13931.093079999999	13932.505817999998	13933.282892999998	13933.470628999998	13930.388950999999	13932.746603999998	13933.93	13935.31	2.0	1.0	1.0	1.0					
13939.465	7.061999999999898	trials	28.0	13944.122390999999	13945.284184999999	13946.076610999999	13946.488082999998	13943.182000999997	13945.496366999998			3.0	2.0	0.0	3.0					
13949.457	18.26299999999901	trials	28.0	13964.853349999998	13966.555019999998	13967.351521999999	13967.546984999999	13964.062358	13966.777805999998			2.0	1.0	0.0	3.0					
13970.726	16.554000000000087	trials	28.0	13983.702499999998	13984.820264999998	13985.633106999998	13985.845381999998	13982.793325999999	13985.097983999998	13986.455	13987.28	3.0	2.0	1.0	1.0					
13991.34	9.375	trials	28.0	13996.157996999998	13998.224549999999	13999.003275	13999.245785	13995.475903999999	13998.421735999998	13999.665	14000.715	2.0	1.0	1.0	1.0					
14003.731	41.39800000000105	trials	28.0	14042.803376999998	14043.895028999998	14044.717927999998	14045.135026999998	14042.044576999999	14044.138127999999			2.0	1.0	0.0	3.0					
14047.13	11.415000000000873	trials	28.0	14055.883604999999	14057.149134999998	14057.948708999998	14058.550682999998	14055.013942999998	14057.405191999998			3.0	2.0	0.0	3.0					
14062.405	11.25	trials	28.0	14069.973526999998	14071.059485999998	14071.861178999998	14072.090320999998	14069.351692999999	14071.321477999998	14072.486	14073.655	3.0	2.0	1.0	1.0					
14075.705	22.710000000000946	trials	28.0	14094.523148999999	14095.792189999998	14096.679778999998	14096.877609	14093.540285999998	14096.129635999998	14090.58	14098.415	2.0	1.0	1.0	1.0					
14101.505	8.970000000001164	trials	28.0	14107.653745999998	14109.461804999999	14110.166897999998	14110.414174999998	14106.807967999997	14109.670847999998			2.0	1.0	0.0	3.0					
14113.482	11.174000000000888	trials	28.0	14121.553571999999	14123.483556	14124.212296999998	14124.407114999998	14120.872915999998	14123.659760999999			3.0	2.0	0.0	3.0					
14128.659	18.08100000000013	trials	28.0	14144.318444999999	14145.345644999998	14146.181101999999	14146.746769999998	14143.660862999997	14145.666550999998			2.0	1.0	0.0	3.0					
14148.57	15.704999999999927	trials	28.0	14160.438925999999	14161.74974	14162.524802999998	14162.753786999998	14159.927179999999	14161.982960999998	14163.215	14164.275	3.0	2.0	1.0	1.0					
14167.355	6.556000000000495	trials	28.0	14171.568650999998	14172.812843999998	14173.536670999998	14173.878287999998	14170.807502999998	14173.010980999998			3.0	2.0	0.0	3.0					
14175.991	13.988999999999578	trials	28.0	14186.608766999998	14187.970453999998			14185.724090999998	14187.963374999998			2.0		0.0	2.0					
14192.049	50.216999999998734	trials	28.0	14238.723895999998	14240.260813999997	14241.827447999998	14241.863803999999	14237.954797999999	14240.249870999998			2.0		0.0	2.0					
14244.276	11.494000000000597	trials	28.0	14253.363607999998	14254.460674999998	14255.363474999998	14255.759390999998	14252.659840999999	14254.838818999999			2.0	1.0	0.0	3.0					
14259.773	14.507000000001426	trials	28.0	14270.144011999999	14271.582851	14272.535057999998	14272.718857999998	14269.409042999998	14272.013137999998	14273.201	14274.28	3.0	2.0	1.0	1.0					
14277.296	12.269000000000233	trials	28.0	14285.037586999999	14286.966373999998	14287.744472999999	14287.947266	14284.118217	14287.160198999998	14288.405	14289.565	2.0	1.0	1.0	1.0					
14291.585	16.20100000000093	trials	28.0	14304.344716999998	14305.736129999998			14303.596187	14305.730816999998			3.0		0.0	2.0					
14311.86	14.385999999998603	trials	28.0	14323.538870999999	14324.750656999999	14325.580642999998	14326.248731999998	14322.917347999999	14325.016097999998			3.0	2.0	0.0	3.0					
14329.054	20.26000000000022	trials	28.0	14346.363860999998	14348.115650999998	14348.867555999997	14349.316717999998	14345.535614999999	14348.365475999999			3.0	2.0	0.0	3.0					
14352.309	30.570999999999913	trials	28.0	14380.329115999997	14381.749738999999	14382.420072999998	14382.885196999998	14379.748231999998	14381.976936			2.0	1.0	0.0	3.0					
14384.805	43.125	trials	28.0	14424.039286999998	14425.927611	14426.597501999999	14426.767097999998	14423.334863999999	14425.917103999998			3.0		0.0	2.0					
14429.952	17.334000000000742	trials	28.0	14443.335661999998	14444.658406999999	14445.499451999998	14445.788065999997	14442.783833999998	14445.018248999999	14446.35	14447.286	2.0	1.0	1.0	1.0					
14450.359	10.671000000000276	trials	28.0	14458.029470999998	14460.016564999998	14460.707327999999	14461.024664999997	14457.388850999998	14460.143777999998			2.0	1.0	0.0	3.0					
14464.04	18.68999999999869	trials	28.0	14480.037169999998	14481.428690999997	14482.243634999999	14482.734437	14479.138974999998	14481.612655999998			3.0	2.0	0.0	3.0					
14484.595	38.335000000000946	trials	28.0	14520.595093999998	14521.806365999999	14522.622265999998	14522.859184999998	14519.663724999999	14522.024347999999			2.0	1.0	0.0	3.0					
14525.986	18.464999999998327	trials	28.0	14540.064670999998	14541.573379999998	14542.40945	14542.595682	14539.300862999999	14541.833576999998	14543.045	14544.451	2.0	1.0	1.0	1.0					
14548.47	22.95100000000093	trials	28.0	14567.914159999998	14569.411893999999	14570.456192999998	14570.537885999998	14567.141317999998	14569.399586999998			3.0		0.0	2.0					
14575.5	11.405000000000655	trials	28.0	14582.689661999999	14584.460513999999	14585.220453999998	14585.446471999998	14581.796183999999	14584.659683999998	14585.89	14586.905	3.0	2.0	1.0	1.0					
14588.938	14.582000000000335	trials	28.0	14599.489837999998	14600.797838999999	14601.679052999998	14601.857989999999	14598.733710999999	14601.067180999999	14602.375	14603.52	3.0	2.0	1.0	1.0					
14606.586	23.77900000000045	trials	28.0	14626.694774999998	14628.366134999998	14628.933368999998	14629.198519999998	14625.746439999999	14628.357947999999			3.0		0.0	2.0					
14634.371	12.739000000001397	trials	28.0	14644.619491999998	14645.736238999998	14646.740494999998	14646.895556999998	14644.016349999998	14646.200492999998			3.0	2.0	0.0	3.0					
14651.171	13.638999999999214	trials	28.0	14660.365116999998	14662.181991999998	14662.897543999998	14663.128459999998	14659.797550999998	14662.418373999999	14663.661	14664.81	3.0	2.0	1.0	1.0					
14667.9	15.409999999999854	trials	28.0	14680.475048999999	14682.292144999998	14682.940811999999	14683.286285999999	14679.474310999998	14682.455634999998			2.0	1.0	0.0	3.0					
14685.365	16.479999999999563	trials	28.0	14697.189878999998	14699.01716	14699.714246999998	14700.045415999997	14696.256897	14699.261167999997	14700.301	14701.845	2.0	1.0	1.0	1.0					
14704.925	10.265000000001237	trials	28.0	14711.640070999998	14712.733091999999	14713.450583999998	14713.639344	14710.933754999998	14712.950329	14714.121	14715.19	2.0	1.0	1.0	1.0					
14717.236	13.873999999999796	trials	28.0	14728.320055999999	14729.883118999998	14730.732070999999	14730.858725999999	14727.573725999999	14730.190369999998			2.0	1.0	0.0	3.0					
14734.186	14.568999999999505	trials	28.0	14746.070423999998	14747.584702999999	14748.416363999999	14748.680005999999	14745.183325999998	14747.874817999998			2.0	1.0	0.0	3.0					
14752.762	14.838999999999942	trials	28.0	14764.581122999998	14766.224397999998	14767.070719	14767.608460999998	14763.720142999999	14766.260612999999			2.0	1.0	0.0	3.0					
14769.458	20.836999999999534	trials	28.0	14785.980153999999	14787.782170999999	14788.524385999997	14788.814475	14785.253626999998	14787.987157999998	14789.44	14790.295	2.0	1.0	1.0	1.0					
14792.315	9.994999999998981	trials	28.0	14798.685467	14800.311658999999	14800.958369999998	14801.101285999997	14797.880919	14800.301225999998			3.0		0.0	2.0					
14805.32	36.55999999999949	trials	28.0	14838.685445	14839.832351999998	14840.591324999998	14840.616688999999	14837.725288999998	14839.822075999999			3.0		0.0	2.0					
14844.956	41.07999999999993	trials	28.0	14878.320422999997	14880.177716999999	14880.834367999998	14881.029068999998	14877.339667999999	14880.367577999998	14881.78	14886.036	3.0	2.0	1.0	1.0					
14890.13	1409.7000000000007	BlockDesign														1.0	768.0	839.0	50.0	10.0
14890.13	15.365999999999985	trials	29.0	14902.530248	14904.107920999999	14905.104368999999	14905.444176999998	14901.964727999999	14904.644948999998			1.0	2.0	0.0	3.0					
14909.502	12.227999999999156	trials	29.0	14918.346260999999	14919.991455	14920.967492999998	14921.736488999999	14917.517625999999	14920.457398999999			1.0	2.0	0.0	3.0					
14923.36	16.854999999999563	trials	29.0	14936.696060999999	14938.392860999998	14939.723813999997	14940.221015999998	14936.159450999998	14939.278964999998			1.0	2.0	0.0	3.0					
14944.12	22.514999999999418	trials	29.0	14963.605742999998	14964.998263999998	14966.113461999998	14966.644151999999	14962.692044999998	14965.627655999999			1.0	2.0	0.0	3.0					
14969.52	18.549999999999272	trials	29.0	14983.440622999999	14985.302952999999	14986.232816999998	14986.404530999998	14982.581732999999	14985.595694999998	14986.865	14988.07	1.0	1.0	1.0	1.0					
14990.093	9.563000000000102	trials	29.0	14995.375486999998	14997.117314	14997.906109999998	14998.093461999999	14994.862032999998	14997.401702	14998.605	14999.656	1.0	1.0	1.0	1.0					
15003.795	6.420000000000073	trials	29.0	15007.570643999998	15008.933045999998	15009.663284999999	15010.223588999997	15006.778843999999	15009.169307999999			1.0	1.0	0.0	3.0					
15012.036	18.04399999999987	trials	29.0	15027.160870999998	15028.937852	15029.658183999998	15030.090128999998	15026.242642999998	15029.156638999999			1.0	1.0	0.0	3.0					
15033.98	15.760000000000218	trials	29.0	15047.250479999999	15048.503847999998	15049.268006999999	15049.749192	15046.376741999999	15048.706825999998			1.0	2.0	0.0	3.0					
15052.609	14.761999999998807	trials	29.0	15064.391210999998	15066.107666999998	15066.884164999998	15067.378679999998	15063.614383999999	15066.423721999998			1.0	1.0	0.0	3.0					
15070.265	16.225000000000364	trials	29.0	15084.00752	15085.187824999997	15086.111915999998	15086.486887999998	15083.477033	15085.506042999998			1.0	2.0	0.0	3.0					
15089.56	18.351000000000568	trials	29.0	15105.331493999998	15106.432982999999	15107.300763	15107.916898999998	15104.465152999997	15106.753999999997			1.0	1.0	0.0	3.0					
15111.626	18.003999999998996	trials	29.0	15126.632764999998	15128.462928999998	15129.210620999998	15129.605833999998	15126.061377999999	15128.660377999999			1.0	2.0	0.0	3.0					
15132.646	28.474999999998545	trials	29.0	15158.142463999999	15159.997733999999	15160.815053999999	15161.065281	15157.288513999998	15160.294363999998			1.0	1.0	0.0	3.0					
15165.145	13.350999999998749	trials	29.0	15174.962981999997	15176.493037999999	15177.748661999998	15177.986038999998	15173.982344999999	15176.487221			1.0		0.0	2.0					
15180.501	15.529000000000451	trials	29.0	15192.556580999999	15194.587049999998	15195.406606999997	15196.040021999997	15192.002327999999	15194.756199999998			1.0	2.0	0.0	3.0					
15199.751	16.579999999999927	trials	29.0	15213.451239999999	15214.575608	15215.528394999998	15216.341750999998	15212.709188999997	15214.961161999998			1.0	2.0	0.0	3.0					
15219.915	17.024999999999636	trials	29.0	15232.977635999998	15234.543950999998	15235.272497999998	15235.495957999998	15232.376911	15234.756575999998	15235.97	15236.94	1.0	1.0	1.0	1.0					
15238.969	8.861000000000786	trials	29.0	15244.767088999997	15246.703811999998	15247.508447999999	15247.794019999998	15244.188269999999	15247.014746999997			1.0	1.0	0.0	3.0					
15250.865	15.225000000000364	trials	29.0	15263.456006999999	15265.034063	15265.766390999997	15266.071249999997	15262.802687999998	15265.221615999999			1.0	1.0	0.0	3.0					
15269.161	22.773999999999432	trials	29.0	15287.561663999999	15289.287921	15290.023766999999	15290.206576999997	15286.750688999999	15289.481676	15290.77	15291.935	1.0	1.0	1.0	1.0					
15293.831	12.824000000000524	trials	29.0	15302.007789	15304.039330999998	15304.691230999999	15304.998938999997	15301.473922999998	15304.157819999999	15305.33	15306.655	1.0	1.0	1.0	1.0					
15310.501	6.463999999999942	trials	29.0	15313.231027000002	15314.432912	15315.186779000001	15315.389812000001	15312.287673	15314.687945000001	15315.85	15316.965	1.0	1.0	1.0	1.0					
15319.047	10.052999999999884	trials	29.0	15324.369428	15326.277795	15327.065	15327.26174	15323.815046000002	15326.527854	15327.755	15329.1	1.0	1.0	1.0	1.0					
15330.76	15.80999999999949	trials	29.0	15342.836666000001	15344.165036	15344.853786000001	15345.070408000001	15342.248718	15344.365308	15345.459	15346.57	1.0	1.0	1.0	1.0					
15349.621	8.950000000000728	trials	29.0	15354.690951	15356.558202			15354.058985000001	15356.550974000002			1.0		0.0	2.0					
15361.624	13.451999999999316	trials	29.0	15370.681215	15371.995374	15373.244042	15373.460854	15370.050414000001	15372.712148	15373.92	15375.076	1.0	2.0	1.0	1.0					
15377.161	7.5	trials	29.0	15382.137026	15383.392986	15384.219270000001	15384.656948000002	15381.155118	15383.666171			1.0	2.0	0.0	3.0					
15388.61	20.295000000000073	trials	29.0	15405.776214000001	15407.357903	15408.584775000001	15408.836141000002	15405.186959	15408.030081			1.0	2.0	0.0	3.0					
15411.937	9.94800000000032	trials	29.0	15418.851186	15420.699345	15421.45037	15421.883259	15418.062926	15420.90809			1.0	2.0	0.0	3.0					
15425.815	9.139999999999418	trials	29.0	15430.181624	15431.378288	15432.941129	15433.164353	15429.396846000001	15432.343185000002	15433.68	15434.955	1.0	1.0	1.0	1.0					
15438.041	7.514000000001033	trials	29.0	15441.356291	15443.109303000001	15443.855675	15443.990923000001	15440.545073000001	15443.34662	15444.64	15445.555	1.0	1.0	1.0	1.0					
15447.626	9.735000000000582	trials	29.0	15454.086475	15455.92617	15456.635465000001	15457.355790000001	15453.325005	15456.140025			1.0	1.0	0.0	3.0					
15458.984	19.995999999999185	trials	29.0	15475.471302	15476.915475000002			15474.476933	15476.905164000002			1.0		0.0	2.0					
15480.99	34.34599999999955	trials	29.0	15513.091532	15514.152892	15514.924302000001	15515.31826	15512.294390000001	15514.390325			1.0	2.0	0.0	3.0					
15519.282	45.14300000000003	trials	29.0	15561.906275000001	15562.988420000001	15563.831844	15564.426237000001	15561.268635	15563.255991			1.0	1.0	0.0	3.0					
15566.225	13.805000000000291	trials	29.0	15576.006930000001	15577.540212	15578.297445	15578.495336	15575.23782	15577.762686	15578.911	15580.03	1.0	1.0	1.0	1.0					
15582.05	8.070999999999913	trials	29.0	15587.203004	15589.014899000002	15589.724747	15590.090747	15586.224138000001	15589.206465000001			1.0	1.0	0.0	3.0					
15593.126	13.378999999998996	trials	29.0	15604.236642	15605.343737000001	15606.182688	15606.464664000001	15603.267731	15605.607508000001			1.0	1.0	0.0	3.0					
15609.536	32.199000000000524	trials	29.0	15638.623479000002	15639.925985000002	15640.717915000001	15641.069834	15637.986911	15640.146399000001			1.0	2.0	0.0	3.0					
15644.128	29.461999999999534	trials	29.0	15670.351847	15672.233555	15672.960051	15673.586864	15669.795936	15672.376503000001			1.0	1.0	0.0	3.0					
15675.33	40.225000000000364	trials	29.0	15713.446701	15714.539491000001	15715.236347	15715.517123000001	15712.508739	15714.752791			1.0	1.0	0.0	3.0					
15717.629	17.795999999998457	trials	29.0	15732.737122	15734.150558000001	15734.809125000002	15735.42339	15732.121631	15734.305538			1.0	2.0	0.0	3.0					
15738.142	24.933999999999287	trials	29.0	15759.892248	15761.415552	15762.316974000001	15763.074613	15759.338117000001	15761.791896			1.0	2.0	0.0	3.0					
15764.72	23.150000000001455	trials	29.0	15784.74227	15786.580889	15787.388715000001	15787.869412	15784.029254000001	15786.817889			1.0	2.0	0.0	3.0					
15791.765	24.77100000000064	trials	29.0	15812.012321	15813.770129	15814.519400000001	15814.741129	15811.231641	15813.957813	15815.17	15816.536	1.0	1.0	1.0	1.0					
15819.56	8.44000000000051	trials	29.0	15825.052455000001	15826.491217	15827.224265	15828.0017	15824.256917	15826.690535000002			1.0	1.0	0.0	3.0					
15831.61	20.608000000000175	trials	29.0	15848.907074	15850.833999	15851.81593	15852.186333000001	15847.993544	15851.036504000002			1.0	2.0	0.0	3.0					
15854.218	15.607999999998356	trials	29.0	15866.012637	15867.364004000001	15868.219052	15868.345491	15865.245345000001	15867.652170000001	15862.98	15869.826	1.0	2.0	1.0	1.0					
15871.874	13.351000000000568	trials	29.0	15882.267896000001	15883.658911	15884.392817	15885.223392	15881.324712000001	15883.859982			1.0	1.0	0.0	3.0					
15887.815	15.055999999998676	trials	29.0	15899.453943	15901.345751	15902.140506000002	15902.872097000001	15898.891573	15901.545654000001			1.0	2.0	0.0	3.0					
15906.59	18.125	trials	29.0	15921.487278	15923.431766000002	15924.140607000001	15924.715938000001	15920.558404000001	15923.660183			1.0	2.0	0.0	3.0					
15927.536	23.084999999999127	trials	29.0	15946.55751	15947.908917	15948.78744	15949.008716	15945.83162	15948.192868	15949.555	15950.621	1.0	1.0	1.0	1.0					
15952.656	13.243999999998778	trials	29.0	15962.888374	15964.529243	15965.411366	15965.900151000002	15962.156648	15964.879841			1.0	2.0	0.0	3.0					
15969.735	34.050999999999476	trials	29.0	16000.602843	16002.616323	16003.402682	16003.694931	15999.899105	16002.865436			1.0	2.0	0.0	3.0					
16006.83	21.600000000000364	trials	29.0	16023.972715	16025.712072	16026.519647000001	16026.786992000001	16023.094586000001	16025.927644000001	16027.17	16028.43	1.0	1.0	1.0	1.0					
16032.49	8.83599999999933	trials	29.0	16038.638684000001	16039.889720000001	16040.696551	16041.323755000001	16038.102374	16040.112102000001			1.0	1.0	0.0	3.0					
16045.089	19.21600000000035	trials	29.0	16059.682073	16061.615133000001	16062.313524000001	16062.537231	16058.730669	16061.791741000001	16062.975	16064.305	1.0	1.0	1.0	1.0					
16066.391	12.259000000000015	trials	29.0	16075.017765	16076.706338	16077.498745	16077.673771000002	16074.02224	16076.940292000001			1.0	1.0	1.0	1.0					
16081.08	14.780000000000655	trials	29.0	16093.447943000001	16094.550315	16095.410919	16095.843422	16092.540818000001	16094.865443			1.0	1.0	0.0	3.0					
16097.855	20.556000000000495	trials	29.0	16114.084646000001	16116.032625	16117.287005	16117.476412	16113.462342	16116.741960000001			1.0	1.0	1.0	1.0					
16122.94	14.229999999999563	trials	29.0	16132.987832	16134.099767000002	16135.149207	16135.351715	16132.469216000001	16134.633897000002	16135.845	16137.17	1.0	1.0	1.0	1.0					
16140.26	6.969999999999345	trials	29.0	16144.143486	16145.784416	16146.831954000001	16147.213851	16143.399665	16146.208302000001			1.0	2.0	0.0	3.0					
16150.165	15.444999999999709	trials	29.0	16161.983158000001	16163.346315	16164.199432000001	16165.608197000001	16160.999784000001	16163.687429000001			1.0	1.0	0.0	3.0					
16167.53	15.325999999999112	trials	29.0	16179.349851	16181.646243000001	16182.406134	16182.853387000001	16178.832164000001	16181.824037			1.0	1.0	0.0	3.0					
16185.73	17.652000000000044	trials	29.0	16200.434474000002	16202.141537000001	16202.918013	16203.378516	16199.633109	16202.321795			1.0	1.0	0.0	3.0					
16205.315	14.868000000000393	trials	29.0	16217.593550000001	16218.861408	16219.732370000002	16220.175914000001	16216.661884000001	16219.197932000001			1.0	1.0	0.0	3.0					
16223.11	18.09099999999853	trials	29.0	16236.893239	16238.690123	16239.443417	16239.784613	16236.005947000001	16238.908662000002	16240.07	16241.201	1.0	1.0	1.0	1.0					
16244.286	8.78399999999965	trials	29.0	16249.293969	16251.901569000001	16252.685855000002	16252.977698	16248.746108000001	16252.177389			1.0	1.0	0.0	3.0					
16257.151	9.582000000000335	trials	29.0	16264.032964	16265.43704	16266.338823	16266.731151	16263.396645	16265.709478			1.0	2.0	0.0	3.0					
16269.734	19.14599999999882	trials	29.0	16284.358657	16285.889958000002	16286.989794000001	16287.266502	16283.782406	16286.354664	16287.835	16288.88	1.0	1.0	1.0	1.0					
16292.911	6.918999999999869	trials	29.0	16297.033494000001	16298.911014000001	16299.697453	16300.185432	16296.066995000001	16299.136347000001			1.0	1.0	0.0	3.0					
16302.187	1775.7029999999995	BlockDesign														1.0	840.0	925.0	10.0	50.0
16302.187	19.00300000000061	trials	30.0	16316.398614000002	16318.06046	16319.386527	16319.615534	16315.484723000001	16318.334766	16320.04	16321.19	1.0	2.0	1.0	1.0					
16325.21	7.792000000001281	trials	30.0	16329.955562000001	16331.71097	16332.520575	16333.004859	16329.068802000002	16331.948808000001			1.0	2.0	0.0	3.0					
16334.911	17.040999999999258	trials	30.0	16349.379267	16350.440465000001	16351.569243000002	16351.924857	16348.481692000001	16351.039769			1.0	1.0	0.0	3.0					
16355.896	18.998999999999796	trials	30.0	16370.530296	16372.15076	16372.996394000002	16373.178645	16369.64817	16372.336776	16373.701	16374.895	1.0	2.0	1.0	1.0					
16377.98	8.694999999999709	trials	30.0	16383.13413	16385.100529	16385.97339	16386.675543	16382.520732	16385.390868000002			1.0	1.0	0.0	3.0					
16390.31	16.68499999999767	trials	30.0	16404.250442	16405.595778000003	16406.58236	16406.998838	16403.288138	16406.000705000002			1.0	2.0	0.0	3.0					
16410.906	15.045000000001892	trials	30.0	16422.759348	16424.582267	16425.393597000002	16425.952056000002	16421.998896	16424.793174000002			1.0	1.0	0.0	3.0					
16427.861	12.934999999997672	trials	30.0	16438.220399	16439.587677	16440.429865000002	16440.791322	16437.522695	16439.837011			1.0	1.0	0.0	3.0					
16443.83	14.609999999996944	trials	30.0	16455.684327000003	16457.296431000002	16458.069676	16458.440671	16454.936514	16457.514992			1.0	1.0	0.0	3.0					
16461.4	13.010999999998603	trials	30.0	16470.354003	16471.69551	16472.445059	16472.643442	16469.813649	16471.897565	16473.121	16474.411	1.0	2.0	1.0	1.0					
16478.47	6.940999999998894	trials	30.0	16482.875646	16484.136021000002	16484.927118	16485.408942000002	16482.014706	16484.330598			1.0	2.0	0.0	3.0					
16489.313	15.218000000000757	trials	30.0	16501.80525	16502.907011	16504.101996	16504.534544000002	16501.068228	16503.457329			1.0	1.0	0.0	3.0					
16506.5	18.592000000000553	trials	30.0	16522.580616	16523.886719000002	16524.634761	16525.096029	16521.805125	16524.034467			1.0	2.0	0.0	3.0					
16527.02	46.27599999999802	trials	30.0	16570.234178000002	16572.233637	16572.956621	16573.227497	16569.566508	16572.451238			1.0	1.0	0.0	3.0					
16577.37	15.99500000000262	trials	30.0	16589.765133	16591.356148			16588.858447000002	16591.346406			1.0		0.0	2.0					
16595.375	27.799999999999272	trials	30.0	16619.244173	16620.739528000002	16621.4823	16621.642439	16618.438724	16620.908855	16622.225	16623.175	1.0	2.0	1.0	1.0					
16627.255	9.986000000000786	trials	30.0	16634.634918	16635.98268	16636.793633	16637.240783	16633.927583	16636.190909			1.0	2.0	0.0	3.0					
16640.23	15.260000000002037	trials	30.0	16653.090336	16654.23627	16655.091812000002	16655.458989	16652.193	16654.471137			1.0	1.0	0.0	3.0					
16659.475	12.190000000002328	trials	30.0	16668.739843	16669.886160000002	16671.096128	16671.66672	16668.09429	16670.18118			1.0	1.0	0.0	3.0					
16674.486	12.394000000000233	trials	30.0	16684.600029	16685.671971	16686.394134000002	16686.880566	16683.618135	16685.863613			1.0	2.0	0.0	3.0					
16690.775	11.019999999996799	trials	30.0	16697.984916	16699.226495000003	16700.051892	16700.217762	16697.346437	16699.484167000002	16700.77	16701.795	1.0	2.0	1.0	1.0					
16705.88	8.555000000000291	trials	30.0	16711.284503000003	16713.336801	16714.108011	16714.354905	16710.681447000003	16713.509097000002			1.0	1.0	0.0	3.0					
16716.441	12.095000000001164	trials	30.0	16723.639803000002	16725.579735	16726.632203	16726.871688	16723.092609	16726.021182	16727.36	16728.536	1.0	2.0	1.0	1.0					
16731.656	14.795000000001892	trials	30.0	16742.29121	16743.441542	16744.501503	16744.68146	16741.722983	16743.90829	16745.185	16746.451	1.0	2.0	1.0	1.0					
16749.515	6.52100000000064	trials	30.0	16753.210601	16754.651645	16755.539332	16756.036025	16752.38861	16754.893547			1.0	2.0	0.0	3.0					
16758.88	15.534999999999854	trials	30.0	16771.364604000002	16773.150303000002	16774.034823	16774.40865	16770.520914	16773.403614000003			1.0	1.0	0.0	3.0					
16777.481	14.91400000000067	trials	30.0	16788.225432	16789.916846	16790.708735	16790.900625000002	16787.222981	16790.102747	16791.355	16792.395	1.0	2.0	1.0	1.0					
16796.482	7.527999999998428	trials	30.0	16800.211065	16801.291261000002	16802.059862000002	16802.176914	16799.618475	16801.475906	16802.746	16804.01	1.0	2.0	1.0	1.0					
16805.968	13.522000000000844	trials	30.0	16815.538413000002	16817.48172			16814.844692000002	16817.474435			1.0		0.0	2.0					
16822.498	49.3169999999991	trials	30.0	16868.870118	16870.520978	16871.432489	16871.805467000002	16867.938681	16870.762325			1.0	1.0	0.0	3.0					
16873.82	13.59100000000035	trials	30.0	16882.975253	16884.939744	16885.692263	16885.89741	16882.009980000003	16885.14816	16886.43	16887.411	1.0	2.0	1.0	1.0					
16889.44	9.99500000000262	trials	30.0	16896.355373000002	16898.145457000002	16898.982232000002	16899.439736	16895.820503000003	16898.387679			1.0	2.0	0.0	3.0					
16902.305	15.440999999998894	trials	30.0	16913.370111	16915.227105	16915.999616	16916.206361	16912.486061	16915.484712	16916.701	16917.746	1.0	2.0	1.0	1.0					
16919.815	54.89500000000044	trials	30.0	16971.990143	16973.561345000002	16974.270746000002	16974.712602	16971.405101	16973.716089			1.0	2.0	0.0	3.0					
16976.595	14.840000000000146	trials	30.0	16987.175754	16988.959167	16989.755733	16989.903878	16986.453434	16989.228525000002	16990.395	16991.435	1.0	2.0	1.0	1.0					
16994.521	9.03900000000067	trials	30.0	17001.120112	17002.188125	17003.035929	17003.561312	17000.605484	17002.518857			1.0	2.0	0.0	3.0					
17005.425	16.449000000000524	trials	30.0	17018.650895	17020.470266	17021.444348	17021.835281	17018.092562	17020.840857			1.0	1.0	0.0	3.0					
17023.94	11.056000000000495	trials	30.0	17031.995441	17033.492168	17034.402537	17034.999573	17031.075639000002	17033.787875			1.0	1.0	0.0	3.0					
17037.751	11.936000000001513	trials	30.0	17047.301202000002	17048.624568	17049.350945000002	17049.683999	17046.653826	17048.821178000002			1.0	2.0	0.0	3.0					
17053.671	11.579000000001543	trials	30.0	17062.517307000002	17063.66385	17064.75903	17065.251024	17061.827871	17064.211301			1.0	2.0	0.0	3.0					
17067.093	25.912000000000262	trials	30.0	17089.841076	17091.814632	17092.618517000003	17092.947665	17088.984069000002	17092.046048			1.0	2.0	0.0	3.0					
17096.05	16.965000000000146	trials	30.0	17110.410972	17111.883053	17112.699176000002	17112.921719	17109.45416	17112.12885			1.0	1.0	0.0	3.0					
17116.025	39.474999999998545	trials	30.0	17152.660985000002	17154.265038	17155.036472	17155.505891	17151.810023000002	17154.47114			1.0	2.0	0.0	3.0					
17159.36	15.0	trials	30.0	17171.526132	17173.169385	17173.881968	17174.360795	17170.691241	17173.331576			1.0	2.0	0.0	3.0					
17178.255	20.998999999999796	trials	30.0	17196.396366	17197.856687	17198.808134	17199.246338	17195.637957	17198.257958000002			1.0	1.0	0.0	3.0					
17202.249	19.230999999999767	trials	30.0	17217.502553000002	17219.247695000002	17219.957162000002	17221.483239	17216.761761	17219.405618			1.0	2.0	0.0	3.0					
17224.339	11.402999999998428	trials	30.0	17233.066496	17234.588505	17235.306185	17235.710507	17232.201561	17234.742059			1.0	1.0	0.0	3.0					
17237.755	27.844999999997526	trials	30.0	17262.546833	17264.462487	17265.141668	17265.601124	17261.831111	17264.65103			1.0	1.0	0.0	3.0					
17268.461	12.184000000001106	trials	30.0	17277.611349	17279.330369	17280.114093	17280.646001	17276.699814	17279.545538000002			1.0	2.0	0.0	3.0					
17284.44	13.319999999999709	trials	30.0	17294.296979	17296.178534000002	17296.989987	17297.762795000002	17293.643209	17296.432581			1.0	2.0	0.0	3.0					
17301.365	19.0099999999984	trials	30.0	17317.382723000002	17318.953928000003	17319.909467	17320.377075	17316.746748	17319.243435			1.0	1.0	0.0	3.0					
17323.23	16.270000000000437	trials	30.0	17336.84822	17338.338774	17339.121257	17339.504202	17336.01423	17338.548621			1.0	2.0	0.0	3.0					
17342.536	16.209999999999127	trials	30.0	17354.127944	17356.14965	17357.014158	17357.395998	17353.405613000003	17356.256063	17357.662	17358.746	1.0	1.0	1.0	1.0					
17362.865	8.769999999996799	trials	30.0	17367.181885	17369.163507	17369.879061	17370.096347	17366.268696	17369.376849	17370.53	17371.635	1.0	1.0	1.0	1.0					
17373.717	7.297999999998865	trials	30.0	17378.111436	17379.310355	17380.408149000003	17381.01732	17377.527978000002	17379.801751			1.0	1.0	0.0	3.0					
17384.81	16.935999999997875	trials	30.0	17398.712324	17400.652086000002	17401.357708	17401.750012	17398.15518	17400.81678			1.0	1.0	0.0	3.0					
17405.69	10.886000000002241	trials	30.0	17413.996617	17415.288751	17416.203379000002	17416.380548	17413.281911000002	17415.587937			1.0	1.0	0.0	3.0					
17418.65	19.709999999999127	trials	30.0	17433.708638	17435.514084000002	17436.466328000002	17436.626685	17433.136093	17435.710489	17437.09	17438.36	1.0	2.0	1.0	1.0					
17440.44	10.44800000000032	trials	30.0	17448.061974	17449.658342000002	17450.499215	17450.847653	17447.454694	17449.895847			1.0	2.0	0.0	3.0					
17452.889	13.45600000000195	trials	30.0	17463.5435	17464.801155	17465.802681	17466.347568	17463.030925	17465.214674000003			1.0	1.0	0.0	3.0					
17470.125	15.1150000000016	trials	30.0	17482.762397000002	17484.039752	17484.915250000002	17485.224881000002	17482.025489	17484.357342			1.0	2.0	0.0	3.0					
17487.247	15.718000000000757	trials	30.0	17499.996822	17501.734003	17502.592656	17502.893288	17499.315618	17502.052245			1.0	1.0	0.0	3.0					
17504.986	14.090000000000146	trials	30.0	17516.418822	17517.62948	17518.628316000002	17519.081997	17515.626608000002	17517.855188			1.0	1.0	0.0	3.0					
17522.985	17.65299999999843	trials	30.0	17537.871996	17539.478973	17540.253486	17540.614712000002	17536.939284	17539.709967000003			1.0	2.0	0.0	3.0					
17544.576	26.838999999999942	trials	30.0	17568.482222	17570.035932	17570.776556	17571.420833	17567.640459000002	17570.239343			1.0	1.0	0.0	3.0					
17575.13	13.133999999998196	trials	30.0	17584.366857	17585.560832	17586.283508	17586.572997	17583.502869	17585.712325	17587.19	17588.264	1.0	2.0	1.0	1.0					
17590.286	10.313999999998487	trials	30.0	17597.446915	17598.595071			17596.487825	17598.586476			1.0		0.0	2.0					
17602.645	37.68999999999869	trials	30.0	17637.209111	17638.925686000002	17639.724639	17640.337946	17636.460711	17639.104059			1.0	2.0	0.0	3.0					
17642.06	24.409999999999854	trials	30.0	17663.298045	17665.269213	17666.076681000002	17666.473878	17662.335989	17665.498457			1.0	1.0	0.0	3.0					
17668.44	21.181000000000495	trials	30.0	17685.462794	17686.670904000002	17687.503232000003	17687.661118	17684.748188	17686.920000000002	17688.225	17689.621	1.0	2.0	1.0	1.0					
17692.66	9.595000000001164	trials	30.0	17698.367291000002	17699.656020000002	17700.457095	17700.668319	17697.477036	17699.838978	17701.055	17702.255	1.0	2.0	1.0	1.0					
17706.359	5.666000000001077	trials	30.0	17709.754426	17710.901405	17711.645957	17712.030327	17708.861499	17711.113014000002			1.0	2.0	0.0	3.0					
17714.99	18.552999999999884	trials	30.0	17730.53709	17732.296446	17733.078573	17733.54799	17729.765424	17732.486987			1.0	1.0	0.0	3.0					
17736.499	24.251000000000204	trials	30.0	17755.777513	17757.650365	17758.685291	17759.047229	17755.098854	17757.956584	17759.505	17760.75	1.0	2.0	1.0	1.0					
17762.786	11.113000000001193	trials	30.0	17770.919217000002	17772.679767	17773.499824000002	17773.898338	17770.349582000003	17772.930253000002			1.0	2.0	0.0	3.0					
17775.843	22.93999999999869	trials	30.0	17795.492837	17797.518556000003	17798.374295	17798.772812	17794.955286	17797.747175			1.0	1.0	0.0	3.0					
17801.705	19.68499999999767	trials	30.0	17817.308115	17818.444713	17819.319054	17819.503252000002	17816.711406000002	17818.70183	17820.025	17821.39	1.0	2.0	1.0	1.0					
17824.421	6.944000000003143	trials	30.0	17828.392788	17829.361287			17827.490622	17829.349175			1.0		0.0	2.0					
17834.375	18.06499999999869	trials	30.0	17848.227819	17849.44929	17850.441717	17850.615796000002	17847.698202	17849.831519	17851.07	17852.44	1.0	2.0	1.0	1.0					
17855.465	15.095000000001164	trials	30.0	17865.754645	17867.624204	17868.405894	17868.594203	17864.884937000003	17867.800760000002	17869.076	17870.56	1.0	2.0	1.0	1.0					
17872.642	9.747999999999593	trials	30.0	17878.322892	17879.744333000002	17880.577356	17880.764196	17877.803171	17879.986047000002	17881.286	17882.39	1.0	2.0	1.0	1.0					
17886.411	6.559000000001106	trials	30.0	17888.772827	17890.325571	17891.101485	17891.276244	17888.232281	17890.550403	17891.735	17892.97	1.0	2.0	1.0	1.0					
17896.996	6.295000000001892	trials	30.0	17899.787501	17901.77418	17902.53812	17903.296538000002	17898.940532	17902.031163			1.0	2.0	0.0	3.0					
17907.009	97.6160000000018	trials	30.0	18001.608463	18002.623751			18000.743049	18002.615151			1.0		0.0	2.0					
18006.631	47.331999999998516	trials	30.0	18049.38891	18051.333863	18052.096023000002	18052.31307	18048.708417	18051.557577	18052.815	18053.963	1.0	2.0	1.0	1.0					
18057.94	19.950000000000728	trials	30.0	18075.96581	18077.015478	18077.803367	18078.583985	18075.419184000002	18077.276283			1.0	2.0	0.0	3.0					
18082.135	677.9300000000003	BlockDesign														1.0	926.0	930.0	0.0	0.0
18082.135	56.909999999999854	trials	31.0	18136.573574000002	18137.686944	18138.486738	18139.051547000003	18135.736727	18137.954954			1.0	2.0	0.0	3.0					
18142.81	95.46199999999953	trials	31.0	18235.134471	18236.971205	18237.873012	18238.233377	18234.263757	18237.293667			1.0	2.0	0.0	3.0					
18242.277	469.7430000000022	trials	31.0	18708.404178	18710.355885999998	18711.193968	18712.017475999997	18707.535888	18710.57193			1.0	2.0	0.0	3.0					
18715.675	17.89600000000064	trials	31.0	18730.513988	18732.235649	18733.083228	18733.569561	18729.819987	18732.503441999997			1.0	2.0	0.0	3.0					
18738.476	21.588999999999942	trials	31.0	18757.358741	18759.124325999997	18759.922376	18760.390534	18756.702444	18759.358538			1.0	2.0	0.0	3.0					
18764.39	394.5550000000003	BlockDesign														1.0	931.0	951.0	50.0	90.0
18764.39	31.79500000000189	trials	32.0	18791.024404	18792.942961999997	18794.044675999998	18794.255834	18790.303325999997	18793.43604	18794.68	18796.185	1.0	2.0	1.0	1.0					
18800.203	13.761999999998807	trials	32.0	18809.334893	18811.253376999997	18812.105593	18812.325445	18808.398384	18811.464792	18812.795	18813.965	1.0	2.0	1.0	1.0					
18815.985	11.610000000000582	trials	32.0	18823.44434	18824.506653	18825.406473	18825.571763	18822.547737	18824.809446	18826.11	18827.595	1.0	2.0	1.0	1.0					
18829.615	20.909999999999854	trials	32.0	18846.094416	18847.467980999998	18848.429302	18848.753705	18845.301143999997	18847.769688	18849.145	18850.525	1.0	2.0	1.0	1.0					
18852.545	13.656000000002678	trials	32.0	18863.08005	18864.18215	18865.12818	18865.330766	18862.471014	18864.532422			1.0	2.0	1.0	1.0					
18868.796	20.98400000000038	trials	32.0	18885.689544	18886.78391	18887.546142	18887.796474	18885.051936	18887.00898	18888.23	18889.78	1.0	2.0	1.0	1.0					
18893.795	11.335000000002765	trials	32.0	18900.899192999997	18902.100613	18903.178775	18903.366507	18899.969399999998	18902.60606	18903.841	18905.13	1.0	2.0	1.0	1.0					
18907.187	13.592999999997119	trials	32.0	18916.634763	18918.033657	18918.866093999997	18919.018759	18915.730164	18918.331778	18919.536	18920.78	1.0	2.0	1.0	1.0					
18923.865	16.31999999999971	trials	32.0	18935.934934999997	18937.44902	18938.219485999998	18938.403511999997	18935.078425	18937.668573	18938.885	18940.185	1.0	2.0	1.0	1.0					
18942.251	12.028999999998632	trials	32.0	18950.000228999997	18951.240968	18952.0653	18952.278683	18949.211916	18951.446256	18952.66	18954.28	1.0	2.0	1.0	1.0					
18957.365	10.164999999997235	trials	32.0	18962.925187	18964.733503	18965.663974	18965.931558	18962.351491999998	18965.110099999998	18966.445	18967.53	1.0	2.0	1.0	1.0					
18970.545	10.531000000002678	trials	32.0	18976.184588	18977.797211999998	18980.630334999998	18981.069005999998	18975.215147	18977.791871999998			1.0		0.0	2.0					
18981.929	24.370999999999185	trials	32.0	19002.004938	19003.082099	19004.424354	19004.617169999998	19001.356857	19003.827276	19005.045	19006.3	1.0	2.0	1.0	1.0					
19009.34	18.5099999999984	trials	32.0	19023.519759	19025.104142	19026.049505	19026.234261999998	19022.777131	19025.449822	19026.63	19027.85	1.0	2.0	1.0	1.0					
19030.89	17.654999999998836	trials	32.0	19044.069541999997	19045.265397	19046.342199	19046.752224	19043.357389999997	19045.773062	19047.036	19048.545	1.0	2.0	1.0	1.0					
19051.565	13.229999999999563	trials	32.0	19060.234636999998	19061.868782999998	19062.597073999998	19062.856718	19059.39579	19062.018011	19063.223	19064.795	1.0	2.0	1.0	1.0					
19067.88	14.090000000000146	trials	32.0	19077.394960999998	19079.391809	19080.235126	19080.461135999998	19076.859155	19079.648358	19080.88	19081.97	1.0	2.0	1.0	1.0					
19085.99	26.875	trials	32.0	19107.88595	19109.820114	19110.676742	19110.953467	19107.164000999997	19110.153211	19111.4	19112.865	1.0	2.0	1.0	1.0					
19114.954	18.24699999999939	trials	32.0	19128.310298	19130.207366	19131.081469999997	19131.274601999998	19127.497047999997	19130.472819	19131.706	19133.201	1.0	2.0	1.0	1.0					
19137.27	8.395000000000437	trials	32.0	19141.460812999998	19142.702444	19143.586331	19143.83076	19140.738232	19143.041864	19144.24	19145.665	1.0	2.0	1.0	1.0					
19147.82	11.125	trials	32.0	19154.260307999997	19155.572042	19156.817127	19157.055583999998	19153.304421999997	19156.286378999997	19157.5	19158.945	1.0	2.0	1.0	1.0					
19161.015	527.385000000002	BlockDesign														1.0	952.0	978.0	90.0	50.0
19161.015	29.275000000001455	trials	33.0	19186.305374	19187.743406999998	19188.537943	19188.732777999998	19185.345158	19187.997486	19189.28	19190.29	1.0	2.0	1.0	1.0					
19194.38	10.240999999998166	trials	33.0	19201.529951	19203.158972999998	19203.970885	19204.61899	19200.915695	19203.399573			1.0	2.0	0.0	3.0					
19208.337	17.70799999999872	trials	33.0	19222.711257	19224.23215	19225.282241999997	19226.044040999997	19222.088997	19224.742226			1.0	2.0	0.0	3.0					
19229.615	36.19999999999709	trials	33.0	19262.970563	19264.237407	19265.187208	19265.810750999997	19262.348196	19264.652579999998			1.0	2.0	0.0	3.0					
19269.624	19.31300000000192	trials	33.0	19286.011079	19287.708238	19288.527697999998	19288.927191	19285.027884	19287.947833			1.0	2.0	0.0	3.0					
19290.92	28.991000000001804	trials	33.0	19316.327357	19317.793023	19319.21	19319.911269	19315.682053999997	19318.61436			1.0	1.0	0.0	3.0					
19321.546	48.439000000002125	trials	33.0	19367.435933999997	19368.686232	19369.655059999997	19369.872212	19366.536396	19369.149057			1.0	2.0	0.0	3.0					
19372.996	12.693999999999505	trials	33.0	19382.506068	19384.060275	19385.131596	19385.687297	19381.987805	19384.603739			1.0	2.0	0.0	3.0					
19388.466	18.394000000000233	trials	33.0	19403.681514	19405.482851999997	19406.299574	19406.855388	19402.854353	19405.722618			1.0	2.0	0.0	3.0					
19409.755	19.68999999999869	trials	33.0	19424.395833	19425.967386	19427.367506	19427.584018999998	19423.632404	19426.723221	19428.02	19429.445	1.0	1.0	1.0	1.0					
19433.501	11.35399999999936	trials	33.0	19440.997407	19442.182775999998	19443.034634	19443.200685	19440.070979	19442.458485	19443.735	19444.855	1.0	1.0	1.0	1.0					
19448.925	10.56000000000131	trials	33.0	19454.756245999997	19456.670301	19457.609256	19457.828228	19453.757956999998	19457.077427	19458.295	19459.485	1.0	1.0	1.0	1.0					
19462.595	11.87999999999738	trials	33.0	19469.861159	19471.610069	19472.442003	19472.791337	19468.980093	19471.840056	19473.235	19474.475	1.0	2.0	1.0	1.0					
19478.505	47.99099999999817	trials	33.0	19521.918164	19523.093471	19524.186772999998	19524.463820999998	19521.337648999997	19523.416789	19524.841	19526.496	1.0	1.0	1.0	1.0					
19529.641	17.979999999999563	trials	33.0	19543.071068999998	19545.034743	19545.802604999997	19546.087154999997	19542.088177999998	19545.208068	19546.605	19547.621	1.0	1.0	1.0	1.0					
19551.705	7.455999999998312	trials	33.0	19554.780931999998	19556.259923999998	19557.164526	19557.620080999997	19554.139586999998	19556.555289	19557.82	19559.161	1.0	1.0	1.0	1.0					
19562.18	11.579999999998108	trials	33.0	19569.196266	19571.177936	19571.927434999998	19572.122197999997	19568.469859999997	19571.376820999998	19572.621	19573.76	1.0	1.0	1.0	1.0					
19575.848	7.89799999999741	trials	33.0	19579.702880999997	19580.742963	19581.788727	19582.010153	19578.976724	19581.235308	19582.404	19583.746	1.0	1.0	1.0	1.0					
19585.77	8.614999999997963	trials	33.0	19590.011513999998	19591.853154	19592.566865999997	19592.710403999998	19589.197079999998	19592.027528	19593.355	19594.385	1.0	1.0	1.0	1.0					
19596.465	10.2599999999984	trials	33.0	19601.873388	19603.952488	19604.748272999997	19605.006273	19601.192421	19604.155455	19605.46	19606.725	1.0	1.0	1.0	1.0					
19610.74	7.554999999996653	trials	33.0	19613.716646999997	19615.408073	19616.240823	19616.521099999998	19612.862426	19615.646867	19617.01	19618.295	1.0	1.0	1.0	1.0					
19621.381	6.463999999999942	trials	33.0	19623.582692	19624.91432	19625.862098999998	19626.115040999997	19623.046991	19625.283363	19626.496	19627.845	1.0	1.0	1.0	1.0					
19629.876	9.869999999998981	trials	33.0	19635.038378999998	19636.574136	19637.362341	19637.546707999998	19634.389175	19636.803025999998	19638.03	19639.746	1.0	1.0	1.0	1.0					
19643.833	9.012000000002445	trials	33.0	19648.301768999998	19650.202733	19650.975269	19651.212528	19647.42227	19650.417707	19651.701	19652.845	1.0	1.0	1.0	1.0					
19656.862	7.972999999998137	trials	33.0	19660.021935	19661.910660999998	19662.865945999998	19663.056916999998	19659.277403	19662.169139999998	19663.54	19664.835	1.0	2.0	1.0	1.0					
19666.907	11.248999999999796	trials	33.0	19673.752226	19675.479291	19676.280983999997	19676.497332	19672.845072	19675.710845999998	19677.1	19678.156	1.0	1.0	1.0	1.0					
19681.218	7.1820000000006985	trials	33.0	19684.426796	19685.758880999998	19686.651969	19686.859526	19683.580547999998	19686.043388	19687.44	19688.4	1.0	1.0	1.0	1.0					
19691.449	466.73099999999977	BlockDesign														1.0	979.0	998.0	50.0	0.0
19691.449	6.070999999999913	trials	34.0	19694.828627	19696.084253999998	19697.047065	19697.170893	19693.903879999998	19696.400244			2.0	1.0	0.0	3.0					
19701.45	40.435999999997875	trials	34.0	19738.873375	19740.698267	19741.454245	19741.884807	19738.180392	19740.932819999998			2.0	1.0	0.0	3.0					
19743.86	24.044999999998254	trials	34.0	19764.061971	19765.451478	19766.234731999997	19766.368414999997	19763.163285	19765.689941999997	19766.9	19767.905	2.0	1.0	1.0	1.0					
19769.925	13.901000000001659	trials	34.0	19780.316974999998	19781.958296999997	19782.752001	19782.877829999998	19779.530774	19782.217943			2.0	1.0	1.0	1.0					
19786.425	22.040000000000873	trials	34.0	19804.248981	19805.889124999998	19806.697274	19806.778948	19803.289859999997	19806.131933	19807.34	19808.465	2.0	1.0	1.0	1.0					
19812.531	7.033999999999651	trials	34.0	19816.647267	19818.340221	19819.231454999997	19819.468719	19815.756737	19818.640853999997			2.0	1.0	0.0	3.0					
19822.595	16.355999999999767	trials	34.0	19834.422446	19835.509222999997	19836.46124	19836.625751	19833.851832	19835.833763	19837.246	19838.951	2.0	1.0	1.0	1.0					
19840.437	8.567999999999302	trials	34.0	19846.347619	19847.902007999997	19848.671152	19848.996605	19845.747788	19848.083487			2.0	1.0	0.0	3.0					
19851.031	15.584000000002561	trials	34.0	19862.127762	19863.893917999998	19864.678798999998	19864.749023	19861.133048	19864.132290999998	19865.275	19866.615	2.0	1.0	1.0	1.0					
19868.437	7.947999999996682	trials	34.0	19873.468715	19875.218590999997	19876.05851	19876.222787	19872.883655999998	19875.4901			2.0	1.0	0.0	3.0					
19880.464	8.416000000001077	trials	34.0	19886.078744	19887.390487	19888.50288	19888.578761999997	19885.286136	19887.919491			2.0	1.0	0.0	3.0					
19891.925	14.905000000002474	trials	34.0	19902.502697	19904.094305	19904.945374	19905.217888	19901.825255	19904.336279	19905.645	19906.83	2.0	1.0	1.0	1.0					
19909.881	10.949000000000524	trials	34.0	19916.837519999997	19917.876053	19919.043440999998	19919.189372999997	19916.035168	19918.43163	19919.625	19920.83	2.0	1.0	1.0	1.0					
19922.85	10.27100000000064	trials	34.0	19929.117157	19930.189236	19931.234012999998	19931.425734	19928.417097999998	19930.616532	19932.005	19933.121	2.0	1.0	1.0	1.0					
19937.14	8.315000000002328	trials	34.0	19942.164468	19944.299681999997	19945.092125	19945.420358	19941.407186	19944.521056999998			2.0	1.0	0.0	3.0					
19947.516	97.90200000000186	trials	34.0	20042.487261	20043.785195	20045.023814	20045.350626	20041.886135	20044.236864			2.0	1.0	0.0	3.0					
20048.47	10.025999999998021	trials	34.0	20055.782648	20057.344427	20058.178761	20058.466259	20054.806812	20057.627377999997			2.0	1.0	0.0	3.0					
20060.505	21.865999999998166	trials	34.0	20078.008082	20079.645692	20080.673183	20080.841364	20077.260189	20080.097642999997	20081.39	20082.371	2.0	1.0	1.0	1.0					
20086.438	56.788000000000466	trials	34.0	20140.603274999998	20141.969891	20142.829164	20143.204916	20139.965469	20142.21831			2.0	1.0	0.0	3.0					
20145.161	13.019000000000233	trials	34.0	20153.874841999997	20155.308321	20156.441375	20156.592532	20153.305201	20155.895166	20157.025	20158.18	2.0	1.0	1.0	1.0					
20161.275	437.79499999999825	BlockDesign														1.0	999.0	1018.0	0.0	50.0
20161.275	10.925999999999476	trials	35.0	20169.173584	20170.800134999998	20171.882813	20172.145155	20168.295183	20171.197254			3.0	1.0	0.0	3.0					
20174.21	14.630000000001019	trials	35.0	20183.929373	20185.569911	20186.428174	20186.635405999998	20183.374011	20185.855407	20187.1	20188.84	3.0	2.0	1.0	1.0					
20190.876	8.34400000000096	trials	35.0	20196.946686	20197.984744999998	20198.831367	20199.180717	20196.244407	20198.285928999998			3.0	2.0	0.0	3.0					
20203.171	19.1150000000016	trials	35.0	20217.858366	20219.669055	20220.483855	20220.667326	20216.859494	20219.892507	20221.117	20222.286	3.0	2.0	1.0	1.0					
20225.326	12.75	trials	35.0	20235.223460999998	20237.00015	20237.761501999998	20238.022761	20234.323134	20237.206426999997			3.0	2.0	0.0	3.0					
20240.081	20.40400000000227	trials	35.0	20257.375257	20258.711043	20259.533636	20260.485925999998	20256.619034	20258.948253			3.0	2.0	0.0	3.0					
20261.925	22.375	trials	35.0	20280.433308	20281.604960999997	20282.470112	20282.714469	20279.470577	20281.869399	20283.14	20284.3	3.0	2.0	1.0	1.0					
20288.386	28.03900000000067	trials	35.0	20312.018784	20313.540038	20314.425674	20314.624313	20311.111496999998	20313.828134	20315.055	20316.425	3.0	2.0	1.0	1.0					
20319.501	14.639999999999418	trials	35.0	20330.208959	20331.331431	20332.209274999997	20332.462448	20329.648205999998	20331.667982	20332.9	20334.141	3.0	2.0	1.0	1.0					
20336.161	21.97399999999834	trials	35.0	20353.907997	20355.414623	20356.176	20356.403927	20353.124651	20355.610577	20356.88	20358.135	3.0	2.0	1.0	1.0					
20362.21	17.625	trials	35.0	20377.158145999998	20378.519441999997	20379.276626	20379.833477	20376.570965	20378.742377			3.0	2.0	0.0	3.0					
20381.611	42.68899999999849	trials	35.0	20421.733356999997	20423.045648	20423.824228999998	20424.230631	20420.850703	20423.311512			3.0	2.0	0.0	3.0					
20426.3	28.93000000000029	trials	35.0	20452.408427	20453.671365	20454.548659	20455.232540999998	20451.595487	20453.968827999997			3.0	2.0	0.0	3.0					
20457.946	22.71900000000096	trials	35.0	20477.728532999998	20479.103240999997	20480.198374	20480.589162	20477.017721	20479.637358			3.0	2.0	0.0	3.0					
20484.595	17.376000000000204	trials	35.0	20497.469403	20499.365147999997	20500.192755	20500.355831	20496.764604	20499.601281	20500.97	20501.971	3.0	2.0	1.0	1.0					
20504.056	15.34400000000096	trials	35.0	20514.683815999997	20516.670807	20517.526446	20517.739955999998	20513.765726999998	20516.946422999998	20518.181	20519.4	3.0	2.0	1.0	1.0					
20521.42	10.355000000003201	trials	35.0	20529.238403	20530.307474999998	20531.373434	20531.77451	20528.422386	20530.798267			3.0	2.0	0.0	3.0					
20535.749	22.666000000001077	trials	35.0	20553.938935	20555.72081	20556.524354999998	20556.676788999997	20553.035795	20555.975693	20557.13	20558.415	3.0	2.0	1.0	1.0					
20561.33	24.659999999999854	trials	35.0	20581.473890999998	20583.3811	20584.230757999998	20584.433867	20580.861918	20583.649622999998	20584.85	20585.99	3.0	2.0	1.0	1.0					
20588.01	11.06000000000131	trials	35.0	20596.89935	20598.136263	20598.969743999998	20599.357453	20596.30104	20598.37347			3.0	2.0	0.0	3.0					
20603.336	830.0139999999992	BlockDesign														1.0	1019.0	1059.0	50.0	50.0
20603.336	17.575000000000728	trials	36.0	20616.733902	20617.890358	20619.089604	20619.255592999998	20616.014154	20618.455323	20619.78	20620.911	3.0	2.0	1.0	1.0					
20623.0	12.808000000000902	trials	36.0	20632.679313	20634.445584	20635.392524	20635.770123	20631.936062	20634.807708			2.0	1.0	0.0	3.0					
20638.77	16.683000000000902	trials	36.0	20652.359387999997	20654.181006	20655.050121	20655.442977	20651.416306	20654.495777			3.0	2.0	0.0	3.0					
20657.395	23.445999999999913	trials	36.0	20677.863789	20679.652888	20680.43352	20680.835894	20676.933888	20679.882114			3.0	2.0	0.0	3.0					
20683.834	34.577000000001135	trials	36.0	20713.984397	20715.361085999997	20716.567554999998	20716.789221	20712.979095	20716.022159	20717.215	20718.411	3.0	2.0	1.0	1.0					
20720.455	43.69999999999709	trials	36.0	20759.534067	20761.438692	20762.299862	20762.51373	20758.749970999997	20761.768437	20762.935	20764.155	2.0	1.0	1.0	1.0					
20768.324	10.256000000001222	trials	36.0	20773.415817	20775.958988	20776.753042999997	20777.041024	20772.489711	20776.200321	20777.525	20778.58	2.0	1.0	1.0	1.0					
20781.657	11.952000000001135	trials	36.0	20790.569434999998	20791.764098	20793.250088	20793.441199999997	20789.622429	20792.563895			2.0	1.0	0.0	3.0					
20795.686	13.325999999997293	trials	36.0	20806.114106999998	20807.582378	20808.599770999997	20808.947828	20805.463265	20808.010379			3.0	2.0	0.0	3.0					
20811.99	24.06499999999869	trials	36.0	20832.130269999998	20833.286380999998	20834.179228999998	20834.397789	20831.510393	20833.644443999998	20834.786	20836.055	3.0	2.0	1.0	1.0					
20839.126	8.579999999998108	trials	36.0	20844.380262	20846.332813999998	20847.300477999997	20847.706478	20843.793801	20846.739515999998			3.0	2.0	0.0	3.0					
20851.701	14.219999999997526	trials	36.0	20863.000954	20864.263755	20865.582233	20865.804387	20862.271676999997	20865.008379			2.0	1.0	0.0	3.0					
20869.985	9.104999999999563	trials	36.0	20876.234396	20877.782853999997	20878.773375999997	20879.006639	20875.307564	20878.168551			2.0	2.0	0.0	3.0					
20881.166	30.208999999998923	trials	36.0	20906.835481	20908.600610999998	20909.45252	20909.656664	20905.868114999997	20908.874297	20910.286	20911.375	2.0	1.0	1.0	1.0					
20914.263	13.580000000001746	trials	36.0	20924.910006	20926.5432	20927.514227	20927.847177	20924.152181999998	20926.817825			2.0	1.0	0.0	3.0					
20929.835	36.07600000000093	trials	36.0	20961.001415	20962.752997	20963.541998	20963.797676	20960.371415999998	20962.996435999998	20964.28	20965.911	3.0	2.0	1.0	1.0					
20967.77	16.507999999997992	trials	36.0	20981.380208	20983.029194	20983.881851	20984.262254999998	20980.585043	20983.242823			3.0	2.0	0.0	3.0					
20986.27	21.962999999999738	trials	36.0	21003.860294	21005.245531	21006.440749999998	21006.596623999998	21002.886866999997	21005.842472999997	21007.095	21008.233	2.0	1.0	1.0	1.0					
21012.31	10.399999999997817	trials	36.0	21019.370202	21021.371833999998	21022.234789	21022.713206	21018.855029	21021.692152			2.0	1.0	0.0	3.0					
21025.565	19.100000000002183	trials	36.0	21040.891764	21042.050859	21042.888221999998	21043.085052	21040.361671	21042.285783	21043.61	21044.665	3.0	2.0	1.0	1.0					
21048.755	25.094999999997526	trials	36.0	21070.725606	21071.847005	21072.421862	21072.598088	21070.041035	21071.836784			2.0		0.0	2.0					
21076.855	16.44499999999971	trials	36.0	21089.02014	21090.639309	21091.505426	21091.729326	21088.473572	21090.956653999998	21092.246	21093.3	2.0	1.0	1.0	1.0					
21096.316	18.494000000002416	trials	36.0	21110.810585	21111.905552	21112.962337999998	21113.137593	21110.257202	21112.369536	21113.665	21114.81	3.0	2.0	1.0	1.0					
21116.83	13.904999999998836	trials	36.0	21127.930766999998	21129.317219999997	21130.208908	21130.738041	21127.307338	21129.620537			3.0	2.0	0.0	3.0					
21133.623	18.007000000001426	trials	36.0	21146.836901	21148.308794	21149.22266	21149.398289999997	21145.892252999998	21148.678744999997	21150.055	21151.63	3.0	2.0	1.0	1.0					
21155.65	13.885999999998603	trials	36.0	21165.280301	21166.738415	21167.582849	21167.689198	21164.559742999998	21166.969336	21168.201	21169.536	2.0	1.0	1.0	1.0					
21171.56	8.524999999997817	trials	36.0	21177.296033	21178.969798	21179.774319	21180.000984	21176.444669999997	21179.256608			2.0	1.0	0.0	3.0					
21183.126	22.708999999998923	trials	36.0	21201.489363	21202.652109	21204.08457	21204.292245	21200.881073999997	21203.52858	21204.765	21205.835	2.0	1.0	1.0	1.0					
21209.925	11.730999999999767	trials	36.0	21219.131288	21220.584354	21221.335959	21221.646646999998	21218.281768999997	21220.780226			3.0	2.0	0.0	3.0					
21223.67	18.220000000001164	trials	36.0	21237.49034	21238.925223	21239.699102	21239.928447	21236.514312	21239.100347	21240.43	21241.89	3.0	2.0	1.0	1.0					
21245.016	7.504000000000815	trials	36.0	21249.761114	21250.997349999998	21252.158463	21252.522092	21249.241694999997	21251.579905			3.0	2.0	0.0	3.0					
21254.531	21.10399999999936	trials	36.0	21272.685961	21273.886501999998	21274.954887	21275.636829	21272.043105999997	21274.318353			2.0	1.0	0.0	3.0					
21277.413	19.64900000000125	trials	36.0	21294.156066	21295.809167	21296.609239999998	21297.061171999998	21293.588843999998	21296.079444			2.0	1.0	0.0	3.0					
21300.0	19.154999999998836	trials	36.0	21314.660795	21315.954986999997	21316.934201	21317.175893	21314.089382	21316.358635	21317.608	21319.155	2.0	1.0	1.0	1.0					
21322.085	12.305000000000291	trials	36.0	21330.246024	21331.578876	21332.478567	21332.679335999997	21329.422065	21331.893129	21333.246	21334.39	3.0	2.0	1.0	1.0					
21336.499	10.28099999999904	trials	36.0	21344.08266	21345.357816	21346.325595	21346.784725999998	21343.498233	21345.723314			3.0	2.0	0.0	3.0					
21348.716	18.879000000000815	trials	36.0	21365.016357	21366.396208	21367.230289	21367.583104999998	21364.354416	21366.652296			3.0	2.0	0.0	3.0					
21371.611	15.368999999998778	trials	36.0	21383.841628	21385.655031	21386.666606	21386.912959999998	21382.938320999998	21385.878348			2.0	1.0	0.0	3.0					
21390.02	12.454999999998108	trials	36.0	21398.410812	21399.68868	21400.548969	21400.773568	21397.799412	21399.932553	21401.27	21402.475	3.0	2.0	1.0	1.0					
21406.578	12.736999999997352	trials	36.0	21415.661774	21416.943267	21418.174569	21418.351508	21414.968677999997	21417.607193			2.0	1.0	1.0	1.0					
21421.786	11.563999999998487	trials	36.0	21430.838620000002	21432.140569000003	21433.255	21433.607519	21430.222064	21432.734307000002			2.0	1.0	0.0	3.0					
21437.661	122.04400000000169	BlockDesign														0.0	1060.0	1064.0	0.0	0.0
21437.661	9.994999999998981	trials	37.0	21444.988135	21446.346847	21447.268556000003	21447.629236	21444.24565	21446.606509			2.0	2.0	0.0	3.0					
21451.605	11.545000000001892	trials	37.0	21460.152968000002	21461.975605	21462.812738	21463.137776000003	21459.263923000002	21462.223631			2.0	1.0	0.0	3.0					
21467.236	8.419999999998254	trials	37.0	21473.06318	21474.375103000002	21475.27616	21475.625151	21472.387196	21474.68516			2.0	1.0	0.0	3.0					
21479.672	65.04400000000169	trials	37.0	21542.242075000002	21543.494870000002	21544.235804	21544.717142	21541.418068000003	21543.724258000002			2.0	1.0	0.0	3.0					
21548.565	11.140000000003056	trials	37.0	21557.568436	21558.765449000002	21559.564769	21559.903697	21556.619086000002	21559.021411			2.0	1.0	0.0	3.0					
21563.925	100.57099999999991	BlockDesign														0.0	1065.0	1069.0	0.0	0.0
21563.925	11.470000000001164	trials	38.0	21572.665249	21573.944224000003	21574.930679	21575.396828	21572.142466	21574.384697			3.0	2.0	0.0	3.0					
21578.26	20.241000000001804	trials	38.0	21596.05415	21597.365110000002	21598.117468	21598.497952	21595.297430000002	21597.579212			3.0	2.0	0.0	3.0					
21601.445	27.256000000001222	trials	38.0	21625.568872	21627.490493	21628.236958	21628.704331	21624.963458000002	21627.709298			3.0	2.0	0.0	3.0					
21632.565	27.08600000000297	trials	38.0	21656.888962	21658.395359000002	21659.156063000002	21659.651619	21655.904582000003	21658.565392			3.0	2.0	0.0	3.0					
21663.496	1.0	trials	38.0											0.0	0.0					
