onset	duration	nwb_table	block	tone_on_time	tone_off_time	action_on_time	action_off_time	pokeC_on_time	pokeC_off_time	reward_on_time	reward_off_time	state	action	reward	result	FinishedBlock	FirstTrial	LastTrial	RewardRule_L	RewardRule_R
4.58	579.765	BlockDesign														1.0	1.0	25.0	50.0	0.0
4.58	4.144	trials	1.0	6.599822999999996	6.822757999999996	7.802347999999996	7.981988999999996	4.879293999999996	6.806396999999996			2.0		0.0	2.0					
10.734	20.784999999999997	trials	1.0	28.714909999999996	30.277979999999996	31.054109999999994	31.625935999999996	27.823274999999995	30.295712999999996			2.0	1.0	0.0	3.0					
34.417	16.431999999999995	trials	1.0	47.335274999999996	48.95095799999999			46.5318	48.943023			2.0		0.0	2.0					
52.931	26.194000000000003	trials	1.0	74.594955	76.403211	77.235776	77.655095	73.75556999999999	76.715096	77.879	79.125	2.0	1.0	1.0	1.0					
82.144	25.784999999999997	trials	1.0	103.20548699999999	105.141624	106.040463	106.390166	102.522801	105.43462099999999	106.75	107.929	2.0	1.0	1.0	1.0					
110.075	21.689000000000007	trials	1.0	128.74552699999998	130.01234599999998	130.907713	131.871579	127.75605	130.326818			2.0	1.0	0.0	3.0					
133.229	15.469999999999999	trials	1.0	145.69191899999998	147.463059	148.287348	148.808603	144.713711	147.75640099999998			2.0	1.0	0.0	3.0					
152.654	20.705000000000013	trials	1.0	169.225525	170.475345	171.43780199999998	171.72548899999998	168.32804499999997	170.68597699999998	172.114	173.359	2.0	1.0	1.0	1.0					
176.379	29.076000000000022	trials	1.0	200.90218399999998	202.54733499999998	203.44949300000002	203.810582	200.272743	202.87597999999997	203.959	205.455	2.0	1.0	1.0	1.0					
207.495	29.60499999999999	trials	1.0	233.49185	235.198868	235.888692	235.972122	232.861991	235.19588			2.0		0.0	2.0					
239.114	16.93999999999997	trials	1.0	252.527442	254.06938100000002			251.547528	254.06438099999997			2.0		0.0	2.0					
260.064	20.09499999999997	trials	1.0	275.77056500000003	277.213583	278.032221	278.396237	274.939395	277.501682	267.159	280.159	2.0	1.0	1.0	1.0					
284.215	30.68900000000002	trials	1.0	312.44257400000004	313.66287900000003	314.599222	315.014884	311.51770500000003	314.091222			2.0	2.0	0.0	3.0					
316.875	31.23399999999998	trials	1.0	342.68568600000003	344.733029	345.469668	345.885099	341.96920800000004	344.887029	346.059	348.109	2.0	1.0	1.0	1.0					
350.208	12.375999999999976	trials	1.0	358.292579	359.60247	360.412602	360.777014	357.46610400000003	359.78364600000003	361.134	362.584	2.0	1.0	1.0	1.0					
365.669	8.129999999999995	trials	1.0	370.906903	372.677952	373.48008300000004	373.896408	370.134141	372.829775			2.0	1.0	0.0	3.0					
375.809	9.659999999999968	trials	1.0	382.582155	383.989641	384.840362	385.581177	381.79170600000003	384.229479			2.0	1.0	0.0	3.0					
388.154	21.444999999999993	trials	1.0	406.076568	407.70438			405.482212	407.69493			2.0		0.0	2.0					
413.609	19.36500000000001	trials	1.0	428.641236	430.141864	430.992701	431.322177	427.854172	430.392384	431.614	432.974	2.0	1.0	1.0	1.0					
435.026	10.158000000000015	trials	1.0	442.141326	443.33885300000003	444.292073	445.29294	441.625059	443.695442			2.0	1.0	0.0	3.0					
446.459	18.029999999999973	trials	1.0	460.131951	461.403132	462.190688	462.67055400000004	459.18669	461.621066	462.769	464.489	2.0	1.0	1.0	1.0					
466.584	35.84499999999997	trials	1.0	499.681946	500.906952	501.88601700000004	502.539711	499.151457	501.167555			2.0	1.0	0.0	3.0					
505.215	37.964	trials	1.0	537.881727	539.896824	540.8619180000001	541.245182	537.032475	540.259188	525.464	543.179	2.0	1.0	1.0	1.0					
547.25	7.619000000000028	trials	1.0	552.021531	553.359198	554.396602	554.979878	551.0984520000001	553.709632			2.0	1.0	0.0	3.0					
558.764	25.581000000000017	trials	1.0	580.193528	581.468582	582.313007	582.713339	579.384104	581.714753	582.876	584.345	2.0	1.0	1.0	1.0					
586.416	385.554	BlockDesign														1.0	26.0	46.0	0.0	50.0
586.416	8.163999999999987	trials	2.0	590.943587	592.93844	593.675599	594.690747	590.329338	592.987242			3.0	2.0	0.0	3.0					
597.026	17.378000000000043	trials	2.0	610.162212	611.835627	612.613866	612.868338	609.312875	612.158198	613.149	614.404	3.0	2.0	1.0	1.0					
618.444	6.855000000000018	trials	2.0	622.387231	623.862444	624.991038	625.375239	621.593667	624.307351			3.0	1.0	0.0	3.0					
627.305	21.244000000000028	trials	2.0	644.521825	646.045851	646.622744	646.904787	643.721642	646.1560470000001	647.209	648.549	3.0	2.0	1.0	1.0					
652.566	7.5330000000000155	trials	2.0	657.367475	658.576938	659.367865	660.207927	656.669698	658.871856			3.0	2.0	0.0	3.0					
662.644	22.311000000000035	trials	2.0	680.443626	682.0629	682.802204	683.048656	679.876614	682.324707	683.445	684.955	3.0	2.0	1.0	1.0					
686.979	12.42999999999995	trials	2.0	695.198068	696.4239650000001	697.396113	697.723433	694.4128880000001	696.939958	698.08	699.409	3.0	2.0	1.0	1.0					
701.425	9.180000000000064	trials	2.0	708.032556	709.27993	710.1374950000001	710.713071	707.404374	709.6804510000001			3.0	2.0	0.0	3.0					
712.463	20.61099999999999	trials	2.0	730.5221280000001	731.8938420000001	732.650052	733.184585	729.962521	732.219634			3.0	2.0	0.0	3.0					
736.004	20.33299999999997	trials	2.0	752.562327	753.709524	754.476297	754.717811	751.626015	754.023923	755.054	756.337	3.0	2.0	1.0	1.0					
758.455	7.593999999999937	trials	2.0	763.312392	764.49479	765.610244	766.158489	762.803793	764.929655			3.0	1.0	0.0	3.0					
769.979	15.014999999999986	trials	2.0	780.81213	782.189109	783.007109	783.364592	780.18343	782.543127	783.714	784.994	3.0	2.0	1.0	1.0					
787.08	11.649000000000001	trials	2.0	795.077763	796.834911			794.395226	796.81897			3.0		0.0	2.0					
802.75	24.333999999999946	trials	2.0	822.747974	824.449919	825.202938	825.484717	822.224294	824.759141	825.904	827.084	3.0	2.0	1.0	1.0					
830.104	25.226	trials	2.0	851.147547	852.557364	853.4403	853.714638	850.347137	853.024844	853.994	855.33	3.0	2.0	1.0	1.0					
857.434	10.100000000000023	trials	2.0	864.872939	866.738778	867.174456	867.644611	863.976087	866.730571			3.0	2.0	0.0	3.0					
869.544	27.210000000000036	trials	2.0	893.792858	895.851681	896.219073	896.865269	893.032129	895.762005			3.0	2.0	0.0	3.0					
898.499	14.41599999999994	trials	2.0	910.232627	911.484059	912.394347	913.02279	909.397106	911.7211590000001			3.0	1.0	0.0	3.0					
916.755	23.63900000000001	trials	2.0	936.569429	937.9467510000001	938.554992	938.814331	935.791895	938.1345650000001	939.069	940.394	3.0	2.0	1.0	1.0					
943.415	7.474000000000046	trials	2.0	948.279456	950.012918	950.456594	951.0015060000001	947.769753	950.006123			3.0	2.0	0.0	3.0					
952.794	19.176000000000045	trials	2.0	969.623583	970.915102	971.728022	972.079625	968.9715620000001	971.326223			3.0	2.0	0.0	3.0					
976.066	1308.8680000000002	BlockDesign														1.0	47.0	99.0	50.0	50.0
976.066	28.115999999999985	trials	3.0	1000.853223	1002.266786			999.8998780000001	1002.262514			2.0		0.0	2.0					
1007.249	13.56499999999994	trials	3.0	1018.1284430000001	1019.938671	1020.364745	1020.926655	1017.616364	1019.968262			3.0	2.0	0.0	3.0					
1022.75	17.298999999999978	trials	3.0	1036.9232909999998	1038.234644	1039.4605709999998	1040.158911	1036.344498	1038.8898539999998			3.0	1.0	0.0	3.0					
1043.79	15.394000000000005	trials	3.0	1053.9684599999998	1055.241822	1057.1483899999998	1057.4765779999998	1053.089841	1055.2330949999998			2.0		0.0	2.0					
1059.214	100.7360000000001	trials	3.0	1156.6642729999999	1158.05151	1158.6246919999999	1158.664695	1155.6595949999999	1158.0478429999998			3.0		0.0	2.0					
1162.995	44.903999999999996	trials	3.0	1204.3085999999998	1206.0006979999998	1207.149633	1207.317566	1203.4407299999998	1205.990903			2.0		0.0	2.0					
1209.909	12.389999999999873	trials	3.0	1218.3538769999998	1219.4811269999998	1220.3261269999998	1220.700924	1217.6526079999999	1219.765929	1220.884	1222.299	2.0	1.0	1.0	1.0					
1225.324	23.894999999999982	trials	3.0	1246.619458	1247.8120709999998	1248.655026	1249.333348	1245.932364	1248.091557			3.0	1.0	0.0	3.0					
1250.949	25.164999999999964	trials	3.0	1273.454558	1274.576406	1275.4877119999999	1276.2238849999999	1272.740138	1274.9018609999998			3.0	1.0	0.0	3.0					
1277.75	10.969000000000051	trials	3.0	1286.104335	1287.3806659999998	1288.258214	1288.829475	1285.171527	1287.809681			3.0	2.0	0.0	3.0					
1292.654	18.670000000000073	trials	3.0	1307.9402189999998	1309.870436	1310.6330759999998	1311.437346	1307.2202519999998	1310.056596			2.0	1.0	0.0	3.0					
1313.944	22.69600000000014	trials	3.0	1332.3894679999999	1333.7977409999999	1334.5875059999998	1334.964986	1331.562569	1334.0251529999998	1335.274	1336.64	2.0	1.0	1.0	1.0					
1339.715	19.81100000000015	trials	3.0	1355.929199	1357.5058339999998			1354.9383349999998	1357.493174			2.0		0.0	2.0					
1363.544	27.25	trials	3.0	1386.584762	1388.4615509999999	1388.9284819999998	1389.215841	1385.899682	1388.467676	1389.589	1390.794	3.0	2.0	1.0	1.0					
1393.874	38.88499999999999	trials	3.0	1428.7343549999998	1430.0327269999998	1430.815026	1431.162281	1427.894769	1430.2478689999998	1431.5	1432.759	2.0	1.0	1.0	1.0					
1434.849	39.41000000000008	trials	3.0	1470.7294579999998	1472.27703	1472.7497329999999	1473.1799059999998	1469.9143339999998	1472.2667869999998			3.0		0.0	2.0					
1477.269	12.536000000000058	trials	3.0	1486.399763	1487.838703	1488.317525	1488.6913169999998	1485.8701099999998	1487.8342189999998			3.0		0.0	2.0					
1493.884	29.684999999999945	trials	3.0	1519.144992	1520.5573729999999	1521.4322699999998	1521.8672479999998	1518.3283059999999	1520.877804	1501.119	1523.569	2.0	1.0	1.0	1.0					
1525.589	20.326000000000022	trials	3.0	1543.0060409999999	1544.2983049999998	1545.0875999999998	1546.02864	1542.111999	1544.5070389999998			2.0	1.0	0.0	3.0					
1548.399	16.577000000000226	trials	3.0	1560.711306	1562.587028	1563.324893	1563.549425	1560.1439659999999	1562.9049989999999	1552.009	1564.976	3.0	2.0	1.0	1.0					
1567.029	25.40000000000009	trials	3.0	1589.96591	1591.5569209999999	1592.141154	1592.4460709999998	1589.02796	1591.7239579999998			3.0	2.0	0.0	3.0					
1596.499	15.45399999999995	trials	3.0	1607.871839	1609.191875	1609.936047	1610.3992489999998	1606.9026259999998	1609.4099899999999	1610.594	1611.953	2.0	1.0	1.0	1.0					
1614.995	21.414000000000215	trials	3.0	1633.980065	1635.2383049999999	1635.986303	1636.5200699999998	1633.212887	1635.502331			3.0	2.0	0.0	3.0					
1638.323	17.16599999999994	trials	3.0	1652.550566	1654.1772569999998	1654.9441459999998	1655.601911	1651.8978829999999	1654.339043			2.0	1.0	0.0	3.0					
1657.185	13.19900000000007	trials	3.0	1667.9560259999998	1669.007298	1669.8686519999999	1670.498261	1666.9566869999999	1669.309521			2.0	1.0	0.0	3.0					
1673.175	18.314000000000078	trials	3.0	1687.8558079999998	1689.052497	1689.7894729999998	1690.021724	1687.1093609999998	1689.379004	1690.384	1691.489	3.0	2.0	1.0	1.0					
1695.439	17.625	trials	3.0	1710.640862	1711.9084469999998	1712.6018339999998	1713.1753549999999	1709.6694839999998	1712.1627119999998			3.0	2.0	0.0	3.0					
1714.916	23.633000000000038	trials	3.0	1734.292184	1735.632819	1736.52756	1736.936964	1733.6324579999998	1735.903212	1737.209	1738.549	2.0	1.0	1.0	1.0					
1741.569	20.25	trials	3.0	1759.291268	1760.5575059999999	1761.4172179999998	1761.933867	1758.46553	1760.9404319999999			3.0	2.0	0.0	3.0					
1764.734	13.115000000000009	trials	3.0	1773.911831	1774.9775209999998	1775.956424	1776.3424699999998	1773.3850679999998	1775.4104089999998	1776.569	1777.849	2.0	1.0	1.0	1.0					
1779.919	11.28599999999983	trials	3.0	1787.947727	1789.5478859999998	1790.3256139999999	1791.3159289999999	1787.253252	1789.6662979999999			3.0	1.0	0.0	3.0					
1794.684	28.575000000000045	trials	3.0	1820.161731	1821.924971	1822.677624	1823.372698	1819.310121	1822.1259989999999			2.0	1.0	0.0	3.0					
1825.029	11.670000000000073	trials	3.0	1833.9805219999998	1835.429117	1835.8848079999998	1836.8133559999999	1833.2654249999998	1835.3609849999998			3.0	2.0	0.0	3.0					
1839.144	20.950000000000045	trials	3.0	1857.2213869999998	1858.687859	1859.568212	1860.207416	1856.4278579999998	1859.004516			2.0	1.0	0.0	3.0					
1862.93	20.848999999999933	trials	3.0	1880.166552	1881.248658	1881.971271	1882.2395159999999	1879.437332	1881.560162	1882.669	1883.779	3.0	2.0	1.0	1.0					
1887.925	16.71900000000005	trials	3.0	1901.3016389999998	1902.669197			1900.3157449999999	1902.657561			2.0		0.0	2.0					
1906.713	15.016000000000076	trials	3.0	1919.601332	1920.6832709999999	1921.435063	1921.8170309999998	1918.865901	1921.038991			3.0	2.0	0.0	3.0					
1923.784	18.991999999999962	trials	3.0	1939.346484	1940.7789389999998	1941.16979	1941.5119969999998	1938.5863109999998	1940.769104			3.0		0.0	2.0					
1946.786	31.697999999999865	trials	3.0	1975.521791	1976.878839	1977.8809019999999	1978.598933	1974.547863	1977.067302			2.0	1.0	0.0	3.0					
1981.234	20.445000000000164	trials	3.0	1998.77147	1999.7856689999999	2001.244505	2001.305177	1998.1672139999998	1999.775798			2.0		0.0	2.0					
2004.685	31.455000000000155	trials	3.0	2032.868522	2034.678882	2035.620266	2036.252264	2032.116799	2034.9728479999999			2.0	1.0	0.0	3.0					
2037.904	15.210000000000036	trials	3.0	2049.033949	2050.201721	2051.044608	2051.3210010000003	2048.221139	2050.4295660000002	2051.689	2053.114	3.0	2.0	1.0	1.0					
2057.199	10.194999999999709	trials	3.0	2064.164909	2066.113692	2066.9132280000003	2067.511676	2063.3751230000003	2066.458643			3.0	2.0	0.0	3.0					
2070.154	25.820000000000164	trials	3.0	2091.737447	2093.044377	2093.9080280000003	2094.2805390000003	2091.0111220000003	2093.3243970000003	2094.584	2095.974	2.0	1.0	1.0	1.0					
2098.012	9.656999999999698	trials	3.0	2103.647421	2104.728693	2105.6417850000003	2105.898645	2103.00209	2105.173902	2106.294	2107.669	3.0	2.0	1.0	1.0					
2109.759	10.804999999999836	trials	3.0	2116.026915	2117.418291	2118.300177	2118.710798	2115.4524730000003	2117.6308830000003	2118.83	2120.564	2.0	1.0	1.0	1.0					
2123.479	8.650000000000091	trials	3.0	2129.502843	2130.8987850000003	2131.6968650000003	2132.2451450000003	2128.7277010000003	2131.198269			3.0	2.0	0.0	3.0					
2135.924	17.27500000000009	trials	3.0	2149.717815	2151.0380050000003	2151.913551	2153.3151040000002	2148.7750300000002	2151.2703300000003			2.0	1.0	0.0	3.0					
2154.19	23.884000000000015	trials	3.0	2173.677525	2175.044265	2176.00718	2176.3172240000004	2172.914322	2175.43887	2176.764	2178.074	2.0	1.0	1.0	1.0					
2181.089	6.855000000000018	trials	3.0	2185.302729	2186.572314	2187.381213	2188.061948	2184.7191430000003	2186.920239			3.0	2.0	0.0	3.0					
2190.624	25.720000000000255	trials	3.0	2212.744314	2214.4447990000003			2212.01555	2214.4371690000003			3.0		0.0	2.0					
2218.354	28.75500000000011	trials	3.0	2243.897798	2245.2151120000003			2242.9308060000003	2245.206212			3.0		0.0	2.0					
2250.115	34.819000000000415	trials	3.0	2282.477793	2283.9593680000003			2281.8273630000003	2284.330359			2.0	1.0	0.0	3.0					
2289.264	86.00499999999965	BlockDesign														1.0	100.0	104.0	0.0	0.0
2289.264	16.302999999999884	trials	4.0	2302.789587	2303.8050040000003	2305.202972	2305.679763	2302.0371370000003	2304.613007			2.0	1.0	0.0	3.0					
2308.456	9.168999999999869	trials	4.0	2313.2090860000003	2314.9708450000003	2315.801477	2316.295556	2312.213064	2315.238705			2.0	1.0	0.0	3.0					
2319.139	15.565999999999804	trials	4.0	2331.603189	2333.316167	2334.098106	2334.823226	2330.625795	2333.471255			2.0	1.0	0.0	3.0					
2337.359	18.820000000000164	trials	4.0	2353.348782	2354.760197	2355.5630730000003	2356.297215	2352.528678	2355.0390540000003			2.0	2.0	0.0	3.0					
2359.963	15.305999999999585	trials	4.0	2373.4289400000002	2374.4752080000003	2375.268407	2375.6760830000003	2372.421992	2374.70721			2.0	1.0	0.0	3.0					
2378.534	155.31500000000005	BlockDesign														1.0	105.0	110.0	0.0	0.0
2378.534	38.36499999999978	trials	5.0	2413.274273	2415.0055350000002	2415.503094	2416.006073	2412.594672	2414.995112			3.0		0.0	2.0					
2420.905	16.88899999999967	trials	5.0	2434.785516	2436.141819	2437.006254	2437.910925	2434.1296620000003	2436.609415			3.0	2.0	0.0	3.0					
2440.402	9.491999999999734	trials	5.0	2445.914961	2447.914604	2448.6644690000003	2449.015026	2445.160898	2448.1959770000003			3.0	2.0	0.0	3.0					
2452.044	23.605000000000018	trials	5.0	2472.149027	2474.028406	2474.751185	2475.7668390000003	2471.623302	2474.353853			3.0	2.0	0.0	3.0					
2479.041	28.067999999999756	trials	5.0	2503.16975	2504.714912	2505.8325050000003	2507.2260650000003	2502.402278	2505.259439			3.0	1.0	0.0	3.0					
2510.089	23.76000000000022	trials	5.0	2531.238698	2532.780573			2530.6712890000003	2533.4619390000003			3.0	2.0	0.0	3.0					
2536.194	712.04	BlockDesign														1.0	111.0	151.0	50.0	50.0
2536.194	48.26099999999997	trials	6.0	2580.4561510000003	2581.476428	2582.5876270000003	2582.931341	2579.514315	2582.142797	2583.449	2584.455	3.0	2.0	1.0	1.0					
2587.541	21.78899999999976	trials	6.0	2604.6057330000003	2606.3417	2607.3485610000002	2607.701766	2604.073068	2606.8260130000003	2607.924	2609.33	3.0	2.0	1.0	1.0					
2613.385	8.743999999999687	trials	6.0	2617.559357	2619.109413	2619.935136	2620.33196	2616.6443710000003	2619.3287020000002	2620.54	2622.129	2.0	1.0	1.0	1.0					
2626.149	14.090000000000146	trials	6.0	2635.576575	2637.0667670000003	2637.806685	2638.25549	2634.7700640000003	2637.145887	2638.369	2640.239	2.0	1.0	1.0	1.0					
2641.934	8.484999999999673	trials	6.0	2647.1548900000003	2649.01667	2649.9803110000003	2650.537652	2646.441834	2649.4805920000003			3.0	2.0	0.0	3.0					
2652.215	15.614999999999782	trials	6.0	2664.296174	2665.5881990000003	2666.823546	2667.947771	2663.6170380000003	2666.1526750000003			3.0	1.0	0.0	3.0					
2670.139	21.784999999999854	trials	6.0	2688.349709	2690.2148310000002	2691.0304260000003	2692.044614	2687.578521	2690.450988			2.0	1.0	0.0	3.0					
2694.416	14.572999999999865	trials	6.0	2705.576567	2707.038263	2707.9189380000003	2709.105645	2704.768341	2707.3890380000003			2.0	1.0	0.0	3.0					
2712.224	7.4099999999998545	trials	6.0	2716.420434	2718.276498	2718.8768520000003	2719.7529170000003	2715.830411	2718.4000410000003			3.0	2.0	0.0	3.0					
2722.174	21.72499999999991	trials	6.0	2741.263908	2742.396753	2743.222565	2744.016516	2740.2758940000003	2742.788262			3.0	2.0	0.0	3.0					
2746.464	18.065000000000055	trials	6.0	2760.372191	2761.552478	2762.6426730000003	2762.9170750000003	2759.8450310000003	2762.206239	2763.309	2764.529	3.0	2.0	1.0	1.0					
2766.691	11.29300000000012	trials	6.0	2773.365159	2775.0389950000003	2775.814479	2776.200753	2772.515115	2775.376221	2776.444	2777.984	3.0	2.0	1.0	1.0					
2782.004	8.675000000000182	trials	6.0	2787.7603400000003	2789.1893010000003	2790.0937320000003	2790.7962540000003	2786.9698270000004	2789.478458			2.0	1.0	0.0	3.0					
2793.33	14.18899999999985	trials	6.0	2802.739911	2804.502497	2805.4453860000003	2805.888413	2801.8885370000003	2804.813097	2806.084	2807.519	2.0	1.0	1.0	1.0					
2809.575	11.869000000000142	trials	6.0	2816.8360390000003	2818.4539640000003	2819.325272	2819.69184	2816.292309	2818.728098	2819.894	2821.444	2.0	1.0	1.0	1.0					
2823.514	8.724999999999909	trials	6.0	2829.791223	2830.8174120000003	2831.904957	2832.356112	2828.9959440000002	2831.226036			2.0	1.0	0.0	3.0					
2836.139	10.924999999999727	trials	6.0	2843.850449	2845.547631	2846.206794	2847.183947	2843.104629	2845.595492			2.0	1.0	0.0	3.0					
2850.463	20.560999999999694	trials	6.0	2866.7911590000003	2867.8075430000004	2868.947598	2869.3952480000003	2866.1708710000003	2868.3404720000003	2869.594	2871.024	2.0	1.0	1.0	1.0					
2874.044	10.345000000000255	trials	6.0	2879.541272	2881.4990700000003	2882.4124500000003	2882.8380030000003	2878.623159	2881.798047	2883.239	2884.389	2.0	1.0	1.0	1.0					
2886.474	10.039999999999964	trials	6.0	2892.827874	2894.272433	2895.342234	2896.631445	2892.039369	2894.665485			3.0	2.0	0.0	3.0					
2897.635	19.679999999999836	trials	6.0	2912.5373320000003	2914.4474	2915.259631	2915.643192	2911.8799870000003	2914.804325	2916.019	2917.315	3.0	2.0	1.0	1.0					
2919.399	9.375	trials	6.0	2925.265976	2927.258877	2927.993898	2928.893454	2924.289648	2927.350569			2.0	1.0	0.0	3.0					
2931.275	11.06399999999985	trials	6.0	2939.592207	2940.758069	2941.5816830000003	2942.4581230000003	2938.812653	2941.12415			3.0	2.0	0.0	3.0					
2944.814	15.644999999999982	trials	6.0	2956.4616020000003	2957.539626	2958.400839	2958.755201	2955.674747	2957.955449	2959.029	2960.459	3.0	2.0	1.0	1.0					
2963.54	7.619999999999891	trials	6.0	2967.9019590000003	2969.4375130000003	2970.2602070000003	2971.275524	2967.3232230000003	2969.722811			2.0	2.0	0.0	3.0					
2973.529	14.769999999999982	trials	6.0	2984.015241	2985.4281760000003	2986.256229	2986.658543	2983.0714620000003	2985.662882	2986.884	2988.299	2.0	1.0	1.0	1.0					
2990.319	9.519999999999982	trials	6.0	2996.412852	2997.874964			2995.631123	2997.865521			3.0		0.0	2.0					
3003.849	50.434999999999945	trials	6.0	3049.677679	3051.2824410000003	3052.104261	3052.595678	3049.0437110000003	3051.509645	3052.694	3054.284	2.0	1.0	1.0	1.0					
3056.369	9.474999999999909	trials	6.0	3063.4841960000003	3063.82549	3064.92698	3065.887051	3049.0437110000003	3064.1838110000003			2.0	1.0	0.0	3.0					
3067.254	18.161000000000058	trials	6.0	3080.9296970000005	3082.535639	3083.3688290000005	3083.7593180000003	3080.026357	3082.899463	3084.029	3085.415	3.0	2.0	1.0	1.0					
3088.504	6.871000000000095	trials	6.0	3092.514047	3093.7041350000004	3094.6176640000003	3095.4138620000003	3091.9656290000003	3094.17041			3.0	2.0	0.0	3.0					
3099.0	18.56899999999996	trials	6.0	3113.5511080000006	3114.854768	3115.5809270000004	3115.8983780000003	3112.9335980000005	3115.1378540000005	3116.219	3117.569	3.0	2.0	1.0	1.0					
3120.589	11.470000000000255	trials	6.0	3127.8190580000005	3128.9615570000005	3129.906839	3130.2571460000004	3127.1245570000006	3129.4116380000005	3130.639	3132.059	3.0	2.0	1.0	1.0					
3135.173	9.68600000000015	trials	6.0	3141.664176	3142.8142800000005	3143.7890640000005	3144.2786750000005	3140.8501410000003	3143.221899			2.0	1.0	0.0	3.0					
3148.189	15.851000000000113	trials	6.0	3159.16985	3160.8055070000005	3161.870381	3162.3199400000003	3158.4793930000005	3161.142263	3162.6	3164.04	2.0	1.0	1.0	1.0					
3166.054	8.634999999999764	trials	6.0	3171.3955670000005	3172.7412430000004	3173.8109710000003	3174.730871	3170.4457270000003	3173.1469850000003			2.0	1.0	0.0	3.0					
3177.125	11.344000000000051	trials	6.0	3183.5389510000005	3185.3412590000003	3186.2974660000004	3186.7678120000005	3182.8117450000004	3185.698013	3186.959	3188.469	2.0	1.0	1.0	1.0					
3190.54	9.684000000000196	trials	6.0	3196.785228	3198.5835880000004	3199.162478	3200.268367	3196.0879600000003	3198.5649690000005			3.0	2.0	0.0	3.0					
3201.573	16.90599999999995	trials	6.0	3214.2841060000005	3215.580929	3216.4679140000003	3216.789376	3213.58773	3215.9742430000006	3217.145	3218.479	3.0	2.0	1.0	1.0					
3222.529	8.239999999999782	trials	6.0	3227.9000590000005	3229.1963330000003	3230.0126960000002	3230.8097330000005	3227.0229980000004	3229.572461			3.0	2.0	0.0	3.0					
3233.452	14.781999999999698	trials	6.0	3244.2149200000003	3245.44664	3246.2524120000003	3246.5016760000003	3243.5164700000005	3245.8051010000004	3246.834	3248.234	3.0	2.0	1.0	1.0					
3252.323	471.701	BlockDesign														1.0	152.0	189.0	50.0	90.0
3252.323	9.726000000000113	trials	7.0	3257.914482	3258.9960280000005	3260.3433130000003	3260.4092440000004	3257.1474160000002	3259.818122			1.0	2.0	0.0	3.0					
3263.719	7.860999999999876	trials	7.0	3268.5251390000003	3269.7011950000006	3270.9690050000004	3271.6219940000005	3267.6355740000004	3270.3396680000005			1.0	1.0	0.0	3.0					
3275.349	30.434999999999945	trials	7.0	3301.2205010000002	3302.5412210000004	3303.6983950000003	3304.066024	3300.2938050000002	3303.0729250000004	3304.35	3305.784	1.0	1.0	1.0	1.0					
3308.854	6.830000000000382	trials	7.0	3312.8274220000003	3314.4801860000002	3315.2320480000003	3315.6562430000004	3312.238114	3314.6627150000004			1.0	1.0	0.0	3.0					
3319.609	7.050000000000182	trials	7.0	3323.3764180000003	3324.6334370000004	3325.7123530000003	3326.7034750000003	3322.6428790000004	3325.0894960000005			1.0	1.0	0.0	3.0					
3328.134	14.735000000000127	trials	7.0	3338.1195920000005	3339.5086640000004	3340.8340980000003	3341.1721330000005	3337.5384140000006	3340.3141790000004	3341.654	3342.869	1.0	2.0	1.0	1.0					
3346.95	7.164000000000215	trials	7.0	3349.3852670000006	3351.0896540000003	3352.3342340000004	3352.5505780000003	3348.795015	3351.8389270000002	3352.984	3354.114	1.0	2.0	1.0	1.0					
3356.199	8.367999999999938	trials	7.0	3360.5747870000005	3361.7359560000004	3362.7177280000005	3362.96489	3359.8193420000002	3362.2877570000005	3363.494	3364.567	1.0	2.0	1.0	1.0					
3367.489	12.389999999999873	trials	7.0	3376.3011520000005	3377.9083870000004	3378.3727550000003	3378.8903230000005	3375.4862230000003	3377.9018560000004			1.0		0.0	2.0					
3382.904	4.760999999999967	trials	7.0	3384.9450800000004	3386.1534410000004	3387.002072	3387.708672	3383.892349	3386.4256550000005			1.0	1.0	0.0	3.0					
3389.3	20.81399999999985	trials	7.0	3405.6272530000006	3406.9128290000003	3408.0855520000005	3408.5013770000005	3404.6677640000003	3407.4005050000005	3408.83	3410.114	1.0	1.0	1.0	1.0					
3412.26	9.098999999999705	trials	7.0	3418.2517760000005	3419.5388770000004	3420.4644190000004	3421.402621	3417.2448850000005	3420.0029470000004			1.0	2.0	0.0	3.0					
3424.833	8.990999999999985	trials	7.0	3429.2003710000004	3430.5915400000004	3431.9064800000006	3432.1092100000005	3428.3605130000005	3431.3635870000003	3432.634	3433.824	1.0	2.0	1.0	1.0					
3437.884	7.394999999999982	trials	7.0	3440.6812400000003	3442.362347	3443.2146220000004	3443.4904180000003	3440.0863040000004	3442.7793380000003	3444.089	3445.279	1.0	2.0	1.0	1.0					
3449.307	8.225000000000364	trials	7.0	3452.9063720000004	3454.432654	3455.3071340000006	3455.5535510000004	3452.134527	3454.8549100000005	3455.869	3457.532	1.0	2.0	1.0	1.0					
3461.614	8.5	trials	7.0	3465.6274590000003	3467.3425370000004	3468.2121500000003	3468.5482110000003	3464.9435180000005	3467.7472820000003	3469.054	3470.114	1.0	2.0	1.0	1.0					
3472.144	9.825000000000273	trials	7.0	3477.4454470000005	3478.5570350000003	3480.063403	3480.3826730000005	3476.9337590000005	3479.4903950000003	3480.714	3481.969	1.0	1.0	1.0	1.0					
3485.059	8.4399999999996	trials	7.0	3488.7905170000004	3490.6778080000004	3491.772965	3492.0303830000003	3488.1509240000005	3491.3243330000005	3492.444	3493.499	1.0	2.0	1.0	1.0					
3496.519	7.825000000000273	trials	7.0	3500.0925530000004	3501.5579720000005	3502.4271880000006	3502.6888940000003	3499.1443750000003	3501.9949690000003	3503.229	3504.344	1.0	2.0	1.0	1.0					
3507.369	7.589999999999691	trials	7.0	3510.547304	3512.4196280000006	3513.2114330000004	3513.4806470000003	3509.8631090000003	3512.7936430000004	3513.909	3514.959	1.0	2.0	1.0	1.0					
3517.009	8.875	trials	7.0	3521.601136	3523.439009	3524.6176400000004	3525.0206120000003	3521.0114030000004	3523.9858040000004			1.0	1.0	0.0	3.0					
3528.955	6.704000000000178	trials	7.0	3532.346042	3534.0774460000002	3535.0631780000003	3535.7026610000003	3531.3785120000002	3534.4714110000004			1.0	1.0	0.0	3.0					
3537.5	7.918999999999869	trials	7.0	3542.006608	3544.0820140000005	3544.9612720000005	3545.4662020000005	3541.129565	3544.4912120000004			1.0	2.0	0.0	3.0					
3547.379	12.996000000000095	trials	7.0	3556.735826	3558.4731170000005	3559.738412	3560.4215080000004	3555.857296	3559.123042			1.0	1.0	0.0	3.0					
3563.166	8.692999999999756	trials	7.0	3567.2057090000003	3568.3574020000005	3569.5500910000005	3569.8653820000004	3566.4589690000003	3569.0796230000005	3570.229	3571.859	1.0	2.0	1.0	1.0					
3573.849	10.284999999999854	trials	7.0	3579.2410040000004	3581.3309230000004	3582.044334	3582.3469280000004	3578.302958	3581.60966	3582.769	3584.134	1.0	2.0	1.0	1.0					
3586.151	9.827999999999975	trials	7.0	3591.4227590000005	3593.156449	3593.930623	3594.2998180000004	3590.8201950000002	3593.4979030000004	3594.549	3595.979	1.0	2.0	1.0	1.0					
3597.902	9.646999999999935	trials	7.0	3603.2976110000004	3604.4636150000006	3605.3141040000005	3605.5926340000005	3602.4632570000003	3604.8758080000002	3605.979	3607.549	1.0	2.0	1.0	1.0					
3610.644	10.271000000000186	trials	7.0	3616.3021820000004	3618.2295030000005	3618.925442	3619.1937340000004	3615.4305090000003	3618.4972860000003	3619.534	3620.915	1.0	2.0	1.0	1.0					
3623.0	8.264000000000124	trials	7.0	3628.6064530000003	3629.8151350000003	3630.7395670000005	3631.3094730000003	3628.0754660000002	3630.2969600000006			1.0	2.0	0.0	3.0					
3633.154	12.289999999999964	trials	7.0	3641.9669300000005	3643.222282	3644.379839	3644.8008320000004	3641.217947	3643.8176420000004			1.0	1.0	1.0	1.0					
3649.955	6.829000000000178	trials	7.0	3652.3119590000006	3654.0584440000002	3654.56487	3654.8815700000005	3651.3167410000005	3654.071659	3655.194	3656.784	1.0	2.0	1.0	1.0					
3660.775	6.773999999999887	trials	7.0	3663.283099	3664.633975	3665.6398670000003	3665.8352110000005	3662.6231980000002	3665.1466470000005	3666.224	3667.549	1.0	2.0	1.0	1.0					
3670.639	6.605000000000018	trials	7.0	3673.6279170000003	3675.2785730000005	3675.8072410000004	3675.9676620000005	3672.7030900000004	3675.2714920000003			1.0		0.0	2.0					
3680.251	10.002999999999702	trials	7.0	3685.9112710000004	3687.3988430000004	3688.2171180000005	3688.4498690000005	3685.0324140000002	3687.7608860000005	3688.909	3690.254	1.0	2.0	1.0	1.0					
3694.33	5.6840000000001965	trials	7.0	3695.9268570000004	3697.311332	3698.275762	3698.5282480000005	3695.255003	3697.8065690000003	3699.125	3700.014	1.0	2.0	1.0	1.0					
3702.088	8.670999999999822	trials	7.0	3706.6662360000005	3708.1788530000003	3708.9815690000005	3709.252953	3706.021591	3708.5402990000002	3709.684	3710.759	1.0	2.0	1.0	1.0					
3713.779	10.24499999999989	trials	7.0	3719.0363060000004	3720.8008190000005	3721.8570940000004	3722.0780030000005	3718.318685	3721.3884960000005	3722.609	3724.024	1.0	2.0	1.0	1.0					
3728.205	298.22900000000027	BlockDesign														1.0	190.0	209.0	10.0	50.0
3728.205	8.634000000000015	trials	8.0	3732.4467620000005	3734.3399780000004	3735.10847	3735.4189350000006	3731.6284370000003	3734.6369080000004	3735.799	3736.839	1.0	2.0	1.0	1.0					
3740.901	9.554000000000087	trials	8.0	3745.7366070000003	3747.3614820000003	3748.2985280000003	3748.5456080000004	3744.8870160000006	3747.8267440000004	3749.009	3750.455	1.0	2.0	1.0	1.0					
3754.495	8.425000000000182	trials	8.0	3759.621856	3761.2935260000004	3762.0528280000003	3762.3407270000002	3758.69581	3761.612739			1.0	2.0	0.0	3.0					
3766.419	5.8659999999999854	trials	8.0	3768.7576850000005	3770.6730650000004	3771.7099340000004	3772.3293780000004	3768.2440220000003	3771.0632030000006			1.0	1.0	0.0	3.0					
3776.124	69.39000000000033	trials	8.0	3841.6376750000004	3842.894118	3843.876134	3844.1751470000004	3840.71651	3843.3579690000006	3844.584	3845.514	1.0	2.0	1.0	1.0					
3848.596	9.233999999999924	trials	8.0	3855.1385200000004	3856.5818230000004	3857.330647	3857.876666	3854.5863200000003	3856.8336850000005			1.0	2.0	0.0	3.0					
3859.702	6.741999999999734	trials	8.0	3863.728731	3865.0290400000004	3865.8677140000004	3866.4883990000003	3862.8833240000004	3865.35809			1.0	2.0	0.0	3.0					
3868.25	7.7590000000000146	trials	8.0	3872.339479	3873.9588220000005	3875.3078710000004	3876.0528620000005	3871.423471	3874.5816350000005			1.0	1.0	0.0	3.0					
3879.729	5.640000000000327	trials	8.0	3882.3131610000005	3883.8032100000005	3884.750911	3885.4163930000004	3881.7862670000004	3884.2122030000005			1.0	2.0	0.0	3.0					
3888.111	10.938000000000102	trials	8.0	3894.099908	3896.0554870000005	3897.1934630000005	3897.468173	3893.5097950000004	3896.6648480000003	3897.875	3899.049	1.0	2.0	1.0	1.0					
3902.161	7.777999999999793	trials	8.0	3906.9778710000005	3908.161265	3909.340426	3909.9858500000005	3906.3583180000005	3908.7930670000005			1.0	2.0	0.0	3.0					
3912.666	10.657999999999902	trials	8.0	3918.247784	3920.2086900000004	3921.2890190000003	3921.656354	3917.62467	3920.7103880000004	3921.859	3923.324	1.0	2.0	1.0	1.0					
3926.202	6.561999999999898	trials	8.0	3929.7547540000005	3931.1489540000002	3932.3858560000003	3932.7783980000004	3928.995322	3931.783201			1.0	1.0	0.0	3.0					
3934.84	5.9539999999997235	trials	8.0	3938.2236220000004	3939.4146080000005	3940.3328340000003	3940.8411190000006	3937.3298440000003	3939.806558			1.0	2.0	0.0	3.0					
3943.72	10.264000000000124	trials	8.0	3949.638475	3950.8840410000003	3952.0403330000004	3952.3093610000005	3949.0247480000003	3951.480383	3952.722	3953.984	1.0	2.0	1.0	1.0					
3956.042	8.623000000000047	trials	8.0	3961.9032050000005	3963.2941590000005	3964.1540440000003	3964.7118160000005	3961.0594400000004	3963.6679300000005			1.0	2.0	0.0	3.0					
3968.459	20.55500000000029	trials	8.0	3986.394368	3987.8690080000006	3988.6585350000005	3989.0344400000004	3985.5619050000005	3988.208117			1.0	2.0	0.0	3.0					
3992.089	5.451000000000022	trials	8.0	3994.858579	3996.1810540000006	3997.0173310000005	3997.5869420000004	3994.0078750000002	3996.5536520000005			1.0	2.0	0.0	3.0					
3999.432	18.332000000000335	trials	8.0	4013.9046020000005	4015.9147570000005	4017.0925670000006	4017.810037	4013.1799390000006	4016.4510230000005			1.0	1.0	0.0	3.0					
4019.469	6.9650000000001455	trials	8.0	4023.7335310000003	4024.8648090000006	4026.3264620000004	4027.031398	4023.2094170000005	4025.773978			1.0	2.0	0.0	3.0					
4029.739	102.49000000000024	BlockDesign														1.0	210.0	214.0	0.0	0.0
4029.739	11.86999999999989	trials	9.0	4036.9931090000005	4039.0778510000005	4040.2120740000005	4041.6575180000004	4036.1311630000005	4039.590751			1.0	2.0	0.0	3.0					
4043.651	18.76800000000003	trials	9.0	4058.388495	4059.8904680000005	4061.2498970000006	4061.680936	4057.5148020000006	4060.6277930000006			1.0	1.0	0.0	3.0					
4066.652	15.212999999999738	trials	9.0	4078.4888120000005	4080.4504850000003	4081.378321	4081.9086410000004	4077.4982770000006	4080.8021420000005			1.0	1.0	0.0	3.0					
4084.832	34.31200000000035	trials	9.0	4115.0056380000005	4116.803516	4118.125506	4119.1922540000005	4114.292095000001	4117.598995			1.0	2.0	0.0	3.0					
4122.484	9.74499999999989	trials	9.0	4128.88055	4130.883899	4132.103749	4133.347307	4127.952848000001	4131.560753000001			1.0	2.0	0.0	3.0					
4134.575	633.0640000000003	BlockDesign														1.0	215.0	256.0	50.0	10.0
4134.575	17.498999999999796	trials	10.0	4146.988547000001	4148.310539	4149.776414	4150.1728840000005	4146.226541	4149.110426	4150.375	4152.074	1.0	1.0	1.0	1.0					
4154.161	11.057999999999993	trials	10.0	4160.6988200000005	4162.152212000001	4163.1043580000005	4163.4222070000005	4159.76356	4162.56785	4163.705	4165.219	1.0	2.0	1.0	1.0					
4169.264	5.454999999999927	trials	10.0	4171.289071	4172.823572	4174.0580740000005	4174.763972000001	4170.621716000001	4173.36358			1.0	1.0	0.0	3.0					
4178.432	5.829000000000633	trials	10.0	4180.7156350000005	4182.365285	4183.469194	4184.307023	4179.809015000001	4182.88604			1.0	2.0	0.0	3.0					
4185.825	13.458999999999833	trials	10.0	4193.809547000001	4195.46997	4197.271042	4197.631009000001	4193.204941	4196.661052	4198.04	4199.284	1.0	2.0	1.0	1.0					
4203.304	7.354999999999563	trials	10.0	4207.554463	4208.944541000001	4209.949295	4210.706955000001	4207.002601	4209.382170000001			1.0	2.0	0.0	3.0					
4213.33	11.614000000000487	trials	10.0	4218.534347000001	4220.9409350000005	4222.635244	4222.99229	4217.931056	4221.970117000001	4223.33	4224.944	1.0	1.0	1.0	1.0					
4228.036	6.34900000000016	trials	10.0	4231.599308000001	4232.625662	4234.038200000001	4234.413853	4230.602978000001	4233.323636			1.0	1.0	0.0	3.0					
4238.435	6.4099999999998545	trials	10.0	4241.810008	4243.070890000001	4244.200444	4244.893915000001	4241.098883000001	4243.646983000001			1.0	2.0	0.0	3.0					
4248.609	14.349999999999454	trials	10.0	4259.474450000001	4261.403446	4262.387002	4263.0055330000005	4258.739176	4261.890313			1.0	2.0	0.0	3.0					
4264.825	11.09900000000016	trials	10.0	4271.359244	4272.633452	4273.761385	4274.070226	4270.55706	4273.124369	4274.424	4275.924	1.0	1.0	1.0	1.0					
4278.999	6.270000000000437	trials	10.0	4282.449164000001	4283.526348	4284.536231	4285.318438	4281.658816	4283.924171000001			1.0	1.0	0.0	3.0					
4286.918	10.180000000000291	trials	10.0	4293.234686	4294.608953000001	4295.681021	4297.1418650000005	4292.399896000001	4295.067841			1.0	1.0	0.0	3.0					
4299.044	21.375	trials	10.0	4315.76998	4317.592812000001	4318.503524000001	4318.785592	4314.799648	4318.001281000001	4319.114	4320.419	1.0	2.0	1.0	1.0					
4322.499	7.275000000000546	trials	10.0	4326.925055000001	4328.521847	4329.406699	4329.720029	4326.331081	4328.937071			1.0	2.0	0.0	3.0					
4333.784	10.921000000000276	trials	10.0	4339.67642	4341.3467	4342.442446	4342.835171000001	4338.688625000001	4341.79529	4343.174	4344.705	1.0	1.0	1.0	1.0					
4346.764	11.010000000000218	trials	10.0	4354.569890000001	4355.939951	4357.098351000001	4357.823311	4353.8393510000005	4356.357666			1.0	1.0	0.0	3.0					
4360.464	15.079999999999927	trials	10.0	4372.310482000001	4374.155611	4374.957229000001	4375.594228	4371.362495	4374.511642			1.0	2.0	0.0	3.0					
4379.384	11.734999999999673	trials	10.0	4387.565558	4388.67389	4390.090990000001	4391.165979	4386.824509	4389.445304000001			1.0	1.0	0.0	3.0					
4392.384	19.83600000000024	trials	10.0	4407.0111560000005	4408.451879	4409.932396	4410.308687000001	4406.374094000001	4409.356444	4410.669	4412.22	1.0	1.0	1.0	1.0					
4416.309	7.605999999999767	trials	10.0	4420.140388	4421.986677000001	4422.883601	4423.293244	4419.6092260000005	4422.265086			1.0	1.0	0.0	3.0					
4427.291	11.623999999999796	trials	10.0	4435.525626000001	4437.116363	4438.070702000001	4438.964832000001	4434.898010000001	4437.568265			1.0	2.0	0.0	3.0					
4440.434	15.315999999999804	trials	10.0	4451.475956	4452.690899	4453.562188	4453.966901	4450.534033	4452.970776	4454.139	4455.75	1.0	1.0	1.0	1.0					
4457.793	10.436000000000604	trials	10.0	4463.491904	4465.223773000001	4466.568188	4468.278443	4462.874129	4465.833272			1.0	1.0	0.0	3.0					
4469.939	22.64099999999962	trials	10.0	4488.846098	4490.623387000001	4491.632756000001	4492.626485000001	4488.287035	4491.0575770000005			1.0	2.0	0.0	3.0					
4495.0	27.10900000000038	trials	10.0	4517.3565340000005	4519.165654	4520.09993	4520.478575	4516.819373	4519.499944	4520.779	4522.109	1.0	1.0	1.0	1.0					
4524.129	10.75	trials	10.0	4530.700607000001	4531.74233	4533.165875000001	4534.929776000001	4530.038750000001	4532.398520000001			1.0	1.0	0.0	3.0					
4536.489	13.206000000000131	trials	10.0	4544.7105280000005	4546.678655000001	4548.246209000001	4549.740524000001	4544.124172	4547.530751			1.0	1.0	0.0	3.0					
4551.559	14.239999999999782	trials	10.0	4562.170639	4564.001771	4564.935823	4565.849581	4561.495407	4564.3963730000005			1.0	2.0	0.0	3.0					
4568.239	15.38000000000011	trials	10.0	4579.976039	4581.432103	4582.936603	4583.668798000001	4579.13003	4582.431866000001			1.0	2.0	0.0	3.0					
4587.306	10.432999999999993	trials	10.0	4593.1259660000005	4594.661069	4595.795867000001	4596.12197	4592.58794	4595.107668000001	4596.494	4597.739	1.0	1.0	1.0	1.0					
4599.791	10.623999999999796	trials	10.0	4606.6260950000005	4607.795693	4608.704603	4610.460271	4605.933003	4608.055285			1.0	1.0	0.0	3.0					
4612.064	15.929999999999382	trials	10.0	4624.406183	4626.019795	4626.966178000001	4628.043475	4623.409099	4626.4233110000005			1.0	2.0	0.0	3.0					
4630.385	14.323999999999614	trials	10.0	4639.3186430000005	4641.247745000001	4642.660933	4643.049398	4638.427193	4641.918133	4643.434	4644.709	1.0	1.0	1.0	1.0					
4648.861	9.95300000000043	trials	10.0	4653.4127450000005	4655.4266450000005	4656.711275000001	4657.083847	4652.812139000001	4656.043289	4657.389	4658.814	1.0	1.0	1.0	1.0					
4660.75	11.53399999999965	trials	10.0	4668.456166	4670.450471	4671.370238	4672.333217	4667.672761	4670.706706000001			1.0	1.0	0.0	3.0					
4675.731	18.90900000000056	trials	10.0	4689.211105	4690.993001000001	4692.411752	4692.792316	4688.484481	4691.750901	4693.022	4694.64	1.0	1.0	1.0	1.0					
4696.715	14.094000000000051	trials	10.0	4706.383150000001	4707.658217	4708.720514000001	4709.096201	4705.873447	4708.052894	4709.354	4710.809	1.0	1.0	1.0	1.0					
4713.875	13.704999999999927	trials	10.0	4724.276526000001	4726.038134	4726.911578	4727.630233	4723.733735	4726.251286000001			1.0	1.0	0.0	3.0					
4731.134	14.615999999999985	trials	10.0	4741.447006	4742.658679	4743.721097000001	4744.091561	4740.646832	4743.079951000001	4744.424	4745.75	1.0	1.0	1.0	1.0					
4748.794	9.025000000000546	trials	10.0	4754.428004	4755.801108000001	4757.006494	4757.8679170000005	4753.510361000001	4756.3256440000005			1.0	1.0	0.0	3.0					
4761.309	6.329999999999927	trials	10.0	4764.69715	4766.758150000001	4767.575887000001	4768.257331000001	4763.83171	4766.861731000001			1.0	1.0	0.0	3.0					
4770.904	375.0049999999992	BlockDesign														1.0	257.0	289.0	90.0	50.0
4770.904	8.729999999999563	trials	11.0	4775.701813000001	4776.9739850000005	4778.4957620000005	4778.911829000001	4775.150782000001	4777.801160000001			1.0	1.0	1.0	1.0					
4783.088	10.426000000000386	trials	11.0	4788.307699000001	4790.128562	4791.217315	4791.698600000001	4787.652758	4790.505865	4791.919	4793.514	1.0	1.0	1.0	1.0					
4796.603	10.555999999999585	trials	11.0	4802.017135	4803.621434000001	4804.663789	4805.120659	4801.318613	4804.060291	4805.274	4807.159	1.0	1.0	1.0	1.0					
4810.179	10.52599999999984	trials	11.0	4816.001743000001	4817.309114000001	4818.259936	4818.645469	4815.244049000001	4817.650988	4819.049	4820.705	1.0	1.0	1.0	1.0					
4822.719	10.894999999999527	trials	11.0	4828.996985000001	4830.571148000001	4831.441796	4831.837475	4828.004893	4830.853867	4832.189	4833.614	1.0	1.0	1.0	1.0					
4837.683	6.761000000000422	trials	11.0	4839.947287000001	4841.088533	4842.177827	4842.574183000001	4839.358925	4841.514494	4842.804	4844.444	1.0	1.0	1.0	1.0					
4848.534	9.980000000000473	trials	11.0	4854.218989000001	4855.703999	4856.46883	4856.692921	4853.432642000001	4856.0367670000005	4857.19	4858.514	1.0	2.0	1.0	1.0					
4860.609	7.138999999999214	trials	11.0	4864.456855	4866.5499310000005	4867.362385	4867.748789	4863.885357	4866.911171000001			1.0	2.0	0.0	3.0					
4869.684	9.210000000000036	trials	11.0	4873.492064	4875.379208	4876.800496	4877.096183000001	4872.74059	4875.906892000001	4877.389	4878.894	1.0	2.0	1.0	1.0					
4881.01	6.944999999999709	trials	11.0	4885.081978	4886.835812	4887.619652	4887.910016	4884.251756000001	4887.213098			1.0	2.0	0.0	3.0					
4892.039	6.295000000000073	trials	11.0	4893.942373	4895.324206	4896.571237	4896.790627	4892.427922000001	4896.07175	4897.102	4898.334	1.0	2.0	1.0	1.0					
4901.416	8.403000000000247	trials	11.0	4905.607874	4907.114662	4907.781527	4907.997469	4904.694323000001	4907.368394	4908.415	4909.819	1.0	2.0	1.0	1.0					
4912.839	7.395000000000437	trials	11.0	4917.8677450000005	4919.274074000001	4919.9399410000005	4920.190651000001	4917.138513	4919.485826			1.0	2.0	0.0	3.0					
4924.264	8.414999999999964	trials	11.0	4928.39785	4929.529384	4930.441838000001	4930.905484000001	4927.80273	4929.861724	4931.097	4932.679	1.0	1.0	1.0	1.0					
4934.761	8.522999999999229	trials	11.0	4938.687733000001	4940.677559000001	4941.499745	4941.705103	4937.947493000001	4941.037109000001	4942.269	4943.284	1.0	2.0	1.0	1.0					
4947.305	7.09900000000016	trials	11.0	4949.913037	4951.529506000001	4952.3385880000005	4952.584594	4948.979428000001	4951.898509000001	4953.014	4954.404	1.0	2.0	1.0	1.0					
4958.491	5.3729999999995925	trials	11.0	4961.473852	4962.789529000001	4963.518077000001	4963.799791	4960.497653	4963.107458			1.0	2.0	0.0	3.0					
4966.939	10.590000000000146	trials	11.0	4972.697620000001	4974.254518000001	4975.274762	4975.689679	4971.732086	4974.744907	4975.924	4977.529	1.0	1.0	1.0	1.0					
4980.604	7.475999999999658	trials	11.0	4983.528073	4985.014772	4986.098675	4986.467183000001	4982.590286000001	4985.511392	4986.679	4988.08	1.0	1.0	1.0	1.0					
4990.099	7.9399999999996	trials	11.0	4994.679548	4996.768672	4997.607004	4997.828014000001	4993.712912000001	4997.179016			1.0	2.0	0.0	3.0					
5002.027	8.177999999999884	trials	11.0	5005.768108	5007.176923000001	5008.000027	5008.428581	5005.169716	5007.393067000001	5008.779	5010.205	1.0	1.0	1.0	1.0					
5013.291	7.438000000000102	trials	11.0	5016.1177210000005	5017.64768	5018.581241	5019.041117000001	5015.210486	5017.951672	5019.259	5020.729	1.0	1.0	1.0	1.0					
5024.76	7.358999999999469	trials	11.0	5027.679802000001	5029.390324	5030.248703	5030.530081000001	5027.023143	5029.676156	5030.894	5032.119	1.0	1.0	1.0	1.0					
5034.151	9.265000000000327	trials	11.0	5040.198257	5042.070848	5043.0020110000005	5043.443269	5039.474707	5042.34061			1.0	1.0	0.0	3.0					
5045.428	8.916000000000167	trials	11.0	5049.863447000001	5051.378942	5052.2636330000005	5052.626308000001	5049.010037	5051.619826	5052.949	5054.344	1.0	1.0	1.0	1.0					
5056.364	8.470000000000255	trials	11.0	5060.584117	5061.839588000001	5062.665836	5063.121497	5059.951118000001	5061.993899	5063.364	5064.834	1.0	1.0	1.0	1.0					
5068.916	7.792999999999665	trials	11.0	5071.207769000001	5073.290783	5074.813696	5075.122414	5070.631688	5074.167493000001	5075.394	5076.709	1.0	1.0	1.0	1.0					
5078.791	8.44799999999941	trials	11.0	5082.419176	5084.307356	5085.175487	5085.491369	5081.751362000001	5084.579473	5085.76	5087.239	1.0	1.0	1.0	1.0					
5090.255	8.269000000000233	trials	11.0	5094.278644	5095.370248	5096.284849000001	5096.633882	5093.338762	5095.644548	5097.08	5098.524	1.0	1.0	1.0	1.0					
5100.59	9.708999999999833	trials	11.0	5105.854166	5107.178572000001	5108.092211	5108.526387	5105.004008	5107.465612	5108.769	5110.299	1.0	1.0	1.0	1.0					
5113.387	7.837000000000444	trials	11.0	5117.043172	5118.195338	5119.106804000001	5119.460483000001	5116.4419020000005	5118.447830000001	5119.769	5121.224	1.0	1.0	1.0	1.0					
5124.304	9.229999999999563	trials	11.0	5128.644173000001	5129.725828000001	5130.661193	5131.061276	5128.1364060000005	5130.0282480000005	5131.399	5133.534	1.0	1.0	1.0	1.0					
5136.554	9.354999999999563	trials	11.0	5140.418449000001	5142.320288000001	5143.531291	5143.933405	5139.511043	5142.726683000001	5144.206	5145.909	1.0	1.0	1.0	1.0					
5150.054	472.33500000000004	BlockDesign														1.0	290.0	311.0	50.0	0.0
5150.054	6.220000000000255	trials	12.0	5153.010655	5154.316279000001			5152.351691	5154.308848000001			2.0		0.0	2.0					
5159.294	13.706000000000131	trials	12.0	5169.989024	5171.31107	5172.3164320000005	5173.0537890000005	5169.051283000001	5171.678219			2.0	1.0	0.0	3.0					
5174.789	9.329999999999927	trials	12.0	5180.9339230000005	5182.2552510000005	5183.222890000001	5184.170128	5180.332346	5182.750546			2.0	2.0	0.0	3.0					
5185.62	78.11700000000019	trials	12.0	5259.77441	5260.994369	5263.225558	5263.783612	5259.233711000001	5262.3217190000005			2.0	2.0	0.0	3.0					
5265.609	14.984999999999673	trials	12.0	5276.744218	5278.407116	5279.255403	5280.6465610000005	5276.206572000001	5278.596929			2.0	1.0	0.0	3.0					
5283.7	17.399000000000342	trials	12.0	5296.494085	5298.035972	5298.821804	5299.227368	5295.606823	5298.222928	5299.609	5301.099	2.0	1.0	1.0	1.0					
5303.119	10.650000000000546	trials	12.0	5309.149792	5310.575162000001	5311.441022000001	5311.892972000001	5308.5086630000005	5310.810188	5312.144	5313.769	2.0	1.0	1.0	1.0					
5316.794	9.372000000000298	trials	12.0	5322.734513	5324.8243	5325.662095	5326.172860000001	5321.861387000001	5325.055073			2.0	1.0	0.0	3.0					
5328.184	11.554999999999382	trials	12.0	5336.374299000001	5338.266455000001	5339.296757	5339.791370000001	5335.516988	5338.682105			2.0	1.0	0.0	3.0					
5343.669	7.206000000000131	trials	12.0	5347.714259	5349.036119	5350.146326	5350.923748	5347.2039620000005	5349.4818510000005			2.0	1.0	0.0	3.0					
5352.541	20.297999999999774	trials	12.0	5367.749855	5369.751071000001	5370.670393	5371.010998	5366.846698	5370.059861	5371.304	5372.839	2.0	1.0	1.0	1.0					
5375.855	9.214000000000851	trials	12.0	5380.73021	5381.952958	5382.936629	5383.341053	5380.017184	5382.277859	5383.679	5385.069	2.0	1.0	1.0	1.0					
5389.086	9.313000000000102	trials	12.0	5393.454547	5395.3164990000005	5396.1954080000005	5396.644826	5392.906852	5395.6404760000005	5396.904	5398.399	2.0	1.0	1.0	1.0					
5401.432	9.733000000000175	trials	12.0	5406.261086	5408.037595	5408.968085	5409.4226770000005	5405.503628	5408.344526000001	5409.604	5411.165	2.0	1.0	1.0	1.0					
5413.239	16.785000000000764	trials	12.0	5426.870183000001	5428.201696	5429.128619000001	5430.077585000001	5426.052610000001	5428.505429000001			2.0	1.0	0.0	3.0					
5431.499	13.555000000000291	trials	12.0	5441.700401	5443.187251	5444.058862	5445.107264	5440.707257	5443.4079520000005			2.0	1.0	0.0	3.0					
5447.463	13.24200000000019	trials	12.0	5456.874610000001	5458.666997			5456.030760000001	5458.6641420000005			2.0		0.0	2.0					
5462.719	87.84500000000025	trials	12.0	5546.195746	5547.626282	5548.4327650000005	5548.873018	5545.414448	5547.837322	5549.009	5550.564	2.0	1.0	1.0	1.0					
5554.654	12.27599999999984	trials	12.0	5563.440674	5565.445750000001	5566.223233000001	5566.983539000001	5562.509924	5565.414933			2.0	1.0	0.0	3.0					
5568.657	17.581999999999425	trials	12.0	5582.750941	5584.669562000001	5585.481208	5586.293315000001	5582.035382	5584.909998000001			2.0	1.0	0.0	3.0					
5589.865	17.45800000000054	trials	12.0	5604.075424000001	5605.6398690000005	5606.509958000001	5607.375248	5603.125057	5606.020280000001			2.0	2.0	0.0	3.0					
5609.869	12.520000000000437	trials	12.0	5617.240912	5619.195332	5620.108798	5620.527347	5616.631322	5619.469010000001	5620.824	5622.389	2.0	1.0	1.0	1.0					
5626.488	401.0659999999998	BlockDesign														1.0	312.0	333.0	0.0	50.0
5626.488	9.261999999999716	trials	13.0	5630.830577000001	5632.607559	5633.554174000001	5633.924789000001	5630.133595	5633.059457	5634.264	5635.75	3.0	2.0	1.0	1.0					
5637.769	9.510000000000218	trials	13.0	5643.101921	5645.237723	5645.739973	5646.382472	5642.327057	5645.231153000001			3.0		0.0	2.0					
5649.29	17.939000000000306	trials	13.0	5663.737215000001	5665.634828	5666.386094	5667.280976	5662.7397120000005	5665.951076			3.0	2.0	0.0	3.0					
5669.764	25.610999999999876	trials	13.0	5691.422017000001	5692.828685	5693.544439	5693.823349	5690.554492	5693.128603	5694.25	5695.375	3.0	2.0	1.0	1.0					
5699.464	7.730000000000473	trials	13.0	5703.0625150000005	5704.217438	5705.251997	5705.593795000001	5702.139931	5704.804701000001	5705.889	5707.194	3.0	2.0	1.0	1.0					
5710.333	8.516000000000531	trials	13.0	5715.965699	5717.192782	5717.955723000001	5718.904316	5715.233845000001	5717.499811			3.0	2.0	0.0	3.0					
5720.393	18.350999999999658	trials	13.0	5734.546027	5735.6226750000005	5736.415739	5736.75002	5733.779635000001	5736.028858	5737.059	5738.744	3.0	2.0	1.0	1.0					
5740.761	9.153999999999542	trials	13.0	5747.191561000001	5748.313589	5749.138296000001	5749.967374	5746.226216000001	5748.703897			3.0	2.0	0.0	3.0					
5753.464	11.140000000000327	trials	13.0	5760.366458	5761.6537690000005	5762.616263	5762.929712000001	5759.758901	5762.169712000001	5763.439	5764.604	3.0	2.0	1.0	1.0					
5766.625	7.1899999999996	trials	13.0	5771.1761670000005	5772.523098	5773.267255000001	5773.871743	5770.294964000001	5772.835561			3.0	2.0	0.0	3.0					
5776.674	26.805999999999585	trials	13.0	5799.826457	5801.457968000001			5798.881585000001	5801.448120000001			3.0		0.0	2.0					
5805.559	27.420000000000073	trials	13.0	5830.166423000001	5831.395658	5832.088286	5833.031698000001	5829.315724	5831.643707			3.0	2.0	0.0	3.0					
5834.419	22.496000000000095	trials	13.0	5852.857267	5854.419886	5855.118652	5855.402588000001	5852.218111	5854.70318	5855.854	5856.915	3.0	2.0	1.0	1.0					
5860.948	8.256999999999607	trials	13.0	5865.228043000001	5866.593118000001	5867.449715000001	5867.7156190000005	5864.645046000001	5866.963390000001	5868.219	5869.205	3.0	2.0	1.0	1.0					
5872.224	7.199999999999818	trials	13.0	5876.638544	5877.864127000001	5878.769447000001	5879.478358	5875.773023	5878.287821			3.0	2.0	0.0	3.0					
5881.129	16.900000000000546	trials	13.0	5894.701661000001	5896.6232580000005	5897.404549000001	5898.081238000001	5893.814485000001	5896.967060000001			3.0	2.0	0.0	3.0					
5899.794	15.020000000000437	trials	13.0	5910.341542	5912.26565	5912.760505	5913.0586	5909.806270000001	5912.321014000001	5913.544	5914.814	3.0	2.0	1.0	1.0					
5918.901	7.403000000000247	trials	13.0	5923.876545000001	5924.9389280000005	5925.682294	5926.357883000001	5923.0495630000005	5925.276596			3.0	2.0	0.0	3.0					
5928.984	14.464999999999236	trials	13.0	5939.729405	5941.7390430000005	5942.780954	5943.504898	5938.881944000001	5942.154582			3.0	1.0	0.0	3.0					
5945.166	12.778999999999542	trials	13.0	5955.433739	5956.557458	5957.356121000001	5958.0021480000005	5954.792668	5956.934687000001			3.0	2.0	0.0	3.0					
5959.661	54.74300000000039	trials	13.0	6009.897541	6011.9393150000005	6012.456581	6012.813224	6009.146855000001	6011.927656	5990.044	6014.404	3.0	2.0	1.0	1.0					
6016.424	11.13000000000011	trials	13.0	6023.1572080000005	6024.603382	6025.36462	6025.7202990000005	6022.304888000001	6024.889421	6026.094	6027.554	3.0	2.0	1.0	1.0					
6029.669	1249.2350000000006	BlockDesign														1.0	334.0	392.0	50.0	50.0
6029.669	17.83100000000013	trials	14.0	6043.697314000001	6045.458941000001	6046.739328	6046.937902	6043.082528000001	6045.443510000001			2.0		0.0	2.0					
6050.529	11.385999999999513	trials	14.0	6058.31411	6059.8791280000005	6060.736654	6060.848951	6057.564167	6059.87441			3.0		0.0	2.0					
6065.924	34.57600000000002	trials	14.0	6098.519260000001	6098.5496060000005			6097.580491000001	6098.5464520000005			3.0		0.0	2.0					
6103.589	23.786000000000058	trials	14.0	6124.659618000001	6125.374496			6097.580491000001	6125.368317			3.0		0.0	2.0					
6129.389	36.11499999999978	trials	14.0	6162.797263	6163.514427000001	6164.069504000001	6164.329007	6161.874819000001	6163.510626			3.0		0.0	2.0					
6167.515	17.149999999999636	trials	14.0	6181.488146000001	6183.254024000001	6184.040744000001	6184.770485000001	6180.587193	6183.478169000001			2.0	1.0	0.0	3.0					
6187.404	15.36999999999989	trials	14.0	6198.247694000001	6199.920389000001	6200.674859000001	6201.0746420000005	6197.387136	6200.093522000001	6201.25	6202.774	2.0	1.0	1.0	1.0					
6206.844	9.96600000000035	trials	14.0	6212.477387000001	6213.659814000001	6214.563086000001	6214.989254000001	6211.632947000001	6213.947886000001	6215.044	6216.81	2.0	1.0	1.0	1.0					
6219.735	16.93000000000029	trials	14.0	6232.368419	6233.559231	6234.531968	6234.937076	6231.6712800000005	6233.8724330000005	6235.125	6236.665	2.0	1.0	1.0	1.0					
6240.684	8.730999999999767	trials	14.0	6245.814141000001	6247.509968	6248.513904	6248.573634	6244.869276	6247.504409000001			3.0		0.0	2.0					
6251.426	20.95799999999963	trials	14.0	6267.653244000001	6269.419487000001	6270.316055	6270.7549850000005	6266.8064	6269.717903000001			3.0	1.0	0.0	3.0					
6274.609	43.22099999999955	trials	14.0	6314.283374000001	6315.895098000001			6313.513658000001	6315.8863440000005			2.0		0.0	2.0					
6320.84	74.60400000000027	trials	14.0	6392.833821	6394.040159	6394.685523000001	6395.550561000001	6391.900503000001	6394.257321000001			3.0	2.0	0.0	3.0					
6397.939	18.159999999999854	trials	14.0	6412.1288460000005	6413.8254830000005	6414.774912000001	6416.206069000001	6411.323669	6414.1869480000005			2.0	1.0	0.0	3.0					
6417.089	30.975000000000364	trials	14.0	6444.504035000001	6446.250593000001	6446.9851530000005	6448.1684700000005	6443.523395	6446.538522000001			2.0	2.0	0.0	3.0					
6449.252	18.82799999999952	trials	14.0	6464.258789	6466.278094	6466.940435	6467.297724000001	6463.541034000001	6466.540419000001			3.0	2.0	1.0	1.0					
6472.559	21.77099999999973	trials	14.0	6490.223475000001	6491.683584	6492.078993000001	6492.386313000001	6489.440976000001	6491.630223	6492.729	6494.33	3.0	2.0	1.0	1.0					
6498.349	9.889999999999418	trials	14.0	6503.5050200000005	6505.271504	6506.122902000001	6506.533740000001	6502.872755	6505.543539	6506.809	6508.239	2.0	1.0	1.0	1.0					
6510.355	8.879000000000815	trials	14.0	6515.924115000001	6518.048643000001	6518.675484	6519.338396000001	6515.207334000001	6518.1575330000005			3.0	2.0	0.0	3.0					
6522.015	8.764000000000124	trials	14.0	6527.768745	6529.192373000001	6530.143463	6530.887421	6527.195729000001	6529.501663000001			3.0	1.0	0.0	3.0					
6533.514	14.095000000000255	trials	14.0	6544.848957	6546.366396	6547.173054000001	6547.714913000001	6544.276134000001	6546.723933			3.0	2.0	0.0	3.0					
6550.429	12.100000000000364	trials	14.0	6559.179048000001	6561.040247000001	6561.85386	6562.6348290000005	6558.531483000001	6561.256316000001			2.0	1.0	0.0	3.0					
6564.229	72.60099999999966	trials	14.0	6633.929178	6635.402294	6636.242811000001	6636.9355350000005	6633.108836	6635.671674			2.0	1.0	0.0	3.0					
6638.489	16.480000000000473	trials	14.0	6650.251509000001	6652.195074	6652.923796000001	6653.333007000001	6649.611774000001	6652.36163	6653.519	6654.969	2.0	1.0	1.0	1.0					
6658.05	8.095000000000255	trials	14.0	6663.194730000001	6664.480959	6665.465472000001	6666.251733000001	6662.208698	6664.750727000001			2.0	1.0	0.0	3.0					
6669.724	12.114999999999782	trials	14.0	6679.114686000001	6680.4258740000005	6681.300876	6681.948373000001	6678.221982000001	6680.803608			3.0	2.0	0.0	3.0					
6683.651	18.62800000000061	trials	14.0	6698.025896000001	6699.416204000001	6700.184824000001	6700.514469000001	6697.137147	6699.760269	6700.744	6702.279	3.0	2.0	1.0	1.0					
6704.299	12.265000000000327	trials	14.0	6712.085035000001	6713.663796000001	6714.388635	6714.649068000001	6711.201120000001	6713.927645000001	6715.034	6716.564	3.0	2.0	1.0	1.0					
6719.584	7.654999999999745	trials	14.0	6724.3048690000005	6725.985033000001	6726.816786	6727.344627	6723.587408	6726.249600000001			2.0	1.0	0.0	3.0					
6730.129	13.926000000000386	trials	14.0	6739.209968000001	6741.261122000001	6742.031205	6742.415587	6738.417509000001	6741.440610000001	6742.564	6744.055	2.0	1.0	1.0	1.0					
6748.104	8.670000000000073	trials	14.0	6752.224714000001	6753.433425000001	6754.25596	6754.669968	6751.306151000001	6753.6413840000005	6754.79	6756.774	2.0	1.0	1.0	1.0					
6758.629	14.677999999999884	trials	14.0	6769.434386000001	6770.481074	6772.956758	6773.366917	6768.440255	6770.8792650000005			3.0	2.0	0.0	3.0					
6776.279	14.804999999999382	trials	14.0	6788.1299770000005	6789.701991000001	6790.517559000001	6791.1933930000005	6787.245252000001	6789.899150000001			2.0	1.0	0.0	3.0					
6793.825	12.916000000000167	trials	14.0	6801.925395	6803.721368	6804.552872	6804.991296	6801.070331000001	6803.943084	6805.199	6806.741	2.0	1.0	1.0	1.0					
6808.779	8.284999999999854	trials	14.0	6813.600294000001	6815.167839000001			6812.822055000001	6815.156217000001			3.0		0.0	2.0					
6821.139	23.164999999999964	trials	14.0	6841.356392000001	6842.72241	6843.209280000001	6844.412355	6840.535917000001	6842.756130000001			3.0	2.0	0.0	3.0					
6847.451	16.108000000000175	trials	14.0	6860.086367000001	6861.756241000001	6862.217442000001	6863.6671400000005	6859.194713000001	6861.758607000001			3.0	2.0	0.0	3.0					
6864.519	20.185999999999694	trials	14.0	6881.770012000001	6882.806960000001			6881.14098	6882.799602000001			2.0		0.0	2.0					
6886.714	45.82999999999993	trials	14.0	6928.295381000001	6930.025194000001	6930.6332090000005	6930.937615000001	6927.760209000001	6930.095859000001	6931.266	6932.544	3.0	2.0	1.0	1.0					
6935.564	15.864999999999782	trials	14.0	6948.3055110000005	6950.057103000001	6950.872003	6951.536172000001	6947.486813	6950.288306			2.0	1.0	0.0	3.0					
6955.238	18.091999999999643	trials	14.0	6969.145178000001	6970.330905000001	6971.182983000001	6971.514472000001	6968.538636	6970.731559000001	6971.794	6973.33	3.0	2.0	1.0	1.0					
6976.37	12.759000000000015	trials	14.0	6985.237053000001	6986.714472000001	6987.201222000001	6987.438864000001	6984.495443000001	6986.781618000001	6987.919	6989.129	3.0	2.0	1.0	1.0					
6992.149	11.8149999999996	trials	14.0	6999.252464000001	7000.609857	7001.727677000001	7002.160591000001	6998.660943000001	7001.0586840000005	7002.459	7003.964	2.0	1.0	1.0	1.0					
7008.06	11.733999999999469	trials	14.0	7015.617006	7016.807352000001	7017.741783	7017.958796000001	7015.020762	7017.1129980000005	7018.494	7019.794	2.0	1.0	1.0	1.0					
7021.878	12.131000000000313	trials	14.0	7030.942284000001	7032.3682610000005	7033.2250460000005	7034.116190000001	7029.963429	7032.628168000001			2.0	1.0	0.0	3.0					
7035.514	8.25500000000011	trials	14.0	7040.081499000001	7041.872334000001			7039.230837000001	7041.867476			2.0		0.0	2.0					
7046.845	16.338999999999942	trials	14.0	7059.956558000001	7061.284860000001	7061.77721	7062.06929	7059.170696000001	7061.278956			3.0		0.0	2.0					
7065.194	14.692000000000007	trials	14.0	7076.430945000001	7077.852648000001	7078.250796	7079.30309	7075.510828	7077.847892000001			3.0		0.0	2.0					
7083.899	14.25	trials	14.0	7095.136413	7096.2488490000005	7096.840997	7097.341467	7094.240084000001	7096.236143			3.0		0.0	2.0					
7101.213	19.95600000000013	trials	14.0	7117.561444000001	7119.636547000001	7120.578705000001	7121.279462	7116.865014000001	7119.940781			3.0	1.0	0.0	3.0					
7122.814	27.465000000000146	trials	14.0	7145.966819	7147.687730000001	7148.288898000001	7148.598803000001	7145.256299000001	7147.824425000001	7148.889	7150.279	3.0	2.0	1.0	1.0					
7152.299	11.903000000000247	trials	14.0	7159.796355	7160.833657000001	7161.841219000001	7162.276637000001	7159.01555	7161.206015000001	7162.484	7164.202	2.0	1.0	1.0	1.0					
7167.284	10.546000000000276	trials	14.0	7174.961465	7176.542057000001	7177.376571000001	7177.460628000001	7174.224474000001	7176.704296000001			2.0	1.0	0.0	3.0					
7181.684	12.036000000000058	trials	14.0	7190.5867880000005	7192.343219	7193.185631	7193.82707	7189.841247	7192.523090000001			2.0	1.0	0.0	3.0					
7196.484	22.914999999999964	trials	14.0	7214.496782	7216.353128000001	7217.274731	7217.693184000001	7213.659018	7216.6776930000005	7217.894	7219.399	2.0	1.0	1.0	1.0					
7221.419	10.6850000000004	trials	14.0	7229.306784	7230.55208	7231.477466	7232.214965000001	7228.60325	7231.006136000001			3.0	2.0	0.0	3.0					
7233.84	15.689000000000306	trials	14.0	7244.886912000001	7246.578848000001	7247.4073020000005	7247.862150000001	7244.323502000001	7246.793667000001	7248.01	7249.529	2.0	1.0	1.0	1.0					
7253.605	11.174000000000888	trials	14.0	7260.1063730000005	7261.719024000001	7262.5074620000005	7262.944194000001	7259.464552	7261.925840000001	7263.269	7264.779	2.0	1.0	1.0	1.0					
7267.865	11.03900000000067	trials	14.0	7276.753464	7278.0213810000005	7278.8989200000005	7279.885895	7276.236416000001	7278.276964000001			3.0	1.0	0.0	3.0					
7283.159	111.60300000000007	BlockDesign														1.0	393.0	397.0	0.0	0.0
7283.159	12.655000000000655	trials	15.0	7292.686871000001	7293.899436000001	7294.680593000001	7295.922099	7292.177423000001	7294.0906860000005			2.0	1.0	0.0	3.0					
7298.924	14.345000000000255	trials	15.0	7310.221842000001	7311.79913	7312.681491	7313.378931000001	7309.551515000001	7312.047734000001			2.0	1.0	0.0	3.0					
7315.934	23.86999999999989	trials	15.0	7337.332689000001	7338.405752000001	7339.225482000001	7339.912993000001	7336.734786000001	7338.663345000001			2.0	1.0	0.0	3.0					
7344.561	17.56800000000021	trials	15.0	7359.350424	7360.596503000001	7361.495780000001	7362.241857000001	7358.832090000001	7360.9153160000005			2.0	1.0	0.0	3.0					
7365.838	28.923999999999978	trials	15.0	7392.743163000001	7393.9133520000005	7394.755904000001	7395.297656000001	7392.191172000001	7394.134463			2.0	1.0	0.0	3.0					
7398.109	222.2599999999993	BlockDesign														1.0	398.0	405.0	0.0	0.0
7398.109	40.055999999999585	trials	16.0	7434.498075	7436.269367000001	7436.750969000001	7437.396525	7433.694077	7436.25777			3.0		0.0	2.0					
7442.174	14.069999999999709	trials	16.0	7452.972759	7454.892812	7455.380973	7456.354298	7452.136905	7454.898392000001			3.0	2.0	0.0	3.0					
7458.761	14.568999999999505	trials	16.0	7468.319808	7469.825000000001	7470.641477000001	7473.442449	7467.794395000001	7470.204354			3.0	2.0	0.0	3.0					
7475.964	15.311999999999898	trials	16.0	7487.482458	7489.339777000001			7486.834788	7489.328045			3.0		0.0	2.0					
7495.29	55.54399999999987	trials	16.0	7546.098456000001	7546.435863000001	7547.482725000001	7547.930613	7545.150083	7546.424514			3.0		0.0	2.0					
7551.344	20.695999999999913	trials	16.0	7569.558173	7570.600190000001	7571.5781910000005	7572.149076000001	7568.613056	7571.106486000001			3.0	2.0	0.0	3.0					
7574.896	16.097999999999956	trials	16.0	7588.013649	7589.104742	7590.041876000001	7591.104947000001	7587.4458620000005	7589.551427			3.0	2.0	0.0	3.0					
7594.389	25.979999999999563	trials	16.0	7617.833928000001	7619.590391000001	7620.357111	7620.877490000001	7617.209369	7619.925461000001			3.0	2.0	0.0	3.0					
7623.684	1245.0950000000003	BlockDesign														1.0	406.0	458.0	50.0	50.0
7623.684	18.63000000000011	trials	17.0	7637.414274000001	7639.229300000001	7640.055819000001	7640.4359030000005	7636.788983	7639.509321			2.0	1.0	0.0	3.0					
7644.31	19.03399999999965	trials	17.0	7659.933881000001	7661.415840000001	7662.211031000001	7663.457373000001	7659.0796820000005	7661.692044			3.0	2.0	0.0	3.0					
7664.474	25.534999999999854	trials	17.0	7686.168921	7687.9654040000005	7688.556347000001	7690.123632000001	7685.271075000001	7687.978803000001			2.0	1.0	0.0	3.0					
7691.894	42.31999999999971	trials	17.0	7729.7809130000005	7731.291045000001	7732.096601000001	7732.581518000001	7729.172904000001	7731.547318000001	7732.83	7734.214	2.0	1.0	1.0	1.0					
7737.234	13.049999999999272	trials	17.0	7745.773938	7747.241175000001	7748.077126	7748.471253000001	7745.147426	7747.508067000001	7748.754	7750.284	2.0	1.0	1.0	1.0					
7752.38	20.814000000000306	trials	17.0	7770.497123000001	7771.302419000001			7769.961387	7771.290072000001			3.0		0.0	2.0					
7775.234	72.71099999999933	trials	17.0	7844.729258	7846.173729	7847.187966	7848.058746000001	7843.927686000001	7846.563134000001			3.0	1.0	0.0	3.0					
7851.557	13.447000000000116	trials	17.0	7861.060721000001	7862.428041000001	7862.879180000001	7863.147055	7860.278255000001	7862.419059000001	7863.489	7865.004	3.0	2.0	1.0	1.0					
7867.935	14.894999999999527	trials	17.0	7879.429988000001	7880.931852000001			7878.624740000001	7880.925446000001			3.0		0.0	2.0					
7885.915	13.173999999999978	trials	17.0	7896.604751000001	7897.809245	7898.5178000000005	7899.204174	7895.879757000001	7898.088396000001			3.0	2.0	0.0	3.0					
7901.889	17.664999999999964	trials	17.0	7916.821355	7918.258344000001	7918.955202000001	7919.665527000001	7916.034101000001	7918.411634			2.0	1.0	0.0	3.0					
7921.254	17.5600000000004	trials	17.0	7935.906773000001	7937.162249000001	7937.941104	7938.926933000001	7935.117704	7937.481079000001			3.0	2.0	0.0	3.0					
7942.205	16.184000000000196	trials	17.0	7954.965544000001	7956.493912000001			7954.251624	7956.484947000001			3.0		0.0	2.0					
7960.399	35.39099999999962	trials	17.0	7992.656637	7993.86153	7995.194114000001	7995.243018000001	7991.8796250000005	7994.627762			2.0	1.0	0.0	3.0					
7997.519	19.11499999999978	trials	17.0	8011.910723000001	8013.802092000001	8014.544291	8014.908911	8011.154102	8013.9864720000005	8015.179	8016.634	2.0	1.0	1.0	1.0					
8020.666	13.043999999999869	trials	17.0	8028.621005000001	8030.462447000001	8031.403698	8031.834003000001	8028.018044	8030.783676000001	8032.099	8033.71	2.0	1.0	1.0	1.0					
8035.784	14.71600000000035	trials	17.0	8047.005551	8048.622755	8049.899918000001	8050.613271	8046.317699000001	8049.271364			3.0	1.0	0.0	3.0					
8053.139	17.170000000000073	trials	17.0	8065.327518	8067.330800000001	8068.012025000001	8068.5477630000005	8064.71673	8067.4388930000005	8068.674	8070.309	2.0	1.0	1.0	1.0					
8074.349	10.440999999999804	trials	17.0	8082.036463	8083.357197	8084.278337000001	8084.9053730000005	8081.291160000001	8083.761237000001			3.0	2.0	0.0	3.0					
8088.59	15.134000000000015	trials	17.0	8100.1215600000005	8101.744157000001			8099.3893530000005	8101.740681000001			2.0		0.0	2.0					
8105.734	19.210000000000036	trials	17.0	8120.061369000001	8122.1474880000005	8122.708158	8122.992378000001	8119.246394000001	8122.249667	8123.369	8124.944	3.0	2.0	1.0	1.0					
8128.034	12.650000000000546	trials	17.0	8137.229672	8139.066056000001	8139.796308000001	8140.797602000001	8136.6137180000005	8139.211437000001			2.0	1.0	0.0	3.0					
8142.08	17.074000000000524	trials	17.0	8155.956897	8157.343133	8158.256216000001	8159.269146000001	8155.262252	8157.649224000001			2.0	1.0	0.0	3.0					
8161.639	19.190999999999804	trials	17.0	8176.5258810000005	8178.090849	8178.587372	8178.845879	8176.024335	8178.099819000001	8179.154	8180.83	3.0	2.0	1.0	1.0					
8184.904	11.739999999999782	trials	17.0	8193.566003	8195.271251	8196.193915	8196.757209000001	8192.631059000001	8195.525874			2.0	2.0	0.0	3.0					
8198.48	17.488999999999578	trials	17.0	8212.421337	8213.723670000001	8215.377388	8215.596597	8211.758019	8213.711147			2.0		0.0	2.0					
8217.705	18.35399999999936	trials	17.0	8232.556514	8234.083755			8231.753436	8234.077742000001			2.0		0.0	2.0					
8238.104	16.125	trials	17.0	8251.126614	8252.608077	8253.116231	8254.342089000002	8250.392814	8252.612853			3.0	2.0	0.0	3.0					
8256.474	23.7549999999992	trials	17.0	8276.836695	8278.233691000001	8278.69892	8279.024845	8275.957281	8278.228257			3.0		0.0	2.0					
8283.239	23.710000000000946	trials	17.0	8303.332695000001	8304.973883	8305.615335	8305.783737000002	8302.662960000001	8304.967005			3.0		0.0	2.0					
8311.024	17.63000000000102	trials	17.0	8325.698193	8326.754064	8327.613435000001	8327.699178	8325.092822	8326.747802000002			3.0		0.0	2.0					
8331.728	49.57100000000173	trials	17.0	8376.448908	8378.243369	8379.108141	8379.516601000001	8375.675534	8378.510841000001	8379.694	8381.299	2.0	1.0	1.0	1.0					
8383.323	15.15099999999984	trials	17.0	8393.513244000002	8395.473741000002	8396.389362000002	8396.801226	8392.613862	8395.738418	8396.955	8398.474	2.0	1.0	1.0	1.0					
8402.556	15.657999999999447	trials	17.0	8414.612084	8416.568844000001	8417.360328	8418.331521	8414.023644	8416.757822			2.0	1.0	0.0	3.0					
8421.599	17.191999999999098	trials	17.0	8435.231921	8436.856698	8437.695759	8437.937696	8434.401936	8436.849636			3.0		0.0	2.0					
8440.838	14.601000000000568	trials	17.0	8450.993766	8452.539708	8453.39603	8453.681092	8450.148578	8452.958759000001	8454.014	8455.439	3.0	2.0	1.0	1.0					
8458.529	11.694999999999709	trials	17.0	8466.462903	8468.330088			8465.709058	8468.324304000002			3.0		0.0	2.0					
8472.299	99.90599999999904	trials	17.0	8569.744692	8571.076245	8571.750936	8572.323485	8569.129388000001	8571.330863000001			3.0	2.0	0.0	3.0					
8575.044	20.32300000000032	trials	17.0	8591.12832	8592.440980000001	8593.18	8593.600215	8590.227054	8592.627193	8593.734	8595.367	2.0	1.0	1.0	1.0					
8598.453	15.027000000000044	trials	17.0	8610.538299	8611.848566	8612.653065	8613.594792	8609.815260000001	8612.091449			2.0	1.0	0.0	3.0					
8614.919	22.13500000000022	trials	17.0	8634.340085	8635.668652	8636.345874	8637.171171	8633.384016	8635.796196000001			2.0	1.0	0.0	3.0					
8640.589	22.0049999999992	trials	17.0	8659.393119	8661.313123	8662.046767	8662.712162	8658.795470000001	8661.455351			2.0	1.0	0.0	3.0					
8664.33	31.818999999999505	trials	17.0	8692.276598	8693.290872000001	8694.137678000001	8694.609459000001	8691.304838	8693.540181	8694.754	8696.149	2.0	1.0	1.0	1.0					
8699.169	11.510000000000218	trials	17.0	8706.325211000001	8707.891685	8708.61939	8708.942498	8705.318645000001	8708.169086000002	8709.314	8710.679	3.0	2.0	1.0	1.0					
8714.667	9.186999999999898	trials	17.0	8721.003999	8722.363375	8723.130497	8723.97248	8720.441471	8722.645283000002			3.0	2.0	0.0	3.0					
8726.469	13.040000000000873	trials	17.0	8736.804825000001	8737.950551000002	8738.925387000001	8739.626836	8736.254283	8738.404308000001			3.0	2.0	0.0	3.0					
8741.184	21.27100000000064	trials	17.0	8758.094055000001	8759.75034	8760.433866000001	8760.847781	8757.541575000001	8759.868912000002	8760.889	8762.455	2.0	1.0	1.0	1.0					
8765.474	10.920000000000073	trials	17.0	8772.590065	8773.810361	8774.599722	8774.839671000002	8771.599718000001	8774.149197	8775.279	8776.394	3.0	2.0	1.0	1.0					
8780.469	14.095000000001164	trials	17.0	8791.700786000001	8793.150319	8794.035927	8794.679963	8790.994527	8793.388126000002			2.0	1.0	0.0	3.0					
8797.344	17.1200000000008	trials	17.0	8810.103956	8811.533739	8812.314621000001	8812.531666	8809.271123	8811.861347	8812.889	8814.464	3.0	2.0	1.0	1.0					
8816.554	12.325000000000728	trials	17.0	8826.370892	8827.485594000002	8828.256342	8828.995014	8825.532327	8827.796607			3.0	2.0	0.0	3.0					
8831.564	7.966000000000349	trials	17.0	8836.318577	8838.153561000001	8839.033781	8839.643624	8835.623189	8838.544411			3.0	2.0	0.0	3.0					
8842.314	26.465000000000146	trials	17.0	8864.804	8866.199451	8866.857438000001	8867.119974000001	8864.240179	8866.462580000001	8867.549	8868.779	3.0	2.0	1.0	1.0					
8870.906	758.0579999999991	BlockDesign														1.0	459.0	501.0	10.0	50.0
8870.906	16.52299999999923	trials	18.0	8883.724053	8885.096435	8886.051693000001	8887.544546000001	8883.026288000001	8885.57373			1.0	2.0	0.0	3.0					
8890.344	6.946000000001732	trials	18.0	8893.329503	8894.951723	8896.658222	8897.406264000001	8892.702581000001	8895.922819000001			1.0	1.0	0.0	3.0					
8899.899	7.575000000000728	trials	18.0	8902.83488	8904.316156	8905.505111	8905.752232	8902.045644000002	8905.000646	8906.14	8907.474	1.0	2.0	1.0	1.0					
8910.538	8.555999999998676	trials	18.0	8914.660794000001	8916.305767000002	8917.315826	8917.584711	8914.038762	8916.853725	8917.979	8919.094	1.0	2.0	1.0	1.0					
8921.149	13.454999999999927	trials	18.0	8929.919739	8931.96819	8932.472594	8932.725059	8928.994091	8931.989958	8933.165	8934.604	1.0	2.0	1.0	1.0					
8937.668	6.810999999999694	trials	18.0	8941.685976	8942.851256	8943.56009	8943.779058	8941.022302000001	8943.142161			1.0	2.0	0.0	3.0					
8947.859	6.869999999998981	trials	18.0	8950.135113	8951.578136	8952.865377	8953.095481	8949.208712	8952.34806	8953.554	8954.729	1.0	2.0	1.0	1.0					
8956.809	11.579999999999927	trials	18.0	8964.809476	8966.893829	8967.665085	8968.507569000001	8963.838491	8966.980191			1.0	2.0	0.0	3.0					
8971.024	8.71100000000115	trials	18.0	8976.809832	8978.376582	8979.167696	8979.853315	8976.201465	8978.628417			1.0	1.0	0.0	3.0					
8983.465	4.751000000000204	trials	18.0	8985.424869	8986.804072	8987.917089	8988.325152000001	8984.919099	8987.414339			1.0	2.0	0.0	3.0					
8990.14	12.257000000001426	trials	18.0	8999.639853	9000.82116	9002.078921	9002.514537000001	8998.725362000001	9001.632552000001			1.0	2.0	0.0	3.0					
9004.33	11.648999999999432	trials	18.0	9012.550088	9014.476616	9015.335592000001	9016.095854000001	9011.841092	9014.771347000002			1.0	1.0	0.0	3.0					
9018.649	9.114999999999782	trials	18.0	9024.529733000001	9026.417112000001	9027.289092	9027.882422	9023.816106	9026.782388			1.0	2.0	0.0	3.0					
9030.599	27.170000000000073	trials	18.0	9054.029331000002	9055.887068	9057.185807000002	9057.888632	9053.516019	9056.587643			1.0	1.0	0.0	3.0					
9061.544	6.809999999999491	trials	18.0	9065.394875	9066.791347	9067.875655	9068.473911000001	9064.667778	9067.295066			1.0	2.0	0.0	3.0					
9071.165	27.393999999998414	trials	18.0	9095.746614	9096.971588	9097.892013	9098.678274000002	9095.164919	9097.297632000002			1.0	1.0	0.0	3.0					
9102.249	19.60399999999936	trials	18.0	9117.630206000002	9119.248483000001	9119.79498	9120.113697	9117.024755	9119.227331	9120.455	9121.853	1.0	1.0	1.0	1.0					
9123.944	13.694999999999709	trials	18.0	9133.327002	9134.686839	9135.628044000001	9135.978902	9132.330254	9135.013637	9136.189	9137.639	1.0	1.0	1.0	1.0					
9141.659	8.235000000000582	trials	18.0	9146.952054000001	9148.275675	9149.186949	9150.013613000001	9146.360691000002	9148.593585			1.0	1.0	0.0	3.0					
9152.471	10.122999999999593	trials	18.0	9158.216552000002	9160.161068000001	9161.575233	9162.710933	9157.610913	9160.845528000002			1.0	1.0	0.0	3.0					
9163.814	23.71600000000035	trials	18.0	9182.290848	9183.664261000002	9186.604478	9187.552946	9181.63046	9183.652845			1.0		0.0	2.0					
9187.699	52.70999999999913	trials	18.0	9236.883845	9238.175224999999	9239.429223	9240.435991	9236.208401	9238.686607			1.0	1.0	0.0	3.0					
9243.759	82.19599999999991	trials	18.0	9322.678808	9324.135588	9325.052286	9325.979852	9322.031324	9324.56294			1.0	2.0	0.0	3.0					
9328.45	14.7549999999992	trials	18.0	9340.148231	9341.370491	9342.447125	9343.231799	9339.217563	9341.822928			1.0	1.0	0.0	3.0					
9344.825	11.528999999998632	trials	18.0	9353.244422	9354.367033999999	9355.950272	9356.149271	9352.453014	9354.355722			1.0		0.0	2.0					
9358.423	14.96599999999853	trials	18.0	9370.213271999999	9371.444492	9372.700925	9373.415949	9369.648078	9372.09419			1.0	1.0	0.0	3.0					
9375.099	31.46600000000035	trials	18.0	9401.669248	9403.305648	9404.43962	9404.744525	9400.84856	9403.828298	9405.049	9406.565	1.0	2.0	1.0	1.0					
9410.654	10.484999999998763	trials	18.0	9415.898837	9417.635864	9418.927871	9419.311393	9415.075481	9418.229991	9419.599	9421.139	1.0	2.0	1.0	1.0					
9425.044	9.755000000001019	trials	18.0	9430.303805	9431.538821	9432.520761	9432.775066	9429.559695	9432.029827	9433.184	9434.799	1.0	2.0	1.0	1.0					
9437.854	8.409999999999854	trials	18.0	9442.114665	9443.260733	9444.053817	9444.265868999999	9441.276117	9443.618691	9444.784	9446.264	1.0	2.0	1.0	1.0					
9448.285	8.8700000000008	trials	18.0	9453.68406	9455.230521	9456.260064	9457.178977	9452.892856999999	9455.615239			1.0	2.0	0.0	3.0					
9459.639	7.170000000000073	trials	18.0	9463.110593	9464.758974	9466.286829	9466.83768	9462.520403	9465.361107			1.0	1.0	0.0	3.0					
9469.67	27.17399999999907	trials	18.0	9491.921115	9493.237833	9494.757027	9495.101503	9490.963577999999	9493.633869	9495.387	9496.844	1.0	2.0	1.0	1.0					
9498.864	9.235000000000582	trials	18.0	9503.813919	9505.393289	9506.156733	9506.41765	9503.246385	9505.688181	9506.989	9508.099	1.0	2.0	1.0	1.0					
9512.2	6.174999999999272	trials	18.0	9515.070701999999	9516.870656	9517.614578	9518.402026	9514.107866	9516.980169			1.0	2.0	0.0	3.0					
9520.965	11.484000000000378	trials	18.0	9529.071339	9530.737521	9531.562424	9532.476383	9528.369026	9531.070569			1.0	2.0	0.0	3.0					
9534.009	13.534999999999854	trials	18.0	9543.49988	9544.941361	9545.574449	9545.873929	9542.495883	9545.104437	9546.269	9547.544	1.0	2.0	1.0	1.0					
9551.564	8.515999999999622	trials	18.0	9556.445886	9558.027869			9555.618701	9558.0216			1.0		0.0	2.0					
9564.091	12.897999999999229	trials	18.0	9572.846546	9574.126244	9574.990088	9575.219807	9572.177416999999	9574.539012	9575.569	9576.989	1.0	2.0	1.0	1.0					
9581.074	9.760000000000218	trials	18.0	9585.774297	9587.101741999999	9588.740246	9589.068434	9585.219079999999	9587.396642	9589.5	9590.834	1.0	2.0	1.0	1.0					
9592.919	9.229999999999563	trials	18.0	9597.656371	9599.076908	9599.91222	9600.169794	9597.002511	9599.465612	9600.665	9602.149	1.0	2.0	1.0	1.0					
9606.17	7.9950000000008	trials	18.0	9610.361476	9611.811738	9612.479711	9612.737496	9609.799477999999	9612.050132			1.0	2.0	0.0	3.0					
9614.869	14.094999999999345	trials	18.0	9624.344633	9625.738157	9626.818029	9627.209069	9623.782706	9626.326133999999	9627.564	9628.964	1.0	2.0	1.0	1.0					
9631.011	594.4889999999996	BlockDesign														1.0	502.0	538.0	50.0	10.0
9631.011	8.95799999999872	trials	19.0	9636.544971	9638.178672	9639.012203	9639.995305	9635.908067	9638.539882			1.0	2.0	0.0	3.0					
9643.394	9.424999999999272	trials	19.0	9648.594891	9651.021291	9651.945163	9652.84758	9648.038263	9651.423314			1.0	2.0	0.0	3.0					
9656.264	10.975000000000364	trials	19.0	9662.524733	9663.743441	9665.075268	9665.3547	9662.016986999999	9664.614846	9665.699	9667.239	1.0	2.0	1.0	1.0					
9669.279	11.949999999998909	trials	19.0	9678.086664	9680.034737	9680.752097999999	9681.255345	9677.127446	9680.277813			1.0	2.0	0.0	3.0					
9684.139	10.691000000000713	trials	19.0	9691.12553	9692.802728999999	9694.173711	9694.854785	9690.4244	9693.53092			1.0	1.0	0.0	3.0					
9697.574	9.859999999998763	trials	19.0	9703.050377	9704.336831999999	9705.224836	9705.614264	9702.103353	9704.602585	9705.955	9707.434	1.0	1.0	1.0	1.0					
9711.58	8.629000000000815	trials	19.0	9715.729657	9716.844287	9718.044494	9718.444908	9714.752162	9717.353443	9718.684	9720.209	1.0	1.0	1.0	1.0					
9722.229	7.3659999999999854	trials	19.0	9726.140492	9727.941477	9728.855515	9729.624706	9725.624936	9728.289537			1.0	1.0	0.0	3.0					
9731.189	10.110000000000582	trials	19.0	9738.010404	9739.122272999999	9740.61003	9741.326386	9737.373216	9739.803907			1.0	1.0	0.0	3.0					
9742.939	13.805000000000291	trials	19.0	9753.420305	9754.787556	9755.782339	9756.774192	9752.576543	9755.260393999999			1.0	2.0	0.0	3.0					
9759.151	11.417999999999665	trials	19.0	9767.032061	9768.276654	9769.977657	9770.595046999999	9766.439663	9769.506459			1.0	2.0	0.0	3.0					
9774.36	8.543999999999869	trials	19.0	9778.34046	9779.441510999999	9780.658374999999	9781.117855	9777.572242	9779.977815	9781.399	9782.904	1.0	1.0	1.0	1.0					
9784.92	8.43499999999949	trials	19.0	9788.770272	9790.318581	9791.205909	9791.587134	9788.046534	9790.604693	9791.794	9793.355	1.0	1.0	1.0	1.0					
9797.445	8.635000000000218	trials	19.0	9801.696781999999	9802.922371999999	9803.885641	9804.272799	9801.015997	9803.301208	9804.554	9806.08	1.0	1.0	1.0	1.0					
9809.151	7.59900000000016	trials	19.0	9813.666399	9815.182268999999	9816.039935	9816.777245	9812.792578999999	9815.451387			1.0	1.0	0.0	3.0					
9819.469	13.571000000001732	trials	19.0	9828.625827	9829.832458	9830.796608	9831.293058	9827.765879	9830.126621	9831.54	9833.04	1.0	1.0	1.0	1.0					
9837.09	12.043999999999869	trials	19.0	9845.090805	9846.622806	9848.114071	9849.160866	9844.375152	9847.306293			1.0	2.0	0.0	3.0					
9850.489	8.954999999999927	trials	19.0	9856.532346	9857.836055	9858.640689	9859.473597	9855.811019	9858.08072			1.0	1.0	0.0	3.0					
9862.014	7.335000000000946	trials	19.0	9865.475739	9867.142569	9868.371207	9869.376804	9864.746195	9867.827297			1.0	2.0	0.0	3.0					
9871.689	11.329999999999927	trials	19.0	9879.770826	9880.903662	9882.087696	9883.049154	9879.222741	9881.41907			1.0	1.0	0.0	3.0					
9886.464	13.139999999999418	trials	19.0	9895.710998	9897.775178	9898.685184	9899.634995	9895.070658	9898.188888			1.0	2.0	0.0	3.0					
9901.064	35.99499999999898	trials	19.0	9932.420955	9934.114574	9934.91076	9935.277468	9931.857146	9934.345083	9935.589	9937.059	1.0	1.0	1.0	1.0					
9941.08	10.254000000000815	trials	19.0	9948.105513	9949.832444	9950.569331	9951.364275	9947.098351	9949.973665			1.0	1.0	0.0	3.0					
9953.019	12.8799999999992	trials	19.0	9962.017396	9963.493317	9964.41741	9965.92934	9961.12176	9963.893943			1.0	2.0	0.0	3.0					
9966.934	21.265000000001237	trials	19.0	9984.814869	9986.625809	9987.477099	9988.226056	9983.815814	9986.777961			1.0	1.0	0.0	3.0					
9991.934	19.80500000000029	trials	19.0	10007.666478	10009.642743	10011.026943	10011.766438999999	10007.026962	10010.449563			1.0	1.0	0.0	3.0					
10014.474	40.23500000000058	trials	19.0	10051.448008	10053.155901	10053.9531	10054.739065	10050.896732	10053.374784			1.0	1.0	0.0	3.0					
10057.29	14.10399999999936	trials	19.0	10068.566219	10069.687684999999	10070.620687	10071.421655	10067.73025	10070.012682			1.0	1.0	0.0	3.0					
10073.939	19.860000000000582	trials	19.0	10090.551786	10092.209607	10092.892589	10093.830879	10089.938382	10092.404366			1.0	2.0	0.0	3.0					
10095.29	35.211999999999534	trials	19.0	10126.073548	10127.628972	10128.402488	10128.811907	10125.4076	10127.858105	10129.095	10130.502	1.0	1.0	1.0	1.0					
10134.519	10.810999999999694	trials	19.0	10140.932327	10142.39216	10143.129819	10143.522554	10139.960405	10142.561321	10143.764	10145.33	1.0	1.0	1.0	1.0					
10147.375	13.754000000000815	trials	19.0	10156.368627	10158.152544	10158.992721999999	10159.466214	10155.830966	10158.370767	10159.689	10161.129	1.0	1.0	1.0	1.0					
10164.154	7.045000000000073	trials	19.0	10168.457649	10169.641624	10170.411642	10171.230572	10167.760271	10169.813114			1.0	1.0	0.0	3.0					
10172.831	12.82300000000032	trials	19.0	10181.401022	10182.923925	10184.815733	10185.683778999999	10180.530010999999	10184.133107			1.0	1.0	0.0	3.0					
10189.139	14.956000000000131	trials	19.0	10198.526955	10200.576701	10201.908549	10202.29266	10197.611118	10201.271355	10202.56	10204.095	1.0	1.0	1.0	1.0					
10206.004	9.93999999999869	trials	19.0	10210.542341	10212.52376	10213.916799	10214.347544	10209.8001	10213.222758	10214.659	10215.944	1.0	1.0	1.0	1.0					
10218.984	6.515999999999622	trials	19.0	10223.471985	10224.553805	10225.418907	10226.16735	10222.523326999999	10224.830339			1.0	1.0	0.0	3.0					
10229.735	127.55899999999929	BlockDesign														1.0	539.0	544.0	0.0	0.0
10229.735	13.689000000000306	trials	20.0	10239.452774	10241.330909	10242.628009	10243.454888	10238.740763	10241.258980999999			1.0	1.0	0.0	3.0					
10246.114	11.575000000000728	trials	20.0	10253.92532	10255.6392	10256.707853	10257.720239	10253.085763	10256.110472			1.0	2.0	0.0	3.0					
10260.109	13.94000000000051	trials	20.0	10270.574139	10272.071081			10269.941352	10272.061568			1.0		0.0	2.0					
10278.134	10.709999999999127	trials	20.0	10285.232718	10286.67019	10287.770822	10288.875801	10284.515048	10287.089382			1.0	1.0	0.0	3.0					
10291.109	14.489999999999782	trials	20.0	10301.867736	10303.925252	10304.847528	10305.631364	10301.352003	10304.231117			1.0	1.0	0.0	3.0					
10310.276	47.01800000000003	trials	20.0	10355.127684	10356.165269	10357.203654	10358.008775	10354.20063	10356.548084			1.0	1.0	0.0	3.0					
10360.573	334.08100000000013	BlockDesign														1.0	545.0	567.0	90.0	50.0
10360.573	14.540999999999258	trials	21.0	10370.652549999999	10371.884781	10373.150189	10373.521944	10369.813566	10372.452129	10373.915	10375.114	1.0	1.0	1.0	1.0					
10379.179	8.975000000000364	trials	21.0	10385.158277	10386.2903	10387.097271	10387.527168	10384.542381	10386.504391999999			1.0	1.0	1.0	1.0					
10390.685	11.154000000000451	trials	21.0	10395.918015	10398.464883	10399.584273	10399.962465	10395.212226	10398.922545	10400.191	10401.839	1.0	1.0	1.0	1.0					
10404.875	8.699000000000524	trials	21.0	10408.557667	10410.504809	10411.521993	10411.857312	10407.651155	10410.871487	10412.474	10413.574	1.0	1.0	1.0	1.0					
10416.599	12.200000000000728	trials	21.0	10424.338018999999	10425.534297	10426.570588	10426.958021999999	10423.484360999999	10425.965372	10427.205	10428.799	1.0	1.0	1.0	1.0					
10431.884	13.476000000000568	trials	21.0	10440.969989	10442.34618	10443.105884	10443.53361	10440.350841	10442.535816	10443.875	10445.36	1.0	1.0	1.0	1.0					
10447.416	9.57300000000032	trials	21.0	10452.133086	10453.774911	10454.983608	10455.378195	10451.307622	10454.325276	10455.709	10456.989	1.0	1.0	1.0	1.0					
10460.076	11.183000000000902	trials	21.0	10468.262997	10469.285919			10467.523053	10469.267759			1.0		0.0	2.0					
10475.309	10.450000000000728	trials	21.0	10480.438145	10482.616436	10483.593465	10483.999608	10479.878021	10482.964892	10484.29	10485.759	1.0	1.0	1.0	1.0					
10488.904	8.930000000000291	trials	21.0	10494.203559	10495.779902	10496.520744	10497.081069	10493.228117	10495.77548			1.0		0.0	2.0					
10501.839	11.604999999999563	trials	21.0	10509.979823	10511.741028	10512.559532	10513.477388	10509.301371	10512.074516			1.0	2.0	0.0	3.0					
10515.965	20.429000000000087	trials	21.0	10533.040883	10534.341165			10532.181819	10534.331532			1.0		0.0	2.0					
10539.4	24.02900000000045	trials	21.0	10558.673595	10560.546183999999	10561.268976	10561.659357	10557.769085	10560.463208	10561.885	10563.429	1.0	1.0	1.0	1.0					
10565.444	11.090000000000146	trials	21.0	10571.49911	10573.465433	10574.282492999999	10574.738706	10570.990653	10573.720382	10575.064	10576.534	1.0	1.0	1.0	1.0					
10580.619	7.299999999999272	trials	21.0	10583.499101	10585.021541	10585.82351	10586.247897	10582.979829	10585.280555	10586.504	10587.919	1.0	1.0	1.0	1.0					
10590.054	10.986000000000786	trials	21.0	10596.700439	10597.874103	10598.70836	10599.114933	10596.127881	10598.137314	10599.479	10601.04	1.0	1.0	1.0	1.0					
10605.139	9.960000000000946	trials	21.0	10610.626482	10611.724871	10612.661982	10613.068485	10609.732673999999	10612.088443999999	10613.455	10615.099	1.0	1.0	1.0	1.0					
10619.184	9.670000000000073	trials	21.0	10624.528397	10625.806176	10626.79263	10627.193157	10623.860807	10626.209583	10627.599	10628.854	1.0	1.0	1.0	1.0					
10632.904	9.024999999999636	trials	21.0	10637.299959	10638.916035	10639.877967	10640.211921	10636.296974	10639.334039	10640.535	10641.929	1.0	1.0	1.0	1.0					
10646.014	8.566000000000713	trials	21.0	10650.299286	10651.555697	10652.477871	10652.848403	10649.51764	10651.934022	10653.13	10654.58	1.0	1.0	1.0	1.0					
10658.729	12.835000000000946	trials	21.0	10666.955459	10668.288626	10669.047195	10669.486662	10666.3553	10668.484227	10669.834	10671.564	1.0	1.0	1.0	1.0					
10673.639	10.3650000000016	trials	21.0	10678.817511	10680.756425	10681.611938	10682.024417999999	10678.052996999999	10681.018742	10682.259	10684.004	1.0	1.0	1.0	1.0					
10687.057	7.596999999999753	trials	21.0	10690.478849	10691.801361	10692.587438	10693.011357	10689.72315	10692.043473	10693.219	10694.654	1.0	1.0	1.0	1.0					
10697.679	372.85499999999956	BlockDesign														1.0	568.0	594.0	50.0	90.0
10697.679	17.770000000000437	trials	22.0	10710.524234	10712.287616	10713.175594	10713.565451999999	10709.585937	10712.607468	10713.969	10715.449	1.0	1.0	1.0	1.0					
10719.54	7.625	trials	22.0	10722.639534	10724.294836	10725.112554	10725.536399	10721.886306	10724.519198	10725.819	10727.165	1.0	1.0	1.0	1.0					
10730.18	9.673999999999069	trials	22.0	10735.014248	10737.016311	10737.838463	10738.219119	10734.203624	10737.275711	10738.595	10739.854	1.0	1.0	1.0	1.0					
10742.979	11.756000000001222	trials	22.0	10749.819135	10751.670627	10752.445203	10752.904251	10748.817815	10751.924315	10753.119	10754.735	1.0	1.0	1.0	1.0					
10758.754	5.484999999998763	trials	22.0	10761.849554	10763.121663	10763.926524	10764.261778	10761.069971	10763.19974			1.0	1.0	0.0	3.0					
10767.244	10.484999999998763	trials	22.0	10774.000086	10775.662725	10776.561368	10777.759835	10773.382695	10775.978222			1.0	1.0	0.0	3.0					
10780.018	21.911000000000058	trials	22.0	10797.054573	10798.704071	10799.770376	10800.122397	10796.535974	10799.165692	10800.377	10801.929	1.0	2.0	1.0	1.0					
10804.013	8.566999999999098	trials	22.0	10807.8666	10809.428942999999	10810.50261	10810.871733	10807.291895999999	10809.828951	10811.205	10812.58	1.0	1.0	1.0	1.0					
10816.596	6.288000000000466	trials	22.0	10819.604646	10821.32109	10822.254214	10822.916844	10818.750747	10821.667908			1.0	1.0	0.0	3.0					
10825.644	12.036000000000058	trials	22.0	10834.050168	10835.481271999999	10836.791823	10837.713146	10833.178995	10836.248585			1.0	2.0	0.0	3.0					
10839.075	16.174999999999272	trials	22.0	10850.904471	10852.311563	10853.275038	10853.570796	10850.158653	10852.765214	10853.989	10855.25	1.0	2.0	1.0	1.0					
10858.27	7.684999999999491	trials	22.0	10861.310415	10863.078347	10863.927416999999	10864.021413999999	10860.631184	10863.463263	10864.674	10865.955	1.0	2.0	1.0	1.0					
10868.049	8.93999999999869	trials	22.0	10872.710202	10874.062958	10874.923442	10875.168619	10871.89227	10874.453864	10875.434	10876.989	1.0	2.0	1.0	1.0					
10880.08	9.567000000000917	trials	22.0	10885.805463	10887.607028999999			10884.812894	10887.60447			1.0		0.0	2.0					
10892.654	15.55999999999949	trials	22.0	10903.765104	10905.121337	10906.006677	10906.285769	10902.763073	10905.561836	10906.799	10908.214	1.0	2.0	1.0	1.0					
10912.264	7.5350000000016735	trials	22.0	10915.066037999999	10916.59382	10917.676415	10917.937539	10914.307049	10916.968878	10918.29	10919.799	1.0	2.0	1.0	1.0					
10923.819	9.800000000001091	trials	22.0	10928.701724	10930.710492	10931.668773	10931.909939	10928.123117	10931.196701	10932.264	10933.619	1.0	2.0	1.0	1.0					
10937.654	6.889999999999418	trials	22.0	10941.945153	10942.967489999999	10944.098539999999	10944.573697	10941.118745	10943.587811			1.0	2.0	0.0	3.0					
10948.469	8.475000000000364	trials	22.0	10953.46565	10955.449566	10956.266786	10956.975423	10952.895173	10955.690637			1.0	1.0	0.0	3.0					
10958.7	13.183999999999287	trials	22.0	10967.492129	10969.035564	10969.743357	10970.019956	10966.972031	10969.323686	10970.366	10971.884	1.0	2.0	1.0	1.0					
10976.031	7.403999999998632	trials	22.0	10978.791192	10980.57209	10981.234919999999	10981.558847	10977.845229	10980.797305	10981.889	10983.435	1.0	2.0	1.0	1.0					
10985.455	14.119000000000597	trials	22.0	10995.051186	10996.920082999999	10997.593368	10997.815418	10994.482109	10997.154399	10998.214	10999.574	1.0	2.0	1.0	1.0					
11002.665	8.698999999998705	trials	22.0	11006.786941999999	11008.267569	11009.049482	11009.298941	11006.240378999999	11008.609412	11009.934	11011.364	1.0	2.0	1.0	1.0					
11013.404	20.0049999999992	trials	22.0	11028.327107	11030.362485	11031.258143	11031.488181	11027.626346	11030.828397	11032.024	11033.409	1.0	2.0	1.0	1.0					
11036.544	8.085000000000946	trials	22.0	11041.287702	11042.579288			11040.343472	11042.572431			1.0		0.0	2.0					
11047.639	11.145000000000437	trials	22.0	11054.270912	11056.112595	11056.786734	11056.998040999999	11053.689963	11056.358543	11057.33	11058.784	1.0	2.0	1.0	1.0					
11062.939	7.594999999999345	trials	22.0	11066.371256	11067.755102	11068.443244	11068.696695	11065.567617	11068.011155	11069.139	11070.534	1.0	2.0	1.0	1.0					
11074.663	622.7709999999988	BlockDesign														1.0	595.0	618.0	50.0	0.0
11074.663	7.15099999999984	trials	23.0	11078.935766999999	11079.842847			11078.199831	11079.826199			2.0		0.0	2.0					
11083.823	16.065999999998894	trials	23.0	11095.310903	11097.088209	11097.664722	11098.066392	11094.676881	11097.012627	11098.394	11099.889	2.0	1.0	1.0	1.0					
11102.98	9.998999999999796	trials	23.0	11110.993047	11111.009033			11110.474575	11111.000598			2.0		0.0	2.0					
11115.029	41.774999999999636	trials	23.0	11153.511282	11154.830033	11156.47125	11156.541132	11152.645046	11154.821662999999			2.0		0.0	2.0					
11158.889	124.41500000000087	trials	23.0	11280.696751	11281.906484	11282.77104	11283.338111000001	11279.869702	11282.22903			2.0	2.0	0.0	3.0					
11286.12	16.630999999999403	trials	23.0	11299.056879	11300.234274	11301.273962	11302.78155	11298.419757	11300.695211			2.0	1.0	0.0	3.0					
11303.605	15.744000000000597	trials	23.0	11316.137174	11317.2495	11318.24478	11319.385899	11315.176239	11317.60539			2.0	1.0	0.0	3.0					
11322.714	54.7450000000008	trials	23.0	11373.272271	11374.499591	11375.183907999999	11375.60023	11372.715267	11374.652388	11375.989	11377.459	2.0	1.0	1.0	1.0					
11379.554	9.69000000000051	trials	23.0	11386.163709	11387.540646	11388.567303	11389.280615	11385.186421999999	11387.892104			2.0	1.0	0.0	3.0					
11390.984	21.840000000000146	trials	23.0	11407.527763	11409.439271	11410.280601	11410.780580999999	11406.928701	11409.732195	11411.107	11412.824	2.0	1.0	1.0	1.0					
11416.84	10.959000000000742	trials	23.0	11424.462708	11426.328597	11427.103034	11427.833333999999	11423.807277	11426.551180999999			2.0	2.0	0.0	3.0					
11430.53	16.058999999999287	trials	23.0	11442.397445999999	11443.667367	11444.451711	11444.829797999999	11441.429403	11443.883695	11445.144	11446.589	2.0	1.0	1.0	1.0					
11448.604	14.710000000000946	trials	23.0	11459.257969999999	11461.234233	11462.194629	11462.697052	11458.403408	11461.579826			2.0	1.0	0.0	3.0					
11464.605	17.623999999999796	trials	23.0	11477.873154	11479.0377	11479.90994	11480.332194999999	11477.351454	11479.26935	11480.462	11482.229	2.0	1.0	1.0	1.0					
11486.316	7.268000000000029	trials	23.0	11490.45467	11491.996148999999	11492.910390000001	11493.621458	11489.867145	11492.252655			2.0	1.0	0.0	3.0					
11496.323	16.90599999999904	trials	23.0	11508.763312	11509.845006	11510.896745	11511.3387	11507.885269999999	11510.18786	11511.55	11513.229	2.0	1.0	1.0	1.0					
11515.139	12.800000000001091	trials	23.0	11524.633049	11526.465327	11527.266842	11527.976557	11523.962253	11526.640335			2.0	1.0	0.0	3.0					
11531.669	16.549999999999272	trials	23.0	11543.482802999999	11544.943049	11545.844573999999	11546.250449	11542.916761	11545.251358	11546.384	11548.219	2.0	1.0	1.0	1.0					
11551.239	17.1200000000008	trials	23.0	11563.914861	11565.005222	11566.008464	11566.466510999999	11563.303049	11565.352431	11566.577	11568.359	2.0	1.0	1.0	1.0					
11570.45	18.46899999999914	trials	23.0	11584.989305	11586.546468	11587.459479	11588.196002	11584.327899	11586.794128			2.0	1.0	0.0	3.0					
11590.87	18.698999999998705	trials	23.0	11606.630713	11608.355276999999	11609.050487	11609.605523	11605.668677	11608.400481			2.0	1.0	0.0	3.0					
11611.449	21.149999999999636	trials	23.0	11628.773373	11630.534956	11631.282815999999	11631.899126	11628.013221	11630.531471999999			2.0		0.0	2.0					
11636.682	25.641999999999825	trials	23.0	11659.178766	11660.923956999999	11661.693672	11662.359969	11658.465387	11661.136741999999			2.0	2.0	0.0	3.0					
11664.049	33.3849999999984	trials	23.0	11695.304022	11696.416196	11697.321906	11698.107364	11694.659592	11696.666592			2.0	1.0	0.0	3.0					
11699.764	1926.5660000000007	BlockDesign														1.0	619.0	656.0	0.0	50.0
11699.764	36.08600000000115	trials	24.0	11732.804261	11734.284278	11734.816302	11735.889684	11732.144339999999	11734.33433			3.0	2.0	0.0	3.0					
11738.213	30.761000000000422	trials	24.0	11766.03397	11767.665597	11768.307786	11769.013584	11765.313964	11767.883028			3.0	2.0	0.0	3.0					
11772.705	33.960000000000946	trials	24.0	11802.621081	11803.940945999999	11804.46803	11804.733933	11802.060254	11803.989641	11805.219	11806.665	3.0	2.0	1.0	1.0					
11808.759	13.784999999999854	trials	24.0	11819.120684	11820.481076	11821.097435	11821.625661	11818.147187	11820.478326			3.0		0.0	2.0					
11824.554	22.820999999999913	trials	24.0	11843.859117	11845.321322	11845.859661	11846.450219999999	11843.052702	11845.313412			3.0		0.0	2.0					
11850.456	13.587999999999738	trials	24.0	11861.259786999999	11862.464598	11863.028258	11864.080811	11860.673775	11862.639237			3.0	2.0	0.0	3.0					
11867.514	46.405000000000655	trials	24.0	11909.461979	11911.183938	11911.624515	11911.909118	11908.622437	11911.148903	11912.449	11913.919	3.0	2.0	1.0	1.0					
11916.041	11.453000000001339	trials	24.0	11923.80513	11925.527549999999			11922.963261	11925.514391			3.0		0.0	2.0					
11929.578	61.89099999999962	trials	24.0	11988.064715	11989.396952	11989.885424	11990.428909999999	11987.322713	11989.391823			3.0		0.0	2.0					
11993.544	16.860000000000582	trials	24.0	12006.536042	12008.432061	12008.930597999999	12009.434737	12005.89841	12008.424209			3.0		0.0	2.0					
12013.439	11.601000000000568	trials	24.0	12021.635189	12023.660907	12024.13233	12025.079901	12021.026784	12023.694829			3.0	2.0	0.0	3.0					
12028.533	13.52100000000064	trials	24.0	12039.331817	12039.992130999999			12038.768019	12039.989293999999			3.0		0.0	2.0					
12046.064	116.33499999999913	trials	24.0	12158.747096	12160.432956	12160.967018	12161.380302	12157.856732	12160.422171			3.0		0.0	2.0					
12164.409	16.579999999999927	trials	24.0	12177.6713	12178.937676	12180.903864	12180.994736	12176.677719	12178.934444			3.0		0.0	2.0					
12184.065	56.498999999999796	trials	24.0	12236.87247	12238.508397	12240.09591	12240.2653	12236.147643	12238.505173			3.0		0.0	2.0					
12242.639	22.740999999999985	trials	24.0	12262.23863	12263.924769000001	12264.708334	12265.483266000001	12261.707894000001	12264.188183			3.0	1.0	0.0	3.0					
12267.054	107.13600000000042	trials	24.0	12370.743531	12372.282681	12372.735278	12373.155323	12370.210247	12372.275573			3.0		0.0	2.0					
12377.205	149.98400000000038	trials	24.0	12523.895726	12525.28148	12526.050489000001	12526.269735	12523.304027	12525.276872			3.0		0.0	2.0					
12529.199	46.56999999999971	trials	24.0	12571.064679000001	12573.079791	12573.701339000001	12573.916161000001	12570.257672	12573.243297	12574.244	12575.769	3.0	2.0	1.0	1.0					
12579.853	15.602000000000771	trials	24.0	12592.509333	12593.746305	12594.755292	12595.558776	12591.716348	12594.100089			3.0	1.0	0.0	3.0					
12597.159	15.921000000000276	trials	24.0	12609.473967	12611.176472000001			12608.916943	12611.173509			3.0		0.0	2.0					
12616.115	21.03900000000067	trials	24.0	12631.539428	12633.388994	12634.068299	12637.256622	12630.762299	12633.653079			3.0	2.0	0.0	3.0					
12638.404	21.175999999999476	trials	24.0	12656.195367	12657.421584	12658.185237	12658.47066	12655.661241	12657.752523000001			3.0	2.0	0.0	3.0					
12660.469	19.770000000000437	trials	24.0	12676.858764	12678.802821000001	12679.569859000001	12680.342798	12676.299387000001	12679.021641000001			3.0	1.0	0.0	3.0					
12681.839	126.46999999999935	trials	24.0	12802.780823000001	12804.770421000001	12805.707437000001	12805.971496	12802.012055000001	12805.217837	12806.324	12808.309	3.0	2.0	1.0	1.0					
12812.334	13.422999999998865	trials	24.0	12822.553536000001	12824.073088000001	12824.565404	12825.856343	12821.762060000001	12824.073458			3.0	2.0	0.0	3.0					
12827.935	17.48400000000038	trials	24.0	12840.904674000001	12842.85174	12843.313728000001	12843.631653	12840.008663	12842.872607000001	12843.979	12845.419	3.0	2.0	1.0	1.0					
12847.439	13.154999999998836	trials	24.0	12857.34567	12858.689190000001			12856.393001	12858.683697			3.0		0.0	2.0					
12863.669	32.19499999999971	trials	24.0	12892.525866	12893.957581	12894.518846	12894.944709000001	12891.956412	12893.953216			3.0		0.0	2.0					
12899.875	17.251000000000204	trials	24.0	12913.420587	12914.649997	12915.049621	12915.266295000001	12912.603282	12914.569332000001	12915.689	12917.126	3.0	2.0	1.0	1.0					
12919.219	19.105000000001382	trials	24.0	12934.316868	12935.652899	12936.352154	12938.426408000001	12933.423194	12935.915439			3.0	2.0	0.0	3.0					
12938.738	94.07600000000093	trials	24.0	13030.805948000001	13030.90781			13030.103433	13030.899591000001			3.0		0.0	2.0					
13034.821	100.38800000000083	trials	24.0	13132.651998000001	13133.228006000001			13131.658079	13133.22081			3.0		0.0	2.0					
13138.215	229.57500000000073	trials	24.0	13364.108631000001	13364.160512			13363.478082	13364.148593			3.0		0.0	2.0					
13370.074	194.36999999999898	trials	24.0	13561.473116000001	13562.719756	13563.476034000001	13564.551029	13560.805762	13562.916258000001			3.0	2.0	0.0	3.0					
13565.79	23.67399999999907	trials	24.0	13584.984641000001	13586.254869	13587.081158	13587.431886	13584.24099	13586.617751	13587.714	13589.464	3.0	2.0	1.0	1.0					
13591.551	11.154000000000451	trials	24.0	13599.003701	13600.804269			13598.192685	13600.794348			3.0		0.0	2.0					
13604.803	21.527000000000044	trials	24.0	13621.859948000001	13623.264777	13624.059902	13624.297815	13621.355106	13623.604869	13624.749	13626.33	3.0	2.0	1.0	1.0					
13628.457	1131.2569999999996	BlockDesign														1.0	657.0	708.0	50.0	50.0
13628.457	14.252000000000407	trials	25.0	13637.707539	13639.417757000001	13640.413772	13640.683973000001	13637.008626	13639.766217	13640.902	13642.709	2.0	1.0	1.0	1.0					
13644.699	14.123999999999796	trials	25.0	13655.588277	13657.366265	13658.481826000001	13658.928023	13654.670471000001	13657.432955			3.0	1.0	0.0	3.0					
13662.752	42.9369999999999	trials	25.0	13702.993925	13704.161447	13704.986331	13705.797011	13702.488297	13704.364793			2.0	1.0	0.0	3.0					
13707.234	13.375	trials	25.0	13716.204002	13717.375505	13718.226753	13718.603139	13715.392958	13717.613803	13718.884	13720.609	2.0	1.0	1.0	1.0					
13723.625	10.719999999999345	trials	25.0	13730.978303	13732.195286	13733.263769000001	13734.44888	13730.129549000001	13732.76021			3.0	2.0	0.0	3.0					
13737.542	10.873000000001412	trials	25.0	13745.065607	13746.641277	13747.420161	13748.522144	13744.456758	13746.909863			3.0	2.0	0.0	3.0					
13750.808	15.420999999998457	trials	25.0	13763.065295	13764.249726	13765.093353	13766.336127	13762.547399000001	13764.44111			2.0	1.0	0.0	3.0					
13768.37	18.993999999998778	trials	25.0	13782.779706000001	13784.162763	13785.031523	13785.348638	13781.916222	13784.081036	13785.734	13787.364	3.0	2.0	1.0	1.0					
13789.42	13.409999999999854	trials	25.0	13798.013685	13799.609438	13800.491592	13800.845711	13797.311145	13799.961641	13801.274	13802.83	3.0	2.0	1.0	1.0					
13804.885	15.208999999998923	trials	25.0	13815.470746	13816.882083	13817.802344	13818.172172	13814.869802000001	13817.207903	13818.404	13820.094	3.0	2.0	1.0	1.0					
13823.134	10.549999999999272	trials	25.0	13830.334562	13832.26128	13833.159516	13833.792567	13829.790713	13832.68902			3.0	2.0	0.0	3.0					
13836.537	17.391999999999825	trials	25.0	13850.400641	13851.94973			13849.391520000001	13851.941165			2.0		0.0	2.0					
13857.964	12.600000000000364	trials	25.0	13865.853818	13867.265555	13868.045364000001	13868.509316	13865.143137000001	13867.481554	13868.589	13870.564	2.0	1.0	1.0	1.0					
13874.639	10.450000000000728	trials	25.0	13879.764059000001	13881.781614	13882.93622	13883.331954000001	13878.761286	13882.072391	13883.554	13885.089	2.0	1.0	1.0	1.0					
13887.109	12.69000000000051	trials	25.0	13896.049284	13897.571631	13898.274774000001	13899.907928	13895.104971	13897.62795			3.0	2.0	0.0	3.0					
13901.58	14.97899999999936	trials	25.0	13913.219753000001	13915.146977	13915.999707	13916.668154	13912.548344	13915.338606000001			2.0	1.0	0.0	3.0					
13919.309	14.570000000001528	trials	25.0	13929.759857000001	13931.261247	13931.960037	13932.210188000001	13928.902793000001	13931.458874	13932.544	13933.879	3.0	2.0	1.0	1.0					
13938.031	7.6929999999993015	trials	25.0	13941.679526	13943.490926	13945.41618	13945.833351000001	13940.734568	13943.486663			2.0		0.0	2.0					
13948.399	141.00500000000102	trials	25.0	14086.526915	14087.682956	14088.842322	14089.51389	14085.820532	14088.211872			2.0	1.0	0.0	3.0					
14092.214	12.911000000000058	trials	25.0	14099.890679	14101.686851	14102.560174	14102.95724	14099.283986	14101.952689	14103.104	14105.125	2.0	1.0	1.0	1.0					
14107.14	14.704999999999927	trials	25.0	14117.420774	14119.138258	14119.650273000001	14119.890290000001	14116.614108	14119.117887	14120.174	14121.845	3.0	2.0	1.0	1.0					
14123.925	11.9900000000016	trials	25.0	14132.520522	14134.017042			14131.851473	14134.007357			3.0		0.0	2.0					
14140.051	25.222999999999956	trials	25.0	14160.795932	14161.877823	14162.919135	14163.352949	14160.246287	14162.274689	14163.729	14165.274	2.0	1.0	1.0	1.0					
14167.354	11.180000000000291	trials	25.0	14175.220689	14176.55738	14177.207049	14177.794376	14174.280666	14176.5539			3.0		0.0	2.0					
14180.611	14.167999999999665	trials	25.0	14189.69246	14191.672572	14192.519999	14192.916984	14188.817681	14191.913945	14193.274	14194.779	2.0	1.0	1.0	1.0					
14198.868	9.855999999999767	trials	25.0	14204.948388	14206.753007000001	14207.307945	14208.222359	14204.107962	14206.748915			3.0		0.0	2.0					
14211.734	10.670000000000073	trials	25.0	14219.491552	14220.518456	14221.31229	14222.510378	14218.560447	14220.897594			3.0	2.0	0.0	3.0					
14223.679	16.450000000000728	trials	25.0	14235.221177	14236.903364	14237.757932	14238.234396	14234.668323	14237.120493	14238.365	14240.129	2.0	1.0	1.0	1.0					
14242.213	10.27100000000064	trials	25.0	14249.561079000001	14250.772371000001	14251.67228	14252.594603000001	14248.733349	14251.080158			2.0	1.0	0.0	3.0					
14255.029	28.125	trials	25.0	14280.306167	14281.687818	14282.599944000001	14283.265169	14279.699439	14281.998722			3.0	1.0	0.0	3.0					
14286.894	17.355999999999767	trials	25.0	14300.741874	14302.353348	14302.915855	14303.362044000001	14300.184606	14302.343741			3.0		0.0	2.0					
14307.324	7.760000000000218	trials	25.0	14312.306668000001	14313.513056	14314.426983000001	14315.195071	14311.718349	14313.85589			2.0	1.0	0.0	3.0					
14318.776	94.72800000000097	trials	25.0	14410.11705	14411.534351	14412.017757000001	14412.397444	14409.325751	14411.529651			3.0		0.0	2.0					
14415.58	16.34400000000096	trials	25.0	14427.33198	14428.644584000001	14429.562164	14429.943279000001	14426.714390000001	14428.969389	14430.104	14431.924	2.0	1.0	1.0	1.0					
14433.944	15.350000000000364	trials	25.0	14444.528414	14446.37882	14447.263497	14447.479809	14443.883766	14446.792095	14447.889	14449.294	3.0	2.0	1.0	1.0					
14452.359	16.350000000000364	trials	25.0	14464.521573	14465.638191	14466.462797	14466.924825	14464.00158	14465.876808	14467.184	14468.709	2.0	1.0	1.0	1.0					
14470.774	15.176000000001295	trials	25.0	14482.644354	14483.983676	14484.829704	14486.061936	14482.10697	14484.234857			2.0	1.0	0.0	3.0					
14488.064	10.985000000000582	trials	25.0	14496.447972	14497.648793	14498.506806000001	14499.160917000001	14495.68418	14498.002307			3.0	2.0	0.0	3.0					
14502.809	12.045000000000073	trials	25.0	14511.657771	14513.504145	14514.194334	14514.963473	14511.101270000001	14513.670318			2.0	1.0	0.0	3.0					
14517.494	26.953999999999724	trials	25.0	14540.922433	14542.490956000001	14543.02075	14543.678444000001	14540.333096	14542.488215000001			3.0		0.0	2.0					
14546.459	11.739999999999782	trials	25.0	14554.778838	14556.659735000001	14557.205996	14558.31048	14554.266074000001	14556.694953			3.0	2.0	0.0	3.0					
14560.444	24.88000000000102	trials	25.0	14581.007765	14582.540722	14583.295733	14583.546924	14580.282798	14582.883419	14583.899	14585.324	3.0	2.0	1.0	1.0					
14587.394	15.424999999999272	trials	25.0	14597.944008	14599.304344	14600.312355	14600.81022	14597.339532	14599.620015	14601.084	14602.819	2.0	1.0	1.0	1.0					
14604.899	12.985000000000582	trials	25.0	14613.448563	14614.791845	14615.735882	14616.009734	14612.941371	14615.24619	14616.384	14617.884	3.0	2.0	1.0	1.0					
14620.95	14.903999999998632	trials	25.0	14633.132882	14634.399518	14635.302906	14635.963152	14632.225364	14634.655065			2.0	1.0	0.0	3.0					
14639.625	17.588999999999942	trials	25.0	14652.422887	14654.303240000001	14654.974255000001	14655.371273	14651.639102000001	14654.399657	14655.569	14657.214	2.0	1.0	1.0	1.0					
14661.309	11.665000000000873	trials	25.0	14669.623401	14671.075959			14668.656159	14671.067046			3.0		0.0	2.0					
14675.979	15.420000000000073	trials	25.0	14687.958771000001	14689.353508	14690.182486000002	14690.624678	14687.321978	14689.590579			2.0	1.0	0.0	3.0					
14693.419	12.799999999999272	trials	25.0	14703.650181	14705.039423	14705.568371000001	14706.331065	14702.642643000001	14705.141645			3.0	2.0	0.0	3.0					
14707.864	18.46600000000035	trials	25.0	14721.85773	14723.165409000001	14723.943303	14724.357998	14721.096911	14723.385824	14724.659	14726.33	2.0	1.0	1.0	1.0					
14730.487	16.162000000000262	trials	25.0	14742.628521	14743.742493	14744.679882	14744.968688	14741.830541	14744.098287	14745.319	14746.649	3.0	2.0	1.0	1.0					
14748.669	11.045000000000073	trials	25.0	14755.243883000001	14756.965166	14757.75459	14757.986937000001	14754.540798	14757.331932000001	14758.469	14759.714	3.0	2.0	1.0	1.0					
14764.963	66.70700000000033	BlockDesign														1.0	709.0	713.0	0.0	0.0
14764.963	10.166000000001077	trials	26.0	14772.045174	14773.725213000002	14774.520224	14775.241256000001	14771.341206000001	14773.931696			2.0	1.0	0.0	3.0					
14777.785	12.019000000000233	trials	26.0	14786.569959	14788.31012	14789.186777	14789.917950000001	14785.894466	14788.581186			2.0	1.0	0.0	3.0					
14793.512	13.451999999999316	trials	26.0	14804.408861	14805.546416000001	14806.372145000001	14807.075412	14803.580765	14805.769819000001			2.0	1.0	0.0	3.0					
14809.709	8.706000000000131	trials	26.0	14815.320006	14816.687148	14817.533517	14818.525319	14814.506285	14816.971911			2.0	1.0	0.0	3.0					
14821.854	9.816000000000713	trials	26.0	14829.240306	14830.894314000001	14831.628965	14832.325368	14828.426718	14831.06411			2.0	1.0	0.0	3.0					
14836.01	188.14899999999943	BlockDesign														1.0	714.0	718.0	0.0	0.0
14836.01	19.22899999999936	trials	27.0	14852.594295	14854.017426	14854.632288	14855.350356	14851.956087	14854.225589000001			3.0	2.0	0.0	3.0					
14858.949	13.614999999999782	trials	27.0	14869.384194	14870.907528	14871.659921	14872.678026000001	14868.691287000001	14871.247767			3.0	2.0	0.0	3.0					
14875.984	71.44999999999891	trials	27.0	14944.594058	14945.81796	14946.498328000001	14947.54408	14943.873518	14946.082170000001			3.0	2.0	0.0	3.0					
14950.884	59.17000000000007	trials	27.0	15007.616244	15008.881734	15009.572483	15010.168376000001	15007.096863	15009.161066			3.0	2.0	0.0	3.0					
15013.884	10.274999999999636	trials	27.0	15022.205006	15023.429802			15021.496911	15023.718692			3.0	2.0	0.0	3.0					
15026.506	884.4040000000005	BlockDesign														1.0	719.0	762.0	50.0	50.0
15026.506	21.668000000001484	trials	28.0	15043.040058	15044.646325000002	15045.641886000001	15046.151559	15042.533495	15045.051372	15046.47	15048.174	2.0	1.0	1.0	1.0					
15050.279	15.094999999999345	trials	28.0	15060.411230000002	15062.181543	15062.958984	15063.352658	15059.818556	15062.351972	15063.545	15065.374	2.0	1.0	1.0	1.0					
15069.432	11.55699999999888	trials	28.0	15075.965703	15078.008622000001	15078.851042	15079.127480000001	15075.334272	15078.319611	15079.674	15080.989	3.0	2.0	1.0	1.0					
15085.08	19.59900000000016	trials	28.0	15101.455223	15103.221371	15104.080874	15104.793869000001	15100.74983	15103.485683			2.0	1.0	0.0	3.0					
15107.401	13.404000000000451	trials	28.0	15118.116548	15119.399802	15120.223405	15120.915696	15117.204092	15119.726469000001			3.0	2.0	0.0	3.0					
15123.479	13.784999999999854	trials	28.0	15134.160567	15135.924566000002	15136.663701000001	15137.37665	15133.223807	15136.095986			2.0	1.0	0.0	3.0					
15139.049	18.524999999999636	trials	28.0	15154.035737	15155.677297	15156.346672	15156.890846	15153.279123	15155.672538			3.0		0.0	2.0					
15160.635	19.04399999999987	trials	28.0	15176.726055000001	15178.327485	15178.986585	15179.790014	15175.930854	15178.590177			3.0	2.0	0.0	3.0					
15183.359	18.529999999998836	trials	28.0	15198.184911	15199.993704	15201.307251	15201.499482000001	15197.219972	15199.988991			3.0		0.0	2.0					
15204.971	18.683000000000902	trials	28.0	15218.720384	15220.660668	15221.384799	15221.772521	15218.107205	15220.807266	15221.974	15223.654	2.0	1.0	1.0	1.0					
15225.744	13.81499999999869	trials	28.0	15236.815562	15237.986792	15238.825853	15239.672264	15236.236757	15238.244501000001			2.0	1.0	0.0	3.0					
15243.134	25.915000000000873	trials	28.0	15265.696965000001	15267.074168000001	15268.259061	15268.598381	15264.987012000001	15267.070877			2.0		0.0	2.0					
15271.059	111.71500000000015	trials	28.0	15379.205697000001	15381.305967	15381.835556	15382.806564	15378.625375	15381.377117			3.0	2.0	0.0	3.0					
15385.174	15.459999999999127	trials	28.0	15395.80452	15397.742762	15398.525958	15398.783802	15394.895993	15398.087177000001	15399.274	15400.634	3.0	2.0	1.0	1.0					
15402.654	14.639999999999418	trials	28.0	15412.090166	15414.147086	15414.882408000001	15415.165547	15411.58013	15414.438183	15415.444	15417.294	3.0	2.0	1.0	1.0					
15420.384	11.735000000000582	trials	28.0	15427.339557000001	15428.921243	15429.645852	15430.047644	15426.77601	15429.080798	15430.299	15432.119	2.0	1.0	1.0	1.0					
15434.206	15.647999999999229	trials	28.0	15446.759321000001	15448.562976000001	15449.267514000001	15449.886936	15446.225611	15448.824791000001			3.0	2.0	0.0	3.0					
15452.65	17.795000000000073	trials	28.0	15465.508632000001	15467.018657	15467.971660000001	15468.434237000001	15464.892182	15467.25632	15468.629	15470.445	2.0	1.0	1.0	1.0					
15473.429	12.375	trials	28.0	15481.069406	15482.412606	15483.364326	15483.838416	15480.066332	15482.730212	15484.274	15485.804	2.0	1.0	1.0	1.0					
15489.824	8.430000000000291	trials	28.0	15494.590725	15496.347239	15497.266253	15498.285691000001	15493.746738	15496.649739			2.0	1.0	0.0	3.0					
15501.708	13.53099999999904	trials	28.0	15510.819714000001	15511.906312000001	15512.896505	15513.338001	15510.249963	15512.338701			3.0	2.0	0.0	3.0					
15515.415	15.863999999999578	trials	28.0	15527.995647	15529.81571	15530.50563	15531.310857	15527.237069	15529.94252			2.0	1.0	0.0	3.0					
15532.908	17.791000000001077	trials	28.0	15546.639599	15547.782851	15548.648981	15548.93939	15545.644298000001	15548.179496	15549.33	15550.699	3.0	2.0	1.0	1.0					
15553.729	11.14600000000064	trials	28.0	15559.804679	15561.736619000001	15562.660875	15562.989699	15558.865331	15562.153637000001	15563.269	15564.875	3.0	2.0	1.0	1.0					
15566.894	17.32499999999891	trials	28.0	15579.505203	15580.884255	15581.882098	15582.315305	15578.721762000001	15581.257493000001	15582.464	15584.219	2.0	1.0	1.0	1.0					
15586.195	12.22400000000016	trials	28.0	15595.644958	15596.848161	15597.581585	15598.452414000001	15594.695299	15597.033757000001			2.0	1.0	0.0	3.0					
15601.909	12.819999999999709	trials	28.0	15611.72515	15613.224306	15614.131052	15614.762892	15611.217224	15613.501634			2.0	1.0	0.0	3.0					
15616.574	17.524999999999636	trials	28.0	15629.349894	15630.868546	15631.621739	15631.991883	15628.564967	15631.183746	15632.334	15634.099	3.0	2.0	1.0	1.0					
15638.094	9.230000000001382	trials	28.0	15642.620616	15644.221731	15644.97005	15645.264172000001	15641.668271	15644.52569	15645.614	15647.324	3.0	2.0	1.0	1.0					
15650.385	18.148999999999432	trials	28.0	15665.520216	15666.648618000001	15667.574085	15668.568588	15664.851762	15667.117309000001			2.0	2.0	0.0	3.0					
15670.949	12.25	trials	28.0	15680.605305000001	15681.936132	15682.745276	15683.229832	15680.066948	15682.297131000001			3.0	2.0	0.0	3.0					
15686.109	11.501000000000204	trials	28.0	15695.015934000001	15696.219339000001	15697.072373	15697.643043	15694.173269	15696.616022			3.0	2.0	0.0	3.0					
15699.39	16.629000000000815	trials	28.0	15711.027243	15712.657903000001	15713.426745	15713.781767	15710.335322	15712.886825	15714.165	15716.019	2.0	1.0	1.0	1.0					
15719.148	13.481000000001586	trials	28.0	15727.760942	15729.591283	15730.306887	15730.540664	15726.792575000001	15729.846412	15730.944	15732.629	3.0	2.0	1.0	1.0					
15735.509	10.795000000000073	trials	28.0	15742.695342	15744.467381	15745.297083000001	15746.337033	15742.117743	15744.693254			2.0	1.0	0.0	3.0					
15747.681	18.432999999999083	trials	28.0	15763.126224	15764.591778	15765.369204	15766.148642	15762.614397000001	15764.899752000001			3.0	2.0	0.0	3.0					
15768.764	8.7400000000016	trials	28.0	15774.155148	15776.050068	15776.73552	15777.536171	15773.365011	15776.185832000001			2.0	1.0	0.0	3.0					
15779.185	14.84400000000096	trials	28.0	15791.475573	15793.060893	15793.504404000001	15794.063262	15790.559034	15793.055043			3.0	2.0	0.0	3.0					
15797.832	20.627000000000407	trials	28.0	15813.867219	15815.931081	15816.300408000001	15816.624003	15813.240164	15815.856956	15816.971	15818.459	3.0	2.0	1.0	1.0					
15822.573	12.626000000000204	trials	28.0	15830.706741	15832.12817	15834.505567	15835.230351	15830.074111	15832.120926			2.0		0.0	2.0					
15836.179	23.40099999999984	trials	28.0	15855.070838	15856.498256	15857.287315000001	15857.727044000001	15854.418884	15856.757082	15858.04	15859.58	2.0	1.0	1.0	1.0					
15861.7	18.458999999998923	trials	28.0	15876.030702	15877.139316	15877.923947000001	15878.234502000001	15875.145668000001	15877.474369	15878.744	15880.159	3.0	2.0	1.0	1.0					
15883.198	9.96099999999933	trials	28.0	15890.639238	15891.737991	15892.659041	15893.191262	15889.727337	15892.17239			3.0	2.0	0.0	3.0					
15896.04	14.869999999998981	trials	28.0	15908.735972	15910.102131	15910.842828	15911.624252	15907.914512000001	15910.258566			2.0	1.0	0.0	3.0					
15913.184	248.61000000000058	BlockDesign														1.0	763.0	783.0	50.0	90.0
15913.184	17.470000000001164	trials	29.0	15925.867905000001	15927.55977	15928.42383	15928.772648	15925.063075	15927.867707000001	15929.074	15930.654	1.0	2.0	1.0	1.0					
15932.67	9.255999999999403	trials	29.0	15937.611526	15938.722974	15939.622056	15939.869787	15936.829160000001	15939.188664000001	15940.354	15941.926	1.0	2.0	1.0	1.0					
15944.86	7.358999999998559	trials	29.0	15948.012038	15949.454740000001	15950.190999	15950.395902	15947.222442	15949.790075	15950.875	15952.219	1.0	2.0	1.0	1.0					
15954.315	10.43499999999949	trials	29.0	15960.336711	15961.876820000001	15962.589459	15962.794955000001	15959.47935	15962.181786000001	15963.199	15964.75	1.0	2.0	1.0	1.0					
15968.835	9.3700000000008	trials	29.0	15973.731461000001	15975.393129	15976.122342	15976.328649000001	15973.10139	15975.712387	15976.83	15978.205	1.0	2.0	1.0	1.0					
15980.294	8.43499999999949	trials	29.0	15984.766686	15985.978467	15986.83781	15987.065005	15984.046964000001	15986.412242	15987.474	15988.729	1.0	2.0	1.0	1.0					
15992.744	7.435999999999694	trials	29.0	15995.816939	15996.961871	15997.691837	15997.884783000001	15994.921158000001	15997.259276	15998.33	16000.18	1.0	2.0	1.0	1.0					
16002.209	8.819999999999709	trials	29.0	16007.066696	16008.120359	16009.077570000001	16009.282382000001	16006.07612	16008.674887000001	16009.694	16011.029	1.0	2.0	1.0	1.0					
16014.075	8.109999999998763	trials	29.0	16018.051901	16019.542582	16020.185661	16020.342818000001	16017.052931	16019.767008	16020.749	16022.185	1.0	2.0	1.0	1.0					
16026.224	7.575000000000728	trials	29.0	16029.84647	16031.020728	16031.734154	16031.976047	16029.064349	16031.275426	16032.369	16033.799	1.0	2.0	1.0	1.0					
16035.84	11.78900000000067	trials	29.0	16043.322965000001	16044.780945	16045.619519	16045.821945	16042.790127	16045.172157	16046.25	16047.629	1.0	2.0	1.0	1.0					
16051.711	6.978000000000975	trials	29.0	16054.101667	16055.589027	16056.418959	16056.559966	16053.494127	16055.993862000001	16057.08	16058.689	1.0	2.0	1.0	1.0					
16062.785	6.494000000000597	trials	29.0	16065.618476	16067.304717	16067.893125	16068.358716	16064.813707000001	16067.301245			1.0		0.0	2.0					
16072.29	7.573999999998705	trials	29.0	16077.047043	16078.313709	16079.263581000001	16079.897435	16076.294046	16078.704212			1.0	1.0	0.0	3.0					
16083.666	7.368000000000393	trials	29.0	16086.727053	16087.862058	16088.996313	16089.187605000001	16086.170709	16088.494527	16089.654	16091.034	1.0	2.0	1.0	1.0					
16095.114	6.591000000000349	trials	29.0	16098.562464	16100.304051000001	16100.855789000001	16101.73874	16097.558436000001	16100.361796000001			1.0	2.0	0.0	3.0					
16104.244	8.979999999999563	trials	29.0	16108.553222	16109.908758000001	16111.077796000001	16111.310622	16107.975982	16110.618144	16111.784	16113.224	1.0	2.0	1.0	1.0					
16116.24	10.165000000000873	trials	29.0	16122.168619	16123.278512	16124.156084	16124.400359000001	16121.240142	16123.674185	16124.854	16126.405	1.0	2.0	1.0	1.0					
16129.552	8.55199999999968	trials	29.0	16133.41854	16135.269111	16136.134623	16136.273195	16132.857912	16135.675433	16136.79	16138.104	1.0	2.0	1.0	1.0					
16141.12	8.623999999999796	trials	29.0	16145.531731000001	16146.866160000001	16147.637838	16147.840172	16144.870559	16147.21805	16148.574	16149.744	1.0	2.0	1.0	1.0					
16152.795	8.998999999999796	trials	29.0	16157.405802000001	16159.087834	16159.750562000001	16159.891153	16156.830065	16159.317933	16160.375	16161.794	1.0	2.0	1.0	1.0					
16164.915	451.875	BlockDesign														1.0	784.0	808.0	50.0	10.0
16164.915	6.678999999998268	trials	30.0	16168.982172	16170.4954	16171.230654	16171.466423	16168.243343	16170.764561			1.0	2.0	0.0	3.0					
16175.624	9.235000000000582	trials	30.0	16181.677439000001	16183.441816	16184.133416	16184.896272	16180.751973	16183.674785000001			1.0	2.0	0.0	3.0					
16187.531	12.087999999999738	trials	30.0	16194.652632000001	16195.764387000001	16197.165252	16197.46818	16193.967264	16196.535912000001	16197.834	16199.619	1.0	1.0	1.0	1.0					
16203.669	8.305000000000291	trials	30.0	16208.687668	16210.176952	16211.005541	16211.046555	16207.760704	16210.523619			1.0	2.0	0.0	3.0					
16213.419	13.18499999999949	trials	30.0	16223.857353000001	16225.040865	16225.879897	16226.638649	16223.08605	16225.30419			1.0	1.0	0.0	3.0					
16230.294	7.864999999999782	trials	30.0	16233.057642	16234.879560000001	16235.738973	16236.033689	16232.113131	16235.147493	16236.449	16238.159	1.0	1.0	1.0	1.0					
16240.069	11.239999999999782	trials	30.0	16246.882752000001	16248.300893	16249.135885	16249.38572	16245.925697	16248.529691	16249.939	16251.309	1.0	1.0	1.0	1.0					
16255.385	7.234000000000378	trials	30.0	16258.362929	16260.179795	16261.198733000001	16261.495466	16257.660537	16260.54116			1.0	1.0	0.0	3.0					
16265.594	14.125	trials	30.0	16276.267677	16278.122303	16278.995556	16279.754567	16275.414041	16278.430755000001			1.0	2.0	0.0	3.0					
16283.385	46.439000000000306	trials	30.0	16325.158055	16326.750390000001	16327.550922	16327.932770000001	16324.205229000001	16326.942503	16328.274	16329.824	1.0	1.0	1.0	1.0					
16332.895	8.43499999999949	trials	30.0	16336.928316000001	16338.159966000001	16338.952629	16339.341569	16336.306896	16338.364394	16339.684	16341.33	1.0	1.0	1.0	1.0					
16345.37	8.153999999998632	trials	30.0	16349.798529	16351.72722	16352.778695	16353.560772	16349.218886	16352.205684			1.0	1.0	0.0	3.0					
16355.109	11.845999999999549	trials	30.0	16363.093574	16364.828693	16365.723348	16366.111781	16362.278033	16365.149214000001			1.0	1.0	0.0	3.0					
16370.034	12.819999999999709	trials	30.0	16378.714205	16380.690048	16381.923027	16382.892450000001	16377.94967	16380.750594000001			1.0	2.0	0.0	3.0					
16384.276	12.018000000000029	trials	30.0	16392.904998	16394.127867	16395.230225	16396.33272	16392.001191	16394.622336			1.0	1.0	0.0	3.0					
16397.745	65.89400000000023	trials	30.0	16460.679611	16461.669893000002			16459.790309	16461.662885			1.0		0.0	2.0					
16465.646	10.628000000000611	trials	30.0	16472.238285	16473.549654000002	16474.966465	16476.309531	16471.510656	16474.283003			1.0	1.0	0.0	3.0					
16478.33	14.413999999997031	trials	30.0	16489.193666	16490.645591	16491.841346	16492.780416	16488.67803	16491.254216			1.0	2.0	0.0	3.0					
16496.215	17.144000000000233	trials	30.0	16508.9556	16510.752998	16512.100037	16513.397978	16508.395832000002	16511.488943			1.0	2.0	0.0	3.0					
16514.484	16.840000000000146	trials	30.0	16525.635216	16527.661953	16528.776533	16529.152953	16524.920336	16528.200018	16529.385	16531.324	1.0	1.0	1.0	1.0					
16533.413	10.675999999999476	trials	30.0	16541.08484	16542.405707	16543.262118	16544.124951	16540.185135	16542.647966			1.0	1.0	0.0	3.0					
16546.634	19.975000000002183	trials	30.0	16562.469396	16563.54639	16564.330514	16564.72218	16561.494054	16563.822279	16564.904	16566.609	1.0	1.0	1.0	1.0					
16570.629	11.161000000000058	trials	30.0	16577.384284	16578.582494000002	16579.443252	16579.824272	16576.544359	16578.872994	16580.184	16581.79	1.0	1.0	1.0	1.0					
16584.875	9.318999999999505	trials	30.0	16591.255151	16592.321091	16593.493724	16594.231703	16590.690255	16592.850846			1.0	1.0	0.0	3.0					
16596.823	19.967000000000553	trials	30.0	16611.854721	16613.518542	16614.404553	16614.870585	16611.251577	16613.784693	16615.205	16616.79	1.0	1.0	1.0	1.0					
16619.884	74.52000000000044	BlockDesign														1.0	809.0	813.0	0.0	0.0
16619.884	8.515000000003056	trials	31.0	16624.794656000002	16626.804591	16627.665582	16628.435139	16623.914496	16627.069827			1.0	1.0	0.0	3.0					
16631.059	11.974999999998545	trials	31.0	16639.464666	16640.566068	16641.49598	16643.069025	16638.567077	16640.874135000002			1.0	1.0	0.0	3.0					
16645.814	16.125	trials	31.0	16657.864442000002	16659.909437000002	16660.97133	16661.978304	16656.869753	16660.356904			1.0	1.0	0.0	3.0					
16665.299	12.584999999999127	trials	31.0	16674.225252	16675.466756	16676.757163000002	16676.77611	16673.56203	16676.267301			1.0	2.0	0.0	3.0					
16680.269	14.1349999999984	trials	31.0	16691.344811	16693.281623	16694.323541	16694.860454	16690.391871	16693.709192000002			1.0	2.0	0.0	3.0					
16696.734	370.4500000000007	BlockDesign														1.0	814.0	836.0	90.0	50.0
16696.734	82.48999999999796	trials	32.0	16774.047245	16775.4919	16776.694058	16777.112289	16773.508908	16776.019262	16777.389	16779.224	1.0	1.0	1.0	1.0					
16782.315	8.429000000000087	trials	32.0	16786.185306	16787.52255	16788.373013	16788.695703	16785.44148	16787.775494	16789.004	16790.744	1.0	1.0	1.0	1.0					
16793.764	10.100000000002183	trials	32.0	16799.496963	16800.717398	16801.556096	16802.001411	16798.707027	16800.76538	16802.254	16803.864	1.0	1.0	1.0	1.0					
16806.884	8.095000000001164	trials	32.0	16811.707037	16812.966087			16810.964153	16812.9495			1.0		0.0	2.0					
16818.041	8.70799999999872	trials	32.0	16821.905438	16823.387747	16824.293021	16824.809789	16821.291211	16823.64356	16824.955	16826.749	1.0	1.0	1.0	1.0					
16829.769	8.985000000000582	trials	32.0	16834.400175	16835.520551	16836.335772	16836.790845	16833.815504000002	16835.756102	16837.064	16838.754	1.0	1.0	1.0	1.0					
16840.659	10.194999999999709	trials	32.0	16846.785186	16848.698547	16849.739869	16850.282643	16846.16564	16849.154531			1.0	1.0	1.0	1.0					
16855.385	14.6150000000016	trials	32.0	16866.332514	16868.032365			16865.39844	16868.024709			1.0		0.0	2.0					
16872.044	15.819999999999709	trials	32.0	16883.310891	16884.450836	16885.282899	16885.760576	16882.65857	16884.68672	16886.099	16887.864	1.0	1.0	1.0	1.0					
16891.025	9.583999999998923	trials	32.0	16895.801303	16897.457622	16898.361312	16898.738214	16895.168496000002	16897.785484	16898.959	16900.609	1.0	1.0	1.0	1.0					
16903.702	10.701999999997497	trials	32.0	16908.857828	16911.033966	16911.967587	16912.393788	16907.911839	16911.400007	16912.839	16914.404	1.0	1.0	1.0	1.0					
16916.449	11.579999999998108	trials	32.0	16923.016081	16924.682528	16925.885658	16926.321192	16922.122766	16925.378313	16926.569	16928.029	1.0	1.0	1.0	1.0					
16932.049	8.12000000000262	trials	32.0	16934.566256000002	16936.577526	16937.665089000002	16938.071588	16933.833558000002	16937.088215	16938.339	16940.169	1.0	1.0	1.0	1.0					
16943.189	9.226000000002387	trials	32.0	16948.271508	16950.374643			16947.425957	16950.3696			1.0		0.0	2.0					
16954.463	14.537000000000262	trials	32.0	16964.14658	16965.48161	16966.51109	16966.981006	16963.238675	16965.953909	16967.104	16969.0	1.0	1.0	1.0	1.0					
16971.083	11.39600000000064	trials	32.0	16977.542235	16979.10825	16979.879888	16980.263598	16976.762732	16979.333568000002	16980.519	16982.479	1.0	1.0	1.0	1.0					
16984.562	8.486999999997352	trials	32.0	16988.821285	16989.95375	16990.754096	16991.162108	16987.821623	16990.187706	16991.429	16993.049	1.0	1.0	1.0	1.0					
16995.069	10.040000000000873	trials	32.0	16999.536	17001.532966	17002.512101	17002.907606	16998.634032	17001.933861	17003.339	17005.109	1.0	1.0	1.0	1.0					
17009.094	7.8509999999987485	trials	32.0	17012.131835	17013.628544	17014.53738	17014.887665000002	17011.337526	17013.97086	17015.29	17016.945	1.0	1.0	1.0	1.0					
17020.985	6.283999999999651	trials	32.0	17022.896575	17024.05403	17024.89247	17025.309815	17022.362531	17024.352425	17025.625	17027.269	1.0	1.0	1.0	1.0					
17031.324	7.6599999999998545	trials	32.0	17034.325863000002	17035.839936	17036.669841	17036.982285000002	17033.728865	17036.075294000002	17037.314	17038.984	1.0	1.0	1.0	1.0					
17042.889	9.830000000001746	trials	32.0	17048.27673	17049.598409000002	17050.475865	17050.876035	17047.583384	17049.899222	17051.165	17052.719	1.0	1.0	1.0	1.0					
17056.779	10.405000000002474	trials	32.0	17061.918187	17064.172275	17065.007789	17065.274169	17060.911705	17064.423333	17065.75	17067.184	1.0	1.0	1.0	1.0					
17071.278	964.6010000000024	BlockDesign														1.0	837.0	876.0	10.0	50.0
17071.278	7.776000000001659	trials	33.0	17075.776277	17077.869348	17078.743626	17079.042463	17075.144745	17078.18277			1.0	1.0	0.0	3.0					
17083.13	5.763999999999214	trials	33.0	17085.307535	17086.523376	17087.657331000002	17088.934444	17084.537853	17087.037156000002			1.0	1.0	0.0	3.0					
17092.172	15.158000000003085	trials	33.0	17102.93676	17104.797335	17105.463066	17105.682957	17101.933206	17104.925013	17106.189	17107.33	1.0	2.0	1.0	1.0					
17111.344	8.375	trials	33.0	17114.82137	17116.754648000002	17117.672474	17117.918555	17114.010720000002	17117.200158	17118.314	17119.719	1.0	2.0	1.0	1.0					
17122.769	7.029999999998836	trials	33.0	17126.611443	17127.747537	17129.049716	17129.836895	17125.930406	17128.447305			1.0	1.0	0.0	3.0					
17133.51	15.484000000000378	trials	33.0	17144.732414000002	17145.911708	17146.854157	17147.111619	17144.029272	17146.320488	17147.594	17148.994	1.0	2.0	1.0	1.0					
17151.076	7.879000000000815	trials	33.0	17155.661429	17157.719423000002	17158.604895	17158.768772	17154.892548	17158.153529			1.0	2.0	0.0	3.0					
17160.965	12.743999999998778	trials	33.0	17170.026675	17172.034568	17172.95567	17173.750706	17169.08246	17172.491526			1.0	2.0	0.0	3.0					
17175.35	14.28399999999965	trials	33.0	17184.222375	17186.211887	17187.085157	17187.348222	17183.225112	17186.620788	17187.684	17189.634	1.0	2.0	1.0	1.0					
17191.669	8.029999999998836	trials	33.0	17196.696733	17198.706488	17199.396768	17199.629073	17195.947505	17198.978216			1.0	2.0	0.0	3.0					
17202.734	9.681000000000495	trials	33.0	17207.816936	17210.033754	17211.361674	17212.001941000002	17207.144123000002	17210.751497			1.0	2.0	0.0	3.0					
17215.814	10.485000000000582	trials	33.0	17222.692416	17224.282193	17225.586744	17226.339066	17221.86456	17224.953042			1.0	2.0	0.0	3.0					
17228.899	88.64099999999962	trials	33.0	17312.727495	17314.34975	17315.152785000002	17315.599829	17312.169413	17314.585682	17315.989	17317.54	1.0	1.0	1.0	1.0					
17320.554	9.1150000000016	trials	33.0	17323.888055	17325.151907	17327.623448000002	17327.895201	17323.137185	17326.323014	17328.25	17329.669	1.0	2.0	1.0	1.0					
17333.755	5.414000000000669	trials	33.0	17335.732536	17337.003953	17338.054664	17339.21204	17335.208388	17337.512466			1.0	2.0	0.0	3.0					
17340.419	11.739999999997963	trials	33.0	17348.242335	17349.869385	17351.145132	17352.199602	17347.266447	17350.564140000002			1.0	1.0	0.0	3.0					
17353.5	13.528999999998632	trials	33.0	17363.407895	17365.349732000002	17366.222066000002	17367.070116	17362.539693	17365.667973			1.0	1.0	0.0	3.0					
17369.624	17.74499999999898	trials	33.0	17383.419501	17385.312749	17386.590984000002	17387.411862	17382.650339	17385.883743			1.0	1.0	0.0	3.0					
17390.03	15.42500000000291	trials	33.0	17402.437855	17403.726065	17404.770882	17405.496042	17401.483947	17404.202621			1.0	2.0	0.0	3.0					
17407.219	20.711999999999534	trials	33.0	17425.0327	17426.251752	17427.20952	17427.970245	17424.166406	17426.594996			1.0	1.0	0.0	3.0					
17429.557	18.257999999997992	trials	33.0	17444.933887	17446.019462	17447.010795000002	17447.855247	17444.151528000002	17446.457781			1.0	1.0	0.0	3.0					
17450.409	39.60499999999956	trials	33.0	17486.853363000002	17488.534898	17489.328228	17490.055584	17485.964556	17488.80014			1.0	1.0	0.0	3.0					
17491.644	144.61999999999898	trials	33.0	17631.854387	17633.604756	17634.330526	17634.565254	17631.029667	17633.842866	17635.034	17636.264	1.0	2.0	1.0	1.0					
17639.325	11.56499999999869	trials	33.0	17645.8943	17647.462535	17648.522894	17648.774274	17645.263695	17648.011673	17649.259	17650.89	1.0	2.0	1.0	1.0					
17654.926	14.468000000000757	trials	33.0	17664.144426	17666.180171	17666.940204	17667.160201	17663.373873	17666.428755	17667.735	17669.394	1.0	2.0	1.0	1.0					
17673.479	12.915000000000873	trials	33.0	17683.214541	17684.35295	17685.229215	17685.555623	17682.529327	17684.755232			1.0	2.0	0.0	3.0					
17687.639	18.645000000000437	trials	33.0	17700.778943	17702.906112	17703.662326	17703.900954	17699.935032	17703.169874	17704.279	17706.284	1.0	2.0	1.0	1.0					
17710.299	10.186000000001513	trials	33.0	17715.099324	17717.087612	17717.932955	17718.19336	17714.349573	17717.435616000002	17718.594	17720.485	1.0	2.0	1.0	1.0					
17723.504	10.7599999999984	trials	33.0	17729.7443	17730.786123	17731.934114	17732.227125	17729.079492	17731.514025	17732.649	17734.264	1.0	2.0	1.0	1.0					
17737.334	7.920000000001892	trials	33.0	17742.399273	17743.931766	17744.752674	17745.295737	17741.867981	17744.279024			1.0	2.0	0.0	3.0					
17749.134	12.265000000003056	trials	33.0	17756.194434	17758.09899	17758.942139	17759.218515	17755.262223	17758.498789	17759.844	17761.399	1.0	2.0	1.0	1.0					
17763.419	9.364999999997963	trials	33.0	17769.884988	17771.067092	17771.766923	17772.074735000002	17769.166092	17771.329955			1.0	2.0	0.0	3.0					
17776.208	11.441000000002532	trials	33.0	17784.726152	17786.276318	17787.049662	17787.690033	17783.862744000002	17786.485926			1.0	1.0	0.0	3.0					
17789.429	78.72899999999936	trials	33.0	17865.315218	17866.502459	17867.354183	17868.202758	17864.493695	17866.894226			1.0	2.0	0.0	3.0					
17869.654	9.145000000000437	trials	33.0	17875.312794	17877.267132	17878.157016	17878.843796	17874.425355	17877.573764			1.0	1.0	0.0	3.0					
17881.57	10.329000000001543	trials	33.0	17887.99473	17889.994039	17890.927643	17891.940267	17887.192703	17890.442526			1.0	2.0	0.0	3.0					
17894.279	98.02000000000044	trials	33.0	17989.110401	17991.190856	17991.73935	17992.341534	17988.109323	17991.219359000002			1.0	2.0	0.0	3.0					
17996.08	15.084999999999127	trials	33.0	18006.330033000002	18007.898923	18008.876231000002	18009.179444	18005.533855	18008.38028	18009.594	18011.165	1.0	2.0	1.0	1.0					
18013.304	11.061000000001513	trials	33.0	18019.435558	18021.299063	18021.858206	18021.981101	18018.578247	18021.289693	18022.625	18024.365	1.0	2.0	1.0	1.0					
18027.381	8.497999999999593	trials	33.0	18031.127515	18032.677617	18033.478887	18033.765036	18030.398137	18033.023313	18034.194	18035.879	1.0	2.0	1.0	1.0					
18039.941	794.1779999999999	BlockDesign														1.0	877.0	900.0	50.0	0.0
18039.941	7.532999999999447	trials	34.0	18043.72104	18045.423994			18043.211915	18045.420558			2.0		0.0	2.0					
18050.557	14.11699999999837	trials	34.0	18061.225758	18063.133016	18064.023627000002	18064.715985	18060.320405	18063.439851			2.0	1.0	0.0	3.0					
18066.432	12.902999999998428	trials	34.0	18074.200739	18075.562224	18076.520598	18076.974762	18073.433393	18075.906339	18077.195	18079.335	2.0	1.0	1.0	1.0					
18081.389	9.95600000000195	trials	34.0	18087.991546	18089.724237000002	18090.520517	18091.389011	18087.259754	18089.947197			2.0	1.0	0.0	3.0					
18092.899	14.094999999997526	trials	34.0	18103.580909	18105.560399	18106.233089	18107.036109	18102.79598	18105.663144000002			2.0	1.0	0.0	3.0					
18110.629	13.919999999998254	trials	34.0	18121.482056	18122.492622	18123.406006	18123.931148	18120.598137	18122.487414			2.0		0.0	2.0					
18126.59	275.3090000000011	trials	34.0	18398.523985000003	18399.864124000003	18400.865542000003	18401.917781000004	18397.572461000003	18400.383083			2.0	2.0	0.0	3.0					
18404.289	26.674999999999272	trials	34.0	18424.862772	18426.643739000003	18427.636536	18428.006988	18424.000996000002	18427.035072000002	18428.375	18430.964	2.0	1.0	1.0	1.0					
18434.026	9.977999999999156	trials	34.0	18440.797402000004	18441.859664000003	18442.933909000003	18444.026510000003	18439.986475	18442.254719			2.0	1.0	0.0	3.0					
18445.28	13.91400000000067	trials	34.0	18452.718269	18454.569393	18455.451271	18455.800805000003	18452.029211	18454.769374000003	18456.19	18459.194	2.0	1.0	1.0	1.0					
18461.26	13.599000000001979	trials	34.0	18471.497447	18473.384024000003	18474.175741000003	18474.877924	18470.552809	18473.522123000002			2.0	1.0	0.0	3.0					
18478.58	12.643999999996595	trials	34.0	18486.242867	18487.505966	18488.405486000003	18488.828009	18485.451697	18487.708256	18489.009	18491.224	2.0	1.0	1.0	1.0					
18494.244	12.909999999999854	trials	34.0	18503.887555	18505.578884000002	18506.543858	18507.176686000003	18503.061457000003	18505.816709000002			2.0	1.0	0.0	3.0					
18508.949	25.149999999997817	trials	34.0	18530.572933000003	18532.026836			18530.025875000003	18532.013902000002			2.0		0.0	2.0					
18536.179	21.681000000000495	trials	34.0	18554.517814000003	18556.16008	18557.074179000003	18557.882069000003	18553.757573000003	18556.458004000004			2.0	1.0	0.0	3.0					
18561.555	30.972999999998137	trials	34.0	18588.733816000004	18590.385218000003	18591.555862	18591.684929000003	18587.833741000002	18590.382388			2.0		0.0	2.0					
18594.609	89.8060000000005	trials	34.0	18678.838420000004	18680.826541000002	18681.682769000003	18682.052298000002	18678.228647000004	18681.045053	18682.344	18684.415	2.0	1.0	1.0	1.0					
18686.5	14.294999999998254	trials	34.0	18695.163519	18697.111187000002	18698.169957000002	18698.469931000003	18694.177394000002	18697.033590000003	18698.984	18700.795	2.0	1.0	1.0	1.0					
18704.885	8.070000000003347	trials	34.0	18709.373895	18711.273276000004	18712.009981000003	18712.979618	18708.689396	18711.385879			2.0	1.0	0.0	3.0					
18715.45	17.22099999999773	trials	34.0	18728.560715000003	18730.629101000002	18731.452331	18732.694741000003	18727.639177	18730.818364000002			2.0	1.0	0.0	3.0					
18733.875	19.644000000000233	trials	34.0	18749.690651	18750.842296000003	18752.033641	18753.541076	18749.066216000003	18751.347729			2.0	1.0	0.0	3.0					
18756.434	27.19999999999709	trials	34.0	18780.039169000003	18781.145974000003	18782.563856	18783.656786000003	18779.415821000002	18781.935148			2.0	2.0	0.0	3.0					
18784.984	30.2599999999984	trials	34.0	18811.348904000002	18812.885575	18813.760016	18815.264747	18810.690665000002	18813.129484			2.0	1.0	0.0	3.0					
18817.179	16.93999999999869	trials	34.0	18831.699646	18833.191271000003	18834.008584000003	18835.561429	18830.829944	18833.429849000004			2.0	2.0	0.0	3.0					
18836.349	617.9810000000034	BlockDesign														0.0	901.0	924.0	0.0	50.0
18836.349	36.16600000000108	trials	35.0	18868.820018000002	18870.528114	18871.431271	18871.996345000003	18867.951379000002	18870.519226			3.0		0.0	2.0					
18876.559	30.68999999999869	trials	35.0	18902.847177000003	18904.488997	18904.966995000002	18905.217171000004	18902.309275000003	18904.422274	18905.705	18907.249	3.0	2.0	1.0	1.0					
18909.269	14.994999999998981	trials	35.0	18920.300149000002	18922.271054	18922.761986	18923.353502	18919.761692000004	18922.263146			3.0		0.0	2.0					
18927.345	23.648999999997613	trials	35.0	18946.066538000003	18947.993573000003	18948.664904	18948.916171	18945.365852000003	18948.264761000002	18949.264	18950.994	3.0	2.0	1.0	1.0					
18954.093	9.705999999998312	trials	35.0	18959.2762	18960.483362000003	18961.414063000004	18961.644736000002	18958.760624000002	18960.969370000003	18962.209	18963.799	3.0	2.0	1.0	1.0					
18965.819	11.306000000000495	trials	35.0	18974.362136000003	18975.483564000002	18976.278853000003	18977.148563000002	18973.774133000003	18975.818393			3.0	2.0	0.0	3.0					
18978.682	23.023000000001048	trials	35.0	18997.849576	18999.646754	19000.365034000002	19000.654885000004	18996.992894000003	18999.632089000002			3.0		0.0	2.0					
19005.729	30.64600000000064	trials	35.0	19032.810397	19034.131963000003	19034.872849000003	19036.396490000003	19032.164687	19034.413487			3.0	2.0	0.0	3.0					
19038.234	28.681000000000495	trials	35.0	19062.375264000002	19063.616709	19064.464526000003	19064.727559000003	19061.5436	19063.983503000003	19065.114	19066.915	3.0	2.0	1.0	1.0					
19070.83	19.073999999996886	trials	35.0	19086.655879	19088.234881	19088.988686	19089.927565	19086.021952000003	19088.549346000003			3.0	2.0	0.0	3.0					
19091.344	25.979999999999563	trials	35.0	19113.06721	19114.187209000003	19115.036891000003	19115.313296	19112.242884000003	19114.541514	19115.744	19117.324	3.0	2.0	1.0	1.0					
19119.401	11.0779999999977	trials	35.0	19127.835908	19129.020782000003	19129.890267000002	19130.502476	19127.286953000003	19129.392278000003			3.0	2.0	0.0	3.0					
19132.304	47.18500000000131	trials	35.0	19175.394536000003	19176.529376000002	19177.231474	19177.499414	19174.652006	19176.833771	19177.984	19179.489	3.0	2.0	1.0	1.0					
19183.509	10.906000000002678	trials	35.0	19190.786207	19192.873577000002	19193.286214000003	19194.441555	19190.233229	19192.829266			3.0	2.0	0.0	3.0					
19195.669	21.3849999999984	trials	35.0	19212.741469	19213.989597000003	19214.697779000002	19214.981676000003	19212.217157000003	19214.261821000004	19215.379	19217.054	3.0	2.0	1.0	1.0					
19220.074	10.139999999999418	trials	35.0	19227.116898	19228.739309	19229.494121000003	19230.239785	19226.403521	19229.044517000002			3.0	2.0	0.0	3.0					
19231.84	21.529999999998836	trials	35.0	19250.286682	19251.663228	19252.513067000004	19253.397053	19249.760908000004	19252.081247000002			3.0	2.0	0.0	3.0					
19254.92	20.499000000003434	trials	35.0	19271.568104	19273.348690000003	19273.84412	19274.169925000002	19270.722441	19273.337227000004			3.0		0.0	2.0					
19279.426	18.997999999999593	trials	35.0	19295.395851	19296.515878000002	19297.307296000003	19298.449148000003	19294.872239	19296.888089000004			3.0	2.0	0.0	3.0					
19300.7	79.73400000000038	trials	35.0	19377.011669000003	19378.462135	19379.278645000002	19379.512102	19376.143559000004	19378.783712			3.0	2.0	1.0	1.0					
19384.885	18.34400000000096	trials	35.0	19398.568462000003	19399.97302	19400.763602000003	19401.010418	19397.838404000002	19400.316677000003	19401.489	19403.229	3.0	2.0	1.0	1.0					
19405.25	13.239000000001397	trials	35.0	19413.943288000002	19415.083921	19415.946356	19416.315173000003	19413.322790000002	19415.480792000002	19416.69	19418.489	3.0	2.0	1.0	1.0					
19421.544	11.919999999998254	trials	35.0	19430.444083000002	19432.38503	19433.055289000004	19433.475823	19429.841266000003	19432.64816			3.0	2.0	0.0	3.0					
19435.5	18.830000000001746	trials	35.0	19452.226741000002	19453.421927000003	19454.213063000003	19455.154104	19451.702762	19453.7606			3.0	2.0	0.0	3.0					
19456.669	57.58999999999651	BlockDesign														0.0	925.0	926.0	50.0	50.0
19456.669	12.5	trials	36.0	19466.462048	19467.599622	19468.475357000003	19469.196688000004	19465.499050000002	19467.919550000002			2.0	1.0	0.0	3.0					
19472.819	41.43999999999869	trials	36.0	19510.609073000003	19512.196358			19509.718469000003	19512.182134000002			3.0		0.0	2.0					
