onset	duration	nwb_table	block	tone_on_time	tone_off_time	action_on_time	action_off_time	pokeC_on_time	pokeC_off_time	reward_on_time	reward_off_time	state	action	reward	result	FinishedBlock	FirstTrial	LastTrial	RewardRule_L	RewardRule_R
3.574	738.9250000000001	BlockDesign														1.0	1.0	25.0	50.0	0.0
3.574	4.965	trials	1.0	6.413022000000046	6.612509000000046	7.860531000000046	8.035277000000047	5.457438000000046	6.598358000000046			2.0		0.0	2.0					
12.589	63.105999999999995	trials	1.0	70.30774900000004	72.26431300000004	74.99526600000004	75.77556300000005	69.67276100000005	73.19039200000005			2.0	2.0	0.0	3.0					
77.389	62.980000000000004	trials	1.0	130.98946700000005	132.88951700000004	137.04177100000004	138.00631400000006	129.98799200000005	135.26785200000003			2.0	2.0	0.0	3.0					
140.605	66.05000000000001	trials	1.0	142.86454100000006	144.21895800000004			142.03820100000004	144.57697200000004			2.0		0.0	4.0					
209.664	106.36599999999999	trials	1.0	312.70896200000004	314.0270330000001	315.2822340000001	316.11021900000003	311.93014800000003	314.29181400000004			2.0	2.0	0.0	3.0					
319.54	92.28399999999999	trials	1.0	406.374135	407.765367	410.6410910000001	411.906534	405.61642500000005	409.42111400000005			2.0	2.0	0.0	3.0					
412.899	12.324999999999989	trials	1.0	421.075278	422.84560200000004	424.46337000000005	425.30579400000005	420.36363000000006	423.82788200000005			2.0	1.0	0.0	3.0					
426.774	21.555000000000007	trials	1.0	442.64868600000005	444.18584000000004	447.656534	448.411601	441.96320600000007	446.91274200000004			2.0	2.0	0.0	3.0					
451.214	10.370000000000005	trials	1.0	453.53056200000003	455.18617800000004	459.56638200000003	459.76971800000007	452.73009800000005	458.73635600000006	460.179	461.584	2.0	1.0	1.0	1.0					
465.655	14.079000000000008	trials	1.0	471.98379600000004	473.64309800000007	477.4909200000001	477.65538300000003	471.36221000000006	476.72349600000007	478.129	479.734	2.0	1.0	1.0	1.0					
481.588	14.83099999999996	trials	1.0	489.50428100000005	490.66427400000003	495.67130700000007	495.90909600000003	488.960457	494.91434200000003			2.0	1.0	0.0	3.0					
498.01	10.509000000000015	trials	1.0	502.88446200000004	504.19542200000006	506.04581900000005	506.78535300000004	502.233128	505.21782600000006			2.0	1.0	0.0	3.0					
510.353	66.20099999999996	trials	1.0	570.7008600000001	572.129729	574.703354	575.052072	570.0319650000001	573.987756	520.03	576.554	2.0	1.0	1.0	1.0					
578.65	14.744000000000028	trials	1.0	586.844339	588.776093	591.2440530000001	591.461454	586.071528	590.3871630000001	591.894	593.394	2.0	1.0	1.0	1.0					
595.445	11.872999999999934	trials	1.0	602.934305	604.266083	606.988985	607.3944650000001	602.0450089999999	605.9712380000001			2.0	1.0	0.0	3.0					
610.243	9.477999999999952	trials	1.0	614.7096690000001	616.481252	619.3271990000001	619.761514	613.8301000000001	618.4035780000002			2.0	1.0	0.0	3.0					
621.644	10.684999999999945	trials	1.0	623.444409	625.0074750000001	630.3052700000001	630.559651	621.7248810000001	626.538413	630.889	632.329	2.0	1.0	1.0	1.0					
635.345	11.303999999999974	trials	1.0	639.7548100000001	641.4225820000001	644.729589	644.8697070000001	638.8485150000001	643.9027980000001	645.314	646.649	2.0	1.0	1.0	1.0					
650.669	8.31000000000006	trials	1.0	654.834953	656.013962	658.585853	659.0627790000001	653.9045740000001	657.446486			2.0	1.0	0.0	3.0					
660.837	12.983000000000061	trials	1.0	665.769483	667.0465730000001	671.4553660000001	672.211202	664.792731	670.4451900000001			2.0	1.0	0.0	3.0					
675.824	6.410000000000082	trials	1.0	677.6445270000002	679.0163540000001	681.4231200000002	682.317198	673.904982	680.4501270000001			2.0	2.0	0.0	3.0					
683.731	13.128000000000043	trials	1.0	691.769481	693.4313970000001	696.6185970000001	696.7914290000001	690.833664	695.699973			2.0	1.0	0.0	3.0					
699.905	9.114000000000033	trials	1.0	704.6298550000001	705.778759	707.356196	707.5016620000001	703.725189	706.5433010000002	708.064	709.019	2.0	1.0	1.0	1.0					
711.039	14.245000000000005	trials	1.0	720.03511	721.872063	724.884051	725.366499	719.40302	723.7283910000001			2.0	2.0	0.0	3.0					
728.134	14.365000000000009	trials	1.0	738.170102	740.0746610000001	742.296677	742.583187	737.5802840000001	741.473954			2.0	1.0	0.0	3.0					
744.601	775.668	BlockDesign														1.0	26.0	66.0	0.0	50.0
744.601	25.168000000000006	trials	2.0	764.1565889999999	765.887385	767.975336	768.297454	763.1516690000001	766.903616	768.524	769.769	3.0	2.0	1.0	1.0					
772.789	19.79499999999996	trials	2.0	787.7652800000001	789.4376070000001	791.5985450000001	792.062508	787.1537130000002	790.561557			3.0	2.0	1.0	1.0					
795.124	23.975000000000023	trials	2.0	814.670425	816.1515899999999	818.682495	819.183411	814.053255	816.9055820000001			3.0	2.0	0.0	3.0					
822.939	13.115000000000009	trials	2.0	828.050377	829.922857	832.1107039999999	833.5854810000001	827.19137	831.0813860000001			3.0	2.0	0.0	3.0					
836.374	5.6200000000000045	trials	2.0	838.3051990000001	839.622147	841.2536660000001	842.0766390000001	836.9184319999999	840.3829310000001			3.0	2.0	0.0	3.0					
843.514	12.55600000000004	trials	2.0	849.570144	851.5768990000001	855.35527	856.152893	848.765279	853.9447420000001			3.0	2.0	0.0	3.0					
858.683	6.903999999999996	trials	2.0	861.0409070000001	862.3252560000001	865.271184	865.6605810000001	860.3284040000001	864.1911030000001			3.0	1.0	0.0	3.0					
867.6	28.833999999999946	trials	2.0	888.8056819999999	890.2258960000001	895.9120740000001	896.032076	887.8476540000001	895.1679060000001			3.0	1.0	0.0	3.0					
899.164	6.664999999999964	trials	2.0	900.841565	902.783668	904.1012450000001	905.914421	899.470996	903.267887			3.0	2.0	0.0	3.0					
906.434	33.95500000000004	trials	2.0	931.690257	933.312021	938.0620610000001	938.8935260000001	931.012056	937.1482129999999			3.0	1.0	0.0	3.0					
942.309	7.925000000000068	trials	2.0	944.1755640000001	946.1669550000001	948.3439880000001	948.562991	940.470431	947.525148	949.07	950.234	3.0	2.0	1.0	1.0					
952.359	33.30499999999995	trials	2.0	971.4521480000001	972.7976840000001	983.8383760000002	984.195152	970.698093	975.491045	984.484	985.664	3.0	2.0	1.0	1.0					
988.684	26.30600000000004	trials	2.0	1010.4757670000001	1011.614411	1013.5145990000001	1015.076787	1009.634834	1012.724301			3.0	2.0	0.0	3.0					
1015.764	17.504999999999995	trials	2.0	1026.296111	1027.394853	1030.96181	1031.032359	1025.716366	1029.9173480000002	1031.644	1033.269	3.0	2.0	1.0	1.0					
1035.309	22.779999999999973	trials	2.0	1052.881139	1054.681655	1056.142749	1056.3549750000002	1051.9779560000002	1055.302022	1056.704	1058.089	3.0	2.0	1.0	1.0					
1062.15	17.75499999999988	trials	2.0	1074.3556700000001	1076.0084490000002	1078.4622530000001	1078.623722	1073.571059	1077.4914			3.0	2.0	0.0	3.0					
1080.714	5.870000000000118	trials	2.0	1083.2307680000001	1084.527618	1086.2032040000001	1086.6698880000001	1082.4691380000002	1084.887114			3.0	1.0	0.0	3.0					
1088.514	12.465000000000146	trials	2.0	1093.1960250000002	1094.723328	1098.3619410000001	1101.061482	1092.34176	1096.9735110000001			3.0	2.0	0.0	3.0					
1103.044	5.596000000000004	trials	2.0	1105.0327340000001	1106.944077	1108.406543	1108.5902190000002	1103.875403	1107.605123			3.0	1.0	0.0	3.0					
1111.723	5.786000000000058	trials	2.0	1113.360729	1114.4485730000001	1115.6578430000002	1116.048228	1112.152155	1114.886537	1116.204	1117.509	3.0	2.0	1.0	1.0					
1120.53	19.024000000000115	trials	2.0	1135.8677300000002	1137.6700130000002	1139.2392590000002	1141.6920630000002	1135.2996540000001	1138.104035			3.0	2.0	0.0	3.0					
1141.635	9.999000000000024	trials	2.0	1147.686402	1149.303364	1151.2515	1151.692142	1146.9578040000001	1150.4073290000001			3.0	1.0	0.0	3.0					
1153.639	6.4650000000001455	trials	2.0	1155.5778260000002	1156.744605	1158.373207	1158.641853	1154.07093	1157.5745370000002	1159.139	1160.104	3.0	2.0	1.0	1.0					
1164.184	19.68100000000004	trials	2.0	1178.292056	1180.272279	1182.1935210000001	1183.9460040000001	1177.6489740000002	1181.1198900000002			3.0	2.0	0.0	3.0					
1185.464	5.990000000000009	trials	2.0	1187.7564320000001	1189.045961	1191.1245600000002	1191.538452	1187.154044	1190.256981			3.0	1.0	0.0	3.0					
1195.448	5.645999999999958	trials	2.0	1197.3317960000002	1198.5958710000002	1199.4225720000002	1199.597862	1195.768154	1198.849637	1200.169	1201.094	3.0	2.0	1.0	1.0					
1203.204	26.955000000000155	trials	2.0	1224.397512	1225.8736820000001	1228.054626	1228.5580770000001	1223.7795720000001	1227.057696	1228.624	1230.159	3.0	2.0	1.0	1.0					
1232.249	22.03099999999995	trials	2.0	1249.1511990000001	1250.9186550000002	1253.6145920000001	1254.3624320000001	1248.577761	1251.7805520000002			3.0	2.0	0.0	3.0					
1257.905	5.807000000000016	trials	2.0	1260.004044	1261.823153	1263.4227720000001	1263.7314270000002	1259.115185	1262.5819370000002			3.0	1.0	0.0	3.0					
1266.699	10.259999999999991	trials	2.0	1270.3466720000001	1271.872376	1275.8081280000001	1277.0449820000001	1269.6318720000002	1273.716891			3.0	2.0	0.0	3.0					
1278.198	11.890999999999849	trials	2.0	1282.631904	1284.7012530000002	1287.7871750000002	1288.1830650000002	1281.799913	1286.779755			3.0	1.0	0.0	3.0					
1290.243	15.537000000000035	trials	2.0	1292.145408	1293.482846	1305.5384840000002	1305.677118	1290.5955410000001	1295.707638			3.0	2.0	0.0	3.0					
1307.86	14.913999999999987	trials	2.0	1309.901573	1311.932565	1320.9984530000002	1321.2719550000002	1309.248317	1319.9084220000002	1321.639	1322.774	3.0	2.0	1.0	1.0					
1325.904	20.700000000000045	trials	2.0	1340.056788	1342.0001280000001	1344.6721590000002	1345.013345	1339.536716	1343.247812	1345.32	1346.604	3.0	2.0	1.0	1.0					
1348.639	21.52000000000021	trials	2.0	1363.0168950000002	1364.750436	1366.428296	1367.57571	1362.485181	1365.5059310000001			3.0	2.0	0.0	3.0					
1370.712	7.1720000000000255	trials	2.0	1372.816761	1374.179165			1370.24513	1374.1728420000002			3.0		0.0	2.0					
1378.214	7.509999999999991	trials	2.0	1381.1819520000001	1381.91426	1384.5805400000002	1385.33393	1380.374348	1381.9115880000002			3.0		0.0	2.0					
1385.945	22.254000000000133	trials	2.0	1403.4270900000001	1405.1537420000002	1406.9322120000002	1408.286532	1402.656645	1405.8621620000001			3.0	2.0	0.0	3.0					
1410.249	82.05500000000006	trials	2.0	1483.1822510000002	1484.334732	1488.214715	1489.424502	1482.2274690000002	1487.2290560000001			3.0	2.0	0.0	3.0					
1492.995	6.139000000000124	trials	2.0	1494.602716	1496.0205950000002	1497.2403780000002	1497.542781	1493.519708	1496.530725	1497.82	1499.134	3.0	2.0	1.0	1.0					
1501.074	19.194999999999936	trials	2.0	1515.342617	1517.360427	1520.1116120000002	1520.204228	1514.6983500000001	1519.02599			3.0	2.0	0.0	3.0					
1522.419	1069.2049999999997	BlockDesign														1.0	67.0	134.0	50.0	50.0
1522.419	8.52599999999984	trials	3.0	1524.792924	1526.4989	1529.2820120000001	1529.516742	1523.857488	1528.4255870000002	1530.115	1530.945	2.0	1.0	1.0	1.0					
1535.03	12.969000000000051	trials	3.0	1543.2041250000002	1545.1163000000001	1547.47919	1548.086115	1542.457517	1546.7719280000001			2.0	1.0	0.0	3.0					
1549.805	7.849999999999909	trials	3.0	1551.7530020000002	1553.320236	1555.833885	1556.22324	1550.319179	1554.4392090000001	1556.574	1557.655	3.0	2.0	1.0	1.0					
1560.714	16.5150000000001	trials	3.0	1571.3476640000001	1573.2785760000002	1575.286505	1575.516626	1570.3499450000002	1574.270046	1575.82	1577.229	3.0	2.0	1.0	1.0					
1579.275	14.68899999999985	trials	3.0	1585.7441330000001	1587.073881	1592.1229680000001	1594.049623	1584.992058	1588.937511			3.0	2.0	0.0	3.0					
1596.556	20.332999999999856	trials	3.0	1612.8126900000002	1614.71927	1616.3106650000002	1616.9756960000002	1612.274042	1615.5972980000001			2.0	1.0	0.0	3.0					
1619.624	6.414999999999964	trials	3.0	1621.9778210000002	1623.154626	1624.3104360000002	1626.12397	1621.329813	1623.584022			3.0	2.0	0.0	3.0					
1627.662	26.001999999999953	trials	3.0	1647.805386	1649.0125890000002	1651.962962	1652.1335900000001	1647.0049740000002	1651.246908	1652.649	1653.664	2.0	1.0	1.0	1.0					
1657.764	12.580000000000155	trials	3.0	1662.7775450000001	1664.7185240000001	1668.1143960000002	1668.256803	1662.239393	1667.2643340000002	1668.759	1670.344	2.0	1.0	1.0	1.0					
1672.365	12.884000000000015	trials	3.0	1681.128243	1682.308316	1685.0459150000002	1685.286804	1680.159	1684.1361330000002			3.0	1.0	0.0	3.0					
1687.324	9.304999999999836	trials	3.0	1689.8431010000002	1691.049612	1694.663373	1695.0777030000002	1688.878682	1692.920039	1695.344	1696.629	3.0	2.0	1.0	1.0					
1700.646	12.413000000000011	trials	3.0	1707.7728570000002	1709.3900840000001	1711.928171	1711.9559780000002	1707.19602	1710.660875			2.0	2.0	0.0	3.0					
1715.234	9.535000000000082	trials	3.0	1716.958941	1718.6078630000002	1721.536882	1721.863677	1715.964594	1720.6478570000002			2.0	1.0	0.0	3.0					
1724.84	9.105000000000018	trials	3.0	1726.668636	1728.5604620000001	1731.9159630000001	1732.4832290000002	1724.8529210000002	1730.443389	1732.544	1733.945	3.0	2.0	1.0	1.0					
1736.96	15.969000000000051	trials	3.0	1745.2682280000001	1746.6895160000001	1752.5781390000002	1753.0168950000002	1744.7373830000001	1751.660777			2.0	1.0	0.0	3.0					
1754.855	6.903999999999996	trials	3.0	1756.637294	1758.378396	1760.592403	1761.847442	1755.4362540000002	1758.896013			3.0	2.0	0.0	3.0					
1763.884	8.224999999999909	trials	3.0	1765.723304	1766.9702490000002	1770.501755	1770.6956850000001	1764.742655	1769.749109			3.0	1.0	0.0	3.0					
1773.776	31.197999999999865	trials	3.0	1797.6025040000002	1799.0311430000002	1803.1732650000001	1805.061069	1796.981999	1802.003042			2.0	2.0	0.0	3.0					
1806.53	14.639000000000124	trials	3.0	1808.648226	1809.9650820000002	1817.690732	1818.262083	1807.271079	1816.825131			2.0	1.0	0.0	3.0					
1821.945	7.5	trials	3.0	1823.823173	1825.2106410000001	1827.5396580000001	1827.7682240000001	1821.2554440000001	1826.7490070000001	1828.254	1829.445	3.0	2.0	1.0	1.0					
1831.544	20.949999999999818	trials	3.0	1846.823556	1848.540798	1851.8372490000002	1852.58326	1846.178544	1849.8115140000002			3.0	2.0	0.0	3.0					
1856.354	6.653999999999996	trials	3.0	1858.1646870000002	1859.827062	1862.3704380000001	1862.424737	1856.775341	1861.0604970000002			3.0	2.0	0.0	3.0					
1864.715	7.9090000000001055	trials	3.0	1869.2638530000002	1870.6748100000002	1872.3928460000002	1872.6302360000002	1868.652536	1871.776577			2.0	1.0	0.0	3.0					
1874.669	30.093999999999824	trials	3.0	1895.103659	1896.505785	1903.776395	1903.91174	1894.2955160000001	1903.0709760000002			2.0	1.0	1.0	1.0					
1909.294	13.24499999999989	trials	3.0	1916.1293600000001	1917.6572970000002	1922.12226	1922.62688	1915.494036	1919.070152			3.0	2.0	0.0	3.0					
1926.369	7.095000000000027	trials	3.0	1928.27887	1929.7911080000001	1931.776701	1931.924892	1927.069461	1930.958186	1932.445	1933.464	2.0	1.0	1.0	1.0					
1936.495	19.442000000000007	trials	3.0	1948.683851	1950.4486200000001	1953.917171	1954.3027350000002	1947.895809	1951.917167	1954.594	1955.937	3.0	2.0	1.0	1.0					
1958.053	13.28599999999983	trials	3.0	1964.6343450000002	1966.4255010000002	1969.251809	1969.734453	1963.9827200000002	1967.384925	1970.079	1971.339	3.0	2.0	1.0	1.0					
1973.425	12.528999999999996	trials	3.0	1979.773766	1981.1760470000002	1984.885727	1986.04385	1979.101298	1982.566301			3.0	2.0	0.0	3.0					
1988.374	8.047000000000025	trials	3.0	1991.573799	1993.4259020000002	1996.097612	1996.495899	1990.9587840000002	1995.1993590000002			2.0	1.0	0.0	3.0					
1998.349	11.174999999999955	trials	3.0	2000.4438140000002	2001.979964	2006.7921090000002	2007.614931	1998.777252	2004.250608			2.0	2.0	0.0	3.0					
2010.134	8.060999999999922	trials	3.0	2012.733858	2014.4759760000002	2016.31149	2016.481563	2011.843671	2015.483265	2016.884	2018.195	2.0	1.0	1.0	1.0					
2021.214	14.651000000000067	trials	3.0	2027.1646520000002	2028.5089850000002	2034.0048980000001	2034.370638	2026.272069	2031.78618	2034.589	2035.865	3.0	2.0	1.0	1.0					
2037.881	12.52800000000002	trials	3.0	2044.205997	2045.886252	2049.1212250000003	2050.495935	2043.2313120000001	2046.782756			2.0	2.0	0.0	3.0					
2052.459	16.140000000000327	trials	3.0	2061.309665	2063.4034850000003	2066.8526070000003	2067.0337600000003	2060.795201	2065.783883	2067.405	2068.599	2.0	1.0	1.0	1.0					
2072.68	8.914000000000215	trials	3.0	2077.519476	2079.5334550000002	2081.358282	2081.620986	2076.6493490000003	2080.3675510000003			2.0	1.0	0.0	3.0					
2083.604	12.269999999999982	trials	3.0	2085.4841220000003	2087.0309420000003	2093.938071	2094.261899	2084.2502790000003	2090.4704220000003	2094.559	2095.874	3.0	2.0	1.0	1.0					
2097.964	16.740000000000236	trials	3.0	2109.455966	2110.569473	2113.9251400000003	2114.791992	2108.708712	2112.099905			3.0	2.0	0.0	3.0					
2118.243	6.1159999999999854	trials	3.0	2120.16113	2121.891222	2123.962356	2124.4466270000003	2119.060313	2123.127513			3.0	1.0	0.0	3.0					
2127.281	7.958000000000084	trials	3.0	2129.109419	2130.2968370000003	2132.7305730000003	2132.960331	2127.7038620000003	2131.731809			2.0	2.0	0.0	3.0					
2137.025	10.920000000000073	trials	3.0	2142.139565	2144.119293	2146.2101820000003	2146.387953	2141.439245	2145.5114240000003	2146.834	2147.945	2.0	1.0	1.0	1.0					
2150.964	14.684999999999945	trials	3.0	2157.2394750000003	2158.449219	2163.584341	2164.144263	2156.3750050000003	2161.154529	2164.374	2165.649	3.0	2.0	1.0	1.0					
2169.709	9.289999999999964	trials	3.0	2174.165406	2175.643668	2178.645906	2179.087224	2173.5415700000003	2177.6794050000003			2.0	1.0	0.0	3.0					
2181.89	8.515000000000327	trials	3.0	2183.734788	2185.3047070000002	2188.436037	2188.856526	2182.172613	2186.562573	2189.024	2190.405	3.0	2.0	1.0	1.0					
2192.556	25.922999999999774	trials	3.0	2212.871688	2214.50387	2217.481229	2218.568086	2212.1282690000003	2216.000034			2.0	2.0	0.0	3.0					
2219.865	11.278999999999996	trials	3.0	2222.886144	2224.412366	2229.885969	2231.229882	2221.988649	2226.993833			3.0	2.0	0.0	3.0					
2233.329	8.389999999999873	trials	3.0	2236.8354640000002	2238.607544	2240.170502	2240.28633	2236.327182	2239.615163	2240.905	2241.719	2.0	1.0	1.0	1.0					
2243.754	13.644999999999982	trials	3.0	2250.586278	2252.462043	2256.713094	2257.4866970000003	2249.682174	2254.430703			3.0	2.0	0.0	3.0					
2259.03	29.088999999999942	trials	3.0	2282.54549	2284.096979	2286.4705480000002	2288.207183	2281.954979	2285.3358160000002			3.0	2.0	0.0	3.0					
2288.774	8.921000000000276	trials	3.0	2291.185004	2292.924075	2294.53811	2294.80577	2290.2407080000003	2293.845993			2.0	1.0	0.0	3.0					
2297.835	7.588999999999942	trials	3.0	2299.8903250000003	2301.260651	2303.606858	2303.8485490000003	2299.197779	2301.910284	2304.155	2305.424	3.0	2.0	1.0	1.0					
2308.455	17.240000000000236	trials	3.0	2317.9454100000003	2319.726927	2324.52315	2325.786326	2317.0208310000003	2322.344258			2.0	2.0	0.0	3.0					
2327.774	6.7400000000002365	trials	3.0	2329.470273	2330.851577	2334.2195340000003	2334.334742	2328.61971	2333.3300790000003			2.0	1.0	0.0	3.0					
2338.544	11.394999999999982	trials	3.0	2341.0818360000003	2342.9676870000003	2348.1070600000003	2348.4782960000002	2340.3414470000002	2345.768349	2348.695	2349.939	3.0	2.0	1.0	1.0					
2351.995	26.489000000000033	trials	3.0	2371.996899	2373.727404	2376.748035	2378.5732700000003	2371.3426600000003	2374.824021			3.0	2.0	0.0	3.0					
2381.03	7.81899999999996	trials	3.0	2382.747072	2384.018994	2386.969476	2387.226341	2381.4037980000003	2386.116087	2387.664	2388.849	2.0	1.0	1.0	1.0					
2391.889	17.27500000000009	trials	3.0	2402.791401	2403.924681	2406.9784760000002	2407.354749	2402.041611	2406.040554			2.0	1.0	0.0	3.0					
2409.284	8.38000000000011	trials	3.0	2411.350602	2412.914472	2416.3614390000002	2417.751897	2409.253001	2414.918333			3.0	2.0	0.0	3.0					
2419.764	7.525000000000091	trials	3.0	2421.755916	2423.236974	2425.414143	2425.530489	2420.17437	2424.66447	2426.079	2427.289	2.0	1.0	1.0	1.0					
2429.129	19.559999999999945	trials	3.0	2441.5306720000003	2442.6777380000003	2446.833231	2447.123799	2440.583085	2444.818985	2447.574	2448.689	3.0	2.0	1.0	1.0					
2451.759	29.73999999999978	trials	3.0	2476.185707	2477.584961	2479.906977	2481.586088	2475.5758570000003	2478.5347300000003			3.0	2.0	0.0	3.0					
2484.165	7.878999999999905	trials	3.0	2486.99067	2488.537577	2490.116034	2490.300443	2486.174552	2489.2866	2490.666	2492.044	2.0	1.0	1.0	1.0					
2496.08	15.668999999999869	trials	3.0	2508.315767	2509.647327	2511.5098700000003	2511.744995	2507.809386	2510.663204			2.0	1.0	0.0	3.0					
2513.82	6.338999999999942	trials	3.0	2515.582434	2516.686044	2518.4186640000003	2518.6232600000003	2514.1752420000003	2517.190668	2519.07	2520.159	3.0	2.0	1.0	1.0					
2524.179	21.810999999999694	trials	3.0	2540.421441	2542.0890640000002	2544.162867	2544.334557	2539.857306	2543.260206	2544.774	2545.99	2.0	1.0	1.0	1.0					
2549.071	16.778000000000247	trials	3.0	2562.3414390000003	2564.232744	2565.611699	2565.816668	2561.361477	2564.5946440000002			2.0	1.0	0.0	3.0					
2567.929	6.295000000000073	trials	3.0	2569.79666	2571.289413	2572.3272770000003	2572.554171	2568.150882	2571.3421040000003	2572.939	2574.224	3.0	2.0	1.0	1.0					
2576.164	15.459999999999582	trials	3.0	2588.525921	2590.168178	2591.586231	2591.7158480000003	2587.9105720000002	2590.7034940000003			2.0	1.0	0.0	3.0					
2594.829	50.375	BlockDesign														1.0	135.0	139.0	0.0	0.0
2594.829	6.119999999999891	trials	4.0	2596.5610540000002	2598.468717	2599.6428450000003	2601.0400290000002	2594.206704	2598.798719			2.0	2.0	0.0	3.0					
2603.899	5.016000000000076	trials	4.0	2605.565982	2607.6176840000003	2608.6820470000002	2608.918059	2604.177228	2607.95679			2.0	1.0	0.0	3.0					
2612.997	8.492999999999938	trials	4.0	2615.552829	2617.5133100000003	2621.261112	2621.417109	2614.972458	2620.399112			2.0	1.0	0.0	3.0					
2625.544	10.039999999999964	trials	4.0	2629.1558840000002	2630.584467	2635.2683580000003	2635.5531840000003	2628.367542	2634.454169			2.0	1.0	0.0	3.0					
2638.589	6.6150000000002365	trials	4.0	2640.516408	2642.3782300000003	2645.1432910000003	2646.511446	2638.703124	2644.2113400000003			2.0	2.0	0.0	3.0					
2648.424	90.79500000000007	BlockDesign														1.0	140.0	144.0	0.0	0.0
2648.424	9.429999999999836	trials	5.0	2650.966686	2652.042927	2655.9530050000003	2656.032741	2650.0138930000003	2654.791623			3.0	2.0	0.0	3.0					
2660.604	47.32500000000027	trials	5.0	2703.1630170000003	2704.523247	2707.0507270000003	2708.020379	2702.2062	2705.5223180000003			3.0	2.0	0.0	3.0					
2710.353	9.217000000000098	trials	5.0	2712.382415	2713.922889	2716.007204	2716.211988	2710.905953	2714.8865920000003			3.0	1.0	0.0	3.0					
2720.374	6.531000000000404	trials	5.0	2722.3964960000003	2723.632677	2725.879266	2726.99687	2719.6602230000003	2725.15236			3.0	2.0	0.0	3.0					
2730.199	9.019999999999982	trials	5.0	2733.623067	2735.007498	2738.787162	2738.899863	2732.8168370000003	2737.631784			3.0	2.0	0.0	3.0					
2742.484	2246.021	BlockDesign														1.0	145.0	278.0	50.0	50.0
2742.484	13.875	trials	6.0	2750.896608	2752.434933	2754.791412	2754.9498000000003	2750.0151840000003	2754.018035	2755.289	2756.359	2.0	1.0	1.0	1.0					
2760.464	19.454999999999927	trials	6.0	2773.776751	2775.343854	2778.483116	2778.656261	2772.837896	2777.64014			2.0	1.0	0.0	3.0					
2780.775	8.07400000000007	trials	6.0	2783.2766500000002	2784.4238720000003	2787.888449	2788.939331	2782.738647	2786.393709			3.0	2.0	0.0	3.0					
2791.179	12.810999999999694	trials	6.0	2796.2085460000003	2798.115288	2802.097382	2802.510795	2795.6912660000003	2799.74085	2802.695	2803.99	3.0	2.0	1.0	1.0					
2808.005	25.368999999999687	trials	6.0	2828.227293	2830.093214	2831.448893	2831.520563	2827.475775	2830.6103430000003			2.0	2.0	0.0	3.0					
2833.73	6.329000000000178	trials	6.0	2836.3973	2837.658003	2839.81938	2840.0001780000002	2835.78728	2839.099112			3.0	1.0	0.0	3.0					
2843.074	12.569999999999709	trials	6.0	2848.892018	2850.664472	2854.065383	2854.345146	2848.181267	2853.016736			2.0	1.0	0.0	3.0					
2856.445	9.480000000000018	trials	6.0	2858.307177	2859.379488	2862.2396510000003	2863.166564	2855.731859	2860.509168			3.0	2.0	0.0	3.0					
2866.57	7.628999999999905	trials	6.0	2868.517152	2869.573749	2872.4738150000003	2872.6933750000003	2866.8936080000003	2871.67488	2873.119	2874.199	2.0	1.0	1.0	1.0					
2876.219	15.420000000000073	trials	6.0	2887.289055	2888.9003150000003	2891.355408	2891.5534150000003	2886.333037	2890.375908			2.0	1.0	0.0	3.0					
2893.714	7.539999999999964	trials	6.0	2895.437295	2897.002736	2899.900436	2901.343089	2894.19294	2897.74374			3.0	2.0	0.0	3.0					
2904.189	7.220000000000255	trials	6.0	2906.027564	2907.4166920000002	2909.701047	2909.8267060000003	2904.845721	2908.816022	2910.31	2911.409	2.0	1.0	1.0	1.0					
2914.464	22.990000000000236	trials	6.0	2930.263661	2931.702155	2937.2121890000003	2940.6648410000003	2929.6128980000003	2933.906513			3.0	2.0	0.0	3.0					
2940.459	13.580000000000382	trials	6.0	2946.10262	2947.729185	2952.250413	2952.622914	2945.4760810000002	2949.1585290000003	2952.994	2954.039	3.0	2.0	1.0	1.0					
2956.071	18.228000000000065	trials	6.0	2967.392582	2969.131215	2972.277095	2972.703336	2966.662515	2970.024096	2972.899	2974.299	3.0	2.0	1.0	1.0					
2977.384	16.730999999999767	trials	6.0	2989.102649	2990.805396	2993.21546	2994.2053370000003	2988.3263030000003	2991.317786			2.0	2.0	0.0	3.0					
2995.514	7.26299999999992	trials	6.0	2997.6974720000003	2999.412033	3002.6004740000003	3002.7147370000002	2996.908707	3001.814589			3.0	1.0	0.0	3.0					
3005.824	7.440000000000055	trials	6.0	3008.0080550000002	3009.7737620000003	3012.527292	3013.352759	3007.163832	3010.405112			2.0	2.0	0.0	3.0					
3014.824	21.279999999999745	trials	6.0	3025.6241290000003	3027.016383	3032.823594	3034.1023720000003	3024.786807	3029.0552900000002			3.0	2.0	0.0	3.0					
3037.07	6.698999999999614	trials	6.0	3038.907357	3040.48922	3043.235898	3043.5500810000003	3036.19632	3042.431039			2.0	1.0	0.0	3.0					
3045.471	8.157999999999902	trials	6.0	3047.8624600000003	3049.824446	3052.801586	3053.718488	3047.064555	3050.7637560000003			3.0	2.0	0.0	3.0					
3056.051	6.483000000000175	trials	6.0									2.0	1.0	0.0	3.0					
3066.244	7.849999999999909	trials	6.0	3068.2114340000003	3069.948969	3072.846489	3073.0693530000003	3066.59377	3071.048088			2.0	2.0	0.0	3.0					
3076.139	16.379999999999654	trials	6.0	3084.1663160000003	3085.423724	3090.548136	3090.942429	3083.17056	3086.448498	3091.195	3092.519	3.0	2.0	1.0	1.0					
3096.539	20.950999999999567	trials	6.0	3111.485111	3112.932788	3115.500126	3115.6179070000003	3110.658369	3114.6136500000002	3116.149	3117.49	2.0	1.0	1.0	1.0					
3119.34	20.983999999999924	trials	6.0	3134.225246	3135.3914250000003	3139.405437	3140.419901	3133.626857	3136.7043000000003			3.0	2.0	0.0	3.0					
3141.764	5.694999999999709	trials	6.0	3143.800299	3145.7238660000003	3147.2211540000003	3147.3600810000003	3142.6207280000003	3146.340724			2.0	1.0	0.0	3.0					
3150.536	6.882999999999811	trials	6.0	3152.297541	3153.73852	3156.433343	3157.51476	3150.754164	3154.50097			3.0	2.0	0.0	3.0					
3159.609	13.421000000000276	trials	6.0	3165.235275	3166.4868690000003	3172.745526	3173.0432060000003	3164.436959	3171.757517			3.0	1.0	0.0	3.0					
3176.034	9.871000000000095	trials	6.0	3177.836922	3179.095733	3184.0169880000003	3184.349648	3176.6532500000003	3180.7178790000003	3184.579	3185.905	3.0	2.0	1.0	1.0					
3187.984	24.014999999999873	trials	6.0	3206.0457930000002	3208.0919200000003	3211.3218300000003	3212.092458	3205.329713	3209.007116			2.0	2.0	0.0	3.0					
3215.899	8.485000000000127	trials	6.0	3218.190414	3219.958544	3222.2189510000003	3222.363795	3217.497708	3221.303301	3222.859	3224.384	2.0	1.0	1.0	1.0					
3228.409	13.170000000000073	trials	6.0	3235.555496	3237.4825760000003	3239.667566	3240.0335	3234.6925380000002	3237.858714	3240.28	3241.579	3.0	2.0	1.0	1.0					
3244.6	32.38999999999987	trials	6.0	3272.890764	3274.917398	3276.614469	3277.084577	3272.088992	3275.572434			2.0	1.0	0.0	3.0					
3278.841	8.628000000000156	trials	6.0	3281.136186	3282.3789810000003	3287.111694	3287.564424	3280.326192	3284.98036			2.0	2.0	0.0	3.0					
3290.355	9.034000000000106	trials	6.0	3292.330566	3293.476841	3297.526437	3297.848167	3291.5293380000003	3295.2626090000003	3298.204	3299.389	3.0	2.0	1.0	1.0					
3303.48	20.929999999999836	trials	6.0	3319.431101	3320.5861830000003	3323.635136	3324.502856	3318.604609	3321.7615640000004			3.0	2.0	0.0	3.0					
3325.864	7.956000000000131	trials	6.0	3327.841038	3329.383053	3331.825011	3332.0004320000003	3326.692697	3330.6186740000003	3332.394	3333.82	2.0	1.0	1.0	1.0					
3335.859	19.5300000000002	trials	6.0	3350.1510200000002	3352.215008	3353.60759	3353.7399530000002	3349.198544	3352.6982510000003	3354.299	3355.389	2.0	1.0	1.0	1.0					
3358.446	24.19300000000021	trials	6.0	3377.556943	3378.82971	3381.917283	3382.7327490000002	3376.671177	3379.4495930000003			3.0	2.0	0.0	3.0					
3386.201	9.478000000000065	trials	6.0	3389.167644	3390.9584130000003	3393.8511630000003	3394.169283	3388.230434	3392.0569100000002	3394.559	3395.679	3.0	2.0	1.0	1.0					
3397.77	26.853999999999814	trials	6.0	3416.9864580000003	3418.989144	3420.706607	3420.933543	3416.233482	3419.857965			2.0	1.0	0.0	3.0					
3425.019	6.395000000000437	trials	6.0	3426.641505	3428.431622	3429.7187320000003	3429.882306	3424.718087	3428.946522	3430.374	3431.414	2.0	1.0	1.0	1.0					
3433.493	28.490999999999985	trials	6.0	3453.837946	3455.7886740000004	3458.865534	3459.459443	3452.9248620000003	3456.50235			2.0	2.0	0.0	3.0					
3462.384	6.929999999999836	trials	6.0	3464.22647	3465.980024	3468.428879	3469.408644	3462.078313	3466.535453			3.0	2.0	0.0	3.0					
3470.764	11.284999999999854	trials	6.0	3476.417958	3477.78827	3479.924894	3480.035612	3475.767719	3479.116875	3480.494	3482.049	2.0	1.0	1.0	1.0					
3484.724	26.159999999999854	trials	6.0	3504.477784	3505.518395	3508.993677	3509.3459550000002	3503.8048550000003	3506.979236	3509.639	3510.884	3.0	2.0	1.0	1.0					
3513.905	21.273999999999887	trials	6.0	3530.0765060000003	3531.573332	3534.042722	3534.192147	3529.076814	3532.191687			3.0	2.0	0.0	3.0					
3537.368	6.3960000000001855	trials	6.0	3539.321426	3540.678359	3543.478095	3543.7568260000003	3538.130633	3542.565702			3.0	1.0	0.0	3.0					
3546.837	8.161999999999807	trials	6.0	3548.727635	3550.453485	3554.156706	3555.0918140000003	3547.30038	3551.414511			2.0	2.0	0.0	3.0					
3556.559	57.26099999999997	trials	6.0	3605.7679500000004	3607.5452920000002	3609.941756	3610.453959	3605.089112	3607.976048			3.0	2.0	0.0	3.0					
3614.212	6.818000000000211	trials	6.0	3616.312427	3618.2183910000003	3619.118042	3619.232057	3613.912203	3618.413944	3619.794	3621.03	2.0	1.0	1.0	1.0					
3623.117	11.951000000000022	trials	6.0	3630.201614	3631.682103	3634.844631	3634.977684	3629.689614	3633.926979			2.0	1.0	0.0	3.0					
3638.079	8.660999999999603	trials	6.0	3640.128572	3642.14505	3646.108098	3646.833798	3639.479361	3643.568616			2.0	2.0	0.0	3.0					
3650.344	30.090000000000146	trials	6.0	3675.121907	3676.611368	3678.751873	3680.2066800000002	3674.416599	3677.4644590000003			3.0	2.0	0.0	3.0					
3680.999	10.1850000000004	trials	6.0	3684.447432	3685.9088490000004	3687.499106	3687.954567	3683.596788	3686.753898			3.0	1.0	0.0	3.0					
3691.79	6.168999999999869	trials	6.0	3693.692623	3694.9916700000003	3697.24179	3698.0530040000003	3691.2782780000002	3695.454691			2.0	2.0	0.0	3.0					
3699.481	18.6279999999997	trials	6.0	3709.298533	3710.506326	3716.178941	3716.569442	3708.605043	3712.804983	3716.829	3718.109	3.0	2.0	1.0	1.0					
3720.15	13.853999999999814	trials	6.0	3727.5822930000004	3729.283872	3731.988158	3732.024012	3726.770678	3731.012863	3732.559	3734.004	2.0	1.0	1.0	1.0					
3737.054	14.039999999999964	trials	6.0	3744.6288830000003	3745.884639	3750.1515130000003	3751.190165	3744.04904	3747.056171			3.0	2.0	0.0	3.0					
3754.415	5.0590000000001965	trials	6.0	3756.379296	3757.434609	3759.197996	3759.327677	3754.9349700000002	3758.221441			2.0	1.0	0.0	3.0					
3762.479	8.390000000000327	trials	6.0	3764.317717	3765.4024990000003	3769.6367760000003	3770.069799	3763.161813	3767.623605			3.0	2.0	1.0	1.0					
3773.134	19.420000000000073	trials	6.0	3785.2729950000003	3786.7024330000004	3791.617166	3792.651989	3784.653705	3789.201528			2.0	2.0	0.0	3.0					
3794.931	7.438000000000102	trials	6.0	3798.867474	3799.984186	3802.0922920000003	3802.356678	3797.967723	3801.2755070000003			3.0	1.0	0.0	3.0					
3805.379	29.34999999999991	trials	6.0	3829.173339	3830.9002880000003	3834.234141	3834.6687570000004	3828.510045	3833.382105			2.0	1.0	0.0	3.0					
3836.803	7.76700000000028	trials	6.0	3838.678236	3840.417225	3842.613907	3843.0272320000004	3837.181841	3840.692392	3843.269	3844.57	3.0	2.0	1.0	1.0					
3848.699	15.3449999999998	trials	6.0	3857.247555	3859.185113	3861.899257	3862.360759	3856.5024120000003	3860.033175	3862.494	3864.044	3.0	2.0	1.0	1.0					
3867.155	13.013999999999669	trials	6.0	3874.61805	3876.1654550000003	3878.7898760000003	3880.264396	3873.6972720000003	3876.557154			3.0	2.0	0.0	3.0					
3883.03	6.388999999999669	trials	6.0	3884.714436	3886.421326	3888.388092	3888.501572	3883.583957	3887.51746			2.0	1.0	1.0	1.0					
3892.955	27.454999999999927	trials	6.0	3914.3229730000003	3916.1668210000003	3918.301211	3918.419265	3913.330469	3917.404764	3918.834	3920.41	2.0	1.0	1.0	1.0					
3922.429	23.391000000000076	trials	6.0	3941.228591	3942.87468	3945.494297	3945.917127	3940.566473	3944.590563			2.0	1.0	0.0	3.0					
3947.76	6.8289999999997235	trials	6.0	3950.023662	3951.166539	3954.37232	3956.9533650000003	3949.141761	3952.853711			3.0	2.0	0.0	3.0					
3956.664	9.414999999999964	trials	6.0	3961.658733	3962.7916050000003	3965.8040610000003	3966.165562	3960.7008130000004	3963.843257			3.0	2.0	0.0	3.0					
3970.089	12.914999999999964	trials	6.0	3977.958369	3979.423116	3982.785848	3982.949156	3977.284454	3981.916619			2.0	1.0	0.0	3.0					
3986.014	7.100999999999658	trials	6.0	3987.953601	3989.935404	3992.12523	3992.188961	3987.01755	3991.255719			2.0	1.0	1.0	1.0					
3996.648	23.30099999999993	trials	6.0	4015.953305	4017.7569630000003	4019.725874	4019.787358	4015.418412	4018.785905			2.0	1.0	0.0	3.0					
4022.954	6.589999999999691	trials	6.0	4024.7033730000003	4026.619323	4028.876026	4029.641976	4023.3001950000003	4027.013049			3.0	2.0	0.0	3.0					
4031.155	15.182999999999993	trials	6.0	4039.549143	4041.238521	4044.454358	4044.831975	4038.787037	4042.16048	4044.984	4046.338	3.0	2.0	1.0	1.0					
4048.353	23.92099999999982	trials	6.0	4063.453617	4064.985614	4069.2915780000003	4069.938426	4062.484511	4065.805665			2.0	2.0	0.0	3.0					
4073.585	4.619000000000142	trials	6.0	4075.389282	4076.8058690000003	4077.977229	4078.2337430000002	4072.37255	4077.137756			3.0	1.0	0.0	3.0					
4082.28	10.52599999999984	trials	6.0	4086.71555	4088.1321180000004	4092.1442880000004	4092.901506	4085.7194820000004	4089.204648			3.0	2.0	0.0	3.0					
4096.794	5.130000000000109	trials	6.0	4099.248893	4100.422203	4101.7036800000005	4101.876371	4098.514317	4100.972748			3.0	1.0	0.0	3.0					
4103.934	15.414999999999964	trials	6.0	4110.564104	4111.686188	4118.443352	4119.4464530000005	4109.788864	4114.225337			2.0	2.0	0.0	3.0					
4120.75	30.498999999999796	trials	6.0	4145.914167	4147.528091	4150.168626000001	4150.221197	4145.399874000001	4148.614274			2.0	2.0	0.0	3.0					
4152.429	7.244999999999891	trials	6.0	4154.421063	4156.1594270000005	4158.108903	4158.252368	4152.758726	4157.045254000001	4158.655	4159.674	2.0	1.0	1.0	1.0					
4162.715	17.354999999999563	trials	6.0	4173.624148	4175.495734	4179.180385	4180.166015	4172.8485	4176.751979000001			3.0	2.0	0.0	3.0					
4182.489	8.110000000000582	trials	6.0	4184.189925000001	4185.851418	4187.4154770000005	4187.944323	4182.8536970000005	4186.616545			3.0	1.0	0.0	3.0					
4190.696	6.798999999999978	trials	6.0	4192.624277	4194.596586	4196.628972	4197.592296	4191.104105	4194.908599			2.0	2.0	0.0	3.0					
4198.919	14.449999999999818	trials	6.0	4206.256174	4207.451691	4211.734976	4211.913468000001	4205.610291	4210.851071	4212.399	4213.369	2.0	1.0	1.0	1.0					
4217.45	21.088999999999942	trials	6.0	4232.554838	4234.318337000001	4236.836962	4236.950393	4231.966589	4235.913675	4237.574	4238.539	2.0	1.0	1.0	1.0					
4242.564	15.539999999999964	trials	6.0	4253.8149410000005	4255.036436	4257.877749	4258.04372	4252.999875	4256.638173			3.0	1.0	0.0	3.0					
4261.179	7.335000000000036	trials	6.0	4263.209541	4264.571525	4267.781066	4268.612141	4261.599059	4265.4257450000005			2.0	2.0	0.0	3.0					
4270.149	11.864999999999782	trials	6.0	4277.024454	4278.551495	4281.738211	4282.081743000001	4276.132907	4280.874503			3.0	1.0	0.0	3.0					
4285.04	8.814000000000306	trials	6.0	4287.131395	4288.351152	4292.024484	4292.40548	4285.801251	4289.317242	4292.599	4293.854	3.0	2.0	1.0	1.0					
4295.87	19.894000000000233	trials	6.0	4310.631362	4312.436897	4314.665987	4315.861722	4309.9514930000005	4313.153568			2.0	2.0	0.0	3.0					
4317.982	4.976999999999862	trials	6.0	4319.730251	4321.109597000001	4322.609289	4323.059345	4318.331763	4321.668009			3.0	1.0	0.0	3.0					
4324.839	12.864999999999782	trials	6.0	4330.890758	4331.97347	4336.751774	4337.800628	4330.064993	4333.821762			2.0	2.0	0.0	3.0					
4339.06	8.844999999999345	trials	6.0	4344.25002	4346.156909	4347.665183	4347.765499	4343.54081	4346.887542			3.0	1.0	0.0	3.0					
4350.909	9.015000000000327	trials	6.0	4355.3859410000005	4357.250882	4359.698979	4360.003617	4354.562912	4358.858703			2.0	1.0	0.0	3.0					
4362.0	12.198999999999614	trials	6.0	4367.925687	4369.331683	4372.169767	4372.442763	4367.241557	4370.344019	4372.794	4374.199	3.0	2.0	1.0	1.0					
4377.014	19.534999999999854	trials	6.0	4391.190645000001	4392.496893	4394.586789	4394.995095	4390.252451	4392.815023	4395.329	4396.549	3.0	2.0	1.0	1.0					
4400.57	18.40400000000045	trials	6.0	4413.591803	4415.210377	4416.894276	4417.08813	4412.9047040000005	4415.601167	4417.574	4418.974	2.0	1.0	1.0	1.0					
4422.764	17.680999999999585	trials	6.0	4435.810955	4437.457688	4438.73897	4438.780443	4434.99389	4437.788753	4439.324	4440.445	2.0	1.0	1.0	1.0					
4443.466	18.50799999999981	trials	6.0	4457.335236	4458.482876	4461.231772	4462.074192	4456.388928	4459.049847			3.0	2.0	0.0	3.0					
4463.545	5.319999999999709	trials	6.0	4466.00705	4467.679434	4468.648808	4468.809567	4465.095008	4467.826317			2.0	1.0	0.0	3.0					
4472.874	12.414999999999964	trials	6.0	4480.115984	4481.852915	4483.254384	4483.398168	4479.182048000001	4482.342116	4483.889	4485.289	2.0	1.0	1.0	1.0					
4487.12	24.899000000000342	trials	6.0	4505.411766	4507.194929	4510.12611	4510.414395	4504.636241	4507.609350000001	4510.689	4512.019	3.0	2.0	1.0	1.0					
4514.15	9.324000000000524	trials	6.0	4520.132654	4521.5704590000005	4522.983192	4523.341668	4519.396691	4521.930447000001			2.0	1.0	0.0	3.0					
4527.289	29.5600000000004	trials	6.0	4551.797555	4553.282695	4555.861585000001	4556.947715	4551.147405	4553.718285			3.0	2.0	0.0	3.0					
4559.124	7.260000000000218	trials	6.0	4561.732107	4562.856438	4564.722732	4564.918311	4561.027317	4563.832061	4565.524	4566.384	2.0	1.0	1.0	1.0					
4569.385	22.453999999999724	trials	6.0	4587.356465	4588.67521	4591.221012	4591.936662	4586.393589	4589.363676			3.0	2.0	0.0	3.0					
4594.525	5.22400000000016	trials	6.0	4596.335808	4597.952505	4599.403728	4599.848562	4595.377472	4598.544681			3.0	1.0	0.0	3.0					
4602.635	5.184999999999491	trials	6.0	4604.477013	4605.913638			4603.447356000001	4605.903471			2.0		0.0	2.0					
4609.896	10.498000000000502	trials	6.0	4615.36128	4617.388394	4620.165806	4620.422132	4614.53876	4619.336907			2.0	1.0	0.0	3.0					
4624.424	14.131000000000313	trials	6.0	4634.391751	4635.469773	4638.245994	4638.626304	4633.444334	4636.961796			2.0	1.0	0.0	3.0					
4641.555	9.128999999999905	trials	6.0	4645.566923	4647.528467	4649.671197	4650.785415	4644.809787	4647.934053			3.0	2.0	0.0	3.0					
4652.03	16.10900000000038	trials	6.0	4659.951303	4662.118262	4666.187336	4666.59677	4659.290784	4663.328919	4666.764	4668.139	3.0	2.0	1.0	1.0					
4670.196	23.89300000000003	trials	6.0	4689.281585000001	4690.366155	4693.049648	4693.096629	4688.713943000001	4691.492028000001			3.0	2.0	0.0	3.0					
4696.285	7.394000000000233	trials	6.0	4698.021905	4699.499682	4702.117695	4702.2631710000005	4696.83645	4700.891624	4702.839	4703.679	2.0	1.0	1.0	1.0					
4707.699	23.670000000000073	trials	6.0	4725.741774	4726.938789	4729.391265	4729.679451	4725.033498	4727.488125	4730.014	4731.369	3.0	2.0	1.0	1.0					
4734.451	23.91399999999976	trials	6.0	4753.177707	4754.748416	4756.414691	4756.836851	4752.176448	4755.062981	4757.134	4758.365	3.0	2.0	1.0	1.0					
4760.449	27.970000000000255	trials	6.0	4783.87176	4785.199071	4787.637305	4788.519168	4783.217928	4785.783018			3.0	2.0	0.0	3.0					
4789.87	8.35400000000027	trials	6.0	4792.662401	4794.613898	4797.297423	4797.5083190000005	4791.949115	4795.361462			3.0	2.0	0.0	3.0					
4801.519	12.460000000000036	trials	6.0	4807.798974	4808.875158	4812.057823	4812.290934000001	4806.932844	4810.809593	4812.664	4813.979	2.0	1.0	1.0	1.0					
4815.894	10.024999999999636	trials	6.0	4823.957037	4824.010892			4823.189755	4824.007656			2.0		0.0	2.0					
4828.929	8.609999999999673	trials	6.0	4831.996976	4833.798909	4835.6747	4835.825	4831.368375	4834.8699	4836.165	4837.539	2.0	1.0	1.0	1.0					
4840.634	18.00500000000011	trials	6.0	4854.337475	4856.274401000001	4858.354583	4858.704639	4853.773047000001	4857.42729			3.0	1.0	0.0	3.0					
4862.685	10.513999999999214	trials	6.0	4864.75193	4866.376062	4872.488636	4872.538755	4863.41568	4870.595985			2.0	2.0	0.0	3.0					
4875.719	31.11999999999989	trials	6.0	4902.502253000001	4904.022621	4906.334415	4906.6738700000005	4901.911127	4905.553485			2.0	1.0	0.0	3.0					
4909.559	6.414999999999964	trials	6.0	4913.0280330000005	4913.994447			4912.325238	4913.99185			3.0		0.0	2.0					
4917.999	22.699999999999818	trials	6.0	4933.813044	4935.539291	4938.694631	4939.171074	4932.840981	4935.942068	4939.24	4940.699	3.0	2.0	1.0	1.0					
4942.714	15.614999999999782	trials	6.0	4952.314227	4953.335255	4956.510933	4956.650085	4951.655664	4955.607593000001	4957.119	4958.329	2.0	1.0	1.0	1.0					
4962.304	11.215000000000146	trials	6.0	4968.634317	4970.306943	4971.614786	4971.747746	4967.948355	4970.838387	4972.359	4973.519	2.0	1.0	1.0	1.0					
4977.605	10.900000000000546	trials	6.0	4984.178412	4985.978434000001	4988.495709	4989.224624	4983.639662	4986.323744			3.0	2.0	0.0	3.0					
4991.86	301.4890000000005	BlockDesign														1.0	279.0	298.0	50.0	90.0
4991.86	8.47900000000027	trials	7.0	4995.924816000001	4997.113359	4998.625025	4998.756487000001	4995.300545	4998.0005	4999.204	5000.339	1.0	1.0	1.0	1.0					
5004.359	11.930999999999585	trials	7.0	5011.563152000001	5013.2300190000005	5016.001158	5016.344331	5010.958086000001	5014.456977			1.0	1.0	0.0	3.0					
5018.249	10.805000000000291	trials	7.0	5020.920576	5022.819948	5027.201909	5027.5059120000005	5020.141393	5023.831958000001	5027.834	5029.054	1.0	2.0	1.0	1.0					
5032.105	13.179000000000087	trials	7.0	5038.6032620000005	5040.151797	5043.509190000001	5043.736503	5037.890964	5041.66202	5044.229	5045.284	1.0	2.0	1.0	1.0					
5049.414	11.74499999999989	trials	7.0	5055.1492020000005	5056.797513	5059.395573	5059.628333000001	5054.327906	5057.526599	5059.93	5061.159	1.0	2.0	1.0	1.0					
5065.209	10.340000000000146	trials	7.0	5069.618282	5070.979311	5073.143445	5073.417251	5068.895456	5071.406476	5073.709	5075.549	1.0	2.0	1.0	1.0					
5078.574	11.988000000000284	trials	7.0	5084.413329	5086.419836	5088.716333	5089.034396	5083.842831	5086.902242	5089.295	5090.562	1.0	2.0	1.0	1.0					
5093.697	9.481999999999971	trials	7.0	5097.260151	5098.970304	5101.274189	5101.484499	5096.576889	5099.479769	5101.894	5103.179	1.0	2.0	1.0	1.0					
5106.305	10.30999999999949	trials	7.0	5110.7199359999995	5112.375135	5114.336835	5114.562339	5110.066089	5112.826212	5115.034	5116.615	1.0	2.0	1.0	1.0					
5118.699	12.081000000000131	trials	7.0	5124.408547999999	5126.137139	5128.672186	5129.066291	5123.869981	5126.638451000001	5129.184	5130.78	1.0	2.0	1.0	1.0					
5132.853	11.690999999999804	trials	7.0	5138.279858	5140.293299	5142.537068	5142.771717	5137.574804	5140.757079	5143.195	5144.544	1.0	2.0	1.0	1.0					
5148.651	16.628999999999905	trials	7.0	5158.970037	5160.882249	5162.859873	5163.214941	5158.344726	5161.313588	5163.424	5165.28	1.0	2.0	1.0	1.0					
5169.355	9.314000000000306	trials	7.0	5173.224101	5174.405485	5176.331202	5176.756452	5172.245964	5175.205644	5176.879	5178.669	1.0	2.0	1.0	1.0					
5182.684	8.470999999999549	trials	7.0	5185.8768660000005	5186.952440999999	5189.268689	5189.464083000001	5185.185117	5187.515709	5189.78	5191.155	1.0	2.0	1.0	1.0					
5193.278	12.206000000000131	trials	7.0	5198.9636009999995	5200.4857680000005	5202.040262	5202.561801	5198.4257959999995	5200.921258	5202.729	5205.484	1.0	2.0	1.0	1.0					
5208.57	23.509000000000015	trials	7.0	5226.028908	5227.398182	5229.784425	5230.254038	5225.057355	5227.978425	5230.394	5232.079	1.0	2.0	1.0	1.0					
5235.099	14.00500000000011	trials	7.0	5244.8591639999995	5246.562734	5248.888508	5249.042842000001	5244.30953	5247.928386			1.0	1.0	0.0	3.0					
5253.169	9.710000000000036	trials	7.0	5256.294096	5257.39235	5260.854027	5261.2939559999995	5255.637942	5258.263408000001	5261.524	5262.879	1.0	2.0	1.0	1.0					
5266.009	12.659999999999854	trials	7.0	5272.668936	5274.641022	5276.663603	5277.083108000001	5272.044482	5275.044582	5277.365	5278.669	1.0	2.0	1.0	1.0					
5280.756	12.592999999999847	trials	7.0	5287.140167	5288.253377	5290.854015	5291.164893	5286.461528	5288.991693	5291.57	5293.349	1.0	2.0	1.0	1.0					
5297.379	399.40999999999985	BlockDesign														1.0	299.0	323.0	10.0	50.0
5297.379	10.99499999999989	trials	8.0	5303.360756	5305.118616	5306.51064	5308.475453	5302.531559	5305.434384			1.0	2.0	0.0	3.0					
5310.868	12.235999999999876	trials	8.0	5314.839216	5316.00075	5321.696699	5321.937098	5314.13609	5319.821379			1.0	2.0	0.0	3.0					
5324.964	28.69499999999971	trials	8.0	5346.339432000001	5347.655191	5351.136861	5351.353924999999	5345.553411000001	5349.343348	5353.484	5353.659	1.0	2.0	1.0	1.0					
5355.68	12.613999999999578	trials	8.0	5362.559937	5363.760063	5367.158185	5368.397459	5362.054169	5364.92831			1.0	2.0	0.0	3.0					
5369.415	9.764000000000124	trials	8.0	5375.079572000001	5376.826529	5378.525829	5378.616121999999	5374.307214	5377.766026			1.0	1.0	0.0	3.0					
5382.819	11.214999999999236	trials	8.0	5385.901102	5387.196629	5391.708971	5392.091654	5385.349956	5388.809988	5392.324	5394.034	1.0	2.0	1.0	1.0					
5396.05	10.854999999999563	trials	8.0	5403.225084	5404.4021250000005	5406.636402	5406.785505	5402.267148	5405.727414			1.0	1.0	0.0	3.0					
5408.979	7.309999999999491	trials	8.0	5410.7446199999995	5411.8892639999995	5415.231852	5416.391459	5409.962606	5412.725618			1.0	2.0	0.0	3.0					
5417.524	16.649999999999636	trials	8.0	5426.2401389999995	5427.496415	5432.060364	5432.581611	5425.358118	5428.7287049999995	5432.604	5434.174	1.0	2.0	1.0	1.0					
5438.266	11.968000000000757	trials	8.0	5443.11534	5444.4961459999995	5448.058004	5448.5926309999995	5442.273406	5445.435263	5448.689	5450.234	1.0	2.0	1.0	1.0					
5454.335	12.399000000000342	trials	8.0	5461.044896	5462.4023990000005	5465.4081750000005	5466.8385149999995	5460.095676	5462.729907			1.0	2.0	0.0	3.0					
5468.684	10.164999999999964	trials	8.0	5473.204876	5474.693897	5477.091795	5477.380731	5472.245871	5476.218192	5477.899	5478.849	1.0	1.0	1.0	1.0					
5481.994	13.780000000000655	trials	8.0	5487.840085	5489.404877	5492.033517	5492.632252	5486.839232	5491.1786059999995			1.0	1.0	0.0	3.0					
5496.294	7.4760000000005675	trials	8.0	5498.254884	5499.383952	5502.75263	5503.113128	5496.753915	5499.945941			1.0	2.0	1.0	1.0					
5506.427	20.222000000000662	trials	8.0	5519.240385	5520.326846	5524.5073219999995	5524.995408000001	5518.730409	5521.720178	5525.115	5526.649	1.0	2.0	1.0	1.0					
5528.734	15.489999999999782	trials	8.0	5537.016605000001	5538.812685000001	5542.129403	5542.540424000001	5536.080039	5539.428065	5542.624	5544.224	1.0	2.0	1.0	1.0					
5548.315	13.03400000000056	trials	8.0	5554.440593	5556.187431	5558.976695	5559.3927619999995	5553.733311	5556.711954	5559.919	5561.349	1.0	2.0	1.0	1.0					
5563.419	20.954999999999927	trials	8.0	5578.584389	5580.565725	5583.650921	5584.236150000001	5578.0000820000005	5581.654524			1.0	2.0	0.0	3.0					
5587.384	11.6899999999996	trials	8.0	5595.3207330000005	5596.342249	5598.172217	5598.282635	5594.549763	5597.292566			1.0	2.0	0.0	3.0					
5600.459	14.715000000000146	trials	8.0	5611.1520199999995	5613.101466	5614.545476	5615.279494	5610.475476	5613.836223			1.0	1.0	0.0	3.0					
5616.806	12.309000000000196	trials	8.0	5622.791238	5624.380445000001	5627.129370000001	5627.650133	5621.8354770000005	5625.584755	5627.709	5629.115	1.0	2.0	1.0	1.0					
5631.134	13.88000000000011	trials	8.0	5638.936059	5640.881993	5642.930415000001	5643.452364000001	5637.989511	5641.738785	5643.499	5645.014	1.0	2.0	1.0	1.0					
5649.059	12.385999999999513	trials	8.0	5656.005518	5657.366224	5660.113796	5661.546644	5655.196682	5658.09216			1.0	2.0	0.0	3.0					
5663.37	10.074999999999818	trials	8.0	5668.137462000001	5669.494159	5672.873703	5673.5480339999995	5667.441515	5670.4132819999995			1.0	2.0	0.0	3.0					
5675.144	21.644999999999527	trials	8.0	5692.322502	5694.239511			5691.3863519999995	5695.011978			1.0	2.0	0.0	3.0					
5701.159	99.72700000000077	BlockDesign														1.0	324.0	328.0	0.0	0.0
5701.159	47.53099999999995	trials	9.0	5745.241381	5746.988366	5748.367015	5748.796567	5744.394513	5747.589285			1.0	1.0	0.0	3.0					
5751.594	9.560999999999694	trials	9.0	5756.0316	5757.112938	5760.119549999999	5761.261447000001	5755.3156770000005	5758.963074			1.0	2.0	0.0	3.0					
5764.405	14.679000000000087	trials	9.0	5772.871043	5774.475833	5777.696688	5779.191677000001	5772.303764	5775.760742			1.0	2.0	0.0	3.0					
5780.995	6.779000000000451	trials	9.0	5784.041346	5785.854381	5787.538958	5787.796881	5783.3930359999995	5786.848025			1.0	1.0	0.0	3.0					
5790.781	10.105000000000473	trials	9.0	5795.428094000001	5796.946795	5800.849611	5801.543649	5794.675419	5799.988239			1.0	1.0	0.0	3.0					
5803.251	634.9229999999998	BlockDesign														1.0	329.0	374.0	90.0	50.0
5803.251	10.042999999999665	trials	10.0	5807.5069619999995	5808.623448	5811.263615	5811.328143000001	5806.6157	5810.356124	5811.984	5813.294	1.0	2.0	1.0	1.0					
5816.32	11.759000000000015	trials	10.0	5821.791594	5823.220086	5825.845295	5826.345575	5820.789644	5823.960812	5826.534	5828.079	1.0	2.0	1.0	1.0					
5831.096	12.408000000000357	trials	10.0	5836.336454	5838.688515	5840.449992	5840.691534	5835.537627	5839.295589			1.0	2.0	0.0	3.0					
5844.749	10.350000000000364	trials	10.0	5849.081852	5850.426611000001	5853.250643	5853.463722	5848.572948	5852.411924	5853.809	5855.099	1.0	1.0	1.0	1.0					
5859.118	9.940999999999804	trials	10.0	5863.881216	5864.993552	5867.243937	5867.330399	5863.149104	5866.476173	5867.889	5869.059	1.0	1.0	1.0	1.0					
5871.08	10.35400000000027	trials	10.0	5875.991725	5877.134271	5879.781852	5879.900006	5875.1519929999995	5878.865777	5880.484	5881.434	1.0	1.0	1.0	1.0					
5883.514	10.659999999999854	trials	10.0	5888.751629	5890.908759	5892.4236120000005	5892.623726	5887.9775549999995	5891.575089	5892.959	5894.174	1.0	1.0	1.0	1.0					
5896.189	14.644999999999527	trials	10.0	5905.407255	5906.903343	5910.255983999999	5910.940495000001	5904.636657	5908.065628			1.0	2.0	0.0	3.0					
5912.649	12.789999999999964	trials	10.0	5919.291602	5920.659887	5924.493815	5925.545361	5918.544948000001	5922.649654000001			1.0	2.0	0.0	3.0					
5928.74	16.769000000000233	trials	10.0	5939.287077	5940.774106000001	5943.456484	5943.80438	5938.588003000001	5942.677217	5943.99	5945.509	1.0	1.0	1.0	1.0					
5947.594	15.5	trials	10.0	5955.687264	5957.522796	5961.07593	5963.19882	5954.970338	5958.253754			1.0	2.0	0.0	3.0					
5965.414	12.710000000000036	trials	10.0	5971.952148	5973.764588	5976.361988000001	5976.517567000001	5971.270629000001	5975.522229	5976.99	5978.124	1.0	1.0	1.0	1.0					
5980.144	9.545000000000073	trials	10.0	5985.473759	5987.725464	5989.421792	5989.516996	5984.497698	5988.606884000001			1.0	1.0	0.0	3.0					
5991.699	9.615000000000691	trials	10.0	5995.001877000001	5996.585808	5999.220591	5999.51637	5994.186065	5997.923001	5999.809	6001.314	1.0	2.0	1.0	1.0					
6004.334	10.36999999999989	trials	10.0	6009.264249	6011.039346	6012.855366	6013.043724	6008.358969	6012.039379	6013.409	6014.704	1.0	1.0	1.0	1.0					
6017.749	8.970000000000255	trials	10.0	6022.212171	6023.309546	6025.787934	6026.826291	6021.369425000001	6024.554994			1.0	2.0	0.0	3.0					
6029.126	6.882999999999811	trials	10.0	6031.087065	6032.9536100000005	6034.281003	6034.548242000001	6029.4836	6033.460172	6035.054	6036.009	1.0	1.0	1.0	1.0					
6038.03	20.97900000000027	trials	10.0	6046.35292	6048.176404	6056.945148000001	6057.211436	6045.633074	6048.5916799999995	6057.669	6059.009	1.0	1.0	1.0	1.0					
6063.024	6.634999999999309	trials	10.0	6066.728709	6068.266726	6069.450278	6069.61649	6065.801044	6068.605187			1.0	1.0	0.0	3.0					
6072.669	7.8400000000001455	trials	10.0	6074.457393000001	6076.113267000001	6078.524553	6078.977766	6073.149909	6076.581421000001	6079.059	6080.509	1.0	2.0	1.0	1.0					
6084.579	11.536000000000058	trials	10.0	6088.974132	6090.060672	6094.109693	6094.556992	6088.218215000001	6091.417243	6094.627	6096.115	1.0	2.0	1.0	1.0					
6100.164	12.180000000000291	trials	10.0	6104.858021	6106.847018	6110.370924000001	6110.757695	6104.125464000001	6107.711139999999	6110.964	6112.344	1.0	2.0	1.0	1.0					
6115.375	10.884000000000015	trials	10.0	6120.924235	6121.264143	6124.002292	6124.478188	6104.125464000001	6121.650496	6124.634	6126.259	1.0	2.0	1.0	1.0					
6128.275	11.969000000000051	trials	10.0	6134.938107000001	6136.054282	6138.215925	6138.639403	6134.2325980000005	6136.676838	6138.78	6140.244	1.0	2.0	1.0	1.0					
6143.264	11.545000000000073	trials	10.0	6149.483235000001	6150.8413	6153.593749000001	6154.550751000001	6148.869069	6151.253088			1.0	2.0	0.0	3.0					
6155.87	10.144000000000233	trials	10.0	6159.9129840000005	6161.159697	6164.116765000001	6164.326669	6159.30504	6163.047096	6164.774	6166.014	1.0	1.0	1.0	1.0					
6169.105	12.16400000000067	trials	10.0	6175.948041000001	6177.356703	6179.405551000001	6179.551867	6175.137663	6178.486761	6179.9	6181.269	1.0	1.0	1.0	1.0					
6185.294	10.305000000000291	trials	10.0	6188.813635	6190.731139	6193.306237000001	6193.773432	6188.067408000001	6191.300683	6193.844	6195.599	1.0	2.0	1.0	1.0					
6198.73	10.689000000000306	trials	10.0	6203.693660000001	6204.936175000001	6208.405487	6209.53271	6202.837189000001	6205.65207			1.0	2.0	0.0	3.0					
6210.681	10.934000000000196	trials	10.0	6215.927860000001	6217.764448000001	6219.873977	6220.004391	6215.001118	6219.055219000001	6220.405	6221.615	1.0	1.0	1.0	1.0					
6225.634	10.1899999999996	trials	10.0	6230.613819	6231.7948240000005	6233.899459	6234.084886000001	6229.984638000001	6232.914105000001	6234.445	6235.824	1.0	1.0	1.0	1.0					
6239.844	10.49499999999989	trials	10.0	6245.1891160000005	6247.155352000001	6248.466222	6248.647777	6244.223620000001	6247.647456000001	6249.064	6250.339	1.0	1.0	1.0	1.0					
6254.419	7.470000000000255	trials	10.0	6256.855033000001	6258.170761	6260.092209	6260.26008	6256.214388	6259.007404	6260.609	6261.889	1.0	1.0	1.0	1.0					
6264.945	11.404000000000451	trials	10.0	6271.488654000001	6273.300258	6274.4990290000005	6274.671396000001	6270.489125	6273.606301000001	6275.134	6276.349	1.0	1.0	1.0	1.0					
6280.369	7.621000000000095	trials	10.0	6282.6140080000005	6284.1247650000005	6287.442007000001	6287.846724	6281.815521	6284.616303000001			1.0	2.0	0.0	3.0					
6291.734	6.399999999999636	trials	10.0	6293.444067	6294.831792000001	6296.453578000001	6296.573214	6292.90494	6295.468482	6297.014	6298.134	1.0	1.0	1.0	1.0					
6301.155	9.90900000000056	trials	10.0	6306.744969	6308.277198000001	6309.3706170000005	6309.536362000001	6305.941626000001	6308.546698	6310.024	6311.064	1.0	1.0	1.0	1.0					
6313.118	12.515999999999622	trials	10.0	6318.810042	6320.750322000001	6323.688949	6323.957705000001	6318.041526	6322.180204	6324.184	6325.634	1.0	1.0	1.0	1.0					
6327.655	10.814000000000306	trials	10.0	6333.145029	6334.4718250000005	6336.444694000001	6336.636948	6332.549308000001	6335.471466000001	6337.195	6338.469	1.0	1.0	1.0	1.0					
6341.549	11.385000000000218	trials	10.0	6346.899706	6349.259424000001	6350.555133000001	6350.6712720000005	6345.932314000001	6349.577774	6351.195	6352.934	1.0	1.0	1.0	1.0					
6355.689	15.079999999999927	trials	10.0	6365.803996000001	6367.231507	6368.967357	6369.117375000001	6364.9364510000005	6368.073616000001	6369.594	6370.769	1.0	1.0	1.0	1.0					
6374.913	5.4520000000002256	trials	10.0	6377.9439600000005	6378.4700920000005			6377.0572	6378.462993			1.0		0.0	2.0					
6384.37	6.269000000000233	trials	10.0	6386.618926	6387.728440000001	6389.995838000001	6390.750754000001	6385.871673000001	6388.813199			1.0	2.0	0.0	3.0					
6393.285	19.824000000000524	trials	10.0	6407.708753000001	6408.866049	6411.163907	6411.351184	6407.172757	6410.149897	6411.789	6413.109	1.0	1.0	1.0	1.0					
6416.909	8.020000000000437	trials	10.0	6420.3697520000005	6421.594575	6422.921762	6423.043858	6419.661804	6422.053231000001	6424.899	6424.929	1.0	1.0	1.0	1.0					
6426.415	11.759000000000015	trials	10.0	6433.324378	6434.550625000001	6436.2964090000005	6436.382983	6432.741382	6435.354851	6436.999	6438.174	1.0	1.0	1.0	1.0					
6440.199	913.2200000000003	BlockDesign														1.0	375.0	426.0	50.0	10.0
6440.199	9.63000000000011	trials	11.0	6446.678623000001	6447.906417	6449.534773	6449.874617	6445.8452050000005	6448.616707			1.0	1.0	0.0	3.0					
6451.859	7.460999999999331	trials	11.0	6454.935681000001	6456.2606080000005	6458.826991000001	6459.020323000001	6454.272159	6456.879461			1.0	2.0	0.0	3.0					
6461.1	5.463999999999942	trials	11.0	6463.029499	6464.720700000001	6466.051974	6466.292886	6462.226096	6465.246599			1.0	1.0	0.0	3.0					
6469.37	21.048999999999978	trials	11.0	6484.4046530000005	6486.2724100000005	6488.94444	6490.534398000001	6483.733162	6487.537233			1.0	2.0	0.0	3.0					
6492.184	6.994999999999891	trials	11.0	6496.174603	6497.687792000001	6498.911381000001	6499.025461	6495.6628390000005	6498.258966			1.0	1.0	0.0	3.0					
6501.214	44.4409999999998	trials	11.0	6540.634502000001	6541.887894	6545.063883000001	6545.766312000001	6539.931941000001	6542.866279000001			1.0	2.0	0.0	3.0					
6549.341	8.938999999999396	trials	11.0	6554.444943	6555.94362	6557.841019	6558.390377000001	6553.469745	6556.249783			1.0	2.0	0.0	3.0					
6562.054	17.445999999999913	trials	11.0	6575.249674000001	6577.232356	6579.135321000001	6579.606183000001	6574.462611000001	6578.345211000001			1.0	1.0	0.0	3.0					
6583.446	13.283000000000357	trials	11.0	6590.474380000001	6591.746465	6596.358135	6596.840050000001	6589.5055090000005	6593.309548			1.0	2.0	0.0	3.0					
6600.642	17.73199999999997	trials	11.0	6614.389620000001	6616.243846	6617.924149	6618.489315000001	6613.626063000001	6617.061481000001			1.0	1.0	0.0	3.0					
6620.149	11.094999999999345	trials	11.0	6626.339854000001	6627.5768100000005	6630.58939	6631.357306000001	6625.5485260000005	6628.48153			1.0	2.0	0.0	3.0					
6632.866	17.212999999999738	trials	11.0	6643.865104	6645.590872000001	6648.20355	6648.430945	6643.102821	6647.335966000001	6648.849	6650.079	1.0	1.0	1.0	1.0					
6652.155	16.614000000000487	trials	11.0	6662.155136	6664.1010750000005	6666.785599000001	6666.9093330000005	6661.3032	6665.888173	6667.399	6668.769	1.0	1.0	1.0	1.0					
6671.824	10.106000000000677	trials	11.0	6677.764810000001	6679.121897000001	6681.667897	6681.886622	6677.198638000001	6680.591257			1.0	1.0	0.0	3.0					
6685.949	78.83100000000013	trials	11.0	6759.840685	6761.407513	6764.140130000001	6764.891125	6758.8614720000005	6761.87131			1.0	2.0	0.0	3.0					
6767.439	6.684999999999491	trials	11.0	6769.250998	6771.064474000001	6772.17262	6772.427320000001	6767.899623	6771.384984	6772.724	6774.124	1.0	1.0	1.0	1.0					
6778.169	8.27599999999984	trials	11.0	6782.755642	6783.867307	6786.112303000001	6786.561151000001	6782.237798	6785.169176			1.0	1.0	0.0	3.0					
6789.359	8.18499999999949	trials	11.0	6791.475464	6792.798469	6796.996935	6797.659371000001	6789.991156	6793.931275000001			1.0	2.0	0.0	3.0					
6799.293	7.291000000000167	trials	11.0	6801.420567	6802.667018	6804.7289470000005	6805.062511	6800.856468	6803.750983	6805.349	6806.584	1.0	1.0	1.0	1.0					
6810.604	11.99499999999989	trials	11.0	6817.075962000001	6819.038977	6820.578033000001	6820.737156	6816.270964	6819.492324000001	6821.254	6822.599	1.0	1.0	1.0	1.0					
6825.65	11.905999999999949	trials	11.0	6834.062440000001	6835.137417	6837.275557000001	6837.418585	6833.158418000001	6836.2164060000005			1.0	1.0	0.0	3.0					
6841.57	10.75	trials	11.0	6843.776424000001	6845.376556	6851.787695000001	6852.434582000001	6842.916007000001	6846.852093			1.0	2.0	0.0	3.0					
6854.066	17.092999999999847	trials	11.0	6866.031127	6867.592354	6869.394731	6869.608481	6865.428862000001	6868.619182	6869.954	6871.159	1.0	1.0	1.0	1.0					
6873.249	10.659999999999854	trials	11.0	6880.135794000001	6881.281303000001	6883.6465960000005	6883.765845	6879.408615	6882.762662			1.0	1.0	0.0	3.0					
6885.919	7.680000000000291	trials	11.0	6887.711324000001	6889.54117	6892.924405000001	6893.713375	6886.316288	6890.6792430000005			1.0	2.0	0.0	3.0					
6895.509	15.289999999999964	trials	11.0	6904.411117000001	6906.338632000001	6909.991217000001	6910.072986	6903.787466000001	6909.209322000001			1.0	1.0	0.0	3.0					
6914.204	14.945000000000618	trials	11.0	6920.996219000001	6922.977269000001	6927.400929	6927.726100000001	6920.019204	6924.194385000001	6927.919	6929.149	1.0	2.0	1.0	1.0					
6933.207	10.876999999999498	trials	11.0	6938.680911	6940.745143	6943.8736690000005	6944.0498880000005	6937.956924	6942.730615			1.0	1.0	0.0	3.0					
6947.155	12.069000000000415	trials	11.0	6952.501066000001	6954.288196	6958.681587	6959.337165000001	6951.572374	6956.288979000001			1.0	2.0	0.0	3.0					
6961.905	9.051000000000386	trials	11.0	6967.470813	6968.818743000001	6970.575135	6971.068732000001	6966.534544	6969.778681000001			1.0	1.0	0.0	3.0					
6974.914	33.914999999999964	trials	11.0	7004.556079	7005.887727	7008.230355000001	7008.9453490000005	7003.887019000001	7007.083570000001			1.0	2.0	0.0	3.0					
7011.509	44.05500000000029	trials	11.0	7049.541472000001	7051.335745	7055.025086000001	7055.67702	7048.909105000001	7052.097207000001			1.0	2.0	0.0	3.0					
7057.315	6.729000000000269	trials	11.0	7059.251661	7060.788958	7062.184670000001	7062.312708	7057.928293000001	7061.374498	7062.689	7064.044	1.0	1.0	1.0	1.0					
7067.065	22.41400000000067	trials	11.0	7080.891297	7082.568819	7085.576874	7086.256062	7080.162	7083.20959			1.0	2.0	0.0	3.0					
7089.794	4.766999999999825	trials	11.0	7091.462312000001	7093.328809000001	7094.280637000001	7094.676193	7089.595117000001	7093.618804000001			1.0	1.0	0.0	3.0					
7098.49	6.423999999999978	trials	11.0	7100.502291000001	7101.93385	7104.4322010000005	7105.028389	7098.904666	7102.725534			1.0	2.0	0.0	3.0					
7106.793	32.48100000000068	trials	11.0	7133.6086270000005	7135.235127	7137.568602	7137.707187	7132.929003	7136.773368	7138.174	7139.274	1.0	1.0	1.0	1.0					
7142.304	11.5	trials	11.0	7148.487669	7150.054327000001	7151.962581000001	7152.112042000001	7147.845202	7151.1205740000005	7152.714	7153.804	1.0	1.0	1.0	1.0					
7156.889	9.409999999999854	trials	11.0	7162.597239000001	7164.268723	7166.080804	7166.251764000001	7161.842835	7165.163478			1.0	1.0	0.0	3.0					
7169.309	7.614999999999782	trials	11.0	7171.077403	7172.298676	7176.087058	7176.959107000001	7169.904259000001	7173.459555			1.0	2.0	0.0	3.0					
7179.924	7.829999999999927	trials	11.0	7182.436426	7184.125891000001	7185.818253	7185.936006	7181.74297	7184.923777	7186.499	7187.754	1.0	1.0	1.0	1.0					
7190.804	11.840000000000146	trials	11.0	7197.77368	7198.850826	7200.852403000001	7201.065545	7197.139771	7199.908554000001	7201.609	7202.644	1.0	1.0	1.0	1.0					
7205.696	13.958999999999833	trials	11.0	7214.212561	7215.545577000001	7217.0868040000005	7217.1948520000005	7213.454379000001	7216.161175			1.0	1.0	0.0	3.0					
7220.309	6.644999999999527	trials	11.0	7222.042515	7223.544051000001	7224.9145690000005	7225.187964000001	7219.773162	7224.127144	7225.484	7226.954	1.0	1.0	1.0	1.0					
7231.039	11.835000000000036	trials	11.0	7238.007118	7239.644046	7241.172409000001	7241.3187720000005	7237.158196	7240.2917370000005	7241.754	7242.874	1.0	1.0	1.0	1.0					
7244.931	9.253000000000611	trials	11.0	7249.523781	7251.030188000001	7252.351929	7252.439043	7248.636783	7251.464632	7252.908	7254.184	1.0	1.0	1.0	1.0					
7256.274	12.49499999999989	trials	11.0	7263.608947000001	7264.87614	7266.891396000001	7267.067842	7263.078769000001	7265.8314820000005	7267.539	7268.769	1.0	1.0	1.0	1.0					
7270.809	10.604999999999563	trials	11.0	7278.017455	7279.945900000001	7281.210730000001	7281.306858	7277.250382	7280.293273			1.0	1.0	0.0	3.0					
7283.494	13.350000000000364	trials	11.0	7289.887461	7291.319254	7293.261874000001	7293.586114000001	7289.007049000001	7292.244057			1.0	1.0	0.0	3.0					
7297.59	7.733999999999469	trials	11.0	7299.472662	7301.4017140000005	7304.915406	7305.440077	7296.962158	7301.778478			1.0	2.0	0.0	3.0					
7309.2	27.914999999999964	trials	11.0	7331.917751000001	7333.491444	7335.435223	7335.584119	7331.246954	7334.564427	7336.134	7337.115	1.0	1.0	1.0	1.0					
7339.169	14.25	trials	11.0	7348.078032	7349.914548000001	7351.569593	7351.711768	7347.449586000001	7350.47727	7352.089	7353.419	1.0	1.0	1.0	1.0					
7355.441	1065.9640000000009	BlockDesign														1.0	427.0	484.0	50.0	0.0
7355.441	24.70300000000043	trials	12.0	7375.713231000001	7377.373494	7378.522698000001	7378.71105	7374.907503	7377.694345	7379.159	7380.144	2.0	1.0	1.0	1.0					
7384.266	24.804000000000087	trials	12.0	7403.712325	7405.304494	7406.802448	7407.455583000001	7402.85713	7405.64871			2.0	1.0	0.0	3.0					
7410.099	5.0649999999996	trials	12.0	7412.109708	7413.645417000001	7414.960104000001	7415.133967000001	7409.186886	7413.912475			2.0	2.0	0.0	3.0					
7417.184	15.05999999999949	trials	12.0	7426.649905	7428.514462	7430.553627	7430.672512	7426.034068000001	7429.867477000001	7431.179	7432.244	2.0	1.0	1.0	1.0					
7436.337	20.521999999999935	trials	12.0	7451.743786000001	7453.42677	7454.584220000001	7454.749117	7450.983558	7453.775257	7455.204	7456.859	2.0	1.0	1.0	1.0					
7459.949	20.76000000000022	trials	12.0	7478.133617	7479.269901000001	7480.442509	7480.82653	7477.203243	7479.646689			2.0	1.0	0.0	3.0					
7482.719	27.234999999999673	trials	12.0	7504.333716	7506.185450000001	7508.192529	7508.500989	7503.791489	7507.450315	7508.74	7509.954	2.0	1.0	1.0	1.0					
7511.979	23.849999999999454	trials	12.0	7529.329077	7531.316764	7532.447038	7532.508694	7528.554367000001	7531.702059			2.0	1.0	0.0	3.0					
7536.664	6.230000000000473	trials	12.0	7538.388385	7539.560004000001	7541.199553	7541.3656470000005	7535.945713	7540.480893	7541.754	7542.894	2.0	1.0	1.0	1.0					
7545.012	12.69800000000032	trials	12.0	7554.623955000001	7555.809861000001	7557.408988	7557.765925000001	7553.652346000001	7556.586625			2.0	1.0	0.0	3.0					
7560.639	6.484999999999673	trials	12.0	7562.923734	7564.321009	7566.411672	7567.241326	7561.952206	7565.265964			2.0	2.0	0.0	3.0					
7568.681	38.103000000000065	trials	12.0	7603.258951000001	7604.763951000001	7606.375517	7606.903584000001	7602.273462	7605.381738			2.0	1.0	0.0	3.0					
7609.734	18.089999999999236	trials	12.0	7623.065518	7624.780914000001	7626.840685	7626.979389	7622.436847000001	7625.420221			2.0	2.0	0.0	3.0					
7631.115	7.994000000000597	trials	12.0	7634.928663000001	7636.549404	7638.516904	7639.2276090000005	7634.017175000001	7636.935369000001			2.0	2.0	0.0	3.0					
7640.873	12.661000000000058	trials	12.0	7649.223817	7650.942295000001	7653.2662980000005	7653.41374	7648.568842000001	7652.58298			2.0	1.0	0.0	3.0					
7655.545	25.234999999999673	trials	12.0	7671.603627	7673.0046330000005	7678.980748	7679.329657	7671.003015	7677.813447	7679.629	7680.78	2.0	1.0	1.0	1.0					
7684.821	8.018000000000029	trials	12.0	7689.144037	7690.990812	7692.506704	7692.9100960000005	7688.569276	7691.571982			2.0	1.0	0.0	3.0					
7695.869	4.0	trials	12.0	7697.940750000001	7697.980191000001			7697.4039060000005	7697.971123			2.0		0.0	2.0					
7701.919	19.820999999999913	trials	12.0	7715.1106230000005	7716.270744	7721.037606	7721.8564590000005	7714.22962	7718.40016			2.0	2.0	0.0	3.0					
7723.353	18.27599999999984	trials	12.0	7734.775984	7736.612848000001	7740.4454670000005	7741.747791000001	7734.061195	7737.426057000001			2.0	2.0	0.0	3.0					
7744.784	44.14000000000033	trials	12.0	7786.026252000001	7787.434865	7788.655936	7788.8360920000005	7785.073924	7787.972311			2.0	1.0	0.0	3.0					
7791.004	6.023000000000138	trials	12.0	7793.004826	7794.760797000001	7796.7467050000005	7797.094534000001	7791.730131	7795.035394			2.0	2.0	0.0	3.0					
7799.954	17.100000000000364	trials	12.0	7813.3079800000005	7814.4999960000005	7816.780830000001	7816.916392	7812.307357000001	7816.013422			2.0	1.0	0.0	3.0					
7819.074	17.5600000000004	trials	12.0	7830.71475	7832.576833	7834.9538680000005	7835.0879860000005	7830.06828	7834.185221000001	7835.53	7836.634	2.0	1.0	1.0	1.0					
7838.734	25.599999999999454	trials	12.0	7859.264712	7860.404316	7862.61808	7862.694804000001	7858.5980580000005	7861.829088	7863.294	7864.334	2.0	1.0	1.0	1.0					
7868.368	14.070999999999913	trials	12.0	7877.4476620000005	7878.889722	7880.760177	7880.824861000001	7876.681212	7879.926468000001	7881.379	7882.439	2.0	1.0	1.0	1.0					
7885.456	18.488000000000284	trials	12.0	7900.710025	7902.292771	7903.737558000001	7903.921813000001	7900.075099000001	7902.925824			2.0	1.0	0.0	3.0					
7905.954	7.0	trials	12.0	7907.692116	7909.13674	7911.807885	7911.925908	7906.549000000001	7910.590068			2.0	2.0	0.0	3.0					
7916.019	5.414999999999964	trials	12.0	7918.0268940000005	7919.239381	7921.171074	7921.51486	7917.339268000001	7920.495843000001			2.0	1.0	0.0	3.0					
7924.515	8.929999999999382	trials	12.0	7930.245306000001	7930.278492			7929.639864000001	7930.264356000001			2.0		0.0	2.0					
7934.339	14.390000000000327	trials	12.0	7943.625237	7945.023073	7948.192308000001	7948.323444000001	7942.9178950000005	7947.348775			2.0	1.0	0.0	3.0					
7950.474	9.425999999999476	trials	12.0	7952.9107300000005	7954.647774000001	7959.670822	7959.982788	7952.385228	7958.3530200000005			2.0	2.0	0.0	3.0					
7963.964	16.15099999999984	trials	12.0	7974.169936	7975.8818200000005	7979.891154000001	7980.223480000001	7973.382609	7979.086504000001			2.0	1.0	0.0	3.0					
7982.119	9.525000000000546	trials	12.0	7984.2202290000005	7985.731803000001	7990.687645	7991.7622630000005	7983.295213	7987.878016000001			2.0	2.0	0.0	3.0					
7992.915	16.345000000000255	trials	12.0	8005.845364000001	8007.6979360000005	8008.961595000001	8009.3020830000005	8005.040038	8008.241964000001			2.0	1.0	0.0	3.0					
8012.212	14.336999999999534	trials	12.0	8021.005659	8022.152164	8025.852411	8026.6687950000005	8020.373541000001	8022.885289000001			2.0	2.0	0.0	3.0					
8030.066	8.260000000000218	trials	12.0	8033.661298000001	8035.347238	8038.121926000001	8038.2258600000005	8032.66189	8037.394768			2.0	1.0	0.0	3.0					
8040.345	9.248999999999796	trials	12.0	8042.617701	8044.567288	8048.982516	8049.712771	8041.906959	8046.447742			2.0	2.0	0.0	3.0					
8051.199	37.07000000000062	trials	12.0	8084.411056000001	8086.160199	8088.0575850000005	8088.222522	8083.597498	8087.295945			2.0	1.0	0.0	3.0					
8091.28	17.869000000000597	trials	12.0	8102.237365000001	8104.076062	8107.523025	8109.267126000001	8101.6258210000005	8104.753689			2.0	2.0	0.0	3.0					
8110.82	6.670000000000073	trials	12.0	8115.556087000001	8115.601570000001			8114.998653000001	8115.594562			2.0		0.0	2.0					
8119.499	26.605000000000473	trials	12.0	8140.381408	8141.462809000001	8144.686309000001	8146.223352000001	8139.469738000001	8142.847047			2.0	2.0	0.0	3.0					
8148.934	5.644999999999527	trials	12.0	8151.916352	8153.280186	8154.3769090000005	8154.581707	8151.0468	8153.720629			2.0	1.0	0.0	3.0					
8156.664	14.400000000000546	trials	12.0	8164.636201	8165.827558000001	8170.513357	8171.181973000001	8163.935865	8167.337677			2.0	2.0	0.0	3.0					
8172.859	15.08599999999933	trials	12.0	8181.951379	8183.5078490000005	8186.081286000001	8186.248507	8181.001924	8185.196674000001	8186.695	8187.945	2.0	1.0	1.0	1.0					
8190.999	12.281000000000859	trials	12.0	8199.286931	8201.177607000001	8203.070686000001	8203.271712	8198.664259000001	8202.081407000001			2.0	1.0	0.0	3.0					
8205.34	27.619000000000597	trials	12.0	8226.541622	8227.950319	8229.396494	8229.859981000001	8225.97468	8228.578489			2.0	1.0	0.0	3.0					
8233.684	8.200000000000728	trials	12.0	8235.831784	8237.090676	8238.432071000001	8238.530306	8234.049828000001	8237.768066			2.0	1.0	1.0	1.0					
8241.993	19.34599999999955	trials	12.0	8255.496638	8257.228273	8259.313865	8259.66909	8254.717464000001	8258.338986	8259.869	8261.339	2.0	1.0	1.0	1.0					
8265.419	10.040000000000873	trials	12.0	8271.85165	8272.96656	8275.248162	8275.415035	8271.058612	8274.190089			2.0	1.0	0.0	3.0					
8278.469	42.25	trials	12.0	8318.153187	8319.547285	8320.509213000001	8320.820826000001	8317.22295	8319.815958000001			2.0	1.0	0.0	3.0					
8322.8	12.634000000000015	trials	12.0	8329.988404	8331.190014	8333.500992000001	8333.85152	8329.295571	8332.816239	8334.24	8335.434	2.0	1.0	1.0	1.0					
8338.459	8.424999999999272	trials	12.0	8343.261892	8344.543066	8346.392155000001	8347.004698	8342.715168	8345.522011000001			2.0	1.0	0.0	3.0					
8348.609	8.350000000000364	trials	12.0	8350.512321	8352.333485000001	8355.180264	8355.400965	8349.925308	8354.267940000002	8355.879	8356.959	2.0	1.0	1.0	1.0					
8359.124	9.75	trials	12.0	8366.863440000001	8366.905561			8366.027124	8366.896278			2.0		0.0	2.0					
8372.884	13.760000000000218	trials	12.0	8381.488477	8382.719281000002	8384.573734000001	8384.843115	8380.840159	8383.845418	8385.139	8386.644	2.0	1.0	1.0	1.0					
8388.715	14.009000000000015	trials	12.0	8397.238405	8399.084062	8400.663088000001	8400.859417	8396.524894	8399.548733	8401.304	8402.724	2.0	1.0	1.0	1.0					
8404.764	16.64100000000144	trials	12.0	8416.231658	8418.050145000001	8419.435898	8419.572469	8415.257283	8418.457792000001	8420.024	8421.405	2.0	1.0	1.0	1.0					
8424.493	524.2870000000003	BlockDesign														1.0	485.0	504.0	0.0	50.0
8424.493	11.046000000000276	trials	13.0	8430.641851	8432.214581	8435.106307	8435.661702000001	8430.014368	8433.107989			3.0	2.0	0.0	3.0					
8437.321	14.373999999999796	trials	13.0	8446.988676	8448.793498	8451.024694	8451.81277	8446.159111	8448.860722000001			3.0	2.0	0.0	3.0					
8453.309	31.895000000000437	trials	13.0	8478.522012000001	8480.119558	8483.305539	8483.681818000001	8477.850307	8480.654424	8483.894	8485.204	3.0	2.0	1.0	1.0					
8489.28	35.30899999999929	trials	13.0	8519.30751	8521.091208	8523.623981	8523.862508	8518.729913000001	8522.456877			3.0	2.0	1.0	1.0					
8527.04	23.67399999999907	trials	13.0	8544.342833	8545.949893	8548.652587	8549.088079000001	8543.709562	8546.331249	8549.264	8550.714	3.0	2.0	1.0	1.0					
8554.749	12.985000000000582	trials	13.0	8562.449404	8564.354944	8565.666942	8566.104915	8561.556628	8564.595428	8566.189	8567.734	3.0	2.0	1.0	1.0					
8569.754	12.614999999999782	trials	13.0	8578.517524	8579.70375	8581.886112	8582.491714	8577.665251	8580.1078			3.0	2.0	0.0	3.0					
8585.239	10.935999999999694	trials	13.0	8590.504087000001	8591.679388	8595.785764	8596.296538	8589.652066	8592.737703			3.0	2.0	0.0	3.0					
8598.139	14.75	trials	13.0	8608.569625	8610.204537000001	8612.397739	8613.01086	8607.878488	8610.616711			3.0	2.0	0.0	3.0					
8614.679	72.02499999999964	trials	13.0	8680.215123	8681.799449	8684.956026	8685.228607000001	8679.686802	8683.07773	8685.445	8686.704	3.0	2.0	1.0	1.0					
8689.724	22.704999999999927	trials	13.0	8708.683083	8709.860841000002	8711.999689	8712.549009	8707.942277	8710.301713			3.0	2.0	0.0	3.0					
8716.29	9.053999999998268	trials	13.0	8719.478413	8721.08526	8723.206011	8723.558653	8718.679402	8721.371491	8723.984	8725.344	3.0	2.0	1.0	1.0					
8728.169	16.625	trials	13.0	8739.138452000001	8740.245097	8742.727176	8743.155109	8738.287176	8740.954351	8743.32	8744.794	3.0	2.0	1.0	1.0					
8746.837	14.811999999999898	trials	13.0	8757.098514000001	8759.149017	8761.254828000001	8761.771914	8756.472195	8759.362585			3.0	2.0	0.0	3.0					
8765.587	7.108000000000175	trials	13.0	8769.423744	8770.681777	8772.214282	8772.379366000001	8768.609427	8771.281386			3.0	1.0	0.0	3.0					
8774.499	18.30999999999949	trials	13.0	8786.303608	8787.760441	8790.688222	8791.175122	8785.731774	8788.295596	8791.195	8792.809	3.0	2.0	1.0	1.0					
8794.829	14.3700000000008	trials	13.0	8803.504645	8804.66263	8808.089263	8809.320354	8802.573817	8805.037213			3.0	2.0	0.0	3.0					
8810.289	25.69499999999971	trials	13.0	8832.435034	8834.477245	8835.712080000001	8836.075423	8831.905558	8834.867049			3.0	1.0	0.0	3.0					
8838.995	104.7489999999998	trials	13.0	8935.934229	8937.133198	8939.609583000001	8940.423545000001	8935.071513	8937.5628			3.0	2.0	0.0	3.0					
8943.899	4.881000000001222	trials	13.0	8945.785035	8947.756294	8948.612538000001	8948.904938	8943.865896	8947.77132			3.0	1.0	0.0	3.0					
8951.855	2052.380000000001	BlockDesign														1.0	505.0	597.0	50.0	50.0
8951.855	16.53399999999965	trials	14.0	8960.570892	8961.617384000001	8966.095720000001	8966.587707	8959.841872	8963.802919	8966.809	8968.389	3.0	2.0	1.0	1.0					
8970.409	13.040000000000873	trials	14.0	8977.426384	8978.619052	8981.251744000001	8981.684844	8976.470125	8979.049214	8981.804	8983.449	3.0	2.0	1.0	1.0					
8987.469	9.415000000000873	trials	14.0	8992.354363	8993.65428	8995.797235	8997.00473	8991.844275	8993.991241			3.0	2.0	0.0	3.0					
8998.089	8.6299999999992	trials	14.0	9001.749898	9003.296245000001	9004.752133	9004.875952	9001.184293	9003.757935000001	9005.274	9006.719	2.0	1.0	1.0	1.0					
9009.74	11.304000000000087	trials	14.0	9016.120141	9017.212392000001	9019.02582	9019.23802	9015.149649	9018.020256	9019.524	9021.044	2.0	1.0	1.0	1.0					
9023.061	10.015999999999622	trials	14.0	9029.439354	9031.290523	9032.803692000001	9033.162852000001	9028.784424000001	9031.819664			2.0	1.0	0.0	3.0					
9036.07	34.943999999999505	trials	14.0	9066.934692	9068.658002	9070.560233	9071.13519	9066.425503	9068.688481000001			3.0	2.0	0.0	3.0					
9074.839	4.7450000000008	trials	14.0	9076.660339	9078.261550000001	9079.364628	9079.601281	9075.488381000001	9078.554523			2.0	1.0	0.0	3.0					
9083.594	5.545000000000073	trials	14.0	9085.504897	9087.183139			9084.086748000002	9087.174996			3.0		0.0	2.0					
9091.149	24.421000000000276	trials	14.0	9108.47988	9110.025772	9113.426587	9113.966655	9107.486398000001	9111.101977	9113.98	9115.57	3.0	2.0	1.0	1.0					
9118.589	12.2450000000008	trials	14.0	9124.790283	9126.426727	9130.50235	9130.949334	9124.103677000001	9127.208326			2.0	2.0	0.0	3.0					
9132.769	5.059999999999491	trials	14.0	9134.684799	9136.371291	9137.569147	9137.678266	9134.051785	9136.697947			2.0	1.0	0.0	3.0					
9139.905	8.789999999999054	trials	14.0	9143.87259	9145.783636	9146.913996	9147.159810000001	9142.988009	9146.094923	9147.464	9148.695	2.0	1.0	1.0	1.0					
9151.714	10.100000000000364	trials	14.0	9158.410722	9160.114534	9161.542213	9161.835439	9157.497367	9160.548513			2.0	1.0	0.0	3.0					
9164.824	26.165999999999258	trials	14.0	9184.750693	9185.797393	9188.871515	9189.335360000001	9184.190354	9186.345800000001	9189.449	9190.99	3.0	2.0	1.0	1.0					
9195.005	10.829000000001543	trials	14.0	9200.275945000001	9201.747208	9204.606746000001	9205.904426000001	9199.762891	9202.180353			3.0	2.0	0.0	3.0					
9207.884	18.825000000000728	trials	14.0	9220.960466	9222.264743	9224.717073	9225.059629000001	9220.319023	9223.825027	9225.399	9226.709	2.0	1.0	1.0	1.0					
9228.729	12.520000000000437	trials	14.0	9236.125855	9237.238557	9240.759199	9241.316111	9235.352072	9237.818009			3.0	2.0	0.0	3.0					
9245.044	197.2360000000008	trials	14.0	9437.571739	9439.288437000001	9440.397945	9442.351984	9436.970996	9439.581265			3.0	2.0	0.0	3.0					
9442.78	11.613999999999578	trials	14.0	9449.046731	9451.543696	9452.469079	9452.801455	9448.12414	9451.858243	9453.109	9454.394	2.0	1.0	1.0	1.0					
9457.544	12.861000000000786	trials	14.0	9464.577476	9466.169991	9468.56896	9468.854864	9463.697792	9466.725434	9469.369	9470.405	3.0	2.0	1.0	1.0					
9473.505	9.014000000001033	trials	14.0	9479.166604	9481.006057	9482.198448000001	9482.368171	9478.639477	9481.338038			2.0	1.0	0.0	3.0					
9484.559	12.81500000000051	trials	14.0	9492.372224	9494.008486	9497.064299	9497.190032	9491.369549000001	9495.908915			2.0	1.0	0.0	3.0					
9501.381	23.222999999999956	trials	14.0	9517.68834	9518.815079	9522.761224	9523.039538	9516.915025	9519.279394000001	9523.449	9524.604	3.0	2.0	1.0	1.0					
9528.675	10.645000000000437	trials	14.0	9535.752148	9537.36726	9538.747790000001	9539.386239	9534.80761	9537.709299			2.0	2.0	0.0	3.0					
9542.1	4.139999999999418	trials	14.0	9543.782623000001	9544.889749	9545.92253	9546.087163	9542.857069	9545.235409			3.0	1.0	0.0	3.0					
9548.249	13.159999999999854	trials	14.0	9556.967192	9558.760823	9560.839012	9561.481267000001	9556.422649	9559.921694			3.0	1.0	0.0	3.0					
9564.155	9.679000000000087	trials	14.0	9568.777809000001	9570.121382000001	9573.403508000001	9573.903454000001	9567.864605	9571.194113			2.0	2.0	0.0	3.0					
9575.732	7.563000000000102	trials	14.0	9578.492438000001	9580.213954	9581.431213	9581.642807	9577.964992000001	9580.625219	9582.094	9583.295	2.0	1.0	1.0	1.0					
9587.375	23.463999999999942	trials	14.0	9604.997849000001	9606.232102	9609.982798000001	9610.874309	9604.364321000001	9608.932703			3.0	1.0	0.0	3.0					
9613.9	10.459000000000742	trials	14.0	9617.337233	9618.933629000001	9622.4272	9622.759517	9616.555148	9621.316396	9623.149	9624.359	2.0	1.0	1.0	1.0					
9626.379	11.68499999999949	trials	14.0	9634.502761	9636.352736	9637.625854	9638.136375	9633.875767	9636.738845			3.0	1.0	0.0	3.0					
9641.969	8.936000000001513	trials	14.0	9645.447824	9647.270891	9649.016696	9650.976106	9644.705326000001	9647.563817			3.0	2.0	0.0	3.0					
9651.309	38.34600000000137	trials	14.0	9681.729311000001	9682.958855	9687.739861	9688.115152	9680.791321	9683.989591	9688.365	9689.655	3.0	2.0	1.0	1.0					
9692.699	12.56499999999869	trials	14.0	9698.472546	9700.18492	9704.041661000001	9704.474585	9697.579789	9700.766461000001			3.0	2.0	1.0	1.0					
9709.587	19.462000000001353	trials	14.0	9724.137485000001	9725.355905	9726.856693	9727.062369000001	9723.363137	9725.92426	9727.359	9729.049	2.0	1.0	1.0	1.0					
9732.065	13.694999999999709	trials	14.0	9741.729422	9743.532095	9745.405729	9745.829846	9740.73968	9743.724182			3.0	2.0	0.0	3.0					
9747.73	15.604000000001179	trials	14.0	9758.908196	9760.584466	9761.605425	9761.72959	9758.241352000001	9760.911764	9762.224	9763.334	2.0	1.0	1.0	1.0					
9765.405	25.523999999999432	trials	14.0	9787.903543	9789.314093	9790.66736	9790.916645000001	9786.978433	9789.80587			2.0	1.0	0.0	3.0					
9794.009	6.084999999999127	trials	14.0	9795.980105	9797.50481	9799.628436	9800.163260000001	9794.384876	9798.818493			2.0	1.0	0.0	3.0					
9802.954	7.944999999999709	trials	14.0	9807.418085000001	9808.884752			9806.888185	9808.880629000001			3.0		0.0	2.0					
9812.909	18.46100000000115	trials	14.0	9824.133005	9826.003999	9831.008	9831.396123	9823.302277	9827.018818			2.0	2.0	0.0	3.0					
9835.399	4.430000000000291	trials	14.0	9837.288412	9838.549934	9839.522472	9839.851114000001	9835.810193000001	9838.766555			3.0	1.0	0.0	3.0					
9843.904	44.965000000000146	trials	14.0	9885.333563	9886.483054	9888.222382	9888.509215	9884.581821	9887.346641			3.0	1.0	0.0	3.0					
9890.588	7.201000000000931	trials	14.0	9892.539193	9894.076121	9896.08457	9896.278970000001	9891.090905000001	9895.359474	9896.78	9897.789	2.0	1.0	1.0	1.0					
9900.919	11.7450000000008	trials	14.0	9909.538832	9910.834111	9912.422642000001	9912.578389	9908.846036	9911.518367			2.0	1.0	0.0	3.0					
9915.73	34.58400000000074	trials	14.0	9946.873759	9948.375821			9945.956694	9948.371243			2.0		0.0	2.0					
9952.324	13.864999999999782	trials	14.0	9963.38361	9964.753408	9965.869442000001	9965.978866000001	9962.826746	9965.060053000001			3.0	1.0	0.0	3.0					
9970.196	21.670000000000073	trials	14.0	9988.623974	9990.386801	9991.52915	9991.893443	9987.632621	9990.801533			2.0	1.0	0.0	3.0					
9993.868	5.054000000000087	trials	14.0	9995.520569	9996.840834			9994.779299	9996.833908			3.0		0.0	2.0					
10001.929	123.0	trials	14.0	10120.069636	10121.161583000001	10124.597377	10124.87501	10119.092371	10122.414537			2.0	2.0	0.0	3.0					
10127.946	59.13800000000083	trials	14.0	10181.014636	10183.295015	10185.07231	10185.286589000001	10180.045567000001	10184.266823	10185.719	10187.084	2.0	1.0	1.0	1.0					
10189.164	10.90599999999904	trials	14.0	10194.474226	10196.567015	10197.751838	10197.933578	10193.697728000001	10196.882047000001	10198.334	10200.07	2.0	1.0	1.0	1.0					
10202.919	13.486000000000786	trials	14.0	10210.764611	10212.726291	10214.221862	10214.319956000001	10209.949050000001	10213.154932000001			3.0	2.0	0.0	3.0					
10218.552	8.336999999999534	trials	14.0	10221.160177	10222.305755000001	10225.986185	10226.960093	10220.276576	10223.308354			3.0	2.0	0.0	3.0					
10228.307	35.51299999999901	trials	14.0	10257.205006	10259.020678	10261.838797	10262.235749	10256.46248	10259.354046	10262.459	10263.82	3.0	2.0	1.0	1.0					
10265.87	9.068999999999505	trials	14.0	10271.820359000001	10273.054607	10274.561971000001	10275.013811	10271.119112	10273.632043			2.0	1.0	0.0	3.0					
10278.824	7.424999999999272	trials	14.0	10280.73551	10282.48424	10284.401702000001	10286.323975000001	10279.381583	10282.772542			2.0	2.0	0.0	3.0					
10286.725	6.3840000000000146	trials	14.0	10290.030785	10291.753028000001	10292.80909	10293.068939	10289.457428	10292.038367000001			3.0	1.0	0.0	3.0					
10296.184	16.730000000001382	trials	14.0	10308.985679000001	10310.497285000001	10312.339241	10312.985968	10308.151471000001	10311.446126			2.0	1.0	0.0	3.0					
10315.604	9.540000000000873	trials	14.0	10317.521881	10319.422187	10323.249059	10323.624224000001	10316.55017	10319.775524	10323.924	10325.144	3.0	2.0	1.0	1.0					
10327.287	11.271999999999025	trials	14.0	10333.251409	10335.277528	10336.738343	10336.948751	10332.643639	10335.813095000001	10337.599	10338.559	2.0	1.0	1.0	1.0					
10341.644	14.0	trials	14.0	10348.175235	10349.662154	10353.154796	10353.669025000001	10347.249846	10350.242494	10353.764	10355.644	3.0	2.0	1.0	1.0					
10359.58	12.338999999999942	trials	14.0	10366.290886	10368.18038	10371.431447	10371.97799	10365.695222	10368.468824			3.0	2.0	0.0	3.0					
10375.938	6.28099999999904	trials	14.0	10380.209858	10380.283127			10379.355907000001	10380.279941			2.0		0.0	2.0					
10384.299	6.029999999998836	trials	14.0	10386.725391	10388.751358000001	10390.017482000001	10390.381304	10385.814476	10388.989301			3.0	1.0	0.0	3.0					
10393.405	45.134000000000015	trials	14.0	10429.515626	10431.507533	10436.247335	10436.65255	10428.729404	10431.820295000001	10436.924	10438.539	3.0	2.0	1.0	1.0					
10440.56	12.734000000000378	trials	14.0	10448.006029	10450.007627	10451.231782	10451.417275	10447.261838	10450.293865	10452.019	10453.294	2.0	1.0	1.0	1.0					
10456.321	11.052999999999884	trials	14.0	10462.430924	10463.95608	10465.434035	10465.693271	10461.906419	10464.251072000001	10466.134	10467.374	3.0	2.0	1.0	1.0					
10470.488	11.21600000000035	trials	14.0	10476.640975	10478.681158	10479.849341000001	10479.994231	10475.877152000001	10478.960490000001	10480.464	10481.704	2.0	1.0	1.0	1.0					
10485.797	7.171999999998661	trials	14.0	10490.350775	10491.462699	10492.715518	10492.825381	10489.696211	10491.768818			2.0	1.0	0.0	3.0					
10494.979	10.805000000000291	trials	14.0	10500.975620000001	10502.682938	10503.773086000001	10503.804458	10500.425576	10502.794573000001			3.0	2.0	0.0	3.0					
10508.072	17.042999999999665	trials	14.0	10521.371309	10523.109683			10520.835312000001	10523.097121			3.0		0.0	2.0					
10527.139	79.13500000000022	trials	14.0	10602.871604	10604.42312	10605.773081000001	10606.347368	10601.969225	10605.011393			2.0	1.0	0.0	3.0					
10610.088	19.005999999999403	trials	14.0	10624.068037000001	10625.142974	10627.293826000001	10627.520024000001	10623.098996	10626.486142	10627.99	10629.094	2.0	1.0	1.0	1.0					
10632.169	10.56500000000051	trials	14.0	10637.983233	10639.739792	10642.065554	10642.806929	10637.474447	10640.245630000001			3.0	2.0	0.0	3.0					
10644.324	9.449999999998909	trials	14.0	10648.946849	10650.409844	10651.801601000001	10651.973344	10648.020706000001	10650.941494	10652.479	10653.774	2.0	1.0	1.0	1.0					
10655.794	12.170000000000073	trials	14.0	10663.657252	10665.394939	10667.664454	10667.984972	10662.831927000001	10666.666272			2.0	1.0	0.0	3.0					
10670.974	70.57999999999993	trials	14.0	10736.587048000001	10738.415467	10739.422306	10739.614774	10735.591244000001	10738.394464	10740.109	10741.554	3.0	2.0	1.0	1.0					
10744.642	9.51300000000083	trials	14.0	10750.561997	10752.142789000001			10749.81688	10752.135097			3.0		0.0	2.0					
10757.169	13.2450000000008	trials	14.0	10764.22175	10765.677781	10768.528477	10768.849262	10763.335691	10766.078431	10769.125	10770.414	3.0	2.0	1.0	1.0					
10772.495	10.393999999998414	trials	14.0	10777.997515000001	10779.390784000001	10780.861165	10781.067674	10777.482064	10780.000262000001	10781.574	10782.889	2.0	1.0	1.0	1.0					
10786.945	9.16400000000067	trials	14.0	10790.332325	10791.758119	10795.165706	10796.183006000001	10789.660821000001	10792.118503			3.0	2.0	0.0	3.0					
10797.414	6.059999999999491	trials	14.0	10800.782587	10802.177532	10803.234418	10803.534712	10800.215408	10802.457968			2.0	1.0	0.0	3.0					
10807.484	13.569999999999709	trials	14.0	10814.573762	10816.596905	10818.826360000001	10819.126714	10813.594469	10816.868384000001	10819.419	10821.054	3.0	2.0	1.0	1.0					
10823.135	9.623999999999796	trials	14.0	10828.082297	10829.78597	10830.937226	10831.097545	10827.124628000001	10830.091679000001	10831.524	10832.759	2.0	1.0	1.0	1.0					
10835.824	8.465000000000146	trials	14.0	10841.117549	10842.549371000001	10843.832584	10843.959560000001	10840.574071000001	10842.96508			2.0	1.0	0.0	3.0					
10847.089	49.57500000000073	trials	14.0	10892.872799	10894.091905000001	10895.915965	10896.742323	10892.340118	10894.395758			3.0	2.0	0.0	3.0					
10900.248	5.136000000000422	trials	14.0	10902.378071000001	10903.450156			10900.706182	10903.444807			2.0		0.0	2.0					
10908.391	20.363000000001193	trials	14.0	10922.722858000001	10924.69994	10926.802979	10927.052333	10921.975544	10925.901098	10927.484	10928.754	2.0	1.0	1.0	1.0					
10932.867	19.101999999998952	trials	14.0	10947.573329	10949.280338	10950.3773	10950.565339	10946.762923	10949.571998	10950.979	10951.969	2.0	1.0	1.0	1.0					
10954.0	32.06999999999971	trials	14.0	10982.293667	10984.236419	10985.37065	10985.6713	10981.345763000001	10984.190512000001			3.0	1.0	0.0	3.0					
10988.655	15.579999999999927	trials	14.0	11001.303176000001	11002.91243	11004.190735	11006.606351	11000.426479	11003.117492000001			3.0	2.0	0.0	3.0					
11009.603	83.98100000000159	BlockDesign														1.0	598.0	602.0	0.0	0.0
11009.603	6.137000000000626	trials	15.0	11012.616983	11013.917014	11015.263589	11015.619392	11011.812161	11014.383569			2.0	1.0	0.0	3.0					
11018.584	41.58499999999913	trials	15.0	11052.863768000001	11054.486129	11055.917963	11056.131761	11052.105839	11054.952284			2.0	1.0	0.0	3.0					
11060.249	5.335000000000946	trials	15.0	11062.288648	11063.960989000001	11064.859483	11065.660544	11060.247265	11064.188413			2.0	1.0	0.0	3.0					
11069.155	13.709999999999127	trials	15.0	11078.908579	11080.390994000001	11082.542519	11082.6866	11078.030168000001	11081.642600000001			2.0	1.0	0.0	3.0					
11086.949	6.635000000000218	trials	15.0	11090.438284	11091.730295000001	11093.555665	11094.059095	11089.65181	11092.761575			2.0	1.0	0.0	3.0					
11097.938	137.96700000000055	BlockDesign														1.0	603.0	608.0	0.0	0.0
11097.938	9.217000000000553	trials	16.0	11100.043873	11101.740392	11104.376173	11107.001149	11099.504570000001	11102.069881			3.0	2.0	0.0	3.0					
11108.719	23.403000000000247	trials	16.0	11123.539691	11124.990541000001	11130.391552000001	11132.198113	11122.700548	11126.069617000001			3.0	2.0	0.0	3.0					
11134.684	22.715000000000146	trials	16.0	11154.874015000001	11155.370899000001			11153.940289	11155.367647000001			3.0		0.0	2.0					
11161.419	29.719999999999345	trials	16.0	11187.643981000001	11189.237618000001	11190.161641	11191.213933	11186.688400000001	11189.23474			3.0	2.0	0.0	3.0					
11194.49	17.329999999999927	trials	16.0	11203.839152	11205.320776	11207.898107	11208.003959	11203.082699	11206.387568			3.0	2.0	0.0	3.0					
11212.149	23.756000000001222	trials	16.0	11232.534368	11233.79102	11235.694619	11235.979219	11231.671878000001	11235.014222			3.0	1.0	0.0	3.0					
11239.98	967.8639999999996	BlockDesign														1.0	609.0	654.0	50.0	50.0
11239.98	36.86399999999958	trials	17.0	11270.929444000001	11272.845575	11275.09273	11275.297099	11270.21243	11273.230508	11275.619	11276.844	3.0	2.0	1.0	1.0					
11280.865	23.65899999999965	trials	17.0	11299.594099	11300.895499	11303.023395	11304.599987000001	11299.080894	11301.257725			3.0	2.0	0.0	3.0					
11305.28	9.22400000000016	trials	17.0	11310.214262000001	11311.8101	11312.842555	11312.868582000001	11309.528134	11312.083735	11313.579	11314.504	3.0	2.0	1.0	1.0					
11317.526	23.13800000000083	trials	17.0	11336.557211	11337.856013	11339.067214	11339.204094	11335.786073	11338.144735	11339.744	11340.664	2.0	1.0	1.0	1.0					
11342.684	25.1150000000016	trials	17.0	11364.875087	11365.867169000001			11363.885375	11365.855264			2.0		0.0	2.0					
11370.839	6.055000000000291	trials	17.0	11373.034972000001	11374.201549000001	11375.952985	11376.195481	11371.727178000001	11375.318186			2.0	1.0	0.0	3.0					
11378.349	12.875	trials	17.0	11387.285075	11389.226303	11390.912869	11391.074206000001	11386.742354	11390.189718000001			2.0	1.0	0.0	3.0					
11394.23	6.050000000001091	trials	17.0	11396.259554	11397.292091	11398.289086	11400.35591	11394.570199	11397.366343000002			3.0	2.0	0.0	3.0					
11402.619	12.664999999999054	trials	17.0	11409.014864	11410.245534000001	11413.573436	11415.362204000001	11408.500739000001	11411.274089			3.0	2.0	0.0	3.0					
11415.909	10.515000000001237	trials	17.0	11419.625246	11421.619352000002	11424.742568000001	11424.996325	11418.663003000001	11422.781779	11425.469	11426.424	3.0	2.0	1.0	1.0					
11429.509	40.42200000000048	trials	17.0	11466.479711	11468.356537	11469.687364000001	11469.895007000001	11465.747633	11468.793384			2.0	1.0	0.0	3.0					
11474.014	10.880000000001019	trials	17.0	11479.290371000001	11481.287758	11483.203089	11483.344169	11478.352205000001	11482.284794000001	11483.849	11484.894	2.0	1.0	1.0	1.0					
11486.949	48.61499999999978	trials	17.0	11529.795569	11531.587245	11534.170195	11534.421412	11529.281893	11532.144041			3.0	2.0	0.0	3.0					
11537.445	5.779000000000451	trials	17.0	11539.215845	11540.597106000001	11541.618789	11541.739454	11537.777945	11540.882090000001	11542.264	11543.224	2.0	1.0	1.0	1.0					
11546.32	12.279000000000451	trials	17.0	11554.751189	11555.93423	11558.35719	11558.579842000001	11553.852821	11557.426429000001			2.0	1.0	0.0	3.0					
11560.669	10.905000000000655	trials	17.0	11567.000702000001	11568.101927	11569.709935	11570.031284	11566.278449000001	11568.559592000001	11570.49	11571.574	3.0	2.0	1.0	1.0					
11574.605	17.373999999999796	trials	17.0	11587.845857	11589.074323	11591.440273	11592.056437	11586.917905	11589.460436000001			3.0	2.0	0.0	3.0					
11595.699	12.995999999999185	trials	17.0	11604.035882	11605.457353	11606.86894	11608.771049	11603.29672	11605.854461			3.0	2.0	0.0	3.0					
11611.139	57.04500000000007	trials	17.0	11663.180696	11664.821116000001	11666.504587	11666.678579	11662.432017000001	11665.73897	11667.244	11668.184	2.0	1.0	1.0	1.0					
11670.201	9.213000000001557	trials	17.0	11676.765826	11678.026079	11679.163381	11679.473044	11676.090563	11678.294300000001			2.0	1.0	0.0	3.0					
11682.449	7.225000000000364	trials	17.0	11684.141172	11686.006454	11687.517447	11687.660581	11683.297289	11686.602286000001	11688.099	11689.674	2.0	1.0	1.0	1.0					
11691.695	13.488999999999578	trials	17.0	11697.706239000001	11699.716642	11703.077629	11703.543961	11697.057403	11699.994116	11703.799	11705.184	3.0	2.0	1.0	1.0					
11708.215	11.834000000000742	trials	17.0	11713.112852	11714.592583000001	11717.832604	11718.32364	11712.443174	11714.810557	11718.53	11720.049	3.0	2.0	1.0	1.0					
11722.07	13.199000000000524	trials	17.0	11731.652680000001	11733.682275000001	11735.035523	11735.154295	11730.755101	11734.037866			2.0	1.0	0.0	3.0					
11737.324	8.68499999999949	trials	17.0	11740.362652	11742.427884	11744.289979000001	11744.431886	11739.825796000001	11743.408945000001	11744.879	11746.009	2.0	1.0	1.0	1.0					
11750.056	10.612999999999374	trials	17.0	11756.737742000001	11758.646764000001	11760.332141	11760.499184	11755.801773000001	11759.322152			2.0	1.0	0.0	3.0					
11762.746	6.838999999999942	trials	17.0	11764.941486	11766.614167	11768.476264	11768.541061	11764.075432000001	11767.298770000001			3.0	2.0	0.0	3.0					
11770.724	90.86000000000058	trials	17.0	11858.171855	11860.029848	11861.256341	11861.641489000001	11857.237544	11860.507934000001			2.0	1.0	0.0	3.0					
11864.505	4.775000000001455	trials	17.0	11866.186891000001	11867.354204	11868.717336000002	11868.774314	11865.079093	11867.342164000002			3.0		0.0	2.0					
11872.289	21.68499999999949	trials	17.0	11887.356581	11888.82617	11892.463456000001	11894.055992000001	11886.584951	11889.746561			3.0	2.0	0.0	3.0					
11896.934	7.695000000001528	trials	17.0	11898.887069	11900.396194	11902.567505	11902.854761	11898.218704	11900.766443	11903.274	11904.629	3.0	2.0	1.0	1.0					
11907.649	13.895000000000437	trials	17.0	11916.561783000001	11917.752112	11919.592256	11919.792524	11915.985667	11918.574473	11920.249	11921.544	2.0	1.0	1.0	1.0					
11925.564	11.475000000000364	trials	17.0	11930.993330000001	11932.746551	11935.100657	11935.330124	11930.353981	11934.188681	11935.794	11937.039	2.0	1.0	1.0	1.0					
11940.119	12.870999999999185	trials	17.0	11947.48906	11948.504338	11952.154975000001	11953.068729	11946.648485000002	11948.884204			3.0	2.0	0.0	3.0					
11954.449	10.229999999999563	trials	17.0	11959.952723	11961.532466	11962.919244	11963.037614	11959.124327000001	11961.986436000001	11963.539	11964.679	2.0	1.0	1.0	1.0					
11966.714	13.950000000000728	trials	17.0	11973.614033	11974.881842	11978.455681	11978.96862	11972.904548	11976.070711	11979.115	11980.664	3.0	2.0	1.0	1.0					
11982.78	15.334999999999127	trials	17.0	11991.017733	11992.599134	11994.003755	11994.216737	11990.307875	11993.036931			2.0	1.0	0.0	3.0					
11998.317	5.552000000001499	trials	17.0	12000.16796	12001.43513	12002.958971	12003.952571	11998.194476	12001.806336000001			2.0	2.0	0.0	3.0					
12006.354	13.75	trials	17.0	12016.922992	12018.41021	12019.777449000001	12020.183735	12016.143479	12018.958369			3.0	1.0	0.0	3.0					
12023.044	20.695999999999913	trials	17.0	12036.588235000001	12038.64265	12042.70382	12043.264925	12035.796972	12039.075056000001			3.0	2.0	1.0	1.0					
12048.314	13.255999999999403	trials	17.0	12055.897906	12057.054605000001	12061.108673	12061.649150000001	12054.916894	12057.431324000001			2.0	2.0	0.0	3.0					
12064.56	95.6190000000006	trials	17.0	12158.078878	12158.246002	12159.408499000001	12159.504296000001	12157.510948000001	12158.237293			3.0		0.0	2.0					
12163.184	12.25	trials	17.0	12169.958899000001	12171.975067	12173.711431	12173.901016	12169.122367	12172.888573	12174.342	12175.434	2.0	1.0	1.0	1.0					
12177.514	9.306000000000495	trials	17.0	12183.413833	12184.915601	12186.551192	12186.903885	12182.415468000001	12185.667421			2.0	1.0	0.0	3.0					
12188.839	11.085000000000946	trials	17.0	12192.405056	12193.659958	12199.39303	12200.007818	12191.565352000001	12194.876651			2.0	2.0	0.0	3.0					
12202.684	5.1599999999998545	trials	17.0	12204.615484	12205.940158000001	12207.765315	12207.924347	12203.655458000001	12206.965439			3.0	1.0	0.0	3.0					
12210.099	938.7950000000001	BlockDesign														1.0	655.0	702.0	50.0	10.0
12210.099	8.056000000000495	trials	18.0	12213.905398	12215.347445	12216.639073	12216.73046	12212.935073	12215.919053000001	12217.244	12218.155	1.0	1.0	1.0	1.0					
12220.249	12.829999999999927	trials	18.0	12226.943438	12228.943531	12231.673027	12233.160071	12226.310801	12230.440993			1.0	2.0	0.0	3.0					
12233.99	7.213999999999942	trials	18.0	12236.378914	12237.831328	12239.51101	12239.66069	12235.449563	12238.800073	12240.214	12241.204	1.0	1.0	1.0	1.0					
12243.296	12.268000000000029	trials	18.0	12249.500075000002	12250.916184000002	12253.617448	12253.876411000001	12248.763685000002	12252.69555	12254.204	12255.564	1.0	1.0	1.0	1.0					
12259.618	7.761000000000422	trials	18.0	12263.689339	12264.943649	12267.132451000001	12267.402329	12263.101351000001	12266.156644			1.0	1.0	0.0	3.0					
12270.419	12.043999999999869	trials	18.0	12274.129597000001	12275.570558000001	12278.501896000002	12278.850004000002	12273.207395000001	12277.551533000002			1.0	1.0	0.0	3.0					
12282.794	8.909999999999854	trials	18.0	12284.759600000001	12286.804538	12289.8826	12290.105729	12283.090103	12287.347924000002	12290.445	12291.704	1.0	2.0	1.0	1.0					
12293.794	11.579999999999927	trials	18.0	12300.080080000002	12301.221248000002	12304.268462000002	12305.453618000001	12299.474273000002	12301.670432			1.0	2.0	0.0	3.0					
12306.629	7.319999999999709	trials	18.0	12310.901171000001	12312.262041000002	12313.705516000002	12313.838012	12310.149275000002	12312.820432			1.0	1.0	0.0	3.0					
12315.954	10.550000000001091	trials	18.0	12318.469901	12319.777805000002	12324.388991000002	12324.822608	12317.718583000002	12321.932261000002	12325.054	12326.504	1.0	2.0	1.0	1.0					
12328.524	11.635000000000218	trials	18.0	12336.269567000001	12338.142950000001	12339.923250000002	12340.069648	12335.621959	12339.007762000001			1.0	1.0	0.0	3.0					
12343.17	7.774999999999636	trials	18.0	12344.914976	12346.773968000001	12350.204821000001	12351.022088000002	12343.732904	12347.428673			1.0	2.0	0.0	3.0					
12354.729	4.520000000000437	trials	18.0	12356.689403	12357.942607	12359.000795000002	12359.298217000001	12355.206305000002	12358.207402000002			1.0	1.0	0.0	3.0					
12361.319	56.31500000000051	trials	18.0	12414.425069	12415.627886			12413.824405000001	12415.61873			1.0		0.0	2.0					
12420.644	16.774999999999636	trials	18.0	12432.965335	12434.606660000001	12436.110545000001	12436.1473	12432.398318000001	12435.323457			1.0	2.0	0.0	3.0					
12439.469	12.345000000001164	trials	18.0	12446.585381	12447.837229	12450.172997000001	12450.344857	12445.929272000001	12449.425616	12450.829	12451.814	1.0	1.0	1.0	1.0					
12455.894	25.82499999999891	trials	18.0	12477.355328000001	12479.294129000002	12480.869993	12481.795648000001	12476.585249000002	12479.640409000001			1.0	2.0	0.0	3.0					
12485.165	7.423999999999069	trials	18.0	12487.036087	12488.529095000002	12489.819691	12490.062295000002	12486.331907000002	12488.843618			1.0	1.0	0.0	3.0					
12493.105	35.28399999999965	trials	18.0	12523.265512000002	12524.607935	12527.188803000001	12528.466961	12522.313730000002	12525.444605			1.0	2.0	0.0	3.0					
12531.451	5.378000000000611	trials	18.0	12533.296207000001	12534.594212000002	12535.771984	12535.893154000001	12532.271091	12534.884003000001			1.0	2.0	0.0	3.0					
12538.03	17.929000000000087	trials	18.0	12551.456537000002	12553.333616000002	12555.24271	12556.039045000001	12550.658687000001	12554.427366000002			1.0	1.0	0.0	3.0					
12558.559	37.01500000000124	trials	18.0	12590.251209000002	12592.222913000001	12595.155117	12595.653238	12589.426388000002	12592.615354000001			1.0	2.0	0.0	3.0					
12598.4	18.744000000000597	trials	18.0	12601.136308000001	12603.076248000001	12615.159965	12615.515828000001	12600.575276000001	12603.254878000002	12615.844	12617.144	1.0	1.0	1.0	1.0					
12620.169	22.545000000000073	trials	18.0	12637.686051	12639.522806	12641.023112	12641.208719	12637.036353000001	12640.202134000001	12641.604	12642.714	1.0	1.0	1.0	1.0					
12644.734	17.313000000000102	trials	18.0	12657.431405000001	12659.258869000001	12661.74452	12662.128411000002	12656.761529000001	12660.001936			1.0	2.0	0.0	3.0					
12666.074	11.885000000000218	trials	18.0	12672.756799	12673.954179	12677.444891000001	12678.037583000001	12672.17164	12676.147326			1.0	1.0	0.0	3.0					
12679.754	36.789999999999054	trials	18.0	12711.003049	12712.048549000001	12714.58927	12714.622261	12710.36929	12713.547239000001			1.0	2.0	0.0	3.0					
12718.874	33.615999999999985	trials	18.0	12749.191768	12750.624069000001	12752.010806	12752.570315	12748.611902	12751.317731000001			1.0	1.0	0.0	3.0					
12756.359	25.19000000000051	trials	18.0	12777.293278000001	12778.539368000002	12780.945311000001	12781.631617000001	12776.607079000001	12780.161429000002			1.0	1.0	0.0	3.0					
12784.212	8.721000000001368	trials	18.0	12786.351886	12788.314499	12792.546481000001	12793.009580000002	12784.804705	12788.638630000001			1.0	2.0	0.0	3.0					
12795.87	36.32499999999891	trials	18.0	12826.238993	12828.07437	12829.836053	12830.078279000001	12825.232821000001	12829.146263	12830.384	12832.195	1.0	1.0	1.0	1.0					
12836.28	12.35399999999936	trials	18.0	12843.434617	12844.969814	12846.842761000002	12847.135094000001	12842.893398	12846.054035000001	12847.446	12848.634	1.0	1.0	1.0	1.0					
12850.685	10.418999999999869	trials	18.0	12859.067413	12859.085009			12858.24539	12859.079599			1.0		0.0	2.0					
12864.18	33.5049999999992	trials	18.0	12894.732965000001	12896.437036000001	12897.388144	12897.714065	12894.131952000002	12896.739509			1.0	1.0	0.0	3.0					
12901.76	10.80999999999949	trials	18.0	12905.873408000001	12906.956936	12910.455422	12910.794127000001	12905.312896000001	12909.427687000001	12910.959	12912.57	1.0	1.0	1.0	1.0					
12915.585	10.78900000000067	trials	18.0	12923.083556000001	12924.583877000001	12926.057764000001	12926.408555000002	12922.329365000001	12925.080143000001			1.0	1.0	0.0	3.0					
12928.304	6.7260000000005675	trials	18.0	12930.383024	12932.109787000001	12934.164011	12935.113291000001	12929.631257000001	12932.764068			1.0	2.0	0.0	3.0					
12938.53	6.548999999999069	trials	18.0	12940.543373	12942.412690000001	12943.314154000002	12943.469503	12939.165305	12942.707722000001	12944.059	12945.079	1.0	1.0	1.0	1.0					
12949.16	10.939000000000306	trials	18.0	12954.748716000002	12956.045203000001	12958.549673000001	12958.679276	12953.885683	12957.269488000002	12959.324	12960.099	1.0	1.0	1.0	1.0					
12963.159	19.465000000000146	trials	18.0	12977.173375	12978.576782	12982.068028000002	12982.703879	12976.476007000001	12981.342946			1.0	1.0	0.0	3.0					
12985.375	45.41400000000067	trials	18.0	13027.018526000002	13028.583902	13030.448923000002	13030.872302000002	13026.311037000001	13029.625251000001			1.0	1.0	0.0	3.0					
13033.755	3.6900000000005093	trials	18.0	13035.494050000001	13036.555465000001	13037.198582	13037.344151000001	13033.97104	13036.56926			1.0	1.0	0.0	3.0					
13041.478	20.996000000001004	trials	18.0	13056.983768000002	13058.486315	13060.610363000002	13060.703201	13056.351217000001	13059.453499000001	13061.289	13062.474	1.0	2.0	1.0	1.0					
13066.563	8.618000000000393	trials	18.0	13071.918862	13073.680660000002	13074.9091	13075.241460000001	13071.384670000001	13074.069754			1.0	1.0	0.0	3.0					
13077.155	7.358999999998559	trials	18.0	13079.063530000001	13080.220394000002	13083.221506000002	13084.594217000002	13077.853834000001	13081.562188000002			1.0	2.0	0.0	3.0					
13087.544	21.887000000000626	trials	18.0	13106.504567000002	13108.202264000001	13109.124845	13109.503655	13105.628779	13108.548190000001			1.0	1.0	0.0	3.0					
13111.434	22.596000000001368	trials	18.0	13129.594147000002	13131.491649000001	13132.388436000001	13132.575530000002	13128.939307	13131.730164	13133.03	13134.03	1.0	1.0	1.0	1.0					
13137.165	11.72899999999936	trials	18.0	13143.87455	13145.676140000001	13147.300787	13147.400849000001	13142.989724000001	13146.490220000002	13147.974	13148.894	1.0	1.0	1.0	1.0					
13151.993	384.6710000000003	BlockDesign														1.0	703.0	727.0	90.0	50.0
13151.993	10.246999999999389	trials	19.0	13157.549781000002	13158.661541000001	13160.379946000001	13160.602985000001	13156.820548000002	13159.505008	13161.144	13162.24	1.0	1.0	1.0	1.0					
13165.334	11.149999999999636	trials	19.0	13171.794507	13172.841265000001	13174.666634000001	13174.848413000002	13171.198484	13173.818761	13175.365	13176.484	1.0	1.0	1.0	1.0					
13180.541	9.043000000001484	trials	19.0	13185.450749000001	13187.506696	13189.287092	13189.562252000002	13184.860457	13188.488647			1.0	1.0	0.0	3.0					
13192.662	6.618000000000393	trials	19.0	13194.326114000001	13195.470947000002	13198.799482	13199.363329000002	13192.91603	13195.778698000002			1.0	2.0	0.0	3.0					
13202.036	20.237999999999374	trials	19.0	13216.781486000002	13218.564839	13220.560176	13220.748942	13215.847508	13219.694752000001	13221.24	13222.274	1.0	1.0	1.0	1.0					
13226.31	22.564000000000306	trials	19.0	13243.564628	13245.524794	13246.802483000001	13246.956670000001	13242.644064	13246.126511	13247.365	13248.874	1.0	1.0	1.0	1.0					
13252.915	12.808999999999287	trials	19.0	13260.044995	13261.778894000001	13263.726659000002	13263.866035000001	13259.315294	13262.968654	13264.352	13265.724	1.0	1.0	1.0	1.0					
13267.794	15.27599999999984	trials	19.0	13277.675032000001	13279.078538000002	13281.084173000001	13281.258494000002	13277.038051000001	13280.26907	13281.804	13283.07	1.0	1.0	1.0	1.0					
13285.085	13.739000000001397	trials	19.0	13294.055384000001	13295.706965000001	13296.970636000002	13297.167005000001	13293.078524	13296.178834	13297.584	13298.824	1.0	1.0	1.0	1.0					
13301.859	10.889999999999418	trials	19.0	13308.341455000002	13309.402571	13312.495165	13312.832629	13307.344271000002	13310.635806			1.0	2.0	0.0	3.0					
13316.764	10.130000000001019	trials	19.0	13321.385134	13322.923414	13324.928380000001	13325.381738	13320.546376	13323.260326000001	13325.464	13326.894	1.0	2.0	1.0	1.0					
13328.914	11.389999999999418	trials	19.0	13336.899884	13338.653503000001	13339.889462000001	13340.387215	13335.954625	13339.033424000001			1.0	1.0	0.0	3.0					
13344.124	5.445999999999913	trials	19.0	13345.790464000002	13347.649132			13344.467259000001	13347.64069			1.0		0.0	2.0					
13351.58	14.509000000000015	trials	19.0	13359.121244000002	13360.297153000001	13365.052463	13365.47551	13358.167798	13361.983473			1.0	2.0	1.0	1.0					
13369.621	21.637000000000626	trials	19.0	13386.367066	13388.347474	13389.479104000002	13389.633282	13385.783384	13388.673107	13390.094	13391.258	1.0	1.0	1.0	1.0					
13393.269	11.395000000000437	trials	19.0	13399.952212	13401.379583000002	13404.326483	13404.746791000001	13398.971911	13401.841064			1.0	2.0	0.0	3.0					
13406.646	13.07799999999952	trials	19.0	13415.350757	13417.073572000001	13418.677249	13418.931205	13414.409326	13417.875488000001			1.0	1.0	1.0	1.0					
13422.272	12.777000000000044	trials	19.0	13430.255899000002	13431.722368	13433.161882	13433.310749	13429.302635	13432.277290000002	13433.774	13435.049	1.0	1.0	1.0	1.0					
13439.134	7.915000000000873	trials	19.0	13442.802661000002	13444.10827	13445.316344	13445.472292	13441.98307	13444.497634000001	13446.155	13447.049	1.0	1.0	1.0	1.0					
13449.064	12.084999999999127	trials	19.0	13456.662415	13458.056959000001	13459.111252	13459.258148	13455.687748	13458.298703	13459.674	13461.149	1.0	1.0	1.0	1.0					
13465.169	10.510000000000218	trials	19.0	13470.686192000001	13472.585585	13473.797413	13473.940253	13469.976548	13472.975594000001	13474.439	13475.679	1.0	1.0	1.0	1.0					
13478.704	12.8700000000008	trials	19.0	13486.775959	13488.404177	13489.703972000001	13489.901398000002	13485.914735	13488.841954000001	13490.334	13491.574	1.0	1.0	1.0	1.0					
13495.589	11.090000000000146	trials	19.0	13501.666547	13503.104839000001	13504.682081	13504.861238000001	13501.013806	13503.734482000002	13505.299	13506.679	1.0	1.0	1.0	1.0					
13509.791	9.358000000000175	trials	19.0	13514.617756000001	13516.286035000001	13517.359594000001	13517.535091000002	13513.752154000002	13516.441978	13518.024	13519.149	1.0	1.0	1.0	1.0					
13522.246	14.418000000001484	trials	19.0	13532.096393000002	13533.596305000001	13534.841735000002	13535.012272	13531.130594	13533.944903000001	13535.365	13536.664	1.0	1.0	1.0	1.0					
13540.764	153.28000000000065	BlockDesign														1.0	728.0	732.0	0.0	0.0
13540.764	8.470000000001164	trials	20.0	13546.136152000001	13547.768329	13548.988223	13549.255415000001	13545.129871000001	13548.165521			1.0	1.0	0.0	3.0					
13553.29	62.253999999998996	trials	20.0	13610.425819	13611.808418	13615.197167	13615.625225000002	13609.73033	13614.359066			1.0	1.0	0.0	3.0					
13619.589	38.05999999999949	trials	20.0	13654.181576	13655.818366000001	13657.324202000002	13657.723348000001	13653.430564	13656.614879			1.0	1.0	0.0	3.0					
13661.681	23.172999999998865	trials	20.0	13679.921996000001	13681.774663	13684.595296000001	13684.853699000001	13679.041229	13682.731522000002			1.0	2.0	0.0	3.0					
13687.934	6.110000000000582	trials	20.0	13690.872580000001	13692.253198	13693.975156	13694.12866	13690.298663000001	13693.297532			1.0	1.0	0.0	3.0					
13698.285	2148.294	BlockDesign														1.0	733.0	816.0	10.0	50.0
13698.285	9.69000000000051	trials	21.0	13704.231668	13705.655986000002	13707.638212000002	13707.747671000001	13703.49659	13706.949914			1.0	1.0	0.0	3.0					
13709.919	5.262000000000626	trials	21.0	13711.687283000001	13712.999153	13714.872554000001	13715.196566	13710.334231	13714.148485000002			1.0	1.0	0.0	3.0					
13717.119	6.536000000000058	trials	21.0	13718.957342000002	13720.344007000002	13721.751374000001	13722.128960000002	13718.421282000001	13720.905925000001	13722.494	13723.655	1.0	2.0	1.0	1.0					
13725.675	27.66400000000067	trials	21.0	13747.205588	13748.541977	13750.451011000001	13750.695223	13746.577783	13749.641392000001			1.0	1.0	0.0	3.0					
13753.744	5.420000000000073	trials	21.0	13755.487181	13756.846761	13757.867815000001	13757.928223	13753.426076000002	13757.134664000001			1.0	2.0	0.0	3.0					
13760.169	25.15099999999984	trials	21.0	13777.583717000001	13779.467827	13781.128333	13781.552374	13777.060493	13780.386482000002			1.0	1.0	0.0	3.0					
13785.446	9.378000000000611	trials	21.0	13787.347334000002	13789.059712	13792.154359	13792.555895000001	13785.622496	13790.297776000001	13792.854	13794.824	1.0	2.0	1.0	1.0					
13798.914	26.49499999999898	trials	21.0	13819.708084000002	13821.411055	13824.486302000001	13825.494914	13818.764422	13822.643837000001			1.0	2.0	0.0	3.0					
13828.799	6.3399999999983265	trials	21.0	13832.793209000001	13834.018391000001	13834.902557000001	13835.140232000002	13831.966288000001	13834.267162			1.0	1.0	0.0	3.0					
13839.149	13.575000000000728	trials	21.0	13845.102524000002	13846.3148	13850.344763000001	13850.81413	13844.504377000001	13847.315774	13851.03	13852.724	1.0	2.0	1.0	1.0					
13855.79	13.088999999999942	trials	21.0	13862.572519000001	13864.580981000001	13866.764021	13867.241746000002	13861.872850000002	13864.925018000002	13867.449	13868.879	1.0	2.0	1.0	1.0					
13872.943	9.281000000000859	trials	21.0	13876.579471000001	13878.328526000001	13879.973978000002	13880.303302	13875.777037000002	13878.780314000001	13880.599	13882.224	1.0	2.0	1.0	1.0					
13885.314	10.40099999999984	trials	21.0	13890.288534000001	13891.393031000001	13894.915546	13895.798857000002	13889.557376	13891.997857			1.0	2.0	0.0	3.0					
13899.288	5.175999999999476	trials	21.0	13901.266870000001	13902.397336000002	13904.161514000001	13904.332261000001	13899.861026	13903.236659			1.0	1.0	0.0	3.0					
13908.53	136.4489999999987	trials	21.0	14040.160255	14041.511921000001	14043.671719000002	14045.067832	14039.441543	14042.676157000002			1.0	2.0	0.0	3.0					
14046.995	7.7849999999998545	trials	21.0	14051.084219	14053.112022000001	14054.376638000002	14054.646241	14050.219196000002	14053.689197000002			1.0	1.0	0.0	3.0					
14057.75	5.744000000000597	trials	21.0	14059.568921000002	14061.096596000001	14062.589508000001	14063.580094	14058.06902	14061.510598			1.0	2.0	0.0	3.0					
14064.949	699.3050000000003	trials	21.0	14761.147338	14762.839021000002	14763.983918000002	14764.303165000001	14760.623443	14763.168451000001			1.0	1.0	0.0	3.0					
14767.26	5.270000000000437	trials	21.0	14768.873672000002	14770.898248000001	14772.12284	14772.620336	14767.595026	14770.844187			1.0	2.0	0.0	3.0					
14776.43	20.509000000000015	trials	21.0	14791.623789000001	14793.608249	14795.115587	14795.19095	14791.087941000002	14794.44928	14795.629	14796.939	1.0	1.0	1.0	1.0					
14799.985	17.519000000000233	trials	21.0	14812.942270000001	14814.887598000001	14816.891793	14817.592405000001	14812.205545	14816.086708			1.0	1.0	0.0	3.0					
14820.195	8.119000000000597	trials	21.0	14822.197562000001	14824.034060000002	14826.097961000001	14826.596448	14820.438003000001	14824.390151000001	14826.744	14828.314	1.0	2.0	1.0	1.0					
14830.355	22.322000000000116	trials	21.0	14847.602784	14849.451536	14852.431154000002	14852.769065	14846.911169	14851.494962			1.0	1.0	0.0	3.0					
14855.61	6.429000000000087	trials	21.0	14857.317781000002	14858.671662	14861.413425	14862.128632	14855.827798	14859.083330000001			1.0	2.0	0.0	3.0					
14863.664	12.394999999998618	trials	21.0	14868.423615000002	14869.706575	14872.085381	14872.856785	14867.49473	14870.433286000001			1.0	2.0	0.0	3.0					
14876.389	23.00500000000102	trials	21.0	14893.572641	14895.284228	14899.168653	14899.387645	14892.863893000002	14898.270096			1.0	1.0	0.0	3.0					
14901.449	12.813000000000102	trials	21.0	14908.499549	14910.134973	14913.951002000002	14914.332647000001	14907.880538000001	14912.452793			1.0	1.0	0.0	3.0					
14916.204	11.095000000001164	trials	21.0	14921.209589000002	14922.383693000002	14926.417596000001	14927.390777	14920.368035000001	14923.999693000002			1.0	2.0	0.0	3.0					
14928.664	16.170000000000073	trials	21.0	14937.727969000001	14939.199691000002	14943.968296000001	14944.923488	14936.952834000002	14941.446476000001			1.0	2.0	0.0	3.0					
14946.339	7.507999999999811	trials	21.0	14950.278202000001	14952.095225000001	14953.469906	14953.939747	14949.728883000002	14952.743330000001			1.0	1.0	0.0	3.0					
14956.809	15.875	trials	21.0	14965.353248000001	14967.265082000002	14970.658601000001	14970.839222	14964.784357	14968.05621	14971.229	14972.684	1.0	2.0	1.0	1.0					
14976.759	15.5	trials	21.0	14985.283063	14986.569982	14990.193348	14990.627777000002	14984.713946	14987.154636000001	14990.854	14992.259	1.0	2.0	1.0	1.0					
14994.344	17.27100000000064	trials	21.0	15004.233180000001	15005.416739	15009.478433	15009.658987	15003.299239	15006.047606	15010.034	15011.615	1.0	2.0	1.0	1.0					
15014.684	13.431000000000495	trials	21.0	15022.578022000002	15024.510806000002	15027.59849	15028.206730000002	15021.974069	15025.00063			1.0	2.0	0.0	3.0					
15031.155	26.84900000000016	trials	21.0	15054.929727	15056.235132000002	15057.507883000002	15058.09473	15053.974354000002	15056.737094			1.0	1.0	0.0	3.0					
15061.855	29.78399999999965	trials	21.0	15083.000597000002	15084.926881000001	15089.520904	15089.989688000001	15082.210058	15085.81394	15090.155	15091.639	1.0	2.0	1.0	1.0					
15093.706	12.738999999999578	trials	21.0	15099.794405	15101.54101	15104.33755	15104.744005	15098.906404000001	15101.867681000002	15105.039	15106.445	1.0	2.0	1.0	1.0					
15109.534	11.479999999999563	trials	21.0	15115.368753	15116.911424000002	15120.184115	15121.107213000001	15114.658749000002	15117.205964			1.0	2.0	0.0	3.0					
15124.434	5.430000000000291	trials	21.0	15126.21067	15127.381346000002	15129.631574000001	15129.931340000001	15125.570206	15128.665858			1.0	1.0	0.0	3.0					
15131.874	7.649999999999636	trials	21.0	15133.614045	15134.682493	15137.519869000002	15137.865043000002	15132.582439000002	15135.126238	15138.155	15139.524	1.0	2.0	1.0	1.0					
15142.54	13.438999999998487	trials	21.0	15150.454046	15151.555940000002	15155.578901	15155.896190000001	15149.634704	15152.085833000001			1.0	2.0	0.0	3.0					
15157.99	7.429000000000087	trials	21.0	15160.864289000001	15162.203072	15165.181397	15165.308131000002	15160.325901	15164.046121000001			1.0	1.0	0.0	3.0					
15167.48	8.965000000000146	trials	21.0	15169.265485	15170.997284000001	15174.018092000002	15174.466582000001	15168.352784	15171.777703000002	15174.644	15176.445	1.0	2.0	1.0	1.0					
15178.48	24.21900000000096	trials	21.0	15193.750666	15194.945435000001	15200.23465	15200.692135000001	15193.118767	15197.434667000001	15200.899	15202.699	1.0	2.0	1.0	1.0					
15206.53	15.518000000000029	trials	21.0	15216.184352	15218.176372000002	15221.261263	15222.081183000002	15215.56319	15218.701963000001			1.0	2.0	0.0	3.0					
15224.993	5.216000000000349	trials	21.0	15226.850426	15228.615319	15229.864717	15230.300082000002	15225.443996000002	15229.100035000001			1.0	1.0	0.0	3.0					
15233.109	7.039999999999054	trials	21.0	15235.074359000002	15236.743322	15239.769629	15240.242338	15233.426203	15237.055489			1.0	2.0	0.0	3.0					
15243.129	13.594999999999345	trials	21.0	15251.339792	15253.005074	15255.102671	15255.258919	15250.388030000002	15254.257089	15255.729	15256.724	1.0	1.0	1.0	1.0					
15258.814	23.18000000000029	trials	21.0	15274.340345	15275.551954	15280.745232000001	15282.086407	15273.695734	15276.986636000001			1.0	2.0	0.0	3.0					
15282.999	4.940000000000509	trials	21.0	15285.28442	15286.35886	15287.677142	15288.033332	15284.330497	15286.783208			1.0	1.0	0.0	3.0					
15289.914	5.5679999999993015	trials	21.0	15291.876362	15293.361308000001	15295.129295	15295.513968000001	15291.191123	15294.281522000001			1.0	1.0	0.0	3.0					
15297.414	26.90599999999904	trials	21.0	15317.169586	15318.961798	15322.147356	15322.676956	15316.295041	15319.504961999999	15322.799	15324.32	1.0	2.0	1.0	1.0					
15328.4	10.09400000000096	trials	21.0	15333.982923	15335.592019	15337.92101	15338.545554	15333.289569999999	15336.003032999999			1.0	2.0	0.0	3.0					
15342.197	11.05199999999968	trials	21.0	15350.11301	15351.961502	15352.985615	15353.150427999999	15349.426475	15352.301329			1.0	1.0	0.0	3.0					
15355.259	74.40500000000065	trials	21.0	15423.433398	15425.280891	15427.761337	15428.030764	15422.731506	15425.930029	15428.459	15429.664	1.0	2.0	1.0	1.0					
15432.789	10.365999999999985	trials	21.0	15436.818541	15438.178444	15440.377172	15440.623615	15435.835504	15438.539823	15441.089	15443.155	1.0	2.0	1.0	1.0					
15446.176	12.38299999999981	trials	21.0	15454.923874	15456.269814	15457.636355999999	15458.611194	15453.939013	15456.604957			1.0	2.0	0.0	3.0					
15460.974	6.825000000000728	trials	21.0	15463.545367	15464.747685	15465.961408	15466.193761	15462.931722	15465.126907	15466.634	15467.799	1.0	1.0	1.0	1.0					
15471.82	9.03900000000067	trials	21.0	15478.13895	15479.354939	15480.575096	15480.873042	15477.261114	15479.818876			1.0	1.0	0.0	3.0					
15483.939	19.534999999999854	trials	21.0	15496.448629	15498.45351	15501.514254	15501.738699	15495.456318	15499.940502	15502.199	15503.474	1.0	2.0	1.0	1.0					
15506.499	10.844999999999345	trials	21.0	15511.148677	15512.665057	15515.225604	15515.440641	15510.584485	15513.068412999999	15515.804	15517.344	1.0	2.0	1.0	1.0					
15520.419	11.075000000000728	trials	21.0	15526.379053	15527.495425	15529.206232	15529.558692	15525.567328	15527.973379	15529.914	15531.494	1.0	2.0	1.0	1.0					
15535.584	9.164999999999054	trials	21.0	15540.648924	15541.747515	15544.310101	15544.801066	15539.652038	15542.30335			1.0	2.0	0.0	3.0					
15546.655	7.760000000000218	trials	21.0	15550.295265	15552.337508999999	15554.048352	15554.46625	15549.624301	15553.198219			1.0	1.0	0.0	3.0					
15557.375	7.574000000000524	trials	21.0	15559.108819	15560.970967	15563.016519	15563.282104	15558.510073	15561.413766	15563.655	15564.949	1.0	2.0	1.0	1.0					
15569.03	7.568999999999505	trials	21.0	15572.06392	15573.692207	15576.134299	15576.649618	15571.193107	15574.121754			1.0	2.0	0.0	3.0					
15580.549	14.139999999999418	trials	21.0	15585.904022	15588.167372	15592.756373	15593.083335	15585.29007	15590.573242	15593.399	15594.689	1.0	2.0	1.0	1.0					
15596.764	11.885000000000218	trials	21.0	15602.019060999999	15603.931854	15606.639921	15606.888198999999	15601.442335	15604.33015	15607.274	15608.649	1.0	2.0	1.0	1.0					
15612.691	12.292999999999665	trials	21.0	15616.899359	15618.731176	15621.170773	15622.544754	15616.152673	15619.042984			1.0	2.0	0.0	3.0					
15625.464	5.045000000000073	trials	21.0	15627.524031	15629.339931	15630.187338	15630.521051	15625.033899	15629.535649			1.0	1.0	0.0	3.0					
15632.579	11.805000000000291	trials	21.0	15638.001229	15639.92391	15642.173091999999	15642.651849	15637.082772	15640.706601	15642.849	15644.384	1.0	2.0	1.0	1.0					
15647.462	8.631999999999607	trials	21.0	15652.425168	15653.660797	15655.009834	15656.145991	15651.653631	15653.947234			1.0	2.0	0.0	3.0					
15657.289	9.924999999999272	trials	21.0	15664.046257	15665.966622	15666.943089	15667.266781	15663.389659	15666.253161999999			1.0	1.0	0.0	3.0					
15669.214	11.215000000000146	trials	21.0	15677.454303	15678.830944	15680.16251	15680.42641	15676.80176	15679.167097			1.0	1.0	0.0	3.0					
15683.439	34.44499999999971	trials	21.0	15713.509928	15714.870826	15715.823779	15716.238034	15712.525468	15715.153687	15716.484	15717.884	1.0	2.0	1.0	1.0					
15720.014	9.976000000000568	trials	21.0	15725.605	15727.619926	15728.852041	15730.040941	15725.024559	15727.950744			1.0	2.0	0.0	3.0					
15733.129	8.667999999999665	trials	21.0	15736.819696	15738.108338	15739.837969	15740.100253	15735.880078	15738.387394	15740.484	15741.797	1.0	2.0	1.0	1.0					
15745.859	8.454999999999927	trials	21.0	15749.800779	15751.219358	15753.303631	15754.368468	15748.971856	15751.51656			1.0	2.0	0.0	3.0					
15757.634	4.975000000000364	trials	21.0	15759.755139	15761.185578	15762.34224	15762.589819	15758.223033	15761.500675			1.0	1.0	0.0	3.0					
15766.619	10.786000000000058	trials	21.0	15772.40476	15774.136912	15776.977868	15777.456268	15771.854489	15774.535753			1.0	2.0	0.0	3.0					
15779.26	27.91899999999987	trials	21.0	15800.239876	15801.488836	15805.238976999999	15805.610157	15799.500039999999	15802.594884	15806.024	15807.179	1.0	2.0	1.0	1.0					
15810.199	8.956000000000131	trials	21.0	15813.725895	15815.274137	15816.854543	15817.205691	15812.903556	15815.679954	15817.624	15819.155	1.0	2.0	1.0	1.0					
15822.244	10.995999999999185	trials	21.0	15827.087134	15828.121825	15831.071794	15831.495704	15826.451144999999	15828.440430999999	15831.644	15833.24	1.0	2.0	1.0	1.0					
15837.259	9.319999999999709	trials	21.0	15840.976099	15842.677239999999	15844.152796	15844.19923	15840.263264	15842.991397	15844.99	15846.579	1.0	2.0	1.0	1.0					
15849.73	282.41899999999987	BlockDesign														1.0	817.0	837.0	50.0	90.0
15849.73	12.484000000000378	trials	22.0	15855.850834	15857.590785	15859.65174	15860.128591	15855.220154999999	15857.896032	15860.384	15862.214	1.0	2.0	1.0	1.0					
15865.234	12.234999999998763	trials	22.0	15871.570321	15873.417009	15875.33235	15875.378551	15870.691064999999	15873.894417	15876.099	15877.469	1.0	2.0	1.0	1.0					
15879.559	11.145000000000437	trials	22.0	15885.510841	15887.496795	15888.563755	15888.770566	15884.628983	15887.804159	15889.169	15890.704	1.0	1.0	1.0	1.0					
15892.728	9.191000000000713	trials	22.0	15897.926748	15899.472631	15900.998923	15901.570236	15897.267198	15899.794534			1.0	2.0	0.0	3.0					
15904.28	9.168999999999869	trials	22.0	15907.285269	15908.76745	15911.301076	15911.69989	15906.514433	15909.751945	15911.949	15913.449	1.0	2.0	1.0	1.0					
15917.534	8.210000000000946	trials	22.0	15920.480668	15921.567418	15923.603649	15923.841346	15919.896865	15921.890297	15924.249	15925.744	1.0	2.0	1.0	1.0					
15927.824	11.415999999999258	trials	22.0	15933.475892	15935.374625	15936.97477	15937.067374	15932.701844	15935.672264	15937.679	15939.24	1.0	2.0	1.0	1.0					
15942.324	9.399999999999636	trials	22.0	15946.672317	15947.864315	15949.126787	15949.262861	15945.896608	15948.188625			1.0	1.0	0.0	3.0					
15952.434	7.885000000000218	trials	22.0	15954.440947	15956.247106	15958.22451	15958.506003	15951.775731	15956.516769	15958.924	15960.319	1.0	2.0	1.0	1.0					
15964.409	9.505000000001019	trials	22.0	15968.341053	15970.253598	15971.855936	15972.078639	15967.579408	15970.401892	15972.479	15973.914	1.0	2.0	1.0	1.0					
15977.993	8.100999999998749	trials	22.0	15981.096468	15982.917114	15983.998853	15984.268864	15980.507821	15983.195734	15984.664	15986.094	1.0	2.0	1.0	1.0					
15990.15	8.283000000001266	trials	22.0	15994.405874	15996.259489	15997.418733999999	15997.87884	15993.871128	15996.546907			1.0	2.0	1.0	1.0					
16001.035	29.409999999999854	trials	22.0	16025.221179	16026.700077	16027.900067	16028.39598	16024.541554	16026.950373	16028.534	16030.445	1.0	2.0	1.0	1.0					
16033.54	12.239999999999782	trials	22.0	16039.896024	16041.240217	16043.209472999999	16043.596162	16039.116202	16041.523464	16043.829	16045.78	1.0	2.0	1.0	1.0					
16047.82	8.5	trials	22.0	16052.995947	16054.363318			16052.277646	16054.359204			1.0		0.0	2.0					
16060.389	6.710000000000946	trials	22.0	16062.236211	16063.526857	16064.885968999999	16065.316839	16060.628986	16064.021445	16065.584	16067.099	1.0	2.0	1.0	1.0					
16069.187	9.461999999999534	trials	22.0	16075.396504	16076.581747	16078.141623	16078.702555	16074.487699	16076.902171			1.0	2.0	0.0	3.0					
16081.419	6.25	trials	22.0	16083.180994	16084.788043	16085.836275	16086.061599	16081.796022	16085.049867	16086.549	16087.669	1.0	1.0	1.0	1.0					
16089.684	12.405000000000655	trials	22.0	16095.540886	16096.790859	16099.751359	16100.18029	16094.905138	16097.31382	16100.589	16102.089	1.0	2.0	1.0	1.0					
16104.105	12.564000000000306	trials	22.0	16109.996178	16111.313499	16114.252269	16114.657924	16109.399328	16111.654845	16114.924	16116.669	1.0	2.0	1.0	1.0					
16120.689	11.459999999999127	trials	22.0	16126.632019	16127.783046	16129.955233	16130.375412	16126.014493	16128.150861	16130.655	16132.149	1.0	2.0	1.0	1.0					
16136.228	537.6059999999998	BlockDesign														1.0	838.0	864.0	50.0	0.0
16136.228	7.177000000001499	trials	23.0	16140.128383	16141.746496	16143.053632	16143.194793	16139.494288	16142.255773			2.0	1.0	0.0	3.0					
16145.414	11.490999999999985	trials	23.0	16152.081457	16153.643123	16154.817212	16154.970397	16151.185483	16153.967105	16155.53	16156.905	2.0	1.0	1.0	1.0					
16158.924	8.287999999998647	trials	23.0	16163.798124	16165.175071			16162.992291	16165.171621			2.0		0.0	2.0					
16170.299	5.554999999998472	trials	23.0	16173.036297999999	16173.809157			16172.03061	16173.799392			2.0		0.0	2.0					
16177.937	23.31999999999971	trials	23.0	16197.761983	16199.384133	16200.594412	16201.307707	16196.823296999999	16199.679547			2.0	2.0	0.0	3.0					
16204.079	5.385000000000218	trials	23.0	16207.111873	16207.509772			16206.236007	16207.506549			2.0		0.0	2.0					
16211.549	6.639999999999418	trials	23.0	16215.181991	16216.629943	16217.715325	16218.244355	16214.650803	16217.002314			2.0	2.0	0.0	3.0					
16222.025	78.98400000000038	trials	23.0	16295.46751	16297.304895	16298.948274	16299.196615	16294.93028	16298.212689	16299.744	16301.009	2.0	1.0	1.0	1.0					
16303.104	22.761000000000422	trials	23.0	16320.978588	16322.167116999999	16323.845664	16324.043833	16320.237879	16323.098286	16324.49	16325.865	2.0	1.0	1.0	1.0					
16329.953	6.90099999999984	trials	23.0	16333.732486	16334.779237	16336.509295	16336.671459	16333.212564	16335.6865			2.0	1.0	0.0	3.0					
16339.865	6.7739999999994325	trials	23.0	16341.477648	16343.542621	16344.640023	16344.79207	16340.021605	16344.029503	16345.219	16346.639	2.0	1.0	1.0	1.0					
16348.684	19.1150000000016	trials	23.0	16365.162442	16366.23894	16367.475789	16367.62021	16364.656987	16366.70856			2.0	1.0	0.0	3.0					
16369.874	8.094999999999345	trials	23.0	16374.187915	16375.639843	16377.22525	16378.022326	16373.32671	16375.999639			2.0	2.0	0.0	3.0					
16381.59	6.984000000000378	trials	23.0	16383.397611	16384.914094	16386.740998	16386.984448	16382.047185	16386.135868	16387.474	16388.574	2.0	1.0	1.0	1.0					
16391.73	7.639999999999418	trials	23.0	16396.229081999998	16397.952547	16398.972943	16399.386204	16395.660139	16398.213566			2.0	1.0	0.0	3.0					
16401.39	6.7740000000012515	trials	23.0	16403.318086	16404.607452	16407.233802	16408.219648	16402.504006	16405.756431			2.0	2.0	0.0	3.0					
16409.525	15.881999999997788	trials	23.0	16422.053084	16423.874536	16425.054652	16425.458314	16421.057467	16424.22711			2.0	1.0	0.0	3.0					
16427.4	7.688999999998487	trials	23.0	16430.178073	16431.534472	16433.269091	16433.408746	16429.649587	16432.621262	16433.929	16435.089	2.0	1.0	1.0	1.0					
16439.181	8.413000000000466	trials	23.0	16442.572654	16443.677839	16445.693396	16445.882193999998	16441.800787	16444.821453	16446.344	16447.594	2.0	1.0	1.0	1.0					
16450.698	9.21600000000035	trials	23.0	16455.818277	16458.358251	16459.642513	16459.815894	16455.238288	16458.717145			2.0	1.0	0.0	3.0					
16461.995	7.263999999999214	trials	23.0	16465.278088	16466.694738	16468.8294	16468.896486	16464.293695	16467.582924			2.0	2.0	0.0	3.0					
16473.199	12.549999999999272	trials	23.0	16478.964664	16480.401261	16482.587745	16482.874896	16478.202042	16481.568246			2.0	1.0	0.0	3.0					
16485.868	56.452000000001135	trials	23.0	16538.188310999998	16539.81405	16541.410125	16542.376611	16537.27272	16540.342268			2.0	2.0	0.0	3.0					
16543.774	64.6349999999984	trials	23.0	16603.693593	16604.825167	16606.572124	16606.773048	16602.960015	16605.841323	16607.274	16608.409	2.0	1.0	1.0	1.0					
16610.424	23.68000000000029	trials	23.0	16629.840295	16631.335587	16632.384903	16632.533448	16629.12006	16631.583807	16632.919	16634.104	2.0	1.0	1.0	1.0					
16636.129	22.36999999999898	trials	23.0	16655.274322	16657.071585	16658.167188	16658.319597	16654.3051	16657.401787			2.0	1.0	0.0	3.0					
16662.579	11.25499999999738	trials	23.0	16668.71565	16670.080929	16671.993042	16672.174852	16667.742324	16670.861653	16672.649	16673.834	2.0	1.0	1.0	1.0					
16677.889	450.28099999999904	BlockDesign														1.0	865.0	884.0	0.0	50.0
16677.889	21.49499999999898	trials	24.0	16694.48008	16696.126167	16697.479783	16697.778172	16693.824633	16696.392078	16698.254	16699.384	3.0	2.0	1.0	1.0					
16702.405	26.504000000000815	trials	24.0	16723.703922	16725.090214	16726.446858	16726.892323	16723.132967999998	16725.554947	16727.089	16728.909	3.0	2.0	1.0	1.0					
16730.712	12.092000000000553	trials	24.0	16738.62426	16740.665319	16741.698492	16741.813704	16738.112698	16740.840442			3.0	2.0	0.0	3.0					
16743.974	5.105000000003201	trials	24.0	16745.739289	16747.589665	16748.52979	16748.927641	16745.044383	16747.746741			3.0	1.0	0.0	3.0					
16752.885	57.16400000000067	trials	24.0	16804.774458	16806.387078	16807.761928	16808.301785	16803.907444	16806.734632	16808.469	16810.049	3.0	2.0	1.0	1.0					
16812.074	8.200000000000728	trials	24.0	16817.024965	16818.262836	16819.310429	16820.330166	16816.480539	16818.536773			3.0	2.0	0.0	3.0					
16821.618	11.015999999999622	trials	24.0	16827.13533	16828.413579	16830.260992	16830.73882	16826.524867	16828.798138	16830.834	16832.634	3.0	2.0	1.0	1.0					
16835.655	12.338999999999942	trials	24.0	16843.489696	16845.211006999998	16846.398901	16848.051222	16842.801147	16845.544221			3.0	2.0	0.0	3.0					
16848.762	27.833000000002357	trials	24.0	16872.225426	16873.536346	16874.585054	16876.390084	16871.277615	16873.792549			3.0	2.0	0.0	3.0					
16876.859	66.54999999999927	trials	24.0	16939.935435	16941.082202999998	16942.622977	16943.468332	16939.195465	16941.442143			3.0	2.0	0.0	3.0					
16945.974	11.295000000001892	trials	24.0	16951.716838	16952.826573	16955.275621	16955.696923	16950.921787	16953.476203	16955.884	16957.269	3.0	2.0	1.0	1.0					
16961.364	8.234999999996944	trials	24.0	16963.789995	16965.505479	16967.320351	16967.699413	16963.090815	16965.896446	16968.03	16969.599	3.0	2.0	1.0	1.0					
16972.684	11.22099999999773	trials	24.0	16979.112336	16980.421503	16981.778755	16982.113968	16978.183156	16980.600586	16982.559	16983.905	3.0	2.0	1.0	1.0					
16985.993	12.851000000002387	trials	24.0	16993.540342	16994.746947	16996.550433	16996.966692	16992.987258	16994.991162	16997.179	16998.844	3.0	2.0	1.0	1.0					
17000.934	11.869999999998981	trials	24.0	17008.995142	17010.42025	17011.466304	17012.860284	17008.093515	17010.648913			3.0	2.0	0.0	3.0					
17015.749	18.889999999999418	trials	24.0	17030.516059	17032.307676	17033.33296	17034.698887	17029.600843	17032.5888			3.0	2.0	0.0	3.0					
17036.743	23.506000000001222	trials	24.0	17055.136065	17056.517673	17057.734117	17057.762889	17054.483382	17056.800937	17058.449	17060.249	3.0	2.0	1.0	1.0					
17064.294	8.034999999999854	trials	24.0	17068.165776	17069.957079	17071.55622	17071.974624	17067.395514	17070.145524			3.0	2.0	0.0	3.0					
17073.895	15.713999999999942	trials	24.0	17084.601165	17086.066770999998	17088.591996	17089.053789	17083.908315	17086.361226			3.0	2.0	1.0	1.0					
17092.139	36.03099999999904	trials	24.0	17124.71758	17126.149515	17128.094226	17128.857232	17124.175396	17126.437896			3.0	2.0	0.0	3.0					
17131.37	1122.4500000000007	BlockDesign														1.0	885.0	931.0	50.0	50.0
17131.37	6.60399999999936	trials	25.0	17134.170382	17135.931367	17137.312861	17138.034801	17133.63997	17136.163629			3.0	2.0	0.0	3.0					
17141.579	12.990999999998166	trials	25.0	17149.820836	17151.620035	17152.684993	17152.850773	17148.942745	17151.956463	17153.234	17154.57	2.0	1.0	1.0	1.0					
17156.664	14.125	trials	25.0	17164.976724	17166.355213	17168.509287	17169.0012	17164.27123	17166.76849	17169.169	17170.789	3.0	2.0	1.0	1.0					
17174.885	8.52900000000227	trials	25.0	17180.141877	17181.848731	17183.158408	17183.47446	17179.145434	17182.262628			2.0	1.0	0.0	3.0					
17185.464	48.0	trials	25.0	17229.636778	17231.264932	17232.88179	17233.521993	17229.050269	17231.552976			3.0	2.0	0.0	3.0					
17236.235	20.35900000000038	trials	25.0	17251.826203	17253.387936	17254.650417	17255.052619	17251.238506	17253.654606	17255.324	17256.594	3.0	2.0	1.0	1.0					
17258.683	31.64600000000064	trials	25.0	17285.871492	17287.691646	17288.63577	17288.776132	17285.238669	17287.867514999998	17289.304	17290.329	2.0	1.0	1.0	1.0					
17293.419	24.844999999997526	trials	25.0	17315.312073	17316.963673	17317.941547	17318.221596	17314.418601	17317.196887			2.0	1.0	0.0	3.0					
17321.271	10.837999999999738	trials	25.0	17326.102605	17327.621694	17329.965343	17330.481498	17325.558234	17328.300934			3.0	2.0	0.0	3.0					
17333.294	8.229999999999563	trials	25.0	17336.741697	17337.853878	17340.226504	17341.581213	17336.178456	17338.863714			2.0	2.0	0.0	3.0					
17343.525	16.144000000000233	trials	25.0	17355.211858	17356.912182	17357.851959	17358.14274	17354.283398	17357.085213	17345.224	17359.669	3.0	2.0	1.0	1.0					
17361.715	35.684000000001106	trials	25.0	17394.178617999998	17396.112012999998	17397.135177	17397.336178	17393.51266	17396.177434			3.0	1.0	0.0	3.0					
17399.47	12.273999999997613	trials	25.0	17407.09371	17408.939013	17409.936898	17410.201048	17406.467208000002	17409.210487	17410.584	17411.744	2.0	1.0	1.0	1.0					
17415.899	65.5099999999984	trials	25.0	17478.027417999998	17479.463566			17477.185997	17479.447356			2.0		0.0	2.0					
17485.419	4.93999999999869	trials	25.0	17487.032389	17488.334101			17485.739053999998	17488.327194999998			2.0		0.0	2.0					
17492.37	25.02900000000227	trials	25.0	17513.877101	17515.449964			17512.938302	17515.441326			3.0		0.0	2.0					
17520.447	11.171999999998661	trials	25.0	17527.737709	17529.659039	17530.701909	17530.74954	17527.037872	17529.873689			3.0	2.0	0.0	3.0					
17533.054	25.145000000000437	trials	25.0	17553.679354	17554.819778	17556.464555	17556.739396	17552.752861	17555.664277	17557.144	17558.199	3.0	2.0	1.0	1.0					
17560.289	24.06499999999869	trials	25.0	17581.028427	17582.225169	17583.77452	17584.415234	17580.126893	17582.510916			3.0	2.0	0.0	3.0					
17586.049	10.480999999999767	trials	25.0	17593.978114	17595.457684	17596.268575000002	17596.569801999998	17592.990209	17595.437339			3.0	1.0	0.0	3.0					
17599.539	22.895000000000437	trials	25.0	17619.653107	17621.049174	17622.135645	17622.467861	17618.842228	17621.447208999998			2.0	1.0	0.0	3.0					
17625.409	87.87099999999919	trials	25.0	17709.509964	17711.398893999998	17712.530386	17713.338302	17708.537549	17711.637161			2.0	2.0	0.0	3.0					
17716.789	6.40599999999904	trials	25.0	17718.818655	17720.226932	17721.412356	17721.592392	17717.675834	17720.769303	17722.044	17723.195	2.0	1.0	1.0	1.0					
17727.219	32.45499999999811	trials	25.0	17754.563988	17756.387926	17757.847845	17758.025149	17753.989003	17756.980782	17758.434	17759.674	2.0	1.0	1.0	1.0					
17762.821	40.09300000000076	trials	25.0	17798.353939	17799.927075	17801.282802	17801.366895	17797.798654	17800.245882			3.0	2.0	0.0	3.0					
17803.669	11.945999999999913	trials	25.0	17811.358854	17812.908688	17813.816308	17814.085209	17810.807521	17813.137171	17814.604	17815.615	2.0	1.0	1.0	1.0					
17818.714	45.08499999999913	trials	25.0	17857.078995	17858.505577	17859.958057	17860.497154	17856.552181	17859.081885			2.0	1.0	0.0	3.0					
17864.281	19.33400000000256	trials	25.0	17879.636029	17881.016391	17883.304246	17883.599235	17878.719574	17882.341792			2.0	1.0	0.0	3.0					
17886.625	7.904999999998836	trials	25.0	17890.144334	17891.30241	17893.697211	17894.590992999998	17889.187472	17892.000038			3.0	2.0	0.0	3.0					
17896.071	35.473000000001775	trials	25.0	17926.484466	17928.237607	17929.39453	17929.628646	17925.635694	17928.452895	17930.039	17931.544	3.0	2.0	1.0	1.0					
17933.57	37.66400000000067	trials	25.0	17965.28482	17966.311588	17968.869258	17969.13128	17964.736387	17966.820048	17969.494	17971.234	3.0	2.0	1.0	1.0					
17975.319	33.72999999999956	trials	25.0	18004.319619	18006.276554	18007.4742	18009.113071	18003.310683	18006.353577			2.0	2.0	0.0	3.0					
18009.837	6.55199999999968	trials	25.0	18011.949822	18013.164634	18014.558358	18014.68127	18011.272832	18013.807788	18015.259	18016.389	2.0	1.0	1.0	1.0					
18019.549	22.084999999999127	trials	25.0	18037.7254	18038.874009	18040.821469	18041.699098	18036.932415	18039.221905			3.0	2.0	0.0	3.0					
18044.139	7.530000000002474	trials	25.0	18047.074675	18048.68376	18049.778955	18049.905770999998	18046.251448	18049.077633	18050.424	18051.669	2.0	1.0	1.0	1.0					
18054.754	23.909999999999854	trials	25.0	18072.780122	18073.911664	18076.217219	18076.461936	18072.09675	18074.348836	18076.844	18078.664	3.0	2.0	1.0	1.0					
18080.794	11.945999999999913	trials	25.0	18088.570264	18090.12339	18092.203561	18092.801269	18087.988326	18090.492271			3.0	2.0	0.0	3.0					
18096.462	6.108000000000175	trials	25.0	18099.640905	18101.34992	18102.255261	18102.494893	18098.811942	18101.567367			2.0	1.0	0.0	3.0					
18104.605	42.51000000000204	trials	25.0	18142.775413	18144.129498	18145.262416	18145.551629	18141.917632	18144.384159	18146.084	18147.115	3.0	2.0	1.0	1.0					
18151.195	6.963999999999942	trials	25.0	18154.445437	18156.412056	18157.752707	18158.155456	18153.731079	18156.907198			2.0	1.0	0.0	3.0					
18160.152	4.75	trials	25.0	18161.767012	18162.882192			18160.465576	18162.875015			2.0		0.0	2.0					
18167.984	17.94499999999971	trials	25.0	18179.465185	18180.501922	18183.36811	18183.676316	18178.921996	18181.575475	18185.314	18185.929	3.0	2.0	1.0	1.0					
18186.946	15.087999999999738	trials	25.0	18195.597181	18197.184482	18198.470643	18198.581238	18194.960533	18197.610405	18199.195	18202.034	2.0	1.0	1.0	1.0					
18204.099	13.159999999999854	trials	25.0	18211.807013	18213.52617	18215.167314	18215.470935999998	18210.870268	18213.796898	18215.754	18217.259	3.0	2.0	1.0	1.0					
18220.343	8.290999999997439	trials	25.0	18225.236668	18226.361139	18227.683464	18227.783767	18224.45487	18226.703935			3.0	2.0	0.0	3.0					
18231.956	6.5130000000026484	trials	25.0	18235.130482	18236.672173	18238.044985	18238.530766	18234.164725	18236.923458			3.0	2.0	0.0	3.0					
18242.44	11.380000000001019	trials	25.0	18248.370507	18249.922359	18251.909085	18252.055227	18247.629376	18251.067505	18252.594	18253.82	2.0	1.0	1.0	1.0					
18258.949	57.81499999999869	BlockDesign														1.0	932.0	937.0	0.0	0.0
18258.949	7.884999999998399	trials	26.0	18262.782421	18264.807541	18266.475683	18266.898559	18262.052091	18265.117963			2.0	1.0	0.0	3.0					
18269.74	5.723999999998341	trials	26.0	18271.762342	18273.772542	18274.963079	18275.093961	18270.19943	18274.270723			2.0	1.0	0.0	3.0					
18278.291	6.4979999999995925	trials	26.0	18280.425508	18282.432814	18284.37393	18284.476106000002	18279.553302	18283.629664			2.0	1.0	0.0	3.0					
18288.745	5.213999999999942	trials	26.0	18291.976402	18292.019811			18291.030426999998	18292.009723			2.0		0.0	2.0					
18298.03	7.46900000000096	trials	26.0	18302.201014	18304.192983	18305.171483	18305.444373	18301.259023	18304.518205			2.0	1.0	0.0	3.0					
18309.53	7.234000000000378	trials	26.0	18314.026383	18315.452836			18313.091257	18315.876196			2.0	1.0	0.0	3.0					
18320.075	87.24499999999898	BlockDesign														1.0	938.0	942.0	0.0	0.0
18320.075	6.494999999998981	trials	27.0	18322.446088	18323.926819	18325.469285	18326.630404	18321.68116	18324.185911			3.0	2.0	0.0	3.0					
18328.804	28.22599999999875	trials	27.0	18352.946974	18354.763966	18356.702881	18356.973934	18351.998673000002	18354.917554			3.0	2.0	0.0	3.0					
18360.04	20.679000000000087	trials	27.0	18375.849318	18377.096231	18380.073405	18380.740610999997	18375.100948	18378.064635			3.0	2.0	0.0	3.0					
18383.454	6.149999999997817	trials	27.0	18385.890201	18387.468711999998	18389.293193999998	18389.532382999998	18385.313781	18387.686077			3.0	2.0	0.0	3.0					
18392.685	14.6349999999984	trials	27.0	18402.038966	18403.565001	18407.218285	18408.198373	18401.127817	18404.134369			3.0	2.0	0.0	3.0					
18409.728	924.2860000000001	BlockDesign														1.0	943.0	999.0	50.0	50.0
18409.728	32.16100000000006	trials	28.0	18439.58382	18440.675533999998	18441.580880999998	18441.758395	18438.584421	18440.90293			3.0	1.0	0.0	3.0					
18444.934	66.41999999999825	trials	28.0	18505.864473999998	18507.335489	18508.517632	18508.658427	18505.004274	18507.771814	18509.254	18511.354	2.0	1.0	1.0	1.0					
18514.464	8.951000000000931	trials	28.0	18519.68692	18522.070909	18523.09492	18523.180089999998	18518.72299	18522.354538			2.0	1.0	0.0	3.0					
18525.425	5.0790000000015425	trials	28.0	18527.105205	18528.654852	18530.137153	18530.336181	18525.960477	18528.990979			2.0	1.0	0.0	3.0					
18534.585	5.0090000000018335	trials	28.0	18536.124319	18537.522588			18534.921684999998	18537.515466999997			3.0		0.0	2.0					
18541.639	10.885000000002037	trials	28.0	18546.980101	18548.091201	18550.323691999998	18550.679475	18546.116438999998	18549.402574	18550.984	18552.524	2.0	1.0	1.0	1.0					
18555.565	11.429000000000087	trials	28.0	18560.820796	18562.42122	18564.733121999998	18565.154527	18560.17165	18562.850348	18565.464	18566.994	3.0	2.0	1.0	1.0					
18571.151	9.622999999999593	trials	28.0	18575.124504	18576.587067	18578.53212	18578.979427	18574.281499	18576.902737	18579.179	18580.774	3.0	2.0	1.0	1.0					
18582.789	12.497999999999593	trials	28.0	18590.846735	18592.379394	18593.342955	18593.607429	18590.269356	18592.597589999998	18594.049	18595.287	2.0	1.0	1.0	1.0					
18599.415	6.213999999999942	trials	28.0	18602.324841999998	18603.750973	18605.316058	18605.407674	18601.665985	18604.095914999998			3.0	2.0	0.0	3.0					
18608.639	11.150000000001455	trials	28.0	18614.915068	18616.822114	18617.798297999998	18617.95389	18613.960453	18617.124927999997	18618.374	18619.789	3.0	2.0	1.0	1.0					
18622.88	8.679000000000087	trials	28.0	18627.100458	18628.281919999998	18630.759615	18631.580925	18626.144185	18629.223061			2.0	2.0	0.0	3.0					
18635.155	5.835000000002765	trials	28.0	18637.214796	18638.988651	18640.469526	18640.520209	18635.987841	18639.722533			2.0	1.0	0.0	3.0					
18642.905	14.054000000000087	trials	28.0	18650.665135	18652.504838999997	18655.509207	18656.980369	18649.841516	18652.707279			3.0	2.0	0.0	3.0					
18657.993	24.296000000002095	trials	28.0	18678.060531	18679.315003	18680.485243	18680.596599	18677.219931	18679.829208	18681.1	18682.289	2.0	1.0	1.0	1.0					
18685.374	11.25	trials	28.0	18690.500691999998	18692.473639	18694.290183999998	18694.669498	18689.731636	18692.700752	18694.954	18696.624	3.0	2.0	1.0	1.0					
18699.644	8.93500000000131	trials	28.0	18704.170435	18705.223615	18707.817379	18708.602532999997	18703.477059999997	18705.585884			2.0	2.0	0.0	3.0					
18711.244	10.194999999999709	trials	28.0	18716.745306	18718.732473	18720.448483	18721.464357999997	18715.765096	18718.926413			3.0	2.0	0.0	3.0					
18723.759	18.19000000000233	trials	28.0	18736.510566	18737.91226	18740.851227	18741.17227	18735.545862	18738.310971			3.0	2.0	1.0	1.0					
18746.419	10.784999999999854	trials	28.0	18754.210862	18755.788746	18756.897814	18757.171387	18753.336816	18756.152998999998			2.0	1.0	0.0	3.0					
18759.214	33.29000000000087	trials	28.0	18786.830608	18788.25587	18790.042534	18790.209006	18785.917122	18788.752891	18790.674	18792.504	2.0	1.0	1.0	1.0					
18796.579	8.984999999996944	trials	28.0	18800.835672999998	18802.287694	18803.4727	18803.620627	18800.186808	18802.603355	18804.405	18805.564	2.0	1.0	1.0	1.0					
18807.65	10.703999999997905	trials	28.0	18813.135394	18814.900213	18816.149308	18816.531742	18812.240730999998	18815.061093	18816.884	18818.354	3.0	2.0	1.0	1.0					
18820.374	9.869999999998981	trials	28.0	18826.481722	18828.18474			18825.853016	18828.174417			3.0		0.0	2.0					
18834.275	5.341999999996915	trials	28.0	18836.472985	18838.343992	18839.256000999998	18839.546673999997	18835.751619	18838.639377			2.0	1.0	0.0	3.0					
18842.694	16.08599999999933	trials	28.0	18852.597874	18854.25295	18856.599115	18857.020959999998	18851.600839	18855.046903	18857.389	18858.78	3.0	2.0	1.0	1.0					
18860.799	10.055000000000291	trials	28.0	18866.291322999998	18867.767989	18868.738785999998	18868.924623	18865.769254	18867.986317	18869.379	18870.854	2.0	1.0	1.0	1.0					
18874.871	6.903000000002066	trials	28.0	18879.061948	18880.452962	18881.481909	18881.606917999998	18878.212291	18880.680064			3.0	1.0	0.0	3.0					
18884.85	32.04400000000169	trials	28.0	18913.921133	18915.471084	18916.532424999998	18916.804314	18913.408899	18915.734824			2.0	1.0	0.0	3.0					
18919.967	43.01199999999881	trials	28.0	18959.276787	18960.880868	18961.801459	18961.848223	18958.626401999998	18961.048693			3.0	2.0	0.0	3.0					
18964.161	14.503000000000611	trials	28.0	18974.08198	18975.568779999998	18976.8216	18976.959254999998	18973.480488	18976.003473999997	18977.445	18978.664	2.0	1.0	1.0	1.0					
18980.754	10.305000000000291	trials	28.0	18986.871769999998	18988.418256	18990.265399	18991.08501	18986.139219	18988.651568999998			3.0	2.0	0.0	3.0					
18994.605	6.635000000002037	trials	28.0	18998.412195999997	18999.253837			18997.602003	18999.246847			3.0		0.0	2.0					
19004.315	5.818999999999505	trials	28.0	19006.683714	19007.939656	19009.743742	19010.144059	19006.1698	19008.69662			2.0	1.0	0.0	3.0					
19012.172	18.592000000000553	trials	28.0	19026.206975	19027.936547999998	19028.755925999998	19029.095146	19025.577549999998	19028.030436999998	19029.416	19030.764	3.0	2.0	1.0	1.0					
19034.87	7.495000000002619	trials	28.0	19038.921989	19040.823992999998	19042.051259	19042.30901	19038.365918	19041.124022			2.0	1.0	0.0	3.0					
19045.384	5.89600000000064	trials	28.0	19047.327094	19048.823893	19050.81049	19051.308093	19045.786105	19049.080890999998			2.0	2.0	0.0	3.0					
19053.184	9.659999999999854	trials	28.0	19059.577305	19060.863927			19058.896431999998	19060.854466			3.0		0.0	2.0					
19064.859	15.5099999999984	trials	28.0	19075.462392999998	19077.283461	19078.295109	19078.551996	19074.698431	19077.536077	19079.164	19080.369	2.0	1.0	1.0	1.0					
19083.455	10.288999999997031	trials	28.0	19088.247441	19089.805339	19091.560627	19091.961016	19087.532112999997	19089.864964	19092.224	19093.744	3.0	2.0	1.0	1.0					
19095.76	12.359000000000378	trials	28.0	19104.337358999997	19105.502635	19107.491445	19108.147369	19103.658972999998	19105.791007			2.0	2.0	0.0	3.0					
19110.87	14.484000000000378	trials	28.0	19120.707886	19122.181425	19123.260824	19123.4567	19119.967984	19122.435235	19123.929	19125.354	2.0	1.0	1.0	1.0					
19129.449	11.970000000001164	trials	28.0	19135.55931	19137.116571	19139.245436999998	19139.641738	19134.875833	19137.382614	19139.884	19141.419	3.0	2.0	1.0	1.0					
19143.439	13.950000000000728	trials	28.0	19152.412686	19154.259672	19156.49381	19157.413084	19151.800065	19154.55246			2.0	2.0	0.0	3.0					
19159.789	5.735000000000582	trials	28.0	19162.902758	19164.140509999997	19165.231255	19165.472362	19162.000539	19164.439206			2.0	1.0	0.0	3.0					
19167.604	11.705000000001746	trials	28.0	19173.684631	19175.798072999998	19178.861729	19179.333447999998	19173.060982	19175.987591			3.0	2.0	0.0	3.0					
19182.29	10.054000000000087	trials	28.0	19187.155477	19188.713413999998	19191.174574	19192.371535	19186.431093	19188.930967			3.0	2.0	0.0	3.0					
19195.61	14.873999999999796	trials	28.0	19202.387737	19203.578186	19208.498349999998	19208.761139	19201.475389	19204.245321	19209.365	19210.484	3.0	2.0	1.0	1.0					
19213.5	9.679000000000087	trials	28.0	19219.193245	19221.110117			19218.413331	19221.107019			3.0		0.0	2.0					
19226.254	5.25	trials	28.0	19228.668204999998	19230.158089	19231.201242	19231.501579	19227.937111	19230.520839			2.0	1.0	0.0	3.0					
19234.514	9.549999999999272	trials	28.0	19238.37801	19239.465589	19241.609565	19242.068694999998	19237.454427	19239.795044	19242.28	19244.064	3.0	2.0	1.0	1.0					
19246.15	13.23399999999674	trials	28.0	19254.908149	19256.129831	19258.725327	19259.409874999998	19254.278675999998	19256.441821			2.0	2.0	0.0	3.0					
19261.074	13.455999999998312	trials	28.0	19269.653288999998	19270.858942	19272.635764	19272.806690999998	19268.903638	19271.846703	19273.394	19274.53	2.0	1.0	1.0	1.0					
19276.615	9.593999999997322	trials	28.0	19283.273637	19284.81384	19285.900357	19286.09824	19282.757268999998	19285.004204			3.0	1.0	0.0	3.0					
19290.275	10.068999999999505	trials	28.0	19294.438563	19295.915515	19297.85815	19298.327693	19293.794538	19296.305897	19298.544	19300.344	3.0	2.0	1.0	1.0					
19304.429	10.584999999999127	trials	28.0	19308.99384	19310.96542	19312.116728	19312.176833999998	19308.151155	19310.905918			2.0	1.0	0.0	3.0					
19315.484	18.529999999998836	trials	28.0	19329.208758	19330.771687	19332.110317	19332.15328	19328.31325	19331.297998	19332.734	19334.014	2.0	1.0	1.0	1.0					
19337.129	730.5949999999975	BlockDesign														1.0	1000.0	1049.0	90.0	50.0
19337.129	10.520000000000437	trials	29.0	19342.810029	19343.976258	19345.852572	19346.041831	19341.941232999998	19345.104282	19346.574	19347.649	1.0	1.0	1.0	1.0					
19349.709	11.215000000000146	trials	29.0	19355.843332	19357.165423	19359.061765	19359.237272	19354.909458	19357.900116999997	19359.934	19360.924	1.0	1.0	1.0	1.0					
19364.947	7.731999999999971	trials	29.0	19367.718511	19369.340125	19370.743435	19370.948139	19367.140905	19369.901185	19371.439	19372.679	1.0	1.0	1.0	1.0					
19376.696	13.143000000000029	trials	29.0	19385.147742	19386.510462	19387.587510999998	19387.700805	19384.283715999998	19386.739281	19388.344	19389.839	1.0	1.0	1.0	1.0					
19391.876	10.347999999998137	trials	29.0	19397.208663999998	19399.234558	19400.350597	19400.435565	19396.324747	19399.572206999997	19401.014	19402.224	1.0	1.0	1.0	1.0					
19405.242	9.328000000001339	trials	29.0	19408.834061999998	19410.285713999998	19412.180893	19412.585284	19407.859292999998	19410.616170999998	19413.019	19414.57	1.0	2.0	1.0	1.0					
19418.731	8.18800000000192	trials	29.0	19422.208891	19423.981077	19424.97968	19425.057674	19421.433582999998	19424.234599	19425.679	19426.919	1.0	1.0	1.0	1.0					
19429.01	9.895000000000437	trials	29.0	19435.748799	19437.571272	19438.549446999998	19438.688533	19435.070098	19437.853143			1.0	1.0	0.0	3.0					
19440.98	9.90899999999965	trials	29.0	19445.149239	19446.790710999998	19448.978972999997	19449.210451	19444.223211	19447.227156	19449.624	19450.889	1.0	2.0	1.0	1.0					
19452.919	10.43999999999869	trials	29.0	19459.520377	19460.98116	19462.907826	19463.38513	19458.673378	19461.274741			1.0	2.0	0.0	3.0					
19467.277	5.838000000003376	trials	29.0	19468.834103	19470.004795	19471.854264999998	19473.141321	19467.847276	19470.454493999998			1.0	2.0	0.0	3.0					
19475.214	6.380000000001019	trials	29.0	19477.258778	19478.421607	19479.623389	19479.837453	19476.222751	19478.818401	19480.365	19481.594	1.0	1.0	1.0	1.0					
19485.664	8.240999999998166	trials	29.0	19489.084294	19490.380207	19493.435354999998	19493.930049	19488.365986999997	19490.723769			1.0	2.0	0.0	3.0					
19496.744	7.670000000001892	trials	29.0	19498.824613	19500.495076	19502.396032	19502.662259999997	19497.686709999998	19500.757128999998	19503.034	19504.414	1.0	2.0	1.0	1.0					
19507.493	21.421000000002095	trials	29.0	19524.494489999997	19525.840969	19526.926276	19527.02057	19523.741900999998	19526.165903999998	19527.704	19528.914	1.0	1.0	1.0	1.0					
19531.98	15.71900000000096	trials	29.0	19543.124761	19544.727824999998	19546.520904999998	19546.847794999998	19542.396323999998	19545.071169			1.0	2.0	1.0	1.0					
19551.134	12.630000000001019	trials	29.0	19560.360152999998	19561.464090999998	19563.417921	19563.473637	19559.728281	19561.783573			1.0	2.0	0.0	3.0					
19567.774	6.334999999999127	trials	29.0	19569.464745999998	19571.241226	19572.262608999998	19572.337661999998	19568.16907	19571.472515999998	19572.945	19574.109	1.0	1.0	1.0	1.0					
19578.181	8.57300000000032	trials	29.0	19581.900244	19583.471824	19584.635605	19584.781786	19580.926669	19583.815732	19585.264	19586.754	1.0	1.0	1.0	1.0					
19588.837	9.812000000001717	trials	29.0	19594.035562	19595.942364			19593.059461	19595.925404999998			1.0		0.0	2.0					
19600.003	18.65599999999904	trials	29.0	19613.815050999998	19615.696723	19617.825879	19618.687293	19613.002633	19616.15206			1.0	2.0	0.0	3.0					
19622.129	38.599999999998545	trials	29.0	19656.409993	19658.187879999998	19659.198496	19660.756282	19655.702509	19658.474729999998			1.0	2.0	0.0	3.0					
19661.564	6.583000000002357	trials	29.0	19663.754758	19665.585188999998	19666.414581	19666.605992999997	19663.055425	19665.771349	19667.115	19668.147	1.0	1.0	1.0	1.0					
19670.164	39.659999999999854	trials	29.0	19705.040419	19706.277412	19708.112934	19709.851939	19704.328798	19707.219933			1.0	2.0	0.0	3.0					
19711.47	7.368999999998778	trials	29.0	19714.325268	19715.534377	19717.042384	19717.214106	19713.551697	19715.862148	19717.929	19718.839	1.0	2.0	1.0	1.0					
19722.87	7.1599999999998545	trials	29.0	19726.445631	19728.398418999997	19729.292755	19730.055567	19725.842485	19728.578563			1.0	2.0	0.0	3.0					
19731.589	10.770000000000437	trials	29.0	19737.691141	19738.906957	19741.426715999998	19742.387124	19737.177784	19739.747229			1.0	2.0	0.0	3.0					
19744.734	4.756000000001222	trials	29.0	19746.455330999997	19747.506487			19745.295954999998	19747.496904			1.0		0.0	2.0					
19753.499	21.75300000000061	trials	29.0	19771.540714	19773.380461	19774.808474999998	19775.27984	19770.5596	19773.5082			1.0	2.0	0.0	3.0					
19779.169	8.604999999999563	trials	29.0	19783.236131999998	19784.749827	19785.919954	19786.120279	19782.349643999998	19785.190147999998	19786.559	19787.774	1.0	1.0	1.0	1.0					
19789.889	14.840000000000146	trials	29.0	19800.125664	19801.867916	19802.818241999998	19803.003867	19799.130867	19802.135737	19803.474	19804.729	1.0	1.0	1.0	1.0					
19806.806	9.94800000000032	trials	29.0	19812.255519	19813.728514	19814.712337	19814.892667	19811.615649	19813.988649	19815.384	19816.754	1.0	1.0	1.0	1.0					
19819.774	8.909999999999854	trials	29.0	19824.277018	19825.919309999997	19826.776890999998	19826.92187	19823.746686	19826.03446	19827.394	19828.684	1.0	1.0	1.0	1.0					
19831.704	11.179999999996653	trials	29.0	19837.163845	19838.802838			19836.376609	19838.79549			1.0		0.0	2.0					
19844.868	35.202000000001135	trials	29.0	19875.831265	19877.305260999998	19878.157441	19878.437853	19874.958624	19877.503453999998	19878.879	19880.07	1.0	1.0	1.0	1.0					
19883.155	8.02900000000227	trials	29.0	19887.031632	19887.847959			19886.337439	19887.842328			1.0		0.0	2.0					
19891.884	12.580000000001746	trials	29.0	19899.885728999998	19901.1362	19902.516621	19902.876486	19899.276481	19901.735308	19903.329	19904.464	1.0	1.0	1.0	1.0					
19908.618	7.501000000000204	trials	29.0	19911.206181999998	19913.190061	19914.023241	19914.116908	19910.247088	19913.368678	19914.689	19916.119	1.0	1.0	1.0	1.0					
19918.139	12.75	trials	29.0	19925.937923999998	19927.476221999998	19928.442135999998	19928.597267999998	19925.207954999998	19927.705368	19929.119	19930.889	1.0	1.0	1.0	1.0					
19933.629	12.959999999999127	trials	29.0	19940.527599	19942.048014	19944.565131	19944.938565	19939.600773	19942.35066	19945.264	19946.589	1.0	2.0	1.0	1.0					
19948.62	11.559000000001106	trials	29.0	19955.031733	19956.878049	19958.913234	19960.209564999997	19954.487343	19957.154607			1.0	2.0	0.0	3.0					
19962.204	6.509999999998399	trials	29.0	19964.023263	19965.984205	19966.764088	19966.942288	19962.989333999998	19965.980553999998	19967.49	19968.714	1.0	1.0	1.0	1.0					
19972.731	9.253000000000611	trials	29.0	19977.912903	19979.768224	19980.863692	19981.010061	19977.212274999998	19979.810847			1.0	1.0	1.0	1.0					
19984.405	11.329000000001543	trials	29.0	19991.603297999998	19992.895034999998	19993.808007	19993.909051	19990.877806	19992.973866	19994.484	19995.734	1.0	1.0	1.0	1.0					
19999.749	8.034999999999854	trials	29.0	20004.591448	20005.8079			20003.655694999998	20005.799684999998			1.0		0.0	2.0					
20011.789	9.365999999998166	trials	29.0	20017.202739	20018.308064999997	20019.283536	20019.447505	20016.465001	20018.576817	20019.939	20021.155	1.0	1.0	1.0	1.0					
20025.305	6.254000000000815	trials	29.0	20027.251539999997	20028.422059	20029.431463	20029.642422	20026.551725999998	20028.612483	20030.109	20031.559	1.0	1.0	1.0	1.0					
20033.499	11.849999999998545	trials	29.0	20040.692522999998	20042.650078	20043.496167999998	20043.614406	20040.133934999998	20042.834526	20044.264	20045.349	1.0	1.0	1.0	1.0					
20048.366	8.922999999998865	trials	29.0	20052.381537	20054.203824	20055.349437999997	20055.491785	20051.807174999998	20054.472147	20056.009	20057.289	1.0	1.0	1.0	1.0					
20060.305	7.41899999999805	trials	29.0	20065.126922	20066.403874	20067.539509	20067.751869	20064.211863	20066.723600999998			1.0	1.0	0.0	3.0					
20071.924	491.2099999999991	BlockDesign														1.0	1050.0	1080.0	10.0	50.0
20071.924	14.871999999999389	trials	30.0	20084.023341	20085.422787	20086.421037	20086.80795	20083.137831	20085.672579			1.0	1.0	0.0	3.0					
20089.789	7.724999999998545	trials	30.0	20094.507267	20096.288962	20097.228005999998	20097.296968	20093.902303	20096.523741			1.0	1.0	0.0	3.0					
20100.54	70.05899999999747	trials	30.0	20167.817618999998	20169.279981	20170.229145999998	20170.446573999998	20167.138801	20169.58222			1.0	1.0	0.0	3.0					
20172.609	6.520000000000437	trials	30.0	20174.563756	20175.753681	20176.859761	20177.336076	20173.126543	20175.964025999998	20177.452	20179.129	1.0	2.0	1.0	1.0					
20183.184	7.789999999997235	trials	30.0	20186.797648	20187.819678	20188.990606	20189.150887	20186.060649	20188.113589	20189.669	20190.974	1.0	1.0	1.0	1.0					
20194.07	10.509000000001834	trials	30.0	20201.288178	20203.279399	20204.287674	20204.555028	20200.546899	20203.502733999998			1.0	1.0	0.0	3.0					
20206.654	4.541000000001077	trials	30.0	20208.443101	20209.218621			20207.026497	20209.210286999998			1.0		0.0	2.0					
20213.204	15.459999999999127	trials	30.0	20223.657699	20225.233426	20226.624046	20227.04088	20223.114504999998	20225.469495999998	20227.329	20228.664	1.0	2.0	1.0	1.0					
20231.73	10.590000000000146	trials	30.0	20238.127543	20239.827481	20240.878188	20242.346965	20237.16204	20239.948005			1.0	2.0	0.0	3.0					
20245.25	11.529999999998836	trials	30.0	20251.222395	20252.544353999998	20254.544229	20254.908438	20250.393853999998	20252.815032	20255.234	20256.78	1.0	2.0	1.0	1.0					
20259.845	14.093999999997322	trials	30.0	20269.979484	20271.414696	20273.531296	20273.96929	20269.469095	20271.715666			1.0	2.0	0.0	3.0					
20276.824	4.830999999998312	trials	30.0	20278.544394	20280.49272	20281.30414	20281.558419999998	20277.544045	20280.692843999997			1.0	1.0	0.0	3.0					
20285.713	7.58100000000195	trials	30.0	20288.212987	20289.922863	20292.261599999998	20293.326027	20287.312401	20290.291951			1.0	2.0	0.0	3.0					
20295.655	9.481999999999971	trials	30.0	20302.012923	20303.834705999998	20304.767099	20304.939208	20301.06768	20304.090702999998			1.0	1.0	0.0	3.0					
20307.132	8.506999999997788	trials	30.0	20312.457884	20313.580452			20311.570599	20313.571846			1.0		0.0	2.0					
20319.707	52.41700000000128	trials	30.0	20367.333357	20369.019535	20370.093547	20370.398328	20366.435142	20369.114483999998	20370.759	20372.124	1.0	2.0	1.0	1.0					
20376.083	20.191000000002532	trials	30.0	20393.283681	20395.075351	20395.780345	20396.306022	20392.29379	20395.073889			1.0	1.0	0.0	3.0					
20398.219	8.125	trials	30.0	20401.608690999998	20403.200704	20405.188341	20406.377692	20400.958389	20403.526486			1.0	2.0	0.0	3.0					
20407.544	5.179999999996653	trials	30.0	20409.088416	20410.745074			20408.373351	20410.737204999998			1.0		0.0	2.0					
20415.734	7.239999999997963	trials	30.0	20418.489025	20419.660329	20420.852340999998	20420.94423	20417.859073	20420.000819	20421.524	20422.974	1.0	2.0	1.0	1.0					
20427.061	16.712999999999738	trials	30.0	20439.308137	20441.175588	20442.411866	20443.805665	20438.364720999998	20441.428380999998			1.0	2.0	0.0	3.0					
20445.809	5.154999999998836	trials	30.0	20447.428501	20448.986398			20446.484481	20448.977445			1.0		0.0	2.0					
20453.04	10.15899999999965	trials	30.0	20457.298405999998	20458.766558	20460.91938	20461.493316	20456.421733	20459.107099	20461.57	20463.199	1.0	2.0	1.0	1.0					
20466.28	13.639000000002852	trials	30.0	20473.735959999998	20475.005524	20477.511265	20478.013882	20472.733315999998	20475.27492	20478.204	20479.919	1.0	2.0	1.0	1.0					
20481.98	12.15899999999965	trials	30.0	20488.203773999998	20490.018414	20492.046965999998	20492.312767	20487.310066	20490.26872	20492.784	20494.139	1.0	2.0	1.0	1.0					
20497.164	10.454999999998108	trials	30.0	20502.428728	20503.906096	20505.288049	20505.7162	20501.672056	20504.171913	20505.945	20507.619	1.0	2.0	1.0	1.0					
20509.679	9.186000000001513	trials	30.0	20515.668819	20516.885952999997			20515.053351	20516.882922999997			1.0		0.0	2.0					
20520.874	5.200000000000728	trials	30.0	20522.763775	20524.68922	20525.787056999998	20526.011086	20521.26784	20525.010327			1.0	1.0	0.0	3.0					
20530.08	6.8289999999979045	trials	30.0	20531.834215	20533.660943	20534.761048	20535.187606	20530.498139	20533.677319	20535.539	20536.909	1.0	2.0	1.0	1.0					
20539.064	12.319999999999709	trials	30.0	20545.909508999997	20547.518688	20549.167114	20549.569897	20545.300335	20547.698331	20550.129	20551.384	1.0	2.0	1.0	1.0					
20553.469	9.664999999997235	trials	30.0	20558.580066	20559.662386	20560.917447	20561.326602	20557.800853	20559.923623	20561.659	20563.134	1.0	2.0	1.0	1.0					
20566.245	87.6239999999998	BlockDesign														1.0	1081.0	1085.0	0.0	0.0
20566.245	8.825000000000728	trials	31.0	20570.803765	20572.470699999998	20573.848911999998	20575.10328	20570.097456	20572.722018			1.0	2.0	0.0	3.0					
20577.215	5.229999999999563	trials	31.0	20579.231104	20580.989783999998	20582.136696999998	20582.235419999997	20578.185348	20581.227945			1.0	1.0	0.0	3.0					
20586.534	50.5	trials	31.0	20633.934236999998	20635.027654999998	20636.427484	20637.065661	20632.95108	20635.281988			1.0	2.0	0.0	3.0					
20639.806	5.003000000000611	trials	31.0	20641.864761	20643.458835999998	20644.447926	20644.522578	20641.317796	20643.779152			1.0	1.0	0.0	3.0					
20647.87	5.998999999999796	trials	31.0	20650.441276999998	20651.550816	20653.769464999998	20654.493475	20649.896373	20651.910743			1.0	2.0	0.0	3.0					
20658.14	822.094000000001	BlockDesign														1.0	1086.0	1120.0	50.0	10.0
20658.14	5.85399999999936	trials	32.0	20660.969248	20662.531941999998	20663.647564	20663.92242	20660.410839	20662.899747			1.0	1.0	0.0	3.0					
20667.069	6.9650000000001455	trials	32.0	20670.985156	20672.521005	20673.671313	20673.84204	20670.176434	20672.839492			1.0	1.0	0.0	3.0					
20677.112	6.891999999999825	trials	32.0	20680.000179	20681.731803	20682.683557	20682.814992	20679.470959	20681.997264999998			1.0	2.0	0.0	3.0					
20685.039	12.985000000000582	trials	32.0	20692.704804	20693.933343999997	20696.178387	20696.300697	20692.103952999998	20695.276328	20696.824	20698.024	1.0	1.0	1.0	1.0					
20702.119	115.37100000000282	trials	32.0	20812.915156	20814.971301999998	20815.662798999998	20815.889401	20812.365949	20815.010793999998	20816.394	20817.49	1.0	1.0	1.0	1.0					
20819.505	8.18999999999869	trials	32.0	20823.731625	20824.899997	20825.84478	20825.968464999998	20823.198086	20825.138293	20826.499	20827.695	1.0	1.0	1.0	1.0					
20831.769	7.770000000000437	trials	32.0	20834.206620999998	20835.608659999998	20836.493586	20836.581212999998	20833.352644	20835.813709			1.0	1.0	0.0	3.0					
20839.784	16.93000000000029	trials	32.0	20850.986032	20852.627209	20854.2778	20854.682141999998	20850.245703	20852.682928	20854.894	20856.714	1.0	2.0	1.0	1.0					
20859.775	8.929000000000087	trials	32.0	20864.652146	20866.410334	20867.460329999998	20868.739777	20864.05876	20866.674111			1.0	2.0	0.0	3.0					
20870.839	11.694999999999709	trials	32.0	20877.960575999998	20879.386461	20880.542226999998	20880.70887	20877.419616	20879.718361	20881.179	20882.534	1.0	1.0	1.0	1.0					
20884.554	8.475999999998749	trials	32.0	20889.616235999998	20891.226961	20892.666577	20892.830982	20889.041119999998	20891.436922			1.0	1.0	0.0	3.0					
20897.108	5.775999999998021	trials	32.0	20898.781096	20899.871574999997	20900.697529999998	20900.730811	20898.061612999998	20899.981222	20901.454	20902.884	1.0	2.0	1.0	1.0					
20905.905	15.53399999999965	trials	32.0	20917.495844999998	20919.054294999998	20921.007283	20921.472715	20916.949796	20919.378303999998			1.0	2.0	0.0	3.0					
20923.414	8.520000000000437	trials	32.0	20927.781417	20929.233824	20930.152392	20930.213627999998	20927.000146	20929.489293	20930.814	20931.934	1.0	1.0	1.0	1.0					
20936.019	8.096000000001368	trials	32.0	20939.491438999998	20940.812877	20941.859074	20942.057656999998	20938.889585	20941.092228999998	20942.594	20944.115	1.0	1.0	1.0	1.0					
20948.14	11.02900000000227	trials	32.0	20956.01058	20957.922576999998	20958.82935	20958.924617999997	20955.2252	20958.119597			1.0	1.0	0.0	3.0					
20961.196	5.294000000001688	trials	32.0	20963.113327	20964.512811			20962.343821	20964.499488999998			1.0		0.0	2.0					
20970.504	6.938999999998487	trials	32.0	20973.685534	20975.363017	20977.079371	20977.424509	20972.994279	20975.655545999998			1.0	2.0	0.0	3.0					
20979.439	11.56000000000131	trials	32.0	20986.47078	20987.687372	20990.168776	20991.032852	20985.870213	20988.361839999998			1.0	2.0	0.0	3.0					
20992.53	5.693999999999505	trials	32.0	20995.765777	20997.113932	20997.881014	20997.999957	20994.941929	20997.30357			1.0	1.0	0.0	3.0					
21001.264	11.854999999999563	trials	32.0	21008.411956	21010.058994	21011.134917	21011.421993	21007.433208	21010.339561	21011.949	21013.119	1.0	1.0	1.0	1.0					
21015.139	18.54200000000128	trials	32.0	21031.266063	21032.359464999998	21033.375255	21033.695461	21030.394975	21032.613994			1.0	1.0	0.0	3.0					
21037.7	10.098999999998341	trials	32.0	21045.1165	21046.347576	21047.497536	21047.777556	21044.23789	21046.683697			1.0	1.0	0.0	3.0					
21049.809	37.47999999999956	trials	32.0	21085.006368	21086.377421999998	21087.002704	21087.150511	21084.214012	21086.342486999998			1.0	1.0	0.0	3.0					
21091.339	27.40100000000166	trials	32.0	21115.028019999998	21117.007357	21118.400143	21118.55554	21114.288523	21117.305356			1.0	1.0	0.0	3.0					
21121.82	29.29500000000189	trials	32.0	21146.78725	21148.158677	21149.383063	21149.501249	21145.801345	21148.481520999998	21150.169	21151.115	1.0	1.0	1.0	1.0					
21153.134	32.47500000000218	trials	32.0	21180.242211999997	21181.360049	21182.414388999998	21182.852506	21179.699736	21181.697713999998			1.0	1.0	0.0	3.0					
21185.824	16.19499999999971	trials	32.0	21197.002156	21198.904641999998	21200.690553	21200.833345	21196.276887	21199.811458			1.0	2.0	0.0	3.0					
21204.107	4.99199999999837	trials	32.0	21206.262861	21208.011744	21208.754324999998	21209.038862	21205.492813	21208.217974			1.0	1.0	0.0	3.0					
21212.109	10.881000000001222	trials	32.0	21218.431783	21220.365846	21221.137175	21221.361816999997	21217.459812	21220.429188	21221.829	21222.99	1.0	1.0	1.0	1.0					
21225.082	13.472000000001572	trials	32.0	21235.912437	21237.321711999997	21238.264378	21238.343737	21235.216468	21237.456083999998			1.0	1.0	0.0	3.0					
21242.618	15.026000000001659	trials	32.0	21254.458554999997	21256.294121	21257.298378	21257.60773	21253.600719	21256.540695			1.0	1.0	0.0	3.0					
21259.724	26.04500000000189	trials	32.0	21283.358965	21283.79479			21282.436777	21283.791841			1.0		0.0	2.0					
21289.809	89.24499999999898	trials	32.0	21376.198009	21377.739696999997	21378.775955999998	21381.211657	21375.525878	21377.981568			1.0	2.0	0.0	3.0					
21381.074	99.15999999999985	trials	32.0	21476.124813	21477.427925999997	21478.473375999998	21478.734497999998	21475.494957	21477.85216	21455.324	21480.234	1.0	1.0	1.0	1.0					
21484.324	417.0550000000003	BlockDesign														1.0	1121.0	1142.0	50.0	90.0
21484.324	19.56999999999971	trials	33.0	21499.570455999998	21500.822904999997	21502.096972	21502.298473	21498.673225	21501.339625999997	21502.759	21503.894	1.0	1.0	1.0	1.0					
21506.909	8.889999999999418	trials	33.0	21511.253883999998	21512.925264999998	21513.915654999997	21514.211934	21510.25836	21513.08775	21514.544	21515.799	1.0	2.0	1.0	1.0					
21519.919	8.054999999996653	trials	33.0	21523.88382	21525.161172999997	21526.098891999998	21526.389894999997	21523.069448	21525.405976	21526.814	21527.974	1.0	2.0	1.0	1.0					
21530.074	46.95999999999913	trials	33.0	21571.344159999997	21572.826643999997			21570.41796	21572.818317999998			1.0		0.0	2.0					
21578.868	89.15100000000166	trials	33.0	21663.611176	21664.843801	21666.016492	21666.104367999997	21662.687539	21665.200728	21666.669	21668.019	1.0	2.0	1.0	1.0					
21670.109	11.18500000000131	trials	33.0	21676.094974	21677.644564	21679.152756	21679.446222	21675.572502	21678.164174999998	21679.804	21681.294	1.0	2.0	1.0	1.0					
21683.31	18.969999999997526	trials	33.0	21696.946108	21698.590463999997	21700.155812999998	21700.465674	21696.200534	21698.856054999997	21700.894	21702.28	1.0	2.0	1.0	1.0					
21705.339	16.830000000001746	trials	33.0	21716.750024999998	21718.164044999998	21720.091841999998	21720.304398	21716.104761	21718.502491	21720.78	21722.169	1.0	2.0	1.0	1.0					
21726.184	11.229999999999563	trials	33.0	21731.299966	21733.247019	21735.131077	21735.401122	21730.306651	21733.532583	21735.754	21737.414	1.0	2.0	1.0	1.0					
21741.445	11.068999999999505	trials	33.0	21747.595017	21749.511834999998	21750.57519	21750.827489	21746.746116	21749.791384	21751.419	21752.514	1.0	1.0	1.0	1.0					
21756.53	8.934000000001106	trials	33.0	21760.615629999997	21761.641612	21763.143804	21763.514176999997	21759.964593999997	21762.120217	21763.804	21765.464	1.0	2.0	1.0	1.0					
21767.586	8.318999999999505	trials	33.0	21772.644631	21774.572717	21775.621733999997	21775.707942999998	21772.017411999997	21774.883760999997			1.0	1.0	0.0	3.0					
21777.91	8.419000000001688	trials	33.0	21781.439660999997	21783.016721	21784.032527	21784.510428999998	21780.636759999998	21783.254989999998	21784.714	21786.329	1.0	2.0	1.0	1.0					
21788.389	11.165000000000873	trials	33.0	21793.875415	21795.810834999997	21797.407153	21797.66536	21793.184673	21795.940915	21797.964	21799.554	1.0	2.0	1.0	1.0					
21801.605	12.044000000001688	trials	33.0	21808.111668999998	21809.571654	21811.492477	21811.713229999998	21807.159399999997	21809.859503	21812.304	21813.649	1.0	2.0	1.0	1.0					
21816.735	9.148999999997613	trials	33.0	21822.800159	21824.529082999998	21825.602532999997	21825.719823	21822.029189999997	21824.794986999997			1.0	1.0	0.0	3.0					
21828.894	6.235000000000582	trials	33.0	21830.615612999998	21831.798279	21832.616942999997	21832.918956999998	21829.294318	21831.900972	21833.354	21835.129	1.0	2.0	1.0	1.0					
21838.264	8.476000000002387	trials	33.0	21843.545684999997	21844.767273999998			21842.726967	21844.764725999998			1.0		0.0	2.0					
21848.749	5.055000000000291	trials	33.0	21851.040504999997	21852.180387999997	21853.086099	21853.841016	21850.271658999998	21852.362547999997			1.0	2.0	0.0	3.0					
21857.495	16.10900000000038	trials	33.0	21866.545681	21868.493864999997	21871.248943	21871.670285999997	21865.614582	21868.987499	21871.934	21873.604	1.0	2.0	1.0	1.0					
21877.686	9.362999999997555	trials	33.0	21881.850507	21883.129112	21884.959718	21885.216286	21881.049	21883.381652999997	21885.594	21887.049	1.0	2.0	1.0	1.0					
21889.075	12.304000000000087	trials	33.0	21895.545554999997	21897.084949	21898.730027999998	21899.414688999997	21894.551623	21897.298257	21899.459	21901.379	1.0	2.0	1.0	1.0					
21904.457	287.6820000000007	BlockDesign														0.0	1143.0	1155.0	50.0	0.0
21904.457	9.79200000000128	trials	34.0	21911.425967	21912.732007	21913.957257	21914.111524	21910.422404999998	21913.046544999997			2.0	1.0	0.0	3.0					
21916.336	6.3729999999995925	trials	34.0	21917.890903	21919.808068	21921.747135999998	21922.551675	21916.678858	21920.037248999997			2.0	2.0	0.0	3.0					
21926.112	25.021999999997206	trials	34.0	21946.260900999998	21947.80158	21948.918831	21949.104418	21945.500140999997	21948.044326	21949.634	21951.134	2.0	1.0	1.0	1.0					
21953.215	18.763999999999214	trials	34.0	21966.75133	21968.465014999998	21970.021710999998	21970.211368999997	21965.949856	21968.648305	21970.764	21971.979	2.0	1.0	1.0	1.0					
21975.014	16.455000000001746	trials	34.0	21984.237557999997	21985.597784999998			21983.495815	21985.592256			2.0		0.0	2.0					
21991.739	16.360999999997148	trials	34.0	22004.536576	22006.232505	22007.731014999998	22008.060890999997	22003.888559	22006.698261999998			2.0	1.0	0.0	3.0					
22010.03	99.83500000000276	trials	34.0	22105.581962999997	22106.983775999997	22107.908573999997	22107.984148	22104.930354	22107.187707999998	22108.704	22109.865	2.0	1.0	1.0	1.0					
22111.952	10.166999999997643	trials	34.0	22117.521459	22118.865823	22120.258113	22120.458786	22116.85864	22119.218521	22120.924	22122.119	2.0	1.0	1.0	1.0					
22124.164	8.930000000000291	trials	34.0	22130.423176999997	22131.523434	22132.744219	22132.969796999998	22129.722229	22131.843648			2.0	1.0	0.0	3.0					
22136.099	6.385000000002037	trials	34.0	22138.066584999997	22139.328674999997	22140.477163	22140.680678999997	22136.515926999997	22139.672709	22141.144	22142.484	2.0	1.0	1.0	1.0					
22144.499	30.235000000000582	trials	34.0	22169.807047	22171.831862	22172.758200999997	22172.880741999998	22168.908048999998	22172.063009999998	22173.374	22174.734	2.0	1.0	1.0	1.0					
22178.749	8.619999999998981	trials	34.0	22180.7522	22182.528198	22183.464952	22183.738599999997	22179.977386	22182.558412			2.0	1.0	0.0	3.0					
22187.824	4.31499999999869	trials	34.0	22189.552077999997	22190.952600999997	22191.779663999998	22191.888963999998	22187.409390999997	22191.043864			2.0	1.0	0.0	3.0					
