onset	duration	nwb_table	block	tone_on_time	tone_off_time	action_on_time	action_off_time	pokeC_on_time	pokeC_off_time	reward_on_time	reward_off_time	state	action	reward	result	FinishedBlock	FirstTrial	LastTrial	RewardRule_L	RewardRule_R
0.266	1717.066	trials	6.0	0.0	0.0	13.775800000000002	14.4115	-1.7851849999999985	12.657630000000001			2.0	1.0	0.0	3.0					
2.627	276.49	BlockDesign														1.0	1.0	21.0	50.0	0.0
2.627	11.675	trials	1.0	10.522558000000002	11.887966000000002	13.775800000000002	14.4115	9.933261000000002	12.657630000000001			2.0	1.0	0.0	3.0					
18.092	8.355	trials	1.0	22.522325000000002	23.53863	25.838409000000002	26.552780000000002	21.929577000000002	24.266287000000002			2.0	1.0	0.0	3.0					
29.099	10.712999999999997	trials	1.0	34.847599	36.918956	38.348351	38.511048	33.871641000000004	36.999568000000004	38.897	39.812	2.0	1.0	1.0	1.0					
41.902	9.320999999999998	trials	1.0	45.602478000000005	47.214732000000005	49.041195	49.308139000000004	44.638089	47.6545	49.643	51.223	2.0	1.0	1.0	1.0					
53.067	10.119999999999997	trials	1.0	58.644022	60.269226	62.444674000000006	63.294391000000005	58.066707	61.312885			2.0	2.0	0.0	3.0					
64.782	8.941000000000003	trials	1.0	70.433398	72.054426	73.264926	73.83094	69.610104	72.291944			2.0	1.0	0.0	3.0					
76.592	12.256	trials	1.0	83.23749600000001	85.224507	87.199966	87.780096	82.587579	85.759124			2.0	1.0	0.0	3.0					
91.442	16.310000000000002	trials	1.0	101.992461	103.10454	105.835818	106.026769	101.37838500000001	104.726209	106.397	107.752	2.0	1.0	1.0	1.0					
109.713	9.424000000000007	trials	1.0	114.37930300000001	115.607253	118.54435600000001	118.99527	113.551435	116.762137			2.0	1.0	0.0	3.0					
122.827	7.550000000000011	trials	1.0	125.42829400000001	126.869053	128.92692399999999	129.683401	124.850437	127.433387			2.0	1.0	0.0	3.0					
131.242	12.77600000000001	trials	1.0	139.272646	140.53911499999998	142.24764	142.43921899999998	138.743061	141.14175999999998	142.768	144.018	2.0	1.0	1.0	1.0					
147.037	7.489999999999981	trials	1.0	150.653569	152.550117			149.744103	152.544156			2.0		0.0	2.0					
158.538	13.47399999999999	trials	1.0	167.468272	168.80949400000003	171.61327	172.046197	166.594899	169.9345			2.0	1.0	0.0	3.0					
174.942	14.805000000000007	trials	1.0	184.982845	186.22393	188.00088900000003	188.17553700000002	184.36540200000002	187.065538	188.598	189.747	2.0	1.0	1.0	1.0					
191.768	9.244	trials	1.0	194.923587	196.360392	198.72065800000001	199.105141	194.31037300000003	197.200129	199.223	201.012	2.0	1.0	1.0	1.0					
203.106	9.841000000000008	trials	1.0	209.57283	211.02695799999998	212.461723	213.05633799999998	208.64971300000002	211.602505			2.0	1.0	0.0	3.0					
215.798	12.568999999999988	trials	1.0	222.508488	224.07441999999998	226.579677	226.77050400000002	221.78803	224.95277399999998	227.087	228.367	2.0	1.0	1.0	1.0					
230.437	8.036999999999978	trials	1.0	233.80818399999998	235.22961600000002	238.08578799999998	238.55817000000002	233.11757699999998	236.15040700000003			2.0	2.0	0.0	3.0					
240.407	9.00399999999999	trials	1.0	245.36292400000002	247.007452	249.03022500000003	249.50395300000002	244.437883	247.657039			2.0	1.0	0.0	3.0					
253.357	11.52000000000001	trials	1.0	258.372609	259.869761	263.49661499999996	264.102709	257.82598	260.681733			2.0	2.0	0.0	3.0					
268.187	10.930000000000007	trials	1.0	274.638269	276.559977	278.884971	279.224657	273.881698	277.40824399999997			2.0	1.0	0.0	3.0					
283.199	339.458	BlockDesign														1.0	22.0	44.0	0.0	50.0
283.199	7.723000000000013	trials	2.0	285.992998	287.10055	289.311203	289.589941	285.39485099999996	287.824342	289.867	290.922	3.0	2.0	1.0	1.0					
293.942	11.439999999999998	trials	2.0	299.584794	301.489323	303.31690599999996	303.739087	298.698168	301.816258	303.848	305.382	3.0	2.0	1.0	1.0					
307.477	8.785000000000025	trials	2.0	311.743051	313.529977	316.023487	316.372069	310.880743	313.52511699999997			3.0		0.0	2.0					
317.572	11.324999999999989	trials	2.0	323.013439	325.025227	328.42395799999997	329.00449	322.111489	325.020286			3.0		0.0	2.0					
331.063	12.663999999999987	trials	2.0	339.27091	341.220448	343.29695799999996	343.835353	338.399965	341.835248			3.0	2.0	0.0	3.0					
346.607	8.950999999999965	trials	2.0	349.393465	351.052267	353.704396	354.151024	348.761761	351.28977599999996	354.433	355.558	3.0	2.0	1.0	1.0					
357.623	9.519999999999982	trials	2.0	361.248322	362.797514	365.336685	365.853639	360.60209399999997	363.535597	366.137	367.143	3.0	2.0	1.0	1.0					
369.167	7.065000000000055	trials	2.0	372.413035	373.741827	375.787348	376.339605	371.549606	374.347192			3.0	2.0	0.0	3.0					
379.176	9.047000000000025	trials	2.0	383.988211	385.712649	387.70705599999997	388.33252699999997	383.043554	385.61602899999997			3.0	2.0	0.0	3.0					
390.022	16.810000000000002	trials	2.0	398.210204	400.141864	402.028714	402.48844199999996	397.559941	400.725715	402.587	406.832	3.0	2.0	1.0	1.0					
407.907	8.145000000000039	trials	2.0	411.059478	412.274341	415.618682	416.159628	410.496518	413.76073199999996			3.0	2.0	0.0	3.0					
417.963	13.503999999999962	trials	2.0	425.82328	427.310091	429.706254	430.177167	425.036086	427.941489	430.362	431.467	3.0	2.0	1.0	1.0					
434.527	7.955000000000041	trials	2.0	437.028896	438.72554099999996	440.650443	441.174846	436.369053	439.067955	441.177	442.482	3.0	2.0	1.0	1.0					
446.558	17.869000000000028	trials	2.0	459.474451	461.328687	463.845067	464.534722	458.78214299999996	462.22211999999996			3.0	2.0	0.0	3.0					
466.152	45.67500000000001	trials	2.0	507.983809	510.064843	511.589361	511.927041	506.98690899999997	510.032386			3.0	1.0	0.0	3.0					
513.833	9.639999999999986	trials	2.0	519.8286370000001	521.2193050000001	523.067766	523.579005	519.025015	521.505745			3.0	2.0	0.0	3.0					
526.308	10.460000000000036	trials	2.0	532.1487500000001	534.0665720000001	536.293771	536.8742080000001	531.227467	534.712761			3.0	2.0	0.0	3.0					
538.612	15.18100000000004	trials	2.0	548.795325	550.1254250000001	553.407063	553.863825	548.076901	551.450245			3.0	1.0	0.0	3.0					
557.732	8.56000000000006	trials	2.0	560.578614	562.4059000000001	565.8620000000001	566.4008630000001	559.74343	562.399569			3.0		0.0	2.0					
566.342	11.696000000000026	trials	2.0	574.00552	575.9206300000001	577.523104	578.149297	573.346983	576.128409			3.0	1.0	0.0	3.0					
580.836	9.630999999999972	trials	2.0	586.3444450000001	587.8119670000001	590.071764	590.5740380000001	585.75666	588.9588210000001			3.0	1.0	0.0	3.0					
592.332	16.700000000000045	trials	2.0	604.4392620000001	605.944563	608.610531	609.143175	603.8910050000001	606.201186			3.0	2.0	0.0	3.0					
612.877	9.780000000000086	trials	2.0	617.373726	619.078554	620.9200850000001	621.4643930000001	616.487797	619.256341	621.582	622.657	3.0	2.0	1.0	1.0					
626.737	799.9900000000001	BlockDesign														1.0	45.0	105.0	50.0	50.0
626.737	8.790000000000077	trials	3.0	632.39418	633.802591	635.263669	635.4731400000001	631.746648	634.225131			2.0	1.0	0.0	3.0					
639.537	7.294999999999959	trials	3.0	642.1844050000001	643.724811	645.091264	645.300931	641.2422680000001	644.1019160000001	645.738	646.832	2.0	1.0	1.0	1.0					
648.853	8.569000000000074	trials	3.0	652.7555080000001	654.016972	655.262476	655.440277	651.783454	654.508128	655.947	657.422	2.0	1.0	1.0	1.0					
660.442	7.975000000000023	trials	3.0	663.239328	664.432317	666.632068	667.133851	662.315683	665.182675	667.308	668.417	3.0	2.0	1.0	1.0					
671.512	8.065000000000055	trials	3.0	675.4749280000001	677.237437	679.01679	679.688704	674.515665	677.5219350000001			2.0	1.0	0.0	3.0					
682.407	8.344999999999914	trials	3.0	686.435467	688.48537	690.293863	690.860257	685.925233	689.02548			3.0	2.0	0.0	3.0					
692.657	14.589999999999918	trials	3.0	701.9797460000001	703.601634	706.230756	706.811995	701.280609	704.7628490000001			3.0	2.0	0.0	3.0					
708.574	11.328000000000088	trials	3.0	714.025203	715.466626	719.541693	720.004267	713.4223470000001	716.014497			3.0	1.0	0.0	3.0					
722.975	8.752999999999929	trials	3.0	727.569412	729.17244	731.34874	731.8271950000001	726.666196	729.410037			3.0	2.0	0.0	3.0					
733.723	14.528999999999996	trials	3.0	742.2561750000001	744.304983	746.2083580000001	746.664828	741.447486	744.818895	746.817	748.252	3.0	2.0	1.0	1.0					
751.343	8.090000000000032	trials	3.0	754.989405	756.8646170000001	758.9997070000001	759.5399920000001	754.178757	757.529271			2.0	2.0	0.0	3.0					
762.262	16.43500000000006	trials	3.0	773.620227	775.3618	776.957568	777.24936	772.9475560000001	775.719954	767.817	778.697	2.0	1.0	1.0	1.0					
780.718	11.729000000000042	trials	3.0	788.39004	789.976521	792.044833	792.554958	787.7162800000001	790.739412			2.0	2.0	0.0	3.0					
796.333	12.033999999999992	trials	3.0	802.624227	804.237204	806.885043	808.475418	801.6959350000001	804.638011			2.0	2.0	0.0	3.0					
809.157	13.169999999999959	trials	3.0	817.555015	819.5014	821.979415	822.438765	817.0042450000001	819.491125			3.0		0.0	2.0					
825.477	11.923999999999978	trials	3.0	833.349784	834.6687410000001	836.969964	837.510837	832.6706240000001	835.3949680000001			3.0	2.0	0.0	3.0					
840.327	11.020999999999958	trials	3.0	845.779807	847.222066	850.780255	851.3836130000001	844.8079250000001	847.630317			3.0	2.0	0.0	3.0					
853.357	12.411000000000058	trials	3.0	859.4801140000001	861.121245	865.473972	865.789981	858.914088	861.91597			3.0	1.0	0.0	3.0					
869.842	8.034999999999968	trials	3.0	872.421588	874.2130010000001	876.0734570000001	876.426783	871.4808800000001	874.691493	876.747	877.877	2.0	1.0	1.0	1.0					
880.965	7.717999999999961	trials	3.0	883.909972	885.463009	886.806649	887.0197870000001	883.134358	885.734199	887.357	888.683	2.0	1.0	1.0	1.0					
890.702	7.539999999999964	trials	3.0	894.9214890000001	896.599137	897.829815	898.3533940000001	894.120126	896.9830000000001			2.0	1.0	0.0	3.0					
901.147	9.739999999999895	trials	3.0	904.744491	906.758092	908.56714	909.055777	903.9864	907.002391	909.227	910.887	3.0	2.0	1.0	1.0					
914.907	6.3700000000000045	trials	3.0	917.325046	918.342075	920.5426510000001	921.388723	916.6449610000001	919.6204590000001			2.0	1.0	0.0	3.0					
922.793	11.31899999999996	trials	3.0	928.3854190000001	930.2965250000001	932.34028	932.8044520000001	927.773143	930.791605	932.887	934.112	3.0	2.0	1.0	1.0					
937.142	10.54099999999994	trials	3.0	943.0698100000001	944.8279540000001	947.0633270000001	947.7908570000001	942.553573	944.814328			3.0		0.0	2.0					
949.733	11.035000000000082	trials	3.0	955.546384	956.9466010000001	958.463928	958.6754830000001	954.750037	957.3089150000001	959.098	960.768	2.0	1.0	1.0	1.0					
964.787	6.185999999999922	trials	3.0	966.77061	968.8425890000001	970.528536	971.0795730000001	966.254857	969.4306670000001			3.0	2.0	0.0	3.0					
972.884	9.557999999999993	trials	3.0	978.796633	980.5737700000001	982.016257	982.553128	978.217131	980.9649320000001			2.0	1.0	0.0	3.0					
985.327	9.941000000000031	trials	3.0	988.600452	990.3288	993.00256	993.6507760000001	987.6778780000001	990.655794			2.0	1.0	0.0	3.0					
995.302	14.009999999999991	trials	3.0	1002.9501730000001	1004.767194	1007.4528300000001	1007.925879	1002.139075	1005.1657170000001	1008.018	1009.312	3.0	2.0	1.0	1.0					
1011.343	11.804000000000087	trials	3.0	1017.980172	1019.23707	1021.052634	1021.507249	1017.37363	1020.0041620000001	1021.542	1023.147	3.0	2.0	1.0	1.0					
1027.23	6.58199999999988	trials	3.0	1029.631549	1030.847734	1033.454352	1033.922391	1028.856288	1032.081204			2.0	2.0	0.0	3.0					
1035.768	13.814000000000078	trials	3.0	1045.336771	1047.202389	1049.150533	1049.693805	1044.817806	1047.196479			2.0		0.0	2.0					
1052.131	27.076000000000022	trials	3.0	1075.155621	1076.862732	1078.948552	1079.318422	1074.49435	1076.854428			2.0		0.0	2.0					
1082.911	7.195999999999913	trials	3.0	1085.2570660000001	1086.80211	1088.339995	1088.7620980000002	1084.51529	1087.100277	1088.942	1090.107	3.0	2.0	1.0	1.0					
1092.208	6.833999999999833	trials	3.0	1095.886081	1097.139819	1098.6380920000001	1099.153284	1095.223801	1098.0605050000001			2.0	1.0	0.0	3.0					
1101.998	8.599999999999909	trials	3.0	1105.520628	1107.021416	1108.73835	1109.26839	1104.782727	1107.3191590000001	1109.232	1110.598	3.0	2.0	1.0	1.0					
1112.683	7.963999999999942	trials	3.0	1116.83008	1118.3145220000001	1120.12506	1120.756599	1115.916351	1118.743778			3.0	2.0	0.0	3.0					
1124.377	7.480000000000018	trials	3.0	1127.905318	1129.6878100000001	1131.378789	1131.966913	1127.18911	1129.912225			3.0	2.0	0.0	3.0					
1134.627	14.894999999999982	trials	3.0	1144.280475	1146.01513	1147.630053	1147.863796	1143.434463	1146.415765	1148.202	1149.522	2.0	1.0	1.0	1.0					
1153.577	7.910000000000082	trials	3.0	1156.4907190000001	1158.487807	1159.587579	1159.896416	1155.776188	1158.452845	1160.192	1161.487	2.0	1.0	1.0	1.0					
1163.567	7.7349999999999	trials	3.0	1167.68643	1169.509324	1170.956932	1171.414168	1166.685277	1169.601147			2.0	2.0	0.0	3.0					
1175.268	11.628999999999905	trials	3.0	1180.720959	1183.013568	1185.034639	1185.356232	1179.7885860000001	1183.335216	1185.752	1186.897	2.0	1.0	1.0	1.0					
1189.967	6.1599999999998545	trials	3.0	1192.231035	1193.566936	1195.7409010000001	1196.236855	1191.620199	1194.066888			3.0	2.0	0.0	3.0					
1198.032	13.055000000000064	trials	3.0	1204.86076	1205.978513	1209.169174	1209.617127	1203.862989	1206.791279	1209.712	1211.087	3.0	2.0	1.0	1.0					
1214.137	6.025000000000091	trials	3.0	1217.330551	1218.441066	1219.75666	1220.273214	1216.434718	1218.920365			2.0	1.0	0.0	3.0					
1223.073	7.113999999999805	trials	3.0	1226.837494	1227.964399	1229.68419	1230.299004	1226.097492	1228.413249			3.0	2.0	0.0	3.0					
1231.952	15.441000000000031	trials	3.0	1241.160819	1243.227457	1245.685675	1246.078156	1240.443732	1243.205077	1246.232	1247.393	3.0	2.0	1.0	1.0					
1251.417	10.815000000000055	trials	3.0	1256.941229	1258.964275	1262.056846	1262.3425750000001	1256.350213	1258.955322			2.0		0.0	2.0					
1262.983	12.129000000000133	trials	3.0	1268.605896	1270.402358	1272.6052	1273.213137	1267.703398	1270.363029			3.0	2.0	0.0	3.0					
1275.921	14.55600000000004	trials	3.0	1284.672411	1286.45378	1290.023824	1290.590341	1283.751262	1286.441499			3.0		0.0	2.0					
1292.358	13.354000000000042	trials	3.0	1300.007406	1301.6790780000001	1303.866903	1304.369385	1299.172464	1302.371737	1304.522	1305.712	3.0	2.0	1.0	1.0					
1307.8	9.798000000000002	trials	3.0	1312.86105	1314.634407	1317.333153	1317.706993	1312.187091	1314.625843			3.0		0.0	2.0					
1319.621	8.630999999999858	trials	3.0	1325.021265	1326.740307	1327.85005	1328.362395	1324.452753	1327.094415			2.0	1.0	0.0	3.0					
1330.102	17.995999999999867	trials	3.0	1342.346342	1344.1881580000002	1345.763788	1345.994284	1341.764772	1344.710245	1346.522	1348.098	2.0	1.0	1.0	1.0					
1351.132	6.269999999999982	trials	3.0	1354.087855	1355.228186	1357.030281	1357.514061	1353.402372	1355.7408970000001			2.0	2.0	0.0	3.0					
1361.392	7.750999999999976	trials	3.0	1364.111383	1365.576151	1367.286945	1367.5566840000001	1363.3939420000002	1366.138014	1367.837	1369.143	2.0	1.0	1.0	1.0					
1372.227	19.080999999999904	trials	3.0	1385.761675	1387.066452	1389.424893	1389.758245	1385.1592660000001	1387.769791	1390.162	1391.308	3.0	2.0	1.0	1.0					
1393.373	8.999000000000024	trials	3.0	1397.521559	1399.005045	1400.556471	1400.98219	1396.827157	1399.520955	1401.107	1402.372	3.0	2.0	1.0	1.0					
1404.393	9.863000000000056	trials	3.0	1409.9227600000002	1411.323448	1413.880291	1414.36953	1409.1112170000001	1412.1168030000001			3.0	2.0	0.0	3.0					
1418.183	8.544000000000096	trials	3.0	1421.758057	1423.395608	1424.721814	1425.0565530000001	1420.754028	1423.836012	1425.393	1426.727	2.0	1.0	1.0	1.0					
1430.893	110.70499999999993	BlockDesign														1.0	106.0	111.0	0.0	0.0
1430.893	5.5	trials	4.0	1432.616133	1433.825023	1436.011561	1436.502583	1430.844513	1434.444442			2.0	1.0	0.0	3.0					
1440.352	6.509999999999991	trials	4.0	1442.76658	1444.29042	1446.551845	1446.922126	1442.14831	1444.713571			2.0	1.0	0.0	3.0					
1450.937	16.060000000000173	trials	4.0	1463.4632080000001	1465.537935	1466.5565020000001	1467.107872	1462.861967	1465.749802			2.0	1.0	0.0	3.0					
1470.949	11.49799999999982	trials	4.0	1477.521825	1478.854126	1482.062518	1482.556968	1476.8223010000002	1479.138363			2.0	2.0	0.0	3.0					
1485.487	44.86999999999989	trials	4.0	1525.956717	1527.5337100000002	1529.971728	1530.468129	1525.241166	1527.527304			2.0		0.0	2.0					
1533.599	7.999000000000024	trials	4.0	1537.467057	1539.3083100000001	1541.354497	1541.711634	1536.9427	1539.555669			2.0	1.0	0.0	3.0					
1545.732	81.05999999999995	BlockDesign														1.0	112.0	116.0	0.0	0.0
1545.732	20.549999999999955	trials	5.0	1562.321899	1563.898959	1565.8160440000001	1566.393609	1561.465525	1564.455745			3.0	2.0	0.0	3.0					
1569.137	13.220000000000027	trials	5.0	1575.6735700000002	1577.31402	1579.5098500000001	1580.043615	1574.681182	1577.636509			3.0	2.0	0.0	3.0					
1582.824	16.077999999999975	trials	5.0	1594.751766	1595.894241	1598.542138	1599.013129	1594.158889	1596.723567			3.0	2.0	0.0	3.0					
1602.889	12.123000000000047	trials	5.0	1610.80716	1612.171351	1614.567483	1615.124959	1610.146129	1613.128834			3.0	2.0	0.0	3.0					
1618.877	7.914999999999964	trials	5.0	1622.536918	1624.240311			1621.936764	1624.839843			3.0	2.0	0.0	3.0					
1629.117	541.9010000000001	BlockDesign														1.0	117.0	158.0	50.0	50.0
1629.117	21.086000000000013	trials	6.0	1645.532398	1646.984067	1648.12624	1648.314577	1644.964395	1647.1829010000001	1648.642	1650.203	2.0	1.0	1.0	1.0					
1652.219	12.413000000000011	trials	6.0	1658.412153	1659.7197330000001	1662.80991	1663.236856	1657.7125720000001	1660.928467	1663.334	1664.632	3.0	2.0	1.0	1.0					
1668.653	12.154999999999973	trials	6.0	1674.424042	1675.4490210000001	1677.863734	1678.4478880000001	1673.889477	1676.455602			3.0	2.0	0.0	3.0					
1681.177	13.680000000000064	trials	6.0	1688.292271	1689.5863120000001	1692.4784650000001	1692.899967	1687.7462970000001	1690.568542	1693.102	1694.857	3.0	2.0	1.0	1.0					
1698.002	9.830000000000155	trials	6.0	1702.51249	1704.299941	1705.7938000000001	1706.149042	1701.790129	1704.983577	1706.612	1707.832	2.0	1.0	1.0	1.0					
1720.137	10.470000000000027	trials	6.0	1726.12722	1727.694259	1730.185078	1730.72127	1725.171403	1728.189727			2.0	1.0	0.0	3.0					
1734.487	14.595000000000027	trials	6.0	1742.964283	1744.470045	1748.6929810000001	1749.195402	1741.9955710000002	1744.458685			3.0		0.0	2.0					
1750.443	12.219000000000051	trials	6.0	1756.372591	1757.689554	1760.734128	1761.290545	1755.599641	1758.3202410000001	1761.357	1762.662	3.0	2.0	1.0	1.0					
1765.702	7.4249999999999545	trials	6.0	1769.298892	1770.977553	1772.892963	1773.227308	1768.424458	1771.6498470000001			2.0	1.0	0.0	3.0					
1775.168	8.246000000000095	trials	6.0	1779.731242	1781.129389	1783.029113	1783.524805	1778.7458410000002	1781.6149870000002			3.0	2.0	0.0	3.0					
1786.348	13.473999999999933	trials	6.0	1794.603157	1796.356329	1798.013125	1798.248057	1794.055219	1796.856004	1798.617	1799.822	2.0	1.0	1.0	1.0					
1801.922	8.865000000000009	trials	6.0	1807.642947	1809.084751	1810.293337	1810.9021360000002	1806.688807	1809.415413			2.0	1.0	0.0	3.0					
1814.608	8.115000000000009	trials	6.0	1817.2426950000001	1818.419069	1821.007995	1821.519303	1816.285726	1819.295812	1821.627	1822.723	3.0	2.0	1.0	1.0					
1824.742	7.5499999999999545	trials	6.0	1828.1382720000001	1829.485642	1831.7699890000001	1832.405043	1827.582724	1830.254286			3.0	2.0	0.0	3.0					
1835.018	10.838999999999942	trials	6.0	1840.430577	1841.984671	1845.560797	1845.891003	1839.784719	1842.734434			2.0	2.0	0.0	3.0					
1849.907	8.825000000000045	trials	6.0	1852.8880980000001	1854.900777	1856.817471	1856.982172	1852.213281	1855.406547	1857.277	1858.732	2.0	1.0	1.0	1.0					
1860.818	8.825000000000045	trials	6.0	1864.363216	1866.0842890000001	1869.250761	1869.756082	1863.732612	1866.518793			3.0	2.0	0.0	3.0					
1872.578	9.019999999999982	trials	6.0	1876.497547	1878.445201	1881.0807300000001	1881.712962	1875.911265	1878.951174			3.0	2.0	0.0	3.0					
1884.387	9.850000000000136	trials	6.0	1890.623158	1892.459521	1893.917373	1894.350373	1890.041148	1892.596012			2.0	1.0	0.0	3.0					
1896.187	15.940000000000055	trials	6.0	1907.2995270000001	1909.275822	1910.315764	1910.4634680000001	1906.685172	1909.2342720000001	1910.947	1912.127	2.0	1.0	1.0	1.0					
1915.199	10.81899999999996	trials	6.0	1919.938609	1921.472734	1923.451114	1923.891841	1918.9850920000001	1922.269462	1925.992	1926.018	3.0	2.0	1.0	1.0					
1928.958	9.146999999999935	trials	6.0	1934.549935	1936.366581	1937.7770110000001	1938.187969	1933.990749	1936.564149			2.0	1.0	0.0	3.0					
1940.09	11.287000000000035	trials	6.0	1945.2685840000001	1947.690421	1949.356969	1949.760858	1944.532671	1947.731818	1949.988	1951.377	3.0	2.0	1.0	1.0					
1954.491	9.076000000000022	trials	6.0	1959.434088	1960.619602	1963.179285	1963.68181	1958.437516	1960.982193			2.0	2.0	0.0	3.0					
1965.517	8.974999999999909	trials	6.0	1971.1179630000001	1972.369833	1974.031941	1974.606223	1970.573055	1973.072926			2.0	1.0	0.0	3.0					
1976.278	9.878999999999905	trials	6.0	1980.885232	1982.409079	1984.376385	1984.783304	1980.091404	1982.86582	1984.877	1986.157	3.0	2.0	1.0	1.0					
1989.177	7.966000000000122	trials	6.0	1992.738118	1994.235957	1996.6398490000001	1997.2526110000001	1991.910271	1994.225959			2.0		0.0	2.0					
1998.212	8.30600000000004	trials	6.0	2003.08329	2004.261201	2006.1290040000001	2006.6325160000001	2002.298191	2005.082184			2.0	1.0	0.0	3.0					
2010.482	7.335000000000036	trials	6.0	2013.848737	2015.621358	2017.311277	2017.928811	2013.244555	2015.854683			3.0	2.0	0.0	3.0					
2020.657	17.705000000000155	trials	6.0	2032.26028	2034.13261	2036.551899	2036.956275	2031.697216	2034.298746	2037.072	2038.362	3.0	2.0	1.0	1.0					
2042.452	6.7000000000000455	trials	6.0	2045.604922	2046.999055	2048.752158	2049.2682689999997	2044.95289	2047.3336350000002			3.0	2.0	0.0	3.0					
2052.047	7.304999999999836	trials	6.0	2055.340351	2056.667328	2058.823645	2059.464974	2054.4457209999996	2056.6832379999996			3.0	2.0	0.0	3.0					
2061.127	11.827999999999975	trials	6.0	2069.128757	2071.0304469999996	2072.5918779999997	2073.043936	2068.533845	2071.3243249999996			2.0	1.0	0.0	3.0					
2075.907	7.2599999999997635	trials	6.0	2078.753228	2079.80195	2082.353263	2083.278309	2078.184696	2080.326334			3.0	2.0	0.0	3.0					
2084.684	11.23299999999972	trials	6.0	2090.9836299999997	2092.500509	2093.94946	2094.3025989999996	2090.1982839999996	2092.9926149999997	2094.582	2095.917	2.0	1.0	1.0	1.0					
2098.937	6.900000000000091	trials	6.0	2102.139136	2104.0012869999996	2105.250376	2105.952824	2101.472911	2104.302557			2.0	1.0	0.0	3.0					
2107.572	10.335000000000036	trials	6.0	2111.6191179999996	2112.9313989999996	2115.7157519999996	2116.1788709999996	2110.852566	2113.616329	2116.3	2117.907	3.0	2.0	1.0	1.0					
2121.991	8.231999999999971	trials	6.0	2126.333533	2128.210342	2129.773507	2130.3338289999997	2125.451724	2128.4919099999997			2.0	2.0	0.0	3.0					
2134.082	10.315000000000055	trials	6.0	2139.408927	2141.369393	2143.350709	2143.704961	2138.5641149999997	2141.3003679999997			3.0	2.0	1.0	1.0					
2146.907	10.610999999999876	trials	6.0	2152.6354509999996	2154.5052029999997	2157.0860129999996	2157.629668	2151.8523309999996	2154.415834			2.0	2.0	0.0	3.0					
2159.418	11.599999999999909	trials	6.0	2164.244025	2166.12084	2167.931466	2168.388653	2163.442814	2166.5968119999998	2168.562	2171.018	3.0	2.0	1.0	1.0					
2175.042	830.8450000000003	BlockDesign														1.0	159.0	227.0	50.0	90.0
2175.042	6.75	trials	7.0	2179.6545029999997	2179.8211979999996			2178.684902	2179.818442			1.0		0.0	2.0					
2184.812	20.894999999999982	trials	7.0	2200.5642869999997	2201.9873559999996	2203.844251	2204.0739959999996	2199.8622269999996	2202.2606229999997	2204.462	2205.707	1.0	1.0	1.0	1.0					
2209.788	9.855000000000018	trials	7.0	2213.248984	2214.750614	2217.6677379999996	2217.9044879999997	2212.3531829999997	2214.957627	2218.268	2219.643	1.0	1.0	1.0	1.0					
2221.662	9.865000000000236	trials	7.0	2225.1143439999996	2226.4667139999997	2229.5561909999997	2229.8002119999996	2224.421614	2227.537225	2230.132	2231.527	1.0	1.0	1.0	1.0					
2233.623	8.519999999999982	trials	7.0	2237.716246	2238.941143	2241.812482	2242.2578409999996	2237.1274319999998	2239.7019029999997			1.0	1.0	0.0	3.0					
2246.172	6.9099999999998545	trials	7.0	2247.859688	2248.786177	2250.891944	2251.0899249999998	2246.5428389999997	2248.7835579999996			1.0		0.0	2.0					
2253.748	6.719000000000051	trials	7.0	2256.720082	2257.896659			2256.182872	2257.8931			1.0		0.0	2.0					
2261.933	6.6039999999998145	trials	7.0	2263.9845179999998	2265.8531669999998	2267.654333	2268.649396	2262.249172	2266.560493			1.0	1.0	0.0	3.0					
2269.947	10.411999999999807	trials	7.0	2274.4257869999997	2275.72405	2278.5082199999997	2278.8993819999996	2273.802382	2276.3921579999997	2279.172	2280.359	1.0	2.0	1.0	1.0					
2282.491	11.721000000000004	trials	7.0	2287.4264829999997	2289.235546	2292.321841	2292.804701	2286.673249	2289.8980629999996	2292.952	2294.212	1.0	2.0	1.0	1.0					
2298.232	13.045000000000073	trials	7.0	2305.4053599999997	2306.7559079999996	2309.017562	2309.469094	2304.633014	2307.185583	2309.602	2311.277	1.0	2.0	1.0	1.0					
2313.357	9.510000000000218	trials	7.0	2316.864526	2318.521788	2322.3836039999997	2322.9801479999996	2316.0968909999997	2318.5103609999996			1.0		0.0	2.0					
2323.498	10.81899999999996	trials	7.0	2328.0794469999996	2329.4163209999997	2332.285852	2332.879453	2327.5221309999997	2330.0160339999998	2332.902	2334.317	1.0	2.0	1.0	1.0					
2337.337	7.394999999999982	trials	7.0	2339.9958359999996	2341.111348			2338.517507	2341.1038139999996			1.0		0.0	2.0					
2345.059	15.422999999999774	trials	7.0	2352.019832	2353.661165	2358.195318	2358.536959	2351.069071	2354.3851419999996	2358.768	2360.482	1.0	1.0	1.0	1.0					
2362.588	10.793999999999869	trials	7.0	2366.324666	2367.725541	2371.375201	2371.5673629999997	2365.4345519999997	2368.075908	2371.872	2373.382	1.0	1.0	1.0	1.0					
2375.465	9.416999999999916	trials	7.0	2378.59141	2380.5218579999996	2383.1818359999997	2383.48576	2377.836238	2380.866154	2383.768	2384.882	1.0	2.0	1.0	1.0					
2387.902	8.579999999999927	trials	7.0	2390.3310269999997	2392.028718	2394.447795	2394.842639	2389.6800129999997	2392.7032289999997	2394.992	2396.482	1.0	2.0	1.0	1.0					
2400.547	6.5349999999998545	trials	7.0	2402.350075	2404.023535	2406.758527	2407.198414	2401.3608219999996	2404.757338			1.0	1.0	0.0	3.0					
2409.037	13.68600000000015	trials	7.0	2415.61032	2416.750556	2420.5990859999997	2420.846416	2415.084801	2417.828274	2421.172	2422.723	1.0	1.0	1.0	1.0					
2425.738	12.235000000000127	trials	7.0	2427.8794239999997	2429.389378	2432.287867	2432.663677	2427.151684	2430.1865679999996	2432.882	2434.027	1.0	2.0	1.0	1.0					
2438.074	5.5779999999999745	trials	7.0	2440.105368	2441.4107609999996	2443.355956	2443.7695139999996	2438.090678	2441.995598			1.0	2.0	0.0	3.0					
2446.717	8.755999999999858	trials	7.0	2448.761696	2450.7859169999997	2455.198081	2455.520385	2448.017805	2451.286228			1.0	1.0	0.0	3.0					
2457.532	12.659999999999854	trials	7.0	2464.1197349999998	2465.962356	2468.2554739999996	2468.7395979999997	2463.3196629999998	2466.477148	2468.812	2470.192	1.0	2.0	1.0	1.0					
2472.28	9.5949999999998	trials	7.0	2475.419928	2477.277964	2481.5683409999997	2481.918942	2474.6313299999997	2477.9603349999998			1.0	1.0	0.0	3.0					
2484.808	9.168999999999869	trials	7.0	2487.4754319999997	2489.4506549999996	2492.225743	2492.649391	2486.5507709999997	2489.881249	2492.848	2493.977	1.0	2.0	1.0	1.0					
2497.997	7.575000000000273	trials	7.0	2499.825139	2501.4968879999997	2505.2227799999996	2505.689118	2498.594525	2501.492019			1.0		0.0	2.0					
2507.512	14.884999999999764	trials	7.0	2516.379954	2517.727501	2520.217776	2520.687498	2515.845914	2518.8400359999996	2520.712	2522.397	1.0	2.0	1.0	1.0					
2526.422	7.730000000000018	trials	7.0	2528.249401	2530.281191	2532.019327	2532.486799	2527.208333	2530.9144589999996	2532.572	2534.152	1.0	2.0	1.0	1.0					
2537.2	8.273000000000138	trials	7.0	2539.9463339999998	2541.427537	2543.5040339999996	2543.9885419999996	2539.107829	2542.6051629999997	2544.098	2545.473	1.0	2.0	1.0	1.0					
2549.621	7.750999999999749	trials	7.0	2552.070382	2553.218317	2555.34872	2555.7540129999998	2551.142609	2553.957931	2555.973	2557.372	1.0	2.0	1.0	1.0					
2559.467	9.599999999999909	trials	7.0	2563.301939	2565.368271	2567.276206	2567.791334	2562.666291	2565.759356	2567.765	2569.067	1.0	2.0	1.0	1.0					
2572.121	10.290999999999713	trials	7.0	2573.9199369999997	2575.6633709999996	2580.112048	2580.478521	2572.985964	2576.372586	2580.637	2582.412	1.0	2.0	1.0	1.0					
2586.498	8.269999999999982	trials	7.0	2589.165118	2590.457662	2592.6631079999997	2592.7420589999997	2588.303704	2591.5281339999997	2593.262	2594.768	1.0	1.0	1.0	1.0					
2598.787	7.160000000000309	trials	7.0	2600.77548	2602.6829789999997	2605.676046	2606.060884	2599.172611	2602.674387			1.0		0.0	2.0					
2607.662	10.670000000000073	trials	7.0	2611.0704459999997	2612.677682	2616.318691	2616.6647279999997	2610.560187	2613.7769829999997	2617.007	2618.332	1.0	1.0	1.0	1.0					
2621.352	8.135000000000218	trials	7.0	2623.575997	2625.147322	2627.563784	2627.794885	2623.067661	2625.951407	2628.172	2629.487	1.0	1.0	1.0	1.0					
2631.573	8.519000000000233	trials	7.0	2634.681295	2636.5940699999996	2638.2042039999997	2638.5899799999997	2633.841447	2636.934624	2638.872	2640.092	1.0	2.0	1.0	1.0					
2644.178	7.804000000000087	trials	7.0	2645.8422339999997	2647.6153769999996	2650.183524	2650.528347	2644.392343	2648.07627	2650.719	2651.982	1.0	2.0	1.0	1.0					
2655.043	7.389999999999873	trials	7.0	2656.7954849999996	2658.661369	2660.621087	2660.962857	2655.997969	2658.965926	2661.227	2662.433	1.0	2.0	1.0	1.0					
2666.517	9.190000000000055	trials	7.0	2670.432355	2672.153855	2673.9687299999996	2674.226169	2669.4365559999997	2672.247879	2674.467	2675.707	1.0	2.0	1.0	1.0					
2678.731	6.980999999999767	trials	7.0	2681.035899	2682.107747	2683.937263	2684.340144	2680.079514	2682.6484539999997	2684.632	2685.712	1.0	2.0	1.0	1.0					
2688.782	7.559999999999945	trials	7.0	2690.9510109999997	2692.327465	2694.50288	2694.8620739999997	2690.0072739999996	2692.8265779999997	2695.183	2696.342	1.0	2.0	1.0	1.0					
2698.418	10.103000000000065	trials	7.0	2701.545357	2703.104229	2706.6209799999997	2706.9164429999996	2701.01727	2703.701587	2707.147	2708.521	1.0	1.0	1.0	1.0					
2711.584	8.158000000000357	trials	7.0	2715.597327	2717.6570939999997	2719.4515659999997	2719.767554	2714.6366799999996	2717.752102			1.0	2.0	0.0	3.0					
2722.752	11.6550000000002	trials	7.0	2727.1704579999996	2728.874539	2732.3965559999997	2732.6845359999998	2726.4939099999997	2729.3789669999996	2732.992	2734.407	1.0	1.0	1.0	1.0					
2737.559	10.393000000000029	trials	7.0	2740.816163	2742.177627	2745.2994879999997	2745.558951	2739.9736439999997	2742.486532	2745.947	2747.952	1.0	1.0	1.0	1.0					
2751.973	7.753999999999905	trials	7.0	2753.945919	2755.265238	2757.524191	2757.8212439999998	2753.2766549999997	2755.7466449999997	2758.177	2759.727	1.0	2.0	1.0	1.0					
2761.883	7.554000000000087	trials	7.0	2765.396428	2766.867937	2768.9978849999998	2769.553383	2764.747734	2767.647054			1.0	1.0	0.0	3.0					
2773.377	8.615000000000236	trials	7.0	2775.670612	2777.5774349999997	2779.9421199999997	2780.4370329999997	2774.986263	2778.1274559999997	2780.757	2781.992	1.0	2.0	1.0	1.0					
2785.007	8.934999999999945	trials	7.0	2788.500733	2789.7610259999997	2791.8516419999996	2792.2961109999997	2787.6493929999997	2790.3705809999997	2792.492	2793.942	1.0	2.0	1.0	1.0					
2797.026	9.46100000000024	trials	7.0	2800.0857809999998	2801.6522109999996	2804.6425919999997	2804.8644999999997	2799.2391939999998	2802.2683439999996	2805.177	2806.487	1.0	1.0	1.0	1.0					
2810.576	7.93100000000004	trials	7.0	2812.556748	2813.853558	2816.5968839999996	2817.032498	2810.788839	2814.3931979999998	2817.197	2818.507	1.0	2.0	1.0	1.0					
2821.527	7.5	trials	7.0	2823.5063	2824.7872859999998	2827.094544	2827.37101	2822.760773	2825.7537869999996	2827.643	2829.027	1.0	1.0	1.0	1.0					
2831.107	8.760000000000218	trials	7.0	2834.321195	2836.007638	2837.985073	2838.455367	2833.445778	2836.5498669999997	2838.542	2839.867	1.0	2.0	1.0	1.0					
2843.887	6.464999999999691	trials	7.0	2845.811976	2847.1389489999997	2850.117088	2850.3415139999997	2844.733609	2847.7862099999998			1.0	1.0	0.0	3.0					
2854.362	8.049999999999727	trials	7.0	2856.196269	2857.681048	2859.5977319999997	2860.0529039999997	2855.142868	2858.1208829999996	2860.094	2862.412	1.0	2.0	1.0	1.0					
2864.433	8.614000000000033	trials	7.0	2867.541397	2868.7129499999996	2871.020297	2871.4520549999997	2866.959535	2869.5618249999998	2871.552	2873.047	1.0	2.0	1.0	1.0					
2875.063	7.764000000000124	trials	7.0	2879.246562	2880.5937519999998	2882.5672	2882.9389199999996	2878.248502	2881.244545			1.0	2.0	0.0	3.0					
2884.883	9.182000000000244	trials	7.0	2888.8662839999997	2890.493368	2893.6963029999997	2894.162057	2888.228472	2891.024985			1.0	1.0	0.0	3.0					
2896.062	10.730000000000018	trials	7.0	2900.6868959999997	2901.973598	2904.8310189999997	2905.231374	2899.790473	2902.8071849999997	2905.507	2906.792	1.0	2.0	1.0	1.0					
2908.832	11.440000000000055	trials	7.0	2912.7319869999997	2913.9268319999996	2918.197095	2918.6299019999997	2911.957144	2914.899938	2918.687	2920.272	1.0	2.0	1.0	1.0					
2922.342	9.529999999999745	trials	7.0	2926.201812	2927.480857	2929.792537	2930.20147	2925.492186	2928.051931	2930.442	2931.872	1.0	2.0	1.0	1.0					
2933.893	11.43899999999985	trials	7.0	2938.722574	2940.3587159999997	2942.879042	2943.3373659999997	2937.8141469999996	2940.821767	2943.422	2945.332	1.0	2.0	1.0	1.0					
2949.352	7.666000000000167	trials	7.0	2950.9834269999997	2952.813061	2954.7402009999996	2955.186582	2950.1062869999996	2953.324831	2955.372	2957.018	1.0	2.0	1.0	1.0					
2960.033	9.403999999999996	trials	7.0	2962.37295	2963.898866	2966.9800659999996	2967.280942	2961.524199	2964.643822	2967.672	2969.437	1.0	2.0	1.0	1.0					
2973.496	7.0909999999998945	trials	7.0	2975.4368879999997	2976.92281	2978.5329309999997	2978.962747	2973.851197	2977.040583	2979.037	2980.587	1.0	2.0	1.0	1.0					
2982.612	11.8449999999998	trials	7.0	2987.0584089999998	2989.088483	2992.5799479999996	2993.001528	2986.0836249999998	2989.492261	2993.2	2994.457	1.0	2.0	1.0	1.0					
2998.477	7.410000000000309	trials	7.0	3000.3318689999996	3001.768016	3003.9603039999997	3004.2292169999996	2998.713652	3002.4040619999996	3004.457	3005.887	1.0	2.0	1.0	1.0					
3008.982	807.5250000000001	BlockDesign														1.0	228.0	271.0	10.0	50.0
3008.982	10.873000000000047	trials	8.0	3015.533042	3017.561377	3019.5060009999997	3019.970918	3014.698212	3018.0611139999996			1.0	2.0	0.0	3.0					
3021.857	12.701000000000022	trials	8.0	3030.7722449999997	3031.990022	3034.179294	3034.6718379999998	3030.2216439999997	3032.8946859999996			1.0	1.0	0.0	3.0					
3036.437	10.800000000000182	trials	8.0	3041.192158	3042.477429	3045.271828	3045.781524	3040.507016	3044.147917	3045.867	3047.237	1.0	2.0	1.0	1.0					
3049.272	7.726000000000113	trials	8.0	3052.807527	3054.73441	3056.682802	3057.116127	3051.925477	3054.9410909999997			1.0	2.0	0.0	3.0					
3060.996	7.335999999999785	trials	8.0	3063.322199	3064.921348	3068.063068	3068.407881	3062.361105	3065.302674			1.0	1.0	0.0	3.0					
3072.338	44.90899999999965	trials	8.0	3111.037158	3112.5126410000003	3115.064104	3115.455928	3110.1793040000002	3113.024279	3115.737	3117.247	1.0	2.0	1.0	1.0					
3119.268	9.59900000000016	trials	8.0	3122.98301	3124.784043	3126.8345400000003	3127.202819	3122.268332	3125.169411	3127.518	3128.867	1.0	2.0	1.0	1.0					
3131.887	6.960999999999785	trials	8.0	3134.112722	3135.951888	3138.369639	3138.925134	3133.303215	3136.438278			1.0	2.0	0.0	3.0					
3142.685	29.436999999999898	trials	8.0	3164.9074880000003	3166.25609	3168.867527	3169.317687	3163.962177	3166.645262			1.0	2.0	0.0	3.0					
3172.183	14.97400000000016	trials	8.0	3179.612996	3180.79455	3184.876082	3185.457476	3178.679628	3181.307448			1.0	2.0	0.0	3.0					
3188.28	13.047000000000025	trials	8.0	3195.757383	3196.9686420000003	3199.406958	3199.856749	3194.801689	3197.950659	3191.047	3201.327	1.0	2.0	1.0	1.0					
3204.357	10.9050000000002	trials	8.0	3209.433255	3211.30289	3214.406112	3214.91412	3208.5775670000003	3211.837678			1.0	2.0	0.0	3.0					
3217.332	10.91000000000031	trials	8.0	3222.018018	3223.38923	3226.236888	3226.676571	3221.212932	3223.9822320000003	3226.758	3228.242	1.0	2.0	1.0	1.0					
3231.308	6.929000000000087	trials	8.0	3233.474112	3235.369599	3237.804872	3238.31441	3232.566287	3235.573359			1.0	1.0	0.0	3.0					
3241.212	8.960000000000036	trials	8.0	3244.092279	3245.878877	3248.24197	3248.677782	3243.431978	3246.260331	3248.977	3250.172	1.0	2.0	1.0	1.0					
3253.192	8.530999999999949	trials	8.0	3257.554491	3258.697067	3261.303119	3261.7988720000003	3256.563075	3259.261364			1.0	2.0	0.0	3.0					
3265.628	7.5789999999997235	trials	8.0	3267.898349	3269.967692	3272.806469	3273.2841710000002	3267.186207	3270.367071			1.0	1.0	0.0	3.0					
3277.077	19.8449999999998	trials	8.0	3287.8779600000003	3289.129622	3292.210842	3292.390907	3287.311332	3289.959524	3292.957	3296.922	1.0	2.0	1.0	1.0					
3299.008	56.039000000000215	trials	8.0	3351.993426	3353.575962	3354.672443	3355.126206	3351.130595	3353.824424			1.0	1.0	0.0	3.0					
3357.062	15.914999999999964	trials	8.0	3368.962986	3370.079859	3372.660941	3373.043947	3368.101818	3370.869675			1.0	2.0	0.0	3.0					
3376.982	14.9050000000002	trials	8.0	3386.883015	3388.96026	3391.533641	3391.964134	3385.889541	3388.956381			1.0		0.0	2.0					
3393.967	25.81999999999971	trials	8.0	3415.1090560000002	3416.726817	3419.331708	3419.866108	3414.494799	3416.719188			1.0		0.0	2.0					
3421.815	26.896999999999935	trials	8.0	3442.015184	3443.681979	3446.040534	3446.139129	3441.499995	3444.508533			1.0	1.0	0.0	3.0					
3450.373	21.338999999999942	trials	8.0	3462.849972	3464.3456340000002	3468.8566920000003	3469.212759	3462.175453	3465.718889	3469.527	3471.712	1.0	2.0	1.0	1.0					
3474.732	11.414999999999964	trials	8.0	3479.003678	3480.92261	3483.906811	3485.222904	3478.423814	3482.0088570000003			1.0	2.0	0.0	3.0					
3486.852	7.331000000000131	trials	8.0	3491.507504	3492.252195			3490.847609	3492.243563			1.0		0.0	2.0					
3498.189	16.588000000000193	trials	8.0	3506.825301	3508.6574330000003	3512.316165	3513.3060020000003	3505.823099	3509.321382			1.0	1.0	0.0	3.0					
3516.688	14.954999999999927	trials	8.0	3523.64408	3525.453632	3528.373239	3528.877532	3522.939512	3526.215617	3518.297	3531.643	1.0	2.0	1.0	1.0					
3533.683	14.353999999999814	trials	8.0	3539.6093260000002	3541.025734	3543.862341	3544.878258	3538.957939	3542.022366			1.0	2.0	0.0	3.0					
3548.192	25.110000000000127	trials	8.0	3566.953575	3568.445965	3571.329366	3572.2324550000003	3566.0306060000003	3569.990862			1.0	2.0	0.0	3.0					
3575.668	25.79399999999987	trials	8.0	3595.515667	3596.9362410000003	3600.40576	3601.5407130000003	3594.689445	3597.9808080000003			1.0	2.0	0.0	3.0					
3603.377	13.41800000000012	trials	8.0	3611.309372	3612.727041	3616.34994	3616.873471	3610.409466	3613.3074690000003			1.0	1.0	0.0	3.0					
3618.748	23.02300000000014	trials	8.0	3635.180604	3636.670845	3638.949846	3639.50483	3634.234541	3637.291657	3639.518	3641.771	1.0	2.0	1.0	1.0					
3643.808	10.81899999999996	trials	8.0	3649.684788	3651.4223730000003	3653.952412	3654.708477	3648.739725	3652.122278			1.0	2.0	0.0	3.0					
3657.247	13.510000000000218	trials	8.0	3663.999465	3665.727498	3668.638859	3669.1069230000003	3663.419726	3666.286532	3669.207	3670.757	1.0	2.0	1.0	1.0					
3674.843	13.544000000000324	trials	8.0	3681.298761	3683.285738	3686.079031	3686.16029	3680.516199	3684.040878			1.0	2.0	0.0	3.0					
3689.482	17.670000000000073	trials	8.0	3701.279407	3703.159782	3706.674153	3707.230745	3700.4956730000004	3703.599812			1.0	1.0	0.0	3.0					
3709.032	12.614999999999782	trials	8.0	3714.684843	3716.260601	3719.325575	3719.808204	3714.050333	3717.3103650000003	3719.872	3721.647	1.0	2.0	1.0	1.0					
3723.702	11.565999999999804	trials	8.0	3730.0696660000003	3731.9976260000003	3734.240882	3734.739337	3729.3256030000002	3732.484367			1.0	2.0	1.0	1.0					
3739.707	11.860000000000127	trials	8.0	3747.419096	3748.7506590000003	3750.936237	3751.644631	3746.628587	3749.592669			1.0	2.0	0.0	3.0					
3753.272	17.036000000000058	trials	8.0	3763.029933	3764.366196	3768.608624	3769.106607	3762.321693	3765.072142			1.0	1.0	0.0	3.0					
3770.937	18.5	trials	8.0	3782.574639	3784.7800740000002	3787.152407	3787.605434	3781.957167	3785.138168	3787.652	3789.437	1.0	2.0	1.0	1.0					
3791.537	9.472000000000207	trials	8.0	3796.810404	3798.324786	3800.4767150000002	3801.086769	3795.9476480000003	3799.054074			1.0	2.0	0.0	3.0					
3804.782	11.724999999999909	trials	8.0	3812.480609	3813.841799	3816.503843	3817.0706950000003	3811.503591	3814.873574			1.0	2.0	0.0	3.0					
3819.869	98.71499999999969	BlockDesign														1.0	272.0	276.0	0.0	0.0
3819.869	18.833000000000084	trials	9.0	3829.4496870000003	3830.916237	3833.565797	3834.3853090000002	3828.545561	3831.557315			1.0	2.0	0.0	3.0					
3838.998	19.963999999999942	trials	9.0	3853.119795	3854.366586	3857.509037	3858.259853	3852.514944	3854.986103			1.0	2.0	0.0	3.0					
3860.827	17.149999999999636	trials	9.0	3870.150569	3871.276893	3876.582813	3877.12239	3869.536422	3872.433591			1.0	2.0	0.0	3.0					
3880.014	21.092999999999847	trials	9.0	3892.794906	3894.739365	3897.483924	3898.159	3892.156089	3895.862138			1.0	2.0	0.0	3.0					
3901.768	16.815999999999804	trials	9.0	3914.794686	3916.071367	3918.4943710000002	3919.0407020000002	3914.197087	3916.718229			1.0	2.0	0.0	3.0					
3921.892	1317.0810000000001	BlockDesign														1.0	277.0	371.0	90.0	50.0
3921.892	100.22000000000025	trials	10.0	4017.160698	4018.2772640000003	4019.945301	4020.306173	4016.338772	4018.961847	4020.527	4022.112	1.0	1.0	1.0	1.0					
4026.203	6.789000000000215	trials	10.0	4028.726856	4030.318899	4032.480899	4033.07379	4026.771734	4030.300184			1.0		0.0	2.0					
4035.257	12.804999999999836	trials	10.0	4041.735383	4043.5417580000003	4045.896663	4046.165538	4041.074391	4044.348426	4046.587	4048.062	1.0	1.0	1.0	1.0					
4050.082	9.266000000000076	trials	10.0	4053.516809	4055.26071	4057.1648910000004	4057.637717	4052.704067	4055.772961	4057.957	4059.348	1.0	2.0	1.0	1.0					
4061.422	9.55600000000004	trials	10.0	4066.641983	4068.6524	4070.618543	4071.055331	4065.665175	4069.187031			1.0	2.0	0.0	3.0					
4072.912	11.915000000000418	trials	10.0	4077.634382	4079.027795	4082.782883	4083.2243280000002	4076.929508	4079.523669	4083.502	4084.827	1.0	2.0	1.0	1.0					
4088.914	7.29300000000012	trials	10.0	4090.719819	4092.577295	4094.590075	4095.144257	4089.9219110000004	4093.1540999999997			1.0	2.0	0.0	3.0					
4097.98	16.493000000000393	trials	10.0	4110.675476	4111.942629	4113.981288	4114.554246	4109.8030770000005	4112.657586			1.0	2.0	0.0	3.0					
4117.312	17.19499999999971	trials	10.0	4126.760253	4128.754068	4132.302609	4132.775773	4126.128396	4129.317683	4133.027	4134.507	1.0	2.0	1.0	1.0					
4136.658	9.679000000000087	trials	10.0	4140.500597	4142.340438	4144.252338	4144.693302	4139.4981	4142.531448	4144.938	4146.337	1.0	2.0	1.0	1.0					
4150.358	6.054000000000087	trials	10.0	4152.102245	4153.607574	4156.015322	4156.492223	4151.414774	4154.138892			1.0	2.0	0.0	3.0					
4158.407	19.764999999999418	trials	10.0	4173.3304339999995	4174.382471	4177.609697	4178.254611	4172.620800000001	4175.881233			1.0	1.0	0.0	3.0					
4181.937	14.5600000000004	trials	10.0	4190.545562	4192.221992	4195.359926	4195.46577	4189.8376260000005	4192.951338			1.0	2.0	0.0	3.0					
4197.717	14.131000000000313	trials	10.0	4205.190896	4206.660374	4209.334242	4209.781005	4204.221464	4207.0523410000005	4209.997	4211.848	1.0	2.0	1.0	1.0					
4213.864	9.423000000000684	trials	10.0	4218.536054	4219.853415	4222.675256	4223.370063	4217.577414	4220.595309			1.0	2.0	0.0	3.0					
4225.031	12.291000000000167	trials	10.0	4230.352511	4232.387312	4235.418081	4236.015327	4229.575581	4233.307622	4236.052	4237.322	1.0	2.0	1.0	1.0					
4241.407	9.164999999999964	trials	10.0	4243.892669	4245.871731	4248.376877000001	4248.8174770000005	4243.078956	4246.620989	4248.927	4250.572	1.0	2.0	1.0	1.0					
4254.66	6.837000000000444	trials	10.0	4257.000627	4258.573016	4261.082316	4261.579672	4256.073545	4259.25537			1.0	2.0	0.0	3.0					
4265.417	15.170000000000073	trials	10.0	4274.392613	4276.087599	4278.510792	4279.03322	4273.437032	4276.285083	4279.098	4280.587	1.0	2.0	1.0	1.0					
4283.603	7.283999999999651	trials	10.0	4286.246111	4287.609584	4290.398759	4290.97005	4285.697931000001	4288.236734			1.0	2.0	0.0	3.0					
4293.793	15.324000000000524	trials	10.0	4303.470706	4305.137351	4308.490869	4309.197273	4302.639125	4305.669723			1.0	2.0	0.0	3.0					
4312.992	15.324999999999818	trials	10.0	4322.071143	4323.917942	4326.206604	4326.696116	4321.438989	4324.072249	4327.002	4328.317	1.0	2.0	1.0	1.0					
4331.357	9.99499999999989	trials	10.0	4335.506384	4337.045846	4339.311123	4339.783032	4334.838116	4337.7982520000005	4339.987	4341.352	1.0	2.0	1.0	1.0					
4345.393	9.189000000000306	trials	10.0	4347.62607	4349.6583900000005	4352.38026	4352.83335	4346.86947	4350.113373	4352.973	4354.582	1.0	2.0	1.0	1.0					
4358.602	8.105000000000473	trials	10.0	4360.571256	4362.177858	4364.452538	4365.1283490000005	4359.87761	4363.126535			1.0	2.0	0.0	3.0					
4366.859	14.122999999999593	trials	10.0	4376.2679	4377.568239	4380.566895	4381.064767	4375.413534	4378.057371			1.0	2.0	0.0	3.0					
4382.952	9.05999999999949	trials	10.0	4387.907231	4389.068384	4391.443697000001	4392.0915079999995	4386.933053	4389.7337609999995			1.0	2.0	0.0	3.0					
4393.657	18.909999999999854	trials	10.0	4406.156768	4407.373479	4410.558276	4410.988368	4405.546488	4408.403462	4411.192	4412.567	1.0	2.0	1.0	1.0					
4415.587	10.169999999999163	trials	10.0	4418.846297	4420.318934	4422.82733	4423.350446	4418.086148	4421.155797			1.0	2.0	0.0	3.0					
4427.199	12.070000000000618	trials	10.0	4432.386149	4434.793104	4437.122784	4437.582335	4431.437196	4435.1773410000005	4437.723	4439.269	1.0	2.0	1.0	1.0					
4442.357	7.600000000000364	trials	10.0	4445.536446	4446.757905	4448.842364	4449.264834	4444.549712	4447.345958			1.0	2.0	1.0	1.0					
4454.419	10.278000000000247	trials	10.0	4458.626285	4460.4066	4462.365866	4462.877729	4457.774892	4460.805867	4462.95	4464.697	1.0	2.0	1.0	1.0					
4466.757	8.095000000000255	trials	10.0	4470.2278160000005	4472.089337	4474.424171000001	4474.933976	4469.680142	4472.32497			1.0	2.0	0.0	3.0					
4477.757	8.789999999999964	trials	10.0	4481.393424	4483.131293	4486.109619	4486.62776	4480.451046	4483.576398			1.0	2.0	0.0	3.0					
4489.518	16.439000000000306	trials	10.0	4499.15693	4501.15862	4503.825912	4504.319223	4498.428168	4501.657457	4504.357	4505.957	1.0	2.0	1.0	1.0					
4507.974	9.248999999999796	trials	10.0	4511.426927	4512.532826000001	4514.972705	4515.405367	4510.616808	4513.5196080000005	4515.47	4517.223	1.0	2.0	1.0	1.0					
4520.306	9.631000000000313	trials	10.0	4523.046743	4524.962486	4527.427136	4527.917745	4522.209959	4525.476176			1.0	2.0	0.0	3.0					
4530.768	11.939000000000306	trials	10.0	4538.076903	4539.998499	4542.202851	4542.789048000001	4537.432677	4540.016541			1.0	2.0	0.0	3.0					
4546.532	13.75	trials	10.0	4553.20206	4554.9522560000005	4558.247966	4558.708965	4552.284342	4555.5025160000005	4558.912	4560.282	1.0	2.0	1.0	1.0					
4562.302	9.631000000000313	trials	10.0	4565.643312	4567.332335	4569.99845	4570.439697	4565.118611	4568.076198	4570.643	4571.933	1.0	2.0	1.0	1.0					
4575.022	8.614999999999782	trials	10.0	4578.046883	4579.526286	4581.630476	4581.881174	4577.110699	4580.270169	4582.262	4583.637	1.0	1.0	1.0	1.0					
4585.782	9.27599999999984	trials	10.0	4588.87199	4589.987891	4592.612412	4592.793345	4588.044317	4590.83145	4593.177	4595.058	1.0	1.0	1.0	1.0					
4598.137	7.845000000000255	trials	10.0	4600.268348	4601.67648	4604.149811	4604.500052	4599.630386	4602.030527	4604.762	4605.982	1.0	2.0	1.0	1.0					
4610.047	6.380000000000109	trials	10.0	4611.777543	4613.258768	4614.579666	4614.8501670000005	4610.976953	4613.558138	4615.337	4616.427	1.0	1.0	1.0	1.0					
4619.555	6.752999999999702	trials	10.0	4621.497009000001	4623.212183	4625.443974	4625.83577	4620.655232	4623.400023			1.0	2.0	0.0	3.0					
4627.768	10.444000000000415	trials	10.0	4632.058628	4633.902425	4636.3189760000005	4636.705362000001	4631.174492	4634.317752	4636.967	4638.212	1.0	1.0	1.0	1.0					
4640.267	7.985000000000582	trials	10.0	4643.1183120000005	4644.299825	4646.352587	4646.517383	4642.189464	4645.172741	4646.872	4648.252	1.0	1.0	1.0	1.0					
4651.272	8.536000000000058	trials	10.0	4652.993565	4654.596485	4657.740279	4657.966055	4652.031192	4655.034584	4658.422	4659.808	1.0	1.0	1.0	1.0					
4662.828	7.493999999999687	trials	10.0	4664.912505	4666.588928	4668.535607	4668.735849000001	4663.447143	4667.142743	4669.092	4670.322	1.0	1.0	1.0	1.0					
4674.372	6.170000000000073	trials	10.0	4676.037327	4676.713974	4680.171702	4680.624369	4674.443591	4676.707473			1.0		0.0	2.0					
4681.733	10.559000000000196	trials	10.0	4687.362918	4688.935703	4692.038607	4692.285591	4686.425171	4689.169476			1.0	2.0	0.0	3.0					
4694.37	16.266999999999825	trials	10.0	4700.4340520000005	4701.6241549999995	4704.360474	4704.783999	4699.757186	4702.368498	4705.033	4710.637	1.0	1.0	1.0	1.0					
4710.973	7.7390000000004875	trials	10.0	4713.122349	4714.32517	4716.806115	4717.255046	4712.142279	4715.256339	4717.452	4718.712	1.0	2.0	1.0	1.0					
4721.848	9.97900000000027	trials	10.0	4725.57782	4727.209119	4729.712813	4730.126654	4724.759073	4727.930205000001	4730.308	4731.827	1.0	2.0	1.0	1.0					
4735.858	8.574999999999818	trials	10.0	4738.367688	4740.1894489999995	4742.429669	4742.7042	4737.539079	4740.566337	4743.202	4744.433	1.0	1.0	1.0	1.0					
4748.467	7.551000000000386	trials	10.0	4751.412575	4752.684707	4754.069651	4754.343684	4750.8517520000005	4752.925397	4754.712	4756.018	1.0	1.0	1.0	1.0					
4760.037	6.770999999999731	trials	10.0	4762.12283	4763.175651	4766.5285380000005	4766.890742	4760.222911	4763.172524			1.0		0.0	2.0					
4769.176	10.850999999999658	trials	10.0	4773.527841	4775.527628	4778.008836	4778.490138	4772.636147	4775.726829	4778.667	4780.027	1.0	2.0	1.0	1.0					
4783.047	8.805000000000291	trials	10.0	4786.184556	4787.289575	4789.599149	4789.896683	4785.285782	4788.258342	4790.183	4791.852	1.0	1.0	1.0	1.0					
4793.872	7.515999999999622	trials	10.0	4797.7127120000005	4799.409858	4801.057548	4801.458524	4797.069503000001	4799.467979			1.0	1.0	0.0	3.0					
4803.385	10.24200000000019	trials	10.0	4808.284382	4809.788085	4813.196448000001	4813.710204	4807.355666	4810.973264			1.0	2.0	0.0	3.0					
4817.589	13.554000000000087	trials	10.0	4822.363284	4823.499398	4827.663417	4828.216968000001	4821.500312	4824.5224259999995			1.0	2.0	0.0	3.0					
4832.217	16.68000000000029	trials	10.0	4841.78786	4842.98994	4846.756383	4847.1474180000005	4840.964184	4844.08784	4847.512	4848.897	1.0	2.0	1.0	1.0					
4852.981	6.831000000000131	trials	10.0	4855.332752	4856.536914	4859.375475	4859.894705000001	4854.34494	4857.470747			1.0	2.0	0.0	3.0					
4863.652	13.4399999999996	trials	10.0	4870.0599600000005	4871.426373	4875.276288	4875.697959	4869.521832	4872.145442	4875.854	4877.092	1.0	2.0	1.0	1.0					
4879.202	9.315999999999804	trials	10.0	4882.578089000001	4883.75549	4886.630913	4886.776644	4881.705632	4884.747681	4887.223	4888.518	1.0	1.0	1.0	1.0					
4890.574	9.778000000000247	trials	10.0	4894.293072	4895.471687	4898.350721	4898.655186	4893.579974	4896.763325	4898.907	4900.352	1.0	1.0	1.0	1.0					
4902.407	11.050000000000182	trials	10.0	4908.604788000001	4909.732838	4911.4157510000005	4911.746586	4907.905509	4910.29176	4912.052	4913.457	1.0	1.0	1.0	1.0					
4915.492	8.735999999999876	trials	10.0	4918.36365	4920.20549	4923.481991000001	4923.908625	4917.613097	4920.51377			1.0	2.0	0.0	3.0					
4926.277	7.5600000000004	trials	10.0	4929.213035	4930.611627	4933.219794000001	4933.922396	4928.551245000001	4931.186969			1.0	2.0	0.0	3.0					
4936.482	18.279999999999745	trials	10.0	4945.2486	4946.729333	4948.831613	4949.178593000001	4944.49233	4947.460347	4949.387	4950.768	1.0	1.0	1.0	1.0					
4954.852	8.456000000000131	trials	10.0	4956.458124	4957.639938	4961.009259	4961.347986	4954.844933	4958.48994	4961.592	4963.308	1.0	2.0	1.0	1.0					
4965.407	8.970000000000255	trials	10.0	4968.663254	4970.013615	4972.073238	4972.486415	4967.890703	4971.042471	4972.747	4974.377	1.0	1.0	1.0	1.0					
4977.449	7.932999999999993	trials	10.0	4979.680121	4981.719564	4983.434241	4983.7274	4978.3619	4982.215401	4984.047	4985.382	1.0	2.0	1.0	1.0					
4988.465	6.537000000000262	trials	10.0	4990.810002	4992.577875	4994.592657	4995.087332	4989.534059	4992.823271			1.0	2.0	0.0	3.0					
4996.933	14.939000000000306	trials	10.0	5000.9985560000005	5002.766979	5006.169845	5006.2991440000005	5000.223423	5003.455871	5006.737	5008.032	1.0	1.0	1.0	1.0					
5012.102	7.319999999999709	trials	10.0	5013.738932	5014.835276	5017.492109	5017.790672	5011.955352	5015.412818	5018.177	5019.422	1.0	1.0	1.0	1.0					
5021.513	8.609000000000378	trials	10.0	5023.79345	5025.227288	5028.421127	5028.612186	5023.286006	5026.282058	5028.927	5030.122	1.0	1.0	1.0	1.0					
5033.144	9.478000000000065	trials	10.0	5035.753347	5037.521814	5040.705779	5041.009905	5034.755088	5037.873596	5041.463	5042.622	1.0	1.0	1.0	1.0					
5045.732	8.465000000000146	trials	10.0	5048.583738	5050.416315	5053.8768660000005	5054.280336	5047.882049	5050.405935			1.0		0.0	2.0					
5054.449	11.234000000000378	trials	10.0	5059.504103	5060.679617	5063.620211	5064.008712	5058.776012	5061.352571	5064.212	5065.683	1.0	1.0	1.0	1.0					
5068.703	8.09899999999925	trials	10.0	5071.288698	5073.290300000001	5074.811861	5075.135847	5069.68639	5073.419306	5075.476	5076.802	1.0	1.0	1.0	1.0					
5080.822	7.949999999999818	trials	10.0	5082.448818	5083.540632	5086.671906	5086.9796910000005	5081.605187	5084.608665	5087.212	5088.772	1.0	1.0	1.0	1.0					
5092.856	5.875	trials	10.0	5094.873972	5095.982043	5098.402995	5098.756106	5093.685584	5096.846774			1.0	2.0	0.0	3.0					
5101.672	7.761000000000422	trials	10.0	5103.864528	5104.986314	5107.422368	5107.812281	5103.329601	5106.303063	5108.162	5109.433	1.0	1.0	1.0	1.0					
5111.453	11.53899999999976	trials	10.0	5117.423726999999	5118.7252100000005	5120.775054	5121.0767670000005	5116.496370000001	5119.816172000001	5121.357	5122.992	1.0	1.0	1.0	1.0					
5125.028	9.448999999999614	trials	10.0	5128.343825	5130.245901	5134.066266	5134.5604619999995	5127.52946	5130.836137			1.0	1.0	0.0	3.0					
5138.497	9.795000000000073	trials	10.0	5141.678844	5143.459642	5146.225130000001	5146.570809000001	5140.901963	5144.117574	5146.842	5148.292	1.0	2.0	1.0	1.0					
5152.377	9.214999999999236	trials	10.0	5157.57936	5159.015492	5161.306509	5161.621247	5156.858205	5159.382015			1.0	2.0	0.0	3.0					
5165.669	9.08600000000024	trials	10.0	5168.348685	5169.856664	5172.698925000001	5173.091042	5167.721175000001	5171.15815	5173.382	5174.755	1.0	1.0	1.0	1.0					
5178.827	7.675000000000182	trials	10.0	5181.214052	5182.451119	5184.526956	5184.806411	5180.438461	5183.212960000001	5185.098	5186.502	1.0	1.0	1.0	1.0					
5190.583	7.7590000000000146	trials	10.0	5192.22396	5193.941721	5196.319659000001	5196.5936870000005	5190.86964	5194.843715999999	5197.047	5198.342	1.0	1.0	1.0	1.0					
5201.362	6.274000000000342	trials	10.0	5203.435631	5204.725001000001	5206.622594	5206.875295	5202.522597	5205.363345			1.0	1.0	1.0	1.0					
5211.168	10.579000000000633	trials	10.0	5215.739418	5217.291668	5219.717121	5220.010758	5214.8900699999995	5218.1937	5220.348	5221.747	1.0	1.0	1.0	1.0					
5223.832	15.140999999999622	trials	10.0	5233.51113	5234.595843	5236.87716	5237.170916	5232.957153	5235.983244	5237.487	5238.973	1.0	1.0	1.0	1.0					
5242.06	1794.0829999999996	BlockDesign														1.0	372.0	495.0	50.0	10.0
5242.06	7.391999999999825	trials	11.0	5244.734862	5246.446637999999	5249.326332000001	5249.535208	5243.917846	5246.4422460000005			1.0		0.0	2.0					
5251.467	8.722000000000662	trials	11.0	5255.454375	5256.63732	5259.959441	5260.271921	5254.557409999999	5256.6290850000005			1.0		0.0	2.0					
5260.657	14.324999999999818	trials	11.0	5270.486283	5271.809097	5274.543722	5275.068520000001	5269.498736	5272.37882			1.0	2.0	0.0	3.0					
5277.84	28.641999999999825	trials	11.0	5301.469230000001	5302.846662	5306.137414000001	5306.5652549999995	5300.496398	5302.837166			1.0		0.0	2.0					
5307.863	20.338999999999942	trials	11.0	5324.106170999999	5325.2700110000005	5327.804265000001	5328.2871780000005	5323.426518	5326.467003			1.0	1.0	0.0	3.0					
5332.087	10.824999999999818	trials	11.0	5338.0614239999995	5339.256354	5342.424384	5342.998938000001	5337.146385	5340.264066			1.0	2.0	0.0	3.0					
5346.777	10.789999999999964	trials	11.0	5350.42503	5352.378837	5355.3427759999995	5355.611482	5349.917701	5352.796695	5355.911	5357.567	1.0	1.0	1.0	1.0					
5360.657	7.930000000000291	trials	11.0	5364.115376	5365.687889000001	5368.140582	5368.670754000001	5363.22623	5366.258836999999			1.0	2.0	0.0	3.0					
5370.559	13.092999999999847	trials	11.0	5379.575144	5381.134274	5383.032312	5383.7388900000005	5378.9404890000005	5382.13737			1.0	1.0	0.0	3.0					
5385.327	11.050000000000182	trials	11.0	5390.0752649999995	5391.947065	5394.578324	5395.172424	5389.3235669999995	5392.417075			1.0	2.0	0.0	3.0					
5396.853	14.890000000000327	trials	11.0	5405.385011	5407.190544	5409.283134	5409.600819	5404.799274999999	5408.180724	5409.962	5411.743	1.0	1.0	1.0	1.0					
5415.827	5.864999999999782	trials	11.0	5418.245379	5419.472109	5421.302616	5421.776163	5417.543206	5420.118147			1.0	1.0	0.0	3.0					
5425.592	8.105000000000473	trials	11.0	5428.955172	5430.88973	5433.166993000001	5433.7806	5428.401067000001	5431.45671			1.0	2.0	0.0	3.0					
5435.482	18.045000000000073	trials	11.0	5447.570838	5448.726012	5451.453893	5451.695645	5446.654697	5449.699487	5452.087	5453.527	1.0	1.0	1.0	1.0					
5456.547	8.7450000000008	trials	11.0	5460.585584	5461.697645	5463.2346259999995	5463.580803000001	5459.61899	5462.394644	5463.829	5465.292	1.0	1.0	1.0	1.0					
5469.342	7.3100000000004	trials	11.0	5471.015095000001	5472.773589	5474.630464	5474.924463	5470.36587	5473.189547	5475.287	5476.652	1.0	1.0	1.0	1.0					
5479.737	9.8149999999996	trials	11.0	5482.626375	5484.592617	5487.096023	5487.553932000001	5481.984456	5485.070246			1.0	2.0	0.0	3.0					
5491.438	10.940999999999804	trials	11.0	5496.496188	5498.575725000001	5501.730875	5502.451828	5495.80596	5499.144042			1.0	1.0	0.0	3.0					
5505.337	10.63299999999981	trials	11.0	5510.440914000001	5512.360979	5515.560244	5516.057645	5509.817297	5512.980100000001			1.0	2.0	0.0	3.0					
5519.893	12.519000000000233	trials	11.0	5527.841627	5529.241209	5531.871503	5532.497122000001	5527.27932	5529.693177			1.0	2.0	0.0	3.0					
5534.202	19.105999999999767	trials	11.0	5547.005963	5548.643895	5552.163221000001	5553.39047	5546.4147410000005	5549.087530000001			1.0	1.0	0.0	3.0					
5554.577	14.179999999999382	trials	11.0	5562.177323	5563.952405	5566.1523290000005	5566.672307000001	5561.574278	5564.163123			1.0	2.0	0.0	3.0					
5570.527	31.30500000000029	trials	11.0	5596.232504	5598.194501	5599.799874	5600.139083	5595.682806000001	5598.879266	5601.808	5601.832	1.0	1.0	1.0	1.0					
5603.445	10.212000000000444	trials	11.0	5610.1356319999995	5611.251147	5613.067252000001	5613.741252	5609.5207740000005	5611.769174999999			1.0	1.0	0.0	3.0					
5617.407	9.239999999999782	trials	11.0	5619.7724450000005	5621.288553	5624.156552	5624.569323	5618.860236	5621.769019	5624.817	5626.647	1.0	2.0	1.0	1.0					
5629.733	6.91399999999976	trials	11.0	5632.802195	5634.109274	5636.218794	5636.735318999999	5631.859109999999	5634.816939			1.0	1.0	0.0	3.0					
5638.543	66.16900000000078	trials	11.0	5700.4659360000005	5701.427619	5704.296342	5704.799817	5699.511185	5701.416829			1.0		0.0	2.0					
5705.377	13.024999999999636	trials	11.0	5715.306151000001	5716.40806	5718.001722	5718.487906	5714.736721	5717.026470000001			1.0	1.0	0.0	3.0					
5721.357	9.63000000000011	trials	11.0	5725.232712	5726.802783	5728.894842	5729.354380000001	5724.3337790000005	5727.27411	5729.462	5730.987	1.0	2.0	1.0	1.0					
5735.077	7.274999999999636	trials	11.0	5738.3726480000005	5739.672954	5741.723156	5742.439499	5737.5107339999995	5740.009431			1.0	2.0	0.0	3.0					
5746.133	30.869000000000597	trials	11.0	5773.671126	5774.868668	5776.860272	5777.088457	5772.689061	5774.862304			1.0		0.0	2.0					
5778.882	10.625	trials	11.0	5783.24684	5784.6936829999995	5787.421394	5787.791531	5782.398099	5785.333826	5788.072	5789.507	1.0	2.0	1.0	1.0					
5792.599	6.662999999999556	trials	11.0	5794.916747	5796.5348030000005	5798.747509000001	5799.3487860000005	5794.323098	5797.325633			1.0	2.0	0.0	3.0					
5801.062	12.645000000000437	trials	11.0	5809.733023000001	5811.326937	5813.182332	5813.794557	5808.951993000001	5811.584235			1.0	2.0	0.0	3.0					
5815.547	11.761000000000422	trials	11.0	5821.422141	5823.238822	5825.249879	5825.4973709999995	5820.851028	5823.75802	5825.977	5827.308	1.0	1.0	1.0	1.0					
5829.327	7.645999999999731	trials	11.0	5832.3985649999995	5833.614047	5836.451041	5837.06134	5831.62193	5834.441133			1.0	2.0	0.0	3.0					
5839.812	13.074999999999818	trials	11.0	5845.7914980000005	5847.738918	5850.547605	5850.847412	5845.027463	5848.131762	5851.122	5852.887	1.0	1.0	1.0	1.0					
5855.972	6.880000000000109	trials	11.0	5858.7878519999995	5860.5910380000005	5862.581607	5862.914685	5857.867086	5861.089649			1.0	2.0	0.0	3.0					
5866.887	7.900000000000546	trials	11.0	5868.907171000001	5870.793702	5872.895748	5873.161139	5868.148553	5870.855742	5873.612	5874.787	1.0	1.0	1.0	1.0					
5878.808	5.469000000000051	trials	11.0	5881.0015920000005	5882.537254	5883.85602	5884.2504659999995	5880.109704	5882.474442000001			1.0	1.0	0.0	3.0					
5887.284	7.673000000000684	trials	11.0	5890.5163919999995	5891.998595	5894.517900000001	5895.045926000001	5889.755433	5892.382143000001			1.0	2.0	0.0	3.0					
5897.906	11.701000000000022	trials	11.0	5903.042737	5905.494785	5907.50294	5907.799277	5902.069122	5905.619388	5908.177	5909.607	1.0	1.0	1.0	1.0					
5912.692	6.710000000000036	trials	11.0	5915.336667	5916.991077000001	5918.301918	5918.547362	5914.4630099999995	5917.428918			1.0	1.0	1.0	1.0					
5922.828	11.41399999999976	trials	11.0	5930.782037	5932.223744	5933.9231039999995	5934.320957	5930.102419000001	5932.753919000001			1.0	1.0	0.0	3.0					
5938.252	8.710000000000036	trials	11.0	5942.011644	5943.988943	5946.440773	5947.049901	5941.046654	5944.287719			1.0	2.0	0.0	3.0					
5950.777	9.4350000000004	trials	11.0	5955.148617000001	5956.4814590000005	5958.13838	5958.565842	5954.386778	5956.776021	5958.757	5960.212	1.0	1.0	1.0	1.0					
5962.297	8.4350000000004	trials	11.0	5966.972829	5968.374269	5970.114384	5970.820683	5966.080383	5968.98532			1.0	1.0	0.0	3.0					
5972.377	9.935999999999694	trials	11.0	5976.398496	5978.045265000001	5981.874179	5982.395574	5975.786887	5978.092449			1.0	2.0	0.0	3.0					
5984.247	10.460000000000036	trials	11.0	5989.563999	5991.0555509999995	5994.272483000001	5994.794983	5988.732551	5991.050648			1.0		0.0	2.0					
5994.983	11.563999999999396	trials	11.0	6002.056866	6003.3640909999995	6004.6369890000005	6004.990906999999	6001.163306	6003.768959999999	6005.282	6006.547	1.0	1.0	1.0	1.0					
6008.623	6.389000000000124	trials	11.0	6011.4686839999995	6013.478472000001	6014.679701999999	6015.084213	6010.942546	6013.741262			1.0	1.0	0.0	3.0					
6019.022	7.105000000000473	trials	11.0	6021.672560999999	6022.778966	6025.817264	6026.172162000001	6020.860086000001	6024.110171			1.0	1.0	0.0	3.0					
6029.137	10.414999999999964	trials	11.0	6032.517113	6033.643827	6036.5568	6037.036545	6031.983413	6034.489568999999	6037.212	6039.552	1.0	2.0	1.0	1.0					
6042.65	10.143000000000029	trials	11.0	6048.202577	6050.254611	6052.494822000001	6052.874643	6047.6233680000005	6050.618735			1.0	2.0	0.0	3.0					
6056.782	7.0900000000001455	trials	11.0	6058.8376370000005	6060.398313	6063.215347	6063.961746	6057.61157	6060.716402			1.0	2.0	0.0	3.0					
6067.552	8.585000000000036	trials	11.0	6070.637258000001	6072.094124	6075.802019000001	6076.225138	6069.963498	6072.088295			1.0		0.0	2.0					
6078.106	8.307999999999993	trials	11.0	6082.967421	6084.019841	6086.063661	6086.487312	6082.040406	6084.902963			1.0	1.0	0.0	3.0					
6089.342	9.689000000000306	trials	11.0	6095.517974	6096.770595	6098.640023	6099.07134	6094.932022999999	6097.563445			1.0	1.0	0.0	3.0					
6103.027	12.164999999999964	trials	11.0	6110.163037	6111.549207	6114.731031	6115.277451	6109.498182	6111.869179			1.0	2.0	0.0	3.0					
6118.058	10.753999999999905	trials	11.0	6123.005518	6124.548954	6126.878781	6127.222928	6122.314768	6124.890716	6127.542	6128.812	1.0	1.0	1.0	1.0					
6130.898	10.817000000000007	trials	11.0	6136.747618	6138.584134000001	6141.246964	6141.713629	6136.00485	6138.751036000001			1.0	2.0	0.0	3.0					
6144.732	6.779999999999745	trials	11.0	6147.268953000001	6148.794217000001	6151.0058690000005	6151.501915	6146.4151950000005	6149.477521000001			1.0	1.0	0.0	3.0					
6155.433	7.368999999999687	trials	11.0	6157.801888	6159.666789	6162.294207	6162.800497	6157.051724	6160.097985			1.0	2.0	0.0	3.0					
6165.767	76.59000000000015	trials	11.0	6238.019367	6239.169244000001	6240.932976	6241.229797	6237.300336	6239.702016			1.0	1.0	0.0	3.0					
6245.292	8.625	trials	11.0	6248.519442000001	6250.251842000001	6251.685732	6252.03286	6247.961643000001	6250.526557	6252.492	6253.917	1.0	1.0	1.0	1.0					
6257.937	9.609999999999673	trials	11.0	6262.233097	6263.8845120000005	6265.841822	6266.179218	6261.318807000001	6264.579781	6266.527	6267.547	1.0	2.0	1.0	1.0					
6269.631	9.780999999999949	trials	11.0	6274.747851	6276.605875	6278.930824	6279.410776000001	6273.759480000001	6276.706428			1.0	2.0	0.0	3.0					
6281.327	9.949999999999818	trials	11.0	6283.982835000001	6285.334533	6288.653277	6289.158831000001	6283.324371000001	6286.025974			1.0	2.0	0.0	3.0					
6292.007	10.5600000000004	trials	11.0	6297.337993	6299.244036	6302.077005	6302.564419	6296.559507	6299.994226000001			1.0	1.0	0.0	3.0					
6304.423	11.22400000000016	trials	11.0	6310.958155	6312.2817270000005	6315.056128	6315.646549	6310.322847	6312.33679			1.0	2.0	0.0	3.0					
6317.454	11.488000000000284	trials	11.0	6324.47421	6325.699768	6328.339647000001	6328.941290000001	6323.497058	6326.591302000001			1.0	2.0	0.0	3.0					
6332.827	8.849999999999454	trials	11.0	6337.787905	6339.452149000001	6341.322735000001	6341.637123	6337.01367	6340.22526			1.0	1.0	0.0	3.0					
6345.752	9.600999999999658	trials	11.0	6350.207917000001	6351.869961	6354.859126	6355.335966000001	6349.2385890000005	6352.1214580000005			1.0	2.0	0.0	3.0					
6358.277	8.0600000000004	trials	11.0	6361.458271	6362.844410000001	6365.660641	6366.334086	6360.700512	6363.58215			1.0	1.0	0.0	3.0					
6370.137	39.034999999999854	trials	11.0	6405.474801	6407.264364000001	6408.697648	6409.14163	6404.936254	6407.537652			1.0	1.0	0.0	3.0					
6411.104	23.853000000000065	trials	11.0	6429.921835	6431.631508	6434.497198	6434.957099	6429.184834000001	6431.626876			1.0		0.0	2.0					
6435.712	10.125	trials	11.0	6441.537989	6442.931628	6444.733515	6444.961201	6440.819460000001	6443.520163			1.0	1.0	1.0	1.0					
6448.303	23.934000000000196	trials	11.0	6468.208315	6469.40524	6471.757729	6472.234552	6467.423299	6470.231662			1.0	2.0	0.0	3.0					
6475.18	11.996999999999389	trials	11.0	6482.44091	6484.210271	6486.536386000001	6487.173901	6481.669843000001	6484.205003			1.0		0.0	2.0					
6488.302	14.535000000000764	trials	11.0	6493.733842000001	6495.807478000001	6498.573309	6498.876409	6492.794882	6496.146644			1.0	1.0	0.0	3.0					
6502.949	11.972999999999956	trials	11.0	6510.738874000001	6512.150614	6514.413533	6514.9219570000005	6509.831735000001	6512.630347			1.0	2.0	0.0	3.0					
6517.842	13.850000000000364	trials	11.0	6524.443734	6525.557197	6528.837007	6529.136466	6523.5120480000005	6526.561922	6529.537	6531.692	1.0	1.0	1.0	1.0					
6534.772	7.3100000000004	trials	11.0	6537.803011	6539.396925	6541.6260520000005	6542.083258000001	6536.817447	6540.010179			1.0	1.0	0.0	3.0					
6544.057	9.0	trials	11.0	6548.435187	6550.070515	6552.566245	6553.0510110000005	6547.456485000001	6550.433072			1.0	2.0	0.0	3.0					
6555.057	15.900000000000546	trials	11.0	6564.003360000001	6565.489036	6568.693947000001	6568.885269	6563.340808	6566.314233	6569.327	6570.957	1.0	1.0	1.0	1.0					
6574.037	11.835000000000036	trials	11.0	6578.3382790000005	6579.99574	6582.955947	6583.354009000001	6577.689016	6580.390409000001	6583.622	6585.872	1.0	1.0	1.0	1.0					
6587.953	12.428999999999178	trials	11.0	6590.569078	6592.5803860000005	6595.699601	6596.057583	6589.956176000001	6593.117251000001			1.0	2.0	0.0	3.0					
6600.574	5.618000000000393	trials	11.0	6602.2185580000005	6603.050707	6606.104784	6606.1925980000005	6600.3808690000005	6603.043612			1.0		0.0	2.0					
6608.137	9.170000000000073	trials	11.0	6612.883686	6614.437161	6616.801219	6617.304798	6611.927593	6615.28654			1.0	1.0	0.0	3.0					
6621.308	7.414999999999964	trials	11.0	6624.975142	6626.6475040000005			6624.206565	6626.636013			1.0		0.0	2.0					
6630.806	9.311000000000604	trials	11.0	6636.574003000001	6638.484482	6639.448901000001	6640.115811000001	6635.957122	6638.5359610000005			1.0	1.0	0.0	3.0					
6643.877	16.019999999999527	trials	11.0	6654.145682	6655.874065	6657.80692	6658.100683000001	6653.4608020000005	6656.791200000001	6658.522	6659.897	1.0	1.0	1.0	1.0					
6662.985	9.692000000000007	trials	11.0	6668.725756	6669.921001000001	6672.252622	6672.676521	6668.163316	6670.244892000001			1.0	2.0	0.0	3.0					
6675.667	9.070999999999913	trials	11.0	6680.209102000001	6681.612958000001	6683.9585050000005	6684.7385460000005	6679.678007	6682.247332			1.0	2.0	0.0	3.0					
6686.324	11.088000000000648	trials	11.0	6693.9285310000005	6695.358982000001	6696.867036000001	6697.411231	6692.963517	6695.85286			1.0	1.0	0.0	3.0					
6699.293	9.66400000000067	trials	11.0	6704.529557	6706.563081	6708.012361	6708.556456	6703.825783	6706.847794			1.0	1.0	0.0	3.0					
6711.468	11.083999999999833	trials	11.0	6715.888542000001	6717.433311000001	6720.365536	6720.674335000001	6715.160154	6717.370879	6720.996	6722.552	1.0	1.0	1.0	1.0					
6724.572	8.63000000000011	trials	11.0	6727.770693	6728.990854000001	6731.032340000001	6731.313528000001	6727.17823	6730.104093	6731.707	6733.202	1.0	1.0	1.0	1.0					
6737.297	5.886000000000422	trials	11.0	6739.654248000001	6741.156415	6742.787821	6743.172501	6738.851178	6741.71982			1.0	1.0	0.0	3.0					
6747.252	7.949999999999818	trials	11.0	6749.149531	6750.555305	6752.588397	6752.988093	6748.3359550000005	6750.998142	6753.272	6755.202	1.0	1.0	1.0	1.0					
6757.285	6.268000000000029	trials	11.0	6760.484646	6761.952051	6763.201221	6763.504282	6759.902887	6762.1356670000005			1.0	1.0	0.0	3.0					
6765.517	10.409999999999854	trials	11.0	6771.020832	6772.712237000001	6775.390234	6775.9241680000005	6770.505664	6773.181735			1.0	2.0	0.0	3.0					
6779.732	8.050000000000182	trials	11.0	6782.929153	6784.430714	6787.0849530000005	6787.780443000001	6782.091599	6784.694701			1.0	1.0	0.0	3.0					
6791.559	7.38799999999992	trials	11.0	6794.674354000001	6795.79615	6798.395064	6798.947983	6794.106543	6796.437312			1.0	2.0	0.0	3.0					
6801.752	12.579999999999927	trials	11.0	6806.810896	6808.821330000001	6811.976635	6812.27491	6805.8611200000005	6809.254485	6812.802	6814.332	1.0	1.0	1.0	1.0					
6818.422	7.301000000000386	trials	11.0	6820.739701	6822.780184	6824.899722	6825.287308	6819.890452000001	6822.722945			1.0	1.0	0.0	3.0					
6829.382	8.170000000000073	trials	11.0	6831.19243	6833.135920000001	6837.107191	6837.553296	6830.676745000001	6834.251363			1.0	2.0	0.0	3.0					
6840.587	8.430999999999585	trials	11.0	6843.25944	6844.584654	6846.745938	6847.057510000001	6842.380954	6844.663392	6847.572	6849.018	1.0	1.0	1.0	1.0					
6853.037	6.109999999999673	trials	11.0	6854.834269	6856.711318000001	6858.756517	6859.1198810000005	6853.6146420000005	6856.97698			1.0	2.0	0.0	3.0					
6861.152	9.725000000000364	trials	11.0	6864.254474	6866.251492	6868.597834	6868.812785	6863.5364070000005	6866.369737	6869.272	6870.877	1.0	1.0	1.0	1.0					
6873.965	7.622000000000298	trials	11.0	6876.12475	6877.75273	6879.470656	6879.793413	6875.573604	6878.555083	6880.192	6881.587	1.0	1.0	1.0	1.0					
6884.697	7.099999999999454	trials	11.0	6886.776108	6888.567261	6891.391665	6891.748225	6886.148575	6889.246479			1.0	2.0	0.0	3.0					
6895.803	6.899000000000342	trials	11.0	6897.654807	6898.506545	6902.328367	6902.701196	6896.00584	6898.497047000001			1.0		0.0	2.0					
6903.662	10.545000000000073	trials	11.0	6908.7011250000005	6910.571305	6911.875218	6912.1830580000005	6908.164834	6910.938382	6912.632	6914.207	1.0	1.0	1.0	1.0					
6916.225	7.661999999999352	trials	11.0	6919.449989000001	6921.173632	6923.533774	6923.852575	6918.834049	6921.683718			1.0	1.0	0.0	3.0					
6927.922	5.905000000000655	trials	11.0	6930.101185	6931.261554000001	6933.001032	6933.826156	6929.3502020000005	6931.721558			1.0	1.0	0.0	3.0					
6935.452	12.404999999999745	trials	11.0	6940.824817000001	6942.866903	6945.671257	6945.834603	6940.053435	6943.362154	6947.842	6947.857	1.0	1.0	1.0	1.0					
6949.227	14.063000000000102	trials	11.0	6959.759413	6961.284511	6962.851981	6963.268770000001	6958.999057	6961.6094330000005			1.0	1.0	0.0	3.0					
6966.257	8.680000000000291	trials	11.0	6969.170194	6970.28333	6972.4702800000005	6972.6300790000005	6968.629689	6971.424283	6973.112	6974.937	1.0	1.0	1.0	1.0					
6976.958	13.614000000000487	trials	11.0	6986.409900000001	6988.0522200000005	6990.202585	6990.571354000001	6985.5927790000005	6988.039486000001			1.0		0.0	2.0					
6992.153	11.948999999999614	trials	11.0	6998.686348	7000.621845000001	7001.753095	7001.9717040000005	6998.095613	7000.776007	7002.643	7004.102	1.0	1.0	1.0	1.0					
7008.183	6.394000000000233	trials	11.0	7010.601551000001	7012.001208000001	7014.166217	7014.339867000001	7009.6176430000005	7012.199433			1.0	1.0	0.0	3.0					
7018.652	6.405999999999949	trials	11.0	7020.339895	7022.249634	7023.394657000001	7023.573736	7019.399890000001	7022.188123			1.0	1.0	0.0	3.0					
7025.867	10.27599999999984	trials	11.0	7032.852063	7034.126988	7035.80929	7035.990618	7031.9870980000005	7034.766853			1.0	1.0	0.0	3.0					
7039.269	262.53899999999976	BlockDesign														1.0	496.0	516.0	50.0	0.0
7039.269	23.603000000000065	trials	12.0	7059.351519	7061.20264	7062.180982	7062.874315	7058.759281000001	7061.266248			2.0	1.0	0.0	3.0					
7064.537	9.284999999999854	trials	12.0	7068.727032000001	7070.103745	7071.688692000001	7071.997543	7068.217428	7070.679534	7072.348	7073.822	2.0	1.0	1.0	1.0					
7075.849	9.188000000000102	trials	12.0	7080.009919	7081.48495	7082.832322	7083.000403	7079.307148	7081.641406000001	7083.473	7085.037	2.0	1.0	1.0	1.0					
7089.138	5.234000000000378	trials	12.0	7090.719752	7092.3587370000005			7089.555613	7092.341752			2.0		0.0	2.0					
7096.437	6.444999999999709	trials	12.0	7099.220356	7100.411494	7102.321192	7102.88284	7098.593059000001	7101.118192			2.0	1.0	0.0	3.0					
7104.692	11.534999999999854	trials	12.0	7111.000736	7112.737512000001	7114.090996	7114.277001	7110.261834	7113.189925000001	7114.708	7116.227	2.0	1.0	1.0	1.0					
7119.243	7.0649999999996	trials	12.0	7122.476659	7124.395495000001	7125.741331	7126.3062310000005	7121.882026	7124.922271			2.0	1.0	0.0	3.0					
7130.167	7.9399999999996	trials	12.0	7133.226937	7134.957277	7136.097813	7136.373126	7132.2348090000005	7135.285113	7136.817	7138.107	2.0	1.0	1.0	1.0					
7140.127	8.474999999999454	trials	12.0	7144.981011	7146.5432040000005	7148.007058	7148.602054	7144.000153	7146.978432			2.0	1.0	0.0	3.0					
7150.422	10.605000000000473	trials	12.0	7156.661757	7158.2234530000005	7160.340603000001	7161.025423	7156.036634	7159.322916			2.0	1.0	0.0	3.0					
7163.689	9.63299999999981	trials	12.0	7167.325827000001	7168.956535	7170.551286	7170.86125	7166.3865080000005	7169.3008930000005	7171.308	7173.322	2.0	1.0	1.0	1.0					
7177.342	7.789999999999964	trials	12.0	7179.590539000001	7181.566803	7183.163622	7183.368558	7179.082534	7182.097203	7183.882	7185.132	2.0	1.0	1.0	1.0					
7189.226	5.661000000000058	trials	12.0	7190.890168	7192.333202	7194.487726	7194.861399	7189.952232000001	7192.932853			2.0	2.0	0.0	3.0					
7197.967	7.355000000000473	trials	12.0	7201.015267000001	7203.001233	7204.232400000001	7204.4709060000005	7200.181017000001	7203.10213			2.0	1.0	1.0	1.0					
7207.982	18.515000000000327	trials	12.0	7222.015378	7223.0681110000005	7225.957259000001	7226.499699	7221.2201110000005	7224.194413			2.0	2.0	0.0	3.0					
7228.324	8.588000000000648	trials	12.0	7233.0063	7234.337475	7236.183151	7236.912304	7232.151599000001	7235.149117			2.0	1.0	0.0	3.0					
7240.602	9.581000000000131	trials	12.0	7245.550473	7247.0544580000005	7249.674372	7250.180046	7245.010203	7247.7865600000005			2.0	2.0	0.0	3.0					
7253.062	10.036000000000058	trials	12.0	7258.647223	7260.267172	7262.6894010000005	7263.101216	7257.983049	7260.853885			2.0	1.0	0.0	3.0					
7265.074	11.413000000000466	trials	12.0	7272.795505	7274.073595	7275.645563	7276.488622000001	7272.09217	7274.608251000001			2.0	1.0	0.0	3.0					
7278.092	12.506000000000313	trials	12.0	7284.42115	7285.5320010000005	7287.714612	7288.052891	7283.662267000001	7286.708378	7288.452	7290.598	2.0	1.0	1.0	1.0					
7292.657	9.15099999999984	trials	12.0	7297.765738	7299.254761	7301.467897	7301.808516	7297.019488	7300.340386			2.0	1.0	0.0	3.0					
7303.907	375.0199999999995	BlockDesign														1.0	517.0	540.0	0.0	50.0
7303.907	8.889999999999418	trials	13.0	7308.626136000001	7310.5141810000005	7312.259256	7312.797895000001	7307.666766	7310.830287000001			3.0	2.0	0.0	3.0					
7314.632	10.46600000000035	trials	13.0	7318.397491	7319.853418000001	7322.186199	7322.707504	7317.753942	7320.3225330000005	7322.887	7325.098	3.0	2.0	1.0	1.0					
7328.122	9.579999999999927	trials	13.0	7332.19204	7333.645492000001	7335.4962430000005	7335.880363	7331.460510000001	7333.878901	7336.282	7337.702	3.0	2.0	1.0	1.0					
7341.862	5.755000000000109	trials	13.0	7343.526540000001	7345.234327	7347.099898	7347.617991	7342.5093	7345.483795			3.0	2.0	0.0	3.0					
7351.612	6.060999999999694	trials	13.0	7353.995980000001	7355.329057000001	7357.119643	7357.671598000001	7353.155206	7355.474581			3.0	2.0	0.0	3.0					
7360.527	9.555000000000291	trials	13.0	7364.781328	7366.492753	7369.481137000001	7370.08129	7364.064238	7366.482073			3.0		0.0	2.0					
7370.507	13.56500000000051	trials	13.0	7378.446733000001	7380.178028	7383.5826480000005	7384.074424	7377.704919	7380.175383			3.0		0.0	2.0					
7384.262	11.631000000000313	trials	13.0	7391.59105	7393.2184990000005	7395.308983000001	7395.89433	7391.077044000001	7393.740388			3.0	2.0	0.0	3.0					
7397.715	21.01299999999992	trials	13.0	7412.130982000001	7413.722719	7416.594721	7416.891631	7411.545709	7414.1831760000005	7417.237	7418.728	3.0	2.0	1.0	1.0					
7420.812	9.840000000000146	trials	13.0	7424.361418	7426.132942	7428.63051	7429.026117	7423.467304	7426.083115	7429.407	7430.652	3.0	2.0	1.0	1.0					
7434.712	5.595999999999549	trials	13.0	7436.5910810000005	7437.767685000001	7439.71633	7440.307459000001	7436.0171310000005	7438.36301			3.0	2.0	0.0	3.0					
7443.108	8.463999999999942	trials	13.0	7446.5383600000005	7448.400043000001	7451.053995	7451.572593000001	7445.966697	7448.388285			3.0	2.0	0.0	3.0					
7453.467	13.881000000000313	trials	13.0	7460.306141	7461.968086000001	7465.337751	7465.743015	7459.352166000001	7462.4945880000005	7465.937	7467.348	3.0	2.0	1.0	1.0					
7469.422	10.030000000000655	trials	13.0	7475.04615	7476.807933	7478.866861	7479.453948	7474.359202000001	7477.240992			3.0	2.0	0.0	3.0					
7482.287	8.74499999999989	trials	13.0	7484.9314110000005	7486.954428	7489.001518	7489.486063	7484.229862	7487.745364	7489.622	7491.032	3.0	2.0	1.0	1.0					
7495.107	6.5600000000004	trials	13.0	7497.236637	7498.399744	7500.815253000001	7501.6665760000005	7496.2815	7498.977817			3.0	2.0	0.0	3.0					
7504.183	10.469000000000051	trials	13.0	7508.362291	7510.184548	7512.5153310000005	7512.938016	7507.457592000001	7511.0281620000005	7513.183	7514.652	3.0	2.0	1.0	1.0					
7516.815	8.42700000000059	trials	13.0	7521.302019000001	7522.868656000001	7524.806386	7525.242675	7520.564847000001	7523.301468000001			3.0	2.0	0.0	3.0					
7527.164	9.563000000000102	trials	13.0	7532.147318	7534.168285	7536.135595	7536.7277220000005	7531.541003	7534.507539			3.0	2.0	0.0	3.0					
7540.637	11.600000000000364	trials	13.0	7546.19286	7548.100984000001	7550.176554000001	7550.615086	7545.352153	7548.670842	7550.867	7552.237	3.0	2.0	1.0	1.0					
7554.187	10.335000000000036	trials	13.0	7560.027451	7561.457832	7564.082782	7564.523578	7559.146531	7561.451284000001			3.0		0.0	2.0					
7567.477	89.64000000000033	trials	13.0	7653.63168	7655.0191190000005			7653.1186	7655.009919			3.0		0.0	2.0					
7660.127	6.984999999999673	trials	13.0	7662.3673340000005	7664.275323	7666.593363	7667.112779	7661.269998	7664.759958000001			3.0	2.0	0.0	3.0					
7669.018	9.90899999999965	trials	13.0	7673.0868310000005	7674.480963	7677.039313	7677.4857600000005	7672.455618	7675.0193770000005	7677.772	7678.927	3.0	2.0	1.0	1.0					
7680.998	2682.6640000000007	BlockDesign														1.0	541.0	624.0	50.0	50.0
7680.998	6.124000000000706	trials	14.0	7683.707091	7685.671848	7686.663472	7687.124832	7683.158310000001	7685.8076280000005			2.0	1.0	0.0	3.0					
7691.094	6.023000000000138	trials	14.0	7693.438909	7694.582977	7696.587354	7697.118156	7692.447222000001	7695.198693			3.0	2.0	0.0	3.0					
7698.965	11.75799999999981	trials	14.0	7707.077130000001	7708.914837	7710.215091	7710.7257850000005	7706.117284	7709.015670000001			2.0	1.0	0.0	3.0					
7713.672	10.420000000000073	trials	14.0	7717.832384	7719.609547	7721.8219260000005	7722.191968	7717.076425	7719.61654	7722.433	7724.092	3.0	2.0	1.0	1.0					
7727.152	8.240999999999985	trials	14.0	7729.952601	7731.05875	7733.166024	7733.474076	7729.156875000001	7731.996421	7733.808	7735.393	2.0	1.0	1.0	1.0					
7737.468	8.889000000000124	trials	14.0	7741.252210000001	7742.383831	7744.258302	7744.548718	7740.446322	7743.097925	7746.317	7746.357	2.0	1.0	1.0	1.0					
7749.937	15.840000000000146	trials	14.0	7760.202564	7762.203999	7763.876722	7764.225721000001	7759.666989	7762.347742	7764.542	7765.777	3.0	2.0	1.0	1.0					
7768.832	5.789999999999964	trials	14.0	7770.783018	7772.154393000001	7774.089106	7774.624339	7770.204168	7772.766976000001			3.0	2.0	0.0	3.0					
7776.512	10.71100000000024	trials	14.0	7780.427094000001	7781.969293	7784.787451	7785.218476	7779.892528	7782.488421	7785.402	7787.223	3.0	2.0	1.0	1.0					
7790.37	8.402000000000044	trials	14.0	7793.4719430000005	7795.05007	7796.702539	7796.932468	7792.854739	7795.5249300000005	7797.382	7798.772	2.0	1.0	1.0	1.0					
7801.842	6.785000000000764	trials	14.0	7804.439128	7806.234699000001	7808.2853780000005	7808.567578	7802.937562	7806.457105			2.0	1.0	0.0	3.0					
7810.637	7.765000000000327	trials	14.0	7814.523786	7815.760336	7817.915596000001	7818.375384	7813.787697	7816.804236			2.0	1.0	0.0	3.0					
7820.342	10.7450000000008	trials	14.0	7825.479265	7827.214494	7828.987366	7829.243995000001	7824.602161000001	7827.7101330000005	7829.662	7831.087	2.0	1.0	1.0	1.0					
7835.24	6.512000000000626	trials	14.0	7837.3824110000005	7838.974108	7841.297031	7841.754006	7836.507585	7839.8347140000005			3.0	2.0	0.0	3.0					
7845.717	10.34100000000035	trials	14.0	7850.242609000001	7851.999411000001	7854.214129	7854.640692	7849.563129	7852.3369920000005	7854.962	7856.058	3.0	2.0	1.0	1.0					
7859.121	7.189000000000306	trials	14.0	7861.662876	7863.328852000001	7865.877429	7866.260482000001	7861.064700000001	7864.359025			3.0	2.0	0.0	3.0					
7870.242	6.934999999999491	trials	14.0	7871.96299	7873.615458	7876.6360030000005	7877.180932	7870.792885000001	7873.6047340000005			3.0		0.0	2.0					
7877.696	9.728000000000065	trials	14.0	7883.653365	7885.260403	7887.005257000001	7887.389967	7882.969336	7885.749772			2.0	1.0	0.0	3.0					
7891.42	6.431999999999789	trials	14.0	7893.867813000001	7895.543575000001	7897.283821	7897.856181	7893.247399	7896.014817			3.0	2.0	0.0	3.0					
7900.758	13.747000000000298	trials	14.0	7910.658423000001	7912.070022	7914.019294	7914.480856	7909.922209	7912.537176			3.0	1.0	0.0	3.0					
7916.437	31.43000000000029	trials	14.0	7942.168329	7943.940640000001	7945.467360000001	7945.738008	7941.6048980000005	7944.22918	7946.143	7947.867	2.0	1.0	1.0	1.0					
7949.937	8.800000000000182	trials	14.0	7954.113378	7955.870725000001	7958.380644000001	7958.722327	7953.4569010000005	7956.473118			2.0	1.0	0.0	3.0					
7961.797	7.265000000000327	trials	14.0	7965.123996	7966.98179			7964.466064	7966.978062			3.0		0.0	2.0					
7972.072	11.80999999999949	trials	14.0	7978.177798000001	7979.519697	7981.846722	7982.0871560000005	7977.188898	7980.276973	7982.632	7983.882	2.0	1.0	1.0	1.0					
7986.937	9.095000000000255	trials	14.0	7989.828186000001	7991.72922	7993.68498	7994.044417	7989.1779670000005	7992.0842170000005	7994.217	7996.032	3.0	2.0	1.0	1.0					
8000.052	5.875	trials	14.0	8001.848691	8003.096085	8005.236634000001	8005.9290550000005	8000.608195000001	8004.01678			3.0	2.0	0.0	3.0					
8008.584	10.083000000000538	trials	14.0	8012.448351	8014.212085	8016.401614	8016.803245	8011.642077	8014.3536970000005	8017.022	8018.667	3.0	2.0	1.0	1.0					
8020.684	9.667999999999665	trials	14.0	8025.189961	8027.121703000001	8028.321673	8028.587307	8024.409611	8027.095099	8028.957	8030.352	2.0	1.0	1.0	1.0					
8034.372	5.989999999999782	trials	14.0	8036.488945	8037.9201060000005	8039.959029000001	8040.365250000001	8035.695259	8038.359702			3.0	2.0	0.0	3.0					
8042.372	9.86999999999989	trials	14.0	8046.798583	8048.406874	8050.1964720000005	8050.447002000001	8046.111277	8049.184306	8050.848	8052.242	2.0	1.0	1.0	1.0					
8055.262	6.0460000000002765	trials	14.0	8057.928316	8059.857424	8060.8234600000005	8061.313410000001	8057.338834	8059.785352000001			2.0	1.0	0.0	3.0					
8063.162	8.710000000000036	trials	14.0	8067.913357	8069.825607000001	8071.207444000001	8071.876006	8066.996257000001	8070.002524			2.0	1.0	0.0	3.0					
8073.622	10.014999999999418	trials	14.0	8079.043735	8081.356017	8083.070788	8083.64113	8078.111238	8081.648005			3.0	2.0	0.0	3.0					
8085.518	10.204999999999927	trials	14.0	8091.8485120000005	8093.715156			8091.127066	8093.703664000001			2.0		0.0	2.0					
8099.732	6.206000000000131	trials	14.0	8102.319297	8104.214154	8105.400253	8105.939838	8101.664611	8104.150953			2.0	1.0	0.0	3.0					
8108.768	9.003999999999905	trials	14.0	8113.433770000001	8114.988849	8117.320251	8117.776669000001	8112.9290470000005	8115.580768			3.0	2.0	0.0	3.0					
8121.723	33.39400000000023	trials	14.0	8151.818989	8153.015403	8154.707744	8154.907323	8151.192193000001	8153.4365800000005			3.0	1.0	0.0	3.0					
8157.152	47.225000000000364	trials	14.0	8201.155509	8202.368319000001	8203.977808	8204.369338	8200.21722	8202.356296			3.0		0.0	2.0					
8207.449	1109.7879999999986	trials	14.0	9314.42763	9315.802638000001	9317.009995	9317.303635	9313.436818	9316.002184			2.0	1.0	0.0	3.0					
9320.242	14.409999999999854	trials	14.0	9328.237011000001	9330.043909	9332.301664	9332.650561	9327.436041	9330.905967	9332.967	9334.652	2.0	1.0	1.0	1.0					
9336.677	11.71600000000035	trials	14.0	9344.902668	9346.378633	9347.797155	9348.506184000002	9344.088010000001	9346.421628			2.0	1.0	0.0	3.0					
9350.152	163.53100000000086	trials	14.0	9509.214576	9510.684896	9512.919057000001	9513.79427	9508.508491	9511.244530000002			3.0	1.0	0.0	3.0					
9516.286	166.20499999999993	trials	14.0	9676.889047	9678.756931000002	9682.052229	9682.575852000002	9676.184187	9679.603131000002			3.0	1.0	0.0	3.0					
9685.452	28.225000000000364	trials	14.0	9707.118151	9708.841785	9711.271398	9711.415815	9706.479955	9709.701196000002	9711.808	9713.677	2.0	1.0	1.0	1.0					
9716.697	12.52599999999984	trials	14.0	9723.473952	9725.104012000002	9726.816112	9727.148079	9722.475625000001	9725.69331	9727.533	9729.223	2.0	1.0	1.0	1.0					
9733.307	10.474999999998545	trials	14.0	9739.323712000001	9740.63989	9743.102803000002	9743.895842000002	9738.765627	9741.312294000001			3.0	1.0	0.0	3.0					
9745.543	27.975000000000364	trials	14.0	9765.675514	9766.869457	9769.442624000001	9770.365171000001	9765.065695000001	9767.953603000002			3.0	1.0	0.0	3.0					
9773.767	23.94000000000051	trials	14.0	9793.408639000001	9794.661191000001	9796.383241000001	9797.338186	9792.584410000001	9795.479459			2.0	1.0	0.0	3.0					
9799.606	13.24200000000019	trials	14.0	9805.028380000002	9806.926557	9809.523361000001	9810.195858000001	9804.31379	9807.71737			3.0	2.0	0.0	3.0					
9813.822	28.700000000000728	trials	14.0	9836.458714	9838.199683	9840.120706000002	9840.522394000001	9835.886781000001	9838.890445	9840.837	9842.522	2.0	1.0	1.0	1.0					
9846.607	9.036000000000058	trials	14.0	9850.889794	9852.096687000001	9854.903937000001	9855.756700000002	9850.370326	9852.858096			2.0	1.0	0.0	3.0					
9858.183	13.323999999998705	trials	14.0	9864.30925	9865.988029	9868.820994000002	9869.313687000002	9863.624256000001	9866.398054000001	9869.393	9871.507	3.0	2.0	1.0	1.0					
9873.527	11.0	trials	14.0	9881.114048000001	9882.485338	9884.061937	9884.642088	9880.206730000002	9882.756672000001			2.0	1.0	0.0	3.0					
9886.371	14.231000000001586	trials	14.0	9892.449325000001	9893.893356	9897.979132	9898.706714000002	9891.830732	9894.625416			2.0	2.0	0.0	3.0					
9901.268	7.013999999999214	trials	14.0	9903.23062	9904.762899000001			9900.716329	9904.754439			3.0		0.0	2.0					
9908.672	9.2549999999992	trials	14.0	9911.175920000001	9912.428824	9915.732228	9916.137226	9910.359583000001	9913.065807	9916.297	9917.927	3.0	2.0	1.0	1.0					
9919.943	12.03900000000067	trials	14.0	9926.684384	9928.676946000001	9931.085298000002	9931.606878	9926.167735	9929.245639			3.0	2.0	0.0	3.0					
9935.387	31.33599999999933	trials	14.0	9961.248914000002	9962.505657000002	9964.415249000001	9964.675179000002	9960.419281	9963.146223000002	9965.072	9966.723	2.0	1.0	1.0	1.0					
9969.746	10.816000000000713	trials	14.0	9975.939400000001	9977.351534000001	9979.569019	9979.998705000002	9975.333676	9977.951479000001			3.0	2.0	1.0	1.0					
9984.142	21.034999999999854	trials	14.0	10000.149434	10001.480104	10004.071164	10004.502892	9999.464899	10002.092905000001			3.0	2.0	1.0	1.0					
10007.672	14.345999999999549	trials	14.0	10018.444809	10019.944213	10021.562409	10022.134084000001	10017.527538	10020.341319000001			2.0	1.0	0.0	3.0					
10025.877	13.810999999999694	trials	14.0	10033.269792000001	10034.846743	10037.150266	10037.882935000001	10032.679896000001	10035.265438			3.0	2.0	0.0	3.0					
10040.434	5.253000000000611	trials	14.0	10042.489471	10043.206895000001	10045.337200000002	10045.800685	10039.803530000001	10043.197722			2.0		0.0	2.0					
10047.122	12.175000000001091	trials	14.0	10053.789299	10055.101627	10058.565726	10059.411862	10053.060475	10055.722224000001			2.0	2.0	0.0	3.0					
10061.887	9.58599999999933	trials	14.0	10067.29018	10068.577093000002	10070.804451	10071.588391000001	10066.299093000001	10069.511439000002			2.0	1.0	0.0	3.0					
10073.137	18.80999999999949	trials	14.0	10087.489957000002	10089.121864	10091.425376000001	10092.06009	10086.571588	10089.115785000002			3.0		0.0	2.0					
10093.157	11.93500000000131	trials	14.0	10100.815575	10101.971914000002	10104.419665000001	10105.205549	10099.910913000002	10102.859359000002			2.0	1.0	0.0	3.0					
10106.717	22.925999999999476	trials	14.0	10123.419535	10125.281935	10127.252311	10127.796520000002	10122.674596	10125.733691000001	10127.973	10129.643	3.0	2.0	1.0	1.0					
10132.699	10.813000000000102	trials	14.0	10138.305379000001	10140.067167000001	10142.877702000002	10143.540540000002	10137.398086000001	10140.534291			2.0	2.0	0.0	3.0					
10146.157	15.816000000000713	trials	14.0	10157.499874000001	10159.083748000001	10161.094015	10162.087137	10156.544917000001	10159.166934			3.0	2.0	0.0	3.0					
10165.337	11.649999999999636	trials	14.0	10171.105036	10172.517124000002	10175.062147	10175.297065	10170.231569000001	10173.829633000001	10175.572	10176.987	2.0	1.0	1.0	1.0					
10181.071	9.751000000000204	trials	14.0	10184.194932	10185.373833000001	10188.703389	10189.211356000002	10183.448358000001	10186.72564	10189.312	10190.822	3.0	2.0	1.0	1.0					
10193.873	11.703999999999724	trials	14.0	10200.015994000001	10201.667956000001	10203.621592000001	10203.955609	10199.133231000002	10202.803777000001	10204.217	10205.577	2.0	1.0	1.0	1.0					
10207.663	7.591999999998734	trials	14.0	10212.709	10212.811719000001			10211.825782	10212.804138000001			3.0		0.0	2.0					
10216.713	19.226000000000568	trials	14.0	10230.511866	10231.635786	10233.940336000001	10234.358823	10229.518875000002	10232.646949000002	10234.512	10235.939	2.0	1.0	1.0	1.0					
10239.957	8.779999999998836	trials	14.0	10243.879780000001	10245.160354000001	10248.065695000001	10248.853285000001	10242.931461	10246.300368			2.0	1.0	0.0	3.0					
10251.354	13.88800000000083	trials	14.0	10258.209957000001	10259.370129	10263.468486000002	10264.142071	10257.635237	10261.286245000001			2.0	2.0	0.0	3.0					
10267.812	16.860000000000582	trials	14.0	10278.32538	10280.359153000001	10282.647067000002	10283.18193	10277.368970000001	10280.672928	10283.157	10284.672	3.0	2.0	1.0	1.0					
10287.808	9.489999999999782	trials	14.0	10292.225869000002	10293.912310000002	10296.335827	10297.413343	10291.552354000001	10294.46867			3.0	2.0	0.0	3.0					
10298.598	12.683999999999287	trials	14.0	10306.355532000001	10308.052953	10310.303273000001	10310.816932000002	10305.400666000001	10308.391647			3.0	2.0	1.0	1.0					
10314.877	12.015999999999622	trials	14.0	10320.690633	10322.077501000002	10325.012923	10325.612488	10319.918637	10323.006061	10325.817	10326.893	3.0	2.0	1.0	1.0					
10329.047	9.7549999999992	trials	14.0	10333.490578	10334.637882	10337.969809	10338.919584000001	10332.790771	10335.996905			3.0	2.0	0.0	3.0					
10342.246	10.161000000000058	trials	14.0	10346.777505000002	10348.379254000001	10350.165285000001	10350.674937000002	10346.077743000002	10349.186364000001	10350.822	10352.407	2.0	1.0	1.0	1.0					
10354.547	9.114999999999782	trials	14.0	10359.660667	10361.277732	10363.634241000002	10364.332155	10358.822407000001	10361.834235			3.0	2.0	0.0	3.0					
10368.012	69.08599999999933	BlockDesign														1.0	625.0	629.0	0.0	0.0
10368.012	7.592999999998938	trials	15.0	10371.845896	10373.707165000002	10375.245627	10375.71958	10371.012634	10374.319627			2.0	1.0	0.0	3.0					
10379.608	11.843999999999141	trials	15.0	10387.646056000001	10389.194866000002	10390.906822	10391.567145	10386.681478	10389.575415000001			2.0	1.0	0.0	3.0					
10395.297	12.875	trials	15.0	10403.351359	10404.793834	10407.720605	10408.289992000002	10402.575004	10405.466397			2.0	1.0	0.0	3.0					
10412.042	9.489999999999782	trials	15.0	10417.186426	10418.709553	10420.887006	10421.649763000001	10416.279546000002	10419.658072			2.0	1.0	0.0	3.0					
10424.248	12.850000000000364	trials	15.0	10432.771248000001	10434.603369			10431.803230000001	10435.364815			2.0	1.0	0.0	3.0					
10441.653	188.7440000000006	BlockDesign														1.0	630.0	634.0	0.0	0.0
10441.653	13.708999999998923	trials	16.0	10450.717366	10451.879898000001	10454.764788	10455.478399000001	10450.131475	10453.335420000001			3.0	2.0	0.0	3.0					
10459.027	8.531000000000859	trials	16.0	10462.387396000002	10464.183034000001	10466.785197000001	10467.675289	10461.708783000002	10464.465540000001			3.0	2.0	0.0	3.0					
10470.098	46.25	trials	16.0	10511.842665	10513.099894	10515.725559	10516.461033000001	10511.190685000001	10513.748437			3.0	2.0	0.0	3.0					
10519.077	87.48100000000159	trials	16.0	10599.092703	10600.974097	10602.786586	10603.422672	10598.404480000001	10601.221761			3.0	2.0	0.0	3.0					
10607.153	23.244000000000597	trials	16.0	10626.602332	10627.879873000002			10625.738538000001	10628.828658			3.0	2.0	0.0	3.0					
10634.738	574.7800000000007	BlockDesign														1.0	635.0	675.0	50.0	50.0
10634.738	10.320000000001528	trials	17.0	10638.777267000001	10640.132326	10642.651191	10643.076304	10638.236003000002	10640.722941	10643.412	10645.058	3.0	2.0	1.0	1.0					
10648.077	10.0	trials	17.0	10653.692535	10655.223834	10657.343049000001	10657.924689000001	10652.708626000001	10656.042145000001			2.0	1.0	0.0	3.0					
10659.661	13.825999999999112	trials	17.0	10667.371764000001	10668.647169000002	10671.287907000002	10671.691824000001	10666.507225000001	10669.707624	10671.973	10673.487	2.0	1.0	1.0	1.0					
10676.592	9.719999999999345	trials	17.0	10680.247993	10681.959877000001	10683.951702	10684.384482000001	10679.509415	10682.307247	10684.643	10686.312	3.0	2.0	1.0	1.0					
10689.333	8.128999999998996	trials	17.0	10693.372974000002	10694.673312	10696.838287	10697.578555	10692.789771000002	10695.735969000001			2.0	1.0	0.0	3.0					
10699.157	16.845000000001164	trials	17.0	10711.15179	10712.509648000001	10715.466	10716.119485000001	10710.456565	10713.416697			3.0	2.0	0.0	3.0					
10717.83	12.853000000000975	trials	17.0	10724.697066	10726.506915000002	10728.509838000002	10728.857479	10724.188386000002	10727.006671000001	10729.117	10730.683	2.0	1.0	1.0	1.0					
10734.707	7.1299999999992	trials	17.0	10737.862242000001	10739.497567	10741.41667	10741.955758	10737.200547	10739.723610000001			3.0	2.0	0.0	3.0					
10744.662	13.010000000000218	trials	17.0	10753.032286000001	10754.833066000001	10756.947972000002	10757.788122000002	10752.275727	10755.407416000002			3.0	2.0	0.0	3.0					
10761.297	12.125	trials	17.0	10766.912131000001	10768.323944000002	10771.493127000002	10771.979377000001	10766.34249	10769.293047000001	10772.017	10773.422	3.0	2.0	1.0	1.0					
10776.498	9.31000000000131	trials	17.0	10782.027406000001	10783.553459	10785.190365	10785.580167	10781.217768	10784.20276			2.0	1.0	0.0	3.0					
10788.449	10.747999999999593	trials	17.0	10794.682854	10795.822855	10798.407577000002	10799.315922000002	10794.074632000002	10797.202779000001			2.0	1.0	0.0	3.0					
10800.712	14.515000000001237	trials	17.0	10809.388252	10811.118004	10812.980752000001	10813.428946	10808.555442	10811.466648000001	10813.657	10815.227	3.0	2.0	1.0	1.0					
10817.352	12.089999999998327	trials	17.0	10823.718713	10825.633527000002	10828.235613	10829.558919000001	10822.819753000002	10825.626600000001			2.0	2.0	0.0	3.0					
10832.527	10.920000000000073	trials	17.0	10838.742031000002	10840.47508	10842.853981	10843.564407000002	10837.799478	10840.684347			3.0	2.0	0.0	3.0					
10845.133	15.10399999999936	trials	17.0	10854.607365000002	10856.123641	10857.829548000002	10857.877812	10853.818281000002	10856.863288	10858.473	10860.237	2.0	1.0	1.0	1.0					
10863.268	9.22400000000016	trials	17.0	10869.187516000002	10870.609260000001	10872.13354	10872.608872	10868.271831000002	10871.204464			2.0	1.0	0.0	3.0					
10875.377	12.840000000000146	trials	17.0	10882.126993000002	10883.828563000001	10886.066955	10886.461519	10881.509169	10884.890273	10886.667	10888.217	2.0	1.0	1.0	1.0					
10892.237	12.260000000000218	trials	17.0	10898.3479	10900.210129000001	10902.149394	10902.501624	10897.626351	10901.330443	10902.662	10904.497	2.0	1.0	1.0	1.0					
10908.583	7.679000000000087	trials	17.0	10912.192411	10913.488963000002	10915.721949	10916.380762	10911.425586000001	10914.301284000001			3.0	2.0	0.0	3.0					
10919.018	11.588999999999942	trials	17.0	10924.80391	10925.982162	10928.441727000001	10928.858400000001	10924.010945000002	10927.041735	10928.989	10930.607	3.0	2.0	1.0	1.0					
10932.629	11.513999999999214	trials	17.0	10938.357763	10940.214294000001	10943.349472000002	10944.258290000002	10937.435472000001	10940.206777000001			3.0		0.0	2.0					
10944.257	11.850000000000364	trials	17.0	10952.207388	10953.258865000002	10955.802247000001	10956.221220000001	10951.325519000002	10954.814005			2.0	1.0	0.0	3.0					
10958.183	11.459999999999127	trials	17.0	10965.381964	10967.240745000001	10969.180341000001	10969.762944000002	10964.397324000001	10967.829486			3.0	2.0	0.0	3.0					
10973.492	8.270000000000437	trials	17.0	10977.892866	10979.740140000002	10981.199971000002	10981.880856000002	10977.34783	10980.23428			2.0	1.0	0.0	3.0					
10984.509	12.253000000000611	trials	17.0	10990.782885	10992.204703000001	10994.289407	10994.581557000001	10990.039726	10993.02172	10996.542	10996.762	2.0	1.0	1.0	1.0					
10997.812	12.055000000000291	trials	17.0	11006.117718000001	11007.300682000001	11009.491371	11009.986498	11005.229526000001	11008.115487000001			3.0	2.0	0.0	3.0					
11012.723	9.674000000000888	trials	17.0	11016.872692	11018.753568	11020.262355	11020.362666	11016.313753	11019.312376000002	11020.808	11022.397	2.0	1.0	1.0	1.0					
11026.482	6.815000000000509	trials	17.0	11029.70283	11031.284164	11032.920952	11033.412912000002	11029.154006	11031.824103			2.0	1.0	0.0	3.0					
11035.248	11.129000000000815	trials	17.0	11041.782798	11043.271211000001	11045.497219	11046.494637000002	11040.794415	11043.932464000001			3.0	2.0	0.0	3.0					
11047.727	16.859999999998763	trials	17.0	11058.332667	11060.034465	11062.719517000001	11063.126941	11057.573307	11060.714119	11063.232	11064.587	3.0	2.0	1.0	1.0					
11067.715	11.066999999999098	trials	17.0	11073.147921000002	11074.721155000001	11076.862336	11077.267248	11072.566083000002	11075.387124	11077.452	11078.782	3.0	2.0	1.0	1.0					
11082.802	6.841000000000349	trials	17.0	11085.478753000001	11086.707048	11089.113427	11089.75964	11084.711971	11087.454934000001			3.0	2.0	0.0	3.0					
11091.497	15.561000000001513	trials	17.0	11100.297579000002	11102.044314	11104.376988	11105.026831000001	11099.487910000002	11102.626065	11104.882	11107.058	3.0	2.0	1.0	1.0					
11110.105	9.868000000000393	trials	17.0	11115.033337	11116.424962000001	11119.420285	11120.092810000002	11114.500944000001	11117.952135000001			2.0	1.0	0.0	3.0					
11121.731	12.136000000000422	trials	17.0	11127.507481	11129.119932000001	11131.456020000001	11131.947087	11126.727234000002	11129.904012	11132.047	11133.867	3.0	2.0	1.0	1.0					
11136.887	9.154999999998836	trials	17.0	11141.518273000001	11143.235578000002	11145.582900000001	11146.160289000001	11140.525845	11144.185899			2.0	1.0	0.0	3.0					
11149.882	13.130000000001019	trials	17.0	11156.723824	11158.305604000001	11160.617817	11160.913114	11156.082201000001	11159.354200000002	11161.132	11163.012	2.0	1.0	1.0	1.0					
11165.033	12.114000000001397	trials	17.0	11173.047663000001	11174.350278000002	11176.63578	11177.266392000001	11172.137907	11175.219232000001			3.0	2.0	0.0	3.0					
11179.937	17.44499999999971	trials	17.0	11191.463253000002	11192.978586000001	11194.945662000002	11195.373082000002	11190.645021	11193.967222000001	11195.457	11197.382	2.0	1.0	1.0	1.0					
11200.422	9.095999999999549	trials	17.0	11203.64838	11205.729643	11207.425545000002	11207.824404	11202.951306	11205.902998000001	11207.937	11209.518	3.0	2.0	1.0	1.0					
11211.587	1303.085000000001	BlockDesign														1.0	676.0	748.0	50.0	10.0
11211.587	10.471000000001368	trials	18.0	11216.014624000001	11217.335323000001	11221.38522	11222.173258	11215.275987	11219.671375000002			1.0	2.0	0.0	3.0					
11224.922	8.18999999999869	trials	18.0	11227.658271	11229.259603	11230.932022	11231.233875000002	11226.862246	11229.687192000001	11231.497	11233.112	1.0	1.0	1.0	1.0					
11236.172	9.819999999999709	trials	18.0	11239.988817000001	11241.735334	11243.856325	11244.247563	11239.445346	11242.137784			1.0	1.0	0.0	3.0					
11246.157	14.380000000001019	trials	18.0	11253.450178000001	11255.505850000001	11258.203275	11258.600091	11252.872038000001	11255.809642	11258.912	11260.537	1.0	1.0	1.0	1.0					
11264.558	9.518999999998414	trials	18.0	11267.568523000002	11269.35539	11272.098136	11272.28497	11266.862751	11269.635619	11272.652	11274.077	1.0	1.0	1.0	1.0					
11277.143	10.793999999999869	trials	18.0	11281.063665000001	11282.472337000001	11285.10512	11285.284414000002	11280.514743000002	11283.035964			1.0	1.0	0.0	3.0					
11288.477	9.739999999999782	trials	18.0	11293.470472	11295.200381	11297.910571	11298.246069	11292.493273	11295.691862000001			1.0	2.0	0.0	3.0					
11301.227	8.224999999998545	trials	18.0	11304.618732	11305.834191000002	11308.739832000001	11309.133520000001	11303.706765	11306.148334000001			1.0	1.0	0.0	3.0					
11311.987	12.321000000001732	trials	18.0	11318.311152	11319.425129000001	11322.249907000001	11322.571581	11317.378209	11320.103656000001	11322.967	11324.308	1.0	2.0	1.0	1.0					
11328.392	7.5349999999998545	trials	18.0	11331.45348	11333.411698	11335.542921	11336.043433	11330.86647	11333.596593000002			1.0	2.0	0.0	3.0					
11339.846	7.986000000000786	trials	18.0	11341.948882	11343.955440000002	11347.386925	11347.952652	11341.207582000001	11344.514244000002			1.0	1.0	0.0	3.0					
11350.822	14.225000000000364	trials	18.0	11360.015127	11361.315066000001	11364.511146	11365.168152000002	11359.293699000002	11362.090660000002			1.0	2.0	0.0	3.0					
11368.842	9.529999999998836	trials	18.0	11373.878826	11375.545758	11377.731531000001	11378.491029	11373.06134	11375.778903			1.0	2.0	0.0	3.0					
11381.062	14.895000000000437	trials	18.0	11391.024117	11392.892345	11395.174545000002	11395.782986000002	11390.020398	11393.387508			1.0	2.0	0.0	3.0					
11399.533	11.71900000000096	trials	18.0	11402.599724000002	11403.995821	11407.362955	11408.300587000002	11401.820895	11404.331077			1.0	1.0	0.0	3.0					
11411.607	14.225000000000364	trials	18.0	11421.539024000002	11422.750657	11425.281221000001	11425.951585	11420.991634000002	11423.356447000002			1.0	2.0	0.0	3.0					
11429.582	33.435999999999694	trials	18.0	11457.124231000002	11458.551012	11460.758629	11461.065678	11456.526466000001	11459.200137	11461.562	11463.018	1.0	1.0	1.0	1.0					
11465.103	7.549000000000888	trials	18.0	11468.59563	11470.436614000002	11472.268511	11472.769714000002	11467.946366	11470.524532000001			1.0	1.0	0.0	3.0					
11475.563	12.22899999999936	trials	18.0	11479.319482	11481.135576	11483.996268	11484.506731000001	11478.695939000001	11481.337273000001			1.0	2.0	0.0	3.0					
11488.282	13.570000000001528	trials	18.0	11496.789315000002	11498.500554000002	11500.615809	11501.970922	11495.833770000001	11498.707772000002			1.0	2.0	0.0	3.0					
11504.857	11.663000000000466	trials	18.0	11512.095771	11513.937334000002	11516.150095	11516.639691	11511.201856000001	11514.342181			1.0	1.0	0.0	3.0					
11518.457	26.215000000000146	trials	18.0	11539.835599000002	11541.501178	11544.30355	11544.791212	11539.211071000002	11541.972290000002			1.0	2.0	0.0	3.0					
11547.672	12.709999999999127	trials	18.0	11555.298039000001	11556.416951000001	11560.059399000002	11560.502788000002	11554.760196000001	11556.973166			1.0	1.0	0.0	3.0					
11562.308	17.378999999998996	trials	18.0	11572.579513	11574.663756000002	11577.59504	11578.039803000001	11571.734217000001	11574.791533000001	11578.177	11579.687	1.0	1.0	1.0	1.0					
11581.732	11.959999999999127	trials	18.0	11587.069927	11589.236695000001	11591.410642	11591.830869000001	11586.081332000002	11589.809887000001	11592.018	11593.692	1.0	2.0	1.0	1.0					
11595.776	8.361000000000786	trials	18.0	11600.227723	11601.348078	11603.417127	11604.257377000002	11599.533211000002	11601.908607000001			1.0	2.0	0.0	3.0					
11605.717	10.844999999999345	trials	18.0	11611.766467000001	11613.212173	11615.655607	11616.684507000002	11611.114465	11613.868987000002			1.0	2.0	0.0	3.0					
11618.018	14.529000000000451	trials	18.0	11626.424488	11627.506147	11630.444307000002	11630.600898	11625.582298000001	11628.074836	11631.067	11632.547	1.0	1.0	1.0	1.0					
11635.617	12.215000000000146	trials	18.0	11640.925075000001	11642.489656000002	11645.568876000001	11645.856864000001	11640.251861	11643.442251	11646.167	11647.832	1.0	1.0	1.0	1.0					
11649.912	10.27100000000064	trials	18.0	11654.145435	11655.927880000001	11658.090181000001	11658.345901	11653.294344000002	11656.182927000002	11658.592	11660.183	1.0	1.0	1.0	1.0					
11662.257	11.069999999999709	trials	18.0	11666.645230000002	11668.409926	11671.255540000002	11671.574749000001	11665.647490000001	11668.635609	11671.852	11673.327	1.0	1.0	1.0	1.0					
11675.378	8.889999999999418	trials	18.0	11680.270423000002	11681.763817000001	11683.988085	11684.336296000001	11679.602748000001	11682.305498000002			1.0	1.0	0.0	3.0					
11686.342	13.519999999998618	trials	18.0	11692.72176	11694.511504000002	11698.414726	11698.781877000001	11691.735501000001	11695.014111			1.0	1.0	0.0	3.0					
11700.702	17.63000000000102	trials	18.0	11710.435411	11711.939829	11715.512035000002	11715.645024000001	11709.599826000001	11712.139093000002	11716.082	11718.332	1.0	1.0	1.0	1.0					
11721.407	9.704999999999927	trials	18.0	11725.807084	11727.887200000001	11730.141157000002	11730.408472000001	11724.856143	11728.201570000001			1.0	1.0	1.0	1.0					
11734.687	8.69000000000051	trials	18.0	11738.240368	11739.416035000002	11741.144845	11741.343313000001	11737.453732000002	11739.99493	11741.768	11743.377	1.0	1.0	1.0	1.0					
11747.398	7.512000000000626	trials	18.0	11749.600819000001	11750.812645000002	11754.606954	11755.017160000001	11749.037478000002	11751.460717000002			1.0	2.0	0.0	3.0					
11758.848	13.328999999999724	trials	18.0	11766.730887000002	11768.532490000001	11771.579759	11771.945290000001	11766.02707	11768.881768000001			1.0	2.0	0.0	3.0					
11775.822	32.19000000000051	trials	18.0	11803.811124	11805.067938	11807.594538000001	11808.129846	11802.910567	11805.064893			1.0		0.0	2.0					
11811.037	9.685999999999694	trials	18.0	11816.750251000001	11818.315197	11820.497167000001	11820.845580000001	11815.978761	11818.592278			1.0	2.0	0.0	3.0					
11822.729	15.677999999999884	trials	18.0	11832.900777	11834.378532	11837.649408000001	11838.529336000001	11832.101866	11835.038062000001			1.0	2.0	0.0	3.0					
11841.996	18.971000000001368	trials	18.0	11855.465532000002	11856.723006	11859.025090000001	11859.330820000001	11854.849106000001	11857.224351	11859.647	11860.967	1.0	1.0	1.0	1.0					
11864.987	8.306000000000495	trials	18.0	11869.612584	11871.343375	11872.94813	11873.394110000001	11868.604267	11871.747352			1.0	1.0	0.0	3.0					
11876.296	13.685999999999694	trials	18.0	11883.915957000001	11885.027748	11888.531889000002	11890.102436000001	11882.929520000002	11886.462846			1.0	2.0	0.0	3.0					
11891.768	20.5	trials	18.0	11906.295627000001	11907.774637	11909.984232	11910.302176000001	11905.556410000001	11908.752316000002	11910.443	11912.268	1.0	1.0	1.0	1.0					
11916.317	8.278000000000247	trials	18.0	11921.000689	11922.316914	11924.240656000002	11924.667439	11920.310554000002	11923.237906			1.0	1.0	0.0	3.0					
11927.524	16.40900000000147	trials	18.0	11936.751295000002	11938.593972	11941.73206	11942.165151000001	11936.172174000001	11939.024389000002	11942.252	11943.933	1.0	2.0	1.0	1.0					
11945.996	13.671000000000276	trials	18.0	11955.130782	11956.371111	11958.810256	11959.787239000001	11954.369358	11956.822471000001			1.0	2.0	0.0	3.0					
11962.107	17.854999999999563	trials	18.0	11974.826529000002	11976.792694000002	11979.256560000002	11980.085371000001	11973.959827	11977.101422000002			1.0	1.0	0.0	3.0					
11982.564	64.29099999999926	trials	18.0	12044.07244	12045.397243000001	12046.529038	12046.977226	12043.189999000002	12045.402328			1.0	1.0	0.0	3.0					
12049.885	13.822000000000116	trials	18.0	12057.256353	12059.332013000001	12062.355774000001	12063.827748000002	12056.732431	12059.69865			1.0	2.0	0.0	3.0					
12066.077	15.481000000001586	trials	18.0	12076.461564000001	12077.763201000002	12080.922515000002	12081.676209000001	12075.730950000001	12078.316896			1.0	2.0	0.0	3.0					
12085.296	18.64099999999962	trials	18.0	12098.308396	12100.123648	12102.869845000001	12104.061265	12097.621965	12100.161123000002			1.0	2.0	0.0	3.0					
12105.172	27.69499999999971	trials	18.0	12125.627601	12127.469244	12130.350045000001	12130.944223	12125.088234	12128.025016000001			1.0	2.0	0.0	3.0					
12134.692	33.350000000000364	trials	18.0	12160.506964	12162.108249	12166.145518000001	12166.396342	12159.693849000001	12162.876547	12166.784	12168.042	1.0	1.0	1.0	1.0					
12172.077	11.110000000000582	trials	18.0	12179.051739	12180.494913	12182.349168	12183.311704000002	12178.11606	12181.114554			1.0	1.0	0.0	3.0					
12186.683	20.47399999999834	trials	18.0	12201.81751	12203.037114	12205.001943000001	12205.307063	12200.957172	12203.873656000002	12205.589	12207.157	1.0	1.0	1.0	1.0					
12209.237	18.845000000001164	trials	18.0	12222.582325000001	12224.414086	12225.907246	12226.120083000002	12221.969878	12224.661909	12226.361	12228.082	1.0	1.0	1.0	1.0					
12231.137	14.284999999999854	trials	18.0	12239.422288000002	12241.404265000001			12221.969878		12243.598	12245.422	1.0	1.0	1.0	1.0					
12249.498	8.504000000000815	trials	18.0	12254.276427	12255.769218	12257.472681	12258.104903	12253.348401	12256.339635			1.0	1.0	0.0	3.0					
12260.824	23.891999999999825	trials	18.0	12280.706808	12282.393552	12284.041266	12284.815092	12279.950946	12282.97914			1.0	1.0	0.0	3.0					
12286.369	27.962999999999738	trials	18.0	12309.328627	12311.005289	12313.326557	12314.434335	12308.624568	12310.994225			1.0	1.0	0.0	3.0					
12315.75	20.98199999999997	trials	18.0	12330.434201	12331.839663	12334.538228	12334.84277	12329.529953	12332.405289	12335.098	12336.732	1.0	1.0	1.0	1.0					
12339.818	10.998999999999796	trials	18.0	12346.047054	12347.793972	12350.272539	12350.91939	12345.114221	12348.104297			1.0	2.0	0.0	3.0					
12353.574	22.367999999998574	trials	18.0	12370.171977	12371.672625	12375.218628	12376.0446	12369.26007	12372.149837			1.0	2.0	0.0	3.0					
12377.748	20.248999999999796	trials	18.0	12393.276843	12394.614003	12396.927909	12398.098311	12392.541158	12395.224776			1.0	1.0	0.0	3.0					
12399.183	21.278999999998632	trials	18.0	12412.280306	12414.346872	12417.866831	12418.243302	12411.546354	12414.755256	12418.457	12420.462	1.0	1.0	1.0	1.0					
12424.482	10.715000000000146	trials	18.0	12431.457762	12432.695748	12434.508	12435.299718	12430.628612	12433.330326			1.0	1.0	0.0	3.0					
12436.827	11.496000000001004	trials	18.0	12444.007481999999	12445.044308	12447.966214	12448.408826	12443.326598	12446.752307			1.0	1.0	0.0	3.0					
12452.282	13.7450000000008	trials	18.0	12459.192099	12460.879271	12465.548586	12466.128407	12458.441535	12461.520201			1.0	2.0	0.0	3.0					
12469.808	11.903999999998632	trials	18.0	12474.86693	12476.10842	12479.407898	12479.856563	12474.262428	12478.254909	12479.927	12481.712	1.0	1.0	1.0	1.0					
12485.767	14.486000000000786	trials	18.0	12494.292608	12496.172565	12498.252926	12498.642362	12493.306358	12496.222685			1.0	1.0	0.0	3.0					
12500.543	14.129000000000815	trials	18.0	12509.802355	12511.516368	12514.619894	12515.054952	12509.254166	12513.466067			1.0	1.0	0.0	3.0					
12518.042	343.21500000000015	BlockDesign														1.0	749.0	770.0	90.0	50.0
12518.042	14.26600000000144	trials	19.0	12526.382508	12527.599385	12530.149112	12530.212424	12525.503811999999	12528.792303	12530.777	12532.308	1.0	1.0	1.0	1.0					
12536.4	10.432000000000698	trials	19.0	12540.922821	12542.409388	12544.615944	12544.936522	12540.288148	12543.150254	12545.203	12546.832	1.0	1.0	1.0	1.0					
12549.852	12.424999999999272	trials	19.0	12556.257963	12557.699165	12560.0364	12560.40333	12555.528945	12558.840875	12560.762	12562.277	1.0	1.0	1.0	1.0					
12564.296	14.40099999999984	trials	19.0	12571.653893	12573.540968	12576.530044	12576.897832999999	12570.713671	12573.922495	12577.268	12578.697	1.0	1.0	1.0	1.0					
12582.767	9.385000000000218	trials	19.0	12588.329191	12589.854485	12591.873438	12592.254443	12587.462952	12590.547869			1.0	1.0	0.0	3.0					
12595.117	15.674999999999272	trials	19.0	12604.342808	12605.510026	12608.891938	12609.587	12603.342234	12606.859851			1.0	2.0	0.0	3.0					
12613.219	19.08900000000176	trials	19.0	12625.543004	12627.107851	12630.229782	12630.334658	12624.803243	12628.489701	12630.808	12632.308	1.0	1.0	1.0	1.0					
12636.329	13.13800000000083	trials	19.0	12643.533383	12645.491829	12647.231187	12647.444318	12642.671865	12645.918624	12647.802	12649.467	1.0	1.0	1.0	1.0					
12653.487	10.855000000001382	trials	19.0	12658.182933	12659.827712	12661.809497	12662.216236	12657.379098	12660.678126	12662.547	12664.342	1.0	1.0	1.0	1.0					
12668.402	11.590000000000146	trials	19.0	12671.378144	12673.104658	12676.556563	12677.13056	12670.678589	12674.519172			1.0	2.0	0.0	3.0					
12680.232	15.100000000000364	trials	19.0	12689.168537	12690.529949	12693.101243	12693.434424	12688.65537	12691.92366	12693.808	12695.332	1.0	1.0	1.0	1.0					
12697.352	15.964999999998327	trials	19.0	12707.532939	12709.350002	12711.025143	12711.29337	12706.878852	12709.719841	12711.672	12713.317	1.0	1.0	1.0	1.0					
12715.467	11.854999999999563	trials	19.0	12721.793385	12723.610645	12726.842451	12727.425217	12721.147181	12723.600678			1.0		0.0	2.0					
12728.562	14.799999999999272	trials	19.0	12735.519012	12736.816367	12741.118731	12741.488225	12734.633321	12737.626778	12741.612	12743.362	1.0	1.0	1.0	1.0					
12747.382	10.835000000000946	trials	19.0	12751.710687	12753.524979	12755.999957	12756.289854	12750.832079	12754.487129	12756.542	12758.217	1.0	1.0	1.0	1.0					
12760.107	10.645000000000437	trials	19.0	12765.138719999999	12766.305381	12768.246695	12768.491936	12764.476208	12766.880387	12768.852	12770.752	1.0	1.0	1.0	1.0					
12772.803	12.808999999999287	trials	19.0	12779.808612	12781.731996	12782.939193	12783.180124	12779.283263	12781.94976	12783.592	12785.612	1.0	1.0	1.0	1.0					
12788.628	14.014999999999418	trials	19.0	12796.617846	12798.575214	12802.206591	12802.744657	12796.003888	12798.568125			1.0		0.0	2.0					
12804.558	15.488999999999578	trials	19.0	12813.928686	12815.727329	12817.928702	12818.261903999999	12813.260613	12816.687314	12818.587	12820.047	1.0	1.0	1.0	1.0					
12822.077	13.02100000000064	trials	19.0	12829.415445	12831.230261	12832.705311	12832.983051	12828.587934	12831.598349	12833.348	12835.098	1.0	1.0	1.0	1.0					
12837.117	12.0049999999992	trials	19.0	12842.914915	12844.836469	12846.569358	12846.816176	12842.044601	12845.406329	12847.257	12849.122	1.0	1.0	1.0	1.0					
12853.168	8.088999999999942	trials	19.0	12855.243228	12856.419768	12858.596152	12858.913164	12854.350353	12857.679852	12859.137	12861.257	1.0	1.0	1.0	1.0					
12865.357	76.55999999999949	BlockDesign														1.0	771.0	775.0	0.0	0.0
12865.357	10.395000000000437	trials	20.0	12871.113808	12872.450077	12875.433186	12875.760651	12870.274584	12873.504523			1.0	1.0	0.0	3.0					
12879.836	10.262000000000626	trials	20.0	12883.608693	12885.500666	12887.926859	12888.514384	12882.770672	12886.183098			1.0	2.0	0.0	3.0					
12891.267	18.594999999999345	trials	20.0	12906.252029	12907.801019	12909.530883	12909.937777	12905.254932	12908.400054			1.0	1.0	0.0	3.0					
12912.872	12.75	trials	20.0	12921.04055	12922.261035	12924.72963	12925.724061	12920.316395	12923.257143			1.0	2.0	0.0	3.0					
12929.077	12.840000000000146	trials	20.0	12937.625222	12939.72317	12941.862108	12942.416105	12936.802491	12939.861813			1.0	2.0	0.0	3.0					
12946.23	798.7620000000006	BlockDesign														1.0	776.0	819.0	10.0	50.0
12946.23	21.22700000000077	trials	21.0	12963.754844	12965.08619	12967.110315	12967.563044	12962.915085	12965.620988			1.0	1.0	0.0	3.0					
12969.417	14.860000000000582	trials	21.0	12979.487995	12980.604788	12983.397757	12984.381614	12978.693261	12981.219455			1.0	2.0	0.0	3.0					
12986.715	17.54700000000048	trials	21.0	12999.408933	13000.886015	13003.091878	13003.647818	12998.739374	13001.388977999999			1.0	1.0	0.0	3.0					
13007.449	96.61299999999937	trials	21.0	13100.83084	13102.133607	13103.998991	13104.117059	13100.061762	13102.128248			1.0		0.0	2.0					
13107.072	16.965000000000146	trials	21.0	13121.234451	13122.451035	13123.732596	13124.117853	13120.246269	13122.655526999999			1.0	1.0	0.0	3.0					
13126.043	16.748999999999796	trials	21.0	13136.965214	13138.756691999999	13140.691437	13140.989427	13136.422107	13139.427906	13141.177	13142.792	1.0	1.0	1.0	1.0					
13144.878	8.608000000000175	trials	21.0	13149.916223	13151.62091	13153.124222	13153.552431	13149.344803	13151.918399			1.0	1.0	0.0	3.0					
13155.422	14.050999999999476	trials	21.0	13163.439777	13164.566499	13167.070964	13167.362697	13162.699314	13165.425933	13167.67	13169.473	1.0	1.0	1.0	1.0					
13171.574	10.019000000000233	trials	21.0	13178.141381	13179.821948	13181.23271	13181.635269	13177.19802	13179.962037			1.0	1.0	0.0	3.0					
13185.537	11.046000000000276	trials	21.0	13192.069382	13193.606408	13196.212922	13196.642243	13191.159762	13194.534966			1.0	1.0	0.0	3.0					
13198.547	13.989999999999782	trials	21.0	13208.274524	13209.792869	13212.166251	13212.643449	13207.325363	13210.232451			1.0	1.0	0.0	3.0					
13215.473	23.46899999999914	trials	21.0	13233.345132	13235.130595	13236.735141	13237.049865	13232.579082	13235.421314	13237.382	13238.942	1.0	1.0	1.0	1.0					
13243.025	7.332000000000335	trials	21.0	13246.726427	13248.088973	13249.833671	13250.460861	13246.077045	13248.740391			1.0	1.0	0.0	3.0					
13252.077	15.945000000001528	trials	21.0	13260.784938	13262.581721	13266.058053	13266.537044	13260.040334	13263.167537	13266.637	13268.022	1.0	2.0	1.0	1.0					
13271.047	9.484999999998763	trials	21.0	13276.510334	13277.752158	13280.217621	13280.624584	13275.681209	13278.891956			1.0	1.0	0.0	3.0					
13282.539	13.01299999999901	trials	21.0	13290.190434	13291.788197	13294.876754	13295.657232	13289.54345	13292.640996			1.0	1.0	0.0	3.0					
13299.157	11.0	trials	21.0	13304.238965	13305.427257	13308.195473	13308.74807	13303.284687	13306.109638	13308.977	13310.157	1.0	2.0	1.0	1.0					
13313.238	11.21900000000096	trials	21.0	13318.29216	13320.01845	13322.486832	13322.938443	13317.530102	13320.500214	13323.292	13324.457	1.0	2.0	1.0	1.0					
13327.537	10.549999999999272	trials	21.0	13331.980163	13333.557071	13335.883812	13336.268796	13331.044305	13334.186213	13336.402	13338.087	1.0	2.0	1.0	1.0					
13340.172	10.264999999999418	trials	21.0	13345.645319	13347.503195	13349.927954	13350.541815	13344.989834	13348.285625			1.0	2.0	0.0	3.0					
13353.239	19.45800000000054	trials	21.0	13368.985302	13370.047665	13372.430564	13372.723372	13368.467346	13370.878697			1.0	1.0	0.0	3.0					
13376.717	12.420000000000073	trials	21.0	13384.460987	13385.607311	13388.152706	13389.239918	13383.938568	13386.784328			1.0	2.0	0.0	3.0					
13391.477	20.264999999999418	trials	21.0	13406.06565	13407.427838	13409.34801	13409.99148	13405.536915	13408.191053999999			1.0	1.0	0.0	3.0					
13413.613	34.88900000000103	trials	21.0	13444.620444	13445.755901	13448.1353	13448.607192	13444.017249	13446.874028			1.0	1.0	0.0	3.0					
13450.427	13.475000000000364	trials	21.0	13458.030231	13459.873811	13461.8315	13462.265943	13457.363252	13460.230616	13462.348	13463.902	1.0	2.0	1.0	1.0					
13465.988	13.619000000000597	trials	21.0	13473.595967	13475.68428	13477.326195	13477.806692	13473.058302	13475.958941	13477.822	13479.607	1.0	2.0	1.0	1.0					
13481.692	11.261000000000422	trials	21.0	13486.975944	13488.588425	13490.653581999999	13491.109205	13486.4592	13489.067486	13491.277	13492.953	1.0	2.0	1.0	1.0					
13495.042	10.784999999999854	trials	21.0	13500.825263	13502.22258	13505.266071	13505.93471	13499.994663	13503.011322			1.0	2.0	0.0	3.0					
13508.544	11.663000000000466	trials	21.0	13514.395862	13516.044077	13517.929368	13518.451065	13513.40231	13516.198201	13518.518	13520.207	1.0	2.0	1.0	1.0					
13524.232	8.540000000000873	trials	21.0	13528.650581	13529.76453	13532.088927	13532.877227	13527.761677999999	13530.368114			1.0	2.0	0.0	3.0					
13534.327	12.710000000000946	trials	21.0	13541.841359	13543.122212	13546.067205	13547.143745	13541.15805	13543.778811			1.0	2.0	0.0	3.0					
13550.317	12.93500000000131	trials	21.0	13557.396201	13559.263053	13562.968752	13563.356823	13556.578551	13559.661486			1.0	1.0	0.0	3.0					
13566.282	12.1150000000016	trials	21.0	13573.486095	13575.12222	13577.253453	13578.503466	13572.940311	13575.622122			1.0	2.0	0.0	3.0					
13581.623	12.100000000000364	trials	21.0	13587.245675	13588.82997	13591.640459	13592.103753	13586.31836	13589.488551	13592.253	13593.723	1.0	2.0	1.0	1.0					
13596.737	8.9950000000008	trials	21.0	13601.235774	13603.013328000001	13605.139001	13605.836916	13600.696675	13603.463063			1.0	2.0	0.0	3.0					
13609.462	13.200000000000728	trials	21.0	13617.145991	13618.781546	13622.306181	13622.756798	13616.274711	13619.389208			1.0	1.0	0.0	3.0					
13626.672	13.609999999998763	trials	21.0	13632.769103	13634.145818	13638.26523	13638.751198	13632.258541	13634.902259999999			1.0	1.0	0.0	3.0					
13642.572	11.364999999999782	trials	21.0	13649.321196	13650.439707	13652.945226	13654.044956	13648.790369	13651.767371			1.0	1.0	0.0	3.0					
13656.298	12.058999999999287	trials	21.0	13663.002815	13664.173305	13666.649742	13667.098595	13662.084348	13664.901057	13667.393	13668.357	1.0	2.0	1.0	1.0					
13671.442	10.300000000001091	trials	21.0	13676.966489	13678.754766	13680.981854	13681.84721	13676.245733	13679.347214			1.0	2.0	0.0	3.0					
13684.292	13.215000000000146	trials	21.0	13689.396775	13691.734679	13694.964188	13695.356115999999	13688.763324	13692.816425	13695.558	13697.507	1.0	2.0	1.0	1.0					
13700.575	11.626999999998588	trials	21.0	13706.181855	13708.23464	13710.201219	13710.589548	13705.459733	13708.778999	13710.787	13712.202	1.0	2.0	1.0	1.0					
13716.282	8.986000000000786	trials	21.0	13720.088869	13721.558313	13724.612829	13725.373959	13719.112552999999	13722.196039			1.0	2.0	0.0	3.0					
13728.907	16.085000000000946	trials	21.0	13737.861447	13739.616224	13742.373941	13742.910807	13736.864688	13740.033258	13743.112	13744.992	1.0	2.0	1.0	1.0					
13748.022	296.6899999999987	BlockDesign														0.0	820.0	839.0	50.0	90.0
13748.022	11.5099999999984	trials	22.0	13753.636968	13755.323201	13758.815873	13759.637175	13752.975878	13755.807983			1.0	2.0	0.0	3.0					
13763.167	11.085000000000946	trials	22.0	13769.621501	13770.931376	13773.386664	13774.35752	13768.784826	13771.632113			1.0	2.0	0.0	3.0					
13777.692	15.19000000000051	trials	22.0	13786.696407	13788.015179	13790.385888	13790.880191	13785.99753	13788.600521	13791.007	13792.882	1.0	2.0	1.0	1.0					
13794.964	11.407999999999447	trials	22.0	13801.321845	13803.288044	13805.512686	13806.479944	13800.447329999999	13803.87642			1.0	2.0	0.0	3.0					
13808.832	18.74499999999898	trials	22.0	13821.543166	13822.654112	13825.230394	13825.644995	13820.681913	13823.522721	13825.882	13827.577	1.0	2.0	1.0	1.0					
13830.697	10.959999999999127	trials	22.0	13835.458491	13836.718997	13839.415112	13839.934266	13834.86902	13837.78437	13840.012	13841.657	1.0	2.0	1.0	1.0					
13845.743	9.91399999999885	trials	22.0	13849.847321	13851.423804	13853.515803	13853.935443	13849.113525	13851.938213	13854.077	13855.657	1.0	2.0	1.0	1.0					
13859.73	10.221999999999753	trials	22.0	13863.503283	13865.25369	13867.220696	13867.66784	13862.591838	13865.56967	13867.757	13869.952	1.0	2.0	1.0	1.0					
13872.062	11.139999999999418	trials	22.0	13877.347557	13879.043355	13881.015101	13881.468161	13876.473806	13879.421676	13881.567	13883.202	1.0	2.0	1.0	1.0					
13887.282	11.329999999999927	trials	22.0	13892.597957	13894.533768	13896.59807	13897.0235	13891.744112	13894.988462	13897.282	13898.612	1.0	2.0	1.0	1.0					
13901.733	13.799999999999272	trials	22.0	13907.592220999999	13909.083755	13913.277617	13913.745305	13906.754873	13909.775885	13913.907	13915.533	1.0	2.0	1.0	1.0					
13918.606	12.02599999999984	trials	22.0	13924.012169	13926.231408	13928.088573	13928.522517	13923.188133	13926.503882	13928.607	13930.632	1.0	2.0	1.0	1.0					
13932.718	12.0099999999984	trials	22.0	13937.087639	13939.098491	13942.273971	13942.661601	13936.251654	13939.749962	13942.877	13944.728	1.0	2.0	1.0	1.0					
13946.831	11.34100000000035	trials	22.0	13950.977106	13951.993901	13955.847607	13956.232196	13950.458906	13953.124781	13956.427	13958.172	1.0	2.0	1.0	1.0					
13962.262	9.909999999999854	trials	22.0	13966.049642	13967.479616	13969.968663	13970.390814	13965.464118	13967.934601	13970.518	13972.172	1.0	2.0	1.0	1.0					
13976.31	10.29200000000128	trials	22.0	13980.427563	13982.060216	13984.446935	13984.802631	13979.630208	13982.411586	13985.058	13986.602	1.0	2.0	1.0	1.0					
13988.623	11.649000000001251	trials	22.0	13994.362248	13995.668225	13998.086507	13998.504288	13993.66283	13996.38281	13998.742	14000.272	1.0	2.0	1.0	1.0					
14003.327	14.540000000000873	trials	22.0	14010.822359	14012.664057	14015.709137	14016.186171	14010.188426	14013.140023	14016.227	14017.867	1.0	2.0	1.0	1.0					
14022.018	9.543999999999869	trials	22.0	14025.637644	14027.614041	14029.433645	14029.825916	14024.706672	14028.04646	14029.963	14031.562	1.0	2.0	1.0	1.0					
14034.582	10.1299999999992	trials	22.0	14038.754235	14040.52329	14042.719793	14043.070103	14038.016523	14040.581331	14043.292	14044.712	1.0	2.0	1.0	1.0					
14046.827	2350.305000000002	BlockDesign														0.0	840.0	857.0	50.0	0.0
14046.827	13.066000000000713	trials	23.0	14053.257948	14054.881193	14057.802987	14057.92652	14052.421863	14055.582153	14058.393	14059.893	2.0	1.0	1.0	1.0					
14064.018	7.697000000000116	trials	23.0	14068.06421	14069.304642	14071.419234	14071.779737	14067.095253	14070.283352			2.0	1.0	0.0	3.0					
14073.687	14.956000000000131	trials	23.0	14085.254034	14086.373831	14088.369192	14088.726165	14084.438858	14086.968297			2.0	1.0	0.0	3.0					
14091.653	48.378999999998996	trials	23.0	14134.527676	14136.524403	14138.127258	14138.219304	14133.606597	14136.496298	14138.752	14140.032	2.0	1.0	1.0	1.0					
14142.09	9.152000000000044	trials	23.0	14147.277522	14149.225547	14150.783651	14151.350315	14146.743728	14149.738772			2.0	1.0	0.0	3.0					
14155.192	11.1200000000008	trials	23.0	14160.673622	14162.029503	14164.009233	14164.295757	14159.985176	14162.789406	14164.592	14166.312	2.0	1.0	1.0	1.0					
14168.327	19.725000000000364	trials	23.0	14182.027656	14183.416937	14185.986230999999	14186.204732	14181.289703	14184.031482	14186.522	14188.052	2.0	1.0	1.0	1.0					
14191.151	11.300999999999476	trials	23.0	14198.277896	14200.07496	14202.069147	14202.520475	14197.430115	14200.580651			2.0	1.0	0.0	3.0					
14205.449	17.568999999999505	trials	23.0	14216.778003	14218.175508	14220.758792	14221.053806	14215.993299	14219.331864	14221.387	14223.018	2.0	1.0	1.0	1.0					
14227.09	10.271999999999025	trials	23.0	14231.449360999999	14233.394921	14235.163508	14235.472017	14230.647018	14233.767618	14235.872	14237.362	2.0	1.0	1.0	1.0					
14239.382	10.415000000000873	trials	23.0	14245.959862	14247.659076	14249.535258	14249.9027	14244.990021	14248.648266			2.0	1.0	0.0	3.0					
14251.856	19.264999999999418	trials	23.0	14267.478278999999	14269.199778	14270.798229	14271.18087	14266.600359	14269.707462			2.0	1.0	0.0	3.0					
14273.058	24.893999999998414	trials	23.0	14292.183482	14293.832495	14295.236692999999	14295.461256	14291.2218	14294.08993	14295.737	14297.952	2.0	1.0	1.0	1.0					
14300.043	11.259000000000015	trials	23.0	14306.969156	14308.14717	14310.947037	14311.410353	14306.420344	14309.641746			2.0	1.0	0.0	3.0					
14315.246	13.227000000000771	trials	23.0	14323.839134	14325.620004	14328.052212	14328.582219	14323.315634999999	14326.262192			2.0	1.0	0.0	3.0					
14331.44	16.45299999999952	trials	23.0	14340.496898	14341.520414999999	14347.446922	14348.004411	14339.949552	14345.568619			2.0	2.0	0.0	3.0					
14351.717	1023.164999999999	trials	23.0									2.0		0.0	2.0					
15374.922	1022.210000000001	trials	23.0											0.0	0.0					
