onset	duration	nwb_table	block	tone_on_time	tone_off_time	action_on_time	action_off_time	pokeC_on_time	pokeC_off_time	reward_on_time	reward_off_time	state	action	reward	result	FinishedBlock	FirstTrial	LastTrial	RewardRule_L	RewardRule_R
4.62	369.825	BlockDesign														1.0	1.0	22.0	50.0	0.0
4.62	12.54	trials	1.0	14.264933999999998	15.947136999999998	16.65589	17.253746999999997	13.370073999999997	16.151508999999997			2.0	2.0	0.0	3.0					
18.936	11.359000000000002	trials	1.0	26.179896999999997	27.592004999999997	29.682351999999998	30.385838999999997	25.293461999999998	27.587279999999996			2.0		0.0	2.0					
31.52	17.44	trials	1.0	44.03057	45.582178	47.386311	47.635597	43.062495	46.973955	47.95	48.96	2.0	1.0	1.0	1.0					
52.99	11.258999999999993	trials	1.0	61.200567	63.101383	63.787195999999994	64.300072	60.659504	63.442741			2.0	1.0	0.0	3.0					
68.187	17.688000000000002	trials	1.0	82.89693	84.787165	85.555173	85.937215	82.31430999999999	85.197272			2.0	1.0	0.0	3.0					
87.957	45.298	trials	1.0	129.225424	130.584442	131.631415	132.03347	128.675058	131.26927799999999	132.261	133.255	2.0	1.0	1.0	1.0					
135.345	8.444999999999993	trials	1.0	141.120768	142.507118	143.519377	143.859567	140.55060699999999	143.153707			2.0	1.0	0.0	3.0					
146.86	20.454999999999984	trials	1.0	162.812272	164.86117	165.770209	166.052462	162.107001	165.390957	166.39	167.315	2.0	1.0	1.0	1.0					
169.401	8.641999999999996	trials	1.0	174.885391	176.382664	177.625155	178.065532	174.334011	177.287475			2.0	1.0	0.0	3.0					
182.035	8.799000000000007	trials	1.0	187.786287	189.569516	190.419489	190.891159	187.224186	189.85716299999999			2.0	2.0	0.0	3.0					
192.812	10.012999999999977	trials	1.0	199.82590199999999	200.847391	202.49734899999999	202.86686699999998	199.254688	202.13764			2.0	1.0	0.0	3.0					
205.905	14.365000000000009	trials	1.0	215.515512	217.571128	218.657965	218.96293	214.723327	218.296425	219.47	220.27	2.0	1.0	1.0	1.0					
222.315	9.02000000000001	trials	1.0	227.680507	229.66980999999998	231.076384	231.419485	226.718061	229.80984			2.0	2.0	0.0	3.0					
234.39	9.515000000000015	trials	1.0	240.960979	242.352343	243.41206	243.99636	240.405414	242.920626			2.0	2.0	0.0	3.0					
245.761	12.839000000000027	trials	1.0	254.121444	256.02937299999996	257.05969200000004	257.344929	253.255603	256.628928	257.6	258.6	2.0	1.0	1.0	1.0					
262.62	7.069999999999993	trials	1.0	267.026305	268.19140500000003	269.36722599999996	269.75686599999995	266.11551699999995	268.986138			2.0	1.0	0.0	3.0					
273.645	15.585000000000036	trials	1.0	285.69621099999995	286.72719099999995	288.890931	289.29869599999995	284.97343	288.53531799999996			2.0	1.0	0.0	3.0					
292.255	16.704000000000008	trials	1.0	304.54587300000003	305.92747199999997	308.62109499999997	309.00160800000003	303.72277699999995	307.53513399999997			2.0	2.0	0.0	3.0					
310.895	19.531000000000006	trials	1.0	325.89803199999994	327.711539	328.827045	329.09864400000004	325.12502400000005	328.400268	311.875	330.426	2.0	1.0	1.0	1.0					
332.45	12.965000000000032	trials	1.0	341.34103500000003	342.86695699999996	343.74001799999996	344.06009099999994	340.37827200000004	343.374915	344.386	345.415	2.0	1.0	1.0	1.0					
347.44	9.014999999999986	trials	1.0	353.11632	355.33764199999996	356.133097	356.48598000000004	352.328853	355.754643			2.0	1.0	0.0	3.0					
358.536	15.908999999999992	trials	1.0	371.05629999999996	372.988212			370.37402099999997	374.11573999999996			2.0	1.0	0.0	3.0					
378.918	728.2019999999999	BlockDesign														1.0	23.0	62.0	0.0	50.0
378.918	26.46199999999999	trials	2.0	401.225944	402.54857200000004	403.51443099999995	403.94567800000004	400.237618	402.52767400000005	395.685	405.38	3.0	2.0	1.0	1.0					
408.468	20.24799999999999	trials	2.0	425.41212900000005	427.264624	428.46394	428.79577600000005	424.79409	428.0788			3.0	1.0	0.0	3.0					
430.77	17.75999999999999	trials	2.0	444.34607500000004	446.281833	448.13484600000004	448.623504	443.378644	446.304844			3.0	2.0	0.0	3.0					
450.426	11.824000000000012	trials	2.0	459.14144999999996	460.898134	461.771204	462.34378200000003	458.16960600000004	461.239142			3.0	2.0	0.0	3.0					
465.111	12.401999999999987	trials	2.0	474.721175	476.5608	477.164302	477.59391600000004	474.17355999999995	476.78432599999996			3.0	1.0	0.0	3.0					
479.453	13.302000000000021	trials	2.0	489.37695899999994	490.93028200000003	492.421165	492.84621300000003	488.42465500000003	492.053589			3.0	1.0	0.0	3.0					
496.77	7.775000000000034	trials	2.0	500.831557	502.63043700000003	503.145859	503.791371	500.240401	502.617844			3.0		0.0	2.0					
506.593	11.737000000000023	trials	2.0	514.9470190000001	516.593079	517.676298	518.422042	514.1738250000001	517.1432140000001			3.0	2.0	0.0	3.0					
520.935	21.520000000000095	trials	2.0	538.1363160000001	539.900565	541.205539	541.6610420000001	537.28647	540.585021			3.0	2.0	0.0	3.0					
543.565	40.09999999999991	trials	2.0	579.108319	580.741627	581.875392	582.299288	578.3507050000001	581.404546	582.551	583.665	3.0	2.0	1.0	1.0					
585.687	11.638000000000034	trials	2.0	593.336718	594.739099	595.5018680000001	595.917288	592.692138	595.055077	596.06	597.325	3.0	2.0	1.0	1.0					
601.409	17.010999999999967	trials	2.0	615.2117410000001	616.969615	617.6670770000001	618.511621	614.7012930000001	617.2058920000001			3.0	2.0	0.0	3.0					
622.02	11.696000000000026	trials	2.0	630.322096	631.5976900000001	633.280527	633.810103	629.707675	632.70037			3.0	2.0	0.0	3.0					
635.611	18.158999999999992	trials	2.0	651.296868	652.4087900000001	653.4598540000001	653.8102190000001	650.46676	653.0578300000001			3.0	1.0	0.0	3.0					
655.782	15.144000000000005	trials	2.0	666.657373	667.825227	669.15385	669.540807	665.75984	668.424826	669.755	670.926	3.0	2.0	1.0	1.0					
674.047	16.977999999999952	trials	2.0	688.556952	689.67657	690.710578	691.031138	687.9234730000001	690.351499			3.0	1.0	0.0	3.0					
695.106	8.499000000000024	trials	2.0	699.09211	700.472571	701.6858920000001	702.215451	698.576149	701.190327	702.25	703.605	3.0	2.0	1.0	1.0					
706.695	31.038999999999987	trials	2.0	733.8772270000001	735.168949	737.421094	737.780206	733.071855	737.082405			3.0	1.0	0.0	3.0					
739.761	12.269000000000005	trials	2.0	748.24252	749.611357	751.719205	752.061375	747.5942580000001	751.2907270000001			3.0	2.0	0.0	3.0					
754.04	9.319000000000074	trials	2.0	759.512385	760.7290750000001	762.8451220000001	763.454668	758.587725	760.7190400000001			3.0		0.0	2.0					
764.765	10.279999999999973	trials	2.0	772.274161	773.409298	774.51049	775.138336	771.519057	774.16224			3.0	1.0	0.0	3.0					
776.78	13.245000000000005	trials	2.0	785.352136	787.404309	788.259441	788.741212	784.369678	787.8154030000001	788.886	790.025	3.0	2.0	1.0	1.0					
793.055	17.980000000000018	trials	2.0	808.027776	809.120764	810.609339	811.127127	807.246267	810.084694			3.0	2.0	0.0	3.0					
814.88	8.81000000000006	trials	2.0	819.608974	821.4266240000001	823.315465	823.782697	818.93776	822.832272			3.0	2.0	0.0	3.0					
825.609	11.483999999999924	trials	2.0	833.4930380000001	835.744308	836.695914	837.156865	832.6582440000001	836.3269730000001			3.0	1.0	0.0	3.0					
840.02	11.196000000000026	trials	2.0	847.847361	849.214316	849.948021	850.570834	846.849741	849.2116930000001			3.0		0.0	2.0					
855.25	15.325000000000045	trials	2.0	868.152828	869.35567	870.242956	870.6438890000001	867.447856	869.78106			3.0	2.0	0.0	3.0					
872.585	16.159999999999968	trials	2.0	885.967657	887.4989350000001	888.257146	888.840172	885.306922	887.812374			3.0	2.0	0.0	3.0					
892.532	10.88900000000001	trials	2.0	900.797808	902.3872250000001	903.0028570000001	903.518035	899.8971670000001	902.6345600000001			3.0	1.0	0.0	3.0					
905.375	13.5	trials	2.0	914.277949	916.27941	917.14797	917.592315	913.434421	916.670467	917.82	918.875	3.0	2.0	1.0	1.0					
921.937	14.509000000000015	trials	2.0	933.3473240000001	935.2395700000001	935.986815	936.543672	932.3634880000001	935.491927			3.0	2.0	0.0	3.0					
938.375	11.700000000000045	trials	2.0	946.533178	948.595801	949.3346260000001	949.798146	945.660472	948.886489			3.0	2.0	0.0	3.0					
951.601	13.325000000000045	trials	2.0	961.432716	963.507441	964.4680490000001	965.021983	960.6415480000001	963.7908540000001			3.0	2.0	0.0	3.0					
967.797	12.504000000000019	trials	2.0	975.743062	976.969234	978.40315	978.828445	975.1059670000001	977.722698	979.011	980.301	3.0	2.0	1.0	1.0					
984.391	17.899	trials	2.0	997.4778200000001	999.282231	1000.2740620000001	1000.711866	996.7756800000001	999.2719050000001	1000.955	1002.29	3.0	2.0	1.0	1.0					
1004.205	30.92999999999995	trials	2.0	1031.874156	1033.878228	1034.726829	1035.186744	1031.059953	1034.272915			3.0	2.0	0.0	3.0					
1037.095	15.730000000000018	trials	2.0	1049.638212	1051.45683	1052.495521	1052.821986	1048.958007	1052.118879			3.0	1.0	0.0	3.0					
1054.835	14.349999999999909	trials	2.0	1064.888007	1066.464724	1067.370369	1067.788129	1064.247889	1066.898326	1067.99	1069.185	3.0	2.0	1.0	1.0					
1073.255	16.0949999999998	trials	2.0	1086.118356	1087.928868	1088.7285160000001	1089.124699	1085.463299	1088.273956			3.0	2.0	0.0	3.0					
1092.12	15.0	trials	2.0	1103.307727	1104.505191	1105.261514	1105.619479	1102.407868	1104.801166	1105.91	1107.12	3.0	2.0	1.0	1.0					
1110.217	918.0929999999998	BlockDesign														1.0	63.0	110.0	50.0	50.0
1110.217	19.442999999999984	trials	3.0	1126.253602	1128.171201	1129.127941	1129.756585	1125.735595	1128.497281			3.0	2.0	0.0	3.0					
1132.453	15.461999999999989	trials	3.0	1145.333257	1146.684651	1147.604953	1148.007996	1144.610314	1147.109475			3.0	2.0	0.0	3.0					
1151.886	8.848999999999933	trials	3.0	1157.228259	1159.1518270000001	1160.391577	1160.721041	1156.600417	1159.976548			2.0	1.0	0.0	3.0					
1164.815	12.679999999999836	trials	3.0	1173.548284	1174.79992	1176.720677	1177.069732	1172.654413	1176.295665			2.0	1.0	0.0	3.0					
1179.081	14.669000000000096	trials	3.0	1190.718202	1192.207378	1193.430823	1193.782735	1189.9999480000001	1192.785778			2.0	2.0	0.0	3.0					
1195.785	10.909999999999854	trials	3.0	1203.414478	1205.006068	1205.698791	1206.14462	1202.706066	1205.0579890000001			2.0	2.0	0.0	3.0					
1208.955	11.205000000000155	trials	3.0	1215.373696	1217.166363	1218.324817	1218.797675	1214.829612	1217.848332	1218.901	1220.16	3.0	2.0	1.0	1.0					
1222.24	17.289999999999964	trials	3.0	1235.659308	1237.106716	1239.091864	1239.627792	1235.0437	1237.09578			3.0		0.0	2.0					
1242.047	10.76299999999992	trials	3.0	1248.65381	1249.863252	1250.954868	1251.396616	1248.101713	1250.471646	1251.71	1252.81	3.0	2.0	1.0	1.0					
1256.861	29.848999999999933	trials	3.0	1283.058661	1284.506373	1285.145025	1285.370053	1282.209535	1284.793813	1285.775	1286.71	2.0	1.0	1.0	1.0					
1288.73	21.164999999999964	trials	3.0	1305.99889	1307.320021	1308.090846	1308.569763	1305.008874	1307.643658	1308.73	1309.895	3.0	2.0	1.0	1.0					
1313.915	15.307999999999993	trials	3.0	1326.59347	1328.05219	1328.888167	1329.198238	1325.792686	1328.486839			3.0	1.0	0.0	3.0					
1331.205	21.385999999999967	trials	3.0	1348.343851	1350.115927	1351.028056	1351.262163	1347.436461	1350.69182	1351.73	1352.591	2.0	1.0	1.0	1.0					
1355.547	14.613000000000056	trials	3.0	1367.803708	1369.095192	1369.900791	1370.242764	1367.203828	1369.539273			2.0	1.0	0.0	3.0					
1373.205	11.323000000000093	trials	3.0	1381.369459	1383.244516	1384.195927	1384.555525	1380.631992	1383.805435			2.0	1.0	0.0	3.0					
1386.576	12.554000000000087	trials	3.0	1396.549228	1398.200881	1398.6991600000001	1399.224148	1395.971374	1398.206515			3.0	2.0	0.0	3.0					
1401.089	10.385999999999967	trials	3.0	1408.893775	1410.370908	1411.157401	1411.491438	1408.10758	1410.795888			2.0	1.0	0.0	3.0					
1415.551	8.81899999999996	trials	3.0	1420.468787	1421.613445	1422.571819	1422.95772	1419.730198	1422.111927	1423.216	1424.37	3.0	2.0	1.0	1.0					
1426.386	25.75	trials	3.0	1447.650617	1449.554466	1450.289706	1450.775223	1446.776503	1449.723489	1450.91	1452.136	3.0	2.0	1.0	1.0					
1454.102	38.61799999999994	trials	3.0	1489.91958	1491.421065	1492.220419	1492.817745	1489.242467	1491.502168			2.0	2.0	0.0	3.0					
1495.52	9.070999999999913	trials	3.0	1501.699716	1503.086354	1504.114714	1504.685209	1500.9426250000001	1503.60095			2.0	2.0	0.0	3.0					
1507.431	23.11999999999989	trials	3.0	1526.190712	1528.286658	1528.974172	1529.208243	1525.225959	1528.573239	1529.565	1530.551	2.0	1.0	1.0	1.0					
1534.647	15.748000000000047	trials	3.0	1547.6796550000001	1549.112851	1550.085696	1550.479957	1546.960077	1549.65076			3.0	1.0	0.0	3.0					
1553.47	9.264999999999873	trials	3.0	1559.699677	1561.376524	1562.189562	1562.83008	1559.112307	1561.540194			3.0	2.0	0.0	3.0					
1565.511	12.329999999999927	trials	3.0	1573.049665	1574.215981	1575.9831490000001	1576.4658670000001	1572.3152910000001	1574.920507	1576.505	1577.841	3.0	2.0	1.0	1.0					
1579.86	22.27000000000021	trials	3.0	1599.026142	1600.386049	1601.707027	1602.224296	1598.024322	1601.28037			2.0	1.0	0.0	3.0					
1604.047	12.687999999999874	trials	3.0	1613.320723	1615.388086	1616.237371	1616.833947	1612.597888	1615.693506			3.0	2.0	0.0	3.0					
1618.576	23.503999999999905	trials	3.0	1638.325173	1639.4547010000001	1640.378112	1640.654685	1637.46174	1640.028294	1623.051	1642.08	2.0	1.0	1.0	1.0					
1645.046	19.283999999999878	trials	3.0	1660.901038	1662.403026	1663.470894	1663.705971	1659.958617	1663.119007			2.0	1.0	0.0	3.0					
1666.845	18.37999999999988	trials	3.0	1681.229431	1683.025464	1683.752743	1684.027173	1680.4591540000001	1683.388435	1684.265	1685.225	2.0	1.0	1.0	1.0					
1689.245	14.570000000000164	trials	3.0	1700.736373	1702.103362	1702.958322	1703.338989	1699.831668	1702.465063			3.0	2.0	0.0	3.0					
1707.293	10.107000000000198	trials	3.0	1712.9451490000001	1715.036761	1715.713162	1716.070003	1712.354922	1715.204431	1716.39	1717.4	3.0	2.0	1.0	1.0					
1721.462	13.367999999999938	trials	3.0	1730.6511970000001	1731.860134	1733.046057	1733.36794	1729.88047	1732.554996	1733.585	1734.83	3.0	2.0	1.0	1.0					
1738.88	14.489999999999782	trials	3.0	1750.094892	1752.086074	1752.94594	1753.465654	1749.144442	1752.240888			2.0	2.0	0.0	3.0					
1755.219	11.965999999999894	trials	3.0	1762.191586	1763.568087	1765.299085	1765.711726	1761.454303	1764.4313280000001	1765.85	1767.185	3.0	2.0	1.0	1.0					
1770.321	14.694000000000187	trials	3.0	1782.041332	1783.771395	1784.667735	1785.102523	1781.518806	1784.1924040000001			3.0	2.0	0.0	3.0					
1786.975	15.451000000000022	trials	3.0	1799.410255	1801.332358	1802.018629	1802.522617	1798.648086	1801.65409			2.0	1.0	0.0	3.0					
1805.29	14.92599999999993	trials	3.0	1816.4699620000001	1817.726486	1818.631159	1818.849874	1815.618207	1818.296166	1819.225	1820.216	2.0	1.0	1.0	1.0					
1823.16	26.34999999999991	trials	3.0	1846.902021	1848.306616	1849.163707	1849.572063	1846.101535	1848.700114			3.0	2.0	0.0	3.0					
1851.442	21.738000000000056	trials	3.0	1870.805592	1872.271944	1872.8263180000001	1873.277934	1870.012707	1872.490642			2.0	1.0	0.0	3.0					
1877.076	11.907999999999902	trials	3.0	1885.845331	1887.15766	1888.189887	1888.521483	1885.266237	1887.811911			2.0	1.0	0.0	3.0					
1892.566	32.134000000000015	trials	3.0	1920.692166	1922.199189	1922.945324	1923.317296	1920.035821	1922.470096	1923.56	1924.7	3.0	2.0	1.0	1.0					
1927.755	14.755999999999858	trials	3.0	1939.9509600000001	1941.032455	1941.976482	1942.6059460000001	1939.381945	1941.502005			2.0	2.0	0.0	3.0					
1945.256	13.023999999999887	trials	3.0	1954.260477	1955.7001050000001	1956.496954	1956.9220500000001	1953.715903	1956.026278	1957.025	1958.28	3.0	2.0	1.0	1.0					
1960.345	16.644999999999982	trials	3.0	1973.335759	1975.079656	1976.183316	1976.5873960000001	1972.52383	1975.069509			3.0		0.0	2.0					
1979.02	15.570999999999913	trials	3.0	1990.956964	1992.595087	1993.579058	1993.780924	1990.1595	1993.182237			2.0	1.0	1.0	1.0					
1998.028	16.09199999999987	trials	3.0	2011.656964	2013.117925	2013.797656	2014.151397	2011.103223	2013.444327			3.0	1.0	0.0	3.0					
2016.055	12.254999999999882	trials	3.0	2024.567268	2026.425081	2028.098059	2028.408036	2024.046483	2027.748988			2.0	1.0	0.0	3.0					
2032.486	83.69199999999978	BlockDesign														1.0	111.0	115.0	0.0	0.0
2032.486	12.198999999999842	trials	4.0	2041.676101	2043.445492	2044.3677400000001	2044.666896	2041.143177	2043.982219			2.0	1.0	0.0	3.0					
2048.695	12.309999999999945	trials	4.0	2057.145651	2058.9821660000002	2060.6951480000002	2061.057934	2056.520722	2059.926919			2.0	2.0	0.0	3.0					
2064.091	17.07900000000018	trials	4.0	2078.362851	2079.802579	2080.821874	2081.224648	2077.490175	2080.443346			2.0	1.0	0.0	3.0					
2084.111	11.289999999999964	trials	4.0	2092.161114	2093.440639	2094.88219	2095.495925	2091.459523	2094.382978			2.0	2.0	0.0	3.0					
2099.225	16.952999999999975	trials	4.0	2114.005931	2115.404274	2116.171231	2116.749482	2113.358911	2115.708198			2.0	2.0	0.0	3.0					
2119.502	140.9760000000001	BlockDesign														1.0	116.0	120.0	0.0	0.0
2119.502	16.326000000000022	trials	5.0	2133.116702	2134.439145	2135.48885	2135.810006	2132.310627	2135.13816			3.0	1.0	0.0	3.0					
2138.841	15.60400000000027	trials	5.0	2151.291151	2153.155561	2154.19785	2154.534414	2150.3505450000002	2153.675065			3.0	2.0	0.0	3.0					
2158.515	15.599999999999909	trials	5.0	2170.520971	2172.18762	2173.637674	2174.213562	2169.960487	2173.1610180000002			3.0	2.0	0.0	3.0					
2177.967	15.139000000000124	trials	5.0	2190.26647	2191.553019	2192.581789	2193.203481	2189.655064	2192.057088			3.0	2.0	0.0	3.0					
2195.91	64.56800000000021	trials	5.0	2257.506667	2258.909452	2260.4080440000002	2261.070337	2256.52693	2259.891142			3.0	2.0	0.0	3.0					
2263.75	972.1100000000001	BlockDesign														1.0	121.0	166.0	50.0	50.0
2263.75	51.26999999999998	trials	6.0	2311.136554	2312.892724	2313.574807	2313.775428	2310.503188	2313.219289	2314.42	2315.02	2.0	1.0	1.0	1.0					
2317.095	14.440000000000055	trials	6.0	2328.881763	2330.040816	2331.146773	2331.633273	2328.21385	2330.795671			2.0	1.0	0.0	3.0					
2335.405	12.014999999999873	trials	6.0	2344.636761	2346.106607	2346.933828	2347.5176460000002	2343.876106	2346.4725750000002			3.0	2.0	0.0	3.0					
2349.205	23.740000000000236	trials	6.0	2368.647508	2370.298615	2371.264354	2371.619965	2368.086457	2370.825666	2371.781	2372.945	3.0	2.0	1.0	1.0					
2374.966	18.625	trials	6.0	2386.916951	2388.723867	2389.700203	2390.276586	2386.097701	2389.210421			3.0	2.0	0.0	3.0					
2394.0	16.610000000000127	trials	6.0	2405.488208	2407.4578970000002	2408.489224	2408.956332	2404.515357	2407.986929	2409.051	2410.61	3.0	2.0	1.0	1.0					
2413.625	19.954999999999927	trials	6.0	2429.667306	2431.513602	2432.781401	2433.088537	2428.784862	2432.3922900000002			2.0	1.0	0.0	3.0					
2436.16	12.079999999999927	trials	6.0	2445.087358	2446.313953			2444.154646	2446.309182			2.0		0.0	2.0					
2452.301	9.989000000000033	trials	6.0	2459.31883	2460.746568	2461.787805	2462.388619	2458.693595	2461.341375			2.0	2.0	0.0	3.0					
2465.065	20.73999999999978	trials	6.0	2481.997342	2483.869486	2484.8115940000002	2485.211512	2481.185181	2484.301354			3.0	2.0	0.0	3.0					
2487.125	31.75500000000011	trials	6.0	2515.953556	2517.6960520000002	2518.515584	2518.935744	2515.181422	2518.108143			3.0	1.0	0.0	3.0					
2520.835	17.36999999999989	trials	6.0	2535.232315	2536.491349	2537.2897080000002	2537.81539	2534.49588	2536.828776			3.0	2.0	0.0	3.0					
2539.657	19.717999999999847	trials	6.0	2555.76777	2557.619575	2558.880466	2559.4742340000003	2554.769647	2558.494042			2.0	1.0	0.0	3.0					
2563.13	14.02599999999984	trials	6.0	2574.26286	2575.903822	2576.84449	2577.224146	2573.312148	2576.422894			2.0	1.0	0.0	3.0					
2580.166	17.948999999999614	trials	6.0	2594.347461	2595.844386	2597.159662	2597.54508	2593.542792	2596.612606			2.0	2.0	0.0	3.0					
2600.415	23.760999999999967	trials	6.0	2620.489354	2622.166428	2623.16863	2623.517941	2619.5845	2622.686161			3.0	2.0	1.0	1.0					
2626.625	25.30099999999993	trials	6.0	2647.133089	2649.172221	2650.174111	2650.456675	2646.361478	2649.7244610000002	2650.735	2651.926	2.0	1.0	1.0	1.0					
2654.954	8.565999999999804	trials	6.0	2659.378822	2660.71332	2661.619356	2662.028482	2658.854527	2661.104435	2662.16	2663.52	3.0	2.0	1.0	1.0					
2667.58	13.363000000000284	trials	6.0	2678.047927	2679.241494	2680.555468	2681.043123	2677.066689	2679.8860250000002			2.0	1.0	0.0	3.0					
2683.935	16.485000000000127	trials	6.0	2696.52963	2697.710602	2698.575424	2698.9595990000003	2695.893738	2698.08926	2699.24	2700.42	3.0	2.0	1.0	1.0					
2702.455	11.360000000000127	trials	6.0	2710.162926	2711.695031	2712.502628	2713.054936	2709.359011	2712.023319			3.0	2.0	0.0	3.0					
2714.755	18.460999999999785	trials	6.0	2728.703701	2730.613836	2731.619331	2731.8226680000002	2727.755194	2731.250149	2732.195	2733.216	2.0	1.0	1.0	1.0					
2737.305	6.710000000000036	trials	6.0	2741.173546	2743.009973	2743.743819	2744.079813	2740.538302	2743.350326			2.0	1.0	0.0	3.0					
2747.047	19.117999999999938	trials	6.0	2763.803257	2765.132146	2765.7530070000003	2766.262812	2763.0717680000002	2765.302015			3.0	2.0	0.0	3.0					
2769.07	14.569999999999709	trials	6.0	2781.114948	2782.36651	2783.28244	2783.71758	2780.206693	2782.867489			2.0	1.0	0.0	3.0					
2787.6	26.014999999999873	trials	6.0	2808.820131	2810.265207	2813.172705	2813.717374	2807.884759	2810.253337			2.0		0.0	2.0					
2814.19	16.355000000000018	trials	6.0	2827.023048	2828.854134	2830.021711	2830.644898	2826.370159	2829.329167			3.0	2.0	0.0	3.0					
2833.351	19.268999999999778	trials	6.0	2848.794496	2850.870153	2851.8351430000002	2852.219296	2848.1300810000002	2851.216146			3.0	2.0	0.0	3.0					
2854.211	57.909000000000106	trials	6.0	2907.848914	2909.660506	2910.385701	2910.705608	2907.23121	2909.927272	2911.055	2912.12	3.0	2.0	1.0	1.0					
2915.14	8.925000000000182	trials	6.0	2919.570118	2921.302344	2922.130707	2922.531452	2919.053098	2921.643792	2922.685	2924.065	3.0	2.0	1.0	1.0					
2926.105	10.605000000000018	trials	6.0	2932.643801	2934.282169	2935.023787	2935.302217	2931.654768	2934.616794	2935.801	2936.71	2.0	1.0	1.0	1.0					
2940.761	12.728999999999814	trials	6.0	2950.148515	2952.3837280000002	2953.185982	2953.563541	2949.374434	2952.814536			2.0	1.0	0.0	3.0					
2956.565	13.905999999999949	trials	6.0	2966.78071	2968.026889	2968.698117	2969.011307	2965.8597290000002	2968.214904	2969.535	2970.471	3.0	2.0	1.0	1.0					
2974.555	7.755000000000109	trials	6.0	2978.589421	2979.640506	2980.451653	2980.750015	2977.736053	2979.984079	2981.07	2982.31	3.0	2.0	1.0	1.0					
2985.25	6.835000000000036	trials	6.0	2988.389019	2989.831441	2991.759508	2992.184256	2987.577918	2989.827693			3.0		0.0	2.0					
2993.895	19.548999999999978	trials	6.0	3011.170092	3012.796057	3013.1207640000002	3013.537588	3010.191742	3012.710398			2.0	1.0	0.0	3.0					
3016.37	15.945000000000164	trials	6.0	3029.584285	3031.118765	3031.918422	3032.417671	3029.073691	3031.39258			3.0	2.0	0.0	3.0					
3034.225	11.815000000000055	trials	6.0	3041.999446	3044.126514			3041.436211	3044.120666			2.0		0.0	2.0					
3048.065	13.360999999999876	trials	6.0	3055.813833	3057.000552			3055.115376	3059.019611	3059.98	3061.426	2.0	1.0	1.0	1.0					
3065.44	12.545000000000073	trials	6.0	3074.081703	3075.606158	3076.252833	3076.5966169999997	3073.2051149999998	3075.881685	3076.77	3077.985	2.0	1.0	1.0	1.0					
3081.112	33.18299999999999	trials	6.0	3111.725339	3113.1315449999997	3114.001026	3114.390762	3111.1973789999997	3113.5004449999997			3.0	2.0	0.0	3.0					
3116.33	13.735000000000127	trials	6.0	3127.166695	3129.1452609999997	3129.770098	3130.099961	3126.6207329999997	3129.419454			2.0	1.0	0.0	3.0					
3132.136	23.222000000000207	trials	6.0	3151.9255789999997	3153.880361	3154.961969	3155.466465	3151.004798	3154.4225939999997			2.0	2.0	0.0	3.0					
3159.345	24.791000000000167	trials	6.0	3179.529968	3181.275483	3182.049348	3182.4701419999997	3178.7297399999998	3181.566183	3177.205	3184.136	3.0	2.0	1.0	1.0					
3187.176	21.608999999999924	trials	6.0	3204.585951	3205.8336569999997	3206.813812	3207.2093059999997	3203.606291	3206.328547	3207.333	3208.785	3.0	2.0	1.0	1.0					
3212.865	22.995000000000346	trials	6.0	3233.1756809999997	3234.903383	3235.808607	3236.223771	3232.168886	3235.2783799999997			2.0	2.0	0.0	3.0					
3239.2	1124.62	BlockDesign														1.0	167.0	231.0	50.0	10.0
3239.2	17.93600000000015	trials	7.0	3250.190713	3252.0572509999997	3254.0546209999998	3254.732118	3249.431831	3253.442913			1.0	2.0	0.0	3.0					
3257.425	16.415999999999713	trials	7.0	3267.207255	3269.0370319999997	3271.127103	3271.968144	3266.646687	3270.698955			1.0	1.0	0.0	3.0					
3274.459	4.361000000000331	trials	7.0	3276.216125	3276.9235949999998	3277.645017	3277.9310189999997	3273.951833	3276.919992			1.0		0.0	2.0					
3281.86	7.75	trials	7.0	3286.020549	3287.30503	3289.197167	3289.720707	3285.313236	3288.8010919999997			1.0	1.0	0.0	3.0					
3293.456	10.2199999999998	trials	7.0	3300.44699	3301.906308	3303.092213	3303.7916609999997	3299.862537	3302.633268			1.0	2.0	0.0	3.0					
3305.426	14.22900000000027	trials	7.0	3316.650651	3318.297813	3319.331924	3319.724054	3315.85002	3318.822921			1.0	2.0	0.0	3.0					
3322.595	58.440000000000055	trials	7.0	3378.320715	3379.662209	3380.51783	3381.149082	3377.328195	3380.069892			1.0	2.0	0.0	3.0					
3382.806	16.489000000000033	trials	7.0	3395.346311	3396.6077459999997	3398.230812	3398.478411	3394.549857	3397.8183989999998			1.0	1.0	1.0	1.0					
3401.826	18.434999999999945	trials	7.0	3417.382197	3418.593125	3419.816311	3420.372663	3416.504979	3419.3975179999998			1.0	1.0	0.0	3.0					
3424.075	23.91000000000031	trials	7.0	3444.76831	3446.386052	3447.570797	3448.09998	3443.7717949999997	3447.1650799999998			1.0	1.0	0.0	3.0					
3451.877	23.14300000000003	trials	7.0	3469.556722	3470.948165	3473.282864	3473.8022929999997	3469.039554	3472.736985	3473.955	3475.02	1.0	2.0	1.0	1.0					
3478.062	13.528999999999996	trials	7.0	3488.096662	3489.976017	3491.133483	3491.701306	3487.416435	3490.619409			1.0	2.0	0.0	3.0					
3494.435	13.724999999999909	trials	7.0	3503.458254	3505.043175	3506.5808549999997	3506.865512	3502.593732	3506.13703	3507.111	3508.16	1.0	1.0	1.0	1.0					
3510.241	16.644999999999982	trials	7.0	3523.395258	3525.403356	3526.33072	3526.9992389999998	3522.785294	3525.952704			1.0	1.0	0.0	3.0					
3529.58	20.260999999999967	trials	7.0	3544.7417189999996	3545.9083459999997	3547.9287249999998	3548.295552	3543.774907	3547.190354	3548.555	3549.841	1.0	2.0	1.0	1.0					
3551.83	14.965000000000146	trials	7.0	3563.476482	3565.158258	3566.2491929999997	3566.910222	3562.645551	3565.771989			1.0	2.0	0.0	3.0					
3570.5	8.38000000000011	trials	7.0	3574.761686	3576.7201889999997	3578.468312	3578.991506	3574.1243449999997	3578.0558899999996			1.0	1.0	0.0	3.0					
3580.801	12.489000000000033	trials	7.0	3589.286661	3590.771084	3592.316892	3592.593728	3588.625142	3591.9052619999998			1.0	1.0	1.0	1.0					
3597.845	13.425000000000182	trials	7.0	3605.1866	3607.265187	3608.256636	3608.8818149999997	3604.239486	3607.751288			1.0	2.0	0.0	3.0					
3612.563	9.036999999999807	trials	7.0	3616.446731	3618.338813	3620.0472149999996	3620.316237	3615.903923	3619.667705	3620.625	3621.6	1.0	1.0	1.0	1.0					
3624.62	10.164999999999964	trials	7.0	3631.208553	3632.331135	3634.37107	3634.897725	3630.2381809999997	3633.95379			1.0	1.0	0.0	3.0					
3637.737	16.5329999999999	trials	7.0	3650.896887	3652.177903	3653.8268359999997	3654.38607	3649.903923	3653.218602			1.0	2.0	0.0	3.0					
3658.16	6.460000000000036	trials	7.0	3661.2937309999998	3662.416995	3664.094352	3664.731984	3660.431021	3663.718676			1.0	1.0	0.0	3.0					
3666.405	19.555999999999585	trials	7.0	3681.326803	3682.443623	3684.613593	3686.075931	3680.42919	3684.205203			1.0	1.0	0.0	3.0					
3688.896	16.003999999999905	trials	7.0	3700.3571869999996	3701.769092	3703.833204	3704.08796	3699.709356	3703.420245			1.0	1.0	1.0	1.0					
3709.315	11.690000000000055	trials	7.0	3715.661565	3717.40272	3719.309933	3719.634315	3715.100141	3718.55415	3719.98	3721.005	1.0	1.0	1.0	1.0					
3723.097	10.805999999999585	trials	7.0	3728.446905	3730.763889	3732.244818	3732.5052349999996	3727.9152289999997	3731.279133	3732.865	3733.903	1.0	1.0	1.0	1.0					
3735.855	8.360999999999876	trials	7.0	3739.847842	3740.9691089999997	3742.696427	3742.9005159999997	3739.3317669999997	3742.33401	3743.335	3744.216	1.0	1.0	1.0	1.0					
3747.301	7.7840000000001055	trials	7.0	3751.95912	3753.383992	3754.292607	3755.197311	3750.973116	3753.866161			1.0	1.0	0.0	3.0					
3757.562	13.56899999999996	trials	7.0	3767.392197	3769.009399	3770.600883	3771.242166	3766.859109	3770.04834			1.0	2.0	0.0	3.0					
3772.895	14.530999999999949	trials	7.0	3783.932237	3785.849126	3787.0417749999997	3787.540148	3783.3068329999996	3786.597613			1.0	1.0	0.0	3.0					
3789.295	17.184999999999945	trials	7.0	3802.4676719999998	3804.238602	3805.68244	3806.593242	3801.812265	3805.288669			1.0	1.0	0.0	3.0					
3810.02	27.579999999999927	trials	7.0	3834.592808	3835.859055	3837.061805	3837.714065	3833.628093	3836.528583			1.0	2.0	0.0	3.0					
3840.455	9.090000000000146	trials	7.0	3846.612137	3847.713466	3849.169509	3849.659819	3845.771445	3848.657455			1.0	2.0	0.0	3.0					
3853.531	31.338999999999942	trials	7.0	3881.747016	3883.370109	3884.4062489999997	3884.983827	3880.864974	3883.9357999999997			1.0	2.0	0.0	3.0					
3888.705	15.2800000000002	trials	7.0	3899.262722	3900.8090549999997	3902.3375779999997	3902.592999	3898.361124	3901.7837929999996	3902.85	3903.985	1.0	2.0	1.0	1.0					
3906.02	9.75	trials	7.0	3911.137722	3913.069198	3914.115445	3914.497634	3910.3177109999997	3913.723989	3914.62	3915.77	1.0	1.0	1.0	1.0					
3917.86	5.769999999999982	trials	7.0	3920.9195069999996	3922.493763	3923.275557	3923.7438119999997	3919.978773	3922.9031219999997			1.0	1.0	0.0	3.0					
3927.506	13.689000000000306	trials	7.0	3936.277455	3937.477791	3939.53996	3939.771672	3935.735474	3939.11942	3940.21	3941.195	1.0	1.0	1.0	1.0					
3943.245	8.981000000000222	trials	7.0	3948.923313	3951.109539	3951.920306	3952.3279469999998	3947.94134	3951.483722			1.0	1.0	0.0	3.0					
3955.225	17.451000000000022	trials	7.0	3969.781194	3971.567508	3972.395756	3972.790013	3968.940735	3971.911745			1.0	2.0	0.0	3.0					
3975.681	11.483999999999924	trials	7.0	3982.68303	3984.023131	3985.624359	3985.856706	3981.810234	3985.2487849999998	3986.15	3987.165	1.0	1.0	1.0	1.0					
3991.185	8.971000000000004	trials	7.0	3997.1880389999997	3999.181041	3999.848498	4000.254084	3996.5880319999997	3999.4764889999997			1.0	1.0	0.0	3.0					
4004.15	21.45600000000013	trials	7.0	4022.6698589999996	4024.370895	4025.2826029999997	4025.6988659999997	4021.877943	4024.893216			1.0	1.0	0.0	3.0					
4029.531	18.358999999999924	trials	7.0	4045.653363	4046.921387	4047.598251	4047.976287	4044.7138879999998	4047.1155449999997			1.0	2.0	0.0	3.0					
4049.88	8.989999999999782	trials	7.0	4055.403863	4056.757142	4057.899165	4058.3284999999996	4054.503461	4057.492586			1.0	1.0	0.0	3.0					
4061.283	14.427000000000135	trials	7.0	4072.223151	4073.369604	4075.238817	4075.827029	4071.596553	4074.841383			1.0	1.0	0.0	3.0					
4078.55	23.01000000000022	trials	7.0	4097.648292	4098.789608	4100.033773	4100.24454	4097.002547	4099.640829	4100.555	4101.56	1.0	1.0	1.0	1.0					
4105.64	11.0649999999996	trials	7.0	4111.912737	4113.684791	4114.865782	4115.130161	4111.224644	4114.395251	4115.555	4116.705	1.0	1.0	1.0	1.0					
4119.726	8.899000000000342	trials	7.0	4124.138448	4126.115196	4127.059901	4127.266545	4123.414607	4126.658031	4127.79	4128.625	1.0	1.0	1.0	1.0					
4132.645	6.95299999999952	trials	7.0	4136.534496	4138.24582	4139.287201	4139.673409999999	4135.598462	4138.839174			1.0	1.0	0.0	3.0					
4141.535	27.050000000000182	trials	7.0	4165.363078	4167.079799	4168.128162	4168.701597	4164.492645	4167.611897			1.0	2.0	0.0	3.0					
4171.41	12.31500000000051	trials	7.0	4180.408278	4182.1386569999995	4183.276476	4183.840208	4179.649703	4182.895990999999			1.0	1.0	0.0	3.0					
4185.596	17.884000000000015	trials	7.0	4201.014126	4202.298186	4203.031509	4203.595662	4200.103016	4202.561379			1.0	2.0	0.0	3.0					
4205.285	23.159999999999854	trials	7.0	4223.578466	4225.176476	4226.65172	4227.030681	4222.812395999999	4225.866107	4227.18	4228.445	1.0	2.0	1.0	1.0					
4232.511	8.368999999999687	trials	7.0	4237.335642	4238.453157	4239.235247	4239.506992	4236.583322	4238.84295	4239.852	4240.88	1.0	1.0	1.0	1.0					
4242.94	7.0600000000004	trials	7.0	4247.193402	4248.878154	4249.61292	4250.116617	4246.677669	4249.2230899999995			1.0	1.0	0.0	3.0					
4253.91	15.355000000000473	trials	7.0	4265.603883	4267.34074	4268.278902	4268.505465	4264.898843	4267.874834			1.0	1.0	1.0	1.0					
4271.79	10.114999999999782	trials	7.0	4278.013826	4279.212096	4280.06928	4280.324324	4277.342522	4279.684716	4280.761	4281.905	1.0	1.0	1.0	1.0					
4283.855	8.946000000000822	trials	7.0	4289.469513	4291.3508	4292.305823	4292.646726	4288.920497	4291.917996			1.0	1.0	0.0	3.0					
4295.615	11.503999999999905	trials	7.0	4303.268832	4304.833218	4306.758489	4307.202299	4302.281726	4306.049075999999			1.0	2.0	0.0	3.0					
4311.051	10.483999999999469	trials	7.0	4317.604212	4318.769568	4320.009117	4320.359743999999	4316.7266	4319.6396239999995	4320.655	4321.535	1.0	1.0	1.0	1.0					
4324.595	7.630000000000109	trials	7.0	4328.894111	4330.544949	4331.655891	4332.339159	4328.282762	4331.284074			1.0	1.0	0.0	3.0					
4334.01	21.264999999999418	trials	7.0	4351.23896	4352.421258	4353.587685	4353.822413	4350.63429	4353.236102	4354.15	4355.275	1.0	1.0	1.0	1.0					
4357.358	6.461999999999534	trials	7.0	4361.80902	4362.9105469999995	4363.819665	4364.360522999999	4360.829349	4363.450212			1.0	1.0	0.0	3.0					
4366.072	1702.2529999999997	BlockDesign														1.0	232.0	309.0	50.0	90.0
4366.072	16.77300000000014	trials	8.0	4378.22454	4379.834978	4381.053809999999	4381.458986	4377.572192	4380.483679999999	4381.57	4382.845	1.0	2.0	1.0	1.0					
4384.933	19.192000000000007	trials	8.0	4400.085885	4401.625683	4402.488147	4402.713962	4399.488571	4402.137737999999	4403.015	4404.125	1.0	1.0	1.0	1.0					
4408.142	12.717999999999847	trials	8.0	4418.216733	4419.447587	4420.559224	4420.882987999999	4417.585167	4420.210305			1.0	1.0	0.0	3.0					
4424.88	11.739999999999782	trials	8.0	4432.694054	4434.338999	4435.925201	4436.235069	4431.956837	4435.5193739999995			1.0	1.0	0.0	3.0					
4440.326	12.503999999999905	trials	8.0	4448.624291	4450.165653	4451.065511	4451.533679	4447.916201	4450.561463	4451.67	4452.83	1.0	2.0	1.0	1.0					
4454.845	9.30999999999949	trials	8.0	4460.7556079999995	4462.264977	4463.0785639999995	4463.528754	4460.162763	4462.310895			1.0	2.0	1.0	1.0					
4467.645	15.195999999999913	trials	8.0	4478.710709	4479.904398	4481.145915	4481.445663	4477.757029	4480.317491	4481.825	4482.841	1.0	2.0	1.0	1.0					
4484.93	9.13000000000011	trials	8.0	4489.369439	4491.279591	4492.267137	4492.532915	4488.700167	4491.763505	4492.805	4494.06	1.0	2.0	1.0	1.0					
4498.08	13.81500000000051	trials	8.0	4507.670957	4509.071078	4510.20116	4510.494108	4507.120256	4509.731503999999	4510.78	4511.895	1.0	2.0	1.0	1.0					
4514.981	9.048999999999978	trials	8.0	4519.049727	4520.768943	4522.245024	4522.631339	4518.112283	4521.751679	4522.73	4524.03	1.0	2.0	1.0	1.0					
4528.081	6.970000000000255	trials	8.0	4531.824618	4533.125900999999	4534.069139	4534.352465	4530.965104	4533.258248			1.0	2.0	1.0	1.0					
4537.501	16.188999999999396	trials	8.0	4547.465072999999	4549.152021	4551.859601	4552.135292999999	4546.9173869999995	4549.617561	4552.466	4553.69	1.0	2.0	1.0	1.0					
4557.716	7.518999999999323	trials	8.0	4560.850904999999	4562.302412	4564.841081	4565.351559	4560.188945	4562.292288			1.0		0.0	2.0					
4567.255	19.496000000000095	trials	8.0	4581.674989	4583.516595	4585.064996	4585.267029	4580.802753	4584.711096999999	4585.636	4586.751	1.0	1.0	1.0	1.0					
4590.785	10.431000000000495	trials	8.0	4597.2352169999995	4598.302115	4599.682672999999	4599.900971	4596.37518	4599.288108	4600.32	4601.216	1.0	1.0	1.0	1.0					
4603.261	13.588999999999942	trials	8.0	4614.855158	4615.948469999999	4616.564544	4616.951564	4613.926097	4616.234148			1.0	1.0	0.0	3.0					
4618.88	13.465000000000146	trials	8.0	4628.735135999999	4629.956372	4630.745072	4631.011409	4627.940963999999	4630.279990999999	4631.455	4632.345	1.0	2.0	1.0	1.0					
4634.39	16.224999999999454	trials	8.0	4645.829693	4647.717791	4648.649047	4649.005455	4645.320523	4648.149348	4649.156	4650.615	1.0	2.0	1.0	1.0					
4652.675	18.636999999999716	trials	8.0	4667.9218949999995	4669.807218	4670.984915	4671.42293	4667.148351	4670.58411			1.0	1.0	0.0	3.0					
4674.33	9.596000000000458	trials	8.0	4680.135849	4681.856598	4683.431834999999	4684.042031	4679.462948	4683.039092999999			1.0	1.0	0.0	3.0					
4686.755	16.55999999999949	trials	8.0	4698.815345999999	4700.437787	4701.471429	4701.810509	4698.142976	4700.983319999999	4702.045	4703.315	1.0	2.0	1.0	1.0					
4706.25	18.704999999999927	trials	8.0	4721.190490999999	4722.517076	4723.239393	4723.518212	4720.359251	4722.593928	4723.74	4724.955	1.0	2.0	1.0	1.0					
4729.035	6.6010000000005675	trials	8.0	4733.075129	4734.352193	4735.365097	4735.630401	4732.56045	4734.889487			1.0	2.0	0.0	3.0					
4737.65	12.340000000000146	trials	8.0	4746.007085	4747.497567	4748.281607999999	4748.566212	4745.1041399999995	4747.795776	4748.86	4749.99	1.0	2.0	1.0	1.0					
4753.015	8.644999999999527	trials	8.0	4757.131847	4758.751725	4759.836933	4760.183888	4756.346727	4759.349961	4760.56	4761.66	1.0	2.0	1.0	1.0					
4763.75	8.319999999999709	trials	8.0	4767.595508	4769.067117	4771.660399	4772.187746	4766.920239	4769.060871			1.0		0.0	2.0					
4774.115	9.625	trials	8.0	4779.805673	4781.176946	4782.16452	4782.372653	4778.915935999999	4781.758301	4782.71	4783.74	1.0	1.0	1.0	1.0					
4786.756	9.023999999999432	trials	8.0	4790.971248	4792.809207	4794.12694	4794.358386	4790.065404	4793.501772	4794.676	4795.78	1.0	1.0	1.0	1.0					
4799.86	6.670000000000073	trials	8.0	4804.131383	4805.376968	4806.278507999999	4806.525296	4803.20643	4805.809734			1.0	2.0	0.0	3.0					
4808.551	9.78899999999976	trials	8.0	4815.186264	4816.477166	4817.976377999999	4818.460425	4814.19743	4817.576906			1.0	1.0	0.0	3.0					
4820.336	14.818999999999505	trials	8.0	4830.515778	4831.860698	4833.438576	4833.691662	4830.006336	4832.92148	4834.105	4835.155	1.0	2.0	1.0	1.0					
4839.14	47.98499999999967	trials	8.0	4882.766015	4884.487655999999	4886.766551	4887.243576	4881.862778	4884.481132999999			1.0		0.0	2.0					
4889.466	7.268999999999323	trials	8.0	4892.5627939999995	4894.513156999999	4894.945527	4895.2256099999995	4891.730684	4894.471331	4895.676	4896.735	1.0	1.0	1.0	1.0					
4899.755	20.52599999999984	trials	8.0	4916.136767	4917.733629	4918.668971	4918.869956	4915.613922	4918.277008999999	4919.301	4920.281	1.0	1.0	1.0	1.0					
4923.301	8.298999999999978	trials	8.0	4928.995532999999	4930.474269	4931.306106	4931.674827	4928.282216	4930.933766			1.0	1.0	0.0	3.0					
4935.67	17.13500000000022	trials	8.0	4949.021831	4950.33551	4951.07369	4951.369737	4948.219224	4950.571397	4951.57	4952.805	1.0	2.0	1.0	1.0					
4955.885	28.670000000000073	trials	8.0	4980.285596	4982.058009	4982.922887	4983.235533	4979.69589	4982.531825	4983.676	4984.555	1.0	1.0	1.0	1.0					
4988.596	6.1840000000001965	trials	8.0	4991.580558	4993.362707	4994.372004	4994.900364	4990.925223	4993.980299			1.0	1.0	0.0	3.0					
4998.66	15.345000000000255	trials	8.0	5009.92673	5011.723685999999	5012.219712	5012.485328	5008.985387	5011.695976999999	5012.841	5014.005	1.0	2.0	1.0	1.0					
5016.056	20.199000000000524	trials	8.0	5032.271294	5033.608856	5034.4393469999995	5034.716759	5031.394134	5033.952342	5035.07	5036.255	1.0	2.0	1.0	1.0					
5040.275	21.030000000000655	trials	8.0	5056.196286	5057.594999999999	5060.602617	5061.425331	5055.193634	5057.585814			1.0		0.0	2.0					
5063.495	184.8199999999997	trials	8.0	5243.802893	5245.146414	5246.492199	5246.716538	5243.0986379999995	5245.977086999999	5247.176	5248.315	1.0	2.0	1.0	1.0					
5251.365	12.110000000000582	trials	8.0	5259.162317	5260.575924	5261.505155	5261.979593	5258.408549	5260.987795	5262.22	5263.475	1.0	2.0	1.0	1.0					
5267.531	16.59400000000005	trials	8.0	5279.289594	5281.215516	5282.176085	5282.505461	5278.600575	5281.62116	5282.755	5284.125	1.0	2.0	1.0	1.0					
5287.255	21.729999999999563	trials	8.0	5305.302611	5306.6039980000005	5307.268289	5307.524597	5304.659903	5306.799849	5307.823	5308.985	1.0	2.0	1.0	1.0					
5311.062	12.63799999999992	trials	8.0	5319.47265	5321.033987999999	5321.856752	5322.0908340000005	5318.897894	5321.318322	5322.551	5323.7	1.0	2.0	1.0	1.0					
5325.73	15.080000000000837	trials	8.0	5336.406948	5337.617236	5338.78124	5339.211078	5335.8896349999995	5338.201358	5339.39	5340.81	1.0	2.0	1.0	1.0					
5342.79	33.215000000000146	trials	8.0	5372.277264	5373.730448	5375.645727	5376.123184	5371.507911	5373.716804			1.0		0.0	2.0					
5378.625	69.375	trials	8.0	5443.964075	5445.885732	5447.576874	5448.119842	5443.435496	5447.106356			1.0	1.0	0.0	3.0					
5449.875	16.335000000000036	trials	8.0	5460.377391	5462.449294	5464.402516	5464.67373	5459.521011	5463.966306	5465.115	5466.21	1.0	1.0	1.0	1.0					
5468.23	9.2450000000008	trials	8.0	5474.332565	5476.091519	5477.0139500000005	5477.59545	5473.801512	5476.079973			1.0	2.0	0.0	3.0					
5480.27	14.740999999999985	trials	8.0	5490.348263	5492.47484	5494.638578	5495.130921	5489.569485	5494.167077			1.0	1.0	0.0	3.0					
5497.011	23.493999999999687	trials	8.0	5516.363088	5517.644964	5518.619849	5519.021966	5515.395175	5518.086438	5519.125	5520.505	1.0	2.0	1.0	1.0					
5522.521	10.859000000000378	trials	8.0	5528.3033510000005	5529.619632	5532.859304	5533.498844	5527.469319	5529.616752			1.0		0.0	2.0					
5534.645	14.664999999999964	trials	8.0	5545.058352	5546.441384	5549.021043	5549.432739	5544.321221	5546.431242			1.0		0.0	2.0					
5552.395	14.599999999999454	trials	8.0	5562.542588	5564.252512	5565.067295999999	5565.44709	5561.993791999999	5564.587512	5565.716	5566.995	1.0	2.0	1.0	1.0					
5571.012	9.443000000000211	trials	8.0	5577.1679380000005	5579.2506140000005	5580.173221	5580.575766	5576.336085	5579.683242			1.0	1.0	0.0	3.0					
5583.427	26.903000000000247	trials	8.0	5606.537888	5607.86525	5608.620118999999	5608.954775	5606.0239280000005	5607.892356	5609.205	5610.33	1.0	2.0	1.0	1.0					
5612.41	11.465000000000146	trials	8.0	5619.565923	5620.980718999999	5623.715686	5623.994876	5618.960679	5620.975130999999			1.0		0.0	2.0					
5626.95	13.101000000000568	trials	8.0	5635.903383	5637.544637999999	5638.3935089999995	5638.638507	5635.033388	5637.952107	5639.07	5640.051	1.0	1.0	1.0	1.0					
5643.13	12.131000000000313	trials	8.0	5651.183541	5652.699071	5653.372178	5653.68228	5650.377868	5652.8290990000005	5654.136	5655.261	1.0	2.0	1.0	1.0					
5659.33	8.605000000000473	trials	8.0	5664.1440330000005	5665.438077	5666.084796	5666.361867	5663.202738	5665.533701	5666.551	5667.935	1.0	2.0	1.0	1.0					
5672.0	15.949999999999818	trials	8.0	5682.983859	5684.987207	5685.99587	5686.285237	5682.3636320000005	5685.494073	5686.555	5687.95	1.0	2.0	1.0	1.0					
5692.028	24.93199999999979	trials	8.0	5712.94851	5714.3749210000005	5715.161172	5715.3906449999995	5712.098586	5714.594765	5715.87	5716.96	1.0	2.0	1.0	1.0					
5719.051	33.335000000000036	trials	8.0	5748.440213	5749.7854210000005	5750.535742	5750.794989	5747.675214	5750.041705	5751.19	5752.386	1.0	2.0	1.0	1.0					
5755.355	18.410000000000764	trials	8.0	5769.154266	5770.936017	5771.898633	5772.225304	5768.388417	5771.381771	5772.47	5773.765	1.0	2.0	1.0	1.0					
5776.83	17.01599999999962	trials	8.0	5791.140303	5792.79862	5793.552824	5793.961485	5790.453035	5792.747637			1.0	2.0	0.0	3.0					
5795.845	12.996000000000095	trials	8.0	5804.575774999999	5806.325742	5807.163769999999	5807.471484	5803.911527	5806.484745	5807.721	5808.841	1.0	2.0	1.0	1.0					
5811.86	86.94500000000062	trials	8.0	5894.543841	5896.4362280000005	5897.085010999999	5897.310122	5893.77376	5896.520270999999	5897.72	5898.805	1.0	2.0	1.0	1.0					
5902.886	9.60399999999936	trials	8.0	5908.619318999999	5910.521567			5908.04426	5910.518382			1.0		0.0	2.0					
5916.535	40.86000000000058	trials	8.0	5953.4264	5954.887814	5955.653721	5956.055138	5952.8398560000005	5955.183602	5956.275	5957.395	1.0	2.0	1.0	1.0					
5959.41	11.300000000000182	trials	8.0	5967.0597	5968.827463			5966.247513	5968.812162			1.0		0.0	2.0					
5974.72	13.166000000000167	trials	8.0	5984.180253	5985.276716	5986.302947	5986.60044	5983.195052	5985.895148	5986.98	5987.886	1.0	1.0	1.0	1.0					
5989.968	9.507000000000517	trials	8.0	5996.749436	5998.246217	5999.118782	5999.5950680000005	5995.814349	5998.689149			1.0	1.0	0.0	3.0					
6002.455	16.19000000000051	trials	8.0	6013.374342	6015.267599	6018.250583999999	6018.765534	6012.382713	6015.251025			1.0		0.0	2.0					
6021.19	20.520000000000437	trials	8.0	6037.649781	6039.0063470000005	6039.854264	6040.223715	6036.966762	6039.336047999999	6040.386	6041.71	1.0	2.0	1.0	1.0					
6044.795	10.385000000000218	trials	8.0	6052.169373	6053.398073	6054.131514	6054.394154	6051.218906	6053.606168			1.0	2.0	1.0	1.0					
6057.7	10.625	trials	8.0	6063.3700229999995	6065.316903	6066.438741	6066.830605	6062.598701	6065.903442	6066.915	6068.325	1.0	2.0	1.0	1.0					
6072.426	163.42499999999927	BlockDesign														1.0	310.0	315.0	0.0	0.0
6072.426	33.188999999999396	trials	9.0	6103.0847140000005	6104.328031999999	6105.30603	6105.737864	6102.410841	6104.890139			1.0	1.0	0.0	3.0					
6109.56	25.704999999999927	trials	9.0	6132.484695	6133.682512	6134.521603	6134.898699	6131.7533220000005	6134.050753			1.0	2.0	0.0	3.0					
6138.92	12.564000000000306	trials	9.0	6148.859341	6150.389616	6151.155712	6151.584207	6148.336012	6150.7269			1.0	1.0	0.0	3.0					
6155.475	17.849999999999454	trials	9.0	6170.711241	6172.08694	6172.831589	6173.1854220000005	6170.109706	6172.304491			1.0	2.0	0.0	3.0					
6176.173	28.47699999999986	trials	9.0	6199.8809790000005	6201.311141	6204.262837	6204.751928	6199.022632	6201.300589			1.0		0.0	2.0					
6207.226	28.625	trials	9.0	6233.4000240000005	6234.731721	6235.84849	6236.403261	6232.656994	6235.321987			1.0	2.0	0.0	3.0					
6239.19	696.9500000000007	BlockDesign														1.0	316.0	338.0	10.0	50.0
6239.19	19.2450000000008	trials	10.0	6255.420186	6257.107656	6257.965093	6258.53536	6254.729322	6257.417275			1.0	2.0	0.0	3.0					
6260.395	19.159999999999854	trials	10.0	6275.899973	6277.533321	6278.895018	6279.656662	6274.943523	6278.43024			1.0	1.0	0.0	3.0					
6282.216	34.625	trials	10.0	6312.510228	6313.703523	6314.927334	6315.216084	6311.549902	6314.34498	6315.466	6316.841	1.0	2.0	1.0	1.0					
6319.906	9.208999999999833	trials	10.0	6326.440348	6327.617685	6328.589644	6329.215398	6325.754947	6328.054879			1.0	2.0	0.0	3.0					
6332.907	16.309000000000196	trials	10.0	6346.250956	6347.362062	6348.775461	6349.3213	6345.607814	6347.992855			1.0	1.0	0.0	3.0					
6351.105	261.3000000000002	trials	10.0	6607.511555	6609.423207	6610.5292230000005	6610.878252	6606.58987	6609.937311	6611.2	6612.405	1.0	2.0	1.0	1.0					
6615.51	7.819999999999709	trials	10.0	6620.471276	6621.732848	6622.6926300000005	6623.432769	6619.650988	6622.07971			1.0	2.0	0.0	3.0					
6625.027	18.092999999999847	trials	10.0	6639.831993	6641.168538	6642.636966	6643.223488	6639.147589	6642.060921			1.0	2.0	0.0	3.0					
6646.896	24.905000000000655	trials	10.0	6667.076986	6668.760855	6669.93862	6670.243545	6666.21883	6669.325984	6670.605	6671.801	1.0	2.0	1.0	1.0					
6675.889	7.225999999999658	trials	10.0	6680.188024	6681.350671	6682.691969	6683.217039	6679.6071	6682.171089			1.0	1.0	0.0	3.0					
6687.02	37.49199999999928	trials	10.0	6720.221797	6721.733703	6722.51815	6722.978017	6719.480777	6722.0042730000005	6723.21	6724.512	1.0	2.0	1.0	1.0					
6728.48	10.540000000000873	trials	10.0	6734.323766	6735.909416	6736.827712	6737.111185	6733.782486	6736.199661000001	6737.47	6739.02	1.0	2.0	1.0	1.0					
6741.04	13.180000000000291	trials	10.0	6748.93204	6750.419583			6748.040875	6750.411671			1.0		0.0	2.0					
6754.411	21.77899999999954	trials	10.0	6773.652187	6775.099568	6775.822006	6776.276235	6772.882166	6775.286596			1.0	2.0	0.0	3.0					
6780.125	14.5649999999996	trials	10.0	6790.212241	6791.38873	6792.527477	6792.895971	6789.551479	6792.018868	6793.145	6794.69	1.0	2.0	1.0	1.0					
6796.71	11.515999999999622	trials	10.0	6805.65867	6806.914537	6807.903756	6808.317661	6804.766399	6807.381871			1.0	2.0	0.0	3.0					
6811.151	21.150000000000546	trials	10.0	6826.592584	6828.579783	6830.314299	6830.685322	6825.9417570000005	6829.753298	6831.025	6832.301	1.0	2.0	1.0	1.0					
6836.321	9.359000000000378	trials	10.0	6841.067088	6842.492899	6845.351998	6845.78675	6840.520734	6844.889346			1.0	1.0	0.0	3.0					
6849.656	14.054000000000087	trials	10.0	6861.247909	6862.404702	6863.258262	6863.812561	6860.359256	6862.728181			1.0	2.0	0.0	3.0					
6867.511	19.454999999999927	trials	10.0	6882.573763	6884.150355	6884.91334	6885.2738580000005	6881.991379	6884.341927	6885.53	6886.966	1.0	2.0	1.0	1.0					
6890.064	12.055999999999585	trials	10.0	6896.7877	6898.349699	6901.6556199999995	6902.222827	6895.889034	6898.338376			1.0		0.0	2.0					
6903.324	17.937000000000808	trials	10.0	6916.472629	6918.133684	6921.088291	6921.36236	6915.917713	6918.1243			1.0		0.0	2.0					
6924.106	12.03400000000056	trials	10.0	6931.578694	6933.319333	6934.255198	6934.813003	6930.661323	6933.669772	6934.78	6936.14	1.0	2.0	1.0	1.0					
6940.297	1200.4640000000009	BlockDesign														1.0	339.0	409.0	90.0	50.0
6940.297	8.928000000000793	trials	11.0	6945.288904	6946.344547	6947.261034	6947.700817	6944.536899	6946.736048	6947.905	6949.225	1.0	2.0	1.0	1.0					
6953.315	11.27600000000075	trials	11.0	6961.69248	6963.138919	6964.010473	6964.698376	6960.970669	6963.47569			1.0	2.0	0.0	3.0					
6968.375	20.835000000000036	trials	11.0	6985.103039	6986.285222	6987.24551	6987.564883	6984.389923	6986.713816	6987.91	6989.21	1.0	2.0	1.0	1.0					
6991.235	10.441000000000713	trials	11.0	6997.272754	6998.835202	6999.688824	7000.064478	6996.464379	6998.892116	7000.5	7001.676	1.0	2.0	1.0	1.0					
7004.765	8.326000000000022	trials	11.0	7010.898157	7012.094836	7012.852741	7013.154069	7010.041039	7012.333303			1.0	2.0	0.0	3.0					
7015.126	14.568999999999505	trials	11.0	7026.862822	7028.349901	7029.270042	7029.799234	7026.068163	7028.771461			1.0	2.0	0.0	3.0					
7033.535	52.056000000000495	trials	11.0	7082.748361	7084.426641	7085.06815	7085.697011	7082.180236	7084.565885			1.0	2.0	0.0	3.0					
7087.41	35.789999999999964	trials	11.0	7120.450153	7121.666499	7122.741883	7123.303947	7119.837402	7122.214141			1.0	2.0	0.0	3.0					
7126.02	16.894999999999527	trials	11.0	7138.668798	7140.345375	7141.383988	7141.631226	7137.8826420000005	7140.937954	7141.955	7142.915	1.0	1.0	1.0	1.0					
7147.005	16.979999999999563	trials	11.0	7159.99932	7161.375742	7162.2492010000005	7162.4642189999995	7159.078426	7161.814342	7162.89	7163.985	1.0	1.0	1.0	1.0					
7167.005	10.824999999999818	trials	11.0	7173.2780490000005	7175.077882	7176.046293	7176.377499	7172.598962	7175.6338510000005	7176.75	7177.83	1.0	1.0	1.0	1.0					
7179.89	15.009999999999309	trials	11.0	7189.968695	7191.788004	7192.861593	7193.235565	7189.007344	7192.361446	7193.415	7194.9	1.0	2.0	1.0	1.0					
7197.956	8.693999999999505	trials	11.0	7203.374103	7204.633941	7205.671904	7205.959672	7202.777794	7205.137585			1.0	2.0	1.0	1.0					
7211.321	8.493999999999687	trials	11.0	7217.285333	7218.607074	7219.56374	7219.831926	7216.566703	7219.017963			1.0	2.0	0.0	3.0					
7222.822	13.172999999999774	trials	11.0	7232.054274	7233.166039	7234.223128	7234.417953	7231.3195510000005	7233.829018	7234.841	7235.995	1.0	1.0	1.0	1.0					
7238.015	10.38000000000011	trials	11.0	7243.903312	7245.470074	7246.664497	7246.979572	7243.13443	7246.267603	7247.285	7248.395	1.0	1.0	1.0	1.0					
7251.455	11.029999999999745	trials	11.0	7257.425274	7259.258997	7260.5794750000005	7260.847105	7256.768939	7260.078253	7261.155	7262.485	1.0	2.0	1.0	1.0					
7264.636	8.063999999999396	trials	11.0	7268.35411	7269.83854	7270.809085	7271.1291089999995	7267.568526	7270.361107	7271.551	7272.7	1.0	2.0	1.0	1.0					
7274.751	11.965000000000146	trials	11.0	7282.829527	7284.037251	7285.174063	7285.491775	7282.27323	7284.61815			1.0	2.0	0.0	3.0					
7288.484	13.71099999999933	trials	11.0	7297.714401	7299.162504	7300.277116	7300.559464	7296.872764	7299.769414	7300.845	7302.195	1.0	2.0	1.0	1.0					
7304.25	8.842999999999847	trials	11.0	7309.8258399999995	7311.775419	7312.853916	7313.096938000001	7309.144783	7311.850156			1.0	1.0	0.0	3.0					
7315.16	14.914999999999964	trials	11.0	7327.3040949999995	7328.405479	7329.731841	7330.1795600000005	7326.569103	7329.064009			1.0	2.0	0.0	3.0					
7333.061	12.618000000000393	trials	11.0	7341.794317	7343.657877	7345.302042	7345.751316	7341.282367	7343.652217			1.0	2.0	0.0	3.0					
7349.605	9.915000000000873	trials	11.0	7355.660946	7357.005093	7357.838857	7358.041777	7354.756656	7357.1583279999995	7358.435	7359.52	1.0	1.0	1.0	1.0					
7361.608	8.590000000000146	trials	11.0	7367.464729	7368.646167	7369.812522	7370.2659029999995	7366.735887	7369.295472			1.0	2.0	0.0	3.0					
7374.13	14.595000000000255	trials	11.0	7383.319035	7385.270794	7387.0617999999995	7387.369461	7382.538204	7386.391119	7387.71	7388.725	1.0	1.0	1.0	1.0					
7390.859	9.985999999999876	trials	11.0	7396.738861	7398.328686	7399.147506	7399.376077	7395.904453	7398.669067	7399.801	7400.845	1.0	1.0	1.0	1.0					
7402.92	8.818999999999505	trials	11.0	7408.939171	7410.456982	7411.415868	7411.839126	7408.198209	7410.800227			1.0	2.0	0.0	3.0					
7415.746	12.748999999999796	trials	11.0	7423.232154	7424.968657	7426.633711	7426.88244	7422.633667	7426.242466	7427.107	7428.495	1.0	1.0	1.0	1.0					
7431.449	11.030999999999949	trials	11.0	7438.064635	7439.747878	7440.917672	7441.131429	7437.490374	7440.481488	7441.475	7442.48	1.0	1.0	1.0	1.0					
7445.525	10.670000000000073	trials	11.0	7451.790067	7453.2810389999995	7454.464656	7454.779767	7451.116873	7454.009989	7455.15	7456.195	1.0	1.0	1.0	1.0					
7460.236	15.835000000000036	trials	11.0	7471.411669	7472.853502	7474.129899	7474.440139	7470.433279	7473.751012	7474.667	7476.071	1.0	1.0	1.0	1.0					
7480.015	7.734999999999673	trials	11.0	7483.299819	7484.958525	7486.209943	7486.526186	7482.796936	7485.81617	7486.905	7487.75	1.0	1.0	1.0	1.0					
7491.771	8.559000000000196	trials	11.0	7495.630356	7496.847591	7498.423254	7498.6525679999995	7494.95117	7498.036516	7499.04	7500.33	1.0	1.0	1.0	1.0					
7503.272	7.319000000000415	trials	11.0	7506.514663	7508.223678	7508.993228	7509.1640609999995	7505.552292	7508.4782940000005	7509.605	7510.591	1.0	1.0	1.0	1.0					
7512.61	11.106000000000677	trials	11.0	7518.6299500000005	7520.294968	7521.855772	7522.047454	7517.842519	7521.370695	7522.43	7523.716	1.0	1.0	1.0	1.0					
7525.6	11.274999999999636	trials	11.0	7531.895221	7534.328319	7535.129223	7535.40921	7531.1303530000005	7534.277084	7535.765	7536.875	1.0	1.0	1.0	1.0					
7539.985	7.550000000000182	trials	11.0	7542.8764630000005	7544.408014000001	7545.466633	7545.9529139999995	7542.287527	7544.589705	7546.28	7547.535	1.0	2.0	1.0	1.0					
7550.591	7.469000000000051	trials	11.0	7555.545133	7556.917021	7557.682222	7558.165455	7554.998848	7557.208036			1.0	1.0	0.0	3.0					
7562.005	18.149999999999636	trials	11.0	7575.250503	7576.931939	7578.325636	7578.650332	7574.5954679999995	7577.688817	7578.795	7580.155	1.0	2.0	1.0	1.0					
7584.245	8.230000000000473	trials	11.0	7588.376083	7589.861682	7590.614691	7590.889501	7587.786307	7589.964018000001	7591.14	7592.475	1.0	2.0	1.0	1.0					
7594.535	6.371000000000095	trials	11.0	7597.786865	7598.543419	7600.790086	7601.012472	7596.993496	7598.540256			1.0		0.0	2.0					
7604.505	14.394999999999527	trials	11.0	7614.319443	7615.5094690000005	7617.172923	7617.428809	7613.799934000001	7616.617864	7617.79	7618.9	1.0	2.0	1.0	1.0					
7622.985	9.13000000000011	trials	11.0	7627.630845	7628.898721	7630.143625000001	7630.554102	7626.846489	7629.594076	7630.805	7632.115	1.0	2.0	1.0	1.0					
7636.105	13.156000000000859	trials	11.0	7644.935676	7646.115688	7647.392625	7647.61729	7644.058951	7646.8658350000005	7647.955	7649.261	1.0	2.0	1.0	1.0					
7653.35	7.130999999999403	trials	11.0	7657.475539	7659.112231	7660.095021	7660.586176	7656.827431	7659.576915			1.0	2.0	0.0	3.0					
7664.35	10.154999999999745	trials	11.0	7668.951816	7671.025516	7672.930806	7673.177611	7668.389502	7672.526461	7673.49	7674.505	1.0	1.0	1.0	1.0					
7678.52	7.802999999999884	trials	11.0	7683.475449	7684.717294	7685.953024	7686.404269000001	7682.497035	7685.3776689999995			1.0	2.0	0.0	3.0					
7690.261	16.188999999999396	trials	11.0	7701.235342	7703.010937	7704.652808	7705.063105	7700.543652	7704.269943	7705.46	7706.45	1.0	1.0	1.0	1.0					
7708.468	11.36200000000008	trials	11.0	7714.185675	7715.4377700000005	7718.6697970000005	7719.938317	7713.421448	7715.431279			1.0		0.0	2.0					
7720.35	18.380999999999403	trials	11.0	7733.747571	7735.937367	7737.121652	7737.320424	7733.056093	7736.691954	7737.65	7738.731	1.0	1.0	1.0	1.0					
7740.693	10.506999999999607	trials	11.0	7746.626448	7748.318835	7749.224346	7749.512812	7745.783911	7748.684253	7749.765	7751.2	1.0	2.0	1.0	1.0					
7754.234	9.720999999999549	trials	11.0	7761.610536	7762.728759	7763.574061	7764.062998	7760.721139	7763.0680090000005			1.0	2.0	0.0	3.0					
7766.865	20.976000000000568	trials	11.0	7783.225945	7785.107335000001	7786.178286	7786.427086	7782.602436	7785.7541980000005	7786.795	7787.841	1.0	1.0	1.0	1.0					
7790.92	32.42100000000028	trials	11.0	7820.086228	7821.844186	7823.043313	7823.451769	7819.1293829999995	7822.54425			1.0	2.0	0.0	3.0					
7827.331	28.572000000000116	trials	11.0	7851.836935	7853.01895	7853.913456	7854.088911	7850.855358	7853.505459	7854.65	7855.903	1.0	1.0	1.0	1.0					
7857.803	23.327000000000226	trials	11.0	7876.681156000001	7878.353325	7879.601296	7879.820157	7875.761029	7879.224241	7880.16	7881.13	1.0	1.0	1.0	1.0					
7884.27	17.445999999999913	trials	11.0	7897.226455	7899.2658360000005	7899.943816	7900.1600849999995	7896.347471	7899.534139	7900.49	7901.716	1.0	1.0	1.0	1.0					
7903.759	24.609999999999673	trials	11.0	7924.5563170000005	7926.112263	7926.568402	7926.82852	7923.841006000001	7926.169528	7927.255	7928.369	1.0	1.0	1.0	1.0					
7931.316	56.1190000000006	trials	11.0	7983.6112379999995	7984.795852	7985.647302	7985.86186	7982.777109000001	7985.249148	7986.28	7987.435	1.0	1.0	1.0	1.0					
7989.462	9.687999999999192	trials	11.0	7995.061477	7996.612092	7997.318011	7997.643865	7994.474241	7996.918923	7997.865	7999.15	1.0	1.0	1.0	1.0					
8003.19	8.5600000000004	trials	11.0	8007.266748	8009.156565	8009.962237	8010.275926	8006.483872	8009.5666120000005	8010.651	8011.75	1.0	1.0	1.0	1.0					
8015.828	7.976999999999862	trials	11.0	8019.31057	8021.269434	8022.13528	8022.331734	8018.693856	8021.750287	8022.645	8023.805	1.0	1.0	1.0	1.0					
8025.89	8.219999999999345	trials	11.0	8030.43265	8031.533548	8032.381627	8032.586575	8029.77949	8031.956109	8033.011	8034.11	1.0	1.0	1.0	1.0					
8038.127	8.032999999999447	trials	11.0	8042.066605	8043.188601	8044.457424	8044.681717	8041.35307	8044.04164	8045.16	8046.16	1.0	1.0	1.0	1.0					
8048.261	10.933999999999287	trials	11.0	8053.498808	8055.969211	8058.771033	8059.3039	8052.831472	8055.962425			1.0		0.0	2.0					
8060.024	15.240999999999985	trials	11.0	8071.913802	8073.67162	8074.882476	8075.375316	8071.364833	8074.262593			1.0	2.0	0.0	3.0					
8078.156	16.064000000000306	trials	11.0	8089.441726	8091.408471	8092.328074	8092.530168	8088.74275	8091.92847	8092.93	8094.22	1.0	1.0	1.0	1.0					
8097.315	10.950000000000728	trials	11.0	8103.066771	8104.84572	8107.633707	8108.373412	8102.193955	8104.834386			1.0		0.0	2.0					
8108.77	14.530999999999949	trials	11.0	8119.387161000001	8120.469661	8121.62939	8121.930497	8118.872136	8121.234402	8122.405	8123.301	1.0	1.0	1.0	1.0					
8126.395	14.365999999999985	trials	11.0	8135.727538	8137.565694	8139.1017360000005	8139.2864580000005	8135.208258000001	8138.6881410000005	8139.655	8140.761	1.0	1.0	1.0	1.0					
8142.797	440.65800000000036	BlockDesign														1.0	410.0	430.0	50.0	0.0
8142.797	10.438000000000102	trials	12.0	8150.307396	8152.16289	8152.866774	8153.3463	8149.540281	8152.496205			2.0	1.0	0.0	3.0					
8155.157	17.858000000000175	trials	12.0	8168.463066	8170.179499	8171.221893	8171.386492	8167.576792	8170.804621	8171.74	8173.015	2.0	1.0	1.0	1.0					
8177.093	9.715000000000146	trials	12.0	8183.918073000001	8185.606671	8186.484485999999	8186.906683	8183.18191	8185.9423719999995			2.0	2.0	0.0	3.0					
8189.765	7.894999999999527	trials	12.0	8194.677919	8196.074026	8197.203368999999	8197.771542	8194.099861	8196.789439			2.0	1.0	0.0	3.0					
8200.648	14.88800000000083	trials	12.0	8212.798359	8214.305012	8215.141335	8215.589322	8211.798644999999	8214.375988			2.0	2.0	0.0	3.0					
8217.525	22.611000000000786	trials	12.0	8237.838242	8238.950252999999	8239.8154	8240.200345000001	8237.044537	8239.461618000001			2.0	1.0	0.0	3.0					
8242.176	35.59400000000096	trials	12.0	8275.142662	8276.575602	8277.460177	8277.870608000001	8274.522136	8277.074413			2.0	1.0	0.0	3.0					
8281.78	25.5049999999992	trials	12.0	8303.782738	8305.380583			8302.809062	8305.37095			2.0		0.0	2.0					
8310.315	41.094999999999345	trials	12.0	8346.585766	8348.656392	8349.525668	8349.819737	8345.969088	8349.140408	8350.095	8351.41	2.0	1.0	1.0	1.0					
8353.305	9.465000000000146	trials	12.0	8359.42855	8361.199864	8362.392351	8362.88247	8358.7708	8361.984978			2.0	1.0	0.0	3.0					
8364.718	25.43199999999888	trials	12.0	8385.243393	8387.103025	8388.526255	8388.790378	8384.708891	8388.135132	8389.25	8390.15	2.0	1.0	1.0	1.0					
8394.236	7.082999999998719	trials	12.0	8398.433413	8400.005362	8400.989344	8401.431902	8397.915426	8400.439067			2.0	2.0	0.0	3.0					
8405.281	17.90899999999965	trials	12.0	8419.999936	8421.639283	8422.798913999999	8423.298439	8419.452568	8422.319996			2.0	1.0	0.0	3.0					
8425.035	31.949000000000524	trials	12.0	8454.323406	8455.984434	8456.641992	8457.060463	8453.45811	8456.088586			2.0	2.0	0.0	3.0					
8458.986	15.238999999999578	trials	12.0	8469.044182	8470.945455000001	8472.489588	8472.691748000001	8468.318695	8472.107901	8473.055	8474.225	2.0	1.0	1.0	1.0					
8477.315	11.789999999999054	trials	12.0	8484.368755	8486.182172	8487.117945	8487.378207	8483.514172	8486.632876	8487.78	8489.105	2.0	1.0	1.0	1.0					
8491.125	15.469999999999345	trials	12.0	8501.398672	8502.828826	8504.675915	8504.931045000001	8500.476546	8503.862065000001	8505.29	8506.595	2.0	1.0	1.0	1.0					
8509.579	9.84100000000035	trials	12.0	8516.269172	8518.075182	8519.171145	8519.511799	8515.605953	8518.752799			2.0	1.0	0.0	3.0					
8521.484	19.875	trials	12.0	8537.533663	8539.370431	8541.10081	8541.451638999999	8536.936737	8540.357168999999			2.0	1.0	0.0	3.0					
8545.38	23.095000000001164	trials	12.0	8563.938782000001	8565.954262	8566.926876	8567.117399	8563.269277	8566.514599	8567.455	8568.475	2.0	1.0	1.0	1.0					
8572.511	10.943999999999505	trials	12.0	8580.839224	8582.072173	8583.231565	8583.568755	8580.093333	8582.81007			2.0	1.0	0.0	3.0					
8587.576	566.5770000000011	BlockDesign														1.0	431.0	455.0	0.0	50.0
8587.576	17.85900000000038	trials	13.0	8603.014310999999	8604.204113	8605.014369	8605.413727	8602.478073	8604.475899000001			3.0	2.0	0.0	3.0					
8607.267	84.9380000000001	trials	13.0	8688.244225	8689.401313	8690.200983	8690.63149	8687.623949	8689.708288	8690.87	8692.205	3.0	2.0	1.0	1.0					
8695.225	9.181000000000495	trials	13.0	8700.699357	8702.507914	8703.07026	8703.571079	8699.79116	8702.491893			3.0		0.0	2.0					
8706.495	20.19499999999971	trials	13.0	8722.485181	8723.931643	8724.721548	8725.124235	8721.921697	8724.194567999999	8725.405	8726.69	3.0	2.0	1.0	1.0					
8729.71	37.05500000000029	trials	13.0	8762.335846	8763.821836	8764.736824	8765.206585	8761.782994000001	8764.193692	8765.32	8766.765	3.0	2.0	1.0	1.0					
8768.851	14.394000000000233	trials	13.0	8778.541422	8780.19897	8780.981233	8781.286779	8777.568646	8780.425310999999	8781.655	8783.245	3.0	2.0	1.0	1.0					
8785.02	11.090000000000146	trials	13.0	8793.560121	8794.81662	8795.607053	8796.220798	8792.935882	8795.033914			3.0	2.0	0.0	3.0					
8799.971	11.78399999999965	trials	13.0	8809.15524	8810.639175	8811.245811	8811.86505	8808.263263	8810.685033			3.0	2.0	0.0	3.0					
8814.569	14.810999999999694	trials	13.0	8826.60528	8828.191845	8828.980099	8829.490722999999	8825.909308	8828.346049			3.0	2.0	0.0	3.0					
8831.315	16.43000000000029	trials	13.0	8843.813766	8845.14216	8845.903569	8846.218155999999	8843.163069	8845.333335	8846.4	8847.745	3.0	2.0	1.0	1.0					
8851.795	7.155000000000655	trials	13.0	8855.456793	8856.972253			8854.663037	8856.969274			3.0		0.0	2.0					
8860.968	23.42699999999968	trials	13.0	8879.805847	8881.209825	8882.479634	8882.865832	8878.927034	8881.880531	8883.051	8884.395	3.0	2.0	1.0	1.0					
8887.482	15.51300000000083	trials	13.0	8897.620432	8899.558595999999	8902.555916000001	8903.109107	8896.907221	8899.547122			3.0		0.0	2.0					
8903.471	20.204999999999927	trials	13.0	8920.207207	8921.78331	8922.686764	8923.094059	8919.222241	8921.776684			3.0		0.0	2.0					
8925.697	22.663000000000466	trials	13.0	8945.126881	8946.337873	8947.277161	8947.554232	8944.365507	8946.750867			3.0	2.0	1.0	1.0					
8952.782	8.44800000000032	trials	13.0	8957.806104	8959.864954	8960.826810999999	8961.215747	8957.283905	8960.250966			3.0	2.0	0.0	3.0					
8965.08	15.475000000000364	trials	13.0	8978.155526999999	8979.331578000001	8980.110547	8980.668639	8977.176397	8979.587434000001			3.0	1.0	0.0	3.0					
8982.49	39.97600000000057	trials	13.0	9018.316212	9019.723512	9020.52163	9020.956011	9017.32849	9019.881507	9021.035	9022.466	3.0	2.0	1.0	1.0					
9024.5	11.915000000000873	trials	13.0	9032.212188	9033.254215	9034.354707999999	9034.678405	9031.645558	9033.826501	9034.98	9036.415	3.0	2.0	1.0	1.0					
9039.435	9.576000000000931	trials	13.0	9046.471056	9047.822913	9048.69205	9049.073457	9045.545854	9048.065497			3.0	1.0	0.0	3.0					
9052.051	19.28399999999965	trials	13.0	9067.825653	9069.348990999999	9070.015387	9070.466737	9066.838717	9069.340654			3.0		0.0	2.0					
9073.41	30.69499999999971	trials	13.0	9099.557959	9101.30308	9102.169027	9102.509436	9098.782510000001	9101.461492	9102.855	9104.105	3.0	2.0	1.0	1.0					
9108.125	7.2549999999992	trials	13.0	9113.066061	9114.277869	9115.074907	9115.366460000001	9112.138119	9114.541101			3.0	2.0	0.0	3.0					
9117.386	16.300999999999476	trials	13.0	9130.972669	9132.488074	9133.343811	9133.752575999999	9130.352785	9132.779478			3.0	2.0	0.0	3.0					
9137.718	16.43499999999949	trials	13.0	9151.441651000001	9152.608314000001			9150.694346	9153.657559			3.0	2.0	0.0	3.0					
9156.426	3669.0789999999997	BlockDesign														1.0	456.0	546.0	50.0	50.0
9156.426	14.924000000000888	trials	14.0	9167.826484000001	9169.278354	9170.889339	9171.463957	9167.159903	9170.487766			2.0	1.0	0.0	3.0					
9175.21	38.25600000000122	trials	14.0	9209.125630999999	9210.613551999999	9211.313742999999	9211.811760999999	9208.47518	9210.784060999998	9212.055	9213.466	3.0	2.0	1.0	1.0					
9216.525	20.09599999999955	trials	14.0	9231.376594999998	9233.309258	9234.624896999998	9234.952166	9230.681556999998	9234.198427999998	9235.49	9236.621	2.0	1.0	1.0	1.0					
9238.591	13.798999999999069	trials	14.0	9249.456014	9250.913515999999	9251.963017999999	9252.268764999999	9248.695961	9251.442995			3.0	1.0	0.0	3.0					
9255.371	18.544000000001688	trials	14.0	9269.500746999998	9271.23677	9271.856259999999	9272.204048999998	9268.978808999998	9271.311477	9272.655	9273.915	3.0	2.0	1.0	1.0					
9277.984	8.626000000000204	trials	14.0	9283.256148999999	9285.303324999999	9286.210449999999	9286.614201999999	9282.729731	9285.762067999998			2.0	1.0	0.0	3.0					
9288.625	29.5	trials	14.0	9314.79632	9316.730802999999	9317.612248	9318.143852	9314.094270999998	9317.083147999998			3.0	2.0	0.0	3.0					
9321.073	57.99699999999939	trials	14.0	9374.519886999999	9376.152474999999	9377.341509999998	9377.553289	9373.934098999998	9376.955660999998	9377.97	9379.07	2.0	1.0	1.0	1.0					
9382.086	69.02400000000125	trials	14.0	9447.52595	9449.119293999998	9449.828343	9450.334426999998	9446.769930999999	9449.112391999999			3.0		0.0	2.0					
9454.12	14.944999999999709	trials	14.0	9464.801334999998	9466.330834999999	9467.042547	9467.381485999998	9463.851535999998	9466.454350999998	9467.636	9469.065	3.0	2.0	1.0	1.0					
9471.115	11.976000000000568	trials	14.0	9478.798068999999	9479.978221999998	9480.970000999998	9481.483972999999	9478.201233999998	9480.480226999998	9481.6	9483.091	3.0	2.0	1.0	1.0					
9487.181	9.60399999999936	trials	14.0	9493.801879999999	9495.294461	9496.133692999998	9496.449121999998	9493.293762	9495.622008999999			3.0	2.0	0.0	3.0					
9500.47	21.827000000001135	trials	14.0	9519.127394	9521.083679999998	9521.834948	9522.293542	9518.169853	9521.428410999999			2.0	1.0	0.0	3.0					
9525.295	45.284999999999854	trials	14.0	9567.387091999999	9568.535053999998	9569.495198999999	9570.600249	9566.801527	9569.079412			2.0	1.0	0.0	3.0					
9571.83	28.302999999999884	trials	14.0	9597.142087999999	9598.540081	9599.528875999998	9600.154459999998	9596.277478999998	9599.024172			2.0	2.0	0.0	3.0					
9601.911	12.449000000000524	trials	14.0	9610.047722	9611.78933	9612.553440999998	9612.769489999999	9609.359493999998	9612.125510999998	9613.265	9614.36	2.0	1.0	1.0	1.0					
9617.486	13.173999999999069	trials	14.0	9627.976767999999	9629.182732	9630.075810999999	9630.676754999999	9627.250606	9629.485648999998			3.0	2.0	0.0	3.0					
9634.461	20.85400000000118	trials	14.0	9651.212797999999	9652.618122999998	9653.582355999999	9653.786689999999	9650.600407999998	9653.183385999999	9654.301	9655.315	2.0	1.0	1.0	1.0					
9657.35	19.56999999999971	trials	14.0	9673.753955999999	9674.818659999999	9676.523737999998	9676.904784999999	9673.156674999998	9675.793585			2.0	1.0	0.0	3.0					
9679.97	52.94000000000051	trials	14.0	9729.557589999999	9730.849527999999	9731.532736	9731.990575999998	9728.67081	9730.846876999998			3.0		0.0	2.0					
9734.92	12.875	trials	14.0	9744.847389999999	9746.705230999998	9747.244144999999	9747.815132	9744.211126999999	9746.830204999998			3.0	1.0	0.0	3.0					
9751.716	88.34900000000016	trials	14.0	9837.067904	9838.485482999999	9839.604931999998	9840.074632999998	9836.32787	9838.960895999999			3.0	1.0	0.0	3.0					
9842.069	33.272000000000844	trials	14.0	9871.888143999999	9873.889944999999	9874.761457999999	9875.360059999999	9871.223428	9874.357074999998			2.0	1.0	0.0	3.0					
9878.145	22.68999999999869	trials	14.0	9896.324842999999	9897.439876999999	9898.752568999998	9898.941302	9895.584670999999	9898.317772999999	9899.525	9900.835	2.0	1.0	1.0	1.0					
9902.67	12.584999999999127	trials	14.0	9912.397891999999	9913.817645	9914.596292999999	9914.867444	9911.510650999999	9914.131946			2.0	1.0	0.0	3.0					
9917.995	70.93099999999868	trials	14.0	9984.643671999998	9986.100639999999	9987.027874	9987.306853999999	9983.864377999998	9986.624157999999	9987.801	9988.926	2.0	1.0	1.0	1.0					
9991.056	9.869999999998981	trials	14.0	9996.218566	9997.861765999998	9998.926909999998	9999.141489999998	9995.503797	9998.514926999998	9999.615	10000.926	2.0	1.0	1.0	1.0					
10005.051	9.875	trials	14.0	10010.254300999999	10012.055440999999	10012.838130999999	10013.210700999998	10009.672552999999	10012.265999	10013.49	10014.926	3.0	2.0	1.0	1.0					
10017.955	11.049999999999272	trials	14.0	10026.758923999998	10027.870832999999	10028.675713999999	10028.970435	10025.985588999998	10028.246995999998			2.0	1.0	0.0	3.0					
10033.065	21.8799999999992	trials	14.0	10049.669265999999	10051.111642999998	10054.313785999999	10054.967901999999	10048.871329999998	10051.108787			3.0		0.0	2.0					
10056.2	24.234999999998763	trials	14.0	10078.020123999999	10079.14181	10079.920618999999	10080.456160999998	10077.429627999998	10079.428609999999			3.0	2.0	0.0	3.0					
10082.26	27.11499999999978	trials	14.0	10104.879621999999	10106.67614	10107.309551999999	10107.680090999998	10104.2192	10106.750370999998	10108.051	10109.375	3.0	2.0	1.0	1.0					
10112.395	9.645000000000437	trials	14.0	10118.608935999999	10120.170047999998	10121.530100999998	10122.060178999998	10118.023227999998	10120.994470999998			3.0	2.0	0.0	3.0					
10123.94	19.40599999999904	trials	14.0	10139.959619	10141.846206999999	10142.892597999999	10143.350971999998	10139.021787999998	10142.431706			2.0	1.0	0.0	3.0					
10146.33	45.840000000000146	trials	14.0	10188.085243999998	10189.336268	10190.105441	10190.544915999999	10187.186627	10189.523168	10190.761	10192.17	3.0	2.0	1.0	1.0					
10194.261	23.01000000000022	trials	14.0	10214.590486	10215.797585999999	10216.751817999999	10217.295129999999	10213.845508999999	10216.190766999998			2.0	2.0	0.0	3.0					
10219.204	57.10100000000057	trials	14.0	10271.3545	10272.843357999998	10275.785737999999	10276.327801	10270.498312	10272.838738999999			2.0		0.0	2.0					
10278.841	22.459999999999127	trials	14.0	10297.224670999998	10298.651675	10299.343522	10299.730470999999	10296.625813999999	10298.818771999999	10300.115	10301.301	3.0	2.0	1.0	1.0					
10305.361	25.96899999999914	trials	14.0	10328.180422999998	10329.374623999998	10330.659133	10331.082853999998	10327.218341999998	10330.154249			3.0	2.0	0.0	3.0					
10334.005	14.610000000000582	trials	14.0	10345.710583999999	10347.187150999998	10348.030789999999	10348.636379999998	10344.976074999999	10347.23239			2.0	2.0	0.0	3.0					
10351.42	21.350000000000364	trials	14.0	10369.939887999999	10371.210785	10372.295599	10372.791446	10369.387692999999	10371.768562			2.0	2.0	0.0	3.0					
10374.636	39.634000000000015	trials	14.0	10410.166839999998	10411.594927999999	10412.427339999998	10412.685657999999	10409.523711999998	10411.953822999998	10413.341	10414.27	2.0	1.0	1.0	1.0					
10418.375	15.093000000000757	trials	14.0	10429.850632999998	10431.427432999999	10433.029459999998	10433.492269999999	10429.303501999999	10432.606248999999			2.0	1.0	0.0	3.0					
10435.5	19.84100000000035	trials	14.0	10451.845978	10453.347800999998	10453.978382	10454.437408999998	10451.048711	10453.343942			3.0		0.0	2.0					
10458.375	25.261000000000422	trials	14.0	10479.130753	10480.329625999999	10481.239959999999	10481.697347999998	10478.142284	10480.757500999998	10481.825	10483.636	3.0	2.0	1.0	1.0					
10486.41	12.229999999999563	trials	14.0	10495.702729999999	10497.464965	10498.116885	10498.665600999999	10494.750855999999	10497.551735			3.0	2.0	0.0	3.0					
10500.57	29.675999999999476	trials	14.0	10526.976098	10528.373462	10529.692743999998	10530.265629999998	10526.440545999998	10529.189663			2.0	2.0	0.0	3.0					
10534.042	24.674000000000888	trials	14.0	10554.431277	10555.619319	10556.531060999998	10556.996253999998	10553.513584999999	10555.987763	10557.285	10558.716	3.0	2.0	1.0	1.0					
10560.775	22.204999999999927	trials	14.0	10578.556475	10579.737544	10580.619931999998	10580.911350999999	10577.784708	10580.073572999998	10581.33	10582.98	3.0	2.0	1.0	1.0					
10585.805	11.19000000000051	trials	14.0	10592.176467999998	10593.818092999998	10596.588054999998	10597.017768999998	10591.386672999999	10593.80936			3.0		0.0	2.0					
10597.86	32.92499999999927	trials	14.0	10627.651849999998	10628.936036	10630.228363999999	10630.806927999998	10627.032957	10629.697579			2.0	2.0	0.0	3.0					
10634.58	42.91500000000087	trials	14.0	10674.327946	10675.988989	10676.971934	10677.399148999999	10673.732876999999	10676.418848			3.0	2.0	0.0	3.0					
10679.432	28.64300000000003	trials	14.0	10704.806671999999	10706.414324	10707.471016999998	10708.098455	10703.882548999998	10706.839853			2.0	2.0	0.0	3.0					
10710.85	27.911000000000058	trials	14.0	10735.261745999998	10736.698621999998	10738.261698999999	10738.786914999999	10734.590511999999	10737.633007999999			2.0	2.0	0.0	3.0					
10741.591	29.40400000000045	trials	14.0	10768.247392999998	10769.495872999998	10770.369289999999	10771.018504	10767.297262999999	10769.83175			3.0	2.0	0.0	3.0					
10774.75	29.875	trials	14.0	10800.007144	10801.929306999999	10802.734830999998	10802.954265999999	10799.088473	10802.263401999999	10803.375	10804.625	2.0	1.0	1.0	1.0					
10807.71	14.480000000001382	trials	14.0	10816.722751999998	10818.153749	10820.109175999998	10820.331687999998	10816.089122	10819.581374	10820.81	10822.19	2.0	1.0	1.0	1.0					
10824.918	15.933000000000902	trials	14.0	10837.417865	10839.416908	10840.409353	10840.854168999998	10836.687483999998	10839.939742999999			2.0	1.0	0.0	3.0					
10842.842	269.4989999999998	trials	14.0	11109.258580999998	11110.812998	11111.964193999998	11112.283682	11108.573719999999	11111.342472999999			3.0	2.0	0.0	3.0					
11116.416	14.454000000001543	trials	14.0	11125.798729999999	11127.410359999998	11128.738330999999	11129.263807	11125.125401	11128.195559	11129.545	11130.87	3.0	2.0	1.0	1.0					
11132.956	16.92399999999907	trials	14.0	11146.71985	11148.398632999999	11149.326072999998	11149.905072999998	11145.919118999998	11148.774478			3.0	2.0	0.0	3.0					
11153.72	22.445000000001528	trials	14.0	11172.414900999998	11174.450433999998	11175.520498999998	11176.188058999998	11171.555089999998	11175.103396999999			2.0	1.0	0.0	3.0					
11177.97	26.88500000000022	trials	14.0	11200.214284999998	11201.251000999999	11202.843195999998	11203.106569	11199.500117	11202.387682999999	11203.53	11204.855	2.0	1.0	1.0	1.0					
11207.75	11.784999999999854	trials	14.0	11215.323225999999	11216.575002999998	11217.412891999998	11217.753024999998	11214.496038999998	11216.830452999999	11218.075	11219.535	3.0	2.0	1.0	1.0					
11221.556	13.068999999999505	trials	14.0	11231.919252999998	11233.144352	11233.948224999998	11234.651688999998	11230.916680999999	11233.421767999998			3.0	2.0	0.0	3.0					
11236.27	191.29500000000007	trials	14.0	11422.964696	11424.671401999998	11425.597227999999	11425.986359999999	11422.132995999998	11425.093525999999	11426.165	11427.565	3.0	2.0	1.0	1.0					
11431.601	16.03399999999965	trials	14.0	11444.194671999998	11445.979925	11447.107732999999	11447.662261999998	11443.220631999999	11446.57751			2.0	2.0	0.0	3.0					
11450.509	21.351000000000568	trials	14.0	11468.009874	11469.487149999999	11470.788943	11470.96386	11467.451808999998	11470.334122999999			2.0	1.0	1.0	1.0					
11474.31	23.274999999999636	trials	14.0	11494.484728	11496.186683	11497.022023999998	11497.613334999998	11493.815751999999	11496.489493999998			3.0	2.0	0.0	3.0					
11500.395	21.795000000000073	trials	14.0	11516.761129999999	11518.640331999999	11520.279295999999	11520.539976999999	11515.859201	11519.852646	11520.85	11522.19	2.0	1.0	1.0	1.0					
11526.216	7.109000000000378	trials	14.0	11530.699875999999	11532.116015	11532.938344999999	11533.26556	11529.824368999998	11532.500268999998			2.0	1.0	0.0	3.0					
11536.346	58.01900000000023	trials	14.0	11589.904813999998	11591.720903	11592.244573999998	11592.739383999999	11589.086308999998	11591.685461999998	11592.955	11594.365	3.0	2.0	1.0	1.0					
11596.446	17.613999999999578	trials	14.0	11609.660299	11611.336648999999	11612.099553999999	11612.314192999998	11608.892789999998	11611.67744	11612.835	11614.06	2.0	1.0	1.0	1.0					
11616.001	17.590000000000146	trials	14.0	11628.405181999999	11630.087886999998	11631.406250999999	11631.719248999998	11627.584996999998	11630.798023	11632.145	11633.591	3.0	2.0	1.0	1.0					
11636.505	69.20499999999993	trials	14.0	11702.801436999998	11703.897528999998	11705.178741999998	11705.735746999999	11702.265760999999	11704.670739999998			3.0	2.0	0.0	3.0					
11709.49	71.54000000000087	trials	14.0	11778.236058999999	11779.835645	11780.581922	11781.045854999998	11777.581071999999	11780.018944			3.0	2.0	0.0	3.0					
11783.956	24.394000000000233	trials	14.0	11805.071605	11807.115542	11807.908078999999	11808.379979	11804.552002999999	11807.476313			2.0	1.0	0.0	3.0					
11812.245	62.82499999999891	trials	14.0	11870.457961999999	11872.045567	11872.920262999998	11873.320181	11869.849944999998	11872.370803999998	11873.58	11875.07	3.0	2.0	1.0	1.0					
11878.156	10.348999999998341	trials	14.0	11885.321627	11887.277979999999	11887.967664999998	11888.530910999998	11884.672163	11887.357736999998			2.0	2.0	0.0	3.0					
11890.417	21.34400000000096	trials	14.0	11908.356946	11909.654035	11910.686897	11910.872296999998	11907.632477	11910.244238			2.0	1.0	1.0	1.0					
11915.195	9.210000000000946	trials	14.0	11921.892072999999	11923.008214999998	11923.954063999998	11924.432067999998	11920.939966999998	11923.384699999999			3.0	2.0	0.0	3.0					
11928.29	14.635999999998603	trials	14.0	11940.477077	11941.758838999998	11942.537455999998	11942.941667	11939.470768	11942.008557999998			2.0	1.0	0.0	3.0					
11944.935	325.3600000000006	trials	14.0	12266.170972	12267.493013	12268.55936	12268.826054000001	12265.60446	12268.158189	12269.16	12270.295	2.0	1.0	1.0	1.0					
12274.315	18.424999999999272	trials	14.0	12289.800717	12291.352517	12292.235735	12292.830127	12288.880168	12291.747329			2.0	1.0	0.0	3.0					
12295.555	28.395000000000437	trials	14.0	12319.090911	12320.729563	12321.919286	12322.151087	12318.360837	12321.484053	12322.48	12323.95	2.0	1.0	1.0	1.0					
12326.04	13.534999999999854	trials	14.0	12334.671452	12336.328145	12337.209756	12337.564949	12333.852622	12336.569687	12337.815	12339.575	3.0	2.0	1.0	1.0					
12342.66	14.588999999999942	trials	14.0	12354.716448000001	12355.922904000001	12356.826362	12357.332091	12353.885714	12356.190204			3.0	2.0	0.0	3.0					
12359.205	24.645000000000437	trials	14.0	12379.646607	12380.912616	12381.662882	12382.047092	12378.648548000001	12381.076860000001	12382.41	12383.85	3.0	2.0	1.0	1.0					
12385.934	411.77100000000064	trials	14.0	12793.927808	12795.780495	12796.250172	12796.648311	12792.999519	12795.776609			2.0		0.0	2.0					
12800.776	8.953999999999724	trials	14.0	12805.738703	12807.082735	12808.32045	12808.863999000001	12804.964903	12807.710586000001			2.0	2.0	0.0	3.0					
12811.645	13.859999999998763	trials	14.0	12821.324018	12822.896539	12823.880208	12824.123352	12820.326606	12823.50467	12824.64	12825.505	2.0	1.0	1.0	1.0					
12828.611	124.16899999999987	BlockDesign														1.0	547.0	551.0	0.0	0.0
12828.611	25.368999999998778	trials	15.0	12851.144631	12852.583524	12853.473678	12854.071779	12850.613066	12852.980538			2.0	2.0	0.0	3.0					
12858.745	6.555999999998676	trials	15.0	12862.335062	12863.570882	12864.718782	12864.948199	12861.62936	12864.343331			2.0	1.0	0.0	3.0					
12868.08	45.95000000000073	trials	15.0	12910.810082	12912.360483	12913.431065	12914.12247	12910.158211	12912.964695			2.0	2.0	0.0	3.0					
12916.776	10.134000000000015	trials	15.0	12924.173504	12925.304756	12926.598146	12926.971736	12923.640996	12926.218782			2.0	1.0	0.0	3.0					
12929.956	22.824000000000524	trials	15.0	12950.468252	12951.812061	12952.749039	12953.103004	12949.721816	12952.366226			2.0	1.0	0.0	3.0					
12956.085	274.6150000000016	BlockDesign														1.0	552.0	556.0	0.0	0.0
12956.085	47.69500000000153	trials	16.0	13000.843757	13002.630545	13003.237051	13003.873061	13000.11501	13002.727009			3.0	2.0	0.0	3.0					
13008.565	19.860999999998967	trials	16.0	13025.553503	13027.06711	13027.842642	13028.514714	13024.603607000001	13027.388565			3.0	2.0	0.0	3.0					
13031.175	122.57999999999993	trials	16.0	13150.536294	13152.367344	13153.237925	13153.846575	13149.919773	13152.757658			3.0	2.0	0.0	3.0					
13157.515	48.73000000000138	trials	16.0	13202.989679	13204.856978	13205.598747	13206.337703000001	13202.37052	13205.101416			3.0	2.0	0.0	3.0					
13209.875	20.825000000000728	trials	16.0	13228.58477	13229.711357	13230.646728	13231.169418	13227.765309	13230.141845			3.0	2.0	0.0	3.0					
13232.99	2939.460000000001	BlockDesign														1.0	557.0	604.0	50.0	50.0
13232.99	72.625	trials	17.0	13302.370277	13303.550564000001	13304.862909	13305.707156	13301.562554	13304.436285			3.0	1.0	0.0	3.0					
13309.14	11.286000000000058	trials	17.0	13316.106695	13317.282966	13318.441784	13318.883376	13315.116981	13317.95154	13319.145	13320.426	3.0	2.0	1.0	1.0					
13323.359	27.796000000000276	trials	17.0	13348.005329	13349.963408	13350.615149000001	13351.246307	13347.328793	13350.064014			3.0	2.0	0.0	3.0					
13352.938	100.58699999999953	trials	17.0	13450.545426	13452.06375	13452.944109	13453.618703	13449.942527	13452.453177			3.0	2.0	0.0	3.0					
13457.35	17.924999999999272	trials	17.0	13471.316101	13473.155217	13473.729015	13473.958094	13470.544311	13473.354096	13474.426	13475.275	2.0	1.0	1.0	1.0					
13478.345	8.525000000001455	trials	17.0	13484.320835	13485.653522	13486.454957	13486.964483	13483.469411	13486.031646			2.0	1.0	0.0	3.0					
13489.801	1387.3140000000003	trials	17.0	14872.796297	14874.669849	14875.692878	14876.965805	14872.233007	14875.093833			2.0	1.0	0.0	3.0					
14878.015	14.121000000001004	trials	17.0	14887.991136	14889.312303	14890.492839	14890.682242	14887.46375	14890.054476000001	14891.015	14892.136	2.0	1.0	1.0	1.0					
14895.225	21.661000000000058	trials	17.0	14911.885594	14913.529145	14914.825029	14915.336285000001	14910.913146	14914.230432	14915.525	14916.886	3.0	2.0	1.0	1.0					
14918.91	20.3700000000008	trials	17.0	14934.561085000001	14936.502975	14937.299286	14937.548796	14933.701368	14936.810253	14937.96	14939.28	2.0	1.0	1.0	1.0					
14941.165	13.714999999998327	trials	17.0	14952.422271	14953.5782	14954.501648	14954.976562	14951.691367	14954.05956			2.0	1.0	0.0	3.0					
14957.841	15.430000000000291	trials	17.0	14969.326329	14971.013607	14972.28074	14972.600427000001	14968.586604	14971.8129			2.0	1.0	0.0	3.0					
14976.611	12.838999999999942	trials	17.0	14986.185758	14987.441279	14988.987503	14989.546620000001	14985.589766000001	14988.416921			2.0	2.0	0.0	3.0					
14992.301	17.894000000000233	trials	17.0	15007.286535	15008.708126	15009.620597000001	15010.292636	15006.739933	15009.167994			3.0	2.0	0.0	3.0					
15011.93	22.735000000000582	trials	17.0	15028.051114	15029.32869	15030.375843	15030.943728	15027.090093	15029.87507			3.0	2.0	0.0	3.0					
15034.686	57.72900000000118	trials	17.0	15087.662259	15089.582935	15090.401646	15090.875201	15086.70861	15089.862722	15091.015	15092.415	3.0	2.0	1.0	1.0					
15094.45	19.1349999999984	trials	17.0	15110.128119	15111.77309	15113.080873	15113.683140000001	15109.536252	15112.626253			2.0	1.0	0.0	3.0					
15116.395	30.625	trials	17.0	15144.202638	15145.308558	15146.701430000001	15147.08821	15143.199356000001	15146.283015			2.0	1.0	0.0	3.0					
15149.078	60.12700000000041	trials	17.0	15205.936718	15207.045334	15208.017938	15209.302754	15205.303022	15207.547673000001			3.0	2.0	0.0	3.0					
15211.301	29.561999999999898	trials	17.0	15236.412759	15237.968777	15239.047181	15239.281717	15235.797371	15238.620315	15239.805	15240.863	2.0	1.0	1.0	1.0					
15244.0	23.479999999999563	trials	17.0	15262.107372	15263.67514	15265.404984	15265.727391	15261.274519999999	15264.951971	15266.095	15267.48	2.0	1.0	1.0	1.0					
15269.596	157.45499999999993	trials	17.0	15424.188767	15425.549275	15426.317185	15427.142914	15423.294259	15425.798044			3.0	2.0	0.0	3.0					
15430.609	19.17200000000048	trials	17.0	15445.944158	15447.861632	15448.461323	15449.051728	15445.247501	15447.85388			3.0		0.0	2.0					
15453.83	24.86499999999978	trials	17.0	15474.388558	15475.723064	15476.789075	15477.120211	15473.691923	15476.23928	15477.565	15478.695	3.0	2.0	1.0	1.0					
15481.776	21.65400000000045	trials	17.0	15498.84355	15500.829374	15501.718565	15501.928742	15498.223859	15501.295123	15502.4	15503.43	2.0	1.0	1.0	1.0					
15505.541	25.439000000000306	trials	17.0	15528.508483	15529.788748	15530.601842	15530.926585	15527.564651	15530.153466			2.0	1.0	0.0	3.0					
15533.895	65.2549999999992	trials	17.0	15595.119073	15596.541239	15597.275636	15597.566023	15594.179605	15596.77786	15597.995	15599.15	3.0	2.0	1.0	1.0					
15601.172	19.557999999999083	trials	17.0	15616.558295	15617.691467	15618.906359	15619.106752	15615.96672	15618.476448	15619.475	15620.73	2.0	1.0	1.0	1.0					
15623.746	18.819000000001324	trials	17.0	15640.034531	15641.224258	15642.30259	15642.597707	15639.277699	15641.860372			3.0	1.0	0.0	3.0					
15644.575	19.7599999999984	trials	17.0	15661.409506	15663.1165	15664.03265	15664.355762	15660.558706	15663.593767			2.0	1.0	0.0	3.0					
15668.409	58.72700000000077	trials	17.0	15724.074559	15725.722173	15726.548725	15727.226496	15723.16529	15726.012353			3.0	2.0	0.0	3.0					
15730.906	40.164999999999054	trials	17.0	15766.724524	15767.865412	15769.259327	15769.661551	15766.081184	15768.782543	15769.926	15771.071	3.0	2.0	1.0	1.0					
15774.22	14.590000000000146	trials	17.0	15784.200174	15786.077041	15786.852211	15787.389653	15783.427978	15786.365327	15787.555	15788.81	3.0	2.0	1.0	1.0					
15790.886	21.318999999999505	trials	17.0	15807.370387	15809.342315	15810.346499	15810.538116	15806.826317000001	15809.906335	15810.91	15812.205	2.0	1.0	1.0	1.0					
15815.299	25.560999999999694	trials	17.0	15837.405098	15838.943821	15839.358294	15839.93992	15836.453892	15838.924685			3.0		0.0	2.0					
15842.926	50.75300000000061	trials	17.0	15890.9012	15892.412363	15893.291621	15893.698648	15890.028355	15892.813013			3.0	1.0	0.0	3.0					
15895.685	21.040000000000873	trials	17.0	15913.146515	15914.726647	15915.232859	15915.813875	15912.397099	15914.71137			3.0		0.0	2.0					
15919.797	20.733000000000175	trials	17.0	15937.905968	15939.276265	15940.184876	15940.62463	15937.045529	15939.776801			2.0	1.0	0.0	3.0					
15944.471	16.949000000000524	trials	17.0	15957.107307	15958.738202	15959.54045	15959.775826000001	15956.561297	15959.081736	15960.193	15961.42	2.0	1.0	1.0	1.0					
15965.505	15.2400000000016	trials	17.0	15977.937224	15979.216933	15980.424229	15980.618282	15977.190469000001	15980.005181			2.0	1.0	0.0	3.0					
15984.755	17.515000000001237	trials	17.0	15999.260624	16001.086516	16001.9648	16002.286873000001	15998.435777	16001.560376			2.0	1.0	0.0	3.0					
16005.341	20.17399999999907	trials	17.0	16021.885452	16023.22686	16023.761734	16024.124348	16021.252405	16023.281741	16024.46	16025.515	3.0	2.0	1.0	1.0					
16027.604	18.381000000001222	trials	17.0	16043.285982	16044.82207	16045.63208	16046.079554	16042.570928000001	16045.181681			2.0	2.0	0.0	3.0					
16047.925	26.666000000001077	trials	17.0	16071.003214	16072.678477	16073.151245000001	16073.620307	16070.07149	16072.667961			3.0		0.0	2.0					
16076.6	15.635000000000218	trials	17.0	16089.300936	16091.019388	16091.751643	16092.325586	16088.666032000001	16091.276672			2.0	2.0	0.0	3.0					
16095.07	21.98999999999978	trials	17.0	16112.725312	16113.85237	16115.425903	16115.763992	16111.844115	16115.03013	16116.265	16117.06	2.0	1.0	1.0	1.0					
16120.08	24.891999999999825	trials	17.0	16142.526236	16144.191085	16144.578512	16145.063651	16141.602682	16144.115122			3.0	2.0	0.0	3.0					
16148.88	23.570000000001528	trials	17.0	16168.196831	16169.977799	16170.700661	16171.106594	16167.519742	16170.217228	16171.245	16172.45	3.0	2.0	1.0	1.0					
16175.596	582.039999999999	BlockDesign														1.0	605.0	628.0	10.0	50.0
16175.596	37.004000000000815	trials	18.0	16207.676281	16208.788362	16212.191884	16212.693643	16206.844895	16211.776742			1.0	1.0	0.0	3.0					
16214.505	13.025000000001455	trials	18.0	16223.647582	16224.909428	16226.998214	16227.622372	16222.693848	16226.566927			1.0	1.0	0.0	3.0					
16231.285	27.340000000000146	trials	18.0	16253.706478	16254.76763	16256.370839	16257.028847	16252.754999	16255.853995			1.0	2.0	0.0	3.0					
16258.69	27.521999999999025	trials	18.0	16282.401958	16284.177971000001	16285.819871	16286.242231	16281.832328	16285.387466			1.0	1.0	0.0	3.0					
16288.204	11.175999999999476	trials	18.0	16295.692714	16297.285755	16299.126173	16299.393695	16295.0123	16298.688418			1.0	1.0	0.0	3.0					
16303.39	17.650000000001455	trials	18.0	16316.12308	16317.770365	16319.237185	16319.585192	16315.538092	16318.747156	16319.856	16321.04	1.0	2.0	1.0	1.0					
16324.125	31.860000000000582	trials	18.0	16350.582005	16352.350979	16354.106488	16354.462901	16349.589472	16353.61883	16354.755	16355.985	1.0	2.0	1.0	1.0					
16359.005	33.899999999999636	trials	18.0	16388.016805	16390.068392	16391.038663	16391.38681	16387.392088	16390.595653	16391.7	16392.905	1.0	2.0	1.0	1.0					
16395.938	22.93500000000131	trials	18.0	16416.327686	16417.649941	16418.47899	16418.960789	16415.715086	16418.004654			1.0	2.0	0.0	3.0					
16420.796	17.70900000000256	trials	18.0	16435.657105	16436.959322	16438.183843	16438.499767	16434.9457	16437.736141			1.0	1.0	0.0	3.0					
16441.535	16.51599999999962	trials	18.0	16453.773794	16454.914082	16456.357402	16456.627856	16452.853002	16455.815401	16457.075	16458.051	1.0	2.0	1.0	1.0					
16462.07	20.56000000000131	trials	18.0	16479.466985	16481.300102	16482.09952	16482.404905	16478.692172	16481.614279			1.0	2.0	0.0	3.0					
16484.4	20.77599999999802	trials	18.0	16500.407323	16502.265539	16503.385109	16503.820819	16499.43881	16502.847215	16504.145	16505.176	1.0	2.0	1.0	1.0					
16509.195	13.940999999998894	trials	18.0	16520.108849	16522.013585	16522.851022	16523.224573	16519.319848	16522.059638			1.0	2.0	0.0	3.0					
16525.16	14.775000000001455	trials	18.0	16535.722283	16537.317074	16538.190005	16538.512595	16534.924396	16537.685318	16538.683	16539.935	1.0	2.0	1.0	1.0					
16544.005	19.755999999997584	trials	18.0	16561.278071	16562.524694	16563.447872	16563.81877	16560.353974	16562.912333			1.0	2.0	0.0	3.0					
16567.815	16.2400000000016	trials	18.0	16579.642115	16581.479801	16582.308559	16582.580788	16578.89873	16581.814204	16582.875	16584.055	1.0	2.0	1.0	1.0					
16585.97	26.57499999999709	trials	18.0	16607.573306	16609.065826	16610.911952	16611.145917	16606.942349	16610.474521	16611.395	16612.545	1.0	1.0	1.0	1.0					
16616.701	21.604999999999563	trials	18.0	16628.102786	16629.868918	16630.756367	16631.064341	16627.325671	16630.231045	16631.415	16638.306	1.0	2.0	1.0	1.0					
16642.437	29.672999999998865	trials	18.0	16669.133059	16670.947006	16671.62237	16672.206746	16668.200009	16671.133322			1.0	2.0	0.0	3.0					
16675.891	10.099000000001979	trials	18.0	16682.783221	16684.349506	16685.507323	16686.083728	16681.961831	16685.027329			1.0	2.0	0.0	3.0					
16687.861	12.113999999997759	trials	18.0	16696.557476	16697.924666	16699.678565000002	16700.070226	16695.881089	16699.268332			1.0	1.0	0.0	3.0					
16703.0	31.895000000000437	trials	18.0	16730.750053	16732.365383	16733.164643	16733.484686	16730.043125	16732.655119	16733.785	16734.895	1.0	2.0	1.0	1.0					
16737.915	19.72099999999773	trials	18.0	16753.513208	16755.131909	16755.782461	16756.082012	16752.821959	16755.326686	16756.341	16757.636	1.0	2.0	1.0	1.0					
16761.755	314.33599999999933	BlockDesign														1.0	629.0	648.0	90.0	50.0
16761.755	13.08599999999933	trials	19.0	16771.954295	16773.620309	16774.434707	16774.900871	16771.231287	16773.953345			1.0	2.0	0.0	3.0					
16778.77	14.2599999999984	trials	19.0	16787.853212	16789.670066	16790.809807	16791.513023	16787.272627	16790.300513000002			1.0	2.0	0.0	3.0					
16793.208	20.537000000000262	trials	19.0	16808.788639	16810.741169	16812.184954	16812.411559	16808.131292	16811.441459	16812.83	16813.745	1.0	1.0	1.0	1.0					
16817.765	9.245999999999185	trials	19.0	16822.423213000002	16823.984678	16825.114964	16825.329916	16821.868771	16824.708776	16825.775	16827.011	1.0	1.0	1.0	1.0					
16829.956	11.316000000002532	trials	19.0	16837.13363	16838.319844999998	16839.252356	16839.482999	16836.465185	16838.866334	16839.801	16841.272	1.0	1.0	1.0	1.0					
16843.22	11.919999999998254	trials	19.0	16850.820514	16852.46612	16853.371964	16853.644171	16850.082644000002	16852.9459	16854.075	16855.14	1.0	1.0	1.0	1.0					
16858.295	13.59100000000035	trials	19.0	16863.359885	16864.822877	16865.545232	16865.732825	16862.522458	16865.11846	16866.19	16871.886	1.0	1.0	1.0	1.0					
16874.932	10.33299999999872	trials	19.0	16880.778919	16882.868305	16883.67149	16883.854397	16880.027027	16883.243306	16884.295	16885.265	1.0	1.0	1.0	1.0					
16887.351	8.623999999999796	trials	19.0	16891.869449	16893.157313	16894.204162	16894.388318	16891.217746	16893.817003	16894.801	16895.975	1.0	1.0	1.0	1.0					
16900.012	7.393000000000029	trials	19.0	16904.119291	16906.045936	16906.987154	16907.500279	16903.515184	16906.590803			1.0	1.0	0.0	3.0					
16911.255	16.71099999999933	trials	19.0	16923.39361	16924.884491	16926.325871	16926.515327	16922.883947	16925.920385	16926.865	16927.966	1.0	1.0	1.0	1.0					
16929.985	8.305000000000291	trials	19.0	16934.223527000002	16935.500578	16936.540309	16936.868471	16933.234318	16936.112561	16937.301	16938.29	1.0	1.0	1.0	1.0					
16940.376	29.96900000000096	trials	19.0	16966.36514	16968.38531	16969.936012	16970.442581	16965.575797	16969.382133			1.0	2.0	0.0	3.0					
16973.255	16.80500000000029	trials	19.0	16985.974066	16987.671164	16988.313049	16988.689261	16985.228389	16987.859191	16988.856	16990.06	1.0	2.0	1.0	1.0					
16992.08	11.31499999999869	trials	19.0	16999.194538	17000.978954	17001.641833	17001.826007	16998.484003	17001.223025	17002.301	17003.395	1.0	1.0	1.0	1.0					
17005.341	11.66400000000067	trials	19.0	17012.065517	17013.116342	17014.471376	17014.720253	17011.504844	17014.09369	17015.15	17017.005	1.0	1.0	1.0	1.0					
17019.045	11.92500000000291	trials	19.0	17026.129099	17027.787857	17028.770383	17028.996392	17025.122986	17028.352216	17029.315	17030.97	1.0	1.0	1.0	1.0					
17033.796	10.080000000001746	trials	19.0	17039.319925	17041.242487	17042.277989000002	17042.481745	17038.454966	17041.833331	17042.83	17043.876	1.0	1.0	1.0	1.0					
17047.954	14.545999999998457	trials	19.0	17058.509804	17060.086411	17060.947355	17061.155507	17057.753945	17060.527327	17061.676	17062.5	1.0	1.0	1.0	1.0					
17065.628	10.462999999999738	trials	19.0	17071.915357	17073.730898	17074.488019	17074.683569	17070.913144	17074.111124	17075.055	17076.091	1.0	1.0	1.0	1.0					
17080.11	134.76699999999983	BlockDesign														1.0	649.0	653.0	0.0	0.0
17080.11	5.904999999998836	trials	20.0	17083.26463	17084.836342	17085.548474	17086.113628	17082.440051	17085.130909			1.0	1.0	0.0	3.0					
17088.843	11.343000000000757	trials	20.0	17096.316493	17098.167928	17099.790895	17100.27088	17095.604344	17099.278801			1.0	2.0	0.0	3.0					
17103.106	10.574000000000524	trials	20.0	17109.585175	17110.920097000002	17113.348711	17113.778413	17109.062787	17111.971084			1.0	1.0	0.0	3.0					
17116.76	17.74500000000262	trials	20.0	17131.394186	17132.991518	17134.034344	17134.376792	17130.684148	17133.536962			1.0	2.0	0.0	3.0					
17138.33	76.54699999999866	trials	20.0	17212.075141	17213.788256	17214.8327	17215.362263	17211.112997	17214.342074			1.0	2.0	0.0	3.0					
17218.175	596.5900000000001	BlockDesign														1.0	654.0	683.0	50.0	90.0
17218.175	11.205000000001746	trials	21.0	17225.120363	17226.646378	17227.651325	17227.910417	17224.407737	17227.235944	17228.275	17229.38	1.0	1.0	1.0	1.0					
17233.396	7.993999999998778	trials	21.0	17237.389712	17238.79037	17239.558717	17239.738093	17236.396159	17239.159509	17240.285	17241.39	1.0	1.0	1.0	1.0					
17243.425	18.845000000001164	trials	21.0	17259.550984	17261.082254	17261.953553	17262.260185	17258.959745	17261.549836			1.0	1.0	0.0	3.0					
17266.282	16.773000000001048	trials	21.0	17279.165678	17280.37231	17281.420693	17281.640644	17278.655681	17281.000015999998	17281.95	17283.055	1.0	1.0	1.0	1.0					
17287.075	6.628000000000611	trials	21.0	17290.567148000002	17292.450032	17293.379697	17293.755095	17289.691765	17292.959162			1.0	1.0	0.0	3.0					
17295.631	65.18199999999706	trials	21.0	17356.185413	17358.049874	17358.992807	17359.43957	17355.35462	17358.209605	17359.705	17360.813	1.0	2.0	1.0	1.0					
17362.81	9.219999999997526	trials	21.0	17369.355407	17370.778942	17371.65976	17372.128859	17368.723409	17371.174503000002			1.0	1.0	0.0	3.0					
17374.927	26.852999999999156	trials	21.0	17397.332279000002	17399.12786	17399.828287	17400.1076	17396.351213	17399.296606	17400.395	17401.78	1.0	2.0	1.0	1.0					
17403.681	9.320999999999913	trials	21.0	17409.527289999998	17411.691663999998	17412.67535	17413.057998	17408.921755	17411.63591			1.0	2.0	0.0	3.0					
17417.0	17.06999999999971	trials	21.0	17429.612354	17430.8923	17432.018906	17432.572846	17429.022017	17431.523015	17432.785	17434.07	1.0	2.0	1.0	1.0					
17437.2	12.450000000000728	trials	21.0	17444.902581000002	17446.830201	17447.837636	17448.114743	17444.211853	17447.330917	17448.535	17449.65	1.0	2.0	1.0	1.0					
17452.721	12.47899999999936	trials	21.0	17459.515928	17462.064284	17463.245728	17463.573367	17458.767017	17462.733786	17463.966	17465.2	1.0	2.0	1.0	1.0					
17467.278	10.137000000002445	trials	21.0	17472.661571	17474.558627	17477.007043	17477.510543	17471.842281	17474.546575			1.0		0.0	2.0					
17479.56	34.300999999999476	trials	21.0	17510.701412	17512.578996	17513.565943	17513.914254	17509.761443	17512.816978			1.0	1.0	0.0	3.0					
17515.932	19.62800000000061	trials	21.0	17532.766084	17534.086153	17535.124153	17535.657813	17532.258035	17534.570537			1.0	2.0	0.0	3.0					
17537.455	19.24499999999898	trials	21.0	17551.707541	17553.655852	17554.96297	17555.151715	17550.743629	17554.554593	17555.676	17556.7	1.0	1.0	1.0	1.0					
17559.786	10.519000000000233	trials	21.0	17565.97628	17567.597498	17568.403808	17568.685679000002	17565.305564000002	17567.910797	17569.025	17570.305	1.0	2.0	1.0	1.0					
17572.38	13.045999999998457	trials	21.0	17579.85177	17581.563703	17585.021405	17585.525752	17579.025103	17581.55213			1.0		0.0	2.0					
17587.57	17.900000000001455	trials	21.0	17601.351273	17602.871342	17603.687027	17604.142096	17600.811494	17603.139479	17604.365	17605.47	1.0	2.0	1.0	1.0					
17609.495	14.540000000000873	trials	21.0	17620.072361	17622.053353	17623.508755	17623.588367	17619.565744	17622.050254			1.0		0.0	2.0					
17626.045	16.140000000003056	trials	21.0	17637.617136	17639.678169	17640.591164	17641.084187	17637.00473	17640.193724			1.0	1.0	0.0	3.0					
17643.926	48.318999999999505	trials	21.0	17687.568569	17689.365416	17690.432751	17690.874505	17686.955191	17689.957414	17691.17	17692.245	1.0	2.0	1.0	1.0					
17695.33	11.135999999998603	trials	21.0	17702.46182	17703.938881000002	17704.758394	17704.936307	17701.807767	17704.268959	17705.415	17706.466	1.0	2.0	1.0	1.0					
17709.505	30.215000000000146	trials	21.0	17735.856641	17737.496848	17738.208071	17738.413916	17735.132275	17737.791626	17738.94	17739.72	1.0	1.0	1.0	1.0					
17743.74	11.039999999997235	trials	21.0	17750.137058	17751.578531	17752.755416	17753.161237	17749.542226999998	17752.217218	17753.41	17754.78	1.0	2.0	1.0	1.0					
17757.72	11.465000000000146	trials	21.0	17764.327616	17766.155602	17767.307513	17767.584187	17763.470639	17766.810478	17767.845	17769.185	1.0	2.0	1.0	1.0					
17773.21	7.325000000000728	trials	21.0	17776.30195	17777.779771	17778.599966	17778.913921	17775.650443	17778.082322000002	17779.29	17780.535	1.0	2.0	1.0	1.0					
17783.63	8.594999999997526	trials	21.0	17788.322507	17789.616415	17790.465514	17790.84145	17787.371341	17789.962992	17791.03	17792.225	1.0	2.0	1.0	1.0					
17794.31	9.365999999998166	trials	21.0	17799.136979	17801.013736	17801.786843	17802.018983	17798.345076999998	17801.243896	17802.35	17803.676	1.0	2.0	1.0	1.0					
17806.76	8.005000000001019	trials	21.0	17810.943959	17812.153849000002	17812.879236	17813.182222	17810.186995	17812.39376	17813.505	17814.765	1.0	2.0	1.0	1.0					
17817.785	495.005000000001	BlockDesign														1.0	684.0	706.0	50.0	10.0
17817.785	9.350999999998749	trials	22.0	17823.744524	17825.658568	17826.680809	17827.23389	17823.05327	17826.105431			1.0	2.0	0.0	3.0					
17830.966	11.287000000000262	trials	22.0	17839.087776	17840.99862	17841.885557	17842.348342	17838.511583	17841.412599			1.0	2.0	0.0	3.0					
17845.185	15.615999999998166	trials	22.0	17857.347586	17859.063983	17860.376924	17860.898864	17856.826877	17859.893221			1.0	2.0	0.0	3.0					
17863.705	16.510999999998603	trials	22.0	17875.517709	17877.009404	17878.412657	17878.738122	17874.600922999998	17877.989323	17879.1	17880.216	1.0	1.0	1.0	1.0					
17883.295	6.466000000000349	trials	22.0	17886.802663	17888.219888	17889.446642	17889.796163	17886.244756	17889.006724			1.0	1.0	0.0	3.0					
17892.77	25.3849999999984	trials	22.0	17913.717827	17915.639866999998	17917.847921	17918.253362	17912.72119	17915.63561			1.0		0.0	2.0					
17920.626	8.700000000000728	trials	22.0	17925.597878	17927.207485	17928.419536	17928.712759000002	17924.830854	17927.995195			1.0	1.0	0.0	3.0					
17931.77	21.30500000000029	trials	22.0	17949.44854	17951.531725	17952.705571	17953.173883	17948.746807	17952.323575			1.0	1.0	0.0	3.0					
17955.016	46.91400000000067	trials	22.0	17998.837906	18000.611388	18001.437034	18002.032802	17997.929477	18000.873094			1.0	2.0	0.0	3.0					
18003.7	21.029999999998836	trials	22.0	18020.483095	18021.879934	18022.917995	18023.136055	18019.975531	18022.510759	18023.535	18024.73	1.0	1.0	1.0	1.0					
18028.685	11.609999999996944	trials	22.0	18036.084124	18037.631145	18038.430727	18038.602263	18035.204782	18038.012972	18038.985	18040.295	1.0	1.0	1.0	1.0					
18042.06	20.590000000000146	trials	22.0	18058.868839	18059.978494	18061.052365	18061.291916000002	18057.951675	18060.632998	18061.58	18062.65	1.0	1.0	1.0	1.0					
18064.665	7.479999999999563	trials	22.0	18069.558032	18070.790159	18071.80319	18072.056687	18068.914894	18071.405855			1.0	1.0	0.0	3.0					
18074.051	39.49399999999878	trials	22.0	18110.990102	18112.104163	18112.916158	18113.645417	18110.278227	18112.444717			1.0	2.0	0.0	3.0					
18117.19	28.215000000000146	trials	22.0	18141.405056	18142.808833	18143.728208	18143.929151	18140.835045	18143.36135	18144.386	18145.405	1.0	1.0	1.0	1.0					
18149.29	8.209999999999127	trials	22.0	18152.990171	18154.832091	18155.676760000002	18155.911427	18152.086726	18155.270762	18156.21	18157.5	1.0	1.0	1.0	1.0					
18161.517	7.868999999998778	trials	22.0	18165.438815	18166.532009	18167.80256	18168.017573	18164.485589	18167.410187	18168.42	18169.386	1.0	1.0	1.0	1.0					
18173.435	10.849999999998545	trials	22.0	18179.478269	18181.067706	18182.348733	18182.564155	18178.569487	18181.909265000002	18183.051	18184.285	1.0	1.0	1.0	1.0					
18186.325	12.965000000000146	trials	22.0	18195.93386	18197.500637	18199.056923	18199.29698	18194.979905	18198.62315			1.0	1.0	0.0	3.0					
18203.361	18.554000000000087	trials	22.0	18218.829428	18220.131518000002	18221.442428000002	18222.017762	18218.007442000002	18220.783439			1.0	2.0	0.0	3.0					
18225.813	34.14200000000346	trials	22.0	18255.269492	18256.690628	18258.940607	18259.153769	18254.708243	18258.510985			1.0	1.0	1.0	1.0					
18263.466	23.35399999999936	trials	22.0	18281.969237	18283.935632	18285.188159	18285.40498	18281.344671	18284.797007	18285.841	18286.82	1.0	1.0	1.0	1.0					
18288.909	23.881000000001222	trials	22.0	18308.33906	18310.157649	18311.1418	18311.348416	18307.549996	18310.732916	18311.66	18312.79	1.0	1.0	1.0	1.0					
18314.856	356.5699999999997	BlockDesign														1.0	707.0	726.0	50.0	0.0
18314.856	14.78900000000067	trials	23.0	18325.464355	18327.060551	18327.861776	18328.135501	18324.780911	18327.475870000002	18328.407	18329.645	2.0	1.0	1.0	1.0					
18331.739	10.245999999999185	trials	23.0	18339.619351	18340.775	18341.6685	18342.065213	18339.05423	18341.260441			2.0	1.0	0.0	3.0					
18345.99	10.975999999998749	trials	23.0	18353.75947	18354.88298	18356.642755	18357.057939	18352.85067	18356.174473			2.0	1.0	0.0	3.0					
18360.035	18.799999999999272	trials	23.0	18373.590076	18375.486448	18377.042352	18377.276763	18372.911902	18376.552314	18377.57	18378.835	2.0	1.0	1.0	1.0					
18381.993	9.947000000000116	trials	23.0	18387.689676	18389.233365	18390.079382	18390.481449000003	18387.161797	18389.654472000002	18390.755	18391.94	2.0	1.0	1.0	1.0					
18393.97	12.020000000000437	trials	23.0	18401.675043000003	18402.986522000003	18404.387049	18404.641229	18400.764755	18403.946332	18405.035	18405.99	2.0	1.0	1.0	1.0					
18410.082	14.462999999999738	trials	23.0	18422.36521	18423.39225	18424.287815	18424.634523	18421.425886	18423.862705			2.0	1.0	0.0	3.0					
18426.63	25.18999999999869	trials	23.0	18447.720145000003	18449.32198	18451.496977000003	18451.906534	18447.074264000003	18451.081588			2.0	1.0	0.0	3.0					
18453.901	16.588999999999942	trials	23.0	18467.740164000003	18469.198314	18470.084409000003	18470.294283000003	18467.006845	18469.64136			2.0	1.0	0.0	3.0					
18472.474	22.846000000001368	trials	23.0	18491.541064	18492.662764	18493.725409000002	18493.972504	18490.60063	18493.294146	18494.36	18495.32	2.0	1.0	1.0	1.0					
18498.341	9.644000000000233	trials	23.0	18503.695224000003	18506.088823000002	18506.889085000003	18507.147048000003	18502.752714000002	18506.483169000003			2.0	1.0	1.0	1.0					
18512.44	11.795000000001892	trials	23.0	18521.435839	18522.853527000003	18523.93689	18524.327698	18520.660212000003	18523.513936000003			2.0	1.0	0.0	3.0					
18528.245	26.76599999999962	trials	23.0	18550.537518	18551.918616000003	18553.330287	18553.548898	18549.954439	18552.892056	18554.11	18555.011	2.0	1.0	1.0	1.0					
18557.13	10.878000000000611	trials	23.0	18564.770828	18566.52505	18567.639924000003	18568.045018	18564.2605	18567.204135			2.0	1.0	0.0	3.0					
18569.953	18.026999999998225	trials	23.0	18583.787169000003	18585.527521	18586.308967	18586.47063	18583.120591000003	18585.869226000003	18586.94	18587.98	2.0	1.0	1.0	1.0					
18591.051	6.604999999999563	trials	23.0	18594.560715	18596.175178	18597.365623	18597.759907	18593.822095	18596.956005			2.0	1.0	0.0	3.0					
18601.615	17.47399999999834	trials	23.0	18615.03025	18617.003223	18618.073701	18618.281395	18614.343162	18617.662671000002			2.0	1.0	1.0	1.0					
18622.581	9.659000000003289	trials	23.0	18629.600986	18630.613293000002	18631.951167000003	18632.299589000002	18628.827627000002	18631.516683			2.0	1.0	0.0	3.0					
18634.312	27.7029999999977	trials	23.0	18657.391468	18658.958410000003	18660.339667	18660.525457	18656.8417	18659.874802000002	18660.895	18662.015	2.0	1.0	1.0	1.0					
18664.04	7.385999999998603	trials	23.0	18668.586276	18670.222957	18671.210567000002	18671.533901000003	18668.039455000002	18670.78267			2.0	1.0	0.0	3.0					
18673.525	1052.1800000000003	BlockDesign														1.0	727.0	765.0	0.0	50.0
18673.525	22.65099999999802	trials	24.0	18692.561016	18694.277729	18694.807737000003	18695.245715	18692.015909	18694.268874			3.0		0.0	2.0					
18698.257	19.72399999999834	trials	24.0	18715.12292	18716.682801000003	18717.582492	18718.087179000002	18714.545028	18717.080517000002			3.0	2.0	0.0	3.0					
18720.827	93.29799999999886	trials	24.0	18809.740903	18811.112637000002	18812.268619000002	18812.705803	18808.874356	18811.779612000002	18812.761	18814.125	3.0	2.0	1.0	1.0					
18818.16	8.279999999998836	trials	24.0	18821.676439000003	18823.369072	18824.365477000003	18824.747532	18821.163028000003	18823.775593000002	18825.285	18826.44	3.0	2.0	1.0	1.0					
18828.46	12.020000000000437	trials	24.0	18837.457225000002	18839.092062	18839.992323000002	18840.586317	18836.599276	18839.433094			3.0	2.0	0.0	3.0					
18844.301	19.010000000002037	trials	24.0	18860.553003	18861.862839	18862.905192000002	18863.419706	18859.859419	18862.434601			3.0	2.0	0.0	3.0					
18865.301	30.929000000000087	trials	24.0	18891.570414	18893.253684000003	18894.183553000003	18894.483201000003	18890.796851000003	18893.704888	18894.875	18896.23	3.0	2.0	1.0	1.0					
18899.25	19.540000000000873	trials	24.0	18915.721668000002	18917.639091	18918.473830000003	18918.853234000002	18915.161401	18918.041997			3.0	1.0	0.0	3.0					
18920.871	16.15400000000227	trials	24.0	18932.356866000002	18934.034478	18935.104962	18935.488769	18931.47402	18934.570914	18935.68	18937.025	3.0	2.0	1.0	1.0					
18940.051	13.165000000000873	trials	24.0	18950.163245	18951.963796	18952.807773	18953.322343	18949.33841	18952.317138000002			3.0	2.0	0.0	3.0					
18955.183	18.617999999998574	trials	24.0	18971.152039	18972.686899	18973.535532	18973.912764	18970.340829	18973.121446			3.0	1.0	0.0	3.0					
18977.861	23.463999999999942	trials	24.0	18998.39242	19000.239495	19001.012571000003	19001.385937000003	18997.664632	19000.526082			3.0	1.0	0.0	3.0					
19003.335	21.955000000001746	trials	24.0	19021.897132000002	19023.839962000002	19024.802824000002	19025.398076	19021.260798000003	19024.272879			3.0	2.0	0.0	3.0					
19027.129	18.195999999999913	trials	24.0	19042.554654	19044.414882	19045.06963	19045.281063000002	19041.591774	19044.563423			3.0	1.0	0.0	3.0					
19048.405	26.850000000002183	trials	24.0	19070.366877	19072.378217	19073.350408000002	19073.7337	19069.722202	19072.860862	19074.055	19075.255	3.0	2.0	1.0	1.0					
19079.41	45.99499999999898	trials	24.0	19122.282105000002	19124.141337	19124.813644	19125.512256	19121.328903	19124.265596			3.0	2.0	0.0	3.0					
19128.146	16.148999999997613	trials	24.0	19141.772208000002	19143.04046	19144.010002000003	19144.402509	19140.763672	19143.518117			3.0	1.0	0.0	3.0					
19146.19	27.02600000000166	trials	24.0	19170.303927	19171.834741000002	19172.655365000002	19173.323623	19169.487385	19172.142578000003			3.0	2.0	0.0	3.0					
19176.971	26.693999999999505	trials	24.0	19200.477516000003	19202.244376000002	19203.274161	19203.77326	19199.780661	19202.814597			3.0	1.0	0.0	3.0					
19205.58	42.57999999999811	trials	24.0	19245.482610000003	19246.989436	19247.792785	19248.271856000003	19244.654223	19247.319310000003			3.0	2.0	0.0	3.0					
19250.065	22.104999999999563	trials	24.0	19267.572897000002	19269.504828	19270.268524000003	19270.591347	19266.687711000002	19269.750681	19270.905	19272.17	3.0	2.0	1.0	1.0					
19274.253	45.901999999998225	trials	24.0	19317.213325	19318.790296000003	19319.902402	19320.231551	19316.576059000003	19319.486025000002			3.0	1.0	0.0	3.0					
19324.19	19.085000000002765	trials	24.0	19340.374835000002	19342.019238	19343.02417	19343.374332	19339.651582000002	19342.586082			3.0	1.0	0.0	3.0					
19346.355	13.084999999999127	trials	24.0	19356.389701	19358.278485000003	19358.981985000002	19359.549241	19355.462239	19358.186731			3.0	2.0	0.0	3.0					
19361.315	22.43500000000131	trials	24.0	19379.584279000002	19381.225567	19381.912318000002	19382.177841	19378.819951	19381.426605	19382.591	19383.75	3.0	2.0	1.0	1.0					
19387.812	28.3179999999993	trials	24.0	19411.863457	19413.568081	19414.05454	19414.447317000002	19410.995773000002	19413.534139000003	19414.636	19416.13	3.0	2.0	1.0	1.0					
19418.15	23.840000000000146	trials	24.0	19439.017794	19440.791703000003	19441.509757	19442.098830000003	19438.178827	19440.964777			3.0	2.0	0.0	3.0					
19444.81	13.502000000000407	trials	24.0	19455.148921	19457.206549000002	19457.939082	19458.380680000002	19454.493126	19457.165709			3.0	2.0	0.0	3.0					
19462.326	22.254000000000815	trials	24.0	19482.393208	19483.567651	19484.329866	19484.604252	19481.472691000003	19483.822527			3.0	2.0	0.0	3.0					
19486.591	15.144000000000233	trials	24.0	19498.818411	19500.371958	19501.408659	19501.845298	19498.026574000003	19500.742975			3.0	2.0	0.0	3.0					
19503.655	20.01599999999962	trials	24.0	19520.558862	19522.070365	19523.292703000003	19523.763154	19519.657899	19522.624432			3.0	1.0	0.0	3.0					
19526.671	20.54500000000189	trials	24.0	19543.174509	19544.805711	19545.564612000002	19545.922995	19542.336483000003	19544.976339	19546.15	19547.216	3.0	2.0	1.0	1.0					
19550.235	23.165000000000873	trials	24.0	19570.653931	19572.289023	19573.007676	19573.490896000003	19570.083496000003	19572.475560000003			3.0	2.0	0.0	3.0					
19575.315	14.026000000001659	trials	24.0	19586.456025	19587.980937	19589.033617	19589.408313	19585.896971000002	19588.610593			3.0	1.0	0.0	3.0					
19591.35	27.50500000000102	trials	24.0	19614.769408	19616.365087000002	19617.039873	19617.342781	19613.804272	19616.538748000003	19617.686	19618.855	3.0	2.0	1.0	1.0					
19622.97	16.360000000000582	trials	24.0	19634.839849	19636.301236000003	19637.388945000002	19637.684988	19634.141359	19636.866174000003	19637.955	19639.33	3.0	2.0	1.0	1.0					
19641.35	12.965000000000146	trials	24.0	19649.854408000003	19651.551483000003	19652.394220000002	19652.705833	19649.005759	19651.859272	19653.011	19654.315	3.0	2.0	1.0	1.0					
19658.365	24.424999999999272	trials	24.0	19680.073966	19681.641729000003	19682.271781000003	19682.902222	19679.326810000002	19681.756070000003			3.0	2.0	0.0	3.0					
19684.565	41.140000000003056	trials	24.0	19723.709949	19724.757349	19725.694908	19726.33046	19722.871702	19725.193752000003			3.0	2.0	0.0	3.0					
19729.1	274.2410000000018	BlockDesign														0.0	766.0	774.0	50.0	50.0
19729.1	25.135000000002037	trials	25.0	19750.619593000003	19752.476708000002	19753.515	19754.345884000002	19749.706099000003	19753.107867000002			2.0	1.0	0.0	3.0					
19757.826	47.73400000000038	trials	25.0	19801.650058000003	19803.576636			19801.007305000003	19803.572731			3.0		0.0	2.0					
19808.58	30.87999999999738	trials	25.0	19835.015991	19836.757095	19837.702357000002	19838.047842	19834.475478	19837.24527	19838.355	19839.46	2.0	1.0	1.0	1.0					
19841.551	13.90400000000227	trials	25.0	19850.840272	19851.9514	19853.689514	19853.9275	19850.048158	19853.228592	19854.216	19855.455	2.0	1.0	1.0	1.0					
19857.551	12.257000000001426	trials	25.0	19866.920836	19868.267014	19869.494674	19869.872011	19866.321019000003	19869.009886			2.0	1.0	0.0	3.0					
19873.74	21.935999999997875	trials	25.0	19893.10066	19894.246924000003	19895.152822	19895.785302	19892.396263000002	19894.651662			3.0	2.0	0.0	3.0					
19897.479	24.67000000000189	trials	25.0	19919.425648	19920.897328000003	19921.827874000002	19922.258944	19918.495428000002	19921.307851			3.0	1.0	0.0	3.0					
19925.08	57.93499999999767	trials	25.0	19978.627143	19980.257562000003	19981.071806	19981.463339	19977.692974	19980.520767	19981.716	19983.015	3.0	2.0	1.0	1.0					
19985.062	18.278999999998632	trials	25.0	19998.710964	20000.123245000002	20001.129438	20001.587917	19997.74238	20000.561017	20001.636	20003.341	3.0	2.0	1.0	1.0					
