onset	duration	nwb_table	block	tone_on_time	tone_off_time	action_on_time	action_off_time	pokeC_on_time	pokeC_off_time	reward_on_time	reward_off_time	state	action	reward	result	FinishedBlock	FirstTrial	LastTrial	RewardRule_L	RewardRule_R
4.749	561.946	BlockDesign														1.0	1.0	23.0	50.0	0.0
4.749	15.386000000000003	trials	1.0	16.986198	18.491444	19.420173	20.204693	16.240696999999997	18.808641			2.0	1.0	0.0	3.0					
21.75	18.155	trials	1.0	36.155048	37.371542	38.236052	38.674346	35.243469000000005	37.706407	38.951	39.905	2.0	1.0	1.0	1.0					
41.951	30.529000000000003	trials	1.0	67.919825	69.844467	70.859265	71.340102	67.28333	70.244587	71.5	72.48	2.0	1.0	1.0	1.0					
75.545	11.685000000000002	trials	1.0	83.964819	85.455411	86.368403	87.299949	83.343215	85.744196			2.0	1.0	0.0	3.0					
88.63	19.210000000000008	trials	1.0	104.495177	106.396778	107.349887	107.912049	103.582773	106.768122			2.0	1.0	0.0	3.0					
111.685	16.544999999999987	trials	1.0	125.059719	126.646394	127.780548	128.303256	124.491311	127.037567			2.0	1.0	0.0	3.0					
130.175	23.839999999999975	trials	1.0	149.47486700000002	150.82642299999998	151.909716	152.30447900000001	148.64522399999998	151.345217	152.576	154.015	2.0	1.0	1.0	1.0					
157.1	20.694999999999993	trials	1.0	174.139856	175.290888	176.22215599999998	176.629503	173.39159999999998	175.63768800000003	177.036	177.795	2.0	1.0	1.0	1.0					
179.811	14.008999999999986	trials	1.0	190.616036	191.84672999999998	192.80981000000003	193.893485	189.650889	192.193418			2.0	2.0	0.0	3.0					
197.071	10.855999999999995	trials	1.0	203.520078	205.305632	206.15187600000002	206.59088300000002	202.642094	205.54999800000002	206.77	207.927	2.0	1.0	1.0	1.0					
209.991	17.188999999999993	trials	1.0	223.790522	225.63674099999997	226.52015	227.25098100000002	222.84821899999997	225.79773799999998			2.0	1.0	0.0	3.0					
229.86	8.934999999999974	trials	1.0	234.781088	236.80134600000002	237.86478	238.869551	233.98468400000002	237.22475100000003			2.0	1.0	0.0	3.0					
240.21	24.366000000000014	trials	1.0	261.76038500000004	262.980417	263.842443	264.645455	261.016538	263.265237			2.0	1.0	0.0	3.0					
266.153	20.286999999999978	trials	1.0	282.165819	283.911069	285.61661300000003	286.51387800000003	281.225946	283.846635			2.0	2.0	0.0	3.0					
289.963	25.04499999999996	trials	1.0	310.555592	312.601688	313.487141	313.866168	309.780849	312.60350600000004	314.161	315.008	2.0	1.0	1.0	1.0					
318.096	25.454000000000008	trials	1.0	339.520662	340.769409	341.839249	342.220434	338.980141	341.200309	342.485	343.55	2.0	1.0	1.0	1.0					
346.573	16.826999999999998	trials	1.0	358.91600700000004	360.652661	361.60057	362.047008	358.341156	361.00363100000004	362.366	363.4	2.0	1.0	1.0	1.0					
365.492	84.834	trials	1.0	448.334895	448.34317400000003			447.800594				2.0		0.0	2.0					
454.411	40.399	trials	1.0	492.03641400000004	492.872795			491.10965	492.86442600000004			2.0		0.0	2.0					
496.841	10.248999999999967	trials	1.0	503.612643	505.259874	506.603073	507.161274	502.79127900000003	505.898865			2.0	1.0	0.0	3.0					
510.931	12.891999999999996	trials	1.0	520.471092	521.879499			519.503697	521.868437			2.0		0.0	2.0					
525.835	18.809999999999945	trials	1.0	541.476131	543.1439300000001	544.047767	544.716507	540.857706	543.461208			2.0	2.0	0.0	3.0					
546.295	20.40000000000009	trials	1.0	562.346344	563.873542	564.939588	565.3112610000001	561.793525	564.246944	565.536	566.695	2.0	1.0	1.0	1.0					
568.743	684.2419999999998	BlockDesign														1.0	24.0	60.0	0.0	50.0
568.743	8.16199999999992	trials	2.0	572.0516210000001	573.801662	574.9165810000001	575.201093	571.497018	574.301912	575.52	576.905	3.0	2.0	1.0	1.0					
578.925	7.965000000000032	trials	2.0	583.3272450000001	585.048281	586.0789120000001	586.961831	582.797246	585.422603			3.0	1.0	0.0	3.0					
589.335	14.684999999999945	trials	2.0	599.740547	600.81332	602.027247	602.386473	598.973579	601.391112	602.62	604.02	3.0	2.0	1.0	1.0					
608.04	13.504999999999995	trials	2.0	615.7965810000001	617.444985	620.2019740000001	621.6167790000001	615.1464990000001	617.440698			3.0		0.0	2.0					
622.525	18.20500000000004	trials	2.0	635.961804	637.3648880000001	638.7323	639.046845	635.1758130000001	637.77174	639.375	640.73	3.0	2.0	1.0	1.0					
644.621	7.014999999999986	trials	2.0	647.926998	649.673301	650.430547	651.711044	647.361636	649.777254			3.0	2.0	0.0	3.0					
652.701	18.504999999999995	trials	2.0	667.0616	669.115396	670.047995	671.279412	666.4084740000001	669.433059			3.0	2.0	0.0	3.0					
672.445	15.980999999999995	trials	2.0	685.09199	686.670148	687.648372	688.501673	684.423692	687.028213			3.0	1.0	0.0	3.0					
689.92	18.004999999999995	trials	2.0	704.497037	706.092663	707.318478	708.001332	703.899489	706.516748			3.0	1.0	0.0	3.0					
711.724	11.810999999999922	trials	2.0	720.117426	721.599602	722.3686680000001	722.795568	719.257196	721.592814			3.0		0.0	2.0					
726.545	22.245000000000005	trials	2.0	745.851852	746.979326	747.96701	748.863139	745.035626	747.354527			3.0	1.0	0.0	3.0					
750.17	15.440000000000055	trials	2.0	761.903696	763.063605	764.3389500000001	765.684204	760.9287400000001	763.644491			3.0	2.0	0.0	3.0					
766.667	29.868999999999915	trials	2.0	792.287903	793.48536	794.581158	794.861777	791.602878	793.961921	795.26	796.536	3.0	2.0	1.0	1.0					
799.55	9.48599999999999	trials	2.0	806.022357	807.509105	808.579054	809.112078	805.097968	807.857576			3.0	1.0	0.0	3.0					
812.95	13.93999999999994	trials	2.0	822.272069	823.794652	825.199026	825.571755	821.361234	824.4549010000001	825.826	826.89	3.0	2.0	1.0	1.0					
828.981	11.17999999999995	trials	2.0	836.568967	837.853607	838.7494810000001	840.23742	836.031746	838.142066			3.0	2.0	0.0	3.0					
841.143	22.697000000000003	trials	2.0	859.279059	860.969567	862.121919	862.479011	858.567464	861.504828	862.786	863.84	3.0	2.0	1.0	1.0					
867.928	10.277000000000044	trials	2.0	874.788197	875.829752	877.137146	878.282055	874.211723	876.485453			3.0	2.0	0.0	3.0					
879.39	6.669999999999959	trials	2.0	881.797778	883.60466	884.4268950000001	884.862723	881.283057	883.843085	885.105	886.06	3.0	2.0	1.0	1.0					
889.155	9.440000000000055	trials	2.0	894.422732	896.416473	898.191836	898.62815	893.6900860000001	896.890769			3.0	1.0	0.0	3.0					
902.591	13.073999999999955	trials	2.0	912.23937	913.813257	914.763686	915.7414650000001	911.321244	914.140574			3.0	2.0	0.0	3.0					
917.03	19.42100000000005	trials	2.0	932.452905	934.188726	935.3267930000001	936.523896	931.813118	934.743721			3.0	2.0	0.0	3.0					
938.636	20.278999999999996	trials	2.0	955.038183	957.01611	958.2226410000001	958.991739	954.04922	956.961786			3.0	1.0	0.0	3.0					
960.515	17.754999999999995	trials	2.0	973.913274	975.228708	976.304705	976.692179	973.331534	975.703457	976.855	978.27	3.0	2.0	1.0	1.0					
980.31	17.925000000000068	trials	2.0	995.3233740000001	996.912317	997.595765	998.308254	994.618928	997.041744			3.0	2.0	0.0	3.0					
1001.966	16.838999999999942	trials	2.0	1014.972728	1016.6485230000001	1017.84336	1018.879998	1014.325322	1017.239628			3.0	2.0	0.0	3.0					
1021.105	13.25	trials	2.0	1031.0782499999998	1032.7345149999999	1033.6614809999999	1034.430189	1030.334833	1033.0710359999998			3.0	1.0	0.0	3.0					
1036.07	19.381000000000085	trials	2.0	1051.0385809999998	1052.8403839999999	1053.5679	1054.0265259999999	1050.063684	1052.8911329999999	1054.245	1055.451	3.0	2.0	1.0	1.0					
1057.485	22.710000000000036	trials	2.0	1077.0435599999998	1078.260501	1078.8710389999999	1079.1298279999999	1076.0722159999998	1078.24905			3.0		0.0	2.0					
1083.214	21.480999999999995	trials	2.0	1101.833688	1103.065242	1103.996577	1104.7719169999998	1100.8752929999998	1103.4269359999998			3.0	1.0	0.0	3.0					
1106.331	19.009000000000015	trials	2.0	1122.208893	1123.355044	1123.8902269999999	1124.196951	1121.360274	1123.3514699999998			3.0		0.0	2.0					
1129.416	12.94399999999996	trials	2.0	1138.8688129999998	1140.3666119999998			1138.270329	1140.3633559999998			3.0		0.0	2.0					
1146.37	14.930000000000064	trials	2.0	1157.2085479999998	1158.8465039999999	1159.6947109999999	1160.0229539999998	1156.5349999999999	1159.205599	1160.47	1161.3	3.0	2.0	1.0	1.0					
1164.375	24.375	trials	2.0	1185.194976	1187.01769	1187.720355	1188.8240509999998	1184.355797	1187.066007			3.0	2.0	0.0	3.0					
1190.075	15.3599999999999	trials	2.0	1202.398446	1204.0056029999998	1204.888131	1205.512757	1201.595954	1204.343009			3.0	2.0	0.0	3.0					
1207.15	23.36500000000001	trials	2.0	1226.964581	1228.200879	1229.0272699999998	1229.4234259999998	1226.0506149999999	1228.5393119999999	1229.625	1230.515	3.0	2.0	1.0	1.0					
1232.536	20.44899999999984	trials	2.0	1250.36916	1251.8259659999999	1252.974548	1254.2764459999999	1249.4969409999999	1252.316241			3.0	2.0	0.0	3.0					
1257.32	892.825	BlockDesign														1.0	61.0	105.0	50.0	50.0
1257.32	11.924999999999955	trials	3.0	1265.2992	1266.755682	1267.6882079999998	1268.1073399999998	1264.5597329999998	1267.121565	1268.326	1269.245	3.0	2.0	1.0	1.0					
1271.386	20.894000000000005	trials	3.0	1288.8654809999998	1290.140682	1291.130986	1292.354562	1288.3035499999999	1290.6048389999999			3.0	2.0	0.0	3.0					
1294.511	21.624000000000024	trials	3.0	1310.0900009999998	1312.1104019999998	1312.9500409999998	1313.683881	1309.495301	1312.404744			2.0	1.0	0.0	3.0					
1317.211	18.169000000000096	trials	3.0	1332.6604009999999	1334.034986	1334.885378	1335.4561319999998	1331.7886669999998	1334.3568269999998			2.0	1.0	0.0	3.0					
1337.25	19.576000000000022	trials	3.0	1353.2845739999998	1354.51236	1355.229827	1355.672504	1352.388321	1354.7018449999998	1355.86	1356.826	2.0	1.0	1.0	1.0					
1358.88	14.019999999999982	trials	3.0	1369.769034	1371.191466	1371.867411	1372.9776539999998	1368.834512	1371.229374			3.0	2.0	0.0	3.0					
1375.185	17.103000000000065	trials	3.0	1387.954468	1389.126349	1390.7201209999998	1391.1063749999998	1386.9662959999998	1389.590084	1380.08	1392.288	2.0	1.0	1.0	1.0					
1395.417	23.76800000000003	trials	3.0	1414.934088	1416.009726	1417.153026	1417.621733	1414.4083489999998	1416.6532789999999	1417.705	1419.185	3.0	2.0	1.0	1.0					
1421.261	8.249000000000024	trials	3.0	1425.869624	1427.805404	1428.937031	1429.5855	1424.935301	1428.3352639999998			2.0	2.0	0.0	3.0					
1432.19	9.760999999999967	trials	3.0	1438.4745739999998	1440.428085	1441.2267669999999	1442.0282149999998	1437.7231199999999	1440.691689			2.0	1.0	0.0	3.0					
1444.545	14.384999999999991	trials	3.0	1454.869906	1456.296269	1457.132615	1457.566188	1453.87646	1456.585754	1457.82	1458.93	3.0	2.0	1.0	1.0					
1460.966	17.379000000000133	trials	3.0	1474.974288	1476.6485839999998	1477.51281	1478.4209039999998	1474.3416089999998	1477.0419889999998			3.0	2.0	0.0	3.0					
1479.85	17.110000000000127	trials	3.0	1493.370174	1494.540597	1495.3647059999998	1495.7940299999998	1492.683627	1494.7898519999999	1495.951	1496.96	2.0	1.0	1.0	1.0					
1500.98	7.785000000000082	trials	3.0	1505.0149849999998	1506.2964169999998	1507.546097	1508.8419979999999	1504.217529	1506.9386909999998			3.0	2.0	0.0	3.0					
1511.87	34.76000000000022	trials	3.0	1542.5449729999998	1543.9118119999998	1545.051978	1545.376509	1541.541374	1544.476964	1545.61	1546.63	3.0	2.0	1.0	1.0					
1549.725	20.00500000000011	trials	3.0	1564.6254689999998	1566.629598	1568.07632	1568.5288529999998	1564.039086	1567.063013	1568.835	1569.73	2.0	1.0	1.0	1.0					
1572.711	19.213999999999942	trials	3.0	1587.550401	1589.226765	1590.1313759999998	1592.0030749999999	1586.88582	1589.2220089999998			3.0		0.0	2.0					
1595.275	15.909999999999854	trials	3.0	1607.8448899999999	1609.7359789999998	1610.568971	1611.2634739999999	1607.166941	1610.046813			3.0	2.0	0.0	3.0					
1613.902	15.407999999999902	trials	3.0	1626.108321	1627.1886479999998	1628.622717	1629.3894329999998	1625.565874	1628.05352			3.0	1.0	0.0	3.0					
1630.921	19.24000000000001	trials	3.0	1645.3998419999998	1647.230562	1648.336498	1648.7635739999998	1644.4779299999998	1647.832974	1649.01	1650.161	2.0	1.0	1.0	1.0					
1654.246	19.22499999999991	trials	3.0	1669.6097419999999	1671.462063	1672.421062	1672.892958	1668.851088	1671.8146499999998			2.0	1.0	1.0	1.0					
1676.04	23.460000000000036	trials	3.0	1695.9555659999999	1697.8725439999998	1698.692415	1699.57665	1695.393903	1698.130592			2.0	1.0	0.0	3.0					
1700.951	14.57400000000007	trials	3.0	1712.564974	1714.0601519999998	1714.954519	1715.6024479999999	1711.8909649999998	1714.3951069999998			3.0	2.0	0.0	3.0					
1718.331	19.764000000000124	trials	3.0	1735.1610859999998	1736.6288809999999	1737.447596	1738.1713379999999	1734.330839	1736.873377			2.0	1.0	0.0	3.0					
1739.765	14.895999999999958	trials	3.0	1750.8600239999998	1752.2192929999999	1753.0642639999999	1753.506909	1749.877305	1752.4642549999999	1753.72	1754.661	2.0	1.0	1.0	1.0					
1756.749	16.701999999999998	trials	3.0	1769.9509289999999	1771.7384749999999	1772.859972	1773.527243	1769.322084	1772.2842779999999			3.0	2.0	0.0	3.0					
1776.17	10.615999999999985	trials	3.0	1783.065725	1785.1091869999998	1786.0258019999999	1786.861113	1782.209952	1785.4790639999999			3.0	1.0	0.0	3.0					
1790.41	15.059999999999945	trials	3.0	1801.492065	1802.8955099999998	1803.7180349999999	1804.1469149999998	1800.5064289999998	1803.171903	1804.455	1805.47	2.0	1.0	1.0	1.0					
1808.554	20.711000000000013	trials	3.0	1825.331019	1826.7134449999999	1827.7028489999998	1827.9492169999999	1824.513227	1826.842412	1828.275	1829.265	3.0	2.0	1.0	1.0					
1831.405	18.11500000000001	trials	3.0	1846.242423	1847.8732229999998	1848.90746	1849.597182	1845.57197	1848.1925219999998			2.0	1.0	0.0	3.0					
1853.185	11.590000000000146	trials	3.0	1860.9660869999998	1863.035316	1864.209604	1864.850726	1860.2330539999998	1863.5481479999999			2.0	1.0	0.0	3.0					
1867.533	12.357000000000198	trials	3.0	1874.551413	1876.222887			1873.7433389999999	1876.2169399999998			3.0		0.0	2.0					
1880.252	22.438000000000102	trials	3.0	1898.621577	1900.2645929999999	1901.0737889999998	1901.5342759999999	1898.0585999999998	1900.5159119999998	1901.675	1902.69	2.0	1.0	1.0	1.0					
1905.811	23.20400000000018	trials	3.0	1924.4408369999999	1925.750787	1926.705321	1928.2926929999999	1923.8570989999998	1926.185559			3.0	2.0	0.0	3.0					
1930.005	17.906999999999925	trials	3.0	1944.0327359999999	1945.9138289999999			1943.02143	1945.896677			3.0		0.0	2.0					
1951.991	15.0	trials	3.0	1964.061203	1965.4856	1966.297728	1967.0671739999998	1963.0572829999999	1965.803181			2.0	1.0	0.0	3.0					
1970.61	14.915000000000191	trials	3.0	1980.941163	1982.742599	1984.882651	1985.601183	1980.1182629999998	1982.732213			2.0		0.0	2.0					
1986.68	24.8599999999999	trials	3.0	2007.856131	2008.8981769999998	2009.976809	2010.403431	2006.8899079999999	2009.3152639999998	2010.625	2011.54	2.0	1.0	1.0	1.0					
2013.56	19.674999999999955	trials	3.0	2029.303062	2030.703902	2031.3678559999998	2031.717708	2028.3483689999998	2030.7740959999999	2032.14	2033.235	3.0	2.0	1.0	1.0					
2036.155	9.79600000000005	trials	3.0	2042.180199	2044.024628	2044.939332	2044.960944	2041.509069	2044.0213039999999			3.0		0.0	2.0					
2049.964	15.041999999999916	trials	3.0	2061.9314950000003	2063.563853	2064.457202	2065.0870950000003	2061.3475940000003	2063.89647			3.0	1.0	0.0	3.0					
2067.71	19.451000000000022	trials	3.0	2084.256977	2085.3973570000003	2086.6724750000003	2087.24228	2083.415484	2086.1142290000003			3.0	1.0	0.0	3.0					
2089.11	18.05099999999993	trials	3.0	2103.0969330000003	2105.043827	2105.992935	2106.5070680000003	2102.492108	2105.441562			2.0	1.0	0.0	3.0					
2108.241	16.134000000000015	trials	3.0	2121.4971880000003	2122.7588060000003	2123.746772	2124.4521640000003	2120.7233	2123.185359			3.0	2.0	0.0	3.0					
2126.005	24.139999999999873	trials	3.0	2145.682482	2147.683677	2148.606726	2148.990233	2144.7411730000003	2148.0551250000003	2149.305	2150.145	3.0	2.0	1.0	1.0					
2153.185	86.91200000000026	BlockDesign														1.0	106.0	110.0	0.0	0.0
2153.185	17.00500000000011	trials	4.0	2166.448893	2168.167043	2169.286203	2170.268883	2165.5954500000003	2168.6377930000003			2.0	1.0	0.0	3.0					
2173.542	11.193000000000211	trials	4.0	2181.467303	2182.575228	2184.094118	2184.814473	2180.681274	2183.508287			2.0	1.0	0.0	3.0					
2188.417	18.034000000000106	trials	4.0	2203.052663	2205.087978	2205.966057	2206.527869	2202.4518860000003	2205.3607730000003			2.0	1.0	0.0	3.0					
2210.286	15.704999999999927	trials	4.0	2222.9624550000003	2224.402356	2225.542755	2226.0709030000003	2222.318595	2224.8560930000003			2.0	1.0	0.0	3.0					
2228.856	11.240999999999985	trials	4.0	2237.252853	2239.019514	2240.0439810000003	2240.669859	2236.6568580000003	2239.4844120000002			2.0	2.0	0.0	3.0					
2244.464	116.07500000000027	BlockDesign														1.0	111.0	116.0	0.0	0.0
2244.464	11.73700000000008	trials	5.0	2252.2841470000003	2254.2202970000003	2255.2454620000003	2255.7401600000003	2251.592219	2254.2104520000003			3.0		0.0	2.0					
2260.293	14.976999999999862	trials	5.0	2271.682389	2273.707875	2274.3180150000003	2275.3482	2270.835042	2273.7787430000003			3.0	2.0	0.0	3.0					
2278.658	25.73700000000008	trials	5.0	2301.1874970000003	2302.5407840000003	2303.669375	2304.472335	2300.507654	2303.15634			3.0	2.0	0.0	3.0					
2306.985	12.458000000000084	trials	5.0	2315.284529	2316.9643300000002	2318.33027	2319.5238090000003	2314.687575	2317.764278			3.0	2.0	0.0	3.0					
2322.665	20.894999999999982	trials	5.0	2340.5029710000003	2342.04525	2342.9900620000003	2343.638961	2339.882982	2342.431157			3.0	2.0	0.0	3.0					
2346.375	14.164000000000215	trials	5.0	2357.777454	2359.5851500000003	2360.5211050000003	2361.377088	2356.840964	2359.936502			3.0	2.0	0.0	3.0					
2364.86	711.5799999999999	BlockDesign														1.0	117.0	158.0	50.0	50.0
2364.86	12.730000000000018	trials	6.0	2374.534719	2376.1945140000003	2377.048245	2377.672607	2373.9859530000003	2376.535567			2.0	1.0	0.0	3.0					
2379.362	18.342999999999847	trials	6.0	2394.2844330000003	2396.1751010000003	2397.2497590000003	2397.7876650000003	2393.4004440000003	2396.669949			2.0	1.0	0.0	3.0					
2400.576	10.34900000000016	trials	6.0	2407.4827560000003	2409.020184	2410.094126	2411.005509	2406.8191460000003	2409.465006			2.0	2.0	0.0	3.0					
2412.355	22.36499999999978	trials	6.0	2430.942813	2432.23308	2433.114497	2433.435816	2430.075651	2432.451885	2433.845	2434.72	2.0	1.0	1.0	1.0					
2437.737	22.00799999999981	trials	6.0	2455.8081500000003	2457.215501	2458.154263	2459.824784	2455.118336	2457.630384			3.0	2.0	0.0	3.0					
2460.511	14.639999999999873	trials	6.0	2471.3082090000003	2473.1556490000003	2474.257373	2474.554356	2470.3796070000003	2473.1468790000004			3.0		0.0	2.0					
2479.23	15.300000000000182	trials	6.0	2489.9285130000003	2491.925228	2492.948997	2493.463173	2489.056983	2492.2545050000003			3.0	1.0	0.0	3.0					
2496.2	17.03500000000031	trials	6.0	2508.99894	2510.4898200000002	2511.5017190000003	2511.8639590000002	2508.2823390000003	2510.921061	2512.036	2513.235	3.0	2.0	1.0	1.0					
2515.277	17.958000000000084	trials	6.0	2529.5634290000003	2531.3409930000003	2532.3111480000002	2533.3153770000004	2528.901464	2531.672453			2.0	1.0	0.0	3.0					
2536.67	10.235000000000127	trials	6.0	2543.785073	2545.203015	2546.2851880000003	2546.9870100000003	2543.211413	2545.722506			3.0	2.0	0.0	3.0					
2548.561	21.983999999999924	trials	6.0	2566.120178	2567.815682	2568.838694	2569.263027	2565.4990620000003	2568.2302480000003	2569.715	2570.545	2.0	1.0	1.0	1.0					
2573.38	19.48999999999978	trials	6.0	2589.01388	2590.885728	2591.8783780000003	2592.952887	2588.4582990000004	2591.298069			2.0	1.0	0.0	3.0					
2596.2	14.58600000000024	trials	6.0	2607.039423	2608.1673720000003	2609.214989	2609.5113300000003	2606.293923	2608.6377270000003	2609.745	2610.786	3.0	2.0	1.0	1.0					
2613.86	23.24499999999989	trials	6.0	2632.3089250000003	2634.146123	2635.384194	2635.779978	2631.3397560000003	2634.188435	2636.17	2637.105	2.0	1.0	1.0	1.0					
2640.186	11.864000000000033	trials	6.0	2647.319	2648.808057	2650.1939310000002	2650.625766	2646.652142	2649.163055	2650.73	2652.05	3.0	2.0	1.0	1.0					
2654.136	11.84900000000016	trials	6.0	2662.153772	2663.826611	2664.9931180000003	2666.0647120000003	2661.3756820000003	2664.297635			3.0	2.0	0.0	3.0					
2668.375	8.570000000000164	trials	6.0	2672.6893680000003	2674.530447	2675.5419300000003	2677.025835	2672.0210620000003	2674.925135			3.0	2.0	0.0	3.0					
2677.912	15.598000000000411	trials	6.0	2688.844296	2690.810484	2691.856373	2692.211006	2687.9736620000003	2691.2975650000003	2692.47	2693.51	3.0	2.0	1.0	1.0					
2697.589	15.481000000000222	trials	6.0	2708.764568	2710.1393550000003	2711.193866	2711.5709970000003	2708.166219	2710.646177	2711.875	2713.07	3.0	2.0	1.0	1.0					
2716.11	12.914999999999964	trials	6.0	2724.121158	2725.475874	2727.197775	2727.622238	2723.53431	2726.487024	2727.98	2729.025	2.0	1.0	1.0	1.0					
2733.155	11.509999999999764	trials	6.0	2741.344587	2743.236296	2744.1795420000003	2744.7489170000003	2740.384224	2743.372875			2.0	1.0	0.0	3.0					
2747.425	7.989999999999782	trials	6.0	2752.31448	2753.513638	2754.8787780000002	2755.498529	2751.370489	2754.3605970000003			2.0	2.0	0.0	3.0					
2757.195	12.940000000000055	trials	6.0	2765.5848920000003	2767.571207	2768.5008900000003	2768.913879	2764.618368	2767.892504	2769.27	2770.135	2.0	1.0	1.0	1.0					
2772.152	23.177999999999884	trials	6.0	2792.399952	2793.7881620000003	2794.7160120000003	2795.4125830000003	2791.400466	2794.2245150000003			3.0	2.0	0.0	3.0					
2798.028	15.602000000000317	trials	6.0	2808.960095	2810.5569530000002	2811.5224270000003	2811.876249	2808.1405010000003	2810.9554820000003	2812.095	2813.63	3.0	2.0	1.0	1.0					
2816.716	15.969000000000051	trials	6.0	2829.710544	2831.2668360000002	2832.131702	2832.7688550000003	2828.7662130000003	2831.62383			3.0	2.0	0.0	3.0					
2834.372	16.597999999999956	trials	6.0	2846.795381	2848.449831	2849.3081420000003	2849.7733780000003	2846.0409170000003	2848.751556	2849.94	2850.97	2.0	1.0	1.0	1.0					
2855.073	9.192000000000007	trials	6.0	2861.286705	2862.4289470000003	2863.5456790000003	2864.3486000000003	2860.4763120000002	2862.934652			2.0	1.0	0.0	3.0					
2867.841	17.34400000000005	trials	6.0	2881.630353	2883.5344680000003	2884.798866	2885.268161	2880.907986	2883.9457970000003			2.0	2.0	0.0	3.0					
2888.14	11.465000000000146	trials	6.0	2895.0821530000003	2896.6755940000003	2897.659074	2897.935461	2894.2848870000003	2897.133006	2898.306	2899.605	3.0	2.0	1.0	1.0					
2901.425	11.320999999999913	trials	6.0	2909.0253700000003	2910.797943	2911.391294	2911.846515	2908.270116	2910.791952			3.0		0.0	2.0					
2914.755	14.210000000000036	trials	6.0	2925.91194	2927.49179	2928.2568420000002	2929.049703	2925.250935	2927.663184			2.0	1.0	0.0	3.0					
2931.505	21.360999999999876	trials	6.0	2949.58124	2951.2525640000003	2952.101097	2952.9467280000003	2948.86832	2951.560766			3.0	2.0	0.0	3.0					
2954.411	14.539999999999964	trials	6.0	2966.425869	2967.5427910000003	2968.440416	2969.033813	2965.460262	2967.8565360000002			2.0	1.0	0.0	3.0					
2971.81	15.510000000000218	trials	6.0	2984.475833	2985.7568140000003	2986.700085	2987.4006910000003	2983.67691	2986.126382			2.0	1.0	0.0	3.0					
2988.94	13.099999999999909	trials	6.0	2997.497381	2999.3514050000003	3000.349079	3000.652716	2996.5841880000003	2999.7934680000003	3001.155	3002.04	3.0	2.0	1.0	1.0					
3006.125	7.701000000000022	trials	6.0	3009.2256340000004	3010.957793	3011.7491440000003	3012.153999	3008.5740690000002	3011.264673	3012.38	3013.826	3.0	2.0	1.0	1.0					
3016.836	6.8390000000003965	trials	6.0	3019.636739	3020.8986	3022.0994610000002	3022.5723700000003	3018.928695	3021.504992	3022.765	3023.675	2.0	1.0	1.0	1.0					
3027.758	6.44800000000032	trials	6.0	3030.7311010000003	3032.682714	3033.3223900000003	3034.291377	3030.11852	3032.691741			3.0	2.0	0.0	3.0					
3035.58	17.51700000000028	trials	6.0	3048.605973	3050.044023	3051.4129310000003	3051.808704	3047.924757	3050.760146	3052.03	3053.097	2.0	1.0	1.0	1.0					
3055.01	10.484999999999673	trials	6.0	3061.1012450000003	3062.7302050000003			3060.531531	3063.283391	3064.485	3065.495	3.0	2.0	1.0	1.0					
3068.575	7.8650000000002365	trials	6.0	3071.641347	3073.627151	3074.6530260000004	3074.9622930000005	3070.8296400000004	3074.1141330000005	3075.275	3076.44	3.0	2.0	1.0	1.0					
3079.575	235.9300000000003	BlockDesign														1.0	159.0	179.0	10.0	50.0
3079.575	7.08600000000024	trials	7.0	3082.0857690000003	3083.257703	3084.8447450000003	3085.2361050000004	3081.3956670000002	3084.2772040000004	3085.491	3086.661	1.0	1.0	1.0	1.0					
3088.776	9.121000000000095	trials	7.0	3093.0163610000004	3094.5455130000005	3095.8039260000005	3096.1043430000004	3092.163473	3095.2325090000004	3096.536	3097.897	1.0	2.0	1.0	1.0					
3101.905	4.9699999999998	trials	7.0	3103.7817270000005	3105.5364990000003	3106.4746440000004	3106.9708650000002	3102.37748	3105.834581			1.0	1.0	0.0	3.0					
3110.761	8.315000000000055	trials	7.0	3115.0708640000003	3116.899112	3118.2130170000005	3119.1766620000003	3114.1912190000003	3117.6594470000005			1.0	2.0	0.0	3.0					
3122.485	11.315999999999804	trials	7.0	3128.7312070000003	3130.3177920000003	3132.063375	3132.317175	3127.9946870000003	3131.0577890000004	3132.525	3133.801	1.0	2.0	1.0	1.0					
3136.89	11.450000000000273	trials	7.0	3145.391775	3146.422293	3147.7343450000003	3148.4384160000004	3144.8125050000003	3147.1263030000005			1.0	2.0	0.0	3.0					
3150.015	7.5210000000001855	trials	7.0	3154.1816260000005	3156.037811	3157.027535	3157.6335070000005	3153.1905720000004	3156.4334440000002			1.0	2.0	0.0	3.0					
3160.375	7.019999999999982	trials	7.0	3163.356204	3164.794965	3166.724391	3167.4930030000005	3162.835899	3165.87681			1.0	1.0	0.0	3.0					
3169.005	11.704999999999927	trials	7.0	3176.143371	3177.1835250000004	3179.052779	3179.3462160000004	3175.4351570000003	3178.4582910000004	3179.675	3180.71	1.0	2.0	1.0	1.0					
3184.772	5.753000000000156	trials	7.0	3186.8759720000003	3188.6793720000005	3189.8373300000003	3190.6225950000003	3186.291164	3189.2446950000003			1.0	2.0	0.0	3.0					
3194.12	10.809999999999945	trials	7.0	3199.7413400000005	3201.7403750000003	3203.1200850000005	3203.4780120000005	3198.8290220000004	3202.444843	3203.705	3204.93	1.0	2.0	1.0	1.0					
3207.985	6.7159999999998945	trials	7.0	3210.821304	3212.7458830000005	3214.1613300000004	3214.799714	3209.9709000000003	3213.22128			1.0	2.0	0.0	3.0					
3217.525	8.25	trials	7.0	3222.2369300000005	3223.382782	3225.061094	3225.8727230000004	3221.6973000000003	3224.378944			1.0	1.0	0.0	3.0					
3228.41	10.50500000000011	trials	7.0	3233.996513	3235.9070130000005	3236.9124060000004	3237.2231870000005	3233.2206240000005	3236.362946	3237.62	3238.915	1.0	2.0	1.0	1.0					
3240.95	7.190000000000055	trials	7.0	3244.411661	3246.2132910000005	3247.3276450000003	3248.2368650000003	3243.7101420000004	3246.762767			1.0	2.0	0.0	3.0					
3251.576	10.244000000000142	trials	7.0	3256.771901	3258.308096	3259.97355	3260.3052430000002	3256.084404	3259.3908480000005	3260.555	3261.82	1.0	2.0	1.0	1.0					
3263.836	7.825000000000273	trials	7.0	3268.001451	3269.9557280000004	3271.1246060000003	3271.760592	3267.2620600000005	3270.4919430000004			1.0	1.0	0.0	3.0					
3274.37	7.300000000000182	trials	7.0	3278.0815730000004	3279.2033960000003	3280.8615210000003	3281.7694	3277.206697	3280.2314090000004			1.0	2.0	0.0	3.0					
3285.22	8.525000000000091	trials	7.0	3289.0722290000003	3290.5190570000004	3292.047254	3292.3917690000003	3288.418767	3291.3985700000003	3292.705	3293.745	1.0	2.0	1.0	1.0					
3295.875	6.835000000000036	trials	7.0	3299.4470610000003	3301.173165	3302.1521150000003	3302.810378	3298.825604	3301.602792			1.0	2.0	0.0	3.0					
3304.42	11.085000000000036	trials	7.0	3311.9517920000003	3313.909821			3311.4385740000002	3314.5704120000005			1.0	2.0	0.0	3.0					
3318.824	1117.4950000000003	BlockDesign														1.0	180.0	249.0	50.0	10.0
3318.824	8.27099999999973	trials	8.0	3323.722857	3324.7788210000003	3326.4724530000003	3327.191787	3323.0195340000005	3325.9515330000004			1.0	2.0	0.0	3.0					
3328.778	10.787000000000262	trials	8.0	3335.9168350000004	3337.6788290000004	3339.198447	3339.6633140000004	3335.127574	3338.4251670000003			1.0	1.0	0.0	3.0					
3343.43	8.225000000000364	trials	8.0	3348.4918140000004	3349.701504	3351.0753600000003	3351.752214	3347.6618340000005	3350.501486			1.0	2.0	0.0	3.0					
3355.386	13.480000000000018	trials	8.0	3365.0271660000003	3366.2288970000004	3367.5254090000003	3368.964997	3364.293391	3366.910866			1.0	2.0	0.0	3.0					
3371.89	38.43600000000015	trials	8.0	3406.7678800000003	3408.748356	3409.9243680000004	3410.4247700000005	3406.1895050000003	3409.3452180000004			1.0	1.0	0.0	3.0					
3412.17	12.934999999999945	trials	8.0	3422.047039	3423.5005800000004	3424.778142	3425.197908	3421.047871	3424.227267			1.0	2.0	0.0	3.0					
3428.125	8.56100000000015	trials	8.0	3433.227518	3434.5274010000003	3435.603888	3436.7863650000004	3432.3034890000004	3435.013346			1.0	2.0	0.0	3.0					
3438.84	12.945999999999913	trials	8.0	3448.2640850000003	3449.943807	3450.786711	3451.887791	3447.3110030000003	3450.254397			1.0	2.0	0.0	3.0					
3455.065	36.27500000000009	trials	8.0	3487.772835	3489.2615610000003	3490.2471510000005	3491.4384940000004	3486.7792640000002	3489.6526350000004			1.0	2.0	0.0	3.0					
3492.471	18.289000000000215	trials	8.0	3502.9289810000005	3504.919193	3509.2746410000004	3510.8595080000005	3502.1940130000003	3508.472681			1.0	1.0	0.0	3.0					
3511.528	36.085000000000036	trials	8.0	3542.977995	3544.04071	3545.0901710000003	3545.6673210000004	3542.2805850000004	3544.5427560000003			1.0	2.0	0.0	3.0					
3548.42	14.889999999999873	trials	8.0	3560.0828480000005	3561.3269000000005	3562.895081	3563.4090450000003	3559.5239450000004	3562.2380580000004			1.0	1.0	0.0	3.0					
3565.12	11.75500000000011	trials	8.0	3572.1392690000002	3574.0250990000004	3575.2007430000003	3576.9759630000003	3571.303526	3574.616027			1.0	2.0	0.0	3.0					
3578.47	54.771000000000186	trials	8.0	3628.8992100000005	3630.2711390000004	3631.451946	3631.7835160000004	3628.0802750000003	3630.858666	3631.985	3633.241	1.0	2.0	1.0	1.0					
3637.326	5.088999999999942	trials	8.0	3639.203034	3640.411328	3641.56358	3641.6105820000002	3638.427954	3640.9435200000003			1.0	2.0	0.0	3.0					
3644.875	13.715000000000146	trials	8.0	3654.448428	3655.950323	3657.4886160000005	3658.6935740000004	3653.8697730000004	3656.6759490000004			1.0	2.0	0.0	3.0					
3660.81	15.6550000000002	trials	8.0	3671.547966	3673.2521540000002	3675.3808790000003	3676.5659520000004	3670.819238	3674.1886550000004			1.0	2.0	0.0	3.0					
3677.675	15.009999999999764	trials	8.0	3688.403784	3689.7728690000004	3691.864488	3692.7853590000004	3687.5029520000003	3691.2430670000003			1.0	2.0	0.0	3.0					
3694.161	8.93899999999985	trials	8.0	3700.269145	3701.4758030000003	3702.574877	3703.2023630000003	3699.517107	3701.8730990000004			1.0	1.0	0.0	3.0					
3704.868	6.461999999999989	trials	8.0	3707.8336690000006	3709.1205580000005	3710.80603	3710.8678820000005	3707.1263040000003	3709.1144870000003			1.0		0.0	2.0					
3714.045	15.389999999999873	trials	8.0	3726.9188160000003	3727.5304650000003			3726.3716190000005	3727.519029			1.0		0.0	2.0					
3733.5	21.27500000000009	trials	8.0	3750.3590030000005	3752.371083	3753.1888320000003	3753.5576490000003	3749.378012	3752.6647410000005	3753.9	3754.775	1.0	1.0	1.0	1.0					
3757.862	8.128999999999905	trials	8.0	3762.688919	3763.793606	3764.934078	3766.0936410000004	3761.6883890000004	3764.271291			1.0	1.0	0.0	3.0					
3769.232	8.322999999999865	trials	8.0	3773.8787460000003	3775.069374	3776.57439	3776.9481870000004	3772.965289	3775.9877070000002			1.0	2.0	1.0	1.0					
3782.045	7.1159999999999854	trials	8.0	3785.4303520000003	3787.1591580000004	3788.5087740000004	3789.260397	3784.7991450000004	3787.4732700000004			1.0	2.0	0.0	3.0					
3790.8	9.914999999999964	trials	8.0	3796.8943240000003	3798.0502850000003	3800.0161200000002	3800.8142640000005	3796.03533	3798.9852330000003			1.0	2.0	0.0	3.0					
3804.371	13.853999999999814	trials	8.0	3814.0692190000004	3815.69351	3817.0697640000003	3817.4270970000002	3813.524021	3816.5144400000004			1.0	1.0	0.0	3.0					
3820.325	12.086999999999989	trials	8.0	3828.954114	3830.026036	3831.4208160000003	3832.5092700000005	3828.094668	3830.831043			1.0	2.0	0.0	3.0					
3834.685	11.664999999999964	trials	8.0	3842.654229	3844.0426820000002	3845.7385520000003	3846.451172	3841.733924	3844.441392			1.0	2.0	0.0	3.0					
3848.96	13.695000000000164	trials	8.0	3858.869646	3860.3064860000004	3861.9069000000004	3862.7573150000003	3857.896764	3860.94921			1.0	2.0	0.0	3.0					
3866.25	7.55600000000004	trials	8.0	3869.6807180000005	3871.0231230000004	3872.7792710000003	3873.1945560000004	3869.082225	3872.0614780000005			1.0	1.0	1.0	1.0					
3876.252	10.633000000000266	trials	8.0	3883.2089600000004	3884.4110210000003	3885.9907040000003	3886.9840520000002	3882.3831390000005	3885.3320460000004			1.0	2.0	0.0	3.0					
3889.345	11.870000000000346	trials	8.0	3896.564996	3898.5880920000004	3900.2312190000002	3901.314945	3895.5880810000003	3899.3120940000003			1.0	2.0	0.0	3.0					
3904.515	8.226000000000113	trials	8.0	3908.4092870000004	3909.8685990000004	3911.8304260000004	3911.921028	3907.693979	3910.9089360000003			1.0	2.0	0.0	3.0					
3914.073	39.01200000000017	trials	8.0	3949.4195630000004	3951.0863670000003	3952.0840610000005	3953.187761	3948.8092850000003	3951.4547030000003			1.0	1.0	0.0	3.0					
3956.397	12.983000000000175	trials	8.0	3965.7699690000004	3967.6094510000003	3968.5669610000004	3969.4813520000002	3965.0844660000002	3967.9703280000003			1.0	2.0	0.0	3.0					
3970.91	12.684999999999945	trials	8.0	3979.0562330000002	3980.6598870000003	3982.269534	3983.694636	3978.444726	3981.5156380000003			1.0	2.0	0.0	3.0					
3986.65	6.835000000000036	trials	8.0	3990.5448410000004	3991.6158560000003	3992.7681270000003	3993.585782	3989.6451400000005	3992.0961230000003			1.0	1.0	0.0	3.0					
3995.058	24.10699999999997	trials	8.0	4014.4715340000002	4016.5028850000003	4017.530838	4017.828993	4013.6176020000003	4016.9232840000004	4018.125	4019.165	1.0	1.0	1.0	1.0					
4021.164	8.005999999999858	trials	8.0	4024.7448310000004	4026.3616230000002	4028.169143	4029.2722920000006	4024.0362920000002	4027.15099			1.0	2.0	0.0	3.0					
4030.448	12.76700000000028	trials	8.0	4037.3562790000005	4039.1474660000003	4041.404589	4041.799452	4036.5934700000003	4040.5282560000005	4042.105	4043.215	1.0	2.0	1.0	1.0					
4046.235	9.704999999999927	trials	8.0	4049.2101230000003	4050.8790180000005	4054.2457190000005	4054.6145640000004	4048.5013700000004	4053.570293	4054.87	4055.94	1.0	1.0	1.0	1.0					
4058.0	10.110000000000127	trials	8.0	4063.600659	4065.5103360000003	4067.1914250000004	4068.210102	4062.6201800000003	4066.4535360000004			1.0	1.0	0.0	3.0					
4071.515	12.740000000000236	trials	8.0	4080.209828	4081.407509	4083.5876690000005	4084.358024	4079.236401	4082.483262			1.0	2.0	0.0	3.0					
4086.867	9.653000000000247	trials	8.0	4091.5497330000003	4093.2050340000005	4095.511491	4096.623923	4091.0008020000005	4094.4957120000004			1.0	2.0	0.0	3.0					
4098.737	11.332999999999629	trials	8.0	4106.64551	4108.69463	4109.404134	4110.172272	4105.8827790000005	4108.795754000001			1.0	1.0	0.0	3.0					
4111.759	20.195999999999913	trials	8.0	4127.465145	4129.3785800000005	4131.6825420000005	4132.0303300000005	4126.912688	4130.336339			1.0	2.0	0.0	3.0					
4134.965	10.260000000000218	trials	8.0	4140.200806000001	4142.679209	4143.583841000001	4143.977409	4139.196029000001	4143.090377	4144.12	4145.225	1.0	1.0	1.0	1.0					
4148.245	6.819999999999709	trials	8.0	4151.7999740000005	4152.8716110000005	4154.009316000001	4155.169274	4151.102879	4153.349493000001			1.0	1.0	0.0	3.0					
4157.295	9.574999999999818	trials	8.0	4162.5969000000005	4164.466283	4166.346009000001	4166.975948	4161.753191	4165.201706			1.0	2.0	0.0	3.0					
4168.655	18.71100000000024	trials	8.0	4183.686233	4184.717232	4186.153101	4187.469017	4182.837075	4185.452043			1.0	2.0	0.0	3.0					
4189.43	22.099999999999454	trials	8.0	4207.000532	4208.373896	4209.528936000001	4209.9268680000005	4206.14667	4208.958696000001	4210.385	4211.53	1.0	1.0	1.0	1.0					
4215.57	6.1850000000004	trials	8.0	4217.696269	4219.644165000001	4220.648996	4221.857849	4216.672335	4220.0883570000005			1.0	1.0	0.0	3.0					
4224.875	9.420000000000073	trials	8.0	4230.026132	4231.787462	4233.606486000001	4234.397463	4229.313836	4232.931425000001			1.0	1.0	0.0	3.0					
4235.89	12.279999999999745	trials	8.0	4245.035726	4246.286307	4247.254044	4248.271908000001	4244.291688	4246.636864			1.0	2.0	0.0	3.0					
4249.485	20.140000000000327	trials	8.0	4265.211233	4267.043655	4268.498622	4269.730577	4264.3277960000005	4267.734257			1.0	2.0	0.0	3.0					
4270.795	16.595000000000255	trials	8.0	4283.3121360000005	4284.738494	4285.72469	4286.160167	4282.498484	4285.091454	4286.225	4287.39	1.0	1.0	1.0	1.0					
4290.464	7.306000000000495	trials	8.0	4293.347892	4295.277389000001	4296.819210000001	4297.871022	4292.82672	4296.047579			1.0	1.0	0.0	3.0					
4301.045	10.140000000000327	trials	8.0	4306.031319000001	4307.512275	4309.3228260000005	4309.789653	4305.152615	4308.496713	4309.985	4311.185	1.0	1.0	1.0	1.0					
4313.241	8.795000000000073	trials	8.0	4317.201137	4318.677602	4320.061713	4320.478062	4316.533212	4319.4409940000005	4320.67	4322.036	1.0	1.0	1.0	1.0					
4324.792	5.9229999999997744	trials	8.0	4327.821585000001	4329.098571	4330.112784000001	4330.820703	4327.040609000001	4329.520499			1.0	1.0	0.0	3.0					
4334.415	8.320999999999913	trials	8.0	4339.081179000001	4340.113013	4341.764507	4342.155629000001	4338.345363	4340.998193			1.0	1.0	1.0	1.0					
4345.292	10.167999999999665	trials	8.0	4351.2765770000005	4352.361602	4353.795186	4354.185042	4350.346605000001	4353.177792	4354.326	4355.46	1.0	1.0	1.0	1.0					
4359.48	7.1850000000004	trials	8.0	4362.366565	4364.0258	4365.00108	4365.436317000001	4361.492763	4364.408321000001	4365.786	4366.665	1.0	1.0	1.0	1.0					
4370.75	5.085000000000036	trials	8.0	4372.527104000001	4374.198414	4375.390452000001	4375.937543	4370.963109	4374.747566			1.0	2.0	0.0	3.0					
4377.655	10.46100000000024	trials	8.0	4383.723476	4385.378168	4386.3592690000005	4386.762044	4383.108316	4385.716646000001	4387.07	4388.116	1.0	1.0	1.0	1.0					
4390.257	7.1380000000008295	trials	8.0	4393.711520000001	4395.688496000001	4396.619786	4397.500812	4392.993506000001	4396.019748000001			1.0	1.0	0.0	3.0					
4399.89	11.574999999999818	trials	8.0	4407.966293	4409.135075	4410.524829	4411.567955	4407.159245000001	4409.8284			1.0	1.0	0.0	3.0					
4413.81	12.484999999999673	trials	8.0	4421.183453000001	4423.143707	4424.661788	4425.058027	4420.324167000001	4423.976386	4425.215	4426.295	1.0	1.0	1.0	1.0					
4429.336	6.983000000000175	trials	8.0	4432.407042000001	4434.346643000001	4435.351773	4435.703177	4431.721401000001	4434.740457			1.0	1.0	1.0	1.0					
4439.85	72.21999999999935	BlockDesign														1.0	250.0	254.0	0.0	0.0
4439.85	12.694999999999709	trials	9.0	4449.442027	4450.853722	4451.990724	4452.650681	4448.6650740000005	4451.358457			1.0	1.0	0.0	3.0					
4455.265	9.920000000000073	trials	9.0	4462.322630000001	4463.432916	4464.885674	4465.290392000001	4461.769856000001	4464.173052			1.0	2.0	0.0	3.0					
4468.22	14.034999999999854	trials	9.0	4478.301572	4480.218306000001	4481.92584	4482.361059000001	4477.404146000001	4481.087762			1.0	1.0	0.0	3.0					
4485.31	11.0	trials	9.0	4492.336843	4493.94264	4495.399827	4496.416206	4491.6978770000005	4494.712665			1.0	1.0	0.0	3.0					
4499.695	12.375	trials	9.0	4509.277077000001	4510.629692	4512.021183000001	4512.818939000001	4508.67834	4511.2856600000005			1.0	1.0	0.0	3.0					
4515.287	315.4479999999994	BlockDesign														1.0	255.0	279.0	50.0	90.0
4515.287	26.603000000000065	trials	10.0	4537.223868	4539.052576	4540.342725	4540.69613	4536.224508	4539.041927	4541.01	4541.89	1.0	2.0	1.0	1.0					
4544.977	7.7979999999997744	trials	10.0	4547.957054	4549.56278	4550.930565000001	4551.3263640000005	4547.198501000001	4550.1609960000005	4551.56	4552.775	1.0	1.0	1.0	1.0					
4556.86	8.260000000000218	trials	10.0	4560.882302	4562.590203	4563.468870000001	4563.893241	4560.0438300000005	4562.89242	4564.165	4565.12	1.0	1.0	1.0	1.0					
4567.28	6.100000000000364	trials	10.0	4569.926733	4571.557593	4572.834981	4573.483307	4569.1330370000005	4572.226604			1.0	1.0	0.0	3.0					
4577.065	12.850000000000364	trials	10.0	4586.2174430000005	4587.929639	4589.306646	4590.020469	4585.405062	4588.576883			1.0	1.0	0.0	3.0					
4591.625	24.164999999999964	trials	10.0	4611.468428	4612.99917	4614.167577	4614.468531	4610.726955	4613.534267	4614.786	4615.79	1.0	2.0	1.0	1.0					
4619.86	6.3200000000006185	trials	10.0	4621.893725	4623.183194	4624.327845	4624.6050780000005	4620.400014000001	4623.75267	4624.925	4626.18	1.0	2.0	1.0	1.0					
4629.058	5.796999999999571	trials	10.0	4631.1529900000005	4632.933141	4633.973274	4634.133822	4630.201281000001	4633.337505			1.0	2.0	0.0	3.0					
4637.265	9.335000000000036	trials	10.0	4642.443204	4644.423681	4645.811673	4646.70258	4641.633847	4645.011468000001			1.0	1.0	0.0	3.0					
4648.058	11.11700000000019	trials	10.0	4653.643886	4655.187132	4657.493198	4657.922913	4652.726619	4656.2564170000005	4658.18	4659.175	1.0	2.0	1.0	1.0					
4661.192	8.877999999999702	trials	10.0	4665.717299	4667.185020000001	4668.288474	4668.68627	4664.968853	4667.640711	4668.97	4670.07	1.0	2.0	1.0	1.0					
4672.042	7.427999999999884	trials	10.0	4675.327985	4676.605578000001	4677.652862000001	4677.77073	4674.567301	4677.007254	4678.3	4679.47	1.0	2.0	1.0	1.0					
4682.561	6.334000000000742	trials	10.0	4684.443072	4685.780210000001	4686.912402	4687.249746	4683.470457	4686.383804	4687.616	4688.895	1.0	2.0	1.0	1.0					
4690.955	6.555000000000291	trials	10.0	4694.448279	4695.563639	4696.554993	4697.6150370000005	4693.796043	4696.055728			1.0	2.0	0.0	3.0					
4700.855	9.085000000000036	trials	10.0	4704.203093	4706.180268	4708.230047	4708.510814	4703.219193000001	4706.948586	4708.905	4709.94	1.0	2.0	1.0	1.0					
4714.0	7.300000000000182	trials	10.0	4716.644115	4718.36952	4719.598199	4719.88299	4715.766683	4719.078063000001	4720.29	4721.3	1.0	2.0	1.0	1.0					
4725.317	6.219000000000051	trials	10.0	4727.323196	4728.890928000001	4729.789419000001	4730.079680000001	4725.891858	4729.258518000001	4730.383	4731.536	1.0	2.0	1.0	1.0					
4734.685	7.7849999999998545	trials	10.0	4738.698525	4739.879552	4740.956403	4741.238262000001	4737.814217	4740.314256000001	4741.506	4742.47	1.0	1.0	1.0	1.0					
4744.545	7.475000000000364	trials	10.0	4748.519277	4750.359467	4751.552243	4752.122600000001	4747.749486000001	4750.993742000001			1.0	1.0	0.0	3.0					
4754.81	10.265999999999622	trials	10.0	4760.238843	4761.999821	4763.317464	4763.6197760000005	4759.494267	4762.724190000001	4763.945	4765.076	1.0	2.0	1.0	1.0					
4767.161	8.988999999999578	trials	10.0	4771.872878	4773.451848000001	4774.462601	4774.81404	4770.919731	4773.940313	4775.11	4776.15	1.0	2.0	1.0	1.0					
4780.166	5.338999999999942	trials	10.0	4781.81876	4783.5537540000005	4784.5471130000005	4784.852259	4780.635158	4784.019417			1.0	2.0	1.0	1.0					
4790.11	13.900000000000546	trials	10.0	4800.842738	4801.931571	4803.697343	4804.117472	4799.990180000001	4802.964779			1.0	1.0	0.0	3.0					
4806.981	12.248999999999796	trials	10.0	4814.667978	4815.9186580000005	4817.456481	4817.792783000001	4813.687629	4816.356753	4818.295	4819.23	1.0	2.0	1.0	1.0					
4823.246	7.488999999999578	trials	10.0	4825.6684860000005	4827.530205	4829.023221	4829.294576	4824.918293000001	4828.523763	4829.616	4830.735	1.0	2.0	1.0	1.0					
4834.826	475.22400000000016	BlockDesign														1.0	280.0	321.0	90.0	50.0
4834.826	4.97400000000016	trials	11.0	4836.849689000001	4837.896983000001			4835.018613	4837.8901940000005			1.0		0.0	2.0					
4841.876	29.083999999999833	trials	11.0	4866.378603	4868.00006	4869.619216	4871.06437	4865.472081	4868.927961			1.0	2.0	0.0	3.0					
4871.89	11.829999999999927	trials	11.0	4878.693926	4879.941873	4881.496454	4881.848946	4878.082017000001	4880.886513	4882.085	4883.72	1.0	2.0	1.0	1.0					
4886.75	9.779999999999745	trials	11.0	4892.113623	4893.7490370000005	4894.903802000001	4895.260862	4891.1106150000005	4894.2467990000005	4895.48	4896.53	1.0	1.0	1.0	1.0					
4898.55	9.835000000000036	trials	11.0	4903.8836630000005	4905.4047630000005	4906.592565000001	4907.000303000001	4902.897335000001	4905.907307	4907.205	4908.385	1.0	1.0	1.0	1.0					
4911.465	10.454999999999927	trials	11.0	4917.408891	4918.585386000001	4920.272082	4920.567239	4916.576814	4919.256	4920.76	4921.92	1.0	2.0	1.0	1.0					
4923.966	8.388999999999214	trials	11.0	4927.664087	4929.660638	4930.639953	4930.918241	4926.986175	4930.07797	4931.326	4932.355	1.0	2.0	1.0	1.0					
4934.435	7.125	trials	11.0	4937.475471	4938.890499	4939.917566	4940.201105	4936.872449	4939.328436	4940.53	4941.56	1.0	2.0	1.0	1.0					
4943.646	7.963999999999942	trials	11.0	4947.97937	4949.766381	4950.841479000001	4951.220465	4947.119391	4950.255602			1.0	2.0	0.0	3.0					
4955.125	6.369999999999891	trials	11.0	4957.270302000001	4958.563352	4959.949242000001	4960.311495	4956.727071	4959.2700030000005	4960.417	4961.495	1.0	1.0	1.0	1.0					
4964.515	9.07799999999952	trials	11.0	4969.100244	4970.6753420000005	4971.735663	4972.172168	4968.204209	4971.157917	4972.25	4973.593	1.0	1.0	1.0	1.0					
4977.53	6.625	trials	11.0	4979.539062	4981.571669000001	4982.415524	4982.879537000001	4978.093388	4981.826877	4983.07	4984.155	1.0	1.0	1.0	1.0					
4986.238	8.11699999999928	trials	11.0	4990.379015	4991.755656	4992.622101000001	4993.010388000001	4989.377255	4992.065844000001	4993.245	4994.355	1.0	1.0	1.0	1.0					
4996.441	7.34900000000016	trials	11.0	4999.850781	5001.085542000001	5002.138626	5002.557956000001	4999.036848	5001.52152	5002.715	5003.79	1.0	1.0	1.0	1.0					
5007.82	7.079999999999927	trials	11.0	5010.423917	5012.250777	5013.205794	5013.47783	5009.443233	5012.6484	5013.73	5014.9	1.0	2.0	1.0	1.0					
5017.991	5.469000000000051	trials	11.0	5019.704774	5021.452895	5022.436872	5022.7539320000005	5018.879162	5021.908704			1.0	2.0	0.0	3.0					
5026.715	7.505000000000109	trials	11.0	5029.6242680000005	5031.3455730000005	5032.410836	5032.87934	5028.694112	5031.372099	5033.045	5034.22	1.0	1.0	1.0	1.0					
5036.241	6.979000000000269	trials	11.0	5040.292875	5041.466099	5042.473934000001	5043.3251310000005	5039.679339	5041.8676860000005			1.0	1.0	0.0	3.0					
5045.645	14.14299999999912	trials	11.0	5055.0088430000005	5056.85168	5058.069369000001	5058.440088	5054.1660950000005	5057.422665	5058.626	5059.788	1.0	2.0	1.0	1.0					
5063.802	6.338000000000648	trials	11.0	5065.6646390000005	5067.171834000001	5068.547561	5068.927857000001	5064.4363140000005	5067.861966	5069.085	5070.14	1.0	1.0	1.0	1.0					
5073.156	6.314000000000306	trials	11.0	5076.044043	5077.633685000001	5078.717021	5079.5762540000005	5075.060952	5078.083245			1.0	2.0	0.0	3.0					
5082.945	9.220000000000255	trials	11.0	5085.554232	5087.449359	5090.381807	5090.737629	5084.798538	5088.260681	5090.965	5092.165	1.0	2.0	1.0	1.0					
5094.215	6.917999999999665	trials	11.0	5097.33914	5098.48884	5099.351531	5099.758944	5096.5475670000005	5098.828014000001	5099.945	5101.133	1.0	1.0	1.0	1.0					
5105.07	7.200000000000728	trials	11.0	5107.569563	5109.390258	5110.6688460000005	5110.979219000001	5106.69717	5110.050984	5111.185	5112.27	1.0	1.0	1.0	1.0					
5115.323	5.6599999999998545	trials	11.0	5117.685807	5119.469082	5120.408342000001	5121.084143	5117.14929	5119.778262			1.0	1.0	0.0	3.0					
5122.735	9.0	trials	11.0	5128.476224	5130.056886	5131.311906000001	5131.841879	5127.975477	5130.693752			1.0	2.0	0.0	3.0					
5135.61	6.845000000000255	trials	11.0	5138.2848970000005	5139.571919	5140.729937	5141.172641	5137.756329	5140.050564	5141.265	5142.455	1.0	1.0	1.0	1.0					
5145.475	7.569999999999709	trials	11.0	5149.169502000001	5150.972683	5152.4631580000005	5153.153592000001	5148.319563000001	5151.42594			1.0	2.0	0.0	3.0					
5155.735	6.914999999999964	trials	11.0	5158.364670000001	5160.046556	5160.96969	5161.412851000001	5157.460764	5160.369534	5161.55	5162.65	1.0	1.0	1.0	1.0					
5164.685	10.430999999999585	trials	11.0	5170.737051	5172.301626	5173.515168	5173.887115	5169.9194880000005	5172.836604	5174.063	5175.116	1.0	1.0	1.0	1.0					
5179.216	10.66399999999976	trials	11.0	5181.2049990000005	5182.964536	5184.203496	5184.588468	5180.4951120000005	5183.481045	5184.755	5185.96	1.0	1.0	1.0	1.0					
5189.975	6.259999999999309	trials	11.0	5191.839575	5193.1166840000005	5194.391183	5194.726995000001	5189.986093	5193.8025290000005	5195.09	5196.235	1.0	1.0	1.0	1.0					
5200.12	13.980000000000473	trials	11.0	5209.620236000001	5211.262896	5212.315613000001	5212.728347	5208.823329000001	5211.556732000001	5212.945	5214.1	1.0	1.0	1.0	1.0					
5216.13	8.11999999999989	trials	11.0	5219.744868	5221.011867	5222.607666	5222.981170000001	5219.214644	5221.81044	5223.21	5224.25	1.0	1.0	1.0	1.0					
5227.29	4.980000000000473	trials	11.0	5229.02513	5230.911991000001	5231.982726	5232.3768310000005	5227.894838	5231.391297			1.0	2.0	0.0	3.0					
5235.28	9.756000000000313	trials	11.0	5239.8048340000005	5241.751365	5243.223909	5243.636997	5238.969593	5242.626972	5243.801	5245.036	1.0	1.0	1.0	1.0					
5248.091	6.083999999999833	trials	11.0	5250.759728000001	5252.771675	5253.718835	5254.281354000001	5250.028233000001	5253.134847			1.0	1.0	0.0	3.0					
5257.94	8.320000000000618	trials	11.0	5260.990286	5262.71164	5264.655008	5265.095663	5260.333262	5263.6362070000005	5265.161	5266.26	1.0	1.0	1.0	1.0					
5268.28	9.0600000000004	trials	11.0	5272.811696000001	5273.991677	5275.803645	5276.052324	5272.243039000001	5275.022792	5276.316	5277.34	1.0	2.0	1.0	1.0					
5280.357	7.119999999999891	trials	11.0	5283.150351	5284.8467	5285.8492320000005	5286.206972	5282.392916000001	5284.954605000001	5286.55	5287.477	1.0	1.0	1.0	1.0					
5289.467	8.238000000000284	trials	11.0	5293.530234	5294.708472	5295.998226	5296.429638	5293.000172	5295.359445	5296.725	5297.705	1.0	1.0	1.0	1.0					
5301.83	8.220000000000255	trials	11.0	5305.200404	5307.226705000001	5308.360203	5308.762161000001	5304.38396	5307.745623000001	5308.98	5310.05	1.0	1.0	1.0	1.0					
5314.121	366.3140000000003	BlockDesign														1.0	322.0	342.0	50.0	0.0
5314.121	6.149000000000342	trials	12.0	5316.861021000001	5318.203883	5319.2736	5320.375734	5316.044804	5318.660124			2.0	1.0	0.0	3.0					
5321.57	11.850000000000364	trials	12.0	5328.840305	5330.665686	5331.7581150000005	5332.138353	5327.999820000001	5331.111522	5332.366	5333.42	2.0	1.0	1.0	1.0					
5336.466	5.95299999999952	trials	12.0	5338.980668	5341.036803000001	5341.8992530000005	5342.523483000001	5338.306602000001	5341.265363			2.0	1.0	0.0	3.0					
5344.18	14.349999999999454	trials	12.0	5353.755266	5355.151407	5357.050425	5357.457603000001	5352.9472080000005	5356.40549	5357.661	5358.53	2.0	1.0	1.0	1.0					
5360.55	8.034999999999854	trials	12.0	5365.215334	5366.971974	5367.85046	5368.693841	5364.383997000001	5367.238991			2.0	1.0	0.0	3.0					
5370.127	17.4429999999993	trials	12.0	5382.86673	5384.1082160000005	5387.256006	5387.675619	5382.008286	5384.095988000001			2.0		0.0	2.0					
5389.073	77.55199999999968	trials	12.0	5462.620796	5463.772577	5464.959640000001	5465.417546000001	5461.618156	5464.210082	5465.605	5466.625	2.0	1.0	1.0	1.0					
5470.645	6.864999999999782	trials	12.0	5473.0763560000005	5474.268687	5475.780411	5476.256617000001	5472.545442000001	5475.035252	5476.6	5477.51	2.0	1.0	1.0	1.0					
5481.53	5.375	trials	12.0	5483.329847000001	5484.781677000001	5485.959879	5487.011136	5482.078392	5485.319001			2.0	1.0	0.0	3.0					
5488.241	15.03399999999965	trials	12.0	5499.1491750000005	5500.792742	5501.662986	5502.142235	5498.402942000001	5501.083107	5502.375	5503.275	2.0	1.0	1.0	1.0					
5505.391	8.704000000000633	trials	12.0	5510.366642000001	5512.200506	5513.234892	5514.201671000001	5509.7100390000005	5512.630332000001			2.0	1.0	0.0	3.0					
5516.515	14.479999999999563	trials	12.0	5527.812462	5528.878143	5530.30755	5531.1046320000005	5527.277771000001	5529.632328			2.0	2.0	0.0	3.0					
5532.558	22.16700000000037	trials	12.0	5550.156665	5551.976954	5552.825891	5553.287141000001	5549.631179	5552.236748	5553.435	5554.725	2.0	1.0	1.0	1.0					
5556.632	8.988000000000284	trials	12.0	5562.01094	5563.909107	5564.921823000001	5565.730029	5561.438154	5564.300158			2.0	1.0	0.0	3.0					
5569.155	13.485000000000582	trials	12.0	5578.852886000001	5580.182777	5582.030112	5582.747619	5578.315793	5581.326828			2.0	1.0	0.0	3.0					
5585.325	16.699999999999818	trials	12.0	5597.81663	5599.562952	5600.47704	5600.906691	5597.2989560000005	5599.874145	5601.03	5602.025	2.0	1.0	1.0	1.0					
5604.095	9.724999999999454	trials	12.0	5609.46669	5611.318179	5612.190089	5612.647802	5608.6200770000005	5611.254897000001	5612.795	5613.82	2.0	1.0	1.0	1.0					
5617.84	7.0349999999998545	trials	12.0	5622.052724	5623.762748	5624.482652000001	5624.9833260000005	5621.349682	5623.735373			2.0	1.0	0.0	3.0					
5627.72	22.859999999999673	trials	12.0	5647.971195	5649.122916	5650.081651	5650.687608	5647.245567	5649.485234			2.0	2.0	0.0	3.0					
5652.375	12.524999999999636	trials	12.0	5661.341498	5662.521941000001	5663.330166	5663.771184	5660.339945	5662.768024000001	5664.105	5664.9	2.0	1.0	1.0	1.0					
5666.99	13.445000000000618	trials	12.0	5676.3718850000005	5677.666561	5678.6425850000005	5679.102080000001	5675.383533	5677.986474	5679.455	5680.435	2.0	1.0	1.0	1.0					
5683.531	659.4939999999997	BlockDesign														1.0	343.0	371.0	0.0	50.0
5683.531	8.011000000000422	trials	13.0	5688.357018000001	5689.629018	5690.375565	5690.527934	5687.6682	5689.621257000001			3.0		0.0	2.0					
5693.576	12.289999999999964	trials	13.0	5702.471688	5704.1384	5704.884758	5705.974316	5701.962458	5704.2770390000005			3.0	2.0	0.0	3.0					
5709.25	14.99499999999989	trials	13.0	5720.523281	5722.279012000001			5719.871187000001	5722.271793			3.0		0.0	2.0					
5726.255	59.31800000000021	trials	13.0	5783.5072740000005	5783.554087	5785.4782190000005	5785.648510000001	5782.710599	5783.545833			3.0		0.0	2.0					
5787.516	49.45900000000074	trials	13.0	5833.612730000001	5835.018962	5835.692865000001	5837.0373660000005	5832.925538	5835.014301			3.0		0.0	2.0					
5841.0	17.69499999999971	trials	13.0	5855.438712	5856.794631000001			5854.556501000001	5856.790836			3.0		0.0	2.0					
5860.702	26.08299999999963	trials	13.0	5883.3870640000005	5884.884926000001	5885.4110390000005	5885.782779	5882.549507	5884.876404000001			3.0		0.0	2.0					
5889.792	26.394999999999527	trials	13.0	5911.472489	5913.004638	5913.911597	5914.1689320000005	5910.63135	5913.375543	5914.576	5916.187	3.0	2.0	1.0	1.0					
5918.176	11.409999999999854	trials	13.0	5926.248009000001	5927.634347			5925.474525	5927.628573			3.0		0.0	2.0					
5931.605	32.52000000000044	trials	13.0	5960.5684710000005	5962.224038	5962.940181	5963.521706	5959.933835	5962.215188			3.0		0.0	2.0					
5968.13	17.170000000000073	trials	13.0	5981.783162	5982.9017890000005	5984.263302	5985.409077	5980.862421	5983.303458			3.0	1.0	0.0	3.0					
5987.5	21.904999999999745	trials	13.0	6006.057729	6007.289343	6008.187764	6009.515726	6005.097516	6007.625058			3.0	2.0	0.0	3.0					
6010.45	48.126000000000204	trials	13.0	6053.628252	6055.585932	6056.606934	6056.873738	6052.716861000001	6056.011238000001	6022.411	6058.576	3.0	2.0	1.0	1.0					
6060.671	6.873999999999796	trials	13.0	6064.172874	6066.079335	6066.753874	6067.6530840000005	6063.603084	6066.047724			3.0	2.0	0.0	3.0					
6070.041	12.313999999999396	trials	13.0	6078.138029	6080.101176	6081.166432	6082.46632	6077.269554	6080.539517			3.0	2.0	0.0	3.0					
6085.517	11.373000000000502	trials	13.0	6093.373255	6094.938984	6096.515249	6096.9992680000005	6092.693294000001	6095.636399000001			3.0	1.0	0.0	3.0					
6100.75	30.975000000000364	trials	13.0	6128.193182	6129.810487000001			6127.191624	6129.795865			3.0		0.0	2.0					
6134.735	58.24000000000069	trials	13.0	6190.298528	6191.382437	6192.523321000001	6193.064808	6189.378210000001	6191.748863000001			3.0	1.0	0.0	3.0					
6194.856	15.423999999999978	trials	13.0	6206.718571	6208.649034	6209.518525	6210.369108000001	6206.009644000001	6208.992554			3.0	2.0	0.0	3.0					
6211.805	14.9399999999996	trials	13.0	6222.299742	6223.871557	6224.742076	6225.019656	6221.502377000001	6224.208315000001	6225.43	6226.745	3.0	2.0	1.0	1.0					
6228.802	10.623000000000502	trials	13.0	6234.303804	6235.855175000001	6237.299333	6237.646737	6233.760398	6236.322488000001	6237.845	6239.425	3.0	2.0	1.0	1.0					
6241.589	9.756000000000313	trials	13.0	6246.474243000001	6247.535196000001	6249.1917060000005	6249.478395	6245.883767	6247.98581	6249.775	6251.345	3.0	2.0	1.0	1.0					
6255.386	7.289999999999964	trials	13.0	6258.823558	6260.214449	6261.040981	6262.765251000001	6258.125532	6260.487579000001			3.0	2.0	0.0	3.0					
6264.287	11.487999999999374	trials	13.0	6271.839537000001	6273.70509	6274.563942000001	6275.866322000001	6271.062549	6274.031984			3.0	2.0	0.0	3.0					
6278.875	8.966999999999643	trials	13.0	6285.303917	6286.4395460000005	6287.536661	6287.932004	6284.470688	6286.935098			3.0	2.0	0.0	3.0					
6290.84	12.18499999999949	trials	13.0	6299.7434840000005	6301.525326	6302.468492	6303.115866	6299.114879000001	6301.840865			3.0	2.0	0.0	3.0					
6304.72	16.199999999999818	trials	13.0	6316.434891000001	6317.915361	6318.898427	6319.078634	6315.678405000001	6318.325338000001	6319.58	6320.92	3.0	2.0	1.0	1.0					
6322.936	6.664000000000669	trials	13.0	6326.359025000001	6327.975797	6329.054108	6329.689461	6325.68018	6328.256136			3.0	1.0	0.0	3.0					
6331.366	11.65899999999965	trials	13.0	6338.839148	6339.991968	6340.909673	6341.2164060000005	6337.851720000001	6340.332206	6341.475	6343.025	3.0	2.0	1.0	1.0					
6345.05	783.4879999999994	BlockDesign														1.0	372.0	417.0	50.0	50.0
6345.05	8.364999999999782	trials	14.0	6348.474081	6349.929728	6351.518169	6351.917751	6347.951057	6350.487926000001	6352.076	6353.415	3.0	2.0	1.0	1.0					
6356.435	6.3799999999992	trials	14.0	6359.299398	6360.897709000001			6358.418213000001	6360.889277			3.0		0.0	2.0					
6366.826	26.838999999999942	trials	14.0	6389.710371	6391.007393000001	6391.883394	6392.297595	6388.942839	6391.292908	6392.79	6393.665	2.0	1.0	1.0	1.0					
6395.767	13.208000000000538	trials	14.0	6405.134541	6407.007517	6408.545327000001	6409.0681970000005	6404.3399930000005	6407.438292000001			3.0	2.0	0.0	3.0					
6411.805	18.574999999999818	trials	14.0	6427.419561000001	6428.456055000001	6429.679463	6430.472439	6426.49269	6429.0309210000005			2.0	1.0	0.0	3.0					
6432.93	12.344999999999345	trials	14.0	6441.944147	6443.537595000001	6444.759260000001	6445.364787	6441.378900000001	6444.115595			2.0	1.0	0.0	3.0					
6447.073	15.246999999999389	trials	14.0	6457.159089000001	6458.754146	6461.016366000001	6462.408768	6456.308405000001	6459.416802000001			2.0	2.0	0.0	3.0					
6465.255	21.769999999999527	trials	14.0	6483.829143000001	6485.0124430000005	6486.159259	6487.118553	6483.268839	6485.617473			3.0	2.0	0.0	3.0					
6489.465	22.93499999999949	trials	14.0	6508.296348000001	6509.5672	6510.620621	6510.905220000001	6507.752176	6510.029133	6511.241	6512.4	3.0	2.0	1.0	1.0					
6514.487	9.213999999999942	trials	14.0	6520.020963000001	6521.441439	6522.485892000001	6523.795371	6519.224475	6521.807739000001			2.0	1.0	0.0	3.0					
6525.735	13.085000000000036	trials	14.0	6533.965266	6535.700978000001	6536.759283	6537.204198	6533.2109900000005	6536.079252	6537.34	6538.82	2.0	1.0	1.0	1.0					
6542.84	6.880000000000109	trials	14.0	6545.949420000001	6547.443914	6549.072151	6549.811448	6545.049354000001	6547.9083120000005			3.0	2.0	0.0	3.0					
6553.375	15.590000000000146	trials	14.0	6565.234512	6566.413852000001	6568.170326	6569.059209	6564.285393	6567.294252000001			2.0	1.0	0.0	3.0					
6570.467	22.45800000000054	trials	14.0	6588.921383000001	6590.121440000001	6591.075000000001	6591.463671	6588.265961	6590.4918720000005	6591.735	6592.925	3.0	2.0	1.0	1.0					
6595.088	9.896999999999935	trials	14.0	6601.595022	6603.008908000001			6600.64044	6602.996541			2.0		0.0	2.0					
6608.068	10.572000000000116	trials	14.0	6615.189779	6616.737186	6617.776291	6618.734043	6614.390292	6617.1363360000005			3.0	2.0	0.0	3.0					
6620.07	11.46600000000035	trials	14.0	6626.810186000001	6628.576311000001	6630.6664820000005	6631.629758	6626.012871000001	6629.923676			3.0	1.0	0.0	3.0					
6633.97	34.8159999999998	trials	14.0	6665.17162	6666.748097000001	6668.268338	6668.874335	6664.341683000001	6667.093777			2.0	1.0	0.0	3.0					
6671.635	9.88000000000011	trials	14.0	6676.855294000001	6678.844309	6679.660005000001	6680.087599	6676.229615	6679.079613	6680.505	6681.515	2.0	1.0	1.0	1.0					
6685.665	7.161000000000058	trials	14.0	6688.405464	6689.613431000001	6691.075739	6691.317658	6687.653321000001	6689.989103	6691.741	6692.826	3.0	2.0	1.0	1.0					
6696.84	5.820999999999913	trials	14.0	6699.230802	6700.747458000001			6698.4326280000005	6700.736072000001			2.0		0.0	2.0					
6705.761	30.463999999999942	trials	14.0	6732.020987	6733.258367	6734.156928	6734.408376	6731.355439000001	6733.572835000001	6734.775	6736.225	3.0	2.0	1.0	1.0					
6738.315	7.990000000000691	trials	14.0	6742.915026000001	6744.176901000001	6745.814319	6746.398817	6742.207890000001	6745.185668			2.0	1.0	0.0	3.0					
6748.045	11.159999999999854	trials	14.0	6756.0111990000005	6757.3922840000005	6758.388474	6759.298805	6755.029139	6757.85225			3.0	2.0	0.0	3.0					
6760.69	20.44500000000062	trials	14.0	6777.636024	6778.754073	6780.474451	6781.225351	6777.024028000001	6779.544916000001			2.0	2.0	0.0	3.0					
6784.844	9.576000000000022	trials	14.0	6790.056072	6791.5724820000005	6792.504288	6792.862385	6789.097068	6791.986620000001	6793.245	6794.42	3.0	2.0	1.0	1.0					
6797.495	6.895000000000437	trials	14.0	6801.025732	6802.557411000001	6803.576679000001	6804.481899	6800.2987840000005	6802.996655000001			3.0	2.0	0.0	3.0					
6806.826	17.444000000000415	trials	14.0	6820.1720000000005	6821.378555	6822.632072	6822.936243	6819.246851	6821.877164	6823.16	6824.27	2.0	1.0	1.0	1.0					
6826.29	8.989999999999782	trials	14.0	6830.725978	6832.481425	6833.4827700000005	6833.831585	6829.724218	6832.911335000001	6834.016	6835.28	2.0	1.0	1.0	1.0					
6838.375	9.470000000000255	trials	14.0	6844.051317	6845.229217	6847.214801	6847.937598	6843.504979	6845.976867			3.0	2.0	0.0	3.0					
6851.545	18.774999999999636	trials	14.0	6866.690426	6868.403063000001			6866.160572000001	6868.399932			3.0		0.0	2.0					
6872.33	26.800000000000182	trials	14.0	6895.900922000001	6897.420515000001	6898.263153	6899.221014000001	6894.958523	6897.739128			2.0	1.0	0.0	3.0					
6900.636	9.323999999999614	trials	14.0	6906.95084	6908.5491680000005	6909.394024	6910.052113000001	6906.0932490000005	6908.86059			3.0	2.0	0.0	3.0					
6913.714	25.39599999999973	trials	14.0	6935.91093	6937.742568000001	6938.682822000001	6939.202921	6935.118624000001	6937.789983000001			2.0	1.0	0.0	3.0					
6941.995	22.270000000000437	trials	14.0	6960.257783	6961.5896490000005	6962.690628	6963.1014700000005	6959.516641	6962.002585	6963.366	6964.265	2.0	1.0	1.0	1.0					
6966.292	18.557999999999993	trials	14.0	6980.206103	6982.14458	6982.9643750000005	6983.316256	6979.34789	6982.278875	6983.64	6984.85	3.0	2.0	1.0	1.0					
6987.917	9.442999999999302	trials	14.0	6994.031112000001	6995.263236000001	6996.3897830000005	6996.422519000001	6993.409235	6995.707295			2.0	1.0	1.0	1.0					
7001.895	15.214999999999236	trials	14.0	7013.842122	7015.545416000001	7016.407925	7017.205261	7013.047598	7015.8031200000005			3.0	1.0	0.0	3.0					
7019.67	8.609999999999673	trials	14.0	7025.160992	7026.473597	7027.514883000001	7027.991537	7024.435023	7026.926739			3.0	2.0	0.0	3.0					
7029.745	17.275000000000546	trials	14.0	7044.387387000001	7045.723437000001	7046.64242	7047.113799000001	7043.761218000001	7046.053583000001			2.0	1.0	0.0	3.0					
7048.985	12.225000000000364	trials	14.0	7057.621416	7059.622962	7060.5428790000005	7061.302958	7056.754851000001	7059.987907000001			2.0	1.0	0.0	3.0					
7063.836	8.59900000000016	trials	14.0	7068.572855	7069.683674	7070.648124	7070.990833000001	7067.733072	7070.100848	7071.3	7072.435	3.0	2.0	1.0	1.0					
7075.515	5.807999999999993	trials	14.0	7078.226602000001	7079.533424	7081.035528	7081.322566000001	7077.613775000001	7079.921834000001			3.0	2.0	0.0	3.0					
7084.335	6.744999999999891	trials	14.0	7087.387401	7088.953074	7090.018419	7091.175057	7086.809907000001	7089.410690000001			3.0	2.0	0.0	3.0					
7094.345	10.02099999999973	trials	14.0	7099.576374	7101.836259000001	7102.906706000001	7103.380643	7098.807098	7101.924428			3.0	1.0	0.0	3.0					
7105.161	23.376999999999498	trials	14.0	7124.112187000001	7126.119096	7126.986762	7127.295101000001	7123.360992	7126.365875	7127.634	7128.538	2.0	1.0	1.0	1.0					
7131.625	103.40499999999975	BlockDesign														1.0	418.0	422.0	0.0	0.0
7131.625	6.5649999999996	trials	15.0	7135.11653	7136.534757	7137.4466250000005	7138.282247	7134.301451	7136.895785000001			2.0	1.0	0.0	3.0					
7141.75	7.880000000000109	trials	15.0	7145.781731	7147.348139000001	7148.75997	7148.911068	7144.864844000001	7148.139159			2.0	1.0	0.0	3.0					
7152.075	9.890000000000327	trials	15.0	7157.467509	7159.803133	7161.459872	7162.0596510000005	7156.731465000001	7160.407107000001			2.0	2.0	0.0	3.0					
7164.73	10.140000000000327	trials	15.0	7171.626942000001	7173.637247000001	7174.395342	7174.963482	7171.037622	7173.809733			2.0	1.0	0.0	3.0					
7178.64	56.38999999999942	trials	15.0	7232.102213	7233.4838310000005			7231.133744000001	7233.91514			2.0	1.0	0.0	3.0					
7239.295	116.22000000000025	BlockDesign														1.0	423.0	428.0	0.0	0.0
7239.295	9.990999999999985	trials	16.0	7245.517285	7247.310411	7247.936355	7248.258637000001	7244.682917	7247.3004			3.0		0.0	2.0					
7253.3	20.90099999999984	trials	16.0	7270.982388	7272.0141650000005	7273.020116000001	7274.295383000001	7270.169907	7272.480042			3.0	2.0	0.0	3.0					
7276.265	29.36999999999989	trials	16.0	7302.3841170000005	7304.1042560000005	7304.809097	7305.731519000001	7301.847527	7304.226465000001			3.0	2.0	0.0	3.0					
7308.184	15.996000000000095	trials	16.0	7320.927965000001	7322.423036	7323.375981	7324.273892	7320.095288	7322.701832000001			3.0	2.0	0.0	3.0					
7326.62	17.300000000000182	trials	16.0	7340.607789000001	7342.24254	7343.165759	7344.016919000001	7339.741991000001	7342.539830000001			3.0	2.0	0.0	3.0					
7346.541	8.97400000000016	trials	16.0	7353.022965	7354.441242000001	7355.509698	7356.265944000001	7352.239133	7354.882338			3.0	2.0	0.0	3.0					
7358.83	749.165	BlockDesign														1.0	429.0	473.0	50.0	50.0
7358.83	28.050000000000182	trials	17.0	7382.464352000001	7383.759053000001	7384.771449	7385.090175	7381.877153	7384.206789	7385.32	7386.88	3.0	2.0	1.0	1.0					
7389.964	9.131000000000313	trials	17.0	7395.612531000001	7397.314592000001	7398.199364	7399.1906340000005	7394.734931000001	7397.663289			3.0	2.0	0.0	3.0					
7400.558	11.436999999999898	trials	17.0	7408.509279	7410.409328000001	7411.216817	7412.089566000001	7407.7527230000005	7410.610907			3.0	2.0	0.0	3.0					
7415.545	25.18000000000029	trials	17.0	7436.063574000001	7437.939559	7438.655712000001	7439.0734410000005	7435.10628	7437.99186	7439.32	7440.725	2.0	1.0	1.0	1.0					
7443.745	7.114999999999782	trials	17.0	7447.143344	7448.944744			7446.476073	7448.936778			2.0		0.0	2.0					
7452.87	30.291000000000167	trials	17.0	7478.384353	7479.494137000001	7481.370440000001	7481.657982000001	7477.508455	7480.489556	7481.97	7483.161	2.0	1.0	1.0	1.0					
7487.182	7.778000000000247	trials	17.0	7490.282861000001	7491.376851000001	7492.935734000001	7493.211974	7489.293918	7491.885693	7493.46	7494.96	3.0	2.0	1.0	1.0					
7496.975	8.554999999999382	trials	17.0	7501.233255	7502.729489	7503.715017	7503.8301870000005	7500.575582	7503.14897			2.0	1.0	0.0	3.0					
7506.03	14.100000000000364	trials	17.0	7516.403066000001	7518.374879000001	7519.429142000001	7520.22603	7515.886949000001	7518.455714000001			3.0	2.0	0.0	3.0					
7522.765	20.594999999999345	trials	17.0	7539.089931	7540.395386	7541.275532000001	7541.665184	7538.393508	7540.73886	7541.895	7543.36	2.0	1.0	1.0	1.0					
7545.451	8.819000000000415	trials	17.0	7550.523633000001	7552.3701200000005	7553.608206000001	7554.366263	7549.915826	7552.701057			2.0	1.0	0.0	3.0					
7556.95	7.775000000000546	trials	17.0	7560.792899	7562.636656000001	7564.008215	7564.821467000001	7560.005273000001	7563.388358			3.0	2.0	0.0	3.0					
7568.341	16.28899999999976	trials	17.0	7579.9584110000005	7581.756929	7582.67589	7583.060376	7579.073175	7582.03298	7583.385	7584.63	2.0	1.0	1.0	1.0					
7587.667	8.177999999999884	trials	17.0	7592.138940000001	7593.931089000001			7591.175450000001	7593.921083			3.0		0.0	2.0					
7597.922	34.11400000000049	trials	17.0	7628.174901	7630.125318			7627.537245	7630.115533			2.0		0.0	2.0					
7636.116	10.774000000000342	trials	17.0	7643.073687	7644.209219	7645.0794240000005	7645.372212	7642.126179000001	7644.528531	7645.61	7646.89	3.0	2.0	1.0	1.0					
7648.985	8.345000000000255	trials	17.0	7653.6844200000005	7655.374815	7656.578418	7657.425723	7653.117489	7655.50097			3.0	2.0	0.0	3.0					
7659.956	15.389000000000124	trials	17.0	7672.243575	7673.6478050000005	7674.584838000001	7675.43846	7671.242645	7673.983008			2.0	1.0	0.0	3.0					
7678.87	12.845000000000255	trials	17.0	7687.439736	7688.636879000001	7689.744434	7690.092144	7686.754775	7689.142616	7690.375	7691.715	3.0	2.0	1.0	1.0					
7693.806	11.230000000000473	trials	17.0	7700.953562000001	7702.005261	7703.124720000001	7703.295756	7700.378210000001	7702.417094	7703.795	7705.036	2.0	1.0	1.0	1.0					
7708.055	10.659999999999854	trials	17.0	7713.980673	7715.075681	7716.8902530000005	7717.231403000001	7713.210027	7715.735034	7717.451	7718.715	2.0	1.0	1.0	1.0					
7720.665	9.149999999999636	trials	17.0	7726.208487	7727.920169000001	7729.299381000001	7729.908792	7725.439649	7728.032205			2.0	1.0	0.0	3.0					
7732.625	22.38500000000022	trials	17.0	7751.944086	7753.700622	7754.733083	7755.008642000001	7751.426646	7753.746627			3.0	2.0	0.0	3.0					
7759.027	7.706000000000131	trials	17.0	7762.029098000001	7763.16972	7764.927698	7765.19825	7761.432054000001	7763.902703000001	7765.55	7766.733	3.0	2.0	1.0	1.0					
7768.82	8.460000000000036	trials	17.0	7773.168978000001	7774.768745	7775.682533	7776.000540000001	7772.541029	7775.008539	7776.475	7777.28	2.0	1.0	1.0	1.0					
7779.305	12.484999999999673	trials	17.0	7788.340883000001	7789.881282			7787.717445	7789.870376000001			3.0		0.0	2.0					
7795.839	38.73700000000008	trials	17.0	7831.389504000001	7833.184886000001	7833.690312000001	7834.668531	7830.774307000001	7833.107306			3.0	2.0	0.0	3.0					
7837.991	11.069000000000415	trials	17.0	7846.425825	7847.739795	7848.566441000001	7849.157573	7845.629658	7847.976119000001			2.0	1.0	0.0	3.0					
7851.87	17.55500000000029	trials	17.0	7864.829369	7866.126453000001	7867.674414	7868.056956	7864.162191	7866.632147	7868.38	7869.425	2.0	1.0	1.0	1.0					
7871.361	7.5900000000001455	trials	17.0	7875.439466	7877.334283	7878.103037000001	7879.049766	7874.87924	7877.4715830000005			2.0	1.0	0.0	3.0					
7881.402	13.95299999999952	trials	17.0	7892.289429	7893.581108	7894.6105130000005	7895.4525810000005	7891.434999	7893.993446			3.0	2.0	0.0	3.0					
7897.86	11.375	trials	17.0	7905.559677	7907.323529			7904.847215000001	7907.3093930000005			3.0		0.0	2.0					
7912.245	21.25	trials	17.0	7928.821475000001	7930.6853280000005	7931.592468000001	7931.866956	7928.239001	7931.0654	7932.29	7933.495	3.0	2.0	1.0	1.0					
7935.512	10.024000000000342	trials	17.0	7940.544602	7942.332963000001	7943.819504	7944.111552	7939.597110000001	7942.779332	7944.536	7945.536	3.0	2.0	1.0	1.0					
7949.555	5.005000000000109	trials	17.0	7951.689981	7952.921558	7954.159164000001	7954.654496	7950.708534	7953.252369			2.0	1.0	0.0	3.0					
7957.417	17.448999999999614	trials	17.0	7970.779656000001	7972.161875000001	7973.232593000001	7973.638628000001	7969.831167	7972.588673	7973.86	7974.866	2.0	1.0	1.0	1.0					
7976.995	9.109999999999673	trials	17.0	7982.966204	7984.418665	7985.422422000001	7986.203309	7981.972296	7984.786377			3.0	1.0	0.0	3.0					
7989.714	8.996000000000095	trials	17.0	7994.700036	7996.097102000001	7996.986714000001	7997.154942	7993.698813000001	7996.356414	7997.495	7998.71	2.0	1.0	1.0	1.0					
8000.647	8.389000000000124	trials	17.0	8005.716504	8007.162509000001	8008.034318	8009.129819000001	8004.811095000001	8007.436488			2.0	1.0	0.0	3.0					
8011.336	14.40899999999965	trials	17.0	8021.970507	8023.127639	8024.9657480000005	8025.842913	8021.236755	8023.782701			3.0	2.0	0.0	3.0					
8029.225	15.194999999999709	trials	17.0	8040.419796	8041.961724000001	8042.8106370000005	8043.173261	8039.791505	8042.212326000001	8043.295	8044.42	2.0	1.0	1.0	1.0					
8046.44	8.465000000000146	trials	17.0	8051.135388000001	8052.867156	8054.214653000001	8055.000987	8050.569170000001	8053.44699			3.0	2.0	0.0	3.0					
8056.46	12.74499999999989	trials	17.0	8065.985043000001	8067.760269	8068.803314000001	8069.303627	8065.323083	8068.2162020000005			3.0	1.0	0.0	3.0					
8072.116	24.5	trials	17.0	8092.430723	8094.049601000001	8094.902208	8095.120538	8091.912831000001	8094.381177	8095.491	8096.616	3.0	2.0	1.0	1.0					
8099.685	8.30999999999949	trials	17.0	8105.990339	8107.072076	8107.966506000001	8108.490456	8105.123568000001	8107.375846000001			2.0	1.0	0.0	3.0					
8112.27	633.7349999999988	BlockDesign														1.0	474.0	511.0	50.0	90.0
8112.27	26.454999999999927	trials	18.0	8134.3505940000005	8135.48697	8136.920844	8137.151247000001	8133.556019000001	8136.357080000001	8137.585	8138.725	1.0	2.0	1.0	1.0					
8142.745	7.800000000000182	trials	18.0	8145.950549	8147.844593	8148.869547	8149.149588	8145.4290470000005	8148.253826	8149.52	8150.545	1.0	1.0	1.0	1.0					
8152.562	19.14300000000003	trials	18.0	8167.270703	8168.711861000001	8170.152438	8170.275491	8166.624753	8169.459929000001	8170.875	8171.705	1.0	1.0	1.0	1.0					
8175.725	7.375	trials	18.0	8177.4007	8179.373813	8181.369605	8181.61509	8176.812	8180.249411000001	8182.02	8183.1	1.0	2.0	1.0	1.0					
8185.195	9.305000000000291	trials	18.0	8189.5206370000005	8191.397858	8192.820908	8192.97999	8188.857567000001	8192.25707	8193.438	8194.5	1.0	1.0	1.0	1.0					
8197.375	8.290000000000873	trials	18.0	8201.216953000001	8202.697673	8204.01261	8204.368455	8200.293697000001	8203.266668	8204.576	8205.665	1.0	1.0	1.0	1.0					
8208.595	6.257999999999811	trials	18.0	8211.460373	8212.857426	8214.534237	8214.952191	8210.654072000001	8213.624568			1.0	1.0	0.0	3.0					
8218.78	8.93499999999949	trials	18.0	8222.285595000001	8224.247348	8226.120542	8226.382061	8221.636037	8225.060527000001	8226.8	8227.715	1.0	2.0	1.0	1.0					
8229.8	10.895000000000437	trials	18.0	8236.500567000001	8237.702430000001	8239.099134	8239.282767	8235.510105000001	8238.477132	8239.92	8240.695	1.0	2.0	1.0	1.0					
8244.792	6.108000000000175	trials	18.0	8246.571261000001	8247.737714	8249.298453	8249.583556000001	8245.956605	8248.34871	8250.05	8250.9	1.0	2.0	1.0	1.0					
8254.05	10.159999999999854	trials	18.0	8259.615728	8261.318544	8262.545509	8262.876794	8258.993384000001	8261.978207	8263.14	8264.21	1.0	2.0	1.0	1.0					
8267.277	6.6929999999993015	trials	18.0	8269.540986	8271.518895000001	8272.299606	8272.596197	8268.703519	8271.814896	8272.951	8273.97	1.0	2.0	1.0	1.0					
8277.042	6.688000000000102	trials	18.0	8279.700897	8281.327532	8282.255297	8282.514093	8278.969964	8281.667042000001	8282.96	8283.73	1.0	1.0	1.0	1.0					
8287.796	5.444999999999709	trials	18.0	8289.575682	8291.339225	8292.493954000001	8293.340943	8288.910432	8291.9588			1.0	2.0	0.0	3.0					
8294.765	14.976000000000568	trials	18.0	8304.891512	8306.413643	8308.305392	8308.605702	8304.212641	8307.175498	8308.8	8309.741	1.0	2.0	1.0	1.0					
8312.795	7.805000000000291	trials	18.0	8316.030983	8317.944703000001	8318.920391	8319.256302	8315.219981	8318.29098	8319.555	8320.6	1.0	1.0	1.0	1.0					
8324.67	6.274999999999636	trials	18.0	8326.995949	8328.353016000001	8329.429268	8329.683783	8326.098054	8328.844674	8330.025	8330.945	1.0	2.0	1.0	1.0					
8333.011	6.8289999999997235	trials	18.0	8335.762629	8337.406467	8338.209086	8338.476932000001	8335.084437000001	8337.686075000001	8338.86	8339.84	1.0	2.0	1.0	1.0					
8343.876	5.958999999998923	trials	18.0	8345.826272	8347.215443000001	8348.164457	8348.477169	8344.202682000001	8347.654874	8348.81	8349.835	1.0	2.0	1.0	1.0					
8352.89	11.325000000000728	trials	18.0	8355.861452000001	8357.605113000001	8358.599159000001	8358.879032	8355.166676	8357.98394	8359.305	8360.4	1.0	2.0	1.0	1.0					
8364.45	5.764999999999418	trials	18.0	8366.471633000001	8367.978109	8368.562282	8368.898019	8364.315099	8367.992262	8369.35	8370.215	1.0	2.0	1.0	1.0					
8372.301	6.299000000000888	trials	18.0	8375.486357	8377.360983	8378.291966	8378.696388	8374.646754000001	8377.739394			1.0	1.0	0.0	3.0					
8381.588	6.79700000000048	trials	18.0	8384.311367	8385.40306	8386.835918	8386.930556	8383.612071	8386.155337	8387.43	8388.385	1.0	2.0	1.0	1.0					
8391.405	4.969999999999345	trials	18.0	8393.5764	8394.418454	8395.061147	8395.548273	8392.208900000001	8394.410469			1.0		0.0	2.0					
8398.38	6.355000000001382	trials	18.0	8401.677627000001	8403.074465	8404.105007	8404.833888000001	8401.002768	8403.404367000001			1.0	1.0	0.0	3.0					
8406.435	105.73999999999978	trials	18.0	8507.796324	8509.559326	8510.415586000001	8510.771051	8507.101397	8509.883618	8511.025	8512.175	1.0	2.0	1.0	1.0					
8516.207	76.52800000000025	trials	18.0	8589.053535000001	8590.824072	8591.589926	8592.052677	8588.214956	8590.812652			1.0		0.0	2.0					
8594.785	15.31500000000051	trials	18.0	8606.847384	8608.335000000001	8609.340404	8610.19748	8605.966503	8608.744539			1.0	1.0	0.0	3.0					
8612.57	7.450000000000728	trials	18.0	8615.852253000001	8616.959866000001	8618.408026000001	8618.754444	8615.203073	8617.826171	8619.01	8620.02	1.0	2.0	1.0	1.0					
8623.04	11.589999999998327	trials	18.0	8630.05348	8631.819328000001	8632.79997	8633.350353	8629.413777	8632.265510000001	8633.491	8634.63	1.0	2.0	1.0	1.0					
8636.717	17.813000000000102	trials	18.0	8651.362545	8652.883659000001	8654.064675000001	8654.630414	8650.370559	8653.383932			1.0	1.0	0.0	3.0					
8656.355	8.104999999999563	trials	18.0	8661.483322	8662.587591	8663.761368	8664.557757	8660.710428	8663.18157			1.0	2.0	0.0	3.0					
8666.07	10.975000000000364	trials	18.0	8672.71866	8674.076957000001	8675.352401	8675.740537000001	8671.835072	8674.740135	8675.885	8677.045	1.0	2.0	1.0	1.0					
8679.186	19.873999999999796	trials	18.0	8694.763687	8696.374211	8697.297666	8697.791159	8694.070856	8696.765503	8697.885	8699.06	1.0	2.0	1.0	1.0					
8702.106	9.498999999999796	trials	18.0	8708.572688	8709.749289	8710.944087	8711.703143	8707.636299	8710.403868000001			1.0	2.0	0.0	3.0					
8713.167	10.708000000000538	trials	18.0	8719.257074000001	8720.764039000002	8722.193616	8722.576154	8718.379304	8721.573228000001	8722.78	8723.875	1.0	2.0	1.0	1.0					
8727.895	6.174999999999272	trials	18.0	8730.502572000001	8732.249208000001	8733.103262	8733.5133	8729.657951000001	8732.415851			1.0	2.0	1.0	1.0					
8737.674	8.330999999998312	trials	18.0	8741.929163	8743.190633	8744.233398	8744.590845	8741.068764	8743.6463	8744.92	8746.005	1.0	2.0	1.0	1.0					
8750.091	728.1239999999998	BlockDesign														1.0	512.0	570.0	90.0	50.0
8750.091	6.929000000000087	trials	19.0	8752.003595	8754.076458	8755.285264	8755.776374000001	8750.679606	8754.045114	8755.91	8757.02	1.0	1.0	1.0	1.0					
8760.111	14.563999999998487	trials	19.0	8771.337225	8773.06482	8774.170086	8774.773029	8770.821006	8773.578927			1.0	2.0	0.0	3.0					
8778.411	7.644000000000233	trials	19.0	8782.487817000001	8783.960601	8785.745391	8786.157203	8781.681581	8784.50993			1.0	2.0	0.0	3.0					
8787.985	10.519999999998618	trials	19.0	8794.223256000001	8795.384191000001	8796.90178	8797.252468	8793.29484	8796.151872	8797.63	8798.505	1.0	1.0	1.0	1.0					
8800.525	20.675999999999476	trials	19.0	8816.933349	8818.174227	8819.448185000001	8819.865956000001	8815.984619	8818.828645000001	8820.015	8821.201	1.0	1.0	1.0	1.0					
8825.237	12.57300000000032	trials	19.0	8834.457921000001	8835.611393000001	8837.152814000001	8837.911915	8833.616483	8836.325058			1.0	2.0	0.0	3.0					
8839.466	9.123999999999796	trials	19.0	8844.405702	8845.838648	8846.890349000001	8847.176172	8843.402703	8846.182571000001	8847.576	8848.59	1.0	1.0	1.0	1.0					
8851.675	7.575000000000728	trials	19.0	8854.993062000001	8856.666443	8857.659848	8858.053628000001	8854.319160000001	8857.018015000001	8858.25	8859.25	1.0	1.0	1.0	1.0					
8861.275	7.604999999999563	trials	19.0	8864.563796	8866.28577	8867.286551000001	8867.382321000001	8863.910744	8866.571984	8867.81	8868.88	1.0	1.0	1.0	1.0					
8870.915	7.209999999999127	trials	19.0	8874.184242	8875.706964	8877.32214	8878.226881	8873.638839	8876.619744			1.0	1.0	0.0	3.0					
8880.685	12.351000000000568	trials	19.0	8888.498237	8890.479835	8891.506415	8891.725679000001	8887.582811	8890.882869000001	8892.161	8893.036	1.0	1.0	1.0	1.0					
8896.055	8.7549999999992	trials	19.0	8899.268551000001	8901.031473000001	8903.067164	8903.348474	8898.539685	8901.890237	8903.705	8904.81	1.0	2.0	1.0	1.0					
8908.83	5.559999999999491	trials	19.0	8910.587756	8911.711028	8912.792412	8913.216846	8909.576016	8912.179286	8913.425	8914.39	1.0	1.0	1.0	1.0					
8917.435	6.970000000001164	trials	19.0	8921.353681	8922.455513	8923.483508000001	8924.50733	8920.530492	8922.799592			1.0	1.0	0.0	3.0					
8925.716	10.003999999998996	trials	19.0	8931.21384	8932.656014	8934.186746	8934.534293	8930.683070000001	8933.434232	8934.775	8935.72	1.0	2.0	1.0	1.0					
8939.84	5.170000000000073	trials	19.0	8941.508253	8943.326222	8944.248089	8945.112704000001	8940.888621	8943.698784			1.0	2.0	0.0	3.0					
8948.485	7.834999999999127	trials	19.0	8951.583458000001	8953.46212	8954.669565	8955.034708000001	8950.651772000001	8953.998162	8955.315	8956.32	1.0	1.0	1.0	1.0					
8959.37	6.524999999999636	trials	19.0	8961.868722	8963.535293	8964.851088	8965.197743	8961.318434	8964.169863000001			1.0	2.0	1.0	1.0					
8969.305	10.998999999999796	trials	19.0	8976.248444	8977.356553000001	8978.662863000001	8979.00843	8975.736333	8977.996565000001	8979.35	8980.304	1.0	1.0	1.0	1.0					
8982.32	7.645000000000437	trials	19.0	8985.708869	8987.122358	8988.343752	8988.721297	8984.727684000001	8987.732045	8988.975	8989.965	1.0	1.0	1.0	1.0					
8993.0	6.729999999999563	trials	19.0	8995.838238	8996.957316	8998.287035000001	8998.589187000001	8994.839903	8997.529374	8998.991	8999.73	1.0	1.0	1.0	1.0					
9001.816	8.384000000000015	trials	19.0	9006.390409	9008.385063	9009.938132	9010.261539000001	9005.720735	9008.957637			1.0	2.0	0.0	3.0					
9012.229	10.105999999999767	trials	19.0	9018.154746	9019.861485000001	9020.667233	9021.023469	9017.405063	9020.075936000001	9021.35	9022.335	1.0	1.0	1.0	1.0					
9024.403	10.752000000000407	trials	19.0	9026.8685	9028.410589000001	9029.573909	9029.996558	9026.078712	9028.629921	9030.31	9031.451	1.0	1.0	1.0	1.0					
9035.386	4.805000000000291	trials	19.0	9037.29861	9038.685959	9039.819933	9040.290861000001	9035.257497	9039.180846			1.0	2.0	0.0	3.0					
9044.106	8.918999999999869	trials	19.0	9048.258354000001	9050.322374	9051.248043	9051.642597	9047.347203000001	9050.663493	9051.905	9053.025	1.0	1.0	1.0	1.0					
9057.175	5.595000000001164	trials	19.0	9059.538635	9060.775697000001	9061.773692	9062.872386000001	9058.547274	9061.196501			1.0	2.0	0.0	3.0					
9064.015	14.454999999999927	trials	19.0	9073.984259	9075.175396	9076.639822000001	9077.044965000001	9073.465693	9075.979427	9077.435	9078.47	1.0	1.0	1.0	1.0					
9081.552	7.483000000000175	trials	19.0	9084.748959	9086.347557000001	9087.292468	9087.710553	9084.145373	9086.691071000001	9087.89	9089.035	1.0	1.0	1.0	1.0					
9091.96	9.720000000001164	trials	19.0	9097.579143	9098.785753	9099.997454	9100.430129	9096.646986	9099.328234	9100.69	9101.68	1.0	1.0	1.0	1.0					
9104.751	12.284999999999854	trials	19.0	9112.729373	9114.100687	9115.420827	9115.731603	9112.14532	9114.819411	9115.935	9117.036	1.0	2.0	1.0	1.0					
9120.06	8.325000000000728	trials	19.0	9122.780138	9124.392153	9126.639329000001	9127.022678000001	9122.02841	9125.25279	9127.355	9128.385	1.0	2.0	1.0	1.0					
9130.475	6.209999999999127	trials	19.0	9133.419027	9134.744835000001	9135.698374	9136.788464000001	9132.476879	9135.110396			1.0	1.0	0.0	3.0					
9139.981	11.189000000000306	trials	19.0	9146.628759	9148.521482	9149.455593	9149.823	9145.635426	9148.845485	9150.15	9151.17	1.0	1.0	1.0	1.0					
9155.201	6.040000000000873	trials	19.0	9156.945950000001	9158.726813000001	9160.556043	9161.342817	9156.039095	9159.765561			1.0	2.0	0.0	3.0					
9163.84	8.364999999999782	trials	19.0	9168.339233	9170.321002	9171.789198	9172.306311	9167.828238	9170.979643			1.0	1.0	0.0	3.0					
9174.093	14.911999999998443	trials	19.0									1.0	2.0	0.0	3.0					
9192.783	33.60200000000077	trials	19.0	9221.545954000001	9222.868755000001	9224.5485	9224.811338000001	9220.860418	9223.501396000001	9225.295	9226.385	1.0	2.0	1.0	1.0					
9230.47	19.566000000000713	trials	19.0	9245.952061	9247.215069	9248.196363000001	9248.600674000001	9245.413524000001	9247.602438	9248.955	9250.036	1.0	2.0	1.0	1.0					
9252.119	9.71099999999933	trials	19.0	9257.520998	9259.087872	9260.059371000001	9260.442934	9256.739893	9259.404591	9260.77	9261.83	1.0	1.0	1.0	1.0					
9265.975	5.744999999998981	trials	19.0	9267.867363000001	9269.25602	9270.407007000002	9271.719786000001	9267.229678000002	9269.781794			1.0	2.0	0.0	3.0					
9272.732	11.94800000000032	trials	19.0	9279.640891000001	9280.903924	9282.917532000001	9284.679667	9279.085203	9282.295723000001			1.0	2.0	0.0	3.0					
9285.265	11.420000000000073	trials	19.0	9291.69541	9293.333131000001	9294.950175	9295.390291000002	9291.057222000001	9293.888745	9295.605	9296.685	1.0	1.0	1.0	1.0					
9300.705	6.831000000000131	trials	19.0	9303.0913	9304.378684000001	9305.769154000001	9306.151144000001	9302.439867000001	9305.019669000001	9306.47	9307.536	1.0	1.0	1.0	1.0					
9310.619	7.935999999999694	trials	19.0	9313.780609000001	9315.483390000001	9316.676541	9317.154418	9312.78469	9316.000978	9317.451	9318.555	1.0	1.0	1.0	1.0					
9320.652	8.747999999999593	trials	19.0	9324.525822000001	9326.322322	9327.425274000001	9327.871311	9323.699649	9326.704533	9328.15	9329.4	1.0	1.0	1.0	1.0					
9331.42	8.570999999999913	trials	19.0	9335.68635	9336.995742000001	9338.084875	9338.52159	9334.736586	9337.424905	9338.765	9339.991	1.0	1.0	1.0	1.0					
9344.028	5.346999999999753	trials	19.0	9345.966852000001	9347.312977000001			9344.382526000001	9347.309524			1.0		0.0	2.0					
9352.441	17.903999999998632	trials	19.0	9365.480899	9367.54147	9368.572177	9368.998933	9364.611012000001	9367.960182	9369.34	9370.345	1.0	1.0	1.0	1.0					
9372.417	8.853000000000975	trials	19.0	9377.306515	9378.670425	9379.588515000001	9379.957345	9376.556320000002	9378.979239	9380.31	9381.27	1.0	1.0	1.0	1.0					
9383.345	7.765000000001237	trials	19.0	9387.046621000001	9388.256593	9389.312332000001	9389.718735	9386.20881	9388.620683000001	9390.076	9391.11	1.0	1.0	1.0	1.0					
9395.263	5.92699999999968	trials	19.0	9397.141171000001	9398.218345000001	9399.293274000001	9399.699475000001	9396.159312000002	9398.601480000001	9399.975	9401.19	1.0	1.0	1.0	1.0					
9403.207	7.9429999999993015	trials	19.0	9406.69627	9408.017207	9409.348202000001	9409.728556	9406.039918	9408.681538	9409.991	9411.15	1.0	1.0	1.0	1.0					
9415.235	5.704999999999927	trials	19.0	9417.391749	9419.027856	9420.147519	9420.936894	9416.294778000001	9419.530282000002			1.0	2.0	0.0	3.0					
9423.5	12.549999999999272	trials	19.0	9431.821431	9432.888349	9434.238984000001	9434.647383000001	9431.063687	9433.395577000001	9434.88	9436.05	1.0	1.0	1.0	1.0					
9438.07	6.880999999999403	trials	19.0	9441.381827000001	9442.874227	9443.889049000001	9444.314652000001	9440.763192	9443.199279			1.0	1.0	1.0	1.0					
9448.48	8.860000000000582	trials	19.0	9453.231259	9454.799841	9455.625702000001	9456.046891	9452.546836000001	9455.000971000001	9456.491	9457.34	1.0	1.0	1.0	1.0					
9461.466	6.609999999998763	trials	19.0	9463.296818	9465.29605	9466.343778	9466.634067	9462.646521	9465.414729	9467.17	9468.076	1.0	1.0	1.0	1.0					
9469.997	8.218000000000757	trials	19.0	9473.976604000001	9475.814809000001	9477.144309000001	9477.574684000001	9473.078982	9476.515653			1.0	1.0	1.0	1.0					
9481.75	193.29999999999927	BlockDesign														1.0	571.0	575.0	0.0	0.0
9481.75	8.1299999999992	trials	20.0	9486.507886000001	9488.043879	9489.048301	9489.881373	9485.597704	9488.36586			1.0	1.0	0.0	3.0					
9494.417	8.233000000000175	trials	20.0	9498.416999000001	9500.270371	9502.122802	9502.648879	9497.546970000001	9501.199306			1.0	1.0	0.0	3.0					
9507.525	12.795000000000073	trials	20.0	9516.887098000001	9518.733525000001	9519.769450000002	9520.317382000001	9516.165981	9519.090385000001			1.0	1.0	0.0	3.0					
9523.22	133.86499999999978	trials	20.0	9609.922381	9611.405761	9656.152659000001	9657.087243	9609.184219	9611.514885			1.0	2.0	0.0	3.0					
9659.558	15.49199999999837	trials	20.0	9671.942907	9673.814236	9674.955064000002	9676.060387000001	9670.99962	9674.354208			1.0	2.0	0.0	3.0					
9679.323	400.3779999999988	BlockDesign														1.0	576.0	598.0	10.0	50.0
9679.323	16.436999999999898	trials	21.0	9691.657083	9692.972071	9694.074135	9694.347933000001	9691.141008	9693.476856000001	9694.76	9695.76	1.0	2.0	1.0	1.0					
9699.811	7.0239999999994325	trials	21.0	9703.548342	9704.955742	9705.923751	9706.833196000001	9702.610317	9705.282693000001			1.0	1.0	0.0	3.0					
9708.391	26.55999999999949	trials	21.0	9731.467820000002	9732.697566	9733.866435	9734.948442	9730.561491	9733.249764			1.0	2.0	0.0	3.0					
9736.279	23.325999999999112	trials	21.0	9755.257972000001	9756.849726	9757.911221	9758.300779000001	9754.309936000001	9757.204357	9758.576	9759.605	1.0	2.0	1.0	1.0					
9761.691	8.929000000000087	trials	21.0	9766.103131	9768.068347	9769.44763	9769.797556000001	9765.397531	9768.62313			1.0	1.0	0.0	3.0					
9771.85	16.24499999999898	trials	21.0	9783.585385	9784.927683	9786.20608	9786.57034	9782.826073	9785.565395000001	9786.94	9788.095	1.0	2.0	1.0	1.0					
9792.225	5.619999999998981	trials	21.0	9794.588713000001	9795.828354000001	9796.82371	9797.845379	9793.678399	9796.251679			1.0	2.0	0.0	3.0					
9799.225	14.265999999999622	trials	21.0	9809.978216000001	9811.484302			9809.411314	9811.476377			1.0		0.0	2.0					
9817.5	28.100000000000364	trials	21.0	9841.107955000001	9842.777454000001	9843.578263000001	9843.858457	9840.396753	9843.062924000002	9844.271	9845.6	1.0	2.0	1.0	1.0					
9847.685	9.585000000000946	trials	21.0	9853.723316000001	9855.709911	9856.808896	9857.271448000001	9853.138888000001	9856.045037			1.0	1.0	0.0	3.0					
9860.167	11.00799999999981	trials	21.0	9866.973439000001	9868.375798000001	9869.323396	9869.662741	9866.243116000001	9868.777674	9869.995	9871.175	1.0	2.0	1.0	1.0					
9874.245	10.120999999999185	trials	21.0	9879.558537	9881.267323	9883.440569	9884.367298000001	9879.036066	9882.261646			1.0	2.0	0.0	3.0					
9886.825	14.71099999999933	trials	21.0	9896.713659000001	9898.152676000002	9899.681859	9899.957507000001	9895.876201000001	9898.690116000002	9900.48	9901.536	1.0	2.0	1.0	1.0					
9905.555	6.579999999999927	trials	21.0	9908.539540000002	9909.6401	9910.650188000001	9912.137199	9907.818157000002	9910.111347			1.0	2.0	0.0	3.0					
9913.976	42.70899999999892	trials	21.0	9953.225496000001	9954.576217000002	9955.759871	9956.68525	9952.500736	9955.155373000001			1.0	2.0	0.0	3.0					
9959.155	22.729999999999563	trials	21.0	9976.995246	9978.872098	9979.850296	9980.186376000001	9976.234684000001	9979.270240000002	9980.675	9981.885	1.0	1.0	1.0	1.0					
9983.92	8.549999999999272	trials	21.0	9987.870505	9989.215984	9990.560573	9990.813117000002	9987.353350000001	9989.893669000001	9991.28	9992.47	1.0	2.0	1.0	1.0					
9996.55	5.77599999999984	trials	21.0	9998.83084	10000.258429000001	10001.303845	10002.329409	9997.867831000001	10000.671699			1.0	2.0	0.0	3.0					
10005.64	13.890000000001237	trials	21.0	10014.564208	10016.156347	10017.359766000001	10017.740468	10013.651646	10016.714078	10018.005	10019.53	1.0	2.0	1.0	1.0					
10022.6	7.414999999999054	trials	21.0	10025.915755	10027.922953000001	10029.391285000002	10030.017080000001	10025.149582	10028.531755			1.0	1.0	0.0	3.0					
10033.776	10.314000000000306	trials	21.0	10040.205676000001	10041.821783000001	10043.257506	10044.093826	10039.684999000001	10042.273825			1.0	2.0	0.0	3.0					
10047.683	20.961999999999534	trials	21.0	10064.720182000001	10065.855925	10066.788862000001	10067.047621000002	10063.728266	10066.263058	10067.53	10068.645	1.0	2.0	1.0	1.0					
10071.71	7.9909999999999854	trials	21.0	10074.824101	10075.966495	10077.570379	10077.852187	10073.918333000001	10076.510321000002	10078.27	10079.701	1.0	2.0	1.0	1.0					
10083.757	1184.4629999999997	BlockDesign														1.0	599.0	666.0	50.0	10.0
10083.757	5.72400000000016	trials	22.0	10086.197565	10087.770217000001	10088.890221000001	10089.479940000001	10085.257056	10088.259675000001			1.0	2.0	0.0	3.0					
10092.231	11.084000000000742	trials	22.0	10098.745951	10099.90926	10101.333120000001	10101.667360000001	10098.179937	10100.717999	10102.055	10103.315	1.0	1.0	1.0	1.0					
10106.335	9.375	trials	22.0	10111.330768	10113.551541	10115.032216000001	10115.712162	10110.434505000001	10114.003002000001			1.0	2.0	0.0	3.0					
10118.42	26.8799999999992	trials	22.0	10140.184492	10141.584980000001	10143.028306	10143.342838	10139.346415	10142.441876	10143.855	10145.3	1.0	1.0	1.0	1.0					
10147.175	6.630000000001019	trials	22.0	10150.630362	10151.748132	10152.871425000001	10153.806209	10149.88534	10152.164598000001			1.0	1.0	0.0	3.0					
10156.265	11.444999999999709	trials	22.0	10164.710403000001	10165.781341	10167.376086	10167.682591	10164.126874000001	10166.358295			1.0	2.0	0.0	3.0					
10169.72	24.05500000000029	trials	22.0	10190.916055000002	10192.014028000001	10193.326593000002	10193.776044	10190.218602	10192.748101000001			1.0	1.0	0.0	3.0					
10196.661	8.384000000000015	trials	22.0	10201.304886	10202.981676000001			10200.673006	10202.975233000001			1.0		0.0	2.0					
10208.091	57.259000000000015	trials	22.0	10262.154901000002	10264.007098	10264.837741000001	10265.350625000001	10261.166031	10264.193745			1.0	2.0	0.0	3.0					
10267.225	20.94499999999971	trials	22.0	10285.405295	10286.838517	10287.516907000001	10288.171980000001	10284.75105	10286.987791000001			1.0	2.0	0.0	3.0					
10289.905	9.894999999998618	trials	22.0	10295.345491	10296.867135	10297.695733	10297.788507000001	10294.514265000002	10297.089175000001	10298.345	10299.8	1.0	1.0	1.0	1.0					
10303.875	7.925999999999476	trials	22.0	10306.880808000002	10308.882732	10310.402431	10311.802437	10306.327248000001	10309.708032			1.0	2.0	0.0	3.0					
10313.735	9.324999999998909	trials	22.0	10319.199982	10320.516034	10321.435803	10321.811089	10318.366267000001	10320.810232	10322.26	10323.06	1.0	1.0	1.0	1.0					
10325.148	12.202000000001135	trials	22.0	10334.175705000001	10335.468046	10336.581484	10337.350656	10333.210381	10335.891817			1.0	1.0	0.0	3.0					
10339.04	26.43499999999949	trials	22.0	10361.565514000002	10363.45996	10364.739328000001	10365.477075	10360.985226	10363.760874000001			1.0	2.0	0.0	3.0					
10369.127	14.08299999999872	trials	22.0	10379.405488	10380.892476	10382.593084	10383.214395	10378.83661	10381.548974000001			1.0	2.0	0.0	3.0					
10384.98	19.069000000001324	trials	22.0	10400.155254000001	10401.84769	10402.964197000001	10403.218735	10399.416994000001	10402.242427000001			1.0	1.0	1.0	1.0					
10407.575	9.204999999999927	trials	22.0	10412.881279000001	10414.61349	10415.728594	10416.09748	10412.044057000001	10415.15365			1.0	1.0	0.0	3.0					
10419.045	12.860000000000582	trials	22.0	10428.820588	10430.146152000001	10431.460672000001	10431.908638	10428.038489	10430.810166000001			1.0	1.0	0.0	3.0					
10433.85	18.51000000000022	trials	22.0	10448.756026000001	10450.232545	10451.946688	10452.360559	10448.188117000002	10450.875265			1.0	2.0	0.0	3.0					
10456.275	20.040000000000873	trials	22.0	10472.685333000001	10474.471384	10475.636451	10475.67747	10471.740697000001	10474.836934			1.0	2.0	0.0	3.0					
10479.04	10.494999999998981	trials	22.0	10485.262519	10486.689513000001	10487.742307	10487.877273	10484.364151000002	10487.125468	10488.425	10489.535	1.0	1.0	1.0	1.0					
10491.615	8.46099999999933	trials	22.0	10496.030770000001	10498.021643	10499.418613000002	10500.07644	10495.227579	10498.559866000001			1.0	1.0	0.0	3.0					
10503.755	17.236000000000786	trials	22.0	10516.266279000001	10518.157608000001	10519.154611000002	10519.437159000001	10515.299772	10518.570015000001	10510.68	10520.991	1.0	2.0	1.0	1.0					
10523.075	7.3799999999992	trials	22.0	10527.021262	10528.593172	10529.834265000001	10530.458112	10526.435829	10529.208315			1.0	2.0	0.0	3.0					
10534.185	13.194999999999709	trials	22.0	10542.633685	10544.473182000002	10545.462375000001	10545.528369000001	10541.822758	10544.809092000001	10546.116	10547.38	1.0	1.0	1.0	1.0					
10551.441	7.299999999999272	trials	22.0	10553.946559	10555.764772	10556.986099000002	10557.316812000001	10553.326212	10556.364924000001	10557.72	10558.741	1.0	2.0	1.0	1.0					
10561.89	7.430000000000291	trials	22.0	10564.641312	10566.208824000001	10567.546891	10567.915339000001	10563.999439000001	10566.860736	10568.241	10569.32	1.0	1.0	1.0	1.0					
10573.37	4.854999999999563	trials	22.0	10574.961868	10576.219312000001	10577.837638	10578.219435	10574.080521	10576.830744			1.0	2.0	0.0	3.0					
10582.23	9.140000000001237	trials	22.0	10588.420552000001	10589.862018	10590.914769	10591.019506	10587.839931	10590.272092000001			1.0	1.0	0.0	3.0					
10593.241	27.35399999999936	trials	22.0	10617.417871000001	10618.643587	10619.677966000001	10620.599152	10616.781508	10619.113803			1.0	2.0	0.0	3.0					
10624.11	8.80999999999949	trials	22.0	10628.82651	10630.060707	10631.034793	10631.409933	10628.101089	10630.390846	10631.905	10632.92	1.0	1.0	1.0	1.0					
10636.875	5.930000000000291	trials	22.0	10638.808396	10640.304442	10641.442135000001	10641.935592000002	10638.209085	10640.733664000001			1.0	1.0	0.0	3.0					
10645.765	27.590000000000146	trials	22.0	10669.841907	10671.008835	10672.621241	10673.357046000001	10669.07197	10671.418214000001			1.0	2.0	0.0	3.0					
10674.96	10.5	trials	22.0	10680.837267	10682.834188	10684.667232	10685.465169000001	10680.288873000001	10683.484900000001			1.0	2.0	0.0	3.0					
10687.06	10.890999999999622	trials	22.0	10694.886937000001	10696.249908000002	10697.395837	10697.955061	10693.947531000002	10696.781504			1.0	1.0	0.0	3.0					
10699.775	23.300999999999476	trials	22.0	10718.272459	10719.338542000001	10721.065194	10721.452317000001	10717.693506000001	10720.015967000001	10721.675	10723.076	1.0	2.0	1.0	1.0					
10726.16	6.3400000000001455	trials	22.0	10729.021990000001	10730.914662000001	10732.174132	10732.235617	10728.494386	10731.484744000001			1.0	1.0	0.0	3.0					
10735.57	11.389999999999418	trials	22.0	10742.337546	10743.853792000002	10746.204606000001	10746.966847000002	10741.619986000002	10744.668781			1.0	2.0	0.0	3.0					
10750.625	10.280000000000655	trials	22.0	10756.201846	10758.124275	10759.064715	10759.426779000001	10755.531451	10758.415456	10759.73	10760.905	1.0	1.0	1.0	1.0					
10763.051	9.809000000001106	trials	22.0	10768.076688000001	10769.690415000001	10771.096374	10771.523461	10767.354642	10769.926987	10771.775	10772.86	1.0	1.0	1.0	1.0					
10775.88	8.675000000001091	trials	22.0	10780.404213000002	10782.183948000002	10783.874641	10784.559295000001	10779.624688	10782.850615000001			1.0	2.0	0.0	3.0					
10788.235	8.800999999999476	trials	22.0	10792.162180000001	10793.893696000001	10795.32724	10795.711489000001	10791.272668000001	10794.589486	10796.175	10797.036	1.0	1.0	1.0	1.0					
10799.116	8.35399999999936	trials	22.0	10803.709147000001	10805.482212	10806.673198	10807.473622000001	10802.783766	10806.061489			1.0	1.0	0.0	3.0					
10810.0	13.180000000000291	trials	22.0	10819.366957	10821.064098	10822.536456000002	10823.185482	10818.565213000002	10821.526713000001			1.0	2.0	0.0	3.0					
10826.875	8.090000000000146	trials	22.0	10830.076926000002	10831.914349	10833.238570000001	10833.329071	10829.403766000001	10832.519085	10833.895	10834.965	1.0	1.0	1.0	1.0					
10837.005	7.975000000000364	trials	22.0	10841.342680000002	10843.118823	10844.188476000001	10844.98321	10840.533210000001	10843.570771			1.0	1.0	0.0	3.0					
10846.558	10.711999999999534	trials	22.0	10854.187815000001	10855.291432	10856.52229	10857.274887000001	10853.337462000001	10855.969594			1.0	1.0	0.0	3.0					
10858.866	13.16400000000067	trials	22.0	10868.822758	10870.101451	10871.110390000002	10872.033547	10867.905861000001	10870.455987000001			1.0	1.0	0.0	3.0					
10873.5	43.240999999999985	trials	22.0	10913.117307	10914.939477	10916.281457000001	10916.743676	10912.597612000001	10915.245819			1.0	2.0	0.0	3.0					
10920.67	11.195999999999913	trials	22.0	10929.362842	10930.511203	10931.415568	10931.872350000001	10928.575213	10930.812868			1.0	1.0	0.0	3.0					
10933.801	20.619000000000597	trials	22.0	10950.928012	10952.355006000002			10949.935654	10952.350212000001			1.0		0.0	2.0					
10956.496	22.639000000001033	trials	22.0	10975.553167	10977.029799	10978.104303	10979.141323	10975.009216	10977.442587000001			1.0	2.0	0.0	3.0					
10981.43	18.49499999999898	trials	22.0	10996.198167	10997.725918	10998.838342000001	10999.929168	10995.685993000001	10998.236944			1.0	2.0	0.0	3.0					
11002.18	21.44999999999891	trials	22.0	11019.398247000001	11020.967376	11021.869143	11022.181644	11018.812237	11021.186608	11022.485	11023.63	1.0	1.0	1.0	1.0					
11027.745	7.654999999998836	trials	22.0	11031.624928000001	11033.345808			11030.666091000001	11033.336665			1.0		0.0	2.0					
11038.411	82.60000000000036	trials	22.0	11115.469266	11117.087254	11119.013350000001	11119.138747	11114.726284	11117.079844			1.0		0.0	2.0					
11122.11	12.21599999999853	trials	22.0	11129.723997000001	11131.087062	11132.161968	11132.601921000001	11128.97824	11131.525969	11133.0	11134.326	1.0	1.0	1.0	1.0					
11138.405	11.079999999999927	trials	22.0	11143.928968	11145.917929000001	11147.513803000002	11147.881542000001	11143.072864000002	11146.650090000001	11148.19	11149.485	1.0	1.0	1.0	1.0					
11152.64	7.810999999999694	trials	22.0	11156.948851000001	11158.089124	11159.729902000001	11160.458962	11156.183329000001	11158.967917			1.0	2.0	0.0	3.0					
11162.05	12.675000000001091	trials	22.0	11170.750423000001	11171.974366	11172.849705	11173.255138	11169.762265000001	11172.201874	11173.52	11174.725	1.0	1.0	1.0	1.0					
11177.815	8.885999999998603	trials	22.0	11181.774282	11183.332336000001	11184.611410000001	11184.670057000001	11180.769642000001	11183.969205000001	11185.27	11186.701	1.0	1.0	1.0	1.0					
11188.72	8.925000000001091	trials	22.0	11193.453345000002	11194.630501000001	11195.530605	11195.965219000002	11192.749198000001	11194.899498	11196.34	11197.645	1.0	1.0	1.0	1.0					
11199.725	11.409999999999854	trials	22.0	11207.810692000001	11209.145676	11210.128168000001	11211.140922	11207.173863	11209.536831000001			1.0	1.0	0.0	3.0					
11214.527	11.57799999999952	trials	22.0	11222.488818000002	11224.502221	11225.385151	11226.113269000001	11221.762251	11224.799637			1.0	1.0	0.0	3.0					
11229.776	8.793999999999869	trials	22.0	11233.960366000001	11235.117799	11236.741352000001	11237.089582	11233.199541	11235.949592	11237.451	11238.57	1.0	1.0	1.0	1.0					
11240.655	8.949999999998909	trials	22.0	11245.324050000001	11246.992407000002	11248.569940000001	11249.613394	11244.731769000002	11247.8719			1.0	1.0	0.0	3.0					
11251.905	16.31499999999869	trials	22.0	11265.754405	11267.186583	11268.164232000001	11269.349391	11264.826664	11267.540747000001			1.0	1.0	0.0	3.0					
11271.585	328.89000000000124	BlockDesign														1.0	667.0	687.0	50.0	0.0
11271.585	19.520000000000437	trials	23.0	11287.844564	11289.642182000001	11290.554302	11291.110618	11287.238505000001	11290.023387000001			2.0	1.0	0.0	3.0					
11294.951	13.109000000000378	trials	23.0	11304.474321000002	11305.987549000001	11307.252213	11308.068547	11303.883241000001	11306.370343			2.0	1.0	0.0	3.0					
11309.67	21.6299999999992	trials	23.0	11326.46493	11328.51733	11329.348788000001	11329.58613	11325.517719000001	11328.773500000001	11330.076	11331.3	2.0	1.0	1.0	1.0					
11333.391	25.389000000001033	trials	23.0	11354.244972	11355.821421	11356.706146	11357.084145	11353.713913000001	11356.087573	11357.515	11358.78	2.0	1.0	1.0	1.0					
11360.875	7.389999999999418	trials	23.0	11364.719994000001	11366.284351	11367.190108	11367.698226	11364.116844	11366.527212			2.0	1.0	0.0	3.0					
11370.56	11.360000000000582	trials	23.0	11376.949672	11378.941447000001	11379.880539000002	11380.291431000001	11376.407498	11379.224817	11380.56	11381.92	2.0	1.0	1.0	1.0					
11385.902	6.477999999999156	trials	23.0	11388.974925	11390.376123000002			11388.166823000001	11390.368203000002			2.0		0.0	2.0					
11394.402	19.07300000000032	trials	23.0	11409.126107	11410.298271	11411.528322	11411.930761	11408.584095	11410.884508000001	11412.155	11413.475	2.0	1.0	1.0	1.0					
11415.59	8.700000000000728	trials	23.0	11420.994657000001	11422.446531000001	11423.362332	11424.299598000001	11420.145624	11422.738042			2.0	1.0	0.0	3.0					
11426.793	11.582000000000335	trials	23.0	11435.739904000002	11436.879349	11437.828415	11438.381621	11434.807896	11437.225456			2.0	1.0	0.0	3.0					
11442.211	12.066000000000713	trials	23.0	11451.159621	11452.521807000001	11453.906617	11454.25864	11450.586481	11452.955886			2.0	2.0	0.0	3.0					
11456.366	10.369000000000597	trials	23.0	11461.564995	11463.757474000002	11464.813009000001	11465.227041	11460.711802000002	11464.190296	11465.515	11466.735	2.0	1.0	1.0	1.0					
11470.765	8.829999999999927	trials	23.0	11475.211384	11476.701621	11477.593876	11478.015652000002	11474.485944	11476.961208	11478.25	11479.595	2.0	1.0	1.0	1.0					
11481.68	18.721999999999753	trials	23.0	11494.812388	11496.071790000002	11498.553310000001	11498.67353	11493.886954000001	11496.686367	11499.18	11500.402	2.0	1.0	1.0	1.0					
11503.387	6.447999999998501	trials	23.0	11506.800459000002	11508.045013	11509.109913	11509.840435	11506.157710000001	11508.449977			2.0	1.0	0.0	3.0					
11511.566	14.773999999999432	trials	23.0	11523.211708	11525.066613	11525.864887	11526.347143	11522.249536000001	11525.248903			2.0	1.0	0.0	3.0					
11528.26	14.225000000000364	trials	23.0	11538.216465000001	11539.727242	11540.722632	11541.057991000001	11537.455215000002	11540.113944	11541.455	11542.485	2.0	1.0	1.0	1.0					
11546.605	6.329999999999927	trials	23.0	11549.040031	11551.017009000001	11552.088978	11552.191549000001	11548.310105	11551.542336			2.0	1.0	0.0	3.0					
11554.405	15.224999999998545	trials	23.0	11564.935637	11566.719468000001	11567.616736	11568.068604	11564.393075	11567.039395	11568.29	11569.63	2.0	1.0	1.0	1.0					
11572.716	11.083999999998923	trials	23.0	11580.310498	11581.821879000001	11582.679982000001	11583.808693	11579.587798	11582.049895			2.0	1.0	0.0	3.0					
11586.08	14.395000000000437	trials	23.0	11596.930905000001	11598.132498	11599.413186000002	11599.738842	11596.380412	11598.731123000001			2.0	1.0	1.0	1.0					
11603.095	579.3900000000012	BlockDesign														1.0	688.0	710.0	0.0	50.0
11603.095	20.191000000000713	trials	24.0	11618.127387	11619.701113000001	11621.354886000001	11621.692990000001	11617.431636000001	11620.306735	11622.01	11623.286	3.0	2.0	1.0	1.0					
11625.305	8.855999999999767	trials	24.0	11629.547435	11630.702104	11632.021474000001	11632.351714	11628.958663000001	11631.385609	11632.701	11634.161	3.0	2.0	1.0	1.0					
11638.264	6.156000000000859	trials	24.0	11640.53204	11642.362635000001	11643.135442	11643.590522	11639.891529	11642.356708000001			3.0		0.0	2.0					
11647.448	10.936999999999898	trials	24.0	11655.715975000001	11656.78312	11657.649037000001	11658.393993000002	11654.863386	11657.000268			3.0	1.0	0.0	3.0					
11659.98	107.375	trials	24.0	11763.547555000001	11765.244163000001	11766.635889000001	11767.362224	11762.910709	11765.538180000001			3.0	2.0	0.0	3.0					
11771.088	16.99699999999939	trials	24.0	11784.881515000001	11785.984417	11787.248257000001	11788.092448000001	11784.367567000001	11786.639299			3.0	2.0	0.0	3.0					
11789.701	14.575000000000728	trials	24.0	11800.700821	11802.602557	11803.780882000001	11804.283742	11800.11189	11802.948004000002			3.0	1.0	0.0	3.0					
11807.171	17.808999999999287	trials	24.0	11819.926492	11821.938310000001	11822.663356000001	11823.121726000001	11819.289873000002	11822.070303	11823.366	11824.98	3.0	2.0	1.0	1.0					
11828.933	6.586999999999534	trials	24.0	11832.241102	11833.513218	11834.397312000001	11835.529612	11831.403836000001	11833.807305			3.0	2.0	0.0	3.0					
11837.786	15.558999999999287	trials	24.0	11848.801858	11850.157599	11851.340566	11851.697655	11848.062786	11850.718404000001	11852.085	11853.345	3.0	2.0	1.0	1.0					
11855.474	10.300999999999476	trials	24.0	11861.136585	11863.111197	11863.830361	11864.203203000001	11860.605481	11863.057125000001	11864.51	11865.775	3.0	2.0	1.0	1.0					
11867.85	11.209999999999127	trials	24.0	11875.551994000001	11877.40336	11878.179943000001	11879.069774	11874.590086	11877.495369			3.0	2.0	0.0	3.0					
11880.625	24.549999999999272	trials	24.0	11901.55666	11903.123902000001	11903.74597	11903.930034	11900.641185	11903.114637			3.0		0.0	2.0					
11908.186	15.91400000000067	trials	24.0	11921.026843	11922.157629000001	11923.156365	11924.108197000001	11920.451102	11922.584827			3.0	2.0	0.0	3.0					
11925.515	152.89600000000064	trials	24.0	12074.072125	12075.644152	12076.639693000001	12076.949541000002	12073.298086	12076.008181000001	12077.455	12078.411	3.0	2.0	1.0	1.0					
12082.5	6.9650000000001455	trials	24.0	12086.137924	12088.174473000001	12088.851435	12089.472759	12085.155862	12088.252023000001			3.0	2.0	0.0	3.0					
12091.185	9.399000000001251	trials	24.0	12096.952207	12097.984444000002	12099.813372	12100.595451000001	12096.26071	12098.760006			3.0	2.0	0.0	3.0					
12103.136	14.343999999999141	trials	24.0	12113.972843000001	12115.223581	12116.312236000002	12117.488519	12113.385	12115.706394			3.0	2.0	0.0	3.0					
12118.686	12.873999999999796	trials	24.0	12126.692946000001	12127.915473000001	12129.645480000001	12130.040343	12125.996889000002	12129.053014000001	12130.345	12131.56	3.0	2.0	1.0	1.0					
12135.61	8.619999999998981	trials	24.0	12139.792102000001	12141.292425	12142.239778000001	12142.641871	12138.872607000001	12141.618922000001	12142.905	12144.23	3.0	2.0	1.0	1.0					
12148.295	6.110000000000582	trials	24.0	12150.464385000001	12152.359549	12153.781408	12153.893853000001	12149.748856	12152.354983000001			3.0		0.0	2.0					
12156.502	16.63799999999901	trials	24.0	12168.173878000001	12169.399543000001	12171.185373	12171.557851000001	12167.61763	12170.587861	12171.8	12173.14	3.0	2.0	1.0	1.0					
12175.22	7.265000000001237	trials	24.0	12179.702565	12181.063981000001	12182.421559	12182.856664	12178.835692	12181.498916			3.0	2.0	0.0	3.0					
12186.765	1035.2750000000015	BlockDesign														1.0	711.0	757.0	50.0	50.0
12186.765	15.515000000001237	trials	25.0	12198.879077000001	12200.222230000001	12201.396343	12202.288269	12197.914798000002	12200.815293			3.0	2.0	0.0	3.0					
12203.765	18.085000000000946	trials	25.0	12219.098297	12220.184692	12221.382927	12221.860624	12218.345028	12220.577753000001			3.0	1.0	0.0	3.0					
12224.765	53.86000000000058	trials	25.0	12275.75509	12277.125791	12278.17606	12278.700464000001	12275.074241	12277.639459			2.0	1.0	0.0	3.0					
12281.43	11.860000000000582	trials	25.0	12290.195834	12291.557707	12292.383137	12293.365772000001	12289.602916	12291.811968			2.0	1.0	0.0	3.0					
12296.709	46.15699999999924	trials	25.0	12338.563867	12339.882005000001	12340.600796	12340.983586	12338.031392	12340.001718000001	12341.315	12342.866	2.0	1.0	1.0	1.0					
12344.885	11.081000000000131	trials	25.0	12352.32953	12354.176593	12355.172515	12356.040955	12351.445684	12354.553528			3.0	2.0	0.0	3.0					
12357.515	12.194999999999709	trials	25.0	12365.196164	12366.221177000001	12367.265594	12367.322408	12364.548871	12366.594355000001	12367.955	12369.71	2.0	1.0	1.0	1.0					
12372.576	10.085000000000946	trials	25.0	12378.879623	12380.681591			12378.180728000001	12380.672341000001			3.0		0.0	2.0					
12386.672	51.57300000000032	trials	25.0	12434.85476	12436.316342	12437.296375	12437.784139000001	12433.96973	12436.307411			3.0		0.0	2.0					
12441.321	26.898999999999432	trials	25.0	12463.571711	12465.156071000001	12466.106369000001	12466.511698	12462.824434	12465.540589	12466.76	12468.22	2.0	1.0	1.0	1.0					
12472.25	8.819999999999709	trials	25.0	12475.894784	12477.446855	12478.98905	12479.276131	12475.369127	12477.975235	12479.631	12481.07	3.0	2.0	1.0	1.0					
12483.1	9.869999999998981	trials	25.0	12488.920292	12490.761338	12491.873849000001	12493.046776000001	12488.185534	12491.232505			3.0	1.0	0.0	3.0					
12494.195	15.114999999999782	trials	25.0	12506.479962000001	12507.573584	12508.559678000001	12509.385148000001	12505.95929	12507.980301000001			2.0	1.0	0.0	3.0					
12511.902	15.134000000000015	trials	25.0	12523.479575000001	12525.507694	12526.310516000001	12527.111514	12522.804476000001	12525.727844000001			2.0	1.0	0.0	3.0					
12528.61	29.149999999999636	trials	25.0	12553.524637	12555.087235	12555.937971000001	12556.248796	12552.917823	12555.400766	12556.625	12557.76	2.0	1.0	1.0	1.0					
12560.9	8.989999999999782	trials	25.0	12565.091825000001	12566.625694	12567.778241	12568.109725	12564.421859	12567.089435	12568.345	12569.89	3.0	2.0	1.0	1.0					
12572.905	8.125	trials	25.0	12578.260041000001	12579.606499000001	12580.654774	12580.829197000001	12577.720004	12579.969773			2.0	1.0	0.0	3.0					
12582.97	47.31000000000131	trials	25.0	12627.04629	12628.401739	12629.302892	12630.355289000001	12626.461187	12628.789774			3.0	2.0	0.0	3.0					
12633.545	17.80500000000029	trials	25.0	12647.175352	12648.592388000001	12649.501532	12649.863785000001	12646.174048	12648.967177	12650.135	12651.35	3.0	2.0	1.0	1.0					
12654.436	8.53399999999965	trials	25.0	12657.380866000001	12658.677476	12659.62289	12660.035462	12656.587837000001	12658.990942	12660.39	12662.97	2.0	1.0	1.0	1.0					
12667.029	19.711999999999534	trials	25.0	12682.496209	12684.074108	12684.969661000001	12685.321226	12681.500143000001	12684.304721	12675.86	12686.741	2.0	1.0	1.0	1.0					
12688.795	10.715000000000146	trials	25.0	12696.400595000001	12697.917631	12698.823587	12699.587207	12695.462063	12698.195441			2.0	1.0	0.0	3.0					
12701.131	37.884000000000015	trials	25.0	12735.930794	12737.613908000001	12738.550277	12739.092346000001	12735.101246	12737.933140000001			3.0	2.0	0.0	3.0					
12741.862	22.74800000000141	trials	25.0	12759.90046	12761.363454	12762.74886	12763.073	12759.240239	12761.691836	12763.335	12764.61	3.0	2.0	1.0	1.0					
12767.63	7.690000000000509	trials	25.0	12771.992629	12773.59984	12774.779282000001	12775.399781	12770.995839000001	12773.857858000001			2.0	1.0	0.0	3.0					
12778.035	9.010000000000218	trials	25.0	12783.756368	12785.56761	12786.574466	12787.123966000001	12782.935471	12785.90795			2.0	1.0	0.0	3.0					
12789.973	24.152000000000044	trials	25.0	12811.356128000001	12812.568092000001	12813.613086000001	12814.202526000001	12810.513659	12812.976139			2.0	2.0	0.0	3.0					
12817.875	8.635000000000218	trials	25.0	12822.605931	12824.294044	12825.686366	12826.590184	12822.016294000001	12824.651536000001			3.0	2.0	0.0	3.0					
12828.07	29.9950000000008	trials	25.0	12853.251651	12855.30754	12856.181760000001	12856.589274	12852.644565	12855.593428	12856.741	12858.065	2.0	1.0	1.0	1.0					
12862.152	5.984000000000378	trials	25.0	12864.42196	12866.204093			12863.736572	12866.196919			3.0		0.0	2.0					
12870.145	11.920000000000073	trials	25.0	12878.771363	12878.813822			12877.946156	12878.805633			3.0		0.0	2.0					
12882.81	47.73999999999978	trials	25.0	12926.226952	12927.600251	12928.745999	12929.039893000001	12925.553594	12927.881064000001	12929.326	12930.55	3.0	2.0	1.0	1.0					
12933.591	6.293999999999869	trials	25.0	12936.351757	12937.670168	12939.353569	12939.961535	12935.822615000001	12938.407739			3.0	2.0	0.0	3.0					
12942.61	20.719999999999345	trials	25.0	12958.881938	12960.775046	12961.515616	12961.805243	12958.223909	12960.912544	12962.185	12963.33	3.0	2.0	1.0	1.0					
12966.464	7.572000000000116	trials	25.0	12970.048067	12971.178503000001	12972.056631000001	12972.537764	12969.283870000001	12971.500971000001	12972.86	12974.036	2.0	1.0	1.0	1.0					
12978.058	5.311999999999898	trials	25.0	12980.408132	12981.536014000001	12982.391345	12983.44823	12979.52527	12981.802440000001			2.0	1.0	0.0	3.0					
12984.65	14.704999999999927	trials	25.0	12996.126904	12997.358419	12999.05962	12999.427443	12995.264371000001	12998.185399			3.0	2.0	0.0	3.0					
13001.315	21.659999999999854	trials	25.0	13020.106739	13021.423709	13022.2564	13023.052343000001	13019.390336	13021.724885			2.0	1.0	0.0	3.0					
13026.545	37.115999999999985	trials	25.0	13058.912431	13060.915613000001	13061.87147	13062.280733000001	13058.371028000001	13061.297209	13062.54	13063.661	2.0	1.0	1.0	1.0					
13065.745	11.5049999999992	trials	25.0	13070.566765000001	13071.950366000001	13075.305459000001	13075.737454	13069.819643	13073.837475	13076.045	13077.25	3.0	2.0	1.0	1.0					
13079.335	20.90600000000086	trials	25.0	13096.057035	13097.318057	13098.447193	13098.87289	13095.293152	13097.788540000001	13099.04	13100.241	3.0	2.0	1.0	1.0					
13104.325	8.420000000000073	trials	25.0	13108.747919000001	13110.428959	13112.336835	13112.825554000001	13108.234871	13110.989105			3.0	2.0	0.0	3.0					
13116.7	17.514999999999418	trials	25.0	13130.927303	13132.740955000001	13133.810239	13134.295343	13130.168005000001	13133.234129			3.0	1.0	0.0	3.0					
13136.2	13.769999999998618	trials	25.0	13146.797804	13148.074609000001	13149.320335	13149.821519000001	13146.032318000001	13148.721799			2.0	1.0	0.0	3.0					
13152.635	38.51000000000022	trials	25.0	13187.647288	13189.154835000001			13186.654206000001	13189.145514			2.0		0.0	2.0					
13194.201	14.504000000000815	trials	25.0	13204.037988	13206.069080000001	13207.059899	13207.426375000001	13203.404917	13206.48364	13207.665	13208.705	2.0	1.0	1.0	1.0					
13210.786	11.254000000000815	trials	25.0	13217.252884000001	13218.47315	13219.992397	13220.475770000001	13216.437743	13218.856520000001	13220.845	13222.04	3.0	2.0	1.0	1.0					
13225.152	162.7440000000006	BlockDesign														1.0	758.0	762.0	0.0	0.0
13225.152	8.003000000000611	trials	26.0	13229.552936	13230.884473	13232.686061	13233.237049000001	13228.781054000001	13231.662952			2.0	1.0	0.0	3.0					
13237.061	11.199000000000524	trials	26.0	13245.049034	13246.737976	13247.597501	13248.339995	13244.129793	13246.957383			2.0	1.0	0.0	3.0					
13251.957	47.58100000000013	trials	26.0	13296.14287	13297.690113	13298.767298	13299.618373000001	13295.139062	13298.163995			2.0	1.0	0.0	3.0					
13302.091	12.601999999998952	trials	26.0	13310.357849	13312.236253000001	13313.512922	13313.988866	13309.369513000001	13312.86823			2.0	1.0	0.0	3.0					
13317.765	70.13100000000122	trials	26.0	13385.149796000002	13386.804784	13387.844360000001	13388.469034000002	13384.146840000001	13387.278439000002			2.0	1.0	0.0	3.0					
13392.235	90.36499999999978	BlockDesign														1.0	763.0	767.0	0.0	0.0
13392.235	21.279999999998836	trials	27.0	13410.568136	13412.034331	13412.848762000001	13413.593488	13409.620243000001	13412.340523			3.0	2.0	0.0	3.0					
13417.11	17.56999999999971	trials	27.0	13431.450461	13432.97218	13433.841115000001	13434.763211000001	13430.754559	13433.273254			3.0	2.0	0.0	3.0					
13437.215	11.204999999999927	trials	27.0	13444.969000000001	13446.555952	13447.491145	13448.499254	13444.421444	13446.912607			3.0	2.0	0.0	3.0					
13451.75	9.67699999999968	trials	27.0	13458.423844	13460.192254000001	13461.069323	13461.503741	13457.670426	13460.528412			3.0	2.0	0.0	3.0					
13464.336	18.264000000001033	trials	27.0	13479.579593	13481.622757000001			13479.027404	13481.88797			3.0	2.0	0.0	3.0					
13484.96	1223.5100000000002	BlockDesign														1.0	768.0	817.0	50.0	50.0
13484.96	16.15600000000086	trials	28.0	13497.433931	13499.484764	13500.363625	13500.569756	13496.594573	13499.485256			2.0	1.0	0.0	3.0					
13503.705	32.469999999999345	trials	28.0	13533.429046000001	13534.641862	13535.453801	13536.259474	13532.814868000001	13534.846304			3.0	1.0	0.0	3.0					
13538.769	19.325999999999112	trials	28.0	13553.535851	13555.346603	13558.029394000001	13558.175437	13552.972642	13555.336733			2.0		0.0	2.0					
13559.313	17.201999999999316	trials	28.0	13572.233924	13573.841174000001	13574.780693	13575.101303000001	13571.63699	13573.781038000001	13575.385	13576.515	3.0	2.0	1.0	1.0					
13580.561	8.994000000000597	trials	28.0	13586.238878	13587.632648	13588.239097000001	13588.679498000001	13585.418003	13587.616010000002			3.0		0.0	2.0					
13593.561	215.78399999999965	trials	28.0	13805.060221	13806.594314	13807.468903	13807.742705	13804.439596	13806.787423000002	13808.185	13809.345	2.0	1.0	1.0	1.0					
13812.434	10.307000000000698	trials	28.0	13819.665985	13820.817941000001	13821.950971	13822.445648	13818.957112	13820.811128000001			3.0		0.0	2.0					
13824.823	25.627999999998792	trials	28.0	13847.030349	13848.359207000001	13849.358887	13850.536616000001	13846.520483	13848.738473000001			2.0	1.0	0.0	3.0					
13852.61	31.09099999999853	trials	28.0	13880.47139	13882.102753000001	13882.710938	13883.113682000001	13879.744862000001	13882.190576			3.0	2.0	1.0	1.0					
13888.241	22.674000000000888	trials	28.0	13908.051754	13909.307912	13910.222111000001	13910.998489000001	13907.526302	13909.629029			3.0	2.0	0.0	3.0					
13912.573	22.61700000000019	trials	28.0	13931.137603000001	13932.562715	13933.416293	13933.560239	13930.580775	13932.790184000001	13934.135	13935.19	2.0	1.0	1.0	1.0					
13938.28	11.725999999998749	trials	28.0	13947.001721	13948.147565000001	13949.163119	13950.087244	13946.251687	13948.604815			3.0	2.0	0.0	3.0					
13953.413	12.191999999999098	trials	28.0	13960.851174000001	13962.289525	13963.668608	13964.109407	13960.018033	13962.825937000001	13964.355	13965.605	3.0	2.0	1.0	1.0					
13967.647	17.727999999999156	trials	28.0	13982.271004	13983.713285	13984.592285	13985.125183	13981.624571	13984.002423			2.0	1.0	0.0	3.0					
13988.03	30.485999999998967	trials	28.0	14014.806389000001	14016.588935	14018.014407	14018.212688	14013.799621	14016.576016			2.0		0.0	2.0					
14020.591	37.013999999999214	trials	28.0	14054.681902	14055.843224	14056.744756	14057.687596	14053.827035	14056.12894			2.0	1.0	0.0	3.0					
14059.0	13.979999999999563	trials	28.0	14069.69636	14070.859135	14071.841788000002	14073.065563	14068.697159000001	14071.218201			2.0	1.0	0.0	3.0					
14074.1	52.13500000000022	trials	28.0	14123.748442	14125.112303	14125.991002	14126.318671	14123.196979	14125.470676			3.0	2.0	0.0	3.0					
14128.295	15.30999999999949	trials	28.0	14139.382645000002	14140.780987	14141.622878	14141.967058	14138.858972	14141.071075	14142.23	14143.605	3.0	2.0	1.0	1.0					
14147.695	6.180000000000291	trials	28.0	14151.038689	14152.133128000001	14153.089609	14153.154085	14150.508758	14152.461742000001			2.0	1.0	0.0	3.0					
14157.37	21.049999999999272	trials	28.0	14173.601957	14175.620077	14176.653821	14176.937135	14172.853042	14176.040386	14177.26	14178.42	2.0	1.0	1.0	1.0					
14181.475	7.824999999998909	trials	28.0	14185.717378000001	14187.405814000002	14188.259764	14189.384224000001	14184.764858	14187.353780000001			3.0	2.0	0.0	3.0					
14191.56	20.50500000000102	trials	28.0	14207.932387	14209.044361	14210.142203000001	14210.516295000001	14207.400062	14209.497683000001	14210.73	14212.065	2.0	1.0	1.0	1.0					
14215.152	10.108000000000175	trials	28.0	14222.137553	14223.335111	14224.120376	14224.203547000001	14221.138498	14223.325298			3.0		0.0	2.0					
14229.27	37.27000000000044	trials	28.0	14263.263793	14265.088296	14265.987667000001	14266.625588	14262.520448000001	14265.412168			3.0	2.0	0.0	3.0					
14268.23	17.325000000000728	trials	28.0	14282.437867	14284.097972	14285.121623	14285.642045	14281.927696	14284.563947			3.0	1.0	0.0	3.0					
14289.425	21.230000000001382	trials	28.0	14305.704046	14307.4943	14308.560052	14308.8943	14305.151121	14307.800315	14309.22	14310.655	2.0	1.0	1.0	1.0					
14312.692	10.59400000000096	trials	28.0	14319.21311	14320.581118	14321.509207000001	14321.924474	14318.700986	14320.916222	14322.225	14323.286	3.0	2.0	1.0	1.0					
14325.367	10.57300000000032	trials	28.0	14332.642716	14334.085009	14335.148321	14336.023709000001	14331.729737000001	14334.528925			2.0	1.0	0.0	3.0					
14338.405	41.26499999999942	trials	28.0	14375.508443	14376.698902	14377.941173000001	14378.228213	14374.517396000001	14377.28527	14378.6	14379.67	2.0	1.0	1.0	1.0					
14382.755	7.815000000000509	trials	28.0	14386.213675	14387.609777000001	14388.760117000002	14389.14097	14385.550943	14387.969432000002	14389.47	14390.57	3.0	2.0	1.0	1.0					
14393.64	7.273000000001048	trials	28.0	14397.668557	14398.918921	14399.942588000002	14400.448970000001	14396.771167	14399.315939			2.0	1.0	0.0	3.0					
14403.216	9.314000000000306	trials	28.0	14408.883601000001	14410.756175	14412.076646000001	14412.616643000001	14408.236501000001	14411.154904			3.0	2.0	0.0	3.0					
14414.395	11.359999999998763	trials	28.0	14420.808196	14422.076553	14423.928458	14424.333451	14420.065124	14422.920061	14424.545	14425.755	3.0	2.0	1.0	1.0					
14429.823	9.496999999999389	trials	28.0	14434.2517	14436.210722	14437.140332	14437.523149	14433.419449	14436.556756	14437.97	14439.32	2.0	1.0	1.0	1.0					
14442.18	10.014999999999418	trials	28.0	14447.908314	14448.92552	14450.352065000001	14450.7181	14447.017799000001	14449.774486	14451.03	14452.195	3.0	2.0	1.0	1.0					
14454.295	9.8799999999992	trials	28.0	14460.603335	14462.251989			14459.749082	14462.244828			2.0		0.0	2.0					
14466.245	9.81499999999869	trials	28.0	14471.205372	14472.744767	14474.351212000001	14474.733662	14470.449773	14473.707614	14474.965	14476.06	2.0	1.0	1.0	1.0					
14480.14	8.970000000001164	trials	28.0	14485.23875	14487.185038			14484.540719	14487.176466			2.0		0.0	2.0					
14492.12	9.784999999999854	trials	28.0	14498.7284	14500.020946	14500.963216	14501.186134	14497.939998000002	14500.407806000001			3.0	2.0	0.0	3.0					
14504.21	15.170000000000073	trials	28.0	14514.859079000002	14516.539048	14517.565367000001	14518.024307	14514.093973000001	14516.948491000001	14518.201	14519.38	2.0	1.0	1.0	1.0					
14522.395	9.760000000000218	trials	28.0	14527.540028000001	14529.296435	14530.234885000002	14530.635202000001	14527.024387000001	14529.689543	14530.84	14532.155	3.0	2.0	1.0	1.0					
14535.97	11.825000000000728	trials	28.0	14538.198836	14540.007902000001	14546.039527	14546.320583	14537.225011	14540.103278	14546.701	14547.795	2.0	1.0	1.0	1.0					
14550.815	11.524999999999636	trials	28.0	14556.310267	14557.987435000001	14561.414519	14561.803565	14555.452242000001	14558.365279000001			2.0	1.0	0.0	3.0					
14565.717	6.167999999999665	trials	28.0	14569.09914	14570.586158	14571.495359	14571.973316	14568.471290000001	14570.955126			3.0	2.0	0.0	3.0					
14573.825	26.19999999999891	trials	28.0	14597.109666	14598.676271	14599.461815	14600.11066	14596.135886	14598.930071			2.0	1.0	0.0	3.0					
14601.839	30.96600000000035	trials	28.0	14629.993834	14630.05154	14632.421099000001	14632.892318	14629.23508	14630.040701000002			3.0		0.0	2.0					
14634.036	15.769000000000233	trials	28.0	14646.389362000002	14647.886258			14645.432749	14647.876706000001			3.0		0.0	2.0					
14651.875	36.53600000000006	trials	28.0	14684.659469	14686.491254			14683.886927	14686.48648			2.0		0.0	2.0					
14692.42	16.049999999999272	trials	28.0	14706.376013000001	14707.467692	14708.419587	14709.916337	14705.703043000001	14707.88595			3.0	2.0	0.0	3.0					
14712.855	528.3459999999995	BlockDesign														1.0	818.0	852.0	10.0	50.0
14712.855	16.98999999999978	trials	29.0	14725.750854000002	14727.003635000001	14728.051122	14728.418951	14724.899441000001	14727.427106000001	14728.786	14729.845	1.0	1.0	1.0	1.0					
14731.701	9.33900000000176	trials	29.0	14737.416007	14739.043277	14739.976874	14741.125949000001	14736.46702	14739.387014			1.0	1.0	0.0	3.0					
14742.215	17.110999999998967	trials	29.0	14755.904303000001	14757.346853000001	14758.498652	14759.413775	14755.247206	14757.897204			1.0	2.0	0.0	3.0					
14761.805	12.010000000000218	trials	29.0	14768.930608	14770.941301	14772.18106	14772.366059	14768.20865	14771.551466	14772.87	14773.815	1.0	1.0	1.0	1.0					
14776.86	10.099999999998545	trials	29.0	14782.670577	14784.287211	14785.954692000001	14787.045322	14781.979124000001	14785.2778			1.0	1.0	0.0	3.0					
14790.185	13.005000000001019	trials	29.0	14798.931189	14800.513367	14801.655797000001	14802.026605000001	14798.353558	14800.998004000001	14802.495	14803.19	1.0	1.0	1.0	1.0					
14805.25	16.350000000000364	trials	29.0	14815.619401	14816.742478	14821.276304	14821.61773	14814.845647	14817.401578			1.0	1.0	0.0	3.0					
14825.545	16.420000000000073	trials	29.0	14836.056611	14837.878120000001	14839.947607	14840.309563	14835.542906	14838.822458	14840.495	14841.965	1.0	2.0	1.0	1.0					
14845.985	6.359999999998763	trials	29.0	14849.270110000001	14850.389190000002	14851.554037000002	14852.431022	14848.3526	14850.897371000001			1.0	2.0	0.0	3.0					
14853.92	10.844999999999345	trials	29.0	14860.534883	14861.611018	14863.538651	14864.851244000001	14859.534905	14862.770486000001			1.0	1.0	0.0	3.0					
14866.86	17.940999999998894	trials	29.0	14880.555508000001	14881.921916000001	14882.895356	14883.28856	14879.562216	14882.342009	14883.68	14884.801	1.0	2.0	1.0	1.0					
14886.82	8.555000000000291	trials	29.0	14891.841095	14893.672427000001	14894.575265	14895.462722	14890.884247	14894.016524			1.0	2.0	0.0	3.0					
14898.896	8.528999999998632	trials	29.0	14903.245137000002	14904.362143	14905.824368000001	14906.194106	14902.284018	14905.159166000001	14906.366	14907.425	1.0	1.0	1.0	1.0					
14911.507	8.097999999999956	trials	29.0	14916.320195	14917.562194	14918.805275	14919.2948	14915.399219	14918.106263000001			1.0	1.0	0.0	3.0					
14922.065	11.490999999999985	trials	29.0	14929.710916	14930.90357	14932.57687	14932.881202	14929.190990000001	14931.612329			1.0	2.0	1.0	1.0					
14937.095	12.1200000000008	trials	29.0	14945.095813	14946.137511	14947.497579	14947.824269	14944.268531000002	14946.564732	14948.105	14949.215	1.0	2.0	1.0	1.0					
14953.261	5.253999999998996	trials	29.0	14955.127441	14956.598732	14957.553771	14957.788154000002	14954.045135	14956.586378			1.0		0.0	2.0					
14960.558	16.432999999999083	trials	29.0	14974.045918	14975.187434	14976.444928	14977.076995000001	14973.443245	14975.867652			1.0	1.0	0.0	3.0					
14978.761	15.493999999998778	trials	29.0	14986.990414	14988.496877000001	14989.68995	14990.106823	14986.434445	14989.025188	14990.366	14994.255	1.0	2.0	1.0	1.0					
14998.28	9.33599999999933	trials	29.0	15003.200795	15004.34708	15005.574342	15005.964382	15002.246971	15004.953925000002	15006.228	15007.616	1.0	2.0	1.0	1.0					
15009.652	9.288000000000466	trials	29.0	15015.836444	15017.187709000002	15018.081074000002	15019.027336000001	15015.025334	15017.600517			1.0	2.0	0.0	3.0					
15021.316	9.648999999999432	trials	29.0	15027.506218	15029.346836	15030.489091	15031.050605	15026.732714000002	15029.911467			1.0	1.0	0.0	3.0					
15034.871	14.864000000001397	trials	29.0	15046.591426	15048.287401000001	15049.199819000001	15049.822349	15045.974498	15048.714167			1.0	2.0	0.0	3.0					
15053.568	13.173000000000684	trials	29.0	15063.266886000001	15064.809373	15066.253627	15066.826904000001	15062.547023000001	15065.303324			1.0	2.0	0.0	3.0					
15068.542	12.494000000000597	trials	29.0	15075.38089	15077.20117	15079.01324	15079.342243000001	15074.569640000002	15078.007478	15079.745	15081.036	1.0	2.0	1.0	1.0					
15084.124	11.925999999999476	trials	29.0	15092.620504	15094.343299	15095.723582	15096.13985	15092.0641	15094.593809			1.0	1.0	0.0	3.0					
15098.005	8.520000000000437	trials	29.0	15102.615993000001	15104.482073000001	15106.105091000001	15106.610681	15101.97801	15105.13235			1.0	2.0	0.0	3.0					
15108.37	10.024999999999636	trials	29.0	15114.355952000002	15115.91279	15117.896072	15118.482586	15113.630735	15116.841935			1.0	2.0	0.0	3.0					
15120.28	11.474999999998545	trials	29.0	15128.461514	15130.389365	15131.331911000001	15131.842834000001	15127.86815	15130.741898			1.0	1.0	0.0	3.0					
15134.684	16.386000000000422	trials	29.0	15148.381613000001	15149.748814	15150.609164000001	15151.158963000002	15147.416836	15150.039322			1.0	2.0	0.0	3.0					
15154.925	27.030000000000655	trials	29.0	15177.066416000001	15178.834958	15180.222052000001	15180.540854	15176.424115000002	15179.275499000001	15180.92	15181.955	1.0	2.0	1.0	1.0					
15184.045	10.7549999999992	trials	29.0	15190.057804	15191.977898000001	15193.012038	15193.283138	15189.413411000001	15192.422003	15193.535	15194.8	1.0	2.0	1.0	1.0					
15197.835	7.951000000000931	trials	29.0	15202.507837000001	15203.620304	15205.167434	15205.871813000002	15201.872438	15204.170589000001			1.0	2.0	0.0	3.0					
15209.433	17.576999999999316	trials	29.0	15223.616269	15224.963627000001	15226.378875	15227.096845	15222.659546	15225.708147000001			1.0	2.0	0.0	3.0					
15229.616	11.584999999999127	trials	29.0	15236.826335000002	15238.664897	15239.382539	15239.502079000002	15235.926443	15238.632580000001	15240.076	15241.201	1.0	2.0	1.0	1.0					
15243.238	298.2530000000006	BlockDesign														1.0	853.0	875.0	50.0	90.0
15243.238	9.137000000000626	trials	30.0	15247.986878	15249.243257	15250.631140000001	15250.989509	15247.178668	15249.625817	15251.32	15252.375	1.0	2.0	1.0	1.0					
15255.5	8.424999999999272	trials	30.0	15259.837042000001	15261.121877000001	15262.185961000001	15262.453612000001	15259.242195	15261.641953	15262.745	15263.925	1.0	2.0	1.0	1.0					
15266.986	7.403999999998632	trials	30.0	15270.398355000001	15271.881391	15272.719124000001	15273.068345	15269.397958000001	15272.173667000001	15273.315	15274.39	1.0	2.0	1.0	1.0					
15278.435	6.489999999999782	trials	30.0	15280.441997	15282.231626	15283.196323	15283.536884000001	15279.087367	15282.256361	15283.92	15284.925	1.0	2.0	1.0	1.0					
15288.987	7.978000000000975	trials	30.0	15293.016842	15294.125587	15295.042469	15295.330997000001	15292.063618	15294.509952	15295.735	15296.965	1.0	2.0	1.0	1.0					
15301.06	7.93500000000131	trials	30.0	15305.04797	15306.50933	15307.204571	15307.580899	15304.061659	15306.668612000001	15307.766	15308.995	1.0	2.0	1.0	1.0					
15313.015	9.159999999999854	trials	30.0	15317.881569000001	15319.567538000001	15320.262551000002	15320.647314000002	15317.0583	15319.69043	15320.951	15322.175	1.0	2.0	1.0	1.0					
15326.19	7.170000000000073	trials	30.0	15328.364571000002	15330.406545000002	15331.640847	15331.956074000002	15327.773717000002	15330.723689	15332.27	15333.36	1.0	2.0	1.0	1.0					
15337.38	5.440000000000509	trials	30.0	15338.966412000002	15340.244906000002	15341.014569	15341.426217000002	15337.790900000002	15340.517874000001	15341.616	15342.82	1.0	2.0	1.0	1.0					
15344.91	9.331000000000131	trials	30.0	15349.699748	15350.723413000002	15354.010277000001	15354.294084000001	15349.053552000001	15350.711022000001			1.0		0.0	2.0					
15355.761	10.774999999999636	trials	30.0	15362.425583000002	15363.561417	15364.794812000002	15365.165454000002	15361.904835000001	15364.243330000001	15365.451	15366.536	1.0	2.0	1.0	1.0					
15369.555	14.105999999999767	trials	30.0	15378.675885	15380.303262000001	15383.346910000002	15383.710079	15377.856684	15380.295524000001			1.0		0.0	2.0					
15384.455	13.245999999999185	trials	30.0	15391.905009000002	15393.843167	15395.561831	15396.00135	15391.249035	15394.511055	15396.32	15397.701	1.0	2.0	1.0	1.0					
15399.62	9.955999999998312	trials	30.0	15404.841656	15406.768754	15407.650509000001	15407.940469000001	15403.835523000002	15407.155587000001	15408.35	15409.576	1.0	2.0	1.0	1.0					
15413.636	7.923999999999069	trials	30.0	15418.350288000001	15419.666783	15420.310791000002	15421.613496000002	15417.455343000001	15419.730098000002			1.0	2.0	0.0	3.0					
15424.61	14.864999999999782	trials	30.0	15435.320738	15436.713587000002	15437.779502000001	15438.084044000001	15434.367555	15437.278151	15438.38	15439.475	1.0	2.0	1.0	1.0					
15441.495	7.75	trials	30.0	15445.301747000001	15446.754762	15447.529686000002	15447.922779	15444.746916000002	15446.995491000001	15448.19	15449.245	1.0	2.0	1.0	1.0					
15452.31	7.399999999999636	trials	30.0	15455.825199	15457.019855	15457.891877000002	15458.318385	15455.141538000002	15457.428093	15458.51	15459.71	1.0	2.0	1.0	1.0					
15463.745	5.759999999998399	trials	30.0	15465.815556000001	15467.549046000002	15468.209346000001	15468.670425	15464.502368000001	15467.543612000001			1.0		0.0	2.0					
15471.575	37.26499999999942	trials	30.0	15504.290613000001	15505.857572	15507.116258000002	15507.515559000001	15503.442872000001	15505.896014000002	15507.84	15508.84	1.0	2.0	1.0	1.0					
15510.918	7.971999999999753	trials	30.0	15514.730918000001	15516.173735	15517.046316000002	15517.332914	15514.076695000002	15516.555243	15517.701	15518.89	1.0	2.0	1.0	1.0					
15520.906	6.143999999998414	trials	30.0	15523.966917000002	15525.642706	15526.614099	15527.100510000002	15523.279911000001	15526.049826			1.0	1.0	0.0	3.0					
15530.025	11.46600000000035	trials	30.0	15537.717137000001	15538.81716	15539.710908000001	15540.147014000002	15536.832642000001	15539.210216000001	15540.37	15541.491	1.0	2.0	1.0	1.0					
15544.58	184.27700000000004	BlockDesign														1.0	876.0	882.0	0.0	0.0
15544.58	7.104999999999563	trials	31.0	15548.185715000001	15550.012933000002	15550.942419	15551.737832	15547.568178000001	15550.386104000001			1.0	2.0	0.0	3.0					
15554.326	9.739000000001397	trials	31.0	15560.860581	15562.404285	15563.442026	15564.115937	15559.851677	15562.895547000002			1.0	2.0	0.0	3.0					
15566.75	12.68499999999949	trials	31.0	15575.620770000001	15577.424436000001			15574.640944	15577.419849000002			1.0		0.0	2.0					
15583.451	86.43000000000029	trials	31.0	15667.176789000001	15668.338262000001	15669.200391	15669.936501000002	15666.286895000001	15668.318864			1.0	1.0	0.0	3.0					
15672.491	12.404000000000451	trials	31.0	15681.356307000002	15682.926399000002	15684.11325	15684.948734000001	15680.445491	15683.549782000002			1.0	1.0	0.0	3.0					
15687.5	17.360000000000582	trials	31.0	15701.641548000001	15702.848463	15703.469819000002	15703.667886000001	15700.8623	15702.842559			1.0		0.0	2.0					
15707.917	20.94000000000051	trials	31.0	15725.851635	15727.587837000001	15728.827606	15729.433601	15725.289305000002	15728.139317000001			1.0	2.0	0.0	3.0					
15733.252	785.9490000000005	BlockDesign														1.0	883.0	943.0	90.0	50.0
15733.252	47.90300000000025	trials	32.0	15777.972959	15779.277919000002	15780.13952	15781.207352000001	15777.008408000002	15779.590464			1.0	2.0	0.0	3.0					
15782.42	19.43499999999949	trials	32.0	15797.798592000001	15798.943793	15799.937561	15800.231714000001	15796.825025000002	15799.364948	15800.53	15801.855	1.0	2.0	1.0	1.0					
15803.875	9.649999999999636	trials	32.0	15808.786425000002	15810.384218000001	15811.624125	15811.999518	15808.032293	15810.977980000001	15812.225	15813.525	1.0	2.0	1.0	1.0					
15816.545	8.512000000000626	trials	32.0	15820.406909000001	15821.873221000002	15823.250604	15823.585031	15819.704573	15822.505604000002	15823.97	15825.057	1.0	2.0	1.0	1.0					
15829.035	6.690000000000509	trials	32.0	15832.468271000002	15833.993423000002	15835.087412	15835.780014000002	15831.883071	15834.406195000001			1.0	2.0	0.0	3.0					
15838.42	11.100000000000364	trials	32.0	15844.526895	15846.253179000001	15847.714017000002	15848.095399000002	15843.855618000001	15846.720882000001	15848.395	15849.52	1.0	2.0	1.0	1.0					
15853.61	6.434999999999491	trials	32.0	15855.957053000002	15857.514050000002	15858.317543000001	15858.419273000001	15854.989534	15857.657997000002	15858.88	15860.045	1.0	2.0	1.0	1.0					
15863.073	9.792999999999665	trials	32.0	15868.182432000001	15869.712989000001	15870.775328000002	15871.217952	15867.549866000001	15870.097350000002	15871.366	15872.866	1.0	2.0	1.0	1.0					
15875.7	8.119999999998981	trials	32.0	15880.383708000001	15881.868566000001			15879.723941	15881.857380000001			1.0		0.0	2.0					
15885.897	17.987999999999374	trials	32.0	15900.951648000002	15902.284200000002	15903.233457000002	15903.938475	15900.165342	15902.677958			1.0	2.0	0.0	3.0					
15906.572	8.282999999999447	trials	32.0	15910.626821000002	15912.004303000002	15912.960583000002	15913.294747000002	15909.695522000002	15912.361185000002	15913.64	15914.855	1.0	1.0	1.0	1.0					
15916.872	10.453999999999724	trials	32.0	15922.192425000001	15924.300578	15925.507138	15925.863007000002	15921.647908	15924.930916000001	15926.161	15927.326	1.0	1.0	1.0	1.0					
15929.409	6.941000000000713	trials	32.0	15932.461959	15934.258917000001	15935.342799000002	15935.727642000002	15931.896507000001	15934.755284			1.0	2.0	1.0	1.0					
15939.952	7.298000000000684	trials	32.0	15943.496962000001	15945.346824	15946.394004000002	15947.302778000001	15942.790973000001	15945.802665000001			1.0	2.0	0.0	3.0					
15949.735	8.614999999999782	trials	32.0	15953.817359	15955.661558000002	15956.929934000002	15958.403423000002	15952.861850000001	15956.319645000001			1.0	2.0	0.0	3.0					
15959.21	9.715000000000146	trials	32.0	15964.247412	15965.726649	15967.234494	15967.602309000002	15963.617799000001	15966.616359000001	15967.935	15968.925	1.0	1.0	1.0	1.0					
15970.945	8.479999999999563	trials	32.0	15974.832149000002	15976.588904	15977.727292000001	15977.824830000001	15974.113314000002	15977.116512	15978.475	15979.425	1.0	1.0	1.0	1.0					
15983.36	6.675999999999476	trials	32.0	15985.562487000001	15986.758286	15988.258196	15988.599732	15985.003424	15987.525482000001	15988.845	15990.036	1.0	1.0	1.0	1.0					
15994.12	7.81499999999869	trials	32.0	15998.477592000001	15999.789096	16001.081716	16001.988027000001	15997.828654	16000.405190000001			1.0	1.0	0.0	3.0					
16004.485	10.074999999998909	trials	32.0	16010.617369000001	16011.639494000001	16012.916691	16013.201088000002	16009.922504000002	16012.310643	16013.56	16014.56	1.0	2.0	1.0	1.0					
16018.66	6.876000000000204	trials	32.0	16021.438868000001	16022.591943000001	16023.765186	16024.063488000002	16020.902817000002	16023.160838000002	16024.495	16025.536	1.0	1.0	1.0	1.0					
16027.575	8.409999999999854	trials	32.0	16032.037455000002	16033.429713000001	16034.216926000001	16034.530325000002	16031.103833000001	16033.601094000001	16034.866	16035.985	1.0	1.0	1.0	1.0					
16039.006	7.264000000001033	trials	32.0	16041.377151	16043.389472	16044.577143	16045.012874000002	16040.461499000001	16044.005415000001	16045.26	16046.27	1.0	1.0	1.0	1.0					
16049.325	6.000999999998385	trials	32.0	16052.068635000001	16053.887635000001	16054.887759000001	16055.377799000002	16051.173144	16054.314974			1.0	2.0	0.0	3.0					
16057.17	11.53099999999904	trials	32.0	16063.817462	16065.713984000002	16066.942634	16067.022813000001	16063.000824	16065.727959000002	16067.69	16068.701	1.0	1.0	1.0	1.0					
16070.72	12.255000000001019	trials	32.0	16075.168313000002	16076.551312000001	16077.518292	16077.849489000002	16074.658146000002	16076.969198	16078.135	16079.125	1.0	1.0	1.0	1.0					
16083.199	5.061999999999898	trials	32.0	16085.219084	16086.305336000001			16083.031751	16086.294888			1.0		0.0	2.0					
16091.267	20.313000000000102	trials	32.0	16106.792671000001	16108.739345000002	16109.736382000001	16110.197172000002	16106.14341	16109.062072	16110.43	16111.58	1.0	1.0	1.0	1.0					
16113.6	8.215000000000146	trials	32.0	16117.720418	16119.511184	16121.323680000001	16121.871363000002	16116.942531	16119.504585			1.0		0.0	2.0					
16125.591	9.118999999998778	trials	32.0	16130.537411000001	16131.862322	16132.886911000001	16133.272710000001	16129.622484000001	16132.307493	16133.455	16134.71	1.0	2.0	1.0	1.0					
16137.808	7.106999999999971	trials	32.0	16141.648151000001	16143.044418000001	16144.191262	16144.969540000002	16140.753777000002	16143.576044000001			1.0	2.0	0.0	3.0					
16146.575	9.984999999998763	trials	32.0	16152.612765000002	16153.970979000002	16154.957706000001	16155.258876000002	16152.092967	16154.350287000001	16155.62	16156.56	1.0	1.0	1.0	1.0					
16158.581	8.808999999999287	trials	32.0	16163.174216000001	16164.754691000002	16165.743447	16166.006816000001	16162.460331000002	16165.142982000001	16166.475	16167.39	1.0	1.0	1.0	1.0					
16170.45	11.359999999998763	trials	32.0	16177.742652	16179.149971	16180.112727000002	16180.402257000002	16177.023222000002	16179.481983000001	16180.76	16181.81	1.0	1.0	1.0	1.0					
16185.83	6.985000000000582	trials	32.0	16188.792503	16189.935054000001	16190.958128000002	16191.452954	16188.223854000002	16190.327251	16191.82	16192.815	1.0	1.0	1.0	1.0					
16196.93	6.305000000000291	trials	32.0	16198.549791000001	16200.129524000002	16201.560531000001	16201.919473000002	16197.717503000002	16200.936605	16202.195	16203.235	1.0	2.0	1.0	1.0					
16207.25	4.795000000000073	trials	32.0	16208.969807000001	16210.489653	16211.500311000002	16212.098325	16207.598703000001	16210.99803			1.0	2.0	0.0	3.0					
16215.86	18.974999999998545	trials	32.0	16231.908102000001	16233.375177000002	16234.231898000002	16234.891422	16230.933075	16233.638751			1.0	1.0	0.0	3.0					
16236.616	13.629000000000815	trials	32.0	16245.738308000002	16247.437364000001	16248.492609	16248.867372	16245.050487	16247.867953	16249.25	16250.245	1.0	2.0	1.0	1.0					
16254.28	5.885000000000218	trials	32.0	16256.958384000001	16258.136457	16259.700432000001	16260.222504000001	16255.973082	16258.647981000002			1.0	2.0	0.0	3.0					
16263.03	7.869999999998981	trials	32.0	16267.858587	16269.180516	16270.146428000002	16270.955679	16267.049779	16269.537819000001			1.0	1.0	0.0	3.0					
16273.495	11.540999999999258	trials	32.0	16280.678685	16282.205096000002	16283.45318	16283.732734000001	16279.923398	16282.790486000002	16284.14	16285.036	1.0	1.0	1.0	1.0					
16289.17	5.774999999999636	trials	32.0	16291.478582000002	16292.910249	16294.437812000002	16295.001008000001	16290.477609000001	16292.875184			1.0	1.0	0.0	3.0					
16296.765	17.75	trials	32.0	16311.348582	16313.289917000002	16314.189021000002	16314.561635000002	16310.360562000002	16313.626214000002			1.0	2.0	0.0	3.0					
16317.521	19.679999999998472	trials	32.0	16333.002285	16334.090033	16335.448110000001	16335.757197	16332.162794000002	16334.604261	16336.116	16337.201	1.0	1.0	1.0	1.0					
16339.255	11.555000000000291	trials	32.0	16346.703558000001	16348.04505	16349.081056	16349.340058000002	16345.989114000002	16348.484927000001	16349.735	16350.81	1.0	2.0	1.0	1.0					
16353.83	5.850000000000364	trials	32.0	16355.788154000002	16356.909990000002	16357.947786	16358.308415000001	16355.131580000001	16357.344612	16358.585	16359.68	1.0	1.0	1.0	1.0					
16361.701	7.324000000000524	trials	32.0	16364.609591	16366.535234	16367.542815	16367.832875000002	16363.992863000001	16366.89227	16368.225	16369.025	1.0	1.0	1.0	1.0					
16372.05	6.4099999999998545	trials	32.0	16374.043177000001	16375.382013	16376.614322000001	16377.032556000002	16373.492604000001	16375.966148000001	16377.286	16378.46	1.0	1.0	1.0	1.0					
16382.436	10.209000000000742	trials	32.0	16388.028531	16389.745197	16390.812185000003	16391.028184000003	16387.203756000003	16390.193721	16391.491	16392.645	1.0	1.0	1.0	1.0					
16394.691	9.224000000001979	trials	32.0	16400.748263	16401.99144	16402.907247000003	16403.285513000003	16399.840193	16402.288437000003			1.0	1.0	1.0	1.0					
16407.451	10.493999999998778	trials	32.0	16414.623323	16416.204092	16417.439031	16417.99857	16414.035522000002	16416.836661			1.0	2.0	0.0	3.0					
16421.866	8.268999999996595	trials	32.0	16426.260352	16427.381315000002	16428.321236	16428.831768	16425.317282	16427.679132	16428.94	16430.135	1.0	1.0	1.0	1.0					
16434.155	6.1710000000020955	trials	32.0	16436.204106	16437.690921	16438.8462	16438.9173	16435.512315	16438.27232	16439.475	16440.326	1.0	1.0	1.0	1.0					
16442.41	8.514999999999418	trials	32.0	16446.399156	16448.330596	16449.145866000003	16449.562434	16445.4946	16448.443452	16449.81	16450.925	1.0	1.0	1.0	1.0					
16455.01	6.955000000001746	trials	32.0	16456.96353	16458.855999	16460.160189000002	16460.481888000002	16455.118280000002	16459.252728	16460.826	16461.965	1.0	2.0	1.0	1.0					
16466.015	7.505000000001019	trials	32.0	16469.073996000003	16470.719142	16471.606709	16471.931361000003	16468.359084	16471.008047000003	16472.26	16473.52	1.0	1.0	1.0	1.0					
16477.335	7.951000000000931	trials	32.0	16481.833523	16483.287018000003			16480.839195	16483.274628000003			1.0		0.0	2.0					
16489.295	7.385000000002037	trials	32.0	16492.699163	16494.00731	16494.991025000003	16495.404128000002	16491.894909000002	16494.385542	16495.665	16496.68	1.0	1.0	1.0	1.0					
16499.77	9.869999999998981	trials	32.0	16505.349809	16506.946011	16507.956816	16508.315154	16504.383624000002	16507.310532	16508.725	16509.64	1.0	1.0	1.0	1.0					
16511.746	7.455000000001746	trials	32.0	16514.954207000002	16516.540614	16517.511489	16517.891321000003	16514.407203000002	16516.897655	16518.125	16519.201	1.0	1.0	1.0	1.0					
16521.366	1237.5939999999973	BlockDesign														1.0	944.0	997.0	50.0	10.0
16521.366	9.198999999996886	trials	33.0	16526.119457	16527.61088	16528.649651	16529.019704000002	16525.509081	16528.035197	16529.39	16530.565	1.0	2.0	1.0	1.0					
16534.65	6.635999999998603	trials	33.0	16537.775508000002	16538.931505	16540.270496	16540.651016	16537.256840000002	16539.541656			1.0	1.0	1.0	1.0					
16545.86	32.86000000000058	trials	33.0	16575.264525000002	16576.686795	16577.630064	16578.020768000002	16574.463081	16577.069829			1.0	1.0	1.0	1.0					
16583.116	8.868999999998778	trials	33.0	16587.554657	16589.011898	16590.151352	16590.578843000003	16586.838528	16589.012471000002	16590.81	16591.985	1.0	1.0	1.0	1.0					
16596.122	4.352999999999156	trials	33.0	16597.831273	16599.071342000003	16599.997239	16600.530581000003	16596.661958	16599.438840000003			1.0	2.0	0.0	3.0					
16603.341	7.810999999997875	trials	33.0	16607.81564	16609.170079	16610.468516	16610.902044000002	16606.963352000002	16609.16562			1.0		0.0	2.0					
16614.165	142.02999999999884	trials	33.0	16753.359858	16754.586566	16755.594561	16756.250184	16752.820107	16755.015542			1.0	2.0	0.0	3.0					
16759.931	17.86399999999776	trials	33.0	16774.890573	16776.263661	16777.157502000002	16777.850363	16774.148664	16776.582021000002			1.0	1.0	0.0	3.0					
16781.48	26.63600000000224	trials	33.0	16805.051792000002	16806.667902	16807.638545	16808.171592000002	16804.343285000003	16806.989526			1.0	2.0	0.0	3.0					
16809.965	13.349999999998545	trials	33.0	16818.971317	16820.726966000002	16821.482084000003	16821.844783	16818.458813	16820.933378	16822.065	16823.315	1.0	1.0	1.0	1.0					
16827.396	20.47399999999834	trials	33.0	16844.895237	16845.973542	16847.000264000002	16847.929952000002	16843.951341	16846.393511000002			1.0	1.0	0.0	3.0					
16850.396	11.243999999998778	trials	33.0	16858.387136	16859.961274	16861.051362000002	16861.696773	16857.803876	16860.430695000003			1.0	2.0	0.0	3.0					
16863.385	12.330000000001746	trials	33.0	16871.940261	16873.29707	16874.121461000002	16874.433617000002	16871.217123000002	16873.521512	16875.01	16875.715	1.0	1.0	1.0	1.0					
16877.855	16.735000000000582	trials	33.0	16891.020789000002	16892.618107000002	16893.513089	16893.776811	16890.412664	16892.929779000002			1.0	1.0	1.0	1.0					
16899.148	10.01299999999901	trials	33.0	16904.270769000002	16906.438113	16907.389614	16907.782032000003	16903.370415	16906.820582	16908.065	16909.161	1.0	1.0	1.0	1.0					
16912.246	7.85399999999936	trials	33.0	16916.610555	16918.149908	16919.123711	16920.156430000003	16915.948869	16918.510776000003			1.0	1.0	0.0	3.0					
16921.464	31.82600000000093	trials	33.0	16949.420559000002	16950.57773	16951.507962	16951.906091	16948.774694	16950.879675	16952.11	16953.29	1.0	1.0	1.0	1.0					
16957.21	7.665000000000873	trials	33.0	16961.440560000003	16962.87296	16963.706738	16964.667854	16960.90179	16962.864032			1.0		0.0	2.0					
16967.955	22.544999999998254	trials	33.0	16986.22245	16988.132055000002	16989.414522000003	16989.915779000003	16985.632746000003	16988.685603			1.0	1.0	0.0	3.0					
16992.71	19.723000000001775	trials	33.0	17009.075885000002	17011.074302	17012.061893000002	17012.471325000002	17008.087064	17011.438083			1.0	2.0	0.0	3.0					
17015.436	14.253999999997177	trials	33.0	17025.226194000003	17026.720485	17027.730339	17028.149576	17024.352857	17027.087471000003	17028.345	17029.69	1.0	1.0	1.0	1.0					
17031.595	8.944999999999709	trials	33.0	17036.597045000002	17038.5374	17039.622568000003	17040.600573	17035.684708	17038.58936			1.0	2.0	0.0	3.0					
17041.905	13.025000000001455	trials	33.0	17051.755404	17053.203909	17054.612736000003	17054.969121000002	17051.239769	17053.755756000002			1.0	1.0	0.0	3.0					
17057.94	11.840000000000146	trials	33.0	17065.916172	17067.172418000002	17068.237113000003	17068.464401	17064.981452	17067.663444	17068.911	17069.78	1.0	1.0	1.0	1.0					
17071.805	11.525000000001455	trials	33.0	17079.856406000003	17081.122403	17082.911844000002	17083.388466	17079.15697	17081.714031			1.0	1.0	0.0	3.0					
17086.2	18.001000000000204	trials	33.0	17101.016195	17102.669427	17103.39129	17104.25673	17100.16419	17102.758278			1.0	2.0	0.0	3.0					
17105.669	19.180999999996857	trials	33.0	17121.472843	17123.443419000003	17124.372953000002	17124.907019000002	17120.887829	17123.807451			1.0	1.0	0.0	3.0					
17128.771	11.313999999998487	trials	33.0	17136.021228	17137.42766	17138.44391	17138.719071	17135.051394000002	17137.816937	17138.96	17140.085	1.0	2.0	1.0	1.0					
17142.105	7.645000000000437	trials	33.0	17146.619567	17148.248168000002	17149.333692	17149.81062	17145.868371	17148.752034			1.0	2.0	0.0	3.0					
17151.56	16.409999999999854	trials	33.0	17164.446303	17165.58279	17167.27341	17167.789759	17163.727041000002	17166.523422000002			1.0	2.0	0.0	3.0					
17169.56	18.10099999999875	trials	33.0	17183.641482000003	17185.640172	17186.999184	17187.720533	17182.910842	17186.212512000002			1.0	2.0	0.0	3.0					
17189.344	30.200999999997293	trials	33.0	17216.111424000002	17217.730206	17219.025476000003	17219.602580000002	17215.541388	17218.131449			1.0	2.0	0.0	3.0					
17222.355	9.110000000000582	trials	33.0	17229.012674	17230.183079000002	17231.053604	17231.525379000002	17228.134539000002	17230.495581000003			1.0	1.0	0.0	3.0					
17235.396	99.3289999999979	trials	33.0	17331.053156	17332.7184	17333.627330000003	17334.273335	17330.388555	17332.713879000003			1.0		0.0	2.0					
17337.801	15.213999999999942	trials	33.0	17348.577035000002	17350.078631	17351.029791	17351.402859	17347.581119000002	17350.391055	17351.815	17353.015	1.0	1.0	1.0	1.0					
17356.091	9.199000000000524	trials	33.0	17362.126673000002	17363.550081	17364.542203	17365.348989000002	17361.163116	17363.962478			1.0	2.0	0.0	3.0					
17367.82	14.171000000002095	trials	33.0	17378.251845000003	17379.491609	17380.271566000003	17380.666952	17377.494514	17379.683571	17380.945	17381.991	1.0	1.0	1.0	1.0					
17386.12	10.635000000002037	trials	33.0	17392.42869	17394.271806	17394.996147	17395.115464000002	17391.725730000002	17394.387557000002	17395.695	17396.755	1.0	1.0	1.0	1.0					
17400.84	7.270000000000437	trials	33.0	17404.772163	17406.537509	17407.669379000003	17408.170512	17404.037985000003	17407.098885			1.0	1.0	0.0	3.0					
17410.015	15.130000000001019	trials	33.0	17420.897589	17422.629036000002	17424.078491	17424.435678	17419.981934000003	17423.429492000003			1.0	1.0	1.0	1.0					
17427.686	10.16899999999805	trials	33.0	17433.487263000003	17434.727235000002	17435.921094	17436.357755	17432.802209	17435.32096	17436.735	17437.855	1.0	1.0	1.0	1.0					
17440.92	7.55000000000291	trials	33.0	17444.303775	17446.049397000003	17447.444976000002	17447.848399000002	17443.436542000003	17446.831743000002			1.0	1.0	1.0	1.0					
17452.002	13.902999999998428	trials	33.0	17462.598527000002	17463.842686	17465.145650000002	17465.519808	17461.705068000003	17464.383316			1.0	1.0	0.0	3.0					
17469.475	29.635000000002037	trials	33.0	17493.117202	17494.578101	17495.504772	17495.842353	17492.216549	17494.882991000002	17496.06	17499.11	1.0	1.0	1.0	1.0					
17502.155	16.165000000000873	trials	33.0	17515.162886000002	17516.659553	17517.905946000003	17518.377639000002	17514.632547	17517.015678			1.0	1.0	0.0	3.0					
17522.221	87.02899999999863	trials	33.0	17604.558206	17605.32431	17609.04474	17609.308679	17603.946335	17605.309617000003			1.0		0.0	2.0					
17609.339	18.550999999999476	trials	33.0	17623.31856	17624.884275	17625.998822	17626.405554	17622.780084	17625.393869	17626.6	17627.89	1.0	1.0	1.0	1.0					
17630.703	7.316999999999098	trials	33.0	17634.823351000003	17635.894911000003	17637.331095	17637.409157000002	17634.234575000002	17636.613768000003			1.0	2.0	0.0	3.0					
17640.597	10.122999999999593	trials	33.0	17646.383009	17647.919661	17648.814929	17649.198997	17645.423284	17647.934603	17649.605	17650.72	1.0	1.0	1.0	1.0					
17652.795	13.850000000002183	trials	33.0	17663.342826	17664.739979	17665.70781	17666.703498000003	17662.677428000003	17665.124562			1.0	1.0	0.0	3.0					
17669.045	16.095000000001164	trials	33.0	17681.86833	17683.294643	17684.721865	17685.199626	17681.297376000002	17683.820478			1.0	2.0	0.0	3.0					
17686.995	33.93500000000131	trials	33.0	17717.948126000003	17718.932135000003	17719.604892000003	17720.001321	17717.301483000003	17718.92177			1.0		0.0	2.0					
17723.0	20.090000000000146	trials	33.0	17738.804922000003	17739.951408	17741.101443	17741.486125000003	17738.087147000002	17740.510349	17741.845	17743.09	1.0	1.0	1.0	1.0					
17746.915	12.044999999998254	trials	33.0	17755.523504	17757.532682	17758.701431	17759.610858	17754.699760000003	17758.061919			1.0	1.0	0.0	3.0					
17763.089	412.03099999999904	BlockDesign														1.0	998.0	1017.0	50.0	0.0
17763.089	18.89099999999962	trials	34.0	17777.953706	17779.391829	17780.134587	17780.566722	17777.159091	17779.606107	17780.651	17781.98	2.0	1.0	1.0	1.0					
17785.045	10.210000000002765	trials	34.0	17791.968214	17793.170105	17794.178190000002	17794.295508000003	17791.090526	17793.556676			2.0	1.0	0.0	3.0					
17796.449	17.940999999998894	trials	34.0	17809.713393	17811.560845	17812.590969	17813.026002000002	17808.808851	17811.995007	17813.28	17814.39	2.0	1.0	1.0	1.0					
17816.44	12.551000000003114	trials	34.0	17824.708359	17826.145878000003	17827.346412000003	17827.899743	17823.858404000002	17826.170709			2.0	1.0	0.0	3.0					
17829.655	22.625	trials	34.0	17848.240173000002	17849.449722	17850.496301	17850.925913	17847.406107000003	17849.934105	17851.21	17852.28	2.0	1.0	1.0	1.0					
17855.376	8.318999999999505	trials	34.0	17860.583595	17862.046608	17863.14972	17863.754837	17859.713408	17862.399797000002			2.0	1.0	0.0	3.0					
17865.466	33.76900000000023	trials	34.0	17896.269366	17897.648929000003	17898.754358000002	17899.297362	17895.721215	17898.143993			2.0	1.0	0.0	3.0					
17903.11	49.57999999999811	trials	34.0	17947.559697	17949.570945	17950.840086	17951.113278	17946.809172	17949.63519	17951.455	17952.69	2.0	1.0	1.0	1.0					
17956.735	10.381000000001222	trials	34.0	17962.479761000002	17964.380934	17965.332449	17965.747190000002	17961.959564	17964.758855	17965.935	17967.116	2.0	1.0	1.0	1.0					
17969.135	9.231000000003405	trials	34.0	17975.694705	17977.081053	17977.949363	17978.429864	17975.015844	17977.325304			2.0	1.0	0.0	3.0					
17980.341	16.971999999997934	trials	34.0	17993.593993000002	17994.937998	17996.970738	17997.324848	17993.042891	17996.150973			2.0	1.0	0.0	3.0					
18000.236	15.949000000000524	trials	34.0	18011.214474	18012.421314	18014.355425	18014.76386	18010.687707	18012.875064	18015.06	18016.185	2.0	1.0	1.0	1.0					
18018.305	11.621999999999389	trials	34.0	18025.164523	18027.167794	18028.051214	18028.452144000003	18024.472943	18027.449543000002	18028.82	18029.927	2.0	1.0	1.0	1.0					
18032.015	8.979999999999563	trials	34.0	18037.266443	18039.271792	18040.601217000003	18041.057527	18036.592575000002	18039.843129			2.0	1.0	0.0	3.0					
18043.915	13.094999999997526	trials	34.0	18054.105291	18056.020628000002	18056.571340000002	18057.073653	18053.284314	18055.983999			2.0	1.0	0.0	3.0					
18060.966	22.438999999998487	trials	34.0	18079.431074	18080.946743	18081.761933	18081.872831	18078.561162	18081.142509	18082.355	18083.405	2.0	1.0	1.0	1.0					
18085.42	9.645000000000437	trials	34.0	18091.860081000003	18093.646863	18094.510245	18095.126013	18091.140858000002	18093.647687			2.0	1.0	0.0	3.0					
18098.905	27.784999999999854	trials	34.0	18122.299473	18123.666635	18124.715451	18125.012474000003	18121.756385	18124.061270000002	18125.366	18126.69	2.0	1.0	1.0	1.0					
18128.71	16.57300000000032	trials	34.0	18142.031352	18143.95219	18144.925005	18145.064369	18141.271434000002	18144.294191			2.0	1.0	0.0	3.0					
18148.268	26.851999999998952	trials	34.0	18170.924648	18172.506867	18173.413185	18173.807372000003	18170.074245	18172.814451000002	18173.965	18175.12	2.0	1.0	1.0	1.0					
18179.177	951.2340000000004	BlockDesign														0.0	1018.0	1047.0	0.0	50.0
18179.177	9.13799999999901	trials	35.0	18183.820184	18184.903671	18186.454380000003	18186.802941	18183.090526	18185.465873	18187.076	18188.315	3.0	2.0	1.0	1.0					
18190.411	12.125	trials	35.0	18199.195263	18200.592096	18201.257046000002	18201.567813	18198.3099	18200.585199			3.0		0.0	2.0					
18204.546	19.78900000000067	trials	35.0	18221.205128	18222.301610000002	18223.716108	18224.399583000002	18220.557378	18222.815654			3.0	2.0	0.0	3.0					
18227.076	9.269000000000233	trials	35.0	18233.620236000002	18234.752289	18235.977732	18236.406914	18232.806181	18235.214035			3.0	1.0	0.0	3.0					
18239.25	95.02500000000146	trials	35.0	18329.951105	18331.039366	18331.761929	18332.165759000003	18329.156908	18331.157396000002	18332.451	18334.275	3.0	2.0	1.0	1.0					
18336.09	36.16500000000087	trials	35.0	18369.549658	18370.618275	18371.613181	18372.332412	18329.156908	18370.650036			3.0	2.0	0.0	3.0					
18373.902	47.62300000000323	trials	35.0	18419.545313	18419.592007			18419.029476	18419.586189999998			3.0		0.0	2.0					
18425.545	30.650000000001455	trials	35.0	18453.130108	18454.261242	18454.862427	18455.174524	18452.378152	18454.252218999998			3.0		0.0	2.0					
18458.203	14.601999999998952	trials	35.0	18468.419955	18469.845949	18470.584291	18470.902621	18467.573562	18470.01978	18471.3	18472.805	3.0	2.0	1.0	1.0					
18475.876	9.4900000000016	trials	35.0	18482.350362	18483.587056	18484.562923	18485.442369	18481.690813	18483.991471			3.0	2.0	0.0	3.0					
18488.885	8.695000000003347	trials	35.0	18494.255557	18495.952566	18496.988197	18497.657644	18493.631667999998	18496.381414			3.0	2.0	0.0	3.0					
18499.251	18.95499999999811	trials	35.0	18515.281906	18517.191266	18517.788465	18518.282182	18514.436835	18517.177744			3.0	1.0	0.0	3.0					
18520.045	24.866000000001804	trials	35.0	18541.991815	18543.433489	18544.391076	18544.990326	18541.328527	18543.838933			3.0	1.0	0.0	3.0					
18547.72	20.07499999999709	trials	35.0	18564.160612	18565.862674	18566.489961	18567.388237	18563.633475	18565.853826			3.0		0.0	2.0					
18571.872	58.38799999999901	trials	35.0	18626.632015	18628.33336			18625.77234	18628.323482			3.0		0.0	2.0					
18632.34	53.169999999998254	trials	35.0	18680.681658	18682.285465	18683.06047	18683.425527	18679.742986	18682.400938	18683.685	18685.51	3.0	2.0	1.0	1.0					
18689.53	16.631000000001222	trials	35.0	18702.786313	18704.192604	18704.908981	18705.477076	18702.080023	18704.188321			3.0		0.0	2.0					
18708.235	21.349999999998545	trials	35.0	18724.492519	18726.325069	18727.499768	18727.902322	18723.630921	18726.704749	18728.245	18729.585	3.0	2.0	1.0	1.0					
18732.678	9.983000000000175	trials	35.0	18738.525897	18739.718536	18740.676887999998	18741.094542	18737.729467	18740.048724	18741.395	18742.661	3.0	2.0	1.0	1.0					
18744.677	107.84300000000076	trials	35.0	18848.871771	18850.543838999998	18851.140183	18851.63179	18848.287263	18850.526056			3.0		0.0	2.0					
18856.53	12.525000000001455	trials	35.0	18866.691786	18867.127282			18865.904746	18867.118821			3.0		0.0	2.0					
18872.073	84.68699999999808	trials	35.0	18952.436646	18953.782228	18954.748186	18955.078888	18951.432471	18953.736816	18955.356	18956.76	3.0	2.0	1.0	1.0					
18958.82	13.1150000000016	trials	35.0	18968.677068	18970.183612	18971.203774	18972.011836	18967.744582	18970.620296			3.0	2.0	0.0	3.0					
18973.577	12.317999999999302	trials	35.0	18982.191617	18983.423856	18984.835087	18985.252702	18981.557325	18983.888348			3.0	1.0	0.0	3.0					
18989.155	20.715000000000146	trials	35.0	19004.852385	19006.519998	19007.78521	19008.17913	19004.086531	19007.186044	19008.47	19009.87	3.0	2.0	1.0	1.0					
19012.961	16.70600000000195	trials	35.0	19027.632535	19027.676045			19026.998038	19027.66802			3.0		0.0	2.0					
19031.68	53.099999999998545	trials	35.0	19080.647727	19082.139217	19082.753658999998	19083.16549	19079.724442	19082.18704	19083.381	19084.78	3.0	2.0	1.0	1.0					
19086.87	9.540000000000873	trials	35.0	19093.312596	19094.481549	19094.986842	19096.077712	19092.391294	19094.473235			3.0		0.0	2.0					
19098.42	18.29500000000189	trials	35.0	19112.522659	19113.818043	19114.689559	19115.031801	19111.916799	19114.162591	19115.411	19116.715	3.0	2.0	1.0	1.0					
19118.5	11.911000000000058	trials	35.0	19126.107511	19128.006871999998	19128.525586	19128.952606	19125.342229	19127.936158	19129.23	19130.411	3.0	2.0	1.0	1.0					
19132.558	241.0119999999988	BlockDesign														0.0	1048.0	1055.0	50.0	50.0
19132.558	9.933000000000902	trials	36.0	19138.508964	19140.060753	19140.49855	19140.894664	19137.74956	19140.002283	19141.105	19142.491	3.0	2.0	1.0	1.0					
19146.585	6.6599999999998545	trials	36.0	19148.482885	19150.015519	19151.258992	19151.759956	19147.974394	19150.487313999998	19152.07	19153.245	2.0	1.0	1.0	1.0					
19155.295	16.122000000003027	trials	36.0	19167.482833	19169.451399999998	19169.951695	19170.601005	19166.841981	19169.445276			3.0		0.0	2.0					
19174.485	16.239999999997963	trials	36.0	19187.22296	19189.184551	19190.166584	19190.804166	19186.538524	19189.62391			2.0	1.0	0.0	3.0					
19192.433	130.0069999999978	trials	36.0	19318.708617	19320.209115	19321.748385	19322.522312	19317.880011	19320.738871			2.0	2.0	0.0	3.0					
19325.03	11.096000000001368	trials	36.0	19332.463785	19334.249553999998	19335.208359	19336.207421	19331.844772	19334.608141			2.0	1.0	0.0	3.0					
19338.53	12.970000000001164	trials	36.0	19348.108136	19349.665876	19350.833968	19351.581169	19347.579891	19350.17512			3.0	2.0	0.0	3.0					
19355.09	18.479999999999563	trials	36.0	19368.414546	19370.45701	19371.725485	19372.120561	19367.46286	19371.056411999998	19372.285	19373.57	3.0	2.0	1.0	1.0					
