onset	duration	nwb_table	block	tone_on_time	tone_off_time	action_on_time	action_off_time	pokeC_on_time	pokeC_off_time	reward_on_time	reward_off_time	state	action	reward	result	FinishedBlock	FirstTrial	LastTrial	RewardRule_L	RewardRule_R
3.771	517.094	BlockDesign														1.0	1.0	25.0	50.0	0.0
3.771	15.369	trials	1.0	15.587777999999997	17.144149			14.608788999999996	17.139029999999998			2.0		0.0	2.0					
21.22	14.801000000000002	trials	1.0	33.392336	34.715947	35.45274	36.037158	32.836620999999994	35.11062999999999			2.0	1.0	0.0	3.0					
39.865	20.735	trials	1.0	56.532056999999995	58.364016	59.04006	59.255357	55.7029	58.682218	59.785	60.6	2.0	1.0	1.0	1.0					
63.676	13.358999999999995	trials	1.0	73.03891200000001	74.58440199999998	75.298078	75.46854099999999	72.042201	74.94557499999999	75.99	77.035	2.0	1.0	1.0	1.0					
81.055	13.404999999999987	trials	1.0	91.93258499999999	93.17920799999999	94.09531899999999	94.29732099999998	91.41626299999999	93.724445			2.0	1.0	0.0	3.0					
97.543	14.956999999999994	trials	1.0	108.517608	110.274066	110.882418	111.06489299999998	107.63488799999999	110.54197500000001	111.795	112.5	2.0	1.0	1.0	1.0					
114.59	17.055999999999983	trials	1.0	129.262809	130.62373	131.33538000000001	131.642917	128.357401	130.85853600000002			2.0	2.0	0.0	3.0					
133.722	22.258999999999986	trials	1.0	152.562724	153.988795			151.585665	153.977341			2.0		0.0	2.0					
158.06	17.045999999999992	trials	1.0	171.008019	172.514611	173.545549	173.71593000000001	170.469259	173.13882	174.345	175.106	2.0	1.0	1.0	1.0					
179.16	51.68000000000001	trials	1.0	226.53946200000001	228.360144	229.114992	229.306992	225.888267	228.73233100000002	229.75	230.84	2.0	1.0	1.0	1.0					
233.823	16.811999999999983	trials	1.0	248.183106	249.594572	250.327674	250.51222	247.662654	249.93590700000001			2.0	1.0	0.0	3.0					
252.646	22.224000000000018	trials	1.0	271.69285499999995	272.876406	273.61958899999996	273.860869	270.71061899999995	272.86844499999995			2.0		0.0	2.0					
276.877	13.437999999999988	trials	1.0	287.469253	288.998973	289.853613	290.329972	286.849135	289.463214			2.0	1.0	0.0	3.0					
294.189	8.380999999999972	trials	1.0	298.743093	300.287763	301.06077999999997	301.234599	298.220625	300.665829	301.64	302.57	2.0	1.0	1.0	1.0					
304.736	18.13900000000001	trials	1.0	320.579733	321.869487	322.48864199999997	322.70876799999996	319.68994599999996	322.15466499999997			2.0	1.0	0.0	3.0					
325.9	15.715000000000032	trials	1.0	337.65329299999996	339.019947	339.722646	339.950625	336.84308799999997	339.378207	340.436	341.615	2.0	1.0	1.0	1.0					
345.39	17.335000000000036	trials	1.0	358.69818699999996	360.365931	361.03083	361.223329	358.089207	360.68352999999996	361.78	362.725	2.0	1.0	1.0	1.0					
364.866	18.399	trials	1.0	381.124759	382.333012	382.962567	383.16011499999996	380.608048	382.59130799999997			2.0	1.0	0.0	3.0					
385.299	17.446000000000026	trials	1.0	398.71856699999995	400.51516	401.19381599999997	401.38807099999997	397.846881	400.819444	390.17	402.745	2.0	1.0	1.0	1.0					
405.765	16.25	trials	1.0	419.033106	419.96561499999996			418.160509	419.961613			2.0		0.0	2.0					
426.055	12.639999999999986	trials	1.0	435.903103	437.42538399999995	438.32301099999995	438.60623499999997	435.066531	437.83860999999996			2.0	2.0	0.0	3.0					
441.702	14.867999999999995	trials	1.0	451.55411999999995	453.325069			450.69008499999995	453.31965199999996			2.0		0.0	2.0					
457.395	23.45500000000004	trials	1.0	476.91893699999997	478.571536	479.342088	479.49341799999996	476.04029199999997	478.96149099999997	480.135	480.85	2.0	1.0	1.0	1.0					
482.905	18.390000000000043	trials	1.0	497.53349499999996	499.04812599999997	499.67729299999996	499.899483	496.82001099999997	499.27584099999996	500.39	501.295	2.0	1.0	1.0	1.0					
503.396	17.468999999999994	trials	1.0	517.573249	519.075504	519.743884	519.894028	516.9260350000001	519.3876290000001			2.0	1.0	1.0	1.0					
525.32	1101.7939999999999	BlockDesign														1.0	26.0	77.0	0.0	50.0
525.32	17.75999999999999	trials	2.0	540.228642	541.8806890000001	542.7696070000001	542.9856560000001	539.688793	541.9581830000001			3.0	1.0	0.0	3.0					
545.086	12.658999999999992	trials	2.0	554.148532	555.7521290000001	556.230977	556.356985	553.4976320000001	555.748608			3.0		0.0	2.0					
559.755	12.024999999999977	trials	2.0	569.303859	570.595593	571.3980740000001	571.6652260000001	568.3616020000001	570.921283			3.0	2.0	0.0	3.0					
574.79	18.200000000000045	trials	2.0	589.308841	590.995446	591.64765	591.961346	588.800532	590.989324			3.0		0.0	2.0					
597.005	13.43500000000006	trials	2.0	607.4739390000001	609.200902	610.067767	610.370752	606.952677	609.629545			3.0	1.0	0.0	3.0					
613.45	49.63499999999999	trials	2.0	659.324022	660.410293	661.249171	661.451577	658.3652510000001	660.760935	661.94	663.085	3.0	2.0	1.0	1.0					
665.227	22.182999999999993	trials	2.0	685.115679	686.3324680000001	687.104277	687.4045070000001	684.435481	686.6141680000001			3.0	2.0	0.0	3.0					
689.49	15.934999999999945	trials	2.0	702.698946	704.275608	705.125938	705.351499	702.1246950000001	704.694694			3.0	2.0	0.0	3.0					
708.506	20.055000000000064	trials	2.0	724.94905	726.051004	726.878377	727.149045	723.967122	726.390564	727.6	728.561	3.0	2.0	1.0	1.0					
730.655	19.43500000000006	trials	2.0	746.580724	748.097062	748.603657	748.850668	745.5806650000001	748.0890380000001			3.0		0.0	2.0					
754.171	12.503999999999905	trials	2.0	764.109102	765.8010750000001	766.3701580000001	766.6562680000001	763.5318920000001	765.8808700000001			3.0	2.0	0.0	3.0					
768.761	13.314000000000078	trials	2.0	779.669751	781.1470360000001	781.767003	781.997608	778.733247	781.400116			3.0	1.0	0.0	3.0					
784.08	26.584999999999923	trials	2.0	806.774097	808.350216	809.1497760000001	809.345469	806.209006	808.5857010000001	809.725	810.665	3.0	2.0	1.0	1.0					
814.751	15.269999999999982	trials	2.0	827.824284	829.017739	829.718173	829.917861	827.2676710000001	829.2498850000001			3.0	2.0	0.0	3.0					
833.066	10.154999999999973	trials	2.0	840.479689	842.240119	842.829604	842.997486	839.754504	842.469096			3.0	1.0	0.0	3.0					
845.231	15.13900000000001	trials	2.0	858.2998150000001	859.336506	860.050798	860.354146	857.3648790000001	859.594066			3.0	2.0	0.0	3.0					
862.375	22.533000000000015	trials	2.0	882.6659430000001	883.7420890000001	884.5084850000001	884.8348960000001	882.14967	884.178183			3.0	1.0	0.0	3.0					
888.99	7.18100000000004	trials	2.0	892.869582	894.70777	895.786645	896.142363	892.3380440000001	895.1900860000001			3.0	2.0	0.0	3.0					
899.146	17.679000000000087	trials	2.0	914.5696	916.0162670000001	916.506301	916.7791070000001	913.664628	916.153152			3.0	1.0	0.0	3.0					
918.91	19.5	trials	2.0	934.564575	936.046609	936.839026	937.043049	933.9233800000001	936.376663	937.565	938.41	3.0	2.0	1.0	1.0					
940.49	19.835000000000036	trials	2.0	956.56467	957.9321190000001	958.533328	958.738155	955.773042	958.064736	959.225	960.325	3.0	2.0	1.0	1.0					
962.378	19.007999999999925	trials	2.0	977.7600610000001	979.333356	979.9240470000001	980.146156	976.995436	979.329753			3.0		0.0	2.0					
985.398	11.317000000000007	trials	2.0	994.19448	995.797719	996.345651	996.599586	993.518062	995.9290970000001			3.0	1.0	0.0	3.0					
999.753	16.977999999999952	trials	2.0	1014.319561	1015.543297	1016.3187330000001	1016.747413	1013.749579	1015.856443			3.0	2.0	0.0	3.0					
1018.705	10.940999999999917	trials	2.0	1027.219924	1028.674972	1029.114123	1029.664015	1026.552069	1028.6878570000001			3.0	2.0	0.0	3.0					
1031.439	31.520999999999958	trials	2.0	1059.541424	1060.971595	1061.3911540000001	1061.613564	1058.5744	1060.962217			3.0		0.0	2.0					
1066.04	8.115000000000009	trials	2.0	1069.930656	1071.482679	1072.490161	1072.740378	1069.080889	1072.007506	1073.095	1074.155	3.0	2.0	1.0	1.0					
1078.18	16.5	trials	2.0	1091.085337	1092.688692	1093.147624	1093.433688	1090.175862	1092.677062			3.0		0.0	2.0					
1096.69	17.87999999999988	trials	2.0	1110.710628	1112.581731	1113.04999	1113.301492	1110.00192	1112.571044			3.0		0.0	2.0					
1116.655	15.405999999999949	trials	2.0	1129.824976	1130.878455	1131.741784	1132.077524	1129.212321	1131.334977			3.0	1.0	0.0	3.0					
1136.067	24.677999999999884	trials	2.0	1157.725155	1159.587325	1160.369091	1160.712768	1157.087419	1159.875549			3.0	2.0	0.0	3.0					
1163.767	15.062999999999874	trials	2.0	1174.0104820000001	1175.941245	1177.10362	1177.420179	1173.33276	1176.63294	1177.78	1178.83	3.0	2.0	1.0	1.0					
1181.85	17.735000000000127	trials	2.0	1196.14517	1197.592351	1198.125048	1198.496926	1195.362808	1197.578788			3.0		0.0	2.0					
1203.668	12.607000000000198	trials	2.0	1213.620324	1215.13456	1215.910776	1216.135186	1212.972483	1215.509872			3.0	1.0	0.0	3.0					
1218.355	19.12999999999988	trials	2.0	1234.83183	1236.362343	1237.12114	1237.449907	1234.209249	1236.669901			3.0	2.0	0.0	3.0					
1239.566	14.653999999999996	trials	2.0	1251.75205	1253.483293	1253.920035	1254.044731	1250.812843	1253.539092			3.0	1.0	0.0	3.0					
1256.3	21.585000000000036	trials	2.0	1273.520493	1275.321763	1276.175223	1276.369122	1272.649666	1275.70029	1276.9	1277.885	3.0	2.0	1.0	1.0					
1281.975	16.925000000000182	trials	2.0	1294.660497	1296.642258	1297.295028	1297.498977	1293.9365	1296.841732	1298.085	1298.9	3.0	2.0	1.0	1.0					
1300.92	21.044999999999845	trials	2.0	1319.345913	1321.14036	1321.596367	1321.922739	1318.448742	1321.071811			3.0	2.0	0.0	3.0					
1325.047	17.18399999999997	trials	2.0	1339.9102030000001	1341.142312	1341.872089	1342.24656	1339.0095880000001	1341.370852			3.0	2.0	0.0	3.0					
1344.186	24.239000000000033	trials	2.0	1364.935672	1366.4346520000001	1366.873683	1367.206831	1364.088948	1366.424704			3.0		0.0	2.0					
1371.49	11.6400000000001	trials	2.0	1380.485593	1381.991491	1382.7538260000001	1383.068974	1379.955088	1382.3530660000001			3.0	1.0	0.0	3.0					
1385.209	17.26599999999985	trials	2.0	1399.405644	1400.626771	1401.355246	1401.702074	1398.835713	1400.891791			3.0	2.0	1.0	1.0					
1406.971	28.214999999999918	trials	2.0	1432.280556	1434.317219	1434.861793	1435.179852	1431.416058	1434.3707590000001			3.0	2.0	0.0	3.0					
1438.266	28.388999999999896	trials	2.0	1463.761117	1464.867664	1465.544673	1465.754367	1462.813854	1465.0986520000001			3.0	2.0	1.0	1.0					
1469.168	21.472000000000207	trials	2.0	1487.801721	1489.631992	1490.326135	1490.632016	1487.240101	1489.856188			3.0	2.0	0.0	3.0					
1492.71	16.417999999999893	trials	2.0	1506.7664260000001	1508.180016	1508.740737	1509.096033	1505.9519500000001	1508.252238			3.0	1.0	0.0	3.0					
1513.14	19.59999999999991	trials	2.0	1530.461601	1531.727317	1532.436631	1532.662422	1529.573314	1531.904958			3.0	2.0	0.0	3.0					
1536.755	32.875	trials	2.0	1566.701004	1568.622069	1569.213424	1569.6460180000001	1565.732584	1568.734986			3.0	2.0	0.0	3.0					
1571.523	9.34699999999998	trials	2.0	1576.072021	1578.061764	1578.967973	1579.2295900000001	1575.4184070000001	1578.357366	1579.63	1580.87	3.0	2.0	1.0	1.0					
1582.939	21.850999999999885	trials	2.0	1600.65189	1602.157851	1602.906096	1603.098246	1599.835891	1602.438926	1603.71	1604.79	3.0	2.0	1.0	1.0					
1607.811	19.30300000000011	trials	2.0	1624.846548	1626.078016	1627.005617	1627.422407	1624.054662	1626.4543350000001			3.0	2.0	0.0	3.0					
1630.385	1358.1499999999999	BlockDesign														1.0	78.0	130.0	50.0	50.0
1630.385	23.160000000000082	trials	3.0	1650.378027	1651.621332	1651.93558	1652.152135	1649.445304	1651.59095	1652.64	1653.545	2.0	1.0	1.0	1.0					
1655.64	19.965999999999894	trials	3.0	1673.083495	1674.463792	1675.227243	1675.436674	1672.27236	1674.735441			3.0	2.0	0.0	3.0					
1677.69	15.838999999999942	trials	3.0	1690.878181	1692.379693	1693.1419290000001	1693.485228	1690.208887	1692.747807			2.0	1.0	0.0	3.0					
1696.49	17.87999999999988	trials	3.0	1710.236638	1712.02357	1712.724112	1712.952504	1709.656887	1712.261593	1713.311	1714.37	3.0	2.0	1.0	1.0					
1718.39	31.899999999999864	trials	3.0	1746.432135	1748.02259	1748.70313	1748.878281	1745.461479	1748.324022	1749.535	1750.29	2.0	1.0	1.0	1.0					
1752.312	15.923000000000002	trials	3.0	1765.736692	1766.988233	1767.846798	1768.253218	1764.9961230000001	1767.335166			3.0	2.0	0.0	3.0					
1771.288	36.932000000000016	trials	3.0	1804.467316	1805.848854	1806.5607850000001	1806.774226	1803.634339	1806.11043	1807.245	1808.22	3.0	2.0	1.0	1.0					
1812.24	17.180000000000064	trials	3.0	1826.951814	1828.143298	1829.036569	1829.390158	1826.0028750000001	1828.4295280000001			2.0	1.0	0.0	3.0					
1831.496	14.978999999999814	trials	3.0	1844.14696	1845.363751	1846.1636740000001	1846.350355	1843.329729	1845.675962			3.0	2.0	0.0	3.0					
1849.502	28.559999999999945	trials	3.0	1875.607363	1876.7143350000001	1877.694175	1878.039294	1874.9569920000001	1877.271242			2.0	1.0	0.0	3.0					
1881.1	21.315000000000055	trials	3.0	1898.93728	1900.961482	1902.061602	1902.266269	1898.202268	1901.503407			2.0	1.0	0.0	3.0					
1904.46	24.389999999999873	trials	3.0	1924.422664	1926.326016	1926.991269	1927.248664	1923.709708	1926.5230080000001	1927.625	1928.85	3.0	2.0	1.0	1.0					
1932.936	17.32400000000007	trials	3.0	1947.003883	1948.533286	1949.136906	1949.400127	1946.434195	1948.614325			3.0	2.0	1.0	1.0					
1953.77	21.855000000000018	trials	3.0	1971.982807	1973.579359	1974.115575	1974.3617140000001	1971.419446	1973.572593			3.0		0.0	2.0					
1979.642	14.727999999999838	trials	3.0	1990.853236	1992.000808	1992.737536	1992.992545	1989.930318	1992.290622	1993.37	1994.37	2.0	1.0	1.0	1.0					
1996.386	14.119000000000142	trials	3.0	2006.442744	2007.585627	2008.772673	2009.032897	2005.8186130000001	2008.364718	2009.51	2010.505	2.0	1.0	1.0	1.0					
2014.525	13.455999999999904	trials	3.0	2024.267788	2025.989041			2023.517704	2025.981294			2.0		0.0	2.0					
2031.99	27.935000000000173	trials	3.0	2056.227841	2057.539267	2058.223378	2058.494134	2055.597141	2057.770971	2058.845	2059.925	3.0	2.0	1.0	1.0					
2062.005	19.0949999999998	trials	3.0	2077.817818	2079.109647	2079.841287	2080.0170590000002	2076.900082	2079.0941550000002			3.0		0.0	2.0					
2083.145	13.88000000000011	trials	3.0	2094.419517	2095.753413	2096.645944	2096.990686	2093.607685	2096.2557150000002			2.0	1.0	0.0	3.0					
2098.99	18.300000000000182	trials	3.0	2113.307955	2115.235017	2115.754733	2116.106302	2112.535387	2115.229023			3.0		0.0	2.0					
2120.3	22.919999999999618	trials	3.0	2139.872846	2141.184871	2142.164469	2142.355999	2139.294049	2141.783964			2.0	1.0	1.0	1.0					
2146.753	28.241999999999734	trials	3.0	2171.193282	2172.493825	2173.21134	2173.408333	2170.631314	2172.724004	2173.975	2174.995	3.0	2.0	1.0	1.0					
2178.106	17.914999999999964	trials	3.0	2193.173922	2194.662391	2195.544543	2196.039986	2192.644156	2195.062168			2.0	1.0	0.0	3.0					
2197.862	34.3779999999997	trials	3.0	2229.063723	2231.082724	2231.875459	2232.144142	2228.07625	2231.4320040000002			2.0	1.0	0.0	3.0					
2234.285	12.140000000000327	trials	3.0	2243.8133550000002	2244.930688	2246.122609	2246.43334	2242.883	2245.689909			2.0	1.0	0.0	3.0					
2248.431	18.244000000000142	trials	3.0	2263.969107	2265.923203	2266.382132	2266.593103	2263.443865	2265.912241			3.0	2.0	0.0	3.0					
2270.736	23.745000000000346	trials	3.0	2290.599264	2291.734324	2292.627382	2293.087599	2290.059814	2292.119872	2293.305	2294.481	3.0	2.0	1.0	1.0					
2297.575	43.36100000000033	trials	3.0	2337.255172	2338.641852	2339.370268	2339.536547	2336.473173	2338.984213	2340.025	2340.936	2.0	1.0	1.0	1.0					
2345.002	80.46199999999999	trials	3.0	2422.674438	2424.4752670000003	2425.1652	2425.334578	2422.0994220000002	2424.691875			2.0	2.0	0.0	3.0					
2428.487	51.51800000000003	trials	3.0	2477.743726	2478.8013220000003	2479.702724	2480.017439	2476.8934560000002	2479.177902			3.0	2.0	0.0	3.0					
2483.015	19.390000000000327	trials	3.0	2497.689487	2499.749218	2500.496778	2500.813741	2497.131763	2499.990993	2501.33	2502.405	3.0	2.0	1.0	1.0					
2504.295	24.11499999999978	trials	3.0	2524.339729	2525.587366	2526.634378	2526.8941720000003	2523.429001	2526.203167	2527.245	2528.41	2.0	1.0	1.0	1.0					
2532.49	18.16000000000031	trials	3.0	2547.88087	2549.504566	2550.215479	2550.660652	2547.2360790000002	2549.726469			3.0	2.0	0.0	3.0					
2552.642	19.278999999999996	trials	3.0	2568.211067	2569.456002	2570.159922	2570.4023310000002	2567.297541	2569.775572	2570.885	2571.921	2.0	1.0	1.0	1.0					
2574.835	18.284999999999854	trials	3.0	2589.4491980000003	2591.081776	2591.668242	2592.039876	2588.675866	2591.0709620000002			3.0		0.0	2.0					
2596.146	12.56899999999996	trials	3.0	2605.56484	2607.589402	2608.362201	2608.675075	2604.735874	2607.9298440000002			2.0	1.0	0.0	3.0					
2610.79	20.820000000000164	trials	3.0	2627.381305	2629.422361	2630.012115	2630.173269	2626.618573	2629.530818	2630.606	2631.61	3.0	2.0	1.0	1.0					
2634.665	23.175000000000182	trials	3.0	2655.42151	2656.628212	2657.488987	2657.853087	2654.862795	2657.015269			3.0	2.0	0.0	3.0					
2661.85	21.615999999999985	trials	3.0	2680.461211	2682.0881990000003	2683.095082	2683.472479	2679.873882	2682.674984			2.0	1.0	0.0	3.0					
2685.481	18.68899999999985	trials	3.0	2699.775028	2701.768071	2702.586781	2702.815702	2699.056844	2702.207631	2703.225	2704.17	2.0	1.0	1.0	1.0					
2707.255	18.420000000000073	trials	3.0	2721.914793	2723.217247	2724.030321	2724.285958	2721.405529	2723.5122380000003	2724.69	2725.675	3.0	2.0	1.0	1.0					
2727.71	36.695000000000164	trials	3.0	2761.256574	2763.184512	2764.038355	2764.374212	2760.604454	2763.655587			2.0	1.0	0.0	3.0					
2766.445	22.25	trials	3.0	2785.744747	2787.5268340000002	2788.135884	2788.718557	2785.161754	2787.655597			3.0	2.0	0.0	3.0					
2791.508	14.675000000000182	trials	3.0	2802.646347	2804.073453	2805.186612	2805.365512	2801.780064	2804.762387			2.0	1.0	1.0	1.0					
2810.715	22.879999999999654	trials	3.0	2829.131625	2830.391178	2830.986474	2831.208645	2828.319851	2830.479336	2831.731	2833.595	3.0	2.0	1.0	1.0					
2836.615	16.763000000000375	trials	3.0	2850.450364	2852.455647	2853.027819	2853.162973	2849.519394	2852.657813			2.0	1.0	0.0	3.0					
2857.39	12.095000000000255	trials	3.0	2866.390825	2867.500896	2868.121851	2868.333127	2865.446479	2867.492239			3.0		0.0	2.0					
2873.554	11.911000000000058	trials	3.0	2881.535523	2883.423838			2880.982453	2883.418543			3.0		0.0	2.0					
2888.471	13.918999999999869	trials	3.0	2898.305688	2900.118594	2900.851482	2901.099606	2897.728546	2900.464732	2901.606	2902.39	2.0	1.0	1.0	1.0					
2905.41	26.350000000000364	trials	3.0	2927.620419	2929.304385	2930.0577630000003	2930.244247	2926.8745480000002	2929.652518	2930.628	2931.76	2.0	1.0	1.0	1.0					
2935.861	17.297000000000025	trials	3.0	2949.422712	2951.11269	2951.834287	2952.016648	2948.5891030000003	2951.097925			3.0		0.0	2.0					
2955.21	33.32499999999982	trials	3.0	2984.587511	2986.018158	2986.876352	2987.085702	2984.043885	2986.388646	2987.64	2988.535	3.0	2.0	1.0	1.0					
2991.627	87.98300000000017	BlockDesign														1.0	131.0	135.0	0.0	0.0
2991.627	19.802999999999884	trials	4.0	3008.620909	3010.438598	3011.063824	3011.3754400000003	3007.849134	3010.657729			2.0	1.0	0.0	3.0					
3014.44	20.674999999999727	trials	4.0	3032.176417	3033.933824	3034.79388	3035.077325	3031.334532	3034.405414			2.0	1.0	0.0	3.0					
3039.125	13.231000000000222	trials	4.0	3050.146051	3051.309867	3052.041625	3052.3230790000002	3049.494258	3051.656485			2.0	1.0	0.0	3.0					
3056.444	9.385999999999967	trials	4.0	3063.988833	3065.022465	3065.5870339999997	3065.8345679999998	3049.494258	3065.252338			2.0	1.0	0.0	3.0					
3068.835	10.775000000000091	trials	4.0	3077.3302049999998	3078.826385	3079.467894	3079.686968	3076.751819	3079.1234609999997			2.0	1.0	0.0	3.0					
3082.811	164.57400000000007	BlockDesign														1.0	136.0	143.0	0.0	0.0
3082.811	14.19399999999996	trials	5.0	3095.016429	3096.192009	3096.764291	3096.9446279999997	3094.219431	3096.2768539999997			3.0	2.0	0.0	3.0					
3101.085	10.585999999999785	trials	5.0	3108.2305189999997	3109.6622389999998			3107.358272	3109.658919			3.0		0.0	2.0					
3114.758	32.077000000000226	trials	5.0	3143.4857939999997	3144.901923	3145.5076329999997	3145.755188	3142.579182	3144.886201			3.0		0.0	2.0					
3149.9	27.230000000000018	trials	5.0	3174.445448	3175.9971029999997	3176.8625429999997	3177.19044	3173.7920129999998	3176.338934			3.0	2.0	0.0	3.0					
3180.137	11.038000000000011	trials	5.0	3187.625381	3189.243701	3189.641906	3189.971856	3186.894926	3189.239438			3.0		0.0	2.0					
3195.223	13.184999999999945	trials	5.0	3205.856108	3206.987403	3208.080731	3208.473458	3205.255944	3207.5507829999997			3.0	2.0	0.0	3.0					
3211.345	24.610000000000127	trials	5.0	3232.686869	3234.652651	3235.657738	3236.035157	3231.962027	3235.135085			3.0	2.0	0.0	3.0					
3239.915	7.470000000000255	trials	5.0	3243.9808829999997	3246.037131	3247.2133289999997	3247.461585	3243.098055	3246.664421			3.0	2.0	0.0	3.0					
3249.505	1106.165	BlockDesign														1.0	144.0	192.0	50.0	50.0
3249.505	9.824999999999818	trials	6.0	3256.650845	3258.064058	3259.080086	3259.369224	3255.7107149999997	3258.655655			2.0	1.0	0.0	3.0					
3261.34	14.641000000000076	trials	6.0	3272.594585	3274.406379	3275.434121	3276.05672	3271.712739	3274.9291829999997			3.0	2.0	0.0	3.0					
3278.76	15.67599999999993	trials	6.0	3292.155738	3293.262314	3294.1156459999997	3294.516216	3291.4557019999997	3293.683787			2.0	1.0	0.0	3.0					
3296.445	23.519999999999982	trials	6.0	3315.9862249999996	3317.276896	3318.296466	3318.519464	3315.209886	3317.769139	3318.885	3319.965	2.0	1.0	1.0	1.0					
3323.985	16.039999999999964	trials	6.0	3335.771487	3337.247424	3338.3128859999997	3338.534796	3334.786788	3337.727661	3339.015	3340.025	3.0	2.0	1.0	1.0					
3343.13	16.46499999999969	trials	6.0	3357.331017	3358.528911	3359.2736059999997	3359.474706	3356.614333	3358.7504839999997			3.0	2.0	0.0	3.0					
3362.606	20.363999999999578	trials	6.0	3379.17579	3380.3873439999998	3381.261439	3381.468179	3378.4024879999997	3380.737988	3381.805	3382.97	3.0	2.0	1.0	1.0					
3387.061	18.86999999999989	trials	6.0	3402.415911	3403.998569			3401.813304	3403.987116			2.0		0.0	2.0					
3409.942	18.963000000000193	trials	6.0	3425.95464	3427.78941	3428.607342	3428.976065	3425.0973719999997	3428.142801			2.0	1.0	0.0	3.0					
3432.915	15.300000000000182	trials	6.0	3444.7564469999998	3445.7877719999997	3446.568969	3446.827041	3443.9400539999997	3446.0480939999998	3447.255	3448.215	3.0	2.0	1.0	1.0					
3450.316	19.889000000000124	trials	6.0	3467.376021	3469.3233	3469.888914	3470.11717	3466.697733	3469.3122839999996			3.0	2.0	0.0	3.0					
3472.255	19.30600000000004	trials	6.0	3487.756188	3488.990498	3489.866933	3490.0935839999997	3487.161354	3489.382847	3490.455	3491.561	2.0	1.0	1.0	1.0					
3494.445	15.71499999999969	trials	6.0	3507.892943	3509.052638	3509.836992	3510.03431	3507.124761	3509.381511			2.0	1.0	0.0	3.0					
3513.237	21.337999999999738	trials	6.0	3531.196862	3532.2437569999997	3532.8222889999997	3533.0366559999998	3530.60189	3532.29959	3533.41	3534.575	3.0	2.0	1.0	1.0					
3537.627	20.463000000000193	trials	6.0	3553.126433	3555.08792	3555.813901	3556.016959	3552.324239	3555.4437829999997	3556.415	3558.09	2.0	1.0	1.0	1.0					
3560.055	16.90000000000009	trials	6.0	3574.438021	3575.8634389999997	3576.647277	3576.966582	3573.521457	3576.130483			3.0	2.0	0.0	3.0					
3578.891	20.730000000000018	trials	6.0	3596.978217	3598.529884	3599.247296	3599.6920099999998	3596.160283	3598.858468			2.0	1.0	0.0	3.0					
3602.615	15.295000000000073	trials	6.0	3614.827949	3615.985146	3616.481876	3616.79945	3613.8616859999997	3615.975999			3.0		0.0	2.0					
3621.955	11.63000000000011	trials	6.0	3629.922114	3631.8854	3632.592647	3632.804712	3629.351537	3632.185967			2.0	1.0	1.0	1.0					
3638.191	24.71900000000005	trials	6.0	3659.89833	3660.977562	3661.472684	3661.757146	3659.006523	3660.9626789999998			3.0		0.0	2.0					
3664.985	16.519999999999982	trials	6.0	3677.232267	3679.0843109999996	3679.7441479999998	3680.0668729999998	3676.457673	3679.360949	3680.375	3681.505	2.0	1.0	1.0	1.0					
3683.525	26.309999999999945	trials	6.0	3705.6316159999997	3707.134621	3708.103263	3708.3864599999997	3705.071192	3707.5152	3708.671	3709.835	3.0	2.0	1.0	1.0					
3712.915	18.954999999999927	trials	6.0	3728.002361	3729.270216	3730.1030389999996	3730.402061	3727.146996	3729.5439589999996	3730.896	3731.87	3.0	2.0	1.0	1.0					
3735.02	19.204999999999927	trials	6.0	3750.7873369999998	3752.2955269999998			3750.2778209999997	3752.288007			2.0		0.0	2.0					
3757.302	22.34400000000005	trials	6.0	3775.881821	3777.239651	3777.95943	3778.202254	3774.895971	3777.438455	3778.615	3779.646	3.0	2.0	1.0	1.0					
3781.705	23.69100000000026	trials	6.0	3801.2570429999996	3802.9403009999996	3803.679851	3803.8779919999997	3800.688728	3803.278013	3804.3	3805.396	2.0	1.0	1.0	1.0					
3807.415	24.289999999999964	trials	6.0	3829.1720219999997	3830.669712	3831.238566	3831.784393	3828.64595	3830.6599619999997			3.0	2.0	0.0	3.0					
3834.63	13.579999999999927	trials	6.0	3845.807051	3847.15434	3847.893954	3848.225086	3845.230309	3847.562842			2.0	1.0	0.0	3.0					
3852.283	16.58199999999988	trials	6.0	3865.637292	3866.9382459999997	3867.391416	3867.778708	3864.718388	3866.92724			3.0		0.0	2.0					
3871.908	25.166999999999916	trials	6.0	3894.278022	3896.145165	3896.767434	3897.089306	3893.608371	3896.4030749999997			2.0	1.0	0.0	3.0					
3899.085	22.039999999999964	trials	6.0	3917.587383	3919.1949809999996	3919.7367139999997	3920.093419	3916.9428709999997	3919.191438			3.0		0.0	2.0					
3925.205	29.945000000000164	trials	6.0	3951.152846	3952.746087	3953.4713279999996	3953.678385	3950.3471609999997	3953.082015	3954.21	3955.15	2.0	1.0	1.0	1.0					
3958.221	21.998999999999796	trials	6.0	3975.847464	3977.658525	3978.446858	3978.686995	3975.303893	3977.8946939999996	3979.12	3980.22	2.0	1.0	1.0	1.0					
3982.24	20.065000000000055	trials	6.0	3999.564569	4001.453514	4002.063729	4002.3316379999997	3998.7018239999998	4001.52277			3.0	2.0	0.0	3.0					
4006.315	14.38000000000011	trials	6.0	4017.8984659999996	4019.735032	4020.243584	4020.776681	4016.938476	4019.8809889999998			2.0	1.0	0.0	3.0					
4022.505	22.80600000000004	trials	6.0	4041.653135	4042.7516419999997	4043.622513	4043.901778	4041.0443189999996	4043.195181	4044.25	4045.311	2.0	1.0	1.0	1.0					
4049.33	9.231000000000222	trials	6.0	4056.337847	4057.4377729999997	4058.3263669999997	4058.620235	4055.56061	4057.783833			3.0	2.0	0.0	3.0					
4061.566	22.3100000000004	trials	6.0	4080.097691	4081.945296	4082.486108	4082.8254899999997	4079.589368	4081.937306			3.0		0.0	2.0					
4085.924	17.881000000000313	trials	6.0	4101.144701	4102.655128	4103.555376	4103.750502	4100.542343	4103.155871			2.0	1.0	0.0	3.0					
4106.835	31.534999999999854	trials	6.0	4133.842829	4135.903622	4136.706228	4136.920567	4132.84957	4136.167556	4137.235	4138.37	3.0	2.0	1.0	1.0					
4140.455	33.44999999999982	trials	6.0	4170.02466	4171.3352429999995	4172.167638	4172.481879	4169.09236	4171.591979	4172.925	4173.905	2.0	1.0	1.0	1.0					
4176.93	20.300999999999476	trials	6.0	4194.64491	4195.959854	4196.874557	4197.307808	4193.831877	4196.366988			2.0	2.0	0.0	3.0					
4201.225	13.264999999999418	trials	6.0	4212.088608	4213.301286	4214.146989	4214.568636	4211.287292999999	4213.611004			3.0	2.0	0.0	3.0					
4218.41	17.783000000000357	trials	6.0	4233.29823	4235.077338	4235.809878	4236.238716	4232.591859	4235.344901			2.0	1.0	0.0	3.0					
4238.202	19.688000000000102	trials	6.0	4255.213863	4257.099738	4257.5748029999995	4257.954384	4254.491513999999	4257.179637			2.0	1.0	0.0	3.0					
4260.926	20.00999999999931	trials	6.0	4277.303784	4278.631407	4279.231623	4279.513355	4276.306739	4278.755918	4279.88	4280.936	3.0	2.0	1.0	1.0					
4282.99	38.590000000000146	trials	6.0	4319.213603	4320.460335	4321.274045	4321.663313	4318.488627	4320.766331			3.0	2.0	0.0	3.0					
4324.585	12.104999999999563	trials	6.0	4332.583653	4333.738217	4334.933891	4335.152796	4331.702607	4334.362598	4335.561	4336.69	3.0	2.0	1.0	1.0					
4338.755	16.914999999999964	trials	6.0	4351.553426	4353.232257	4353.897756	4354.200336	4350.980976	4353.335421	4354.445	4355.67	3.0	2.0	1.0	1.0					
4358.695	639.3050000000003	BlockDesign														1.0	193.0	229.0	50.0	10.0
4358.695	9.740999999999985	trials	7.0	4364.580323	4366.268055	4368.192023	4368.447222	4363.790666	4367.597639			1.0	2.0	0.0	3.0					
4371.521	6.514000000000124	trials	7.0	4373.868956	4375.704256999999	4377.792111	4378.104953	4373.231054	4377.263612			1.0	2.0	0.0	3.0					
4380.108	10.622999999999593	trials	7.0	4385.964077	4387.094691	4388.933187	4389.144762	4385.419759	4388.472237	4390.705	4390.731	1.0	1.0	1.0	1.0					
4394.441	18.72900000000027	trials	7.0	4410.834054	4411.992051	4412.836733	4413.253299	4409.889467	4412.304219			1.0	2.0	0.0	3.0					
4416.1	35.844999999999345	trials	7.0	4447.659197	4449.664247	4450.349964	4450.53362	4446.702825	4449.856632	4450.99	4451.945	1.0	1.0	1.0	1.0					
4454.965	8.99499999999989	trials	7.0	4459.521092999999	4461.192434	4461.95684	4462.1937259999995	4458.930813	4461.473664	4462.625	4463.96	1.0	1.0	1.0	1.0					
4465.981	9.228000000000065	trials	7.0	4472.624557	4474.005923	4474.8951959999995	4475.223938	4471.850751	4474.361127			1.0	1.0	0.0	3.0					
4478.21	11.600999999999658	trials	7.0	4487.154531	4488.7129079999995	4489.562143	4489.862183	4486.3056799999995	4489.173465			1.0	1.0	0.0	3.0					
4491.835	21.215000000000146	trials	7.0	4509.129245	4510.681377	4511.424204	4511.603571	4508.6052199999995	4511.010953999999	4512.11	4513.05	1.0	1.0	1.0	1.0					
4516.07	4.5900000000001455	trials	7.0	4517.941143	4519.033829	4520.357497999999	4520.659476	4517.087187	4519.765812			1.0	2.0	0.0	3.0					
4523.729	14.30999999999949	trials	7.0	4535.140152	4537.033286	4537.6733939999995	4538.070263	4534.239958	4537.246626			1.0	1.0	0.0	3.0					
4540.038	11.148000000000138	trials	7.0	4548.748428	4550.117732	4550.87972	4551.232484	4547.888709	4550.431474999999			1.0	2.0	0.0	3.0					
4553.24	19.970000000000255	trials	7.0	4569.87933	4571.427588	4572.222707999999	4572.422915	4569.081693	4571.802179			1.0	1.0	1.0	1.0					
4577.769	16.940999999999804	trials	7.0	4591.634664	4593.047517	4594.411287	4594.681111	4591.060192999999	4593.560732			1.0	1.0	0.0	3.0					
4598.716	21.613999999999578	trials	7.0	4617.429733999999	4618.55627	4620.0081	4620.388175	4616.473833	4619.443608			1.0	2.0	0.0	3.0					
4623.285	11.5600000000004	trials	7.0	4632.150275	4633.324368	4634.552304	4634.889953	4631.29526	4634.037539999999			1.0	2.0	0.0	3.0					
4636.915	41.95499999999993	trials	7.0	4675.110141	4677.075398999999	4678.367957	4678.953915	4674.414554999999	4677.835462999999			1.0	2.0	0.0	3.0					
4681.725	18.224999999999454	trials	7.0	4694.670083	4696.410372	4697.41044	4697.600697	4693.892952	4696.899152	4699.93	4699.95	1.0	1.0	1.0	1.0					
4701.941	11.248999999999796	trials	7.0	4710.365274	4712.250608	4712.9564869999995	4713.192443	4709.493855	4712.545551			1.0	1.0	0.0	3.0					
4715.265	25.43499999999949	trials	7.0	4738.356597	4739.654703	4740.40241	4740.705848	4737.674919	4739.956878			1.0	1.0	0.0	3.0					
4744.705	25.11999999999989	trials	7.0	4767.094857	4768.687866	4769.345132	4769.906526	4766.298681	4768.784681			1.0	2.0	0.0	3.0					
4773.591	17.703999999999724	trials	7.0	4787.5980899999995	4788.950642	4789.665387999999	4789.897457	4787.044899	4789.273287	4790.345	4791.295	1.0	1.0	1.0	1.0					
4793.421	9.168999999999869	trials	7.0	4799.397258	4801.252109	4802.278212	4802.671335	4798.421618	4801.809321			1.0	1.0	0.0	3.0					
4806.53	19.140000000000327	trials	7.0	4822.441722	4824.327072	4825.428313	4825.623176	4821.574748999999	4825.015179			1.0	1.0	0.0	3.0					
4829.74	8.329999999999927	trials	7.0	4833.220206	4834.641701	4836.115265	4836.308921	4832.224767	4835.690927	4836.8	4838.07	1.0	1.0	1.0	1.0					
4840.221	6.1140000000004875	trials	7.0	4843.225406	4844.926565	4846.041252	4846.332410999999	4842.574145	4845.618863			1.0	1.0	0.0	3.0					
4848.345	16.0	trials	7.0	4859.3661329999995	4860.785549	4862.600198	4862.854307	4858.759448	4862.091777	4863.26	4864.345	1.0	1.0	1.0	1.0					
4868.366	10.96600000000035	trials	7.0	4876.42149	4878.142197	4879.011884	4879.405431	4875.510788	4878.475832			1.0	2.0	0.0	3.0					
4881.33	15.659999999999854	trials	7.0	4894.130354	4895.6428049999995	4896.412026	4897.071287	4893.3546989999995	4895.880533			1.0	2.0	0.0	3.0					
4900.71	11.185999999999694	trials	7.0	4908.022108	4909.454619	4910.202926	4910.39505	4907.256299	4909.790643	4910.88	4911.896	1.0	1.0	1.0	1.0					
4913.965	7.390999999999622	trials	7.0	4916.930327	4918.203683	4919.470239	4919.66649	4916.256345	4919.005122	4920.085	4921.356	1.0	1.0	1.0	1.0					
4925.396	5.859000000000378	trials	7.0	4928.326349	4930.24655	4931.012811	4931.29205	4927.668857	4930.523634			1.0	1.0	0.0	3.0					
4933.265	18.039999999999964	trials	7.0	4946.317728	4948.278096	4949.42691	4949.659656	4945.727699	4948.952196	4950.03	4951.305	1.0	1.0	1.0	1.0					
4955.36	4.6950000000006185	trials	7.0	4957.455911999999	4958.492667	4959.714438	4960.138451	4956.858471	4959.127533			1.0	2.0	0.0	3.0					
4961.99	9.430000000000291	trials	7.0	4967.942331	4969.827693	4971.110633	4971.384704	4967.221948	4970.632498999999			1.0	1.0	0.0	3.0					
4974.441	14.644000000000233	trials	7.0	4984.840905	4986.267224	4987.143852	4987.342811	4984.2668539999995	4986.704493	4987.82	4989.085	1.0	1.0	1.0	1.0					
4992.1	5.899999999999636	trials	7.0	4994.616161	4995.984474	4996.960922	4997.161814	4993.700758999999	4996.521678			1.0	1.0	1.0	1.0					
5001.45	415.3800000000001	BlockDesign														1.0	230.0	256.0	50.0	90.0
5001.45	11.140000000000327	trials	8.0	5007.876183	5009.658128	5010.787043	5011.041128	5007.372369	5010.322614	5011.49	5012.59	1.0	1.0	1.0	1.0					
5015.686	7.789000000000669	trials	8.0	5018.942564	5020.6492579999995	5021.712393	5021.93643	5017.9853459999995	5021.01184	5022.425	5023.475	1.0	2.0	1.0	1.0					
5025.563	5.3419999999996435	trials	8.0	5028.541007	5029.817494999999	5030.675073	5030.964137999999	5027.868215	5030.234976			1.0	1.0	0.0	3.0					
5032.91	11.760000000000218	trials	8.0	5039.626541	5040.96413	5042.732742	5042.906469	5038.779845	5042.191595	5043.33	5044.67	1.0	1.0	1.0	1.0					
5046.69	7.875	trials	8.0	5049.045991999999	5051.003027	5052.665855	5052.871358	5048.490081	5052.033359	5053.325	5054.565	1.0	2.0	1.0	1.0					
5058.655	39.740999999999985	trials	8.0	5093.926097	5095.497786	5096.666273	5096.887114	5093.018132	5095.82478	5097.205	5098.396	1.0	2.0	1.0	1.0					
5100.43	11.634999999999309	trials	8.0	5107.647929	5109.176312	5110.033993999999	5110.185162	5106.906539	5109.454654	5110.686	5112.065	1.0	2.0	1.0	1.0					
5116.096	8.829000000000633	trials	8.0	5120.431232999999	5122.439374	5123.0359229999995	5123.1896639999995	5119.533837	5122.486070999999	5123.665	5124.925	1.0	2.0	1.0	1.0					
5128.88	7.079999999999927	trials	8.0	5131.862019	5133.182774999999	5133.934816999999	5134.099856999999	5130.883733	5133.358138	5134.675	5135.96	1.0	2.0	1.0	1.0					
5139.042	11.768999999999323	trials	8.0	5147.39181	5148.838318	5149.849744	5150.063838	5146.727186	5148.832861999999			1.0		0.0	2.0					
5152.82	15.06500000000051	trials	8.0	5162.55131	5164.488698	5166.07607	5166.330323	5161.7659650000005	5164.961488999999	5166.78	5167.885	1.0	2.0	1.0	1.0					
5170.905	7.725000000000364	trials	8.0	5175.166743	5176.653885	5178.096486	5178.310982999999	5174.464169999999	5176.650879			1.0		0.0	2.0					
5182.705	26.065999999999804	trials	8.0	5204.858222999999	5205.944874	5207.017475000001	5207.289538999999	5204.210582	5206.434636	5200.021	5208.771	1.0	2.0	1.0	1.0					
5212.865	8.890000000000327	trials	8.0	5217.916734	5219.061806	5219.9822110000005	5220.221253	5217.156428	5219.403858	5220.67	5221.755	1.0	2.0	1.0	1.0					
5225.775	14.375	trials	8.0	5235.301896	5236.634522	5238.092008	5238.356465	5234.702361	5237.496255	5238.74	5240.15	1.0	2.0	1.0	1.0					
5243.235	14.020000000000437	trials	8.0	5253.818359999999	5255.333436			5252.821679	5255.325102			1.0		0.0	2.0					
5259.301	12.884999999999309	trials	8.0	5267.992254999999	5269.899769	5270.45989	5270.698241	5267.036859	5269.954196	5271.135	5272.186	1.0	1.0	1.0	1.0					
5275.27	5.444999999999709	trials	8.0	5278.016532	5279.668806	5280.423244	5280.668917999999	5277.06561	5279.968869			1.0	1.0	0.0	3.0					
5283.785	13.197000000000116	trials	8.0	5292.587473	5294.350576999999	5295.350216	5295.534965	5292.0798780000005	5294.721817	5296.021	5296.982	1.0	2.0	1.0	1.0					
5299.015	7.329999999999927	trials	8.0	5302.252616	5303.951058000001	5304.7054370000005	5304.9321230000005	5301.400664	5304.073854	5305.365	5306.345	1.0	2.0	1.0	1.0					
5310.365	5.8400000000001455	trials	8.0	5312.443739	5313.548674	5314.482207	5314.709481	5310.514198999999	5313.859517999999	5315.1	5316.205	1.0	2.0	1.0	1.0					
5318.225	5.954999999999927	trials	8.0	5320.037382	5321.9126830000005	5323.201526999999	5323.4712070000005	5319.513059	5322.618944			1.0	2.0	1.0	1.0					
5327.776	11.909999999999854	trials	8.0	5335.892291	5337.764026999999			5335.074554999999	5337.755384			1.0		0.0	2.0					
5342.696	24.60400000000027	trials	8.0	5365.157956	5366.250169999999	5366.992812	5367.162254999999	5364.461561	5366.580158			1.0	1.0	0.0	3.0					
5371.35	13.3149999999996	trials	8.0	5379.852264	5381.878216	5383.054265	5383.278002999999	5378.918835	5382.464259	5383.686	5384.665	1.0	2.0	1.0	1.0					
5387.71	17.050000000000182	trials	8.0	5402.222066	5403.415488000001	5404.167503	5404.846629	5401.465075	5403.640485			1.0	2.0	0.0	3.0					
5407.46	9.36999999999989	trials	8.0	5414.472317	5415.65415	5416.819439	5417.160518	5413.624096	5416.247839			1.0	2.0	0.0	3.0					
5421.12	89.9350000000004	BlockDesign														1.0	257.0	261.0	0.0	0.0
5421.12	8.485999999999876	trials	9.0	5426.859374	5428.339993	5429.362422	5429.592157	5425.96674	5428.8186590000005			1.0	2.0	0.0	3.0					
5433.66	9.329999999999927	trials	9.0	5439.919779	5441.732637	5442.671085	5443.034748	5439.023499	5442.2130720000005			1.0	1.0	0.0	3.0					
5446.075	36.43000000000029	trials	9.0	5479.17393	5481.017309	5482.174915	5482.591581	5478.280508	5481.570025999999			1.0	2.0	0.0	3.0					
5485.425	9.425000000000182	trials	9.0	5491.623465	5493.409885	5494.606932	5494.790553	5491.006506	5494.142046			1.0	1.0	0.0	3.0					
5498.893	12.162000000000262	trials	9.0	5507.208538999999	5508.911693	5511.031524	5511.406053	5506.6163670000005	5510.502785			1.0	2.0	0.0	3.0					
5513.285	536.9700000000003	BlockDesign														1.0	262.0	281.0	10.0	50.0
5513.285	22.289999999999964	trials	10.0	5530.64247	5532.500131999999	5533.903136999999	5534.1410909999995	5529.717171	5533.351304	5534.585	5535.575	1.0	2.0	1.0	1.0					
5538.661	12.073999999999614	trials	10.0	5547.927668	5549.554671	5550.408942	5550.590093	5547.402548	5549.942702			1.0	1.0	0.0	3.0					
5552.745	15.49499999999989	trials	10.0	5565.444629	5567.093677999999	5567.864908	5568.12594	5564.891659999999	5567.365612			1.0	1.0	0.0	3.0					
5571.18	13.514999999999418	trials	10.0	5580.944753	5582.09898	5582.897945	5583.226175	5580.015418999999	5582.348679	5583.635	5584.695	1.0	2.0	1.0	1.0					
5586.627	15.312999999999192	trials	10.0	5597.868472	5599.302449999999	5600.228091	5600.452749	5597.077784	5599.650274	5600.981	5601.94	1.0	2.0	1.0	1.0					
5606.015	15.104999999999563	trials	10.0	5617.125104	5618.372563999999	5619.456231	5619.663815	5616.61368	5618.806073	5620.045	5621.12	1.0	2.0	1.0	1.0					
5625.14	19.019999999999527	trials	10.0	5641.650281	5643.035306	5643.840498	5644.235054	5640.866142	5643.264594			1.0	2.0	0.0	3.0					
5646.18	12.947000000000116	trials	10.0	5656.899759	5657.940012	5658.8222399999995	5659.187304	5655.974273	5658.264594			1.0	2.0	0.0	3.0					
5662.1	18.724999999999454	trials	10.0	5676.73935	5678.470592	5679.275885999999	5679.488087	5676.12712	5678.769996	5680.0	5680.825	1.0	2.0	1.0	1.0					
5682.926	22.513999999999214	trials	10.0	5701.484920999999	5702.8993040000005	5703.790637	5704.001157	5700.689316	5703.209360999999	5704.32	5705.44	1.0	2.0	1.0	1.0					
5708.523	18.591999999999643	trials	10.0	5724.353333	5725.960593	5726.710129	5727.201267	5723.839001	5725.966068			1.0	2.0	0.0	3.0					
5731.015	15.679999999999382	trials	10.0	5742.808295	5744.155814	5745.032521	5745.234608	5741.953783999999	5744.420988	5745.615	5746.695	1.0	2.0	1.0	1.0					
5750.805	30.73999999999978	trials	10.0	5776.985516	5778.855380999999	5779.77924	5780.000336	5776.400156	5779.215682	5780.375	5781.545	1.0	2.0	1.0	1.0					
5784.57	117.29500000000007	trials	10.0	5897.3139	5898.946903	5900.0168140000005	5900.167326	5896.612649	5899.474313	5900.561	5901.865	1.0	2.0	1.0	1.0					
5904.885	16.300999999999476	trials	10.0	5918.813757	5920.230819	5920.943479	5921.069387	5918.237352	5920.445634			1.0	2.0	0.0	3.0					
5924.265	19.960000000000036	trials	10.0	5940.813869	5942.873213	5943.698453999999	5944.310192999999	5939.976003	5943.1687600000005			1.0	2.0	0.0	3.0					
5945.997	30.992999999999483	trials	10.0	5971.929479	5973.927654	5975.346842999999	5975.604499	5971.017125	5973.881667	5975.92	5976.99	1.0	2.0	1.0	1.0					
5981.033	17.29699999999957	trials	10.0	5995.554903	5996.852432	5997.926154	5998.416245	5994.8188470000005	5997.373197			1.0	2.0	0.0	3.0					
6000.165	27.68000000000029	trials	10.0	6024.964900999999	6026.413751	6027.513992	6027.93377	6024.004511	6026.953883			1.0	2.0	0.0	3.0					
6031.77	18.484999999999673	trials	10.0	6046.009676	6047.338701	6048.581312	6048.812628	6045.2889350000005	6048.10145	6049.26	6050.255	1.0	1.0	1.0	1.0					
6052.335	1508.3509999999997	BlockDesign														1.0	282.0	368.0	90.0	50.0
6052.335	15.489999999999782	trials	11.0	6063.579956	6064.6708340000005	6065.952938	6066.115473	6063.056497	6065.509533	6066.595	6067.825	1.0	1.0	1.0	1.0					
6069.72	17.289999999999964	trials	11.0	6082.800254	6084.306627	6085.09256	6085.3282770000005	6082.182978	6084.666836	6085.75	6087.01	1.0	1.0	1.0	1.0					
6091.17	7.345000000000255	trials	11.0	6093.8850299999995	6095.670011	6096.6458	6096.773171	6093.298849999999	6096.187683	6097.28	6098.515	1.0	1.0	1.0	1.0					
6102.564	5.331999999999425	trials	11.0	6105.29501	6106.475689999999	6107.6642360000005	6107.852459	6104.682161	6107.220281			1.0	1.0	0.0	3.0					
6111.905	20.356000000000677	trials	11.0	6127.975331	6129.356854	6130.340141	6130.557152	6127.32935	6129.880709	6130.936	6132.261	1.0	1.0	1.0	1.0					
6136.301	5.844999999999345	trials	11.0	6138.051635	6139.170206	6140.420282	6140.662233999999	6137.112714	6139.8161709999995	6141.005	6142.146	1.0	2.0	1.0	1.0					
6145.18	7.300999999999476	trials	11.0	6148.034789	6149.607995	6150.618152	6150.841227	6147.113128	6150.147056	6151.25	6152.481	1.0	1.0	1.0	1.0					
6155.639	6.796999999999571	trials	11.0	6158.176531	6159.56676	6160.673804	6160.877191	6157.288909	6160.218398	6161.265	6162.436	1.0	1.0	1.0	1.0					
6166.455	6.475000000000364	trials	11.0	6168.610224	6170.310964	6171.046591	6171.164324	6167.760467	6170.630609	6171.615	6172.93	1.0	1.0	1.0	1.0					
6174.95	8.030999999999949	trials	11.0	6178.160123	6179.836421	6180.831193	6180.987407	6177.366239	6180.337459	6181.455	6182.981	1.0	1.0	1.0	1.0					
6185.91	7.789999999999964	trials	11.0	6189.165136	6191.213066	6191.8081059999995	6192.021301	6188.36593	6191.375978	6192.425	6193.7	1.0	1.0	1.0	1.0					
6197.77	10.849999999999454	trials	11.0	6202.975603	6204.651983	6205.433025	6205.646787	6202.3150829999995	6204.985387	6206.045	6208.62	1.0	1.0	1.0	1.0					
6210.676	9.998999999999796	trials	11.0	6216.025411	6217.81246	6218.560291	6218.7153579999995	6215.348241	6218.112908	6219.135	6220.675	1.0	1.0	1.0	1.0					
6222.761	8.78399999999965	trials	11.0	6227.3607759999995	6228.836910999999	6229.539307999999	6229.695067	6226.478545	6229.11016	6230.18	6231.545	1.0	1.0	1.0	1.0					
6233.565	8.285000000000764	trials	11.0	6237.874972	6239.212546	6239.887708	6240.051786999999	6236.888498	6239.468296999999	6240.59	6241.85	1.0	1.0	1.0	1.0					
6244.955	5.289999999999964	trials	11.0	6247.9860739999995	6249.296762	6249.913329999999	6250.254431	6247.0011159999995	6249.448952			1.0	1.0	0.0	3.0					
6253.255	23.170000000000073	trials	11.0	6271.9054289999995	6273.372439	6274.366183	6274.69567	6271.259054	6273.733663	6275.025	6276.425	1.0	2.0	1.0	1.0					
6279.386	6.742999999999483	trials	11.0	6283.132133	6285.102572	6285.798433	6286.031428	6282.138337	6285.157943			1.0	2.0	0.0	3.0					
6290.145	23.669999999999163	trials	11.0	6309.280721	6310.945321	6312.136022	6312.4273729999995	6308.606131	6311.548699	6312.905	6313.815	1.0	2.0	1.0	1.0					
6315.904	22.805999999999585	trials	11.0	6333.8205609999995	6335.638664	6336.833998	6337.037684	6333.266121	6336.262445	6337.485	6338.71	1.0	2.0	1.0	1.0					
6342.731	8.489000000000487	trials	11.0	6346.920239	6348.021655	6349.085761	6349.154258	6346.3427919999995	6348.614996	6349.705	6351.22	1.0	1.0	1.0	1.0					
6353.24	7.525000000000546	trials	11.0	6357.320713	6358.80772	6359.710322	6359.864663	6356.643529	6359.268382			1.0	1.0	1.0	1.0					
6363.245	9.36700000000019	trials	11.0	6369.035749	6370.608044			6368.257734	6370.596379			1.0		0.0	2.0					
6374.69	21.230000000000473	trials	11.0	6391.177481	6393.220505	6394.020589	6394.211794	6390.300446	6393.429482	6394.65	6395.92	1.0	2.0	1.0	1.0					
6398.015	6.876999999999498	trials	11.0	6401.4158259999995	6402.862886	6403.712998	6403.771073	6400.677218	6402.858917			1.0		0.0	2.0					
6408.93	49.76499999999942	trials	11.0	6455.526127	6457.4031589999995	6458.2338979999995	6458.765705	6454.748969	6457.706384			1.0	2.0	0.0	3.0					
6461.57	23.0600000000004	trials	11.0	6478.74594	6480.475997	6481.533155	6481.780874	6477.800636	6481.072037	6482.265	6484.63	1.0	1.0	1.0	1.0					
6488.721	6.949000000000524	trials	11.0	6491.632706	6492.803228	6493.744619	6493.945101	6491.014152	6493.274114	6494.415	6495.67	1.0	1.0	1.0	1.0					
6499.71	7.029999999999745	trials	11.0	6502.092797	6503.844458	6504.882208999999	6505.044986	6501.439518	6504.4164439999995	6505.46	6506.74	1.0	1.0	1.0	1.0					
6510.767	6.713999999999942	trials	11.0	6513.540961	6514.645485999999	6515.358704	6515.467187	6512.777786	6514.910659	6516.12	6517.481	1.0	1.0	1.0	1.0					
6520.496	10.72400000000016	trials	11.0	6525.571878	6526.84342	6528.335094	6528.6047419999995	6524.575132	6527.694092	6529.01	6531.22	1.0	2.0	1.0	1.0					
6534.283	8.402999999999338	trials	11.0	6538.232323	6539.923962	6540.789272	6540.958469	6537.649687	6540.342392	6541.4	6542.686	1.0	1.0	1.0	1.0					
6545.769	24.509000000000015	trials	11.0	6566.616479	6568.379416	6569.56682	6569.776115	6565.641728	6568.988812			1.0	2.0	0.0	3.0					
6571.897	15.042999999999665	trials	11.0	6582.758239	6584.040301	6584.877928	6585.102097999999	6582.227249	6584.460937	6585.459	6586.94	1.0	1.0	1.0	1.0					
6590.015	8.545999999999367	trials	11.0	6592.112083	6593.798513	6595.070909	6595.2640519999995	6591.040801	6594.570923	6595.665	6598.561	1.0	1.0	1.0	1.0					
6601.596	7.385000000000218	trials	11.0	6604.541328	6605.651024	6606.608068	6606.935257	6603.754892	6606.174596	6607.305	6608.981	1.0	1.0	1.0	1.0					
6613.017	6.358000000000175	trials	11.0	6615.137408	6616.299273	6617.3117409999995	6617.457461	6614.381273999999	6616.819515	6617.96	6619.375	1.0	1.0	1.0	1.0					
6621.426	6.873999999999796	trials	11.0	6625.227064	6626.863498	6628.041104	6628.337899	6624.222443	6627.382112			1.0	2.0	0.0	3.0					
6631.311	11.149000000000342	trials	11.0	6636.806938	6638.949323	6639.910613	6640.095931	6636.098672	6639.414289	6640.6	6642.46	1.0	1.0	1.0	1.0					
6644.481	7.649000000000342	trials	11.0	6649.527188	6651.15471	6651.859177	6652.196891	6648.871478999999	6651.395992			1.0	1.0	0.0	3.0					
6654.158	34.67699999999968	trials	11.0	6685.711798	6686.993378	6688.436871	6688.905612	6684.791114	6687.830543			1.0	2.0	0.0	3.0					
6692.771	14.97900000000027	trials	11.0	6703.0767559999995	6704.914187	6705.642526	6705.812071	6702.172436	6705.206244999999	6706.295	6707.75	1.0	1.0	1.0	1.0					
6709.79	8.140000000000327	trials	11.0	6712.491746	6713.984049	6715.275874999999	6715.524743	6711.955028	6714.771927	6716.005	6717.93	1.0	1.0	1.0	1.0					
6720.02	9.540999999999258	trials	11.0	6725.553696999999	6726.805515	6727.628156	6727.768486999999	6724.815221	6727.192038	6728.345	6729.561	1.0	1.0	1.0	1.0					
6731.585	7.744999999999891	trials	11.0	6736.291697	6737.889193999999	6739.008568	6739.2805419999995	6735.619349	6738.468358			1.0	1.0	0.0	3.0					
6742.392	25.20800000000054	trials	11.0	6764.422045	6766.251081	6767.35243	6767.616655	6763.596872	6766.726313			1.0	2.0	0.0	3.0					
6770.645	24.969999999999345	trials	11.0	6791.332106	6792.576225	6793.5797299999995	6793.777238	6790.41301	6793.124096	6794.195	6795.615	1.0	1.0	1.0	1.0					
6799.642	7.113000000000284	trials	11.0	6801.937927	6803.2694329999995	6804.616985	6804.864383	6801.133057999999	6804.137016	6805.315	6806.755	1.0	1.0	1.0	1.0					
6809.811	6.378000000000611	trials	11.0	6813.344008	6814.930396	6815.91544	6816.196378	6812.5937619999995	6815.457899			1.0	1.0	0.0	3.0					
6818.266	57.465000000000146	trials	11.0	6872.242722999999	6873.358663	6874.682681	6874.955162	6871.289614	6874.007821			1.0	2.0	1.0	1.0					
6880.24	43.027000000000044	trials	11.0	6920.187765	6922.184047	6922.994701	6923.272591	6919.340685	6922.390795			1.0	2.0	0.0	3.0					
6927.28	21.851000000000568	trials	11.0	6946.657817	6947.775043	6948.795569	6949.201562	6945.682519	6948.186398			1.0	2.0	0.0	3.0					
6951.051	37.60899999999947	trials	11.0	6984.05423	6985.753871	6986.703872	6986.926127	6983.519855	6986.181286999999	6987.255	6988.66	1.0	2.0	1.0	1.0					
6991.746	9.859999999999673	trials	11.0	6998.723237	7000.490278	7001.356871	7001.597831	6997.775349	7000.691425999999			1.0	2.0	0.0	3.0					
7005.68	20.380999999999403	trials	11.0	7021.614719	7022.7705909999995	7023.63412	7023.876348	7020.891429	7023.179039	7024.231	7026.061	1.0	1.0	1.0	1.0					
7030.1	10.039999999999964	trials	11.0	7035.558483	7037.180932	7038.211171999999	7038.323066	7034.794468	7037.765217	7038.815	7040.14	1.0	1.0	1.0	1.0					
7044.221	19.60900000000038	trials	11.0	7059.193466	7060.891079	7061.700722	7061.787687	7058.196242	7061.26367	7062.3	7063.83	1.0	1.0	1.0	1.0					
7065.85	8.159999999999854	trials	11.0	7069.313647999999	7071.120892	7071.870787	7072.045424	7068.648395	7071.405072	7072.59	7074.01	1.0	1.0	1.0	1.0					
7076.026	7.454999999999927	trials	11.0	7079.05497	7080.834704	7081.619981	7081.743242	7078.363875	7081.189804	7082.14	7083.481	1.0	1.0	1.0	1.0					
7087.5	25.579999999999927	trials	11.0	7109.36345	7110.890291	7112.070904	7112.245758	7108.5526039999995	7111.476574			1.0	2.0	1.0	1.0					
7115.6	16.81999999999971	trials	11.0	7128.510305	7129.601009	7130.515529	7130.71372	7127.769223	7130.051794999999	7131.055	7132.42	1.0	1.0	1.0	1.0					
7135.44	8.625	trials	11.0	7139.563871	7141.2901999999995	7142.136898	7142.246804	7138.792896999999	7141.689533	7142.815	7144.065	1.0	1.0	1.0	1.0					
7148.082	6.742999999999483	trials	11.0	7149.939211999999	7151.442298	7152.832703	7152.983889	7149.059837	7152.37202	7153.416	7154.825	1.0	1.0	1.0	1.0					
7158.85	10.984999999999673	trials	11.0	7163.969903	7166.188483	7167.60244	7167.787043	7163.0619289999995	7166.990254	7168.335	7169.835	1.0	2.0	1.0	1.0					
7172.855	8.405000000000655	trials	11.0	7176.788327	7177.870784	7179.19742	7179.512273	7175.806186	7178.539373	7179.99	7181.26	1.0	2.0	1.0	1.0					
7184.406	7.614999999999782	trials	11.0	7187.349583	7188.720644	7189.62271	7189.815542	7186.715392	7189.151386	7190.255	7192.021	1.0	1.0	1.0	1.0					
7196.085	11.529999999999745	trials	11.0	7204.5790959999995	7206.15568	7207.369384	7207.621297	7203.842855	7206.763805			1.0	2.0	0.0	3.0					
7210.685	16.414999999999964	trials	11.0	7223.060106999999	7224.130306999999	7225.225383999999	7225.447733	7222.535234	7224.759212	7225.936	7227.1	1.0	1.0	1.0	1.0					
7230.127	22.923999999999978	trials	11.0	7249.408856	7251.269731	7252.7186	7253.123239	7248.460643	7252.158233			1.0	2.0	0.0	3.0					
7255.035	40.07099999999991	trials	11.0	7289.9442309999995	7291.950766	7292.925115	7293.093907	7289.4301159999995	7292.4078979999995	7293.67	7295.106	1.0	1.0	1.0	1.0					
7298.034	7.98700000000008	trials	11.0	7301.574016	7302.957014	7304.088787	7304.305099	7300.71295	7303.618751	7304.71	7306.021	1.0	1.0	1.0	1.0					
7308.041	9.40899999999965	trials	11.0	7312.970825	7314.406198	7315.457041	7315.687328	7312.233609999999	7314.965207	7316.061	7317.45	1.0	1.0	1.0	1.0					
7321.47	7.094999999999345	trials	11.0	7324.069543	7325.292916	7326.284873	7326.511159	7323.232577	7325.710784	7326.95	7328.565	1.0	1.0	1.0	1.0					
7332.611	7.929000000000087	trials	11.0	7335.689518	7337.141525	7338.637853	7338.835567	7334.787104	7337.968666	7339.25	7340.54	1.0	2.0	1.0	1.0					
7342.612	6.658999999999651	trials	11.0	7346.338995	7347.557704	7349.010416	7349.15719	7345.461375	7348.299376999999			1.0	2.0	0.0	3.0					
7352.28	13.273000000000138	trials	11.0	7360.614788	7362.050615	7363.341871	7363.55203	7359.732899	7362.911298999999	7363.891	7365.553	1.0	1.0	1.0	1.0					
7368.57	11.115999999999985	trials	11.0	7374.944378	7376.831078	7377.743582	7377.90722	7374.1825	7377.297203	7378.45	7379.686	1.0	1.0	1.0	1.0					
7381.801	6.043999999999869	trials	11.0	7385.09612	7386.54116	7387.536092	7387.654603999999	7384.440046	7387.091195999999			1.0	1.0	0.0	3.0					
7389.905	16.576000000000022	trials	11.0	7402.299167	7403.630842	7404.565395	7404.763046	7401.294067	7404.133592	7405.21	7406.481	1.0	1.0	1.0	1.0					
7409.566	6.689000000000306	trials	11.0	7413.519695	7414.826317	7416.00922	7416.302471999999	7412.866918	7415.56588			1.0	1.0	0.0	3.0					
7419.27	22.825999999999112	trials	11.0	7438.74017	7440.736613	7441.726129	7442.120156	7437.979192	7441.087624			1.0	2.0	0.0	3.0					
7446.12	25.235999999999876	trials	11.0	7467.23477	7468.573625	7469.493555999999	7469.729041	7466.416738	7469.065939	7470.14	7471.356	1.0	1.0	1.0	1.0					
7473.392	6.97400000000016	trials	11.0	7477.829906	7479.117677	7480.12353	7480.373998	7477.079399	7479.64178			1.0	1.0	0.0	3.0					
7484.44	19.83100000000013	trials	11.0	7499.484861999999	7500.89928	7502.000743	7502.201336	7498.896331	7501.515487	7502.731	7504.271	1.0	1.0	1.0	1.0					
7507.351	12.239000000000487	trials	11.0	7514.761324	7516.036909	7517.677663	7517.857144	7514.138696	7517.231662	7518.35	7519.59	1.0	1.0	1.0	1.0					
7522.612	7.052999999999884	trials	11.0	7525.096903	7526.397239	7527.599314	7527.733471	7524.512828	7527.1645659999995	7528.28	7529.665	1.0	1.0	1.0	1.0					
7532.749	27.936999999999898	trials	11.0	7555.931395	7557.518942	7558.548359	7558.727162	7555.022521	7558.0856	7559.14	7560.686	1.0	1.0	1.0	1.0					
7563.74	353.4800000000005	BlockDesign														1.0	369.0	388.0	50.0	0.0
7563.74	31.340000000000146	trials	12.0	7592.04038	7593.857129	7594.765981	7595.142469	7591.248167	7594.36493			2.0	1.0	0.0	3.0					
7599.09	18.51000000000022	trials	12.0	7613.261756	7614.397223	7615.52029	7615.677712	7612.753372	7615.105796	7616.18	7617.6	2.0	1.0	1.0	1.0					
7619.69	7.895000000000437	trials	12.0	7623.355772	7624.599572	7625.763089	7625.901062	7622.696317	7625.25295	7626.42	7627.585	2.0	1.0	1.0	1.0					
7629.658	7.556999999999789	trials	12.0	7634.895947	7636.057737	7636.95271	7637.175537	7634.21096	7636.508647			2.0	1.0	0.0	3.0					
7639.29	22.340000000000146	trials	12.0	7657.300300999999	7658.477552	7659.431309	7659.723593	7656.489858999999	7659.023746	7660.08	7661.63	2.0	1.0	1.0	1.0					
7665.682	5.1580000000003565	trials	12.0	7668.325594	7669.5499389999995	7670.590951	7670.838084999999	7667.446864	7670.031112			2.0	1.0	0.0	3.0					
7672.85	24.469999999999345	trials	12.0	7692.375806	7694.329208	7695.393995	7695.47926	7691.78837	7694.962942	7695.895	7697.32	2.0	1.0	1.0	1.0					
7700.265	6.744999999999891	trials	12.0	7704.000929	7705.7776699999995	7706.761385	7706.941441	7703.34947	7706.263333			2.0	1.0	0.0	3.0					
7710.036	18.699999999999818	trials	12.0	7725.782051	7727.128559	7728.396227	7728.687701	7725.226264	7727.796224			2.0	1.0	0.0	3.0					
7730.745	31.52599999999984	trials	12.0	7758.30733	7760.028601	7761.278614	7761.529609	7757.348866	7760.80099			2.0	1.0	1.0	1.0					
7764.865	9.105000000000473	trials	12.0	7770.946051999999	7772.691683	7773.703192999999	7773.995459	7770.2337769999995	7773.252039999999			2.0	1.0	0.0	3.0					
7777.981	17.47400000000016	trials	12.0	7790.847569	7791.968605	7793.545163	7793.77261	7790.0378	7793.114588	7794.11	7795.455	2.0	1.0	1.0	1.0					
7797.475	9.914999999999964	trials	12.0	7802.575887999999	7804.609772	7805.507458	7805.670971	7801.802154999999	7805.050541	7806.19	7807.39	2.0	1.0	1.0	1.0					
7810.502	9.062999999999192	trials	12.0	7813.965947	7815.925462	7816.804829	7816.998207	7813.057723	7816.365958	7817.535	7819.565	2.0	1.0	1.0	1.0					
7821.6	6.375	trials	12.0	7825.5007669999995	7826.800117	7827.713282	7828.037678	7824.6783909999995	7827.206738			2.0	1.0	0.0	3.0					
7832.002	20.922999999999774	trials	12.0	7849.88096	7851.171136	7852.462891	7852.996631	7849.134104	7851.794162			2.0	2.0	0.0	3.0					
7854.8	18.859999999999673	trials	12.0	7869.166212	7871.000515	7871.737115	7871.928197	7868.333718	7871.355001	7872.47	7873.66	2.0	1.0	1.0	1.0					
7875.68	6.425999999999476	trials	12.0	7879.301128	7880.688415	7881.846418	7882.065662	7878.622877	7881.333881			2.0	1.0	0.0	3.0					
7885.11	23.650000000000546	trials	12.0	7903.763156	7904.863039	7905.909385999999	7906.1613099999995	7903.172957	7905.464684	7906.465	7908.76	2.0	1.0	1.0	1.0					
7912.85	4.369999999999891	trials	12.0	7914.571547	7916.322247	7917.165202	7917.617206999999	7913.572093	7916.720879			2.0	1.0	0.0	3.0					
7919.486	508.90399999999954	BlockDesign														1.0	389.0	408.0	0.0	50.0
7919.486	22.019000000000233	trials	13.0	7936.951571	7938.037361	7939.083238	7939.366324	7936.099913	7938.458153	7939.725	7941.505	3.0	2.0	1.0	1.0					
7944.465	8.694999999999709	trials	13.0	7950.512933	7951.623272	7952.812534	7953.208216	7949.704890999999	7952.179829			3.0	2.0	0.0	3.0					
7955.153	32.85199999999986	trials	13.0	7985.271929	7986.668395	7987.71959	7988.080148	7984.733706999999	7987.046974			3.0	2.0	0.0	3.0					
7991.975	23.130999999999403	trials	13.0	8009.892077	8011.722446	8012.6622879999995	8012.959835	8009.278722999999	8012.074208	8013.305	8015.106	3.0	2.0	1.0	1.0					
8017.125	7.355999999999767	trials	13.0	8021.446934	8023.083251	8024.225288	8024.479646	8020.865467	8023.518904			3.0	2.0	0.0	3.0					
8026.503	38.36200000000008	trials	13.0	8060.345204	8061.483865	8062.885751	8063.141206	8059.3813279999995	8062.314656	8063.515	8064.865	3.0	2.0	1.0	1.0					
8068.887	6.7280000000000655	trials	13.0	8071.007127	8072.508769	8073.828625	8074.058045	8070.183634999999	8073.181027	8074.47	8075.615	3.0	2.0	1.0	1.0					
8078.711	9.168999999999869	trials	13.0	8084.586988	8086.6141339999995	8087.63848	8087.844911	8084.047087999999	8087.02922			3.0	2.0	0.0	3.0					
8089.886	39.698999999999614	trials	13.0	8125.082617	8126.529308	8127.606715	8127.820342999999	8124.333298	8126.994745	8128.26	8129.585	3.0	2.0	1.0	1.0					
8132.471	8.452000000000226	trials	13.0	8138.142949	8139.207566	8140.540832	8140.988429	8137.234351	8139.912767			3.0	2.0	0.0	3.0					
8144.85	34.92499999999927	trials	13.0	8176.921949	8178.596208999999	8179.469734	8179.806793	8176.379637	8178.98			3.0	1.0	0.0	3.0					
8181.782	45.08299999999963	trials	13.0	8224.382333	8225.48941	8226.527861	8226.94218	8223.382837	8225.998171			3.0	2.0	0.0	3.0					
8228.855	17.590000000000146	trials	13.0	8243.198854999999	8245.116958	8246.145151	8246.4593	8242.522706	8245.606393			3.0	1.0	0.0	3.0					
8248.53	18.734999999998763	trials	13.0	8264.296073	8266.032341	8267.01629	8267.236556	8263.543507999999	8266.535155			3.0	1.0	0.0	3.0					
8270.285	26.00500000000102	trials	13.0	8291.957647	8293.332738000001	8294.36087	8294.610551	8291.214054	8293.787519	8294.936	8296.29	3.0	2.0	1.0	1.0					
8300.38	7.825000000000728	trials	13.0	8305.287901	8306.596833	8307.849941	8308.280098	8304.618355	8307.091069			3.0	2.0	0.0	3.0					
8312.175	37.909999999999854	trials	13.0	8347.087811	8348.289076000001	8349.470485	8350.158122	8346.532919	8348.896095			3.0	2.0	0.0	3.0					
8351.731	26.869000000000597	trials	13.0	8373.939135	8375.641361	8376.664518	8376.914125	8373.423746	8376.088502	8377.47	8378.6	3.0	2.0	1.0	1.0					
8381.695	7.5	trials	13.0	8386.310044	8387.821162	8388.92552	8389.205253	8385.405025	8388.418313			3.0	1.0	0.0	3.0					
8391.225	37.164999999999054	trials	13.0	8424.113342	8425.298372	8426.25716	8426.501548	8423.30272	8425.684426	8426.856	8428.39	3.0	2.0	1.0	1.0					
8430.536	873.2839999999997	BlockDesign														1.0	409.0	450.0	50.0	50.0
8430.536	9.761000000000422	trials	14.0	8437.838126999999	8439.084742	8439.944999	8440.34744	8437.310396	8439.52298			2.0	1.0	0.0	3.0					
8442.255	26.160000000001673	trials	14.0	8463.434759	8465.290057	8466.185735	8466.362666	8462.684175999999	8465.759504	8466.765	8468.415	2.0	1.0	1.0	1.0					
8470.5	10.069999999999709	trials	14.0	8478.063951	8479.283255	8480.267554	8480.546756	8477.439867000001	8479.847711			2.0	1.0	0.0	3.0					
8483.645	31.029999999998836	trials	14.0	8510.163682999999	8511.799882	8512.60591	8512.883346	8509.510669	8511.966706	8513.231	8514.675	3.0	2.0	1.0	1.0					
8518.806	4.7039999999997235	trials	14.0	8520.88991	8522.1749	8523.188558	8523.465337	8520.085144	8522.508818			3.0	2.0	0.0	3.0					
8526.589	14.255999999999403	trials	14.0	8535.82892	8537.478136	8538.815789	8539.028374	8535.052391	8538.259626	8539.425	8540.845	3.0	2.0	1.0	1.0					
8543.948	10.021999999999025	trials	14.0	8550.173257999999	8551.263592	8552.163095	8552.330560999999	8549.284007	8551.652942	8552.75	8553.97	2.0	1.0	1.0	1.0					
8558.058	7.566999999999098	trials	14.0	8562.593531	8564.605667	8565.377198	8565.59345	8561.766767000001	8564.865838			3.0	1.0	0.0	3.0					
8567.691	31.458999999998923	trials	14.0	8594.30335	8595.776521	8596.51204	8596.679317	8593.673429	8596.101184	8597.085	8599.15	2.0	1.0	1.0	1.0					
8603.24	8.215000000000146	trials	14.0	8606.439467	8608.405598	8609.26061	8609.525141	8605.727122	8608.679536	8609.95	8611.455	3.0	2.0	1.0	1.0					
8615.475	7.574999999998909	trials	14.0	8618.574062	8620.215255	8621.134931	8621.319527	8617.657377	8620.487234	8621.765	8623.05	3.0	2.0	1.0	1.0					
8626.1	6.529999999998836	trials	14.0	8629.623696999999	8631.375572	8632.385925	8632.687582999999	8629.08382	8631.697247			3.0	2.0	0.0	3.0					
8634.71	17.720000000001164	trials	14.0	8647.630071	8649.345358999999	8650.157879	8650.432556	8646.764478000001	8649.722807	8650.856	8652.43	2.0	1.0	1.0	1.0					
8655.518	6.162000000000262	trials	14.0	8658.605653	8660.642777000001	8661.442489000001	8661.638697999999	8657.690567	8660.97029			2.0	1.0	0.0	3.0					
8664.69	21.18000000000029	trials	14.0	8682.475444	8683.94231			8681.490823	8683.930466			2.0		0.0	2.0					
8687.947	50.01900000000023	trials	14.0	8734.124088	8736.032176	8736.771848	8737.087208	8733.248002	8736.028673			3.0		0.0	2.0					
8740.981	17.79399999999987	trials	14.0	8756.394815	8757.420936999999	8758.466573	8758.767659	8755.460256999999	8757.922249			3.0	1.0	0.0	3.0					
8761.856	42.36200000000099	trials	14.0	8800.989744999999	8802.806689000001	8803.896826	8804.255762	8800.385029000001	8803.276147			3.0	1.0	0.0	3.0					
8806.15	22.050999999999476	trials	14.0	8824.869433	8826.65785	8827.748634	8828.27781	8824.257829	8827.175338000001			3.0	2.0	0.0	3.0					
8830.123	23.012000000000626	trials	14.0	8850.049286	8851.714458999999	8852.766962	8853.181718	8849.541791	8852.190292			3.0	2.0	0.0	3.0					
8856.085	14.726000000000568	trials	14.0	8865.936163	8867.629015	8868.984013	8869.219661	8865.37004	8868.539852	8869.646	8870.811	2.0	1.0	1.0	1.0					
8872.9	9.145000000000437	trials	14.0	8877.141602	8878.737793	8879.91769	8880.217883	8876.223915	8879.460077	8880.79	8882.045	2.0	1.0	1.0	1.0					
8886.085	5.75	trials	14.0	8889.325046	8890.448431	8891.429728	8891.914193	8888.583732	8890.982606			2.0	1.0	0.0	3.0					
8895.705	43.350000000000364	trials	14.0	8935.811558	8937.637332999999	8938.398648999999	8939.132002999999	8935.013114	8937.972205			2.0	1.0	0.0	3.0					
8940.69	27.69499999999971	trials	14.0	8965.504663	8967.197901	8967.954098	8968.461211	8964.652028	8967.364518999999			3.0	2.0	0.0	3.0					
8971.271	21.618999999998778	trials	14.0	8988.584981	8989.887182	8990.820737	8991.033065	8988.002954	8990.375234	8991.44	8992.89	2.0	1.0	1.0	1.0					
8996.907	8.01300000000083	trials	14.0	8999.686623	9001.352409	9002.896238	9003.191350000001	8998.919152999999	9002.308481	9003.49	9004.92	3.0	2.0	1.0	1.0					
9008.006	9.700000000000728	trials	14.0	9012.945476	9014.49782	9015.782693	9016.030523	9012.198184	9015.101675	9016.335	9017.706	3.0	2.0	1.0	1.0					
9020.83	6.434999999999491	trials	14.0	9024.436868	9026.017055	9026.897380999999	9027.340826	9023.511019	9026.406195			2.0	1.0	0.0	3.0					
9031.27	19.30999999999949	trials	14.0	9047.885217	9049.027517	9050.042832	9050.656586000001	9047.074587	9049.596052			2.0	1.0	0.0	3.0					
9052.43	32.31500000000051	trials	14.0	9080.562077	9081.897439	9082.744328	9082.929304	9079.600257	9082.209931	9083.36	9084.745	2.0	1.0	1.0	1.0					
9086.829	9.925999999999476	trials	14.0	9093.86072	9095.72137	9096.400076	9096.831138	9092.885576	9095.705377			3.0	2.0	0.0	3.0					
9100.705	32.59400000000096	trials	14.0	9130.870412	9132.288661	9132.967456999999	9133.362627999999	9129.94463	9132.567747000001			2.0	1.0	0.0	3.0					
9135.342	28.03099999999904	trials	14.0	9160.42552	9161.692775	9163.027438000001	9163.452556	9159.689536	9162.255946			2.0	1.0	0.0	3.0					
9166.28	32.97999999999956	trials	14.0	9194.793156999998	9196.450002999998	9197.38122	9197.591355999999	9193.814595999998	9196.942491999998	9198.0	9199.26	2.0	1.0	1.0	1.0					
9201.292	12.354000000001179	trials	14.0	9209.318024999999	9210.700971999999	9211.538643	9211.868301999999	9208.462626999999	9210.981499	9212.39	9213.646	3.0	2.0	1.0	1.0					
9216.713	8.05199999999968	trials	14.0	9221.813262	9223.752000999999	9224.460841999999	9224.772199	9220.9224	9223.781011			3.0	2.0	0.0	3.0					
9226.771	24.269000000000233	trials	14.0	9246.987931	9248.200617999999	9249.147713999999	9249.391796999998	9246.13122	9248.573595999998	9249.65	9251.04	3.0	2.0	1.0	1.0					
9255.111	7.699999999998909	trials	14.0	9258.233474999999	9259.943576	9260.841165999998	9261.062495999999	9257.543013999999	9260.384587999999	9261.41	9262.811	2.0	1.0	1.0	1.0					
9265.84	7.459999999999127	trials	14.0	9270.553845999999	9272.064793999998	9272.993553999999	9273.313272	9269.552875	9272.391651999998			3.0	2.0	0.0	3.0					
9275.311	15.710000000000946	trials	14.0	9287.153557	9288.496968	9289.170161999999	9289.441637999998	9286.496065	9288.755737	9289.83	9291.021	2.0	1.0	1.0	1.0					
9294.045	9.774999999999636	trials	14.0	9301.443172	9302.751778	9303.660853	9303.885575999999	9300.842478999999	9303.040868999999			3.0	2.0	0.0	3.0					
9308.02	84.68000000000029	BlockDesign														1.0	451.0	455.0	0.0	0.0
9308.02	19.68499999999949	trials	15.0	9324.873522	9325.945070999998	9327.371576999998	9327.696624999999	9323.991075999998	9326.899413			2.0	1.0	0.0	3.0					
9331.691	18.49499999999898	trials	15.0	9347.255188	9349.085195	9349.867617	9350.095667999998	9346.479846999999	9349.426205999998			2.0	1.0	0.0	3.0					
9354.195	9.25	trials	15.0	9360.493863999998	9362.280498999999	9363.179412	9363.410584	9359.511288	9362.711604999999			2.0	1.0	0.0	3.0					
9366.52	13.16399999999885	trials	15.0	9376.948455999998	9378.310356999998	9379.359117999998	9379.619102999999	9376.110396999999	9378.948552999998			2.0	1.0	0.0	3.0					
9382.768	9.932000000000698	trials	15.0	9389.663649999999	9391.560801999998	9392.395386999999	9392.763415	9389.143251	9391.967287			2.0	1.0	0.0	3.0					
9395.865	117.07099999999991	BlockDesign														1.0	456.0	460.0	0.0	0.0
9395.865	37.80000000000109	trials	16.0	9430.528885	9432.068752	9433.138799999999	9433.732410999999	9429.696622	9432.484899			3.0	2.0	0.0	3.0					
9436.462	14.94800000000032	trials	16.0	9448.293368999999	9450.115364	9451.162554999999	9451.453737999998	9447.49648	9450.599814			3.0	2.0	0.0	3.0					
9456.475	14.255999999999403	trials	16.0	9466.764326999999	9467.856084	9470.469251999999	9470.628279999999	9466.159994999998	9469.960600999999			3.0	1.0	0.0	3.0					
9473.752	19.08299999999872	trials	16.0	9489.729886	9491.48677	9492.502946999999	9492.89985	9489.124464999999	9491.974063999998			3.0	2.0	0.0	3.0					
9496.801	16.13500000000022	trials	16.0	9510.308975999998	9511.581681999998	9512.632509	9513.001257999998	9509.705046	9512.070717999999			3.0	2.0	0.0	3.0					
9514.975	1126.0859999999993	BlockDesign														1.0	461.0	503.0	50.0	50.0
9514.975	20.174999999999272	trials	17.0	9530.719479	9532.314148	9533.315375999999	9533.531629	9530.048502	9532.921574999998	9533.94	9535.15	2.0	1.0	1.0	1.0					
9539.17	13.875	trials	17.0	9548.179594	9550.242052999998	9551.130540999999	9551.317748	9547.640315999999	9550.490837	9551.686	9553.045	3.0	2.0	1.0	1.0					
9555.136	21.59399999999914	trials	17.0	9574.000159	9575.90079	9576.471672999998	9576.709303	9573.143719	9576.053957999999			2.0	1.0	0.0	3.0					
9578.811	19.65899999999965	trials	17.0	9593.476153	9595.319194	9596.305586999999	9596.553898999999	9592.869879	9595.687501999999	9596.915	9598.47	2.0	1.0	1.0	1.0					
9601.34	22.056000000000495	trials	17.0	9620.703957	9622.531760999998	9623.145729	9623.409425	9620.047401	9622.471327			3.0	2.0	0.0	3.0					
9627.409	14.77100000000064	trials	17.0	9639.654679	9640.949064999999	9641.839842	9642.221019999999	9638.955681	9641.232154			3.0	2.0	0.0	3.0					
9645.106	14.863999999999578	trials	17.0	9657.544122	9658.842861	9659.645928999998	9660.013110999998	9656.624592999999	9659.176989999998			2.0	1.0	0.0	3.0					
9662.98	19.101000000000568	trials	17.0	9677.899689999998	9679.231394999999	9680.169705999999	9680.495787999998	9677.170096	9679.590277	9681.01	9682.081	3.0	2.0	1.0	1.0					
9685.127	23.127999999998792	trials	17.0	9703.881261999999	9705.276342	9706.293606	9706.51816	9703.123137999999	9705.707349999999	9706.97	9708.255	3.0	2.0	1.0	1.0					
9711.335	28.590000000000146	trials	17.0	9736.86445	9738.600385	9739.294876	9739.992287	9736.131410999998	9738.899212999999			2.0	1.0	0.0	3.0					
9742.611	26.528999999998632	trials	17.0	9766.249833999998	9768.038965	9768.885520999998	9769.125312999999	9765.488415999998	9768.439707			2.0	1.0	0.0	3.0					
9773.15	21.45600000000013	trials	17.0	9790.475165999998	9792.172438999998	9792.901259999999	9793.100848999999	9789.619669999998	9792.380088999998	9793.545	9794.606	3.0	2.0	1.0	1.0					
9796.621	16.90900000000147	trials	17.0	9810.385433	9812.296088	9813.120165999999	9813.595809999999	9809.860277999998	9812.523614999998			3.0	2.0	0.0	3.0					
9815.4	23.06500000000051	trials	17.0	9834.544817999998	9835.742089	9836.708472999999	9836.938295	9833.864344	9836.209155999999	9837.47	9838.465	2.0	1.0	1.0	1.0					
9842.485	11.599999999998545	trials	17.0	9851.466427	9852.666265	9853.832043999999	9854.133831	9850.902693999999	9853.17457			3.0	2.0	0.0	3.0					
9856.095	17.670000000000073	trials	17.0	9869.595483	9870.936873999999	9871.781616999999	9872.041395999999	9868.979130999998	9871.332486	9872.37	9873.765	2.0	1.0	1.0	1.0					
9875.78	10.15599999999904	trials	17.0	9881.395078	9882.887143	9883.955551	9884.131271999999	9880.461877	9883.307583	9884.6	9885.936	3.0	2.0	1.0	1.0					
9890.018	111.45199999999932	trials	17.0	9996.507101	9998.105961	9999.120722999998	9999.345777999999	9995.710275	9998.55504	9999.835	10001.47	3.0	2.0	1.0	1.0					
10004.555	7.760000000000218	trials	17.0	10009.610427999998	10010.886197	10011.914037999999	10012.382663999999	10008.882387999998	10011.256347999999			3.0	2.0	0.0	3.0					
10014.27	16.74499999999898	trials	17.0	10027.757285999998	10029.501564999999	10030.434739999999	10031.080709999998	10026.879561	10029.869791			3.0	2.0	0.0	3.0					
10032.813	33.11700000000019	trials	17.0	10062.740382999998	10064.394160999998	10065.573993999998	10065.998313999999	10061.908683999998	10065.105318999998			2.0	1.0	0.0	3.0					
10068.9	24.899999999999636	trials	17.0	10091.146032999999	10092.237345999998	10093.21755	10093.867207	10090.545828999999	10092.644589			2.0	1.0	0.0	3.0					
10096.54	49.875	trials	17.0	10141.795940999998	10143.072794	10144.099585999998	10144.356762	10140.840208	10143.664663	10144.755	10146.415	2.0	1.0	1.0	1.0					
10150.496	7.338999999999942	trials	17.0	10153.331181	10154.837303999999	10155.757189	10155.992284999998	10152.354014999999	10155.255846999999	10156.405	10157.835	2.0	1.0	1.0	1.0					
10159.91	8.225000000000364	trials	17.0	10165.155863999998	10166.947558	10167.875952999999	10168.169859999998	10164.373968	10167.181950999999			3.0	2.0	0.0	3.0					
10171.16	15.460000000000946	trials	17.0	10181.951174	10183.859682999999	10184.708118999999	10184.984316999999	10181.360433999998	10184.118943	10185.45	10186.62	3.0	2.0	1.0	1.0					
10188.717	12.554000000000087	trials	17.0	10196.552323	10198.131822	10199.044075	10199.290728	10195.709132999998	10198.555675	10199.7	10201.271	2.0	1.0	1.0	1.0					
10205.29	10.75	trials	17.0	10209.866461	10211.862990999998	10213.718648999999	10213.987717	10208.961551999999	10213.033279	10214.37	10216.04	3.0	2.0	1.0	1.0					
10219.128	17.807999999999083	trials	17.0	10232.825975999998	10234.229757	10234.990211999999	10235.192355	10232.141463	10234.502004999998	10235.755	10236.936	2.0	1.0	1.0	1.0					
10239.96	7.747000000001208	trials	17.0	10243.665979	10245.643336			10242.714331	10245.640728999999			2.0		0.0	2.0					
10249.72	24.945000000001528	trials	17.0	10271.920682999998	10273.524674999999	10274.350777	10274.733739	10270.970297999998	10273.771657			3.0	2.0	0.0	3.0					
10278.63	63.64000000000124	trials	17.0	10339.468114	10340.745948999998	10341.876318999999	10342.311549999999	10338.479411999999	10341.130962			2.0	1.0	0.0	3.0					
10344.24	23.590000000000146	trials	17.0	10363.491951	10364.856252	10365.959867999998	10366.058066999998	10362.884707	10365.506145	10366.54	10367.83	2.0	1.0	1.0	1.0					
10369.916	9.462000000001353	trials	17.0	10376.592966999999	10377.823663	10378.987572999999	10379.400994	10375.592666999999	10378.577484			2.0	1.0	0.0	3.0					
10382.445	34.30000000000109	trials	17.0	10412.046269999999	10413.688484999999	10414.800844	10415.026034999999	10411.13604	10414.315397999999	10415.6	10416.745	2.0	1.0	1.0	1.0					
10419.83	6.210000000000946	trials	17.0	10423.182159999998	10424.455261	10425.777154	10426.059774	10422.602517	10425.223199999999			2.0	1.0	0.0	3.0					
10430.08	25.950000000000728	trials	17.0	10453.593690999998	10454.850147	10455.669885	10456.101456999999	10453.039626999998	10455.101002			3.0	2.0	0.0	3.0					
10458.925	19.280000000000655	trials	17.0	10473.791802	10475.54214	10476.376701	10476.645277	10472.907335	10475.81554	10477.106	10478.205	3.0	2.0	1.0	1.0					
10480.316	34.36399999999958	trials	17.0	10511.482989999999	10513.430439999998	10514.316388	10514.746394999998	10510.795875	10513.758994			3.0	2.0	0.0	3.0					
10518.581	7.683999999999287	trials	17.0	10523.397244	10525.356538	10525.951489	10526.252783999998	10522.481971	10525.454870999998			3.0	1.0	0.0	3.0					
10529.275	82.33100000000013	trials	17.0	10607.442513999998	10608.793872999999	10609.547793	10609.804511999999	10606.711038	10608.935242	10610.29	10611.606	3.0	2.0	1.0	1.0					
10615.6	8.594999999999345	trials	17.0	10619.932941	10620.964675	10621.993253999999	10622.424475	10618.999822999998	10621.393266	10622.686	10624.195	3.0	2.0	1.0	1.0					
10626.236	14.824999999998909	trials	17.0	10636.693884999999	10637.954332	10638.896451999999	10639.139382	10636.160847	10638.447419999999	10639.57	10641.061	2.0	1.0	1.0	1.0					
10644.14	1339.0250000000015	BlockDesign														1.0	504.0	561.0	10.0	50.0
10644.14	9.835000000000946	trials	18.0	10650.327689999998	10651.604709	10653.567389999998	10654.046643999998	10649.413704999999	10652.898605999999			1.0	2.0	0.0	3.0					
10657.907	14.75800000000163	trials	18.0	10669.417297	10671.420508	10672.363527	10672.660455	10668.667277999999	10671.854704			1.0	1.0	0.0	3.0					
10674.68	27.81999999999971	trials	18.0	10698.412804	10699.621624	10700.592288999998	10700.796352	10697.648184	10700.055584999998	10701.21	10702.5	1.0	2.0	1.0	1.0					
10705.549	6.27599999999984	trials	18.0	10709.184108999998	10710.824423999999	10711.575765	10711.834406999998	10708.416303999998	10711.111653999998			1.0	1.0	0.0	3.0					
10715.835	19.765000000001237	trials	18.0	10731.344492999999	10732.564484999999	10733.464734	10733.719513	10730.538821999999	10732.925263	10734.1	10735.6	1.0	2.0	1.0	1.0					
10738.62	7.1299999999992	trials	18.0	10741.938355999999	10743.849553999999	10744.750709999998	10744.976525999999	10741.248980999999	10744.203633			1.0	1.0	1.0	1.0					
10750.28	11.875	trials	18.0	10756.072902	10756.820515	10759.109611	10759.373296	10755.494233	10756.815278999999			1.0		0.0	2.0					
10762.771	11.938999999998487	trials	18.0	10770.558351999998	10771.600137	10772.836957	10773.004826999999	10769.881860999998	10772.219437	10773.42	10774.71	1.0	2.0	1.0	1.0					
10778.801	5.623999999999796	trials	18.0	10781.868026999999	10783.226056	10784.109078999998	10784.450748	10781.143917	10783.492885			1.0	2.0	0.0	3.0					
10786.46	36.98500000000058	trials	18.0	10820.054748999999	10821.820269	10822.871036999999	10823.514432	10819.143859	10822.227078			1.0	2.0	0.0	3.0					
10826.235	9.670000000000073	trials	18.0	10832.173003	10833.620167	10835.587198	10835.841265	10831.260898999999	10835.058667			1.0	1.0	0.0	3.0					
10837.915	13.1299999999992	trials	18.0	10847.332973999999	10848.641237999998	10850.091234	10851.113721	10846.50882	10849.639291			1.0	1.0	0.0	3.0					
10853.365	36.67400000000089	trials	18.0	10885.438519	10887.255313	10888.187811999998	10888.410697	10884.569602	10887.604545999999	10888.975	10890.039	1.0	2.0	1.0	1.0					
10893.1	11.296000000000276	trials	18.0	10901.808973	10903.136741999999	10904.139378	10904.389743	10900.809252	10903.586553			1.0	1.0	0.0	3.0					
10908.405	22.769999999998618	trials	18.0	10928.333798	10929.556719999999	10930.684437999998	10931.244852	10927.422136	10930.065251999999			1.0	2.0	0.0	3.0					
10932.94	21.039999999999054	trials	18.0	10951.144326999998	10952.4643	10953.369996	10954.050984	10950.287364	10952.85334			1.0	2.0	0.0	3.0					
10955.625	30.0	trials	18.0	10981.298375999999	10982.681790999999	10983.664653999998	10983.884775999999	10980.491284	10983.082734	10984.301	10985.625	1.0	2.0	1.0	1.0					
10989.646	15.75	trials	18.0	11002.385214999998	11004.110610999998	11004.986174	11005.465592999999	11001.491205999999	11004.398297999998			1.0	2.0	0.0	3.0					
11008.24	14.990999999999985	trials	18.0	11019.989969999999	11021.369316999999	11022.740452999999	11023.299831999999	11019.013927	11021.830179999999			1.0	1.0	0.0	3.0					
11025.99	26.38000000000102	trials	18.0	11047.894443	11049.525893999999	11050.510617999998	11050.726760999998	11047.070123999998	11049.851042999999	11051.16	11052.37	1.0	2.0	1.0	1.0					
11054.455	37.030000000000655	trials	18.0	11086.539127999999	11087.955139	11089.413534	11089.64871	11085.934323	11088.747076	11090.065	11091.485	1.0	2.0	1.0	1.0					
11093.517	12.043999999999869	trials	18.0	11100.845534999999	11102.384542	11103.48952	11103.686241	11099.943487999999	11103.012665999999	11104.08	11105.561	1.0	1.0	1.0	1.0					
11109.645	7.915999999999258	trials	18.0	11114.839166999998	11116.215461999998	11117.268300999998	11117.571885	11113.897668999998	11116.811655999998			1.0	1.0	0.0	3.0					
11120.63	25.26600000000144	trials	18.0	11141.213752	11142.791307	11144.056074999999	11144.271028	11140.304966999998	11143.445998	11144.76	11145.896	1.0	2.0	1.0	1.0					
11147.926	8.760000000000218	trials	18.0	11153.164671999999	11155.199701	11156.227676999999	11156.755086	11152.648185999999	11155.577151			1.0	2.0	0.0	3.0					
11160.557	19.79899999999907	trials	18.0	11177.221189	11179.121577999998	11180.082546	11180.365812999999	11176.36675	11179.586935			1.0	1.0	0.0	3.0					
11184.365	18.30999999999949	trials	18.0	11199.730026	11200.941475	11202.293425	11202.746258	11199.143501999999	11201.645676999999			1.0	2.0	0.0	3.0					
11205.55	20.090000000000146	trials	18.0	11221.934958999998	11223.347517999999	11225.388748	11225.628965999998	11221.223103999999	11224.814488			1.0	1.0	0.0	3.0					
11227.71	18.601000000000568	trials	18.0	11242.769810999998	11244.759957999999	11245.646153999998	11246.382958999999	11242.153532999999	11245.045773999998			1.0	2.0	0.0	3.0					
11247.921	67.44900000000052	trials	18.0	11311.94522	11313.958842999999	11315.111762999999	11315.361527	11311.314478999999	11314.547805999999			1.0	1.0	0.0	3.0					
11317.375	20.344999999999345	trials	18.0	11334.270139999999	11336.267628	11337.125939	11337.791777999999	11333.526568	11336.552781999999			1.0	2.0	0.0	3.0					
11339.515	32.09100000000035	trials	18.0	11368.784921999999	11370.092491	11371.122743999998	11371.678055999999	11367.899979999998	11370.530415			1.0	2.0	0.0	3.0					
11373.45	26.075999999999112	trials	18.0	11396.000318999999	11397.891708	11399.114532	11399.596470999999	11395.048995	11398.490369			1.0	2.0	0.0	3.0					
11402.436	21.41899999999987	trials	18.0	11419.761835	11421.767324999999	11423.545352	11423.907088	11419.128069999999	11423.061661			1.0	1.0	0.0	3.0					
11427.88	22.585000000000946	trials	18.0	11445.820630999999	11447.649274	11448.564193999999	11448.787806999999	11445.275608	11447.98894	11449.271	11450.465	1.0	2.0	1.0	1.0					
11454.554	5.77599999999984	trials	18.0	11457.335379999999	11458.736227	11459.758962	11460.404761999998	11456.668818999999	11459.115473999998			1.0	2.0	0.0	3.0					
11464.135	16.34599999999955	trials	18.0	11477.258646999999	11479.262385999999	11480.223573	11480.464001999999	11476.719215	11479.712203			1.0	1.0	0.0	3.0					
11482.535	30.575000000000728	trials	18.0	11509.525694999998	11511.176511			11508.890141999998	11511.165721			1.0		0.0	2.0					
11516.13	20.68000000000029	trials	18.0	11533.545681	11535.052007999999	11536.568094999999	11536.870230999999	11533.031742	11536.047831			1.0	1.0	0.0	3.0					
11539.816	16.948999999998705	trials	18.0	11551.580956999998	11552.747366	11554.881555999998	11555.054828999999	11550.745138999999	11554.294833999998	11555.55	11556.765	1.0	2.0	1.0	1.0					
11559.846	11.019000000000233	trials	18.0	11566.295673999999	11568.086994	11569.028844999999	11569.211741	11565.767791999999	11568.408754	11569.615	11570.865	1.0	2.0	1.0	1.0					
11572.88	8.760000000000218	trials	18.0	11578.816254999998	11580.228275999998	11581.271622999999	11581.710432999998	11578.222462999998	11580.540126999998			1.0	2.0	0.0	3.0					
11584.531	14.923999999999069	trials	18.0	11596.856391999998	11598.097713	11599.15942	11599.415511	11596.071213	11598.526483			1.0	1.0	0.0	3.0					
11601.53	36.35999999999876	trials	18.0	11634.675635	11636.397954	11637.404572	11637.961715999998	11633.752351	11636.833658			1.0	2.0	0.0	3.0					
11641.725	32.56999999999971	trials	18.0	11669.286196	11670.837571	11672.132827	11672.338572999999	11668.353202999999	11671.512992999998	11672.771	11674.295	1.0	2.0	1.0	1.0					
11676.44	10.639999999999418	trials	18.0	11684.241635999999	11685.498663999999	11686.579254999999	11687.153058	11683.300048	11685.935985999999			1.0	2.0	0.0	3.0					
11689.926	13.694000000001324	trials	18.0	11700.81178	11702.263848999999	11703.363399999998	11703.626859999998	11700.277628999998	11702.896947			1.0	1.0	0.0	3.0					
11707.642	46.03200000000106	trials	18.0	11750.313008	11752.258027	11753.367054999999	11753.71041	11749.710673	11752.761981			1.0	2.0	0.0	3.0					
11757.745	9.690999999998894	trials	18.0	11763.951721	11765.900332	11767.139960999999	11767.371482999999	11763.030251999999	11766.344995			1.0	1.0	0.0	3.0					
11769.49	12.980999999999767	trials	18.0	11778.965967	11780.113888	11782.192619999998	11782.523822	11778.265333	11781.600169			1.0	2.0	0.0	3.0					
11786.46	37.3650000000016	trials	18.0	11819.407061999998	11820.473634999998	11821.475868999998	11821.778122	11818.733627	11820.829511999998	11793.115	11823.825	1.0	2.0	1.0	1.0					
11825.911	18.54399999999987	trials	18.0	11839.473732999999	11841.173397999999	11842.158303999999	11842.384563	11838.776286999999	11841.52765	11842.896	11844.455	1.0	2.0	1.0	1.0					
11848.545	13.476000000000568	trials	18.0	11856.241654	11857.753335999998	11858.729382999998	11858.973581999999	11855.340271	11858.031841	11859.505	11862.021	1.0	2.0	1.0	1.0					
11865.036	9.369000000000597	trials	18.0	11871.336831999999	11872.913848999999	11873.845614999998	11874.481166	11870.653350999999	11873.175428999999			1.0	2.0	0.0	3.0					
11876.191	26.708999999998923	trials	18.0	11898.196903	11899.954088999999	11900.832841	11901.047684	11897.370609999998	11900.254719999999	11901.415	11902.9	1.0	2.0	1.0	1.0					
11905.005	25.535000000001673	trials	18.0	11925.602544	11927.369458	11928.526851999999	11928.757075	11925.074751	11927.565761999998	11929.15	11930.54	1.0	2.0	1.0	1.0					
11933.561	16.78900000000067	trials	18.0	11947.336645	11949.300051999999	11950.037730999999	11950.413706	11946.714003	11949.305352			1.0	2.0	0.0	3.0					
11954.419	28.746000000001004	trials	18.0	11977.942287999998	11979.069907	11980.556118999999	11980.812457	11977.244702999998	11979.853845999998	11981.295	11983.165	1.0	2.0	1.0	1.0					
11985.217	883.1479999999992	BlockDesign														1.0	562.0	596.0	90.0	50.0
11985.217	25.182999999999083	trials	19.0	12007.977941	12009.10415	12010.062783999998	12010.472844999998	12007.073572	12009.408242999998			1.0	2.0	0.0	3.0					
12012.382	21.648000000001048	trials	19.0	12031.522674999998	12032.593680999998	12033.785414999998	12034.026963999999	12030.612873999999	12033.127067999998			1.0	2.0	0.0	3.0					
12036.037	16.398999999999432	trials	19.0	12048.437849999998	12049.836630999998	12050.703301	12050.920272	12047.530842999999	12050.176464999999	12051.315	12052.436	1.0	1.0	1.0	1.0					
12056.45	25.295000000000073	trials	19.0	12078.917442999998	12080.644623999999	12081.427602	12081.751042	12078.071699	12080.823218999998			1.0	2.0	0.0	3.0					
12084.826	22.874000000001615	trials	19.0	12103.591683999999	12104.770825	12105.844679999998	12106.163450999999	12102.736507	12105.223766	12106.515	12107.7	1.0	2.0	1.0	1.0					
12110.72	29.360000000000582	trials	19.0	12134.893342	12136.870739999998	12137.977076	12138.134909999999	12134.380662	12137.016684999999	12138.72	12140.08	1.0	1.0	1.0	1.0					
12141.89	40.155000000000655	trials	19.0	12178.717497999998	12180.110230999999			12177.832342999998	12180.106423			1.0		0.0	2.0					
12186.117	20.677999999999884	trials	19.0	12202.172685999998	12204.044353	12205.027286999999	12205.226268999999	12201.499452	12204.481611	12205.597	12206.795	1.0	1.0	1.0	1.0					
12208.811	50.375	trials	19.0	12253.321047	12254.932008	12255.888421999998	12256.174357	12252.483702	12255.291061	12256.49	12259.186	1.0	2.0	1.0	1.0					
12260.015	28.540000000000873	trials	19.0	12285.721225	12287.347956999998	12288.239674999999	12288.438504999998	12285.05388	12287.740756			1.0	1.0	0.0	3.0					
12292.615	15.656000000000859	trials	19.0	12303.441448	12304.987581	12306.336	12306.568190999998	12302.567589999999	12305.821702	12307.03	12308.271	1.0	1.0	1.0	1.0					
12311.32	16.735000000000582	trials	19.0	12324.921707	12326.408867999999	12327.526037999998	12328.067818	12324.382194	12327.049374999999			1.0	1.0	0.0	3.0					
12331.899	14.52100000000064	trials	19.0	12342.711526	12344.150951999998	12345.356371	12345.621372999998	12342.170396	12344.678596999998			1.0	2.0	1.0	1.0					
12350.971	20.34400000000096	trials	19.0	12366.208020999999	12367.908028	12369.164841999998	12369.499978	12365.559102	12368.454289	12369.9	12371.315	1.0	2.0	1.0	1.0					
12374.454	16.786000000000058	trials	19.0	12386.538003999998	12388.414647999998	12389.326073999999	12389.594383	12385.746234999999	12388.688461	12390.021	12391.24	1.0	2.0	1.0	1.0					
12393.324	20.555999999998676	trials	19.0	12411.288150999999	12412.518933	12413.571396	12413.75046	12410.469786999998	12412.887655999999			1.0	2.0	0.0	3.0					
12416.908	17.162000000000262	trials	19.0	12430.806766	12432.441625	12433.624945	12434.054430999999	12430.032777999999	12432.981914999998			1.0	2.0	0.0	3.0					
12438.005	19.644000000000233	trials	19.0	12454.561554	12456.288390999998	12457.228978	12457.656492999999	12453.598350999999	12456.610239			1.0	2.0	0.0	3.0					
12461.611	16.893999999998414	trials	19.0	12474.097101	12475.380422999999	12476.523022	12476.767785999999	12473.165061999998	12475.978029999998	12477.13	12478.505	1.0	1.0	1.0	1.0					
12481.6	19.80999999999949	trials	19.0	12497.203350999998	12498.333095999998	12499.432984	12499.620138999999	12496.416522	12498.842314	12500.385	12501.41	1.0	1.0	1.0	1.0					
12505.505	26.075000000000728	trials	19.0	12526.623695999999	12528.474578	12529.358165999998	12529.56596	12525.914658999998	12528.882468999998	12529.985	12531.58	1.0	1.0	1.0	1.0					
12533.597	12.588999999999942	trials	19.0	12541.507128	12542.799600999999	12543.883677	12544.108065999999	12540.906539	12543.400941	12544.65	12546.186	1.0	1.0	1.0	1.0					
12549.303	9.502000000000407	trials	19.0	12553.866828999999	12555.768570999999	12556.569361999998	12556.784629	12552.891470999999	12556.064855999999	12557.26	12558.805	1.0	1.0	1.0	1.0					
12561.835	19.5	trials	19.0	12577.252405	12578.313501999999	12579.125859999998	12579.369084999998	12576.451395999999	12578.66341	12579.815	12581.335	1.0	1.0	1.0	1.0					
12585.356	8.359000000000378	trials	19.0	12588.552371999998	12590.480457	12591.301872999999	12591.48216	12588.010069	12590.848493	12591.936	12593.715	1.0	1.0	1.0	1.0					
12597.802	9.042999999999665	trials	19.0	12602.446779999998	12603.595489	12604.417807	12604.658136999999	12601.484385	12603.943637999999	12605.405	12606.845	1.0	1.0	1.0	1.0					
12608.866	9.31500000000051	trials	19.0	12613.417779	12614.849189999999	12615.80878	12615.999285	12612.880368999999	12615.328254999999	12616.545	12618.181	1.0	1.0	1.0	1.0					
12621.061	12.085000000000946	trials	19.0	12628.101996	12630.079263999998	12630.864222999999	12631.061053	12627.521073	12630.378517	12631.475	12633.146	1.0	1.0	1.0	1.0					
12637.286	133.2489999999998	trials	19.0	12767.692230999999	12769.074149999999	12770.135151999999	12770.551427999999	12766.791544999998	12769.414066			1.0	2.0	0.0	3.0					
12773.527	23.90899999999965	trials	19.0	12792.347904999999	12794.149053	12795.161673999999	12795.380861999998	12791.642069999998	12794.687794	12795.865	12797.436	1.0	1.0	1.0	1.0					
12799.566	11.509000000000015	trials	19.0	12806.293378999999	12807.569209	12808.645899	12808.874694999999	12805.466891999999	12808.165904	12809.36	12811.075	1.0	1.0	1.0	1.0					
12814.115	12.55999999999949	trials	19.0	12821.388845	12823.290098	12824.284446	12824.522708999999	12820.547026999999	12823.743385	12824.981	12826.675	1.0	1.0	1.0	1.0					
12829.725	10.299999999999272	trials	19.0	12834.937779999998	12836.71972	12837.906771999998	12838.117729	12834.110166999999	12837.424587999998	12838.65	12840.025	1.0	1.0	1.0	1.0					
12844.141	8.170000000000073	trials	19.0	12847.423283999999	12849.18514	12850.087755999999	12850.333172999999	12846.816750999998	12849.552227999999	12850.925	12852.311	1.0	1.0	1.0	1.0					
12855.335	13.030000000000655	trials	19.0	12863.492773999998	12865.126102999999	12865.950764	12866.134547999998	12862.904625	12865.504508999999	12866.64	12868.365	1.0	1.0	1.0	1.0					
12872.39	135.40000000000146	BlockDesign														1.0	597.0	601.0	0.0	0.0
12872.39	19.640000000001237	trials	20.0	12888.968481	12890.600563	12891.708578999998	12891.916697999999	12888.34081	12891.130974			1.0	1.0	0.0	3.0					
12895.051	25.299000000000888	trials	20.0	12917.173352999998	12918.791283999999	12919.902677999999	12920.363271999999	12916.452231	12919.192685999999			1.0	2.0	0.0	3.0					
12924.335	22.85400000000118	trials	20.0	12944.572982999998	12946.147740999999	12946.858284999998	12947.204564999998	12943.904928999998	12946.279046999998			1.0	1.0	0.0	3.0					
12951.186	32.059000000001106	trials	20.0	12980.048923999999	12981.475018	12982.637286	12983.260455	12979.265516	12982.033911999999			1.0	2.0	0.0	3.0					
12987.031	20.759000000000015	trials	20.0	13005.415302	13006.819980999999	13007.729705999998	13008.073405	13004.467896999999	13007.083530999998			1.0	2.0	0.0	3.0					
13010.137	1434.1129999999994	BlockDesign														1.0	602.0	661.0	50.0	90.0
13010.137	24.813000000000102	trials	21.0	13031.544036	13032.850305999998	13034.546944999998	13034.966049999999	13030.958642	13033.932069999999			1.0	2.0	0.0	3.0					
13038.915	22.93499999999949	trials	21.0	13056.598879	13058.480228999999	13059.479496999998	13059.673314999998	13055.960722	13058.976121	13060.21	13061.85	1.0	1.0	1.0	1.0					
13065.75	7.530000000000655	trials	21.0	13070.625054999999	13072.140597999998	13072.921160999998	13073.296032999999	13069.779567999998	13072.417635			1.0	1.0	0.0	3.0					
13075.356	32.98400000000038	trials	21.0	13103.713871999998	13105.41022	13106.181469	13106.380986999999	13102.866280999999	13105.708417999998	13106.925	13108.34	1.0	1.0	1.0	1.0					
13112.285	6.720999999999549	trials	21.0	13116.063810999998	13117.884430999999	13118.633778	13118.956767999998	13115.492083	13118.164875999999			1.0	1.0	0.0	3.0					
13123.035	41.659999999999854	trials	21.0	13158.699084	13160.470938999999	13161.581895	13161.862638999999	13157.725859999999	13160.951219999999	13162.356	13164.695	1.0	2.0	1.0	1.0					
13167.784	9.77599999999984	trials	21.0	13173.79027	13175.502720999999			13172.845854	13175.495910999998			1.0		0.0	2.0					
13179.585	38.39600000000064	trials	21.0	13213.404188999999	13214.525592999998	13215.589638	13215.860010999999	13212.610556999998	13214.874949	13216.271	13217.981	1.0	2.0	1.0	1.0					
13222.111	6.943999999999505	trials	21.0	13225.809491999998	13227.334346999998	13228.621179	13229.035716999999	13224.957000999999	13228.124849999998			1.0	1.0	0.0	3.0					
13232.049	25.445999999999913	trials	21.0	13252.264425	13253.863292999999	13254.768941999999	13255.039984	13251.349385999998	13254.154413999999	13255.505	13257.495	1.0	2.0	1.0	1.0					
13260.536	12.423999999999069	trials	21.0	13267.665912999999	13269.502746999999	13270.635678999999	13270.827657999998	13267.134852	13270.116440999998	13271.415	13272.96	1.0	1.0	1.0	1.0					
13276.1	56.85499999999956	trials	21.0	13327.697823999999	13329.236417999999	13329.965517999999	13330.253466999999	13326.72864	13329.482133	13330.615	13332.955	1.0	1.0	1.0	1.0					
13335.005	8.375	trials	21.0	13340.581048999999	13342.145091999999	13343.065915	13343.332303	13340.042456	13342.561625999999			1.0	1.0	0.0	3.0					
13347.39	23.80500000000029	trials	21.0	13367.045360999999	13368.401303999999	13370.148471999999	13370.428338999998	13366.128837999999	13369.51823			1.0	2.0	1.0	1.0					
13373.846	15.984000000000378	trials	21.0	13384.659462	13386.483102999999	13387.387744	13387.616461	13383.682147	13386.747041999999	13388.13	13389.83	1.0	2.0	1.0	1.0					
13391.915	11.994999999998981	trials	21.0	13398.904336	13400.192635	13401.252305999998	13401.500661999999	13397.938927	13400.778930999999	13402.0	13403.91	1.0	1.0	1.0	1.0					
13405.986	71.99499999999898	trials	21.0	13472.530089	13474.417347999999	13475.240563	13475.457563999998	13471.709637	13474.633177	13475.981	13477.981	1.0	2.0	1.0	1.0					
13480.066	11.054000000000087	trials	21.0	13485.800603	13487.753094	13488.656679	13488.849793	13484.972446	13488.084601999999	13489.33	13491.12	1.0	1.0	1.0	1.0					
13493.201	8.865999999999985	trials	21.0	13498.920424	13500.708544	13501.644317999999	13501.743292	13498.265061999999	13501.124660999998			1.0	1.0	0.0	3.0					
13505.08	21.405000000000655	trials	21.0	13521.120297	13522.929326999998	13524.007341999999	13524.165003999999	13520.164954	13523.370459999998	13524.606	13526.485	1.0	2.0	1.0	1.0					
13529.52	9.774999999999636	trials	21.0	13534.110333999999	13536.168265999999	13537.146450999999	13537.346602	13533.276897999998	13536.458502	13537.8	13539.295	1.0	2.0	1.0	1.0					
13542.38	54.86000000000058	trials	21.0	13591.980403	13593.742714	13594.856978999998	13595.111653	13591.319968999998	13594.078086	13595.731	13597.24	1.0	2.0	1.0	1.0					
13600.26	99.76100000000042	trials	21.0	13694.910522999999	13696.7424	13697.746075	13698.007124999998	13693.931541999998	13696.766667999998	13698.436	13700.021	1.0	2.0	1.0	1.0					
13702.11	12.536000000000058	trials	21.0	13709.576165999999	13710.727686999999	13711.868531999999	13712.110357	13709.056386999999	13711.222518999999	13712.6	13714.646	1.0	2.0	1.0	1.0					
13718.676	10.28399999999965	trials	21.0	13723.907013999999	13725.593104	13726.448998	13726.679988	13723.262641	13725.938091999999	13727.135	13728.96	1.0	1.0	1.0	1.0					
13733.025	10.403000000000247	trials	21.0	13740.736112999999	13742.169332999998	13743.049019999999	13743.430932	13739.779026999999	13742.556563999999			1.0	1.0	0.0	3.0					
13746.395	24.784999999999854	trials	21.0	13766.478326999999	13767.862506	13768.986529999998	13769.224295999999	13765.838684999999	13768.302096	13769.771	13771.18	1.0	2.0	1.0	1.0					
13774.3	8.806000000000495	trials	21.0	13777.752585999999	13779.755345999998	13780.828269999998	13781.022441	13777.099850999999	13780.197645999999	13781.58	13783.106	1.0	2.0	1.0	1.0					
13786.19	8.159999999999854	trials	21.0	13790.441212	13792.173384999998	13793.249902	13793.447025999998	13789.444087	13792.451949999999			1.0	2.0	1.0	1.0					
13798.909	9.296000000000276	trials	21.0	13805.382432999999	13806.542892	13807.845193	13808.156169999998	13804.743948	13807.128653999998			1.0	1.0	0.0	3.0					
13811.215	25.26000000000022	trials	21.0	13831.431352	13833.405652	13834.155879999998	13834.420725	13830.811795	13833.494668	13834.91	13836.475	1.0	2.0	1.0	1.0					
13840.495	8.985999999998967	trials	21.0	13845.711711	13847.492455			13844.925944999999	13847.48008			1.0		0.0	2.0					
13853.555	40.59100000000035	trials	21.0	13889.031633999999	13890.393337	13891.651577999999	13891.943178999998	13888.094448999998	13891.111801	13892.465	13894.146	1.0	1.0	1.0	1.0					
13897.225	9.594999999999345	trials	21.0	13902.136675	13903.254993999999	13904.588452	13904.796288	13901.514093999998	13903.813768	13905.18	13906.82	1.0	2.0	1.0	1.0					
13908.84	10.534999999999854	trials	21.0	13914.131652999999	13916.155635	13917.166044999998	13917.366435999998	13913.253819999998	13916.428823999999	13918.005	13919.375	1.0	2.0	1.0	1.0					
13923.466	22.253999999998996	trials	21.0	13940.647285	13941.873431999999	13942.887778999999	13943.088978	13939.701143999999	13942.133130999999	13943.59	13945.72	1.0	2.0	1.0	1.0					
13947.861	9.958999999998923	trials	21.0	13954.583154	13956.345867	13957.262739	13957.428113999998	13953.977823	13956.553483			1.0	2.0	0.0	3.0					
13959.571	13.193999999999505	trials	21.0	13967.571582999999	13969.158663999999	13970.649447999998	13970.899179	13966.634095	13969.983117	13971.275	13972.765	1.0	2.0	1.0	1.0					
13976.785	7.2150000000001455	trials	21.0	13981.467612999999	13982.78041	13983.63468	13983.863662	13980.483873	13983.077956			1.0	1.0	0.0	3.0					
13986.021	29.153999999998632	trials	21.0	14010.128658999998	14011.710153	14012.639018999998	14012.820145	14009.378116	14011.957263999999	14013.365	14015.175	1.0	2.0	1.0	1.0					
14019.2	9.594999999999345	trials	21.0	14023.947434999998	14025.702636999999	14026.747141	14027.003164	14023.150244999999	14026.034672999998	14027.585	14028.795	1.0	2.0	1.0	1.0					
14030.85	11.104999999999563	trials	21.0	14036.982092999999	14038.701152999998	14039.516285999998	14039.653385999998	14036.370207999998	14038.826893	14040.235	14041.955	1.0	2.0	1.0	1.0					
14046.037	8.542999999999665	trials	21.0	14049.882701999999	14051.304153	14052.287295999999	14052.469928999999	14049.357606	14051.523306	14052.96	14054.58	1.0	2.0	1.0	1.0					
14056.6	10.05999999999949	trials	21.0	14063.397380999999	14064.694862999999	14065.549581	14065.707183999999	14062.440401999998	14064.883161			1.0	2.0	1.0	1.0					
14070.19	18.93499999999949	trials	21.0	14084.968131999998	14086.066950999999	14086.934052999999	14087.107929999998	14084.175942999998	14086.216927	14087.565	14089.125	1.0	2.0	1.0	1.0					
14093.15	11.206000000000131	trials	21.0	14099.282119	14100.710168999998	14101.616442999999	14101.804628999998	14098.670748999999	14100.990479999999	14102.34	14104.356	1.0	1.0	1.0	1.0					
14108.375	6.819999999999709	trials	21.0	14112.447262	14114.024393	14114.836976999999	14115.214511999999	14111.791847999999	14114.224239			1.0	1.0	0.0	3.0					
14119.176	14.689000000000306	trials	21.0	14129.967617999999	14131.874356999999			14129.214230999998	14131.867343999998			1.0		0.0	2.0					
14136.88	66.05000000000109	trials	21.0	14199.973095	14201.463091	14202.629916999998	14202.927865	14198.996114999998	14201.980129			1.0	2.0	0.0	3.0					
14206.006	31.759000000000015	trials	21.0	14230.084594	14231.263581	14232.367503	14232.6171	14229.236556	14231.727948	14232.975	14237.765	1.0	2.0	1.0	1.0					
14241.85	4.949999999998909	trials	21.0	14244.242589	14245.524642999999	14246.507526	14246.734794999998	14243.307153	14245.952438999999			1.0	1.0	0.0	3.0					
14250.816	27.34399999999914	trials	21.0	14275.334589999999	14276.972457999998	14277.848543999999	14278.063514999998	14274.805895999998	14277.351862			1.0	1.0	0.0	3.0					
14281.221	31.23400000000038	trials	21.0	14307.093816999999	14308.774843	14310.021594999998	14310.160906	14306.492210999999	14309.405862	14310.78	14312.455	1.0	2.0	1.0	1.0					
14315.541	11.66400000000067	trials	21.0	14322.468675	14323.901471	14325.08269	14325.307738	14321.787228	14324.406051999998	14325.835	14327.205	1.0	2.0	1.0	1.0					
14329.255	10.93500000000131	trials	21.0	14334.898073999999	14336.284246	14337.651107	14337.846855	14334.253467999999	14336.930537999999	14338.41	14340.19	1.0	2.0	1.0	1.0					
14343.24	10.5	trials	21.0	14348.504772999999	14350.531831999999	14351.566487	14351.741499	14347.969947999998	14350.849113999999	14352.225	14353.74	1.0	2.0	1.0	1.0					
14357.825	10.81499999999869	trials	21.0	14363.313735	14364.766066	14366.089764999999	14366.239093	14362.311452999998	14365.334313	14366.815	14368.64	1.0	2.0	1.0	1.0					
14371.721	19.519000000000233	trials	21.0	14387.618003	14389.200292	14390.193481999999	14390.400258999998	14386.874257	14389.52889			1.0	2.0	1.0	1.0					
14394.755	23.44000000000051	trials	21.0	14413.078398	14414.340780999999	14415.518660999998	14415.720072	14412.474918999998	14414.877198999999	14416.325	14418.195	1.0	2.0	1.0	1.0					
14422.212	22.038000000000466	trials	21.0	14438.983484999999	14440.921709999999	14441.796115	14442.005586	14437.987	14441.141579	14442.59	14444.25	1.0	2.0	1.0	1.0					
14447.295	4093.4800000000014	BlockDesign														1.0	662.0	767.0	50.0	10.0
14447.295	17.63500000000022	trials	22.0	14461.559614999998	14463.537575999999	14464.566012	14464.703828999998	14460.741246999998	14463.862110999999			1.0	2.0	0.0	3.0					
14468.005	24.579999999999927	trials	22.0	14489.288831999998	14491.280653999998	14492.281386999999	14492.571555999999	14488.546138999998	14491.635128999998			1.0	2.0	0.0	3.0					
14495.595	31.532000000001062	trials	22.0	14523.645249	14525.372764	14526.667931999998	14527.143983999998	14523.027342	14525.870157			1.0	2.0	0.0	3.0					
14529.125	44.215000000000146	trials	22.0	14569.474574999998	14571.306497			14568.614488	14571.300517			1.0		0.0	2.0					
14577.42	21.38500000000022	trials	22.0	14593.153901	14594.739348	14596.346217999999	14596.563141999999	14592.29956	14595.794321999998	14597.125	14598.805	1.0	1.0	1.0	1.0					
14602.825	10.079999999999927	trials	22.0	14607.649044999998	14609.646467999999	14610.569194	14610.799866999998	14606.725255	14610.012778999999	14611.311	14612.905	1.0	1.0	1.0	1.0					
14615.971	21.82800000000134	trials	22.0	14634.564704999999	14636.458455999998	14637.456058	14637.784656	14633.674604999998	14636.80092			1.0	2.0	0.0	3.0					
14640.826	61.64400000000023	trials	22.0	14699.679984999999	14701.191314	14702.08453	14702.490471	14698.908323	14701.566228			1.0	1.0	0.0	3.0					
14705.395	27.5049999999992	trials	22.0	14729.885166999999	14731.156319999998	14732.386890999998	14732.923391999999	14729.282325	14731.725299999998			1.0	2.0	0.0	3.0					
14736.764	25.45600000000013	trials	22.0	14758.9365	14760.465111999998	14761.624854999998	14762.243825999998	14758.130100999999	14760.988244			1.0	2.0	0.0	3.0					
14765.061	16.129000000000815	trials	22.0	14776.689843	14777.947761	14779.127556	14779.343099999998	14775.887961999999	14778.644857	14779.771	14781.19	1.0	1.0	1.0	1.0					
14785.276	12.898999999999432	trials	22.0	14794.800303999999	14796.681733	14797.865537	14798.119535999998	14794.171448	14797.368965			1.0	1.0	0.0	3.0					
14802.242	442.8189999999995	trials	22.0	15241.706178999999	15243.239393999998	15244.648839999998	15245.085215	15240.83686	15243.92262			1.0	2.0	0.0	3.0					
15247.025	13.165000000000873	trials	22.0	15254.476433999998	15255.746677	15257.651000999998	15257.865225999998	15253.865157999999	15256.913362	15258.275	15260.19	1.0	2.0	1.0	1.0					
15263.276	13.148999999999432	trials	22.0	15273.876375	15274.943705	15276.061830999999	15276.442834	15273.315212999998	15275.252453			1.0	2.0	0.0	3.0					
15278.45	72.72999999999956	trials	22.0	15347.801781	15348.87325	15350.912891	15350.998894	15347.127983	15350.234408			1.0	2.0	0.0	3.0					
15353.255	62.5	trials	22.0	15413.040067	15414.227675	15415.447009000001	15415.810385	15412.409027	15414.746471			1.0	2.0	0.0	3.0					
15418.771	18.063999999998487	trials	22.0	15431.570393	15433.187794000001	15434.506937	15434.789569	15430.79839	15433.860056000001	15435.225	15436.835	1.0	2.0	1.0	1.0					
15440.909	10.251000000000204	trials	22.0	15448.735498	15449.889284	15450.895957	15451.229242000001	15448.094308	15450.39395			1.0	1.0	0.0	3.0					
15455.17	24.832000000000335	trials	22.0	15477.257092	15478.737808	15479.63053	15479.918438	15476.341608	15478.97696			1.0	2.0	0.0	3.0					
15482.015	21.730999999999767	trials	22.0	15500.846162	15502.346080000001	15503.406319	15503.795338	15499.958137000001	15502.719141000001			1.0	2.0	0.0	3.0					
15506.721	42.559000000001106	trials	22.0	15546.165716000001	15547.521245	15548.926456000001	15549.350447	15545.559071	15548.272516			1.0	2.0	0.0	3.0					
15552.261	29.963999999999942	trials	22.0	15578.556551	15580.304182	15581.588612000001	15582.292914	15577.564286	15580.937491			1.0	2.0	0.0	3.0					
15585.906	29.23999999999978	trials	22.0	15612.081344	15613.768265	15614.810036	15615.09232	15611.204171000001	15614.110296			1.0	2.0	0.0	3.0					
15619.155	16.43999999999869	trials	22.0	15629.991608	15631.638436000001	15633.543053000001	15633.733632000001	15629.013049000001	15633.04216	15634.225	15635.595	1.0	1.0	1.0	1.0					
15638.615	10.402000000000044	trials	22.0	15646.302493000001	15647.797481000001	15648.743255000001	15649.084847	15645.719168	15648.250565			1.0	1.0	0.0	3.0					
15651.01	19.155000000000655	trials	22.0	15666.846692000001	15667.917788	15669.859962	15670.151828	15666.33805	15669.265868			1.0	2.0	0.0	3.0					
15672.24	69.23500000000058	trials	22.0	15736.041627	15737.684134000001	15739.26167	15739.4611	15735.377075	15738.760634	15740.01	15741.475	1.0	1.0	1.0	1.0					
15744.575	9.331000000000131	trials	22.0	15750.536554	15751.922875	15753.560008	15753.97755	15749.956583000001	15753.029315			1.0	1.0	0.0	3.0					
15757.82	29.280000000000655	trials	22.0	15783.691745	15785.029888000001	15786.511392	15787.169285	15782.789065	15785.87367			1.0	2.0	0.0	3.0					
15788.846	36.240999999999985	trials	22.0	15822.046389000001	15823.652426	15824.760896	15825.12065	15821.091649	15824.114579000001			1.0	2.0	0.0	3.0					
15829.016	18.988999999999578	trials	22.0	15844.227154	15845.413959000001	15847.622363	15848.074631000001	15843.305066	15846.936092			1.0	2.0	0.0	3.0					
15849.941	37.55400000000009	trials	22.0	15884.732576	15885.764087	15886.947225	15887.562806	15883.82516	15886.499029			1.0	1.0	0.0	3.0					
15889.27	119.32599999999911	trials	22.0	16004.943176	16006.654792000001			16004.046872	16006.647268			1.0		0.0	2.0					
16010.676	24.53900000000067	trials	22.0	16030.122428	16032.186011	16033.063891	16033.246385	16029.206656	16032.551275	16033.705	16035.215	1.0	1.0	1.0	1.0					
16039.285	15.594999999999345	trials	22.0	16049.073132000001	16050.874225	16052.312864000001	16052.543059	16048.146962	16051.803170000001	16053.045	16054.88	1.0	1.0	1.0	1.0					
16058.9	16.345000000001164	trials	22.0	16070.702396	16071.788977	16072.85504	16073.06146	16069.921199	16072.253981	16073.67	16075.245	1.0	1.0	1.0	1.0					
16077.26	13.979999999999563	trials	22.0	16086.487796000001	16087.70429	16089.074031	16089.287983	16085.776118	16088.588995	16089.66	16091.24	1.0	1.0	1.0	1.0					
16093.265	12.301000000001295	trials	22.0	16102.532778	16104.089069000001	16105.244913	16105.583619	16101.931335000001	16104.548999			1.0	2.0	0.0	3.0					
16107.505	21.345000000001164	trials	22.0	16125.611731	16127.034913000001	16128.258709	16128.918613	16124.629261	16127.775566			1.0	1.0	0.0	3.0					
16132.585	66.00500000000102	trials	22.0	16195.837528	16197.167061	16198.279253	16198.658299	16195.059309	16197.749282			1.0	1.0	0.0	3.0					
16202.6	47.824000000000524	trials	22.0	16246.992933000001	16249.049687	16250.123594	16250.480822000001	16246.065254000001	16249.602973000001			1.0	1.0	0.0	3.0					
16252.424	20.53599999999824	trials	22.0	16269.845053000001	16271.544716	16272.514061	16273.028066	16269.294053000001	16271.88118			1.0	2.0	0.0	3.0					
16274.806	37.39400000000023	trials	22.0	16306.723952	16308.081899	16309.711352	16309.959886	16305.893192000001	16309.185689	16310.335	16312.2	1.0	1.0	1.0	1.0					
16313.96	14.915000000000873	trials	22.0	16325.653462	16327.185374	16328.361709	16328.947141	16324.893215	16327.773496			1.0	1.0	0.0	3.0					
16331.622	28.574000000000524	trials	22.0	16357.083200000001	16358.620712	16359.940664	16360.208286000001	16356.31546	16359.442222000001			1.0	1.0	0.0	3.0					
16364.21	14.311000000001513	trials	22.0	16375.313711	16376.451483	16378.259267000001	16378.592299	16374.792871000001	16377.656476			1.0	1.0	0.0	3.0					
16380.53	16.240999999999985	trials	22.0	16392.443851	16394.389865	16396.472612	16396.772801	16391.761457	16395.724623000002			1.0	2.0	0.0	3.0					
16399.78	13.275000000001455	trials	22.0	16408.603880000002	16409.730737	16412.060087	16412.316659	16407.620276	16411.41809			1.0	1.0	1.0	1.0					
16415.644	30.01599999999962	trials	22.0	16442.342066	16443.980935	16445.084318	16445.730866	16441.357805	16444.462819			1.0	2.0	0.0	3.0					
16449.471	13.930999999996857	trials	22.0	16459.204036	16460.255486000002	16461.398135	16461.598789	16458.206243	16460.85872	16462.12	16463.402	1.0	1.0	1.0	1.0					
16466.43	11.764999999999418	trials	22.0	16473.16895	16474.674571	16475.707372	16475.941736	16472.376722	16475.103725	16476.39	16478.195	1.0	2.0	1.0	1.0					
16482.12	9.0	trials	22.0	16487.994281	16489.558838	16490.683301	16491.189176	16487.211863	16490.038974			1.0	2.0	0.0	3.0					
16493.99	22.75	trials	22.0	16513.434392	16515.236402000002	16516.378025	16516.811326	16512.817043	16515.925202000002			1.0	1.0	0.0	3.0					
16518.64	28.580000000001746	trials	22.0	16544.155712	16545.795906	16546.971481	16547.237234	16543.257742	16546.438419000002			1.0	1.0	0.0	3.0					
16550.295	12.1150000000016	trials	22.0	16556.315042000002	16558.377065	16560.474337	16560.704932	16555.699532	16559.837932000002	16561.1	16562.41	1.0	2.0	1.0	1.0					
16564.491	22.768999999996595	trials	22.0	16583.319332	16585.276988	16586.33103	16586.516336	16582.588373	16585.266458000002			1.0		0.0	2.0					
16590.33	22.614999999997963	trials	22.0	16608.324479	16609.741643	16610.866609	16611.065027	16607.78645	16610.344789	16611.615	16612.945	1.0	1.0	1.0	1.0					
16616.965	7.769000000000233	trials	22.0	16621.414731	16623.326176000002	16624.35103	16624.780987000002	16620.763031000002	16623.655753			1.0	2.0	0.0	3.0					
16628.68	12.724999999998545	trials	22.0	16638.569848	16639.973119000002	16641.096702	16641.42261	16638.004114	16640.431274000002			1.0	2.0	0.0	3.0					
16644.415	22.68000000000029	trials	22.0	16664.136682	16665.34847	16666.803323	16667.166991000002	16663.599301000002	16666.333469			1.0	1.0	0.0	3.0					
16671.117	26.70300000000134	trials	22.0	16694.266339	16695.834146	16697.560187	16697.796755	16693.662614	16697.027566			1.0	1.0	0.0	3.0					
16701.826	21.023999999997613	trials	22.0	16719.21452	16721.126498	16722.573305	16722.92254	16718.377586000002	16721.942222			1.0	2.0	0.0	3.0					
16725.899	21.35099999999875	trials	22.0	16743.261593	16744.393069	16745.277145	16745.472193	16742.321962	16744.781453	16745.805	16747.25	1.0	1.0	1.0	1.0					
16750.334	15.161000000000058	trials	22.0	16760.315408000002	16762.202737	16763.130983	16763.331691	16759.704484	16762.632781	16763.79	16765.495	1.0	1.0	1.0	1.0					
16767.578	15.371999999999389	trials	22.0	16779.790154000002	16781.342894	16782.585449000002	16783.022458	16778.819284	16781.941517			1.0	2.0	0.0	3.0					
16785.995	21.960000000002765	trials	22.0	16805.12039	16806.952199	16807.697935	16808.011882	16804.163989	16807.252487			1.0	1.0	0.0	3.0					
16810.965	52.654999999998836	trials	22.0	16860.355693	16862.163831	16863.268322	16863.695445	16859.675858000002	16862.753552000002			1.0	1.0	0.0	3.0					
16867.522	112.30299999999988	trials	22.0	16976.460596	16978.417313	16979.384882000002	16979.89982	16975.564693	16978.771529			1.0	2.0	0.0	3.0					
16981.645	45.68500000000131	trials	22.0	17024.090566	17025.763733	17026.859461	17027.403252	17023.133858	17026.220417			1.0	2.0	0.0	3.0					
17029.177	24.63799999999901	trials	22.0	17048.762789	17050.453526	17051.435903	17051.72594	17048.042014	17050.949229	17052.125	17053.815	1.0	1.0	1.0	1.0					
17057.865	11.318999999999505	trials	22.0	17066.130298	17067.878014	17068.846811	17069.212184	17065.439021000002	17068.337705			1.0	1.0	0.0	3.0					
17073.176	37.49399999999878	trials	22.0	17107.348444	17109.063538000002	17110.142396	17110.741486	17106.779563	17109.456601			1.0	2.0	0.0	3.0					
17113.46	26.299999999999272	trials	22.0	17135.326322	17136.509063	17137.57919	17137.779158	17134.403473000002	17137.077260000002	17138.138	17139.76	1.0	1.0	1.0	1.0					
17143.78	7.8400000000001455	trials	22.0	17148.036832	17149.628095	17150.628981	17150.847038	17147.068911000002	17150.058832000002			1.0	1.0	1.0	1.0					
17155.225	23.131000000001222	trials	22.0	17173.836516	17175.210389	17176.197104	17176.38608	17173.056895	17175.672188	17176.776	17178.356	1.0	1.0	1.0	1.0					
17180.409	12.745999999999185	trials	22.0	17190.241972	17191.359037000002	17192.594756	17192.634829000002	17189.355557	17192.01092			1.0	1.0	0.0	3.0					
17194.91	26.12199999999939	trials	22.0	17217.683108	17219.404775	17220.715114	17221.002922	17217.105341000002	17220.016637			1.0	2.0	0.0	3.0					
17223.1	21.574000000000524	trials	22.0	17241.317422	17242.769087	17244.352859	17244.725073	17240.793644	17243.854474			1.0	1.0	0.0	3.0					
17246.686	29.72899999999936	trials	22.0	17270.477460000002	17271.583186	17274.338135	17274.595766000002	17269.942871	17273.828104	17274.936	17276.415	1.0	1.0	1.0	1.0					
17278.482	10.098000000001775	trials	22.0	17285.4334	17287.269233	17288.291119	17288.641972	17284.868045	17287.716502			1.0	1.0	0.0	3.0					
17291.597	30.917999999997846	trials	22.0	17318.501836	17320.295054000002	17321.500661000002	17321.705546	17317.640333	17320.977635			1.0	1.0	1.0	1.0					
17325.046	18.259000000001834	trials	22.0	17338.14749	17339.316134	17341.05346	17341.271009	17337.202045	17340.548156	17341.811	17343.305	1.0	1.0	1.0	1.0					
17347.377	12.672999999998865	trials	22.0	17355.267617	17356.670051	17357.822912	17358.053071000002	17354.533997	17357.250211	17358.41	17360.05	1.0	1.0	1.0	1.0					
17362.098	10.382999999997992	trials	22.0	17369.513702	17371.26558	17372.167637	17372.499962	17368.803279	17371.616663			1.0	1.0	0.0	3.0					
17375.49	27.820999999999913	trials	22.0	17399.982577000002	17401.41818	17402.835605	17403.383129	17398.999246	17402.140117			1.0	2.0	0.0	3.0					
17405.142	24.43800000000192	trials	22.0	17426.215919000002	17428.07458	17429.209645	17429.609573	17425.648109	17428.710793000002			1.0	1.0	0.0	3.0					
17432.535	28.700000000000728	trials	22.0	17458.359344	17459.869870000002	17460.931418	17461.221787000002	17457.452379000002	17460.443483			1.0	1.0	0.0	3.0					
17464.245	25.976000000002387	trials	22.0	17486.724073	17488.114667	17489.915246	17490.189161000002	17486.059195	17488.745282			1.0	2.0	0.0	3.0					
17494.268	19.918000000001484	trials	22.0	17510.983495	17512.911706	17513.878343	17514.152691	17510.010409000002	17513.259468			1.0	2.0	0.0	3.0					
17518.2	15.005000000001019	trials	22.0	17528.698121	17530.135256	17531.258065	17531.474000000002	17527.870904	17530.764734	17531.82	17533.205	1.0	1.0	1.0	1.0					
17537.24	10.620999999999185	trials	22.0	17544.63966	17546.240821	17547.572153	17547.935146	17543.651695	17546.900861000002			1.0	2.0	0.0	3.0					
17551.891	185.94900000000052	trials	22.0	17734.515656	17736.155786	17737.595846	17737.799147	17733.934293000002	17737.143395			1.0	1.0	0.0	3.0					
17740.85	43.015000000003056	trials	22.0	17780.96827	17782.270825	17783.263802	17783.942035	17780.411323	17782.610437			1.0	2.0	0.0	3.0					
17787.585	24.99500000000262	trials	22.0	17809.878611	17811.165602	17812.222018	17812.65784	17809.251443	17811.742293			1.0	1.0	0.0	3.0					
17814.481	178.8889999999992	trials	22.0	17987.936009	17989.831534	17991.104096	17991.317914	17987.368373	17990.582986	17991.7	17993.37	1.0	1.0	1.0	1.0					
17995.39	34.33599999999933	trials	22.0	18026.829802	18028.356803000002	18029.385124	18029.799449000002	18025.870623000003	18028.872817			1.0	1.0	0.0	3.0					
18031.7	240.03299999999945	trials	22.0	18266.440961	18267.622337	18269.095432000002	18269.301259	18265.853312	18268.468426	18263.47	18271.733	1.0	1.0	1.0	1.0					
18274.815	20.668000000001484	trials	22.0	18292.295549000002	18294.279469	18295.169903	18295.508239000003	18291.642571	18294.604453			1.0	1.0	0.0	3.0					
18297.42	39.01600000000326	trials	22.0	18333.687341	18335.45722	18336.174842	18336.45449	18332.772739	18335.682372			1.0	1.0	0.0	3.0					
18339.49	33.86599999999817	trials	22.0	18369.387660999997	18370.386561999996	18371.416253999996	18371.676594999997	18332.772739	18370.914750999997	18372.175	18373.356	1.0	1.0	1.0	1.0					
18375.408	12.957000000002154	trials	22.0	18385.268174999997	18386.985391	18388.051771	18388.368699999995	18384.383694999997	18387.525864999996			1.0	1.0	0.0	3.0					
18392.377	28.367999999998574	trials	22.0	18417.683367999998	18419.138279999996	18420.330059999997	18420.749320999996	18417.168744	18419.804283999998			1.0	1.0	0.0	3.0					
18422.675	74.47999999999956	trials	22.0	18492.318116999995	18493.796453999996	18494.862911999997	18495.119182	18491.638011999996	18494.357561999997	18456.896	18497.155	1.0	1.0	1.0	1.0					
18501.248	15.242000000002008	trials	22.0	18510.848527	18512.445856	18513.553947999997	18513.766065999996	18510.048472999995	18513.013488999997	18514.09	18516.49	1.0	1.0	1.0	1.0					
18519.602	21.173000000002503	trials	22.0	18535.223676999998	18537.225317999997	18538.161680999998	18538.412199	18534.345201999997	18537.583287999998	18538.856	18540.775	1.0	1.0	1.0	1.0					
18542.835	456.34500000000116	BlockDesign														1.0	768.0	787.0	50.0	0.0
18542.835	26.659999999999854	trials	23.0	18564.334517999996	18566.190303999996	18566.910039999995	18567.114808	18563.647913999997	18566.537877999996	18567.525	18569.495	2.0	1.0	1.0	1.0					
18571.615	11.945999999999913	trials	23.0	18577.924200999998	18579.886361999997	18581.347291	18581.580831999996	18576.976490999998	18580.798848	18582.055	18583.561	2.0	1.0	1.0	1.0					
18586.58	8.424999999999272	trials	23.0	18592.03534	18593.870898999998	18594.730669999997	18594.960366999996	18591.432731999997	18594.228866999998			2.0	1.0	0.0	3.0					
18599.015	18.99499999999898	trials	23.0	18614.799149999995	18616.580959999996	18617.484690999998	18618.061649999996	18613.89018	18617.014257999996			2.0	1.0	0.0	3.0					
18620.78	19.116000000001804	trials	23.0	18637.115937	18638.520160999997	18639.468624999998	18639.929449999996	18636.323457999995	18639.056256999997			2.0	1.0	0.0	3.0					
18643.816	25.74500000000262	trials	23.0	18664.760807999995	18666.332953999998	18667.423123999997	18667.693417	18664.196829999997	18666.904455999997	18668.086	18669.561	2.0	1.0	1.0	1.0					
18671.585	14.451000000000931	trials	23.0	18679.779065999996	18681.174106	18683.850348999997	18684.044636	18679.043961999996	18683.094187	18684.475	18686.036	2.0	1.0	1.0	1.0					
18688.13	8.600999999998749	trials	23.0	18693.910649999998	18694.970788	18696.235364999997	18696.779269	18692.972433999996	18695.753386999997			2.0	1.0	0.0	3.0					
18699.551	23.37199999999939	trials	23.0	18719.563940999997	18721.320875999998	18722.514068999997	18722.972770999997	18718.692723999997	18722.040750999997			2.0	1.0	0.0	3.0					
18724.85	24.909999999999854	trials	23.0	18744.490671999996	18745.852710999996	18747.868221999997	18748.113621999997	18743.913524999996	18747.393738999996	18748.635	18749.76	2.0	1.0	1.0	1.0					
18753.78	12.537000000000262	trials	23.0	18761.464430999997	18763.456828999995	18764.280655	18764.490198999996	18760.469439999997	18763.840088999998	18764.92	18766.317	2.0	1.0	1.0	1.0					
18768.411	10.990999999998166	trials	23.0	18776.075784999997	18777.499971999998	18778.990769999997	18779.416784999998	18775.259792999997	18778.446131999997			2.0	1.0	0.0	3.0					
18783.38	35.32500000000073	trials	23.0	18812.880444	18814.880015999996	18816.096754	18816.403551999996	18812.134779999997	18815.595737999996	18816.82	18818.705	2.0	1.0	1.0	1.0					
18820.77	9.473999999998341	trials	23.0	18826.925679999997	18828.822643999996	18829.879847999997	18830.250615999998	18826.208841999996	18829.377639			2.0	1.0	0.0	3.0					
18832.204	27.370999999999185	trials	23.0	18856.194833999998	18858.166931999996	18859.125362999996	18859.626393999995	18855.654591	18858.607268999996			2.0	1.0	0.0	3.0					
18862.46	45.4900000000016	trials	23.0	18903.201181999997	18904.729954	18905.672143999996	18905.869645	18902.517831999998	18905.179249999997	18906.365	18907.95	2.0	1.0	1.0	1.0					
18912.017	11.504000000000815	trials	23.0	18920.701914999998	18922.207071999997	18923.242488999997	18923.545404999997	18920.041337	18922.820967999996			2.0	1.0	0.0	3.0					
18925.566	25.37000000000262	trials	23.0	18946.069547999996	18948.109529999998	18948.973245999998	18949.233224999996	18945.145824999996	18948.536097999997	18949.501	18950.936	2.0	1.0	1.0	1.0					
18954.031	10.924000000002707	trials	23.0	18961.866463	18963.681876	18964.594094999997	18964.977211999998	18961.215957999997	18964.125065999997			2.0	1.0	0.0	3.0					
18966.995	32.18500000000131	trials	23.0	18994.940286999998	18996.216985999996	18997.198837999997	18997.412216999997	18994.320540999997	18996.758115999997	18997.886	18999.18	2.0	1.0	1.0	1.0					
19001.21	1331.9900000000016	BlockDesign														1.0	788.0	824.0	0.0	50.0
19001.21	10.440000000002328	trials	24.0	19006.179992999998	19007.537368999998	19008.705459999997	19008.977430999996	19005.486410999998	19008.033756999997	19009.34	19011.65	3.0	2.0	1.0	1.0					
19015.744	106.90200000000186	trials	24.0	19119.775103999997	19121.194914999996	19122.192079999997	19122.699395999996	19119.182401	19121.591871999997			3.0	1.0	0.0	3.0					
19125.55	33.931000000000495	trials	24.0	19154.867293999996	19155.947124	19157.300137	19157.549353	19154.200824999996	19156.634609999997	19157.905	19159.481	3.0	2.0	1.0	1.0					
19161.5	14.419999999998254	trials	24.0	19172.952338999996	19174.282206999997	19175.493390999996	19175.973105999998	19172.095638999996	19174.726694999998			3.0	2.0	0.0	3.0					
19177.861	86.15999999999985	trials	24.0	19261.081611999998	19262.562911999998	19263.662766999998	19264.050878	19260.384470999998	19263.055304999998			3.0	2.0	0.0	3.0					
19267.03	37.616000000001804	trials	24.0	19301.466225999997	19303.378015	19304.290567999997	19304.696181999996	19300.938597999997	19303.638589			3.0	2.0	0.0	3.0					
19308.636	28.470000000001164	trials	24.0	19332.356336999997	19333.512338999997	19334.848341999998	19335.186719999998	19331.693521999998	19334.150124999996	19335.561	19337.106	3.0	2.0	1.0	1.0					
19339.125	15.39600000000064	trials	24.0	19349.041691	19351.021955999997	19352.276127999998	19352.508287999997	19348.196680999998	19351.651753	19352.88	19354.521	3.0	2.0	1.0	1.0					
19356.619	22.695999999999913	trials	24.0	19374.327857999997	19375.838514999996	19376.944297	19377.158298	19373.800382999998	19376.31573	19377.61	19379.315	3.0	2.0	1.0	1.0					
19382.336	18.98400000000038	trials	24.0	19398.071341999996	19400.018816999996	19401.039618999996	19401.291864999996	19397.331162	19400.406069999997			3.0	2.0	0.0	3.0					
19403.377	47.32300000000032	trials	24.0	19447.303190999995	19449.023478999996	19450.227912999995	19450.754385999997	19446.706635999995	19449.373311999996			3.0	1.0	0.0	3.0					
19454.521	34.578999999997905	trials	24.0	19484.413233999996	19485.621069999997	19486.725707999998	19486.987289999997	19483.511126999998	19486.111713	19487.405	19489.1	3.0	2.0	1.0	1.0					
19491.255	9.681000000000495	trials	24.0	19497.752511	19499.383085999998	19500.594134999996	19500.948195999998	19496.860016999995	19499.995163999996			3.0	2.0	0.0	3.0					
19504.91	29.65100000000166	trials	24.0	19529.722418999998	19530.944471999996	19532.070486999997	19532.309019999997	19528.770525999997	19531.439892	19532.815	19534.561	3.0	2.0	1.0	1.0					
19537.722	14.377999999996973	trials	24.0	19549.377545999996	19551.298204	19551.830971999996	19552.152755999996	19548.628017999996	19551.358989999997			3.0	1.0	0.0	3.0					
19554.176	28.538000000000466	trials	24.0	19579.797932999998	19581.416368	19582.356768999998	19582.696298999996	19578.972367	19581.740186999996			3.0	2.0	0.0	3.0					
19584.646	32.383999999998196	trials	24.0	19614.458015999997	19615.927451999996	19616.709248999996	19616.997857999995	19613.565871	19616.206217999996			3.0	1.0	0.0	3.0					
19621.04	25.969999999997526	trials	24.0	19644.042813999997	19645.848543999997	19646.748180999995	19647.014372999998	19643.049187999997	19646.109903999997			3.0	2.0	0.0	3.0					
19650.09	40.50500000000102	trials	24.0	19687.487382999996	19689.459822999997	19690.324935999997	19690.586907999997	19686.587162999997	19689.827924999998			3.0	1.0	0.0	3.0					
19692.606	23.618999999998778	trials	24.0	19713.713184999997	19714.830962999997	19715.829149999998	19716.280559999996	19712.741076	19715.221659999996			3.0	2.0	0.0	3.0					
19719.125	20.970000000001164	trials	24.0	19737.482834999995	19738.643201999996	19739.826423	19740.096812999996	19736.640966999996	19739.317208999997			3.0	1.0	0.0	3.0					
19744.115	54.18499999999767	trials	24.0	19792.888342	19794.722537999998	19795.790643999997	19796.045344	19792.099851999996	19795.141476999997	19796.465	19798.3	3.0	2.0	1.0	1.0					
19800.392	27.338999999999942	trials	24.0	19824.539585999995	19826.413458999996	19827.269055999997	19827.787156	19823.645430999997	19826.625332999996			3.0	2.0	0.0	3.0					
19829.645	19.924999999999272	trials	24.0	19846.488950999996	19848.212088999997	19849.311150999998	19849.534236999996	19845.709800999997	19848.695607999998			3.0	2.0	0.0	3.0					
19852.642	54.672999999998865	trials	24.0	19902.988024	19904.086304999997	19905.126183999997	19905.434423999995	19902.326541	19904.550837999996	19905.75	19907.315	3.0	2.0	1.0	1.0					
19909.407	14.718000000000757	trials	24.0	19921.088948999997	19922.612004999995	19923.841529999998	19924.167663999997	19920.543765	19923.229446999998			3.0	2.0	0.0	3.0					
19926.158	19.0470000000023	trials	24.0	19940.198426999996	19942.035185999997	19942.944413999998	19943.168284999996	19939.244469999998	19942.105212999995	19943.475	19945.205	3.0	2.0	1.0	1.0					
19949.28	37.300999999999476	trials	24.0	19983.934014	19985.363993999996	19986.235785999997	19986.627716999996	19982.932967999997	19985.602762			3.0	2.0	0.0	3.0					
19990.55	68.15999999999985	trials	24.0	20055.874509999998	20057.292157999997	20058.380089	20058.606834	20054.881448999997	20057.756151999998			3.0	2.0	0.0	3.0					
20060.755	13.235000000000582	trials	24.0	20070.768870999997	20072.284463999997	20073.646484999997	20074.045373999998	20070.152061999997	20073.110202999997			3.0	1.0	0.0	3.0					
20076.986	45.552999999999884	trials	24.0	20117.564316999997	20119.207678	20120.136249999996	20120.379208	20116.612578999997	20119.476451	20120.771	20122.539	3.0	2.0	1.0	1.0					
20124.566	26.49500000000262	trials	24.0	20145.516072	20147.254305999995	20148.302899	20148.503305	20144.833905999996	20147.580866999997	20148.95	20151.061	3.0	2.0	1.0	1.0					
20153.02	27.06199999999808	trials	24.0	20177.259678999995	20178.657683999998	20179.692668999996	20180.139651999998	20176.279505	20179.068406			3.0	2.0	0.0	3.0					
20182.115	71.51499999999942	trials	24.0	20250.550314999997	20251.851472	20253.140978999996	20253.688245999998	20249.642394	20252.560643999997			3.0	1.0	0.0	3.0					
20256.485	39.16100000000006	trials	24.0	20290.720196	20292.58401	20293.429323999997	20293.631572	20289.965925999997	20292.766968999997	20294.061	20295.646	3.0	2.0	1.0	1.0					
20299.668	17.596999999997934	trials	24.0	20312.166629999996	20313.756437999997	20314.775553999996	20315.035984	20311.605276	20314.123322999996	20315.59	20317.265	3.0	2.0	1.0	1.0					
20321.335	11.8650000000016	trials	24.0	20327.739978999998	20329.366989	20330.585318999998	20330.789922999997	20327.084714999997	20329.946957999997	20331.231	20333.2	3.0	2.0	1.0	1.0					
20335.252	392.92299999999886	BlockDesign														0.0	825.0	839.0	50.0	50.0
20335.252	15.740999999998166	trials	25.0	20348.371898999998	20349.468789999995	20350.618075	20351.050656999996	20347.570062	20349.969803999997			3.0	2.0	0.0	3.0					
20352.926	27.220000000001164	trials	25.0	20375.770020999997	20377.262000999996	20378.081127999998	20378.320107999996	20375.033526999996	20377.645898999996	20378.79	20380.146	2.0	1.0	1.0	1.0					
20382.234	10.675999999999476	trials	25.0	20389.625853999998	20391.373541999998	20392.476383999998	20392.965071999995	20388.921340999997	20391.792128999998			2.0	1.0	0.0	3.0					
20395.889	24.0470000000023	trials	25.0	20416.961653	20418.807993999995	20419.67071	20419.948548999997	20416.059338999996	20419.105073999996			3.0	1.0	0.0	3.0					
20422.96	26.55500000000029	trials	25.0	20444.220452999998	20446.067367999996	20447.232157	20447.585704999998	20443.215310999996	20446.453791999997	20447.985	20449.515	3.0	2.0	1.0	1.0					
20452.675	24.13600000000224	trials	25.0	20471.815796999996	20473.257493999998	20474.318162999996	20474.489841999995	20471.053812	20473.818356999996	20474.89	20476.811	2.0	1.0	1.0	1.0					
20480.675	13.190000000002328	trials	25.0	20490.721180999997	20492.742162999995	20493.530669999996	20493.878591999997	20490.193884999997	20492.885046999996			3.0	2.0	0.0	3.0					
20497.875	26.669999999998254	trials	25.0	20521.836256999995	20523.202057	20524.074415999996	20524.604853999997	20521.275567999997	20523.564467999997			2.0	1.0	0.0	3.0					
20527.35	28.985000000000582	trials	25.0	20551.582516	20552.701338999996	20553.783569999996	20554.031306999997	20550.833441999996	20553.287962	20554.499	20556.335	2.0	1.0	1.0	1.0					
20559.408	10.68800000000192	trials	25.0	20567.070633999996	20568.257763999998	20569.713318	20570.143548999997	20566.510584999996	20569.067616999997			3.0	2.0	0.0	3.0					
20572.11	27.511999999998807	trials	25.0	20596.275677999998	20598.040215999998	20599.277316999996	20599.624611999996	20595.576093999996	20598.383984999997			2.0	1.0	0.0	3.0					
20603.62	25.345000000001164	trials	25.0	20623.997945999996	20625.229352999995	20626.509352999998	20626.729178999998	20623.404038999997	20625.846873999995	20627.08	20628.965	3.0	2.0	1.0	1.0					
20631.02	14.7599999999984	trials	25.0	20641.316193	20642.992462	20643.711647999997	20644.311848999998	20640.806137999996	20643.153753			2.0	1.0	0.0	3.0					
20647.111	43.340000000000146	trials	25.0	20687.536415999995	20689.058289999997	20690.057029999996	20690.478087999996	20686.765337999997	20689.421691999996			3.0	2.0	0.0	3.0					
20694.38	33.794999999998254	trials	25.0	20722.946423999998	20724.930174999998	20725.893527999997	20726.107109999997	20722.432281999998	20725.234206999998	20726.505	20728.175	3.0	2.0	1.0	1.0					
