onset	duration	nwb_table	block	tone_on_time	tone_off_time	action_on_time	action_off_time	pokeC_on_time	pokeC_off_time	reward_on_time	reward_off_time	state	action	reward	result	FinishedBlock	FirstTrial	LastTrial	RewardRule_L	RewardRule_R
4.662	394.908	BlockDesign														1.0	1.0	20.0	50.0	0.0
4.662	14.414000000000001	trials	1.0	15.692201	17.391776	18.073738	18.318466	14.897204	17.62313			2.0	1.0	1.0	1.0					
21.607	24.573	trials	1.0	43.027022	44.816612	45.43901	45.691357	42.291513	44.995845			2.0	1.0	0.0	3.0					
48.75	13.420000000000002	trials	1.0	59.18549	61.160766	61.866136000000004	62.174552000000006	58.613702	61.416740000000004			2.0	1.0	0.0	3.0					
64.2	19.965000000000003	trials	1.0	79.83576	81.709177	82.38959	82.55814799999999	79.306328	81.939352	82.925	84.165	2.0	1.0	1.0	1.0					
87.207	7.214000000000013	trials	1.0	92.260829	93.402164	94.087048	94.481539	91.413365	93.60007999999999			2.0	1.0	0.0	3.0					
98.408	16.167	trials	1.0	111.80099899999999	113.554366	114.211973	114.637339	111.123425	113.769143			2.0	1.0	0.0	3.0					
116.601	17.813999999999993	trials	1.0	130.357526	131.8469	132.53331	132.75341	129.822272	132.10236500000002	133.135	134.415	2.0	1.0	1.0	1.0					
136.512	13.388000000000005	trials	1.0	145.402801	146.803255	147.99894	148.20771200000001	144.869045	147.50791600000002	148.576	149.9	2.0	1.0	1.0	1.0					
151.97	21.869	trials	1.0	171.201287	172.828336	173.508461	173.872823	170.379601	173.04515			2.0	1.0	0.0	3.0					
177.825	13.900000000000006	trials	1.0	189.256369	190.738719	191.38322300000002	191.797444	188.527216	190.927096			2.0	1.0	0.0	3.0					
194.75	28.935000000000002	trials	1.0	219.43091	221.361917	222.053897	222.26803	218.796883	221.56564600000002	222.576	223.685	2.0	1.0	1.0	1.0					
225.705	10.411000000000001	trials	1.0	231.616519	233.674207	234.37823500000002	234.574071	230.93511700000002	233.94908600000002	235.04	236.116	2.0	1.0	1.0	1.0					
238.19	12.504999999999995	trials	1.0	248.061037	249.58796900000002	250.311763	250.76602100000002	247.318835	249.87389900000002			2.0	1.0	0.0	3.0					
252.625	21.230000000000018	trials	1.0	269.64599	271.29814799999997	272.026213	272.313565	268.826056	271.58632	272.77	273.855	2.0	1.0	1.0	1.0					
278.015	8.504999999999995	trials	1.0	282.07196999999996	283.968167	284.649746	284.860983	281.227598	284.21857	285.19	286.52	2.0	1.0	1.0	1.0					
289.608	12.141999999999996	trials	1.0	298.976213	300.79738399999997	301.39286699999997	301.82517099999995	298.074455	300.96995699999997			2.0	1.0	0.0	3.0					
304.66	19.020999999999958	trials	1.0	321.042056	322.609756	323.326909	323.753274	320.413348	322.86341999999996			2.0	1.0	0.0	3.0					
325.607	18.597999999999956	trials	1.0	340.07194499999997	341.65682	342.443468	342.669601	339.072089	341.99880099999996	343.14	344.205	2.0	1.0	1.0	1.0					
346.226	34.545000000000016	trials	1.0	377.88676899999996	379.736693	380.380853	380.843162	376.93373499999996	379.8886			2.0	1.0	0.0	3.0					
384.77	14.800000000000011	trials	1.0	395.671751	397.074047	397.816691	398.064487	394.811361	397.330961	398.54	399.57	2.0	1.0	1.0	1.0					
401.746	504.879	BlockDesign														1.0	21.0	42.0	0.0	50.0
401.746	12.160000000000025	trials	2.0	410.721862	411.97412599999996	412.528466	412.71819899999997	409.896998	411.96935199999996			3.0		0.0	2.0					
415.99	21.769000000000005	trials	2.0	435.376968	436.587443	437.423998	437.797711	434.559121	436.853776			3.0	2.0	0.0	3.0					
440.675	28.07299999999998	trials	2.0	466.502159	467.72916499999997	468.413483	468.78793099999996	465.586308	467.932795			3.0	1.0	0.0	3.0					
472.733	14.646999999999991	trials	2.0	483.528667	484.86915799999997	485.701081	485.86506199999997	482.95482799999996	485.15745599999997	486.287	487.38	3.0	2.0	1.0	1.0					
490.421	30.91900000000004	trials	2.0	517.75274	518.901439	519.616487	519.828845	516.881569	519.153238	520.16	521.34	3.0	2.0	1.0	1.0					
523.375	16.514999999999986	trials	2.0	536.4769990000001	537.590998	538.2862190000001	538.487341	535.636925	537.821269	538.805	539.89	3.0	2.0	1.0	1.0					
541.97	13.23599999999999	trials	2.0	551.647043	553.189108	553.7129580000001	553.880353	550.9765530000001	553.1847690000001			3.0		0.0	2.0					
559.293	29.250999999999976	trials	2.0	585.647009	587.477476	588.1704900000001	588.545077	584.942669	587.680057			3.0	2.0	0.0	3.0					
592.46	17.524999999999977	trials	2.0	607.272091	608.9769150000001	609.667223	610.0618410000001	606.3558840000001	609.2099770000001			3.0	2.0	0.0	3.0					
612.985	21.519999999999982	trials	2.0	630.2343060000001	632.248187	632.94946	633.098552	629.5730940000001	632.441414	633.458	634.505	3.0	2.0	1.0	1.0					
636.546	17.458999999999946	trials	2.0	650.937586	652.781069	653.671913	654.003953	650.037355	653.139955			3.0	1.0	0.0	3.0					
655.932	17.66300000000001	trials	2.0	671.0978610000001	672.574283	673.2557330000001	673.671244	670.299613	672.760027			3.0	2.0	0.0	3.0					
675.58	18.30499999999995	trials	2.0	690.359674	691.6015980000001	692.352754	692.515927	689.4972680000001	691.8509310000001	686.41	693.885	3.0	2.0	1.0	1.0					
695.906	38.46900000000005	trials	2.0	731.408258	733.294877	734.066851	734.4377370000001	730.4925020000001	733.5361260000001			3.0	2.0	0.0	3.0					
738.421	14.986999999999966	trials	2.0	750.928094	752.274631	753.057821	753.448157	749.9473730000001	752.5570710000001			3.0	2.0	0.0	3.0					
756.326	23.062000000000012	trials	2.0	776.873275	778.269632	779.0177160000001	779.270692	776.0928170000001	778.550161			3.0	1.0	0.0	3.0					
781.47	17.095000000000027	trials	2.0	795.819736	797.415059	798.1788210000001	798.639271	795.300824	797.6733780000001			3.0	2.0	0.0	3.0					
802.475	16.215000000000032	trials	2.0	815.0388260000001	816.388901	817.1418490000001	817.342288	814.303538	816.5996690000001	817.725	818.69	3.0	2.0	1.0	1.0					
821.778	10.968999999999937	trials	2.0	830.3833890000001	831.665606	832.406588	832.819741	829.624196	831.8748830000001			3.0	2.0	0.0	3.0					
834.741	31.048999999999978	trials	2.0	863.4052800000001	864.564325	865.3925690000001	865.840592	862.620479	864.836482			3.0	1.0	0.0	3.0					
867.75	17.485000000000014	trials	2.0	882.228383	884.165644	884.828939	885.312275	881.526781	884.270795			3.0	2.0	0.0	3.0					
887.147	19.477999999999952	trials	2.0	902.7439430000001	904.1968850000001	904.957078	905.170921	901.9702900000001	904.466489	905.576	906.625	3.0	2.0	1.0	1.0					
909.724	906.8359999999999	BlockDesign														1.0	43.0	84.0	50.0	50.0
909.724	32.26099999999997	trials	3.0	939.20405	940.904209	941.561764	942.059033	938.6432100000001	941.122021			2.0	1.0	0.0	3.0					
944.952	13.878000000000043	trials	3.0	954.624061	955.996174	956.823607	957.01066	954.088376	956.363957	957.38	958.83	2.0	1.0	1.0	1.0					
960.903	12.266999999999939	trials	3.0	970.119107	971.235673			969.1763940000001	971.219921			3.0		0.0	2.0					
975.25	26.644999999999982	trials	3.0	998.719288	1000.6781420000001	1001.296771	1001.970937	998.1842	1000.892824			2.0	1.0	0.0	3.0					
1003.61	15.920999999999935	trials	3.0	1016.2640260000001	1017.811498	1018.470823	1018.650358	1015.402516	1017.986606			3.0	2.0	1.0	1.0					
1023.951	34.97900000000004	trials	3.0	1056.735931	1057.882172	1058.564258	1059.008595	1055.882	1058.09102			3.0	2.0	0.0	3.0					
1062.888	20.162000000000035	trials	3.0	1078.634242	1080.582694	1081.343179	1081.675602	1077.746501	1080.827626	1082.065	1083.05	3.0	2.0	1.0	1.0					
1086.143	15.33199999999988	trials	3.0	1097.469301	1099.046245	1099.776957	1100.014775	1096.668967	1099.305542	1100.48	1101.475	2.0	1.0	1.0	1.0					
1104.501	13.133000000000038	trials	3.0	1114.6742510000001	1116.261259	1117.250515	1117.634759	1113.727037	1116.739645			3.0	2.0	0.0	3.0					
1119.642	21.2829999999999	trials	3.0	1136.9755400000001	1138.536572	1139.278339	1139.47349	1136.467384	1138.77473	1140.045	1140.925	3.0	2.0	1.0	1.0					
1145.013	9.3900000000001	trials	3.0	1151.954765	1153.362602	1154.091974	1154.440676	1151.274826	1153.5964880000001			3.0	2.0	0.0	3.0					
1157.36	48.631000000000085	trials	3.0	1202.4745010000001	1203.761291	1204.451708	1204.664495	1201.506275	1203.977647	1205.015	1205.991	3.0	2.0	1.0	1.0					
1209.077	16.624000000000024	trials	3.0	1221.799763	1223.241877	1223.936099	1224.145246	1221.250633	1223.51007	1224.665	1225.701	2.0	1.0	1.0	1.0					
1227.766	8.434999999999945	trials	3.0	1233.354947	1235.1568280000001	1235.904694	1236.232256	1232.600054	1235.479799			2.0	1.0	0.0	3.0					
1238.265	22.034999999999854	trials	3.0	1257.415242	1258.943777	1259.6863640000001	1260.37604	1256.41216	1259.237086			2.0	1.0	0.0	3.0					
1264.006	18.833999999999833	trials	3.0	1278.545668	1280.391437	1281.116759	1281.3174940000001	1277.584802	1280.661253	1281.89	1282.84	2.0	1.0	1.0	1.0					
1286.89	6.804999999999836	trials	3.0	1291.2051040000001	1292.577172	1293.381605	1293.629085	1290.333407	1292.9108			3.0	2.0	0.0	3.0					
1295.705	17.417000000000144	trials	3.0	1310.545014	1311.876682	1312.748029	1313.194904	1309.656584	1312.236832			2.0	1.0	0.0	3.0					
1316.108	21.72700000000009	trials	3.0	1333.505054	1335.077603	1336.134562	1336.535462	1332.6259420000001	1335.689755	1336.835	1337.835	2.0	1.0	1.0	1.0					
1340.876	8.223999999999933	trials	3.0	1346.696876	1347.993103	1348.7625620000001	1349.177689	1345.9583930000001	1348.276798			2.0	1.0	0.0	3.0					
1353.08	20.470000000000027	trials	3.0	1368.840253	1370.776597	1371.473737	1371.707549	1368.221751	1370.9759980000001	1372.125	1373.55	3.0	2.0	1.0	1.0					
1376.685	37.914999999999964	trials	3.0	1410.85508	1412.136465	1412.94262	1413.267845	1409.988505	1412.393848	1413.576	1414.6	3.0	2.0	1.0	1.0					
1416.62	14.75500000000011	trials	3.0	1428.240964	1430.251001	1431.056186	1431.435772	1427.295149	1430.548592			3.0	2.0	0.0	3.0					
1433.36	20.235000000000127	trials	3.0	1449.190295	1450.745522	1451.482549	1451.839046	1448.266525	1450.994386	1452.17	1453.595	2.0	1.0	1.0	1.0					
1455.7	32.103000000000065	trials	3.0	1485.520192	1486.727179	1487.477494	1487.870476	1484.851895	1487.013326			2.0	1.0	0.0	3.0					
1490.852	17.27299999999991	trials	3.0	1503.515506	1505.5558	1506.203816	1506.451266	1502.716702	1505.7638200000001	1506.915	1508.125	2.0	1.0	1.0	1.0					
1510.031	8.189000000000078	trials	3.0	1515.27536	1517.047532	1517.9775200000001	1518.263584	1514.548	1517.374157			3.0	2.0	0.0	3.0					
1521.23	21.62999999999988	trials	3.0	1538.871466	1540.579265	1541.260579	1541.473264	1538.014462	1540.76419	1541.845	1542.86	3.0	2.0	1.0	1.0					
1545.966	14.939000000000078	trials	3.0	1557.980894	1559.915638	1560.613493	1560.985676	1557.444154	1560.101542			3.0	2.0	0.0	3.0					
1564.873	33.827999999999975	trials	3.0	1595.145667	1596.327986	1596.999781	1597.3986380000001	1594.206959	1596.550006	1597.616	1598.701	3.0	2.0	1.0	1.0					
1602.785	10.240000000000009	trials	3.0	1610.697524	1611.934387	1612.651849	1613.103664	1609.91186	1612.147684			2.0	1.0	0.0	3.0					
1614.925	19.605999999999995	trials	3.0	1630.487834	1631.797667	1632.6988900000001	1633.114163	1629.970726	1632.166943	1633.281	1634.531	2.0	1.0	1.0	1.0					
1637.55	7.0499999999999545	trials	3.0	1641.93587	1643.458085	1644.209333	1644.678461	1641.403249	1643.686529			3.0	2.0	0.0	3.0					
1647.531	25.054000000000087	trials	3.0	1669.731014	1671.093125	1672.041293	1672.662754	1669.209689	1671.54041			2.0	1.0	0.0	3.0					
1674.351	23.628999999999905	trials	3.0	1694.006594	1695.591881	1696.317565	1696.516055	1693.230337	1695.810184	1696.906	1697.98	2.0	1.0	1.0	1.0					
1700.013	8.662000000000035	trials	3.0	1704.7920040000001	1706.333233	1707.062545	1707.296206	1704.27734	1706.553148	1707.67	1708.675	3.0	2.0	1.0	1.0					
1712.695	8.404999999999973	trials	3.0	1718.616869	1719.944418	1720.65283	1721.179394	1717.925845	1720.122026			2.0	2.0	0.0	3.0					
1722.979	20.56600000000003	trials	3.0	1739.926837	1741.800617	1742.559272	1742.809232	1739.055796	1742.047679			3.0	2.0	1.0	1.0					
1747.14	17.375	trials	3.0	1761.702115	1763.515891	1764.184087	1764.595487	1760.751499	1763.685164			3.0	2.0	0.0	3.0					
1768.507	16.192999999999984	trials	3.0	1782.136763	1783.669564	1784.3211350000001	1784.7511630000001	1781.619224	1783.886027			2.0	1.0	0.0	3.0					
1787.656	17.045000000000073	trials	3.0	1800.496987	1802.2630060000001	1802.926312	1803.13912	1799.750696	1802.4804100000001	1803.505	1804.701	2.0	1.0	1.0	1.0					
1806.786	9.773999999999887	trials	3.0	1812.827465	1814.204494	1814.896319	1815.1096870000001	1812.089134	1814.408839	1815.397	1816.56	3.0	2.0	1.0	1.0					
1819.622	96.30299999999988	BlockDesign														1.0	85.0	89.0	0.0	0.0
1819.622	12.758000000000038	trials	4.0	1829.901462	1831.273408	1832.059094	1832.42923	1829.1518270000001	1831.5781690000001			2.0	1.0	0.0	3.0					
1836.44	14.99499999999989	trials	4.0	1849.287431	1850.313472	1851.112675	1851.46372	1848.399083	1850.5949			2.0	1.0	0.0	3.0					
1855.366	18.233999999999924	trials	4.0	1870.917371	1872.169273	1872.87199	1873.68107	1870.233035	1872.431458			2.0	1.0	0.0	3.0					
1876.195	18.63000000000011	trials	4.0	1892.462158	1893.638617	1894.4185790000001	1894.843885	1891.635116	1893.8520250000001			2.0	2.0	0.0	3.0					
1897.76	18.164999999999964	trials	4.0	1913.436884	1915.21904	1915.916654	1916.3328040000001	1912.7207230000001	1915.469036			2.0	1.0	0.0	3.0					
1920.19	102.80999999999995	BlockDesign														1.0	90.0	94.0	0.0	0.0
1920.19	16.666999999999916	trials	5.0	1933.557344	1935.5408750000001	1936.598749	1936.924816	1932.765701	1936.047349			3.0	2.0	0.0	3.0					
1940.918	14.935000000000173	trials	5.0	1953.4371370000001	1954.580579	1955.338898	1955.9349280000001	1952.8039310000001	1954.859695			3.0	2.0	0.0	3.0					
1958.666	21.61200000000008	trials	5.0	1977.792739	1979.209574	1979.989783	1980.350332	1976.812871	1979.494357			3.0	2.0	0.0	3.0					
1984.25	14.169000000000096	trials	5.0	1995.901819	1997.40694	1998.08285	1998.485593	1995.033619	1997.62262			3.0	2.0	0.0	3.0					
2001.482	21.51800000000003	trials	5.0	2020.647232	2022.249395	2022.990653	2023.406485	2020.075649	2022.5006290000001			3.0	1.0	0.0	3.0					
2025.25	770.8449999999998	BlockDesign														1.0	95.0	136.0	50.0	50.0
2025.25	15.940000000000055	trials	6.0	2037.182471	2039.044637	2039.742488	2039.880683	2036.226026	2039.2589600000001	2040.245	2041.19	3.0	2.0	1.0	1.0					
2044.28	26.086000000000013	trials	6.0	2066.993216	2068.439515			2066.007302	2068.4274429999996			2.0		0.0	2.0					
2074.388	24.197000000000116	trials	6.0	2094.6142219999997	2095.9440799999998	2096.620907	2096.810289	2093.7558999999997	2096.171465	2097.156	2098.585	2.0	1.0	1.0	1.0					
2100.675	9.40099999999984	trials	6.0	2105.5673119999997	2107.4744769999998	2108.1396109999996	2108.5252299999997	2104.9400299999998	2107.698003	2108.755	2110.076	2.0	1.0	1.0	1.0					
2113.167	10.483000000000175	trials	6.0	2119.9230039999998	2121.120134	2121.898652	2122.123061	2119.0306459999997	2121.3444539999996	2122.475	2123.65	3.0	2.0	1.0	1.0					
2126.534	17.315999999999804	trials	6.0	2141.482694	2142.729011	2143.4046409999996	2143.929683	2140.8676339999997	2142.918545			3.0	2.0	0.0	3.0					
2145.788	19.672000000000025	trials	6.0	2162.839281	2164.290115	2165.087126	2165.541958	2162.324033	2164.5659929999997			3.0	2.0	0.0	3.0					
2169.375	21.52500000000009	trials	6.0	2188.05818	2189.710177	2190.4200039999996	2190.9794869999996	2187.153562	2189.971423			2.0	1.0	0.0	3.0					
2193.732	21.358999999999924	trials	6.0	2212.5482949999996	2214.1746439999997	2214.833965	2215.151527	2211.6271399999996	2214.3339849999998			3.0	2.0	0.0	3.0					
2217.1	20.351000000000113	trials	6.0	2233.388269	2234.555519	2235.3906819999997	2235.7901749999996	2232.5633589999998	2234.861911	2236.06	2237.451	2.0	1.0	1.0	1.0					
2241.535	7.059999999999945	trials	6.0	2244.763634	2246.297603	2247.145282	2247.329311	2243.792136	2246.5779129999996	2247.85	2248.595	3.0	2.0	1.0	1.0					
2252.616	7.414999999999964	trials	6.0	2256.5036959999998	2257.540516	2258.378851	2258.605427	2255.9783169999996	2257.807718	2258.915	2260.031	3.0	2.0	1.0	1.0					
2262.052	11.023999999999887	trials	6.0	2268.940589	2270.402509	2271.079346	2271.4112649999997	2267.981061	2270.627868	2271.725	2273.076	2.0	1.0	1.0	1.0					
2276.135	7.4669999999996435	trials	6.0	2280.9139959999998	2282.6005099999998	2283.289104	2283.675605	2280.194947	2282.8429069999997			2.0	1.0	0.0	3.0					
2286.546	16.939000000000306	trials	6.0	2300.7487239999996	2302.412093	2303.207308	2303.567235	2299.99414	2302.645631			3.0	2.0	0.0	3.0					
2305.5	17.389999999999873	trials	6.0	2320.5681369999998	2321.882357	2322.590389	2322.9270859999997	2319.86354	2322.132826			2.0	1.0	0.0	3.0					
2325.961	16.87400000000025	trials	6.0	2340.2237659999996	2341.7058519999996	2342.4892809999997	2342.9154049999997	2339.5358469999996	2341.9298299999996			3.0	2.0	0.0	3.0					
2344.735	12.269999999999982	trials	6.0	2354.2737429999997	2355.6307789999996	2356.464293	2356.8929479999997	2353.677085	2355.995306			3.0	2.0	0.0	3.0					
2358.83	16.704999999999927	trials	6.0	2371.59006	2373.117186	2373.942298	2374.1666569999998	2370.907769	2373.486426	2374.605	2375.535	3.0	2.0	1.0	1.0					
2378.555	10.545000000000073	trials	6.0	2385.0351859999996	2386.563464	2387.312179	2387.516533	2384.422694	2386.770667	2387.91	2389.1	3.0	2.0	1.0	1.0					
2391.14	39.50500000000011	trials	6.0	2427.5441419999997	2429.452319	2430.174759	2430.728296	2426.810051	2429.704886			2.0	1.0	0.0	3.0					
2434.435	11.664999999999964	trials	6.0	2443.115757	2445.088636	2445.74864	2446.181047	2442.463214	2445.2777379999998			2.0	1.0	0.0	3.0					
2449.991	13.68899999999985	trials	6.0	2459.9244639999997	2461.122449	2461.9996429999997	2462.2571879999996	2459.0058489999997	2461.562314	2462.625	2463.68	2.0	1.0	1.0	1.0					
2466.696	7.514000000000124	trials	6.0	2469.5239399999996	2471.5158709999996	2472.205716	2472.4014549999997	2468.809972	2471.7584319999996	2472.86	2474.21	2.0	1.0	1.0	1.0					
2478.091	4.903999999999996	trials	6.0	2480.1842119999997	2481.8604889999997	2482.6180219999997	2483.020638	2479.6145709999996	2482.083146			3.0	2.0	0.0	3.0					
2486.925	14.629999999999654	trials	6.0	2497.325908	2499.2097879999997	2500.1339679999996	2500.2961099999998	2496.5579799999996	2499.172115	2500.656	2501.555	3.0	2.0	1.0	1.0					
2504.58	12.889999999999873	trials	6.0	2513.189813	2514.735756	2515.609379	2515.872351	2512.5476089999997	2515.141859	2516.18	2517.47	2.0	1.0	1.0	1.0					
2519.513	9.497000000000298	trials	6.0	2525.1539209999996	2526.63391	2527.3997029999996	2527.5615169999996	2524.5409539999996	2526.882161	2527.97	2529.01	3.0	2.0	1.0	1.0					
2531.095	10.761000000000422	trials	6.0	2538.9244989999997	2540.7758049999998	2541.5491239999997	2541.8922639999996	2538.3949359999997	2541.0412239999996			2.0	1.0	0.0	3.0					
2543.79	18.304999999999836	trials	6.0	2557.654215	2558.758094	2559.9883029999996	2560.230646	2556.9705679999997	2559.440741	2560.545	2562.095	2.0	1.0	1.0	1.0					
2565.116	7.385999999999967	trials	6.0	2569.740984	2571.2374299999997	2572.180607	2572.567924	2569.123057	2571.5497069999997			3.0	2.0	0.0	3.0					
2575.485	18.855000000000018	trials	6.0	2591.75474	2593.2025909999998	2593.897144	2594.4224139999997	2590.962119	2593.441649			2.0	1.0	0.0	3.0					
2598.138	24.666999999999916	trials	6.0	2619.80984	2621.7667069999998	2622.476629	2622.88861	2618.921707	2622.0304189999997			2.0	1.0	0.0	3.0					
2625.75	24.13000000000011	trials	6.0	2645.27447	2647.2785529999996	2647.925287	2648.3663749999996	2644.387535	2647.480904	2648.61	2649.88	2.0	1.0	1.0	1.0					
2651.96	10.4699999999998	trials	6.0	2659.314762	2661.180716	2661.796085	2662.511043	2658.4476799999998	2661.387938			2.0	1.0	0.0	3.0					
2664.116	25.884000000000015	trials	6.0	2686.286768	2687.8183339999996	2688.491544	2688.7197549999996	2685.565415	2688.000358	2689.09	2690.0	3.0	2.0	1.0	1.0					
2692.081	12.888999999999669	trials	6.0	2700.390575	2702.362322	2703.246725	2703.470288	2699.547681	2702.784784	2704.081	2704.97	3.0	2.0	1.0	1.0					
2707.987	15.085999999999785	trials	6.0	2720.7659449999996	2721.957336	2722.7040429999997	2723.127004	2719.8949399999997	2722.211755			3.0	2.0	0.0	3.0					
2726.056	22.95400000000018	trials	6.0	2746.564942	2747.7473229999996	2748.6051939999998	2749.0935069999996	2745.7463079999998	2748.084777			3.0	2.0	0.0	3.0					
2752.87	19.286000000000058	trials	6.0	2768.2251229999997	2769.516987	2770.375178	2770.595708	2767.590155	2769.9207069999998	2771.005	2772.156	2.0	1.0	1.0	1.0					
2776.235	8.139999999999873	trials	6.0	2779.2750429999996	2781.281853	2781.9972759999996	2782.1711	2778.363149	2781.4885449999997	2782.61	2784.375	3.0	2.0	1.0	1.0					
2787.467	8.627999999999702	trials	6.0	2791.475219	2793.432532	2794.175699	2794.439766	2790.790117	2793.6690529999996	2794.8	2796.095	2.0	1.0	1.0	1.0					
2799.181	548.1489999999999	BlockDesign														1.0	137.0	162.0	10.0	50.0
2799.181	7.050999999999931	trials	7.0	2802.135602	2803.2442309999997	2805.959231	2806.1983819999996	2801.3191749999996	2804.8196799999996			1.0	1.0	0.0	3.0					
2808.25	16.00500000000011	trials	7.0	2821.345593	2822.8569009999997	2823.859829	2824.3052049999997	2820.761831	2823.3932889999996			1.0	2.0	0.0	3.0					
2827.176	14.889000000000124	trials	7.0	2839.235585	2840.687126	2841.707798	2842.1456169999997	2838.3505189999996	2841.267863			1.0	1.0	0.0	3.0					
2846.029	19.090999999999894	trials	7.0	2862.246498	2863.632658	2864.699432	2865.2018019999996	2861.573846	2864.2025219999996			1.0	2.0	0.0	3.0					
2869.015	19.91000000000031	trials	7.0	2885.7068809999996	2887.639903	2888.592001	2889.010214	2885.178803	2888.1134089999996			1.0	1.0	0.0	3.0					
2891.871	20.348999999999705	trials	7.0	2909.9582739999996	2911.032326	2911.8572379999996	2912.3037889999996	2909.0867559999997	2911.342956			1.0	1.0	0.0	3.0					
2914.107	49.54300000000012	trials	7.0	2959.976186	2961.433626	2962.220421	2962.4489409999996	2959.4611339999997	2961.757079	2962.87	2963.65	1.0	2.0	1.0	1.0					
2965.669	9.510999999999967	trials	7.0	2971.126433	2972.7624969999997	2973.5824089999996	2973.776501	2970.367297	2972.98265	2974.14	2975.18	1.0	2.0	1.0	1.0					
2977.195	9.210999999999785	trials	7.0	2984.2212289999998	2985.2824969999997	2986.060626	2986.487928	2983.5075789999996	2985.551375			1.0	2.0	0.0	3.0					
2988.385	17.68199999999979	trials	7.0	3003.4928179999997	3004.664453	3005.702254	3006.1523049999996	3002.7350469999997	3005.1689779999997			1.0	1.0	0.0	3.0					
3009.0	20.28099999999995	trials	7.0	3026.68115	3027.822851	3028.906516	3029.3625819999997	3025.785509	3028.404755			1.0	2.0	0.0	3.0					
3031.205	19.954999999999927	trials	7.0	3048.526042	3050.0686309999996	3050.826536	3051.243054	3047.6301369999996	3050.37085			1.0	1.0	0.0	3.0					
3055.131	24.619000000000142	trials	7.0	3076.57474	3078.414626	3079.117129	3079.770781	3075.790174	3078.638869			1.0	2.0	0.0	3.0					
3081.466	38.664000000000215	trials	7.0	3117.399611	3118.951381	3119.6732	3120.150401	3116.810719	3119.220707			1.0	2.0	0.0	3.0					
3123.044	19.322000000000116	trials	7.0	3138.289657	3139.751295	3140.581571	3140.836416	3137.581626	3139.983673	3141.34	3142.366	1.0	2.0	1.0	1.0					
3146.177	9.18899999999985	trials	7.0	3151.659564	3152.883167	3153.735289	3153.989819	3150.880552	3153.193564	3154.42	3155.366	1.0	2.0	1.0	1.0					
3157.385	18.678999999999633	trials	7.0	3173.344175	3174.949774	3175.62922	3176.0699720000002	3172.450001	3175.142584			1.0	2.0	0.0	3.0					
3180.046	20.860000000000127	trials	7.0	3197.315408	3198.948337	3200.552356	3200.888093	3196.783472	3200.066794			1.0	2.0	0.0	3.0					
3202.982	22.31800000000021	trials	7.0	3222.1747569999998	3223.881539	3224.681336	3225.31974	3221.457101	3224.203877			1.0	1.0	0.0	3.0					
3228.03	23.230000000000018	trials	7.0	3247.156161	3249.092884	3249.791045	3250.003916	3246.321419	3249.269356	3250.445	3251.26	1.0	2.0	1.0	1.0					
3255.341	5.644000000000233	trials	7.0	3256.950616	3258.662814	3259.369193	3259.596623	3256.250725	3258.834083	3260.12	3260.985	1.0	2.0	1.0	1.0					
3264.028	5.98700000000008	trials	7.0	3267.539972	3268.93337	3269.675728	3270.038728	3266.596633	3269.148929			1.0	2.0	0.0	3.0					
3272.975	17.101000000000113	trials	7.0	3286.141534	3287.546732	3288.543266	3288.788033	3285.155485	3288.007867	3289.215	3290.076	1.0	2.0	1.0	1.0					
3293.145	6.760000000000218	trials	7.0	3297.115373	3298.772365	3299.529116	3299.900575	3296.207054	3299.006611			1.0	1.0	0.0	3.0					
3303.83	18.503999999999905	trials	7.0	3319.745411	3321.029012	3321.948844	3322.353556	3319.100051	3321.404989			1.0	2.0	0.0	3.0					
3324.265	23.065000000000055	trials	7.0	3343.560707	3344.969093	3345.743963	3346.018244	3342.840028	3345.231413	3346.415	3347.33	1.0	2.0	1.0	1.0					
3351.559	816.4319999999998	BlockDesign														1.0	163.0	205.0	50.0	10.0
3351.559	9.806999999999789	trials	8.0	3357.175367	3358.623416	3359.412108	3359.707835	3356.428084	3358.925861	3359.975	3361.366	1.0	2.0	1.0	1.0					
3364.38	5.664999999999964	trials	8.0	3367.295584	3369.011849	3369.691459	3370.011544	3366.61261	3369.195134			1.0	2.0	0.0	3.0					
3372.12	25.684999999999945	trials	8.0	3393.010529	3395.002271	3395.813252	3396.098438	3392.2442419999998	3395.276003	3396.445	3397.805	1.0	1.0	1.0	1.0					
3401.866	5.001000000000204	trials	8.0	3404.005459	3405.637341	3406.420252	3406.857703	3403.296191	3405.96386			1.0	1.0	0.0	3.0					
3408.815	18.625	trials	8.0	3424.727597	3426.360019	3427.037845	3427.462571	3423.956248	3426.564952			1.0	2.0	0.0	3.0					
3429.36	25.375	trials	8.0	3451.44646	3453.219452	3453.976295	3454.755725	3450.736309	3453.491723			1.0	1.0	0.0	3.0					
3456.291	16.116999999999734	trials	8.0	3470.017583	3471.129703	3472.032953	3472.427969	3469.054385	3471.450245			1.0	2.0	0.0	3.0					
3476.402	15.88299999999981	trials	8.0	3487.996256	3489.656024	3490.427169	3490.695491	3487.050022	3489.884578	3491.105	3492.285	1.0	1.0	1.0	1.0					
3496.448	4.626999999999953	trials	8.0	3498.406614	3499.9271049999998	3500.664349	3501.05426	3497.688254	3500.167886			1.0	1.0	0.0	3.0					
3503.089	18.541000000000167	trials	8.0	3518.776439	3520.526618	3521.180023	3521.653154	3517.99517	3520.727815			1.0	1.0	0.0	3.0					
3524.635	16.455999999999676	trials	8.0	3538.24629	3539.813966	3540.67057	3541.052707	3537.645362	3540.172959			1.0	2.0	0.0	3.0					
3544.035	20.18000000000029	trials	8.0	3559.816402	3561.677429	3562.402294	3562.632599	3558.993497	3561.920909	3563.005	3564.215	1.0	1.0	1.0	1.0					
3568.235	5.960000000000036	trials	8.0	3571.327376	3573.143998	3573.783839	3574.219999	3570.362986	3573.3433370000002			1.0	1.0	0.0	3.0					
3576.145	21.539999999999964	trials	8.0	3593.451748	3595.211698	3595.912054	3596.140016	3592.621292	3595.430128	3596.515	3597.685	1.0	1.0	1.0	1.0					
3600.775	6.255999999999858	trials	8.0	3604.011156	3605.948475	3606.6399579999998	3607.0526250000003	3603.12452	3606.179987			1.0	1.0	0.0	3.0					
3610.022	18.96900000000005	trials	8.0	3626.36675	3627.948268	3628.6425440000003	3628.9381590000003	3625.624359	3628.155473			1.0	1.0	0.0	3.0					
3632.065	37.309999999999945	trials	8.0	3666.031721	3667.773655	3668.744801	3669.399834	3665.445977	3668.278148			1.0	2.0	0.0	3.0					
3673.121	9.44900000000007	trials	8.0	3680.24669	3681.377372	3682.199254	3682.593853	3679.5874599999997	3681.688904			1.0	1.0	0.0	3.0					
3685.531	16.648999999999887	trials	8.0	3699.346414	3701.113712	3701.868349	3702.193096	3698.490521	3701.3823270000003			1.0	2.0	0.0	3.0					
3705.25	51.63999999999987	trials	8.0	3752.768183	3754.290614	3754.8483969999997	3755.12246	3751.9282940000003	3754.310623	3755.605	3756.89	1.0	1.0	1.0	1.0					
3758.781	10.664000000000215	trials	8.0	3766.683494	3768.288454	3768.9419980000002	3769.471121	3765.828397	3768.478037			1.0	1.0	0.0	3.0					
3773.322	21.98299999999972	trials	8.0	3793.108025	3794.289142	3794.949712	3795.294836	3792.104409	3794.471264			1.0	2.0	0.0	3.0					
3799.33	13.135000000000218	trials	8.0	3808.85342	3810.828917	3812.169661	3812.43627	3808.144825	3811.207926			1.0	2.0	0.0	3.0					
3816.545	14.279999999999745	trials	8.0	3828.507299	3829.740266	3830.428055	3830.847976	3827.739197	3829.99295			1.0	1.0	0.0	3.0					
3833.735	21.25099999999975	trials	8.0	3851.518651	3853.291229	3853.945709	3854.173922	3850.683506	3853.498901			1.0	1.0	1.0	1.0					
3857.585	9.585000000000036	trials	8.0	3864.283903	3865.8346540000002	3866.494298	3867.196943	3863.699305	3866.0355019999997			1.0	1.0	0.0	3.0					
3868.787	21.373000000000047	trials	8.0	3887.1226779999997	3888.81058	3889.556287	3890.185337	3886.507615	3889.031884			1.0	2.0	0.0	3.0					
3892.95	17.190000000000055	trials	8.0	3906.1576800000003	3907.608166	3908.2214050000002	3908.443334	3905.422755	3907.768213	3908.91	3910.14	1.0	1.0	1.0	1.0					
3913.225	5.141000000000076	trials	8.0	3915.983	3917.2540639999997	3918.01487	3918.376897	3915.476734	3917.517535			1.0	1.0	0.0	3.0					
3920.375	23.434999999999945	trials	8.0	3940.684318	3942.460463	3943.1166670000002	3943.836213	3939.992971	3942.648545			1.0	1.0	0.0	3.0					
3946.486	17.99900000000025	trials	8.0	3960.837754	3962.016139	3962.6782359999997	3963.001406	3960.050272	3962.225483	3963.309	3964.485	1.0	1.0	1.0	1.0					
3966.64	7.200000000000273	trials	8.0	3970.467737	3972.464359	3973.26311	3973.862743	3969.637931	3972.824156			1.0	1.0	0.0	3.0					
3975.684	20.12099999999964	trials	8.0	3991.287752	3993.200864	3993.804031	3994.043973	3990.350467	3993.383894	3994.48	3995.805	1.0	1.0	1.0	1.0					
3997.889	7.605999999999767	trials	8.0	4001.979203	4003.596542	4004.438141	4004.6294319999997	4001.217786	4003.872504			1.0	2.0	1.0	1.0					
4010.028	11.266000000000076	trials	8.0	4018.347724	4020.152729	4020.94675	4021.314597	4017.598175	4020.374962			1.0	2.0	0.0	3.0					
4024.263	16.853000000000065	trials	8.0	4036.8232040000003	4038.1798790000003	4038.978372	4039.313604	4036.058253	4038.458615	4039.59	4041.116	1.0	1.0	1.0	1.0					
4043.155	6.829999999999927	trials	8.0	4047.2734570000002	4048.374953	4049.269389	4050.008894	4046.7205830000003	4048.811251			1.0	1.0	0.0	3.0					
4053.64	41.38500000000022	trials	8.0	4091.363461	4092.4600060000002	4093.135399	4093.369364	4090.522172	4092.673198	4093.795	4095.025	1.0	1.0	1.0	1.0					
4099.045	7.144999999999527	trials	8.0	4101.708601	4103.384357	4104.029279	4104.274739	4100.736029	4103.572693	4104.77	4106.19	1.0	1.0	1.0	1.0					
4110.275	5.655000000000655	trials	8.0	4113.024646	4114.425892	4115.201927	4115.665268	4112.355932	4114.702955			1.0	1.0	0.0	3.0					
4119.607	19.01299999999992	trials	8.0	4134.573856	4136.24737	4136.884808	4137.070304	4133.773526	4136.427097	4137.52	4138.62	1.0	1.0	1.0	1.0					
4141.64	8.155999999999949	trials	8.0	4147.258252	4148.52164	4149.461137	4149.824227	4146.376671	4148.776646			1.0	2.0	0.0	3.0					
4151.825	16.166000000000167	trials	8.0	4165.553255	4167.232079	4167.958117	4168.513618	4165.039086	4167.508366			1.0	1.0	0.0	3.0					
4172.407	100.54399999999987	BlockDesign														1.0	206.0	210.0	0.0	0.0
4172.407	16.26299999999992	trials	9.0	4185.819088	4187.623022	4188.254054	4188.698107	4184.95949	4187.803494			1.0	1.0	0.0	3.0					
4191.625	20.613000000000284	trials	9.0	4209.444173	4210.8972140000005	4211.858165	4212.227416	4208.7671	4211.301412			1.0	2.0	0.0	3.0					
4217.235	16.195999999999913	trials	9.0	4230.243818	4232.267607	4232.983508	4233.454424	4229.293011	4232.446543			1.0	1.0	0.0	3.0					
4236.39	16.850999999999658	trials	9.0	4249.944445	4251.930572	4252.5561020000005	4253.268959	4249.003113	4252.1027030000005			1.0	1.0	0.0	3.0					
4255.895	17.055999999999585	trials	9.0	4270.414313	4271.7721839999995	4272.6522110000005	4273.0077710000005	4269.609698	4272.025319			1.0	1.0	0.0	3.0					
4275.976	256.7390000000005	BlockDesign														1.0	211.0	230.0	50.0	90.0
4275.976	20.60900000000038	trials	10.0	4291.803616	4293.755621	4295.023123	4295.242916	4291.163657	4294.270508	4295.835	4296.585	1.0	2.0	1.0	1.0					
4298.705	7.292000000000371	trials	10.0	4302.78414	4304.725519	4305.661103	4306.005881	4302.127507	4305.106857			1.0	2.0	0.0	3.0					
4310.055	16.25500000000011	trials	10.0	4322.424428	4323.744458	4324.687216	4324.938235	4321.87984	4324.0966	4325.36	4326.31	1.0	2.0	1.0	1.0					
4329.33	8.125	trials	10.0	4332.969187	4334.378111	4335.089475	4335.289438	4332.063524	4334.553193	4335.67	4337.455	1.0	2.0	1.0	1.0					
4339.565	7.035000000000764	trials	10.0	4344.039182	4345.27241	4346.22695	4346.617979000001	4343.512912	4345.658404			1.0	2.0	0.0	3.0					
4350.66	16.86499999999978	trials	10.0	4363.494341	4364.76227	4365.469043	4365.806656	4362.541	4364.945987	4366.145	4367.525	1.0	1.0	1.0	1.0					
4370.54	7.9399999999996	trials	10.0	4373.995804	4375.950463	4376.900093	4377.179585	4373.0161	4376.162145	4377.69	4378.48	1.0	2.0	1.0	1.0					
4380.574	8.421000000000276	trials	10.0	4385.044861	4386.351942	4387.1740310000005	4387.387377999999	4384.515944	4386.60364	4387.855	4388.995	1.0	2.0	1.0	1.0					
4391.835	7.479999999999563	trials	10.0	4395.289525	4396.937851	4397.6526460000005	4397.87741	4394.504996	4397.15399	4398.315	4399.315	1.0	2.0	1.0	1.0					
4403.4	9.865000000000691	trials	10.0	4409.459438	4410.581446	4411.41787	4411.6214390000005	4408.7443060000005	4410.857804	4412.076	4413.265	1.0	2.0	1.0	1.0					
4416.085	8.041000000000167	trials	10.0	4419.679652	4421.702684	4422.42913	4422.653131	4418.780621	4421.875522	4423.125	4424.126	1.0	2.0	1.0	1.0					
4428.153	5.536999999999352	trials	10.0	4430.004698	4431.1616269999995	4431.936818	4432.166315	4429.001219	4431.419089	4432.72	4433.69	1.0	2.0	1.0	1.0					
4436.76	7.949999999999818	trials	10.0	4440.884264	4442.1313900000005	4442.931982	4443.147002	4440.1974740000005	4442.407045	4443.68	4444.71	1.0	2.0	1.0	1.0					
4446.854	11.030999999999949	trials	10.0	4453.6394	4455.412846	4456.225585	4456.407638	4452.805976	4455.690392	4456.885	4457.885	1.0	2.0	1.0	1.0					
4461.902	7.563000000000102	trials	10.0	4465.755034	4466.80621	4467.580997	4468.023776	4464.781363	4467.107204	4468.27	4469.465	1.0	2.0	1.0	1.0					
4471.55	8.679999999999382	trials	10.0	4475.900947	4477.720327	4478.452709	4478.659346	4474.954831	4477.906234	4479.16	4480.23	1.0	2.0	1.0	1.0					
4483.373	12.067000000000007	trials	10.0	4491.34972	4493.067139	4493.782166	4494.065239	4490.421772	4493.296513	4494.395	4495.44	1.0	2.0	1.0	1.0					
4498.46	9.265000000000327	trials	10.0	4503.3347109999995	4505.327212	4506.108971	4506.302065	4502.330887	4505.58943	4506.741	4507.725	1.0	2.0	1.0	1.0					
4510.745	8.4350000000004	trials	10.0	4514.925695	4516.813193	4517.550361	4517.818948	4513.953824	4517.055005	4518.178	4519.18	1.0	2.0	1.0	1.0					
4521.266	11.449000000000524	trials	10.0	4528.550284	4530.041804	4530.858961	4531.143025	4528.00966	4530.346718	4531.63	4532.715	1.0	2.0	1.0	1.0					
4535.866	306.14900000000034	BlockDesign														1.0	231.0	253.0	90.0	50.0
4535.866	11.564000000000306	trials	11.0	4543.2248739999995	4544.4714380000005	4545.591598	4546.037263	4542.709949	4545.089033	4546.15	4547.43	1.0	2.0	1.0	1.0					
4549.56	10.845999999999549	trials	11.0	4555.735477	4557.650614	4558.665702	4558.927109	4554.896678	4557.897437	4559.275	4560.406	1.0	2.0	1.0	1.0					
4564.485	9.070000000000618	trials	11.0	4569.405284	4570.8768789999995	4571.815504	4572.227858	4568.633383	4571.20256	4572.451	4573.555	1.0	2.0	1.0	1.0					
4576.671	7.944999999999709	trials	11.0	4580.080217	4582.030037	4582.801518	4583.140442	4579.1381	4582.303976	4583.495	4584.616	1.0	2.0	1.0	1.0					
4588.647	6.373999999999796	trials	11.0	4592.015369	4593.483665	4594.4715400000005	4595.046778	4591.323695	4593.968264			1.0	2.0	0.0	3.0					
4597.812	21.188000000000102	trials	11.0	4616.312156	4617.607886	4618.70839	4618.953733	4615.479476	4618.240288			1.0	2.0	0.0	3.0					
4621.015	27.394999999999527	trials	11.0	4644.125711	4645.819627	4646.578993	4646.880355	4643.136487	4646.0303650000005	4647.281	4648.41	1.0	1.0	1.0	1.0					
4651.495	10.420000000000073	trials	11.0	4657.526062	4659.0581170000005	4659.959337	4660.242665	4657.021052	4659.459464	4660.61	4661.915	1.0	1.0	1.0	1.0					
4663.935	6.744999999999891	trials	11.0	4668.312178	4669.547351	4670.2858909999995	4670.708669	4667.452800999999	4669.8181700000005			1.0	1.0	0.0	3.0					
4673.61	14.395000000000437	trials	11.0	4685.175232	4686.822922	4687.571318	4687.907002	4684.626292	4687.053484			1.0	2.0	0.0	3.0					
4690.969	17.996000000000095	trials	11.0	4704.982051	4706.35228	4707.1359250000005	4707.376118	4704.431366	4706.636459	4707.855	4708.965	1.0	1.0	1.0	1.0					
4710.985	7.481000000000677	trials	11.0	4715.5759180000005	4717.392422	4718.127463	4718.4622309999995	4715.003204000001	4717.6696759999995			1.0	1.0	0.0	3.0					
4720.422	19.998000000000502	trials	11.0	4736.5223750000005	4737.978339	4738.662268	4738.899083	4735.5717270000005	4738.2104469999995	4739.27	4740.42	1.0	1.0	1.0	1.0					
4744.506	5.838999999999942	trials	11.0	4746.375949	4747.777954	4748.487101	4748.762919	4745.31587	4748.018117	4749.19	4750.345	1.0	1.0	1.0	1.0					
4754.385	5.664999999999964	trials	11.0	4756.256185	4757.466764	4758.134287	4758.446783	4755.7394110000005	4757.677345	4758.81	4760.05	1.0	1.0	1.0	1.0					
4762.07	7.6850000000004	trials	11.0	4765.81246	4767.018157	4767.727077	4768.049825	4765.073689	4767.262198	4768.58	4769.755	1.0	1.0	1.0	1.0					
4771.715	7.75	trials	11.0	4774.9013589999995	4776.5037250000005	4777.458266	4777.883286	4774.244788	4777.025439	4778.175	4779.465	1.0	1.0	1.0	1.0					
4781.62	8.859999999999673	trials	11.0	4786.2654729999995	4787.768675	4788.408439	4788.64772	4785.394429	4787.945509	4789.081	4790.48	1.0	1.0	1.0	1.0					
4794.295	7.390000000000327	trials	11.0	4797.139961	4799.078896	4799.786599	4800.001669	4796.601154	4799.3069319999995	4800.435	4801.685	1.0	1.0	1.0	1.0					
4805.775	6.0600000000004	trials	11.0	4807.3164830000005	4809.058709	4809.954701000001	4810.186043	4806.721241	4809.481057	4810.57	4811.835	1.0	1.0	1.0	1.0					
4814.876	6.688999999999396	trials	11.0	4817.385877	4819.044002000001	4819.737892	4819.997042	4816.640017	4819.236707	4820.32	4821.565	1.0	1.0	1.0	1.0					
4823.585	7.8659999999999854	trials	11.0	4827.51074	4828.683239	4829.378962	4829.650882	4826.880905	4828.923098	4830.025	4831.451	1.0	1.0	1.0	1.0					
4834.47	7.545000000000073	trials	11.0	4837.591255	4839.538106	4840.273069	4840.4398249999995	4837.011193	4839.79925	4840.924	4842.015	1.0	1.0	1.0	1.0					
4846.08	342.0010000000002	BlockDesign														1.0	254.0	273.0	50.0	0.0
4846.08	5.213999999999942	trials	12.0	4848.29734	4849.997525	4850.921648	4851.310988	4847.52235	4850.384332			2.0	2.0	0.0	3.0					
4854.266	16.86700000000019	trials	12.0	4868.281741	4869.791604	4870.690037	4871.105116	4867.579973	4870.234001			2.0	1.0	0.0	3.0					
4873.095	22.55499999999938	trials	12.0	4893.366403	4894.5339189999995	4895.245717	4895.678498	4892.455604	4894.788439			2.0	1.0	0.0	3.0					
4897.617	16.742999999999483	trials	12.0	4910.276552	4911.946504	4912.621159	4912.812725	4909.457666	4912.155884	4913.23	4914.36	2.0	1.0	1.0	1.0					
4917.403	7.266999999999825	trials	12.0	4920.461357	4922.18815	4922.857217	4923.11872	4919.753942	4922.393969	4923.565	4924.67	2.0	1.0	1.0	1.0					
4928.69	4.805000000000291	trials	12.0	4930.381617	4932.40979	4933.138354	4933.511498	4929.39271	4932.676804			2.0	1.0	0.0	3.0					
4935.528	18.43199999999979	trials	12.0	4949.806253	4950.993479	4952.116933	4952.394952000001	4949.111498	4951.627234	4953.045	4953.96	2.0	1.0	1.0	1.0					
4956.05	7.184999999999491	trials	12.0	4960.3415110000005	4962.163612	4962.871075999999	4963.249403	4959.5413069999995	4962.41913			2.0	1.0	0.0	3.0					
4965.32	28.605000000000473	trials	12.0	4990.15196	4991.343323	4992.202246	4992.356761999999	4989.237226	4991.719349	4992.895	4993.925	2.0	1.0	1.0	1.0					
4997.945	5.119999999999891	trials	12.0	5000.372015	5002.02542	5002.636628	5003.03953	4999.384117	5002.222885			2.0	1.0	0.0	3.0					
5005.991	19.875	trials	12.0	5022.996817	5024.784416	5025.463909	5025.89693	5022.275545	5025.012845			2.0	1.0	0.0	3.0					
5027.845	20.149999999999636	trials	12.0	5043.97196	5045.547373	5046.249427	5046.448291	5043.072571	5045.80963	5046.955	5047.995	2.0	1.0	1.0	1.0					
5050.015	6.369999999999891	trials	12.0	5053.756662	5054.9405019999995	5056.003928	5056.382855	5052.900961	5055.408829			2.0	2.0	0.0	3.0					
5058.375	12.715000000000146	trials	12.0	5066.63174	5068.681438	5069.327974	5069.536193	5065.93843	5068.895951	5069.96	5071.09	2.0	1.0	1.0	1.0					
5074.14	8.3149999999996	trials	12.0	5078.3022789999995	5079.638713	5080.384237	5080.707499	5077.356623	5079.880747	5081.116	5082.455	2.0	1.0	1.0	1.0					
5086.545	4.735999999999876	trials	12.0	5088.484007	5090.256736	5090.924099	5091.293039	5087.548826	5090.469513			2.0	1.0	0.0	3.0					
5094.29	31.234999999999673	trials	12.0	5121.197457	5122.435843	5123.125243	5123.358781999999	5120.486522	5122.690461	5123.755	5125.525	2.0	1.0	1.0	1.0					
5129.545	12.840000000000146	trials	12.0	5139.814079	5141.368491	5142.018175	5142.362962	5139.016004	5141.561029			2.0	1.0	0.0	3.0					
5144.395	14.854999999999563	trials	12.0	5157.032655999999	5158.277914	5158.922408	5159.279564	5156.236224	5158.485043000001			2.0	1.0	0.0	3.0					
5161.241	26.840000000000146	trials	12.0	5183.932243	5185.509089	5186.368493	5186.657024	5182.999027	5185.972319	5187.185	5188.081	2.0	1.0	1.0	1.0					
5190.195	411.14100000000053	BlockDesign														1.0	274.0	293.0	0.0	50.0
5190.195	6.240000000000691	trials	13.0	5193.917741	5195.234299	5196.079965999999	5196.403231	5193.303815	5195.499967			3.0	2.0	0.0	3.0					
5200.375	20.600000000000364	trials	13.0	5217.373312	5218.754669	5219.422613000001	5219.661512000001	5216.465379	5218.936061	5220.13	5220.975	3.0	2.0	1.0	1.0					
5224.07	8.33600000000024	trials	13.0	5229.547777	5231.353833	5232.106081	5232.405839	5228.876566	5231.598836			3.0	2.0	0.0	3.0					
5234.425	20.603000000000065	trials	13.0	5252.404601	5253.82355	5254.593989	5255.008525	5251.806976	5254.076124			3.0	1.0	0.0	3.0					
5256.97	16.74499999999989	trials	13.0	5271.277924	5272.729711	5273.426921	5273.736532	5270.648242	5272.981163			3.0	1.0	0.0	3.0					
5275.795	17.390000000000327	trials	13.0	5290.597701000001	5292.080362000001	5292.836438	5293.212616	5289.948146000001	5292.271035			3.0	2.0	0.0	3.0					
5296.26	18.899999999999636	trials	13.0	5310.717492	5312.773438	5313.50407	5313.701010000001	5309.767936	5312.975344	5314.108	5315.16	3.0	2.0	1.0	1.0					
5319.205	31.484999999999673	trials	13.0	5348.4725	5349.563189	5350.330835000001	5350.702579	5347.528993	5349.783185			3.0	2.0	0.0	3.0					
5352.769	18.041000000000167	trials	13.0	5367.887839	5369.47997	5370.266863	5370.585848000001	5366.988583	5369.725571			3.0	2.0	0.0	3.0					
5374.71	16.524999999999636	trials	13.0	5388.609668	5390.232980000001	5390.95182	5391.263735	5388.028706	5390.481817			3.0	1.0	0.0	3.0					
5394.265	24.74499999999989	trials	13.0	5416.02491	5417.969406	5418.709183999999	5419.041526999999	5415.503947	5418.202008			3.0	2.0	0.0	3.0					
5421.02	19.760999999999513	trials	13.0	5436.6896959999995	5437.817096000001	5438.720789	5438.898379	5436.133211	5438.102038	5439.34	5440.781	3.0	2.0	1.0	1.0					
5444.87	26.355000000000473	trials	13.0	5467.798537000001	5468.935303	5469.677221	5469.8644779999995	5466.823099	5469.117467	5470.3	5471.225	3.0	2.0	1.0	1.0					
5473.311	8.644000000000233	trials	13.0	5477.814709	5479.646479999999	5480.344585	5480.5723880000005	5477.295032	5479.843406	5481.005	5481.955	3.0	2.0	1.0	1.0					
5485.029	6.4869999999991705	trials	13.0	5488.315079	5490.326398	5491.203476000001	5491.500137	5487.599845000001	5490.61891			3.0	2.0	0.0	3.0					
5493.451	17.27899999999954	trials	13.0	5508.513092	5509.673533	5510.438676	5510.737475	5507.935824	5509.862191			3.0	2.0	0.0	3.0					
5513.763	21.786000000000058	trials	13.0	5533.05821	5534.436895	5535.183263999999	5535.526518000001	5532.467046	5534.689892			3.0	2.0	0.0	3.0					
5537.5	15.270000000000437	trials	13.0	5549.8337599999995	5551.752953	5552.414853	5552.734851	5549.122529	5551.943288			3.0	1.0	0.0	3.0					
5554.781	20.588999999999942	trials	13.0	5572.00894	5573.593733	5574.3373759999995	5574.530419000001	5571.054332	5573.79975			3.0	2.0	1.0	1.0					
5579.906	21.43000000000029	trials	13.0	5598.678959	5600.5607660000005	5601.229078	5601.5524239999995	5597.919959	5600.73746			3.0	2.0	0.0	3.0					
5605.592	832.4230000000007	BlockDesign														1.0	294.0	338.0	50.0	50.0
5605.592	8.988000000000284	trials	14.0	5611.743888999999	5613.470639	5614.216604	5614.580564	5611.193723	5613.69059			3.0	2.0	0.0	3.0					
5616.575	24.390000000000327	trials	14.0	5638.284022	5639.548976	5640.312825999999	5640.998756	5637.554219	5639.802278			3.0	1.0	0.0	3.0					
5642.625	21.715000000000146	trials	14.0	5660.76859	5661.828407	5662.541303	5662.730955999999	5660.175842000001	5662.09081	5663.14	5664.34	2.0	1.0	1.0	1.0					
5667.36	7.615000000000691	trials	14.0	5671.2538270000005	5672.91647			5670.619092999999	5672.904923			3.0		0.0	2.0					
5677.98	7.954000000000633	trials	14.0	5683.184284999999	5684.833492	5685.552887	5685.963535	5682.359773	5685.043358			3.0	2.0	0.0	3.0					
5689.888	26.73700000000008	trials	14.0	5714.15045	5715.451346	5716.209099	5716.613042	5713.32532	5715.715934			2.0	1.0	0.0	3.0					
5718.625	15.40899999999965	trials	14.0	5731.763779	5732.846299	5733.650645	5734.058717	5730.849953	5733.136784			2.0	1.0	0.0	3.0					
5736.985	22.720000000000255	trials	14.0	5755.263984	5757.105461	5757.769130000001	5758.032997	5754.479405	5757.357828	5758.475	5759.705	2.0	1.0	1.0	1.0					
5761.79	9.140000000000327	trials	14.0	5766.159856	5767.645143	5768.715553	5768.914181	5765.337833	5768.12287	5769.385	5770.93	3.0	2.0	1.0	1.0					
5772.985	8.680000000000291	trials	14.0	5778.324506	5780.515136	5781.303967	5781.642087	5777.433333999999	5780.760458000001			3.0	2.0	0.0	3.0					
5784.6	15.335000000000036	trials	14.0	5796.829465	5798.5467229999995	5799.343376	5799.96752	5796.159434	5798.808857			3.0	2.0	0.0	3.0					
5801.716	22.683999999999287	trials	14.0	5820.684102	5821.874675	5822.623892	5822.863026999999	5820.081244	5822.177804	5823.451	5824.4	2.0	1.0	1.0	1.0					
5828.42	7.3149999999996	trials	14.0	5831.140268	5832.657128	5833.881890000001	5834.043296	5830.438264	5833.332224	5834.435	5835.735	3.0	2.0	1.0	1.0					
5839.86	8.825000000000728	trials	14.0	5845.964467	5847.632486	5848.301896999999	5848.716688	5845.149464	5847.814838			2.0	1.0	0.0	3.0					
5851.73	19.31500000000051	trials	14.0	5868.094615	5869.7285329999995	5870.59469	5871.074672000001	5867.124914	5870.138696			2.0	1.0	0.0	3.0					
5873.97	27.72899999999936	trials	14.0	5897.099351	5898.729293	5899.717655	5899.937282	5896.2866030000005	5899.255673	5900.34	5901.699	2.0	1.0	1.0	1.0					
5904.63	8.420000000000073	trials	14.0	5908.960381	5910.130594	5911.065023	5911.41509	5908.415986	5910.627119000001	5911.656	5913.05	2.0	1.0	1.0	1.0					
5917.136	7.543999999999869	trials	14.0	5921.964741	5923.63634	5924.396176	5924.697003	5921.3061020000005	5923.861568			3.0	2.0	0.0	3.0					
5927.705	16.496000000000095	trials	14.0	5940.604353000001	5941.861618	5942.5864249999995	5942.748662	5939.96665	5942.038226000001	5943.178	5944.201	3.0	2.0	1.0	1.0					
5946.359	13.52099999999973	trials	14.0	5955.070424	5957.007233	5957.799853	5958.026134	5954.21392	5957.307314	5958.576	5959.88	2.0	1.0	1.0	1.0					
5961.93	6.975999999999658	trials	14.0	5966.309561	5967.78226	5968.419737	5968.936249	5965.739251999999	5967.997453			2.0	1.0	0.0	3.0					
5972.72	17.764999999999418	trials	14.0	5987.214902	5988.962272000001	5990.067595	5990.515034	5986.632124	5989.625318			2.0	1.0	0.0	3.0					
5992.441	17.689000000000306	trials	14.0	6007.44542	6008.851426	6009.609581000001	6010.1613529999995	6006.618736	6009.085230000001			3.0	2.0	0.0	3.0					
6012.96	31.585000000000036	trials	14.0	6039.930120999999	6041.718486	6042.640772000001	6042.784962	6039.13123	6041.913023	6043.281	6044.545	3.0	2.0	1.0	1.0					
6047.63	13.295000000000073	trials	14.0	6056.285674000001	6058.319324	6059.1429530000005	6059.409394	6055.593387999999	6058.68123	6059.749	6060.925	2.0	1.0	1.0	1.0					
6064.945	25.46100000000024	trials	14.0	6086.321929	6087.488635	6088.4834900000005	6088.690741	6085.488293	6087.963043	6089.165	6090.406	3.0	2.0	1.0	1.0					
6092.425	9.916000000000167	trials	14.0	6100.0312030000005	6101.092279	6102.013231999999	6102.3328089999995	6099.05732	6101.505268			2.0	2.0	0.0	3.0					
6105.417	19.58299999999963	trials	14.0	6120.805651000001	6122.524117	6123.206413	6123.43453	6119.958535	6122.737523	6123.906	6125.0	2.0	1.0	1.0	1.0					
6128.02	6.934999999999491	trials	14.0	6132.726394	6133.836683	6134.564341	6135.014835	6131.745062	6134.058412			3.0	2.0	0.0	3.0					
6136.887	16.83300000000054	trials	14.0	6151.355423	6152.540777	6153.436334	6153.781587	6150.71372	6152.860287			3.0	2.0	0.0	3.0					
6155.695	14.740000000000691	trials	14.0	6167.544684	6169.524051	6170.101236	6170.501168	6166.800784	6169.6667			2.0	1.0	0.0	3.0					
6174.415	21.05500000000029	trials	14.0	6190.669773	6192.416981	6193.1466120000005	6193.372265	6189.896051	6192.647532	6193.83	6195.47	3.0	2.0	1.0	1.0					
6197.559	9.792999999999665	trials	14.0	6204.900692	6206.291738	6207.048881	6207.394745	6204.1682710000005	6206.527764			3.0	2.0	0.0	3.0					
6211.386	31.85899999999947	trials	14.0	6239.230967	6240.429035	6241.301922	6241.582601	6238.409408	6240.83267	6241.925	6243.245	2.0	1.0	1.0	1.0					
6247.077	8.108000000000175	trials	14.0	6251.049872	6252.339131	6253.460887	6253.6742890000005	6250.2188240000005	6252.670713	6254.22	6255.185	2.0	1.0	1.0	1.0					
6257.23	7.610000000000582	trials	14.0	6260.795338	6262.668604	6263.381204	6263.539611	6260.276951	6262.850568	6263.96	6264.84	3.0	2.0	1.0	1.0					
6266.872	9.152999999999338	trials	14.0	6273.429951	6274.65723	6275.708409	6276.057349	6272.668992	6275.216639			2.0	1.0	0.0	3.0					
6278.956	21.453999999999724	trials	14.0	6297.0258	6298.147643	6298.972176	6299.141058	6296.510384	6298.46132	6299.485	6300.41	3.0	2.0	1.0	1.0					
6303.495	6.680000000000291	trials	14.0	6308.04032	6309.098756	6309.8460350000005	6310.186215	6307.207455	6309.3287820000005			3.0	2.0	0.0	3.0					
6313.185	26.5049999999992	trials	14.0	6336.81222	6338.358579	6339.292385	6339.758691	6335.839241	6338.835481			2.0	1.0	0.0	3.0					
6341.58	24.296000000000276	trials	14.0	6362.831199	6364.773914	6365.490483	6365.919599	6361.887477	6365.076854			2.0	1.0	0.0	3.0					
6368.81	18.868999999999687	trials	14.0	6384.826195	6386.649259	6387.35435	6387.731344	6383.874209	6386.878744			2.0	1.0	0.0	3.0					
6391.611	25.614000000000487	trials	14.0	6413.106366	6414.302417	6415.406186	6415.659591	6412.5940200000005	6414.909927	6415.94	6417.225	2.0	1.0	1.0	1.0					
6420.278	7.61200000000008	trials	14.0	6423.852303	6425.199818	6425.892425	6426.143505	6423.250295	6425.4250680000005	6426.44	6427.89	2.0	1.0	1.0	1.0					
6429.96	8.055000000000291	trials	14.0	6435.356283	6437.190264	6437.981597	6438.34146	6434.834977	6437.446083			3.0	2.0	0.0	3.0					
6442.366	134.04899999999998	BlockDesign														1.0	339.0	343.0	0.0	0.0
6442.366	16.198999999999614	trials	15.0	6455.921145	6457.063167	6458.213337	6458.566938	6455.3694590000005	6457.723896			2.0	1.0	0.0	3.0					
6462.485	19.225000000000364	trials	15.0	6479.0511320000005	6480.4131290000005	6481.311692	6481.777072	6478.543853	6480.782819			2.0	1.0	0.0	3.0					
6484.625	38.20499999999993	trials	15.0	6520.071438	6521.821124	6522.529947	6522.900782	6519.45515	6522.046976			2.0	1.0	0.0	3.0					
6525.876	10.389000000000124	trials	15.0	6533.091029	6535.128946	6535.865342	6536.333157	6532.315088	6535.35896			2.0	1.0	0.0	3.0					
6540.136	36.27899999999954	trials	15.0	6573.696654	6575.6683	6576.337107	6576.770359	6572.993102	6575.892038			2.0	1.0	0.0	3.0					
6580.856	103.2539999999999	BlockDesign														1.0	344.0	348.0	0.0	0.0
6580.856	20.327000000000226	trials	16.0	6598.792222	6600.113664	6600.830805	6601.226669	6598.01099	6600.327708			3.0	2.0	0.0	3.0					
6604.138	18.716999999999643	trials	16.0	6620.331963	6621.518214	6622.304939	6622.924045	6619.773646	6621.740873			3.0	2.0	0.0	3.0					
6625.58	18.649999999999636	trials	16.0	6641.532786	6642.927523	6643.767657	6644.29655	6640.782809	6643.24707			3.0	2.0	0.0	3.0					
6647.185	17.092999999999847	trials	16.0	6662.126688	6663.22211	6663.954152	6664.346871	6661.566792	6663.441866			3.0	2.0	0.0	3.0					
6669.22	14.889999999999418	trials	16.0	6681.542285	6682.643213	6684.038451	6684.603207	6680.811711	6683.516201			3.0	2.0	0.0	3.0					
6688.378	919.9570000000003	BlockDesign														1.0	349.0	388.0	50.0	50.0
6688.378	19.972000000000662	trials	17.0	6704.431898	6705.7122	6706.517925	6706.778934	6703.631982	6706.03245	6707.07	6708.35	2.0	1.0	1.0	1.0					
6710.391	7.949000000000524	trials	17.0	6715.277649	6717.348504	6718.067217	6718.381484	6714.479541	6717.5222140000005			3.0	2.0	0.0	3.0					
6721.35	18.654999999999745	trials	17.0	6735.648543	6737.588946	6738.321019	6738.490776000001	6734.808003	6737.794597	6738.89	6740.005	3.0	2.0	1.0	1.0					
6743.168	11.155999999999949	trials	17.0	6751.782828	6753.213146	6753.977532	6754.396896	6751.078964	6753.456326			2.0	1.0	0.0	3.0					
6756.246	24.083999999999833	trials	17.0	6777.367614	6778.910459	6779.95264	6780.397052	6776.563158	6779.48922			2.0	1.0	0.0	3.0					
6782.285	23.395000000000437	trials	17.0	6802.4624810000005	6804.315866	6805.125459	6805.748514	6801.94269	6804.589268			3.0	2.0	0.0	3.0					
6808.47	18.13499999999931	trials	17.0	6822.979485	6824.279666	6825.043899	6825.268824	6822.260047	6824.531022	6825.675	6826.605	3.0	2.0	1.0	1.0					
6830.621	9.543999999999869	trials	17.0	6835.7674050000005	6837.178671	6837.979837	6838.251536	6835.063565	6837.481767	6838.67	6840.165	2.0	1.0	1.0	1.0					
6843.97	53.73499999999967	trials	17.0	6893.847332	6895.329605	6895.973382	6896.213128	6892.898409	6895.534799	6896.656	6897.705	2.0	1.0	1.0	1.0					
6899.775	9.8100000000004	trials	17.0	6904.658138	6906.282935	6907.158016	6907.329622	6904.123448	6906.582078	6907.92	6909.585	3.0	2.0	1.0	1.0					
6912.718	58.97199999999975	trials	17.0	6966.158187	6968.174009	6970.24491	6970.431221	6965.501358	6968.388323	6970.815	6971.69	3.0	2.0	1.0	1.0					
6975.781	7.087000000000444	trials	17.0	6980.263043	6981.759815	6982.476039	6982.8759150000005	6979.519274	6982.029902			2.0	1.0	0.0	3.0					
6985.866	14.699999999999818	trials	17.0	6997.632939	6999.2539830000005	7000.183996	7000.634709	6996.807549	6999.610968			3.0	2.0	0.0	3.0					
7002.528	40.2529999999997	trials	17.0	7040.229917	7041.331808	7042.402654	7042.853274	7039.593138	7041.937875			2.0	1.0	0.0	3.0					
7045.747	18.64800000000014	trials	17.0	7060.4134109999995	7062.1074	7062.792387	7062.987377	7059.751163	7062.325907	7063.35	7064.395	2.0	1.0	1.0	1.0					
7066.442	7.229000000000269	trials	17.0	7071.109043	7072.547428	7073.303945	7073.693553	7070.334338	7072.751673			3.0	2.0	0.0	3.0					
7077.625	21.210000000000036	trials	17.0	7093.819784	7095.420937	7096.0217	7096.263678	7093.219907	7095.618561	7096.875	7098.835	2.0	1.0	1.0	1.0					
7102.855	9.805000000000291	trials	17.0	7108.16627	7109.844068	7110.577697	7110.737586	7107.244484	7110.045371	7111.165	7112.66	3.0	2.0	1.0	1.0					
7115.742	7.507999999999811	trials	17.0	7120.298394	7122.311723	7122.901008	7123.32182	7119.770084	7122.489735			2.0	1.0	0.0	3.0					
7126.225	35.15699999999924	trials	17.0	7157.173542	7159.067336	7159.864575	7160.041284	7156.6579870000005	7159.301969	7160.485	7161.382	3.0	2.0	1.0	1.0					
7163.529	12.810999999999694	trials	17.0	7172.249313	7173.660851000001	7174.60376	7174.81454	7171.38741	7174.134344	7175.147	7176.34	2.0	1.0	1.0	1.0					
7178.45	14.44000000000051	trials	17.0	7190.484582	7191.665996	7192.540667	7192.963136	7189.637703	7192.044825			2.0	1.0	0.0	3.0					
7195.905	17.605000000000473	trials	17.0	7210.999328	7212.431118	7213.16256	7213.583078	7210.272267	7212.632409			3.0	2.0	0.0	3.0					
7215.425	19.291000000000167	trials	17.0	7231.824368	7233.620865	7234.385006	7234.771232	7231.270542	7233.853464			3.0	2.0	0.0	3.0					
7236.72	25.24499999999989	trials	17.0	7257.6056260000005	7259.360522	7260.081107	7260.294027	7256.675817	7259.623079	7260.66	7261.965	2.0	1.0	1.0	1.0					
7265.015	20.14099999999962	trials	17.0	7280.389185	7282.003391	7282.929719	7283.1095270000005	7279.7171180000005	7282.3216250000005	7283.487	7285.156	3.0	2.0	1.0	1.0					
7287.18	12.597999999999956	trials	17.0	7297.289627	7298.736329	7299.4809000000005	7299.824742	7296.295428	7298.937599			3.0	2.0	0.0	3.0					
7303.815	22.2450000000008	trials	17.0	7323.249725	7325.039637	7325.749152	7326.119982	7322.343106	7325.246714			3.0	2.0	0.0	3.0					
7330.065	15.801000000000386	trials	17.0	7343.424267	7344.793781	7345.5249619999995	7345.940379	7342.463403	7345.054368			2.0	1.0	0.0	3.0					
7347.785	23.11499999999978	trials	17.0	7366.509261	7368.326178	7369.0357970000005	7369.320735	7365.921414	7368.595203	7369.63	7370.9	2.0	1.0	1.0	1.0					
7373.94	6.490000000000691	trials	17.0	7377.480987	7379.521053	7380.123143	7380.460673	7376.486624	7379.669211			2.0	1.0	0.0	3.0					
7383.502	21.782999999999447	trials	17.0	7400.625216	7402.5838459999995	7403.694252	7403.918144	7399.818042	7403.0672460000005	7404.285	7405.285	3.0	2.0	1.0	1.0					
7408.345	7.404999999999745	trials	17.0	7413.639696	7414.661489	7415.409363	7415.821337	7412.857209	7414.885277			2.0	2.0	0.0	3.0					
7417.66	20.800000000000182	trials	17.0	7435.884953	7437.520274	7438.2085050000005	7438.503374	7435.334847	7437.710729			3.0	2.0	0.0	3.0					
7442.535	27.164999999999964	trials	17.0	7467.0946619999995	7468.706973	7469.394692	7469.7359240000005	7466.295605	7468.971384			2.0	1.0	0.0	3.0					
7471.71	30.890000000000327	trials	17.0	7499.160398	7500.400001	7501.069874	7501.281786	7498.283685	7500.567945	7501.735	7502.6	3.0	2.0	1.0	1.0					
7505.747	14.097999999999956	trials	17.0	7515.434618	7517.443262	7518.105954000001	7518.333119	7514.501507	7517.6917730000005	7518.687	7519.845	2.0	1.0	1.0	1.0					
7522.93	39.235999999999876	trials	17.0	7559.835268	7561.078706	7561.781717	7562.232105	7559.219328	7561.280273			3.0	2.0	0.0	3.0					
7566.16	29.20600000000013	trials	17.0	7591.5500950000005	7593.088929	7593.899934	7594.0759610000005	7590.926736	7593.39558	7594.576	7595.366	3.0	2.0	1.0	1.0					
7597.445	10.890000000000327	trials	17.0	7604.366093000001	7605.799158	7606.66577	7606.892895	7603.611224	7606.173554	7607.42	7608.335	2.0	1.0	1.0	1.0					
7612.428	286.97800000000007	BlockDesign														1.0	389.0	408.0	50.0	90.0
7612.428	8.212000000000444	trials	18.0	7617.035588	7618.358815	7619.207861	7619.366244	7616.437386	7618.675622	7619.866	7620.64	1.0	2.0	1.0	1.0					
7624.69	6.895000000000437	trials	18.0	7627.216434	7628.936967	7629.676638	7629.87093	7626.472641	7629.149594	7630.315	7631.585	1.0	2.0	1.0	1.0					
7633.465	8.800000000000182	trials	18.0	7638.3804629999995	7639.971974	7640.795366	7640.942829	7637.77772	7640.247077	7641.406	7642.265	1.0	2.0	1.0	1.0					
7645.35	7.214999999999236	trials	18.0	7647.615917	7649.519303	7650.339447	7650.74768	7647.0016940000005	7649.777109000001	7650.991	7652.565	1.0	2.0	1.0	1.0					
7654.59	10.514999999999418	trials	18.0	7661.196084	7662.7376540000005	7663.504299	7663.7724419999995	7660.483922	7662.915255	7664.2	7665.105	1.0	2.0	1.0	1.0					
7668.26	28.175000000000182	trials	18.0	7692.220865	7694.207685	7694.952114	7695.1281500000005	7691.258226	7694.4213	7695.531	7696.435	1.0	2.0	1.0	1.0					
7700.525	9.760000000000218	trials	18.0	7708.0456890000005	7709.162513	7709.893877	7710.357846	7707.372198	7709.419179			1.0	2.0	0.0	3.0					
7713.23	14.780000000000655	trials	18.0	7723.7555680000005	7725.194262	7726.07921	7726.319217	7723.024239	7725.5091919999995	7726.69	7728.01	1.0	1.0	1.0	1.0					
7732.095	5.417999999999665	trials	18.0	7735.0271	7736.339294	7737.127994	7737.561926	7734.255564	7736.652237			1.0	1.0	0.0	3.0					
7741.451	13.539999999999964	trials	18.0	7750.975401	7752.5931	7753.404716	7753.59039	7750.088205	7752.771823	7754.12	7754.991	1.0	2.0	1.0	1.0					
7759.065	6.775000000000546	trials	18.0	7762.346142	7763.653626	7764.436742	7764.617703	7761.783924	7763.883024	7765.241	7765.84	1.0	2.0	1.0	1.0					
7768.855	6.830000000000837	trials	18.0	7771.875995	7773.313013	7774.263984	7774.429331	7770.916721	7773.475584	7774.94	7775.685	1.0	2.0	1.0	1.0					
7779.705	6.645000000000437	trials	18.0	7782.461097	7784.035106	7784.845241	7785.010889	7781.937987	7784.320716	7785.5	7786.35	1.0	2.0	1.0	1.0					
7788.465	9.345000000000255	trials	18.0	7793.6616539999995	7795.497929	7796.204346	7796.423372	7792.833668	7795.715955	7796.92	7797.81	1.0	2.0	1.0	1.0					
7799.875	12.020000000000437	trials	18.0	7807.826186	7808.933196	7810.00803	7810.3184870000005	7807.056077	7809.365519	7810.685	7811.895	1.0	2.0	1.0	1.0					
7815.008	8.601999999999862	trials	18.0	7818.831225	7820.807631	7821.7090800000005	7821.916539	7818.07203	7821.047415	7822.36	7823.61	1.0	2.0	1.0	1.0					
7826.695	10.06500000000051	trials	18.0	7831.876251	7834.123145	7835.140056	7835.375835	7831.2476719999995	7834.616942000001	7835.81	7836.76	1.0	2.0	1.0	1.0					
7840.872	8.427999999999884	trials	18.0	7844.600969	7846.455245	7847.413305	7847.717316	7843.880096	7846.92006	7848.116	7849.3	1.0	2.0	1.0	1.0					
7851.36	11.96600000000035	trials	18.0	7858.746564	7860.300561	7861.290807	7861.673346	7857.944882	7860.703778	7862.05	7863.326	1.0	2.0	1.0	1.0					
7866.156	33.25	trials	18.0	7897.391586	7898.593211	7899.357221	7899.7851439999995	7896.743133	7898.866001			1.0	1.0	0.0	3.0					
7901.685	781.5099999999993	BlockDesign														1.0	409.0	453.0	90.0	50.0
7901.685	13.134999999999309	trials	19.0	7911.351098	7912.54718	7913.358187	7913.536493	7910.716862	7912.731128	7913.97	7914.82	1.0	2.0	1.0	1.0					
7918.897	9.547999999999774	trials	19.0	7924.876887	7925.923139	7926.747434	7926.967557	7923.974787	7926.186672	7927.41	7928.445	1.0	2.0	1.0	1.0					
7932.462	6.313999999999396	trials	19.0	7936.296857	7937.423505	7938.396443	7938.783662	7935.572282	7937.873774			1.0	2.0	0.0	3.0					
7940.785	19.30500000000029	trials	19.0	7955.90289	7957.313934	7958.084072	7958.331095	7955.22206	7957.5763019999995	7958.706	7960.09	1.0	1.0	1.0	1.0					
7963.11	15.625	trials	19.0	7974.646419000001	7976.09987	7976.817164	7977.099195	7973.904366	7976.331165	7977.475	7978.735	1.0	1.0	1.0	1.0					
7981.81	10.0049999999992	trials	19.0	7987.367295	7988.9457170000005	7989.886338	7990.166895	7986.7686140000005	7989.3531060000005	7990.51	7991.815	1.0	1.0	1.0	1.0					
7993.896	8.025000000000546	trials	19.0	7998.841683000001	8000.658909	8001.579684	8001.994277	7997.839273	8000.944008			1.0	2.0	0.0	3.0					
8005.86	18.710000000000036	trials	19.0	8022.047148	8023.488869	8024.207786	8024.645486	8021.460573	8023.747995			1.0	1.0	0.0	3.0					
8026.47	17.88000000000011	trials	19.0	8040.082652	8041.739115	8042.5148659999995	8042.714646	8039.186685000001	8042.057438	8043.215	8044.35	1.0	1.0	1.0	1.0					
8048.37	7.260000000000218	trials	19.0	8051.657142	8053.006656	8053.75191	8054.01965	8050.669115000001	8053.273917	8054.375	8055.63	1.0	1.0	1.0	1.0					
8058.712	7.38799999999992	trials	19.0	8061.568473	8063.4614870000005	8064.459123000001	8064.652595	8060.819159000001	8063.763884	8065.1	8066.1	1.0	2.0	1.0	1.0					
8068.125	8.631000000000313	trials	19.0	8074.333154	8075.46362	8076.434618	8076.817022	8073.721113	8075.818875			1.0	1.0	0.0	3.0					
8080.72	11.199999999999818	trials	19.0	8087.959134	8089.231124	8090.246810000001	8090.46656	8087.209379	8089.665353	8090.935	8091.92	1.0	2.0	1.0	1.0					
8093.937	8.469000000000051	trials	19.0	8099.836875	8101.219737	8102.106117	8102.465048	8098.956372000001	8101.52003			1.0	2.0	0.0	3.0					
8105.42	11.320999999999913	trials	19.0	8113.936656	8115.409068	8116.379595	8116.81482	8113.3337759999995	8115.87483			1.0	1.0	0.0	3.0					
8120.635	11.840000000000146	trials	19.0	8128.297109	8130.009107	8130.621551	8130.812495	8127.347814	8130.196216	8131.38	8132.475	1.0	1.0	1.0	1.0					
8134.51	8.295000000000073	trials	19.0	8138.172752	8139.963857	8140.755096	8140.944104	8137.438683	8140.26632	8141.245	8142.805	1.0	1.0	1.0	1.0					
8144.845	10.789999999999964	trials	19.0	8151.05757	8152.996398	8153.728419	8153.9244419999995	8150.505167	8153.292815	8154.385	8155.635	1.0	1.0	1.0	1.0					
8158.656	7.283999999999651	trials	19.0	8162.851785	8164.071446	8164.901228	8165.0794559999995	8162.1839629999995	8164.391426			1.0	1.0	1.0	1.0					
8170.455	15.430000000000291	trials	19.0	8181.403506000001	8183.059794000001	8184.009035	8184.216969	8180.838254	8183.555453999999	8184.685	8185.885	1.0	1.0	1.0	1.0					
8188.9	7.470000000001164	trials	19.0	8191.987531000001	8193.822615000001	8194.469471	8194.64618	8191.252894	8194.021454	8195.081	8196.37	1.0	1.0	1.0	1.0					
8199.42	7.100000000000364	trials	19.0	8202.766935	8204.757669	8205.458094	8205.626535	8202.236617999999	8205.022137			1.0	1.0	1.0	1.0					
8211.046	14.083999999998923	trials	19.0	8220.787428	8222.556575999999	8223.360963	8223.542508	8220.110027	8222.808755	8224.025	8225.13	1.0	2.0	1.0	1.0					
8227.22	10.485000000000582	trials	19.0	8234.517356	8236.574717	8237.425234	8237.781549	8233.988394	8236.777037			1.0	2.0	0.0	3.0					
8240.763	15.377999999998792	trials	19.0	8253.207439	8254.99469	8255.81415	8256.181618999999	8252.45101	8255.347978			1.0	1.0	0.0	3.0					
8260.135	26.280000000000655	trials	19.0	8281.702659	8283.405948	8284.784787	8284.953633000001	8281.175903	8283.783377	8285.283	8286.415	1.0	1.0	1.0	1.0					
8288.5	8.844999999999345	trials	19.0	8292.863568	8294.789519	8295.46845	8295.717347	8292.301242	8295.034379	8296.17	8297.345	1.0	1.0	1.0	1.0					
8300.44	5.894999999998618	trials	19.0	8303.217705	8305.19615	8306.08152	8306.360396	8302.309053	8305.448073			1.0	2.0	0.0	3.0					
8308.345	76.27700000000004	trials	19.0	8319.654086	8321.313951			8318.819316000001	8322.452844			1.0		0.0	5.0					
8386.701	39.55400000000009	trials	19.0	8423.682775000001	8425.106436	8425.887041	8426.330298	8422.721447	8425.372976999999			1.0	2.0	0.0	3.0					
8428.205	25.420000000000073	trials	19.0	8451.24323	8452.601698999999	8453.303559	8453.648315	8450.494713	8452.775594			1.0	2.0	0.0	3.0					
8457.671	10.138999999999214	trials	19.0	8463.913197	8465.122089	8465.850285	8466.065261	8462.991526	8465.380748	8466.55	8467.81	1.0	1.0	1.0	1.0					
8469.83	9.0049999999992	trials	19.0	8474.548010999999	8476.299498	8476.81319	8477.027726	8473.909989	8476.267932	8477.575	8478.835	1.0	1.0	1.0	1.0					
8481.905	14.295999999998457	trials	19.0	8492.213201	8493.577436	8494.286783	8494.448435	8491.486349	8493.783918000001	8494.89	8496.201	1.0	1.0	1.0	1.0					
8500.283	6.137000000000626	trials	19.0	8502.533424000001	8503.766325	8504.430708	8504.677452	8501.539657000001	8503.959655999999	8505.1	8506.42	1.0	1.0	1.0	1.0					
8509.44	22.23999999999978	trials	19.0	8527.988591000001	8529.050258	8529.819317	8530.036088	8527.315478	8529.322827	8530.42	8531.68	1.0	1.0	1.0	1.0					
8535.696	15.189000000000306	trials	19.0	8547.308549	8548.340091	8549.011197	8549.196641	8546.562719	8548.571735	8549.656	8550.885	1.0	1.0	1.0	1.0					
8554.921	11.404999999998836	trials	19.0	8562.633627	8563.717132	8564.473044	8564.630366	8561.925403000001	8563.943723	8565.08	8566.326	1.0	1.0	1.0	1.0					
8569.37	16.1299999999992	trials	19.0	8581.038990000001	8582.925393	8583.611082	8583.813221	8580.492182	8583.168429	8584.32	8585.5	1.0	1.0	1.0	1.0					
8588.546	7.463999999999942	trials	19.0	8591.859947	8593.484072	8594.132744999999	8594.331471	8591.226765	8593.666593	8594.765	8596.01	1.0	1.0	1.0	1.0					
8600.029	4.180999999998676	trials	19.0	8602.159988	8602.279104000001			8600.222047	8602.269321			1.0		0.0	2.0					
8607.285	21.75500000000102	trials	19.0	8624.810721	8626.260053	8627.15337	8627.341902	8624.047816	8626.65873	8627.89	8629.04	1.0	1.0	1.0	1.0					
8633.134	13.820999999999913	trials	19.0	8643.074916	8644.36224	8645.03087	8645.325183	8642.37128	8644.552452	8645.62	8646.955	1.0	1.0	1.0	1.0					
8648.975	8.55999999999949	trials	19.0	8655.103239	8656.470634000001	8657.198337	8657.6112	8654.198324	8656.731233			1.0	1.0	0.0	3.0					
8659.528	23.66699999999946	trials	19.0	8678.76869	8680.050447	8680.756688	8680.991872999999	8677.949517000001	8680.311743	8681.296	8683.195	1.0	1.0	1.0	1.0					
8686.296	112.0049999999992	BlockDesign														1.0	454.0	458.0	0.0	0.0
8686.296	7.592000000000553	trials	20.0	8691.110208	8692.97065	8693.553293	8693.93661	8690.244580999999	8693.097287			1.0	1.0	0.0	3.0					
8696.805	50.69599999999991	trials	20.0	8745.195746	8746.385739	8747.179572000001	8747.554251	8744.635706000001	8746.600050000001			1.0	2.0	0.0	3.0					
8751.575	10.609999999998763	trials	20.0	8759.56416	8761.190607	8761.885107	8762.23983	8758.709847	8761.373728999999			1.0	1.0	0.0	3.0					
8766.145	10.270000000000437	trials	20.0	8773.9856	8775.059877	8776.073721	8776.493333	8773.422331	8775.589365			1.0	1.0	0.0	3.0					
8779.36	18.940999999998894	trials	20.0	8795.139051	8797.036415	8798.228949	8798.552868	8794.332477	8797.048353			1.0	2.0	0.0	3.0					
8801.654	820.1409999999996	BlockDesign														1.0	459.0	494.0	10.0	50.0
8801.654	13.652000000000044	trials	21.0	8812.334229	8814.316899	8814.981556	8815.382561	8811.399324	8814.518781			1.0	1.0	0.0	3.0					
8817.278	25.679000000000087	trials	21.0	8840.268893	8841.676145	8842.620377	8842.991528	8839.424622	8841.974264			1.0	2.0	0.0	3.0					
8846.876	33.40099999999984	trials	21.0	8877.264174	8879.231239	8879.942636	8880.322265	8876.751836	8879.521217			1.0	1.0	0.0	3.0					
8884.281	34.70399999999972	trials	21.0	8916.59502	8917.987965	8918.742893999999	8919.034509000001	8915.620551	8918.230950000001			1.0	1.0	0.0	3.0					
8922.014	14.301000000001295	trials	21.0	8933.769174000001	8935.246646	8936.028422	8936.392319	8932.784775	8935.466109			1.0	1.0	0.0	3.0					
8940.325	24.31999999999971	trials	21.0	8960.42454	8962.232795	8963.100279	8963.27817	8959.584758	8962.41948	8963.695	8964.645	1.0	2.0	1.0	1.0					
8967.705	12.235000000000582	trials	21.0	8977.031355	8978.831772	8979.600495	8980.017885000001	8976.260475	8979.120492			1.0	1.0	0.0	3.0					
8983.915	25.904999999998836	trials	21.0	9006.349584	9008.375834999999	9009.277517999999	9009.894599	9005.843816	9008.71203			1.0	2.0	0.0	3.0					
9011.595	20.230999999999767	trials	21.0	9029.295264	9030.640089	9031.455797999999	9031.903665	9028.532609	9030.883535			1.0	1.0	0.0	3.0					
9034.75	23.19499999999971	trials	21.0	9054.736305	9056.728464	9057.523347	9058.022654	9054.056199	9056.933717			1.0	2.0	0.0	3.0					
9061.796	42.05899999999929	trials	21.0	9100.264829	9101.497124	9102.260105	9102.527382	9099.372438	9101.721636	9102.91	9103.855	1.0	2.0	1.0	1.0					
9105.965	10.030000000000655	trials	21.0	9113.535654	9114.810068	9115.697535	9116.045861	9112.656424	9115.132452			1.0	2.0	0.0	3.0					
9118.001	20.74200000000019	trials	21.0	9135.769839	9137.746925	9138.422879	9138.777992	9134.963949	9137.947349			1.0	1.0	0.0	3.0					
9140.677	27.93000000000029	trials	21.0	9166.315214	9167.551994	9168.325938	9168.655634	9165.329305	9167.731538			1.0	2.0	0.0	3.0					
9171.641	19.872999999999593	trials	21.0	9188.581085	9190.495421	9191.136933	9191.582065999999	9187.590085	9190.547095			1.0	1.0	0.0	3.0					
9194.45	20.649999999999636	trials	21.0	9212.136192999998	9214.016979	9214.668151	9215.170855999999	9211.427314999999	9214.236756999999			1.0	1.0	0.0	3.0					
9218.955	22.0	trials	21.0	9237.340881999999	9238.373225	9239.180556	9239.341745	9236.726617999999	9238.591104	9239.775	9240.955	1.0	2.0	1.0	1.0					
9244.975	12.568999999999505	trials	21.0	9254.582343999999	9256.517767	9257.275232	9257.616259999999	9254.073154	9256.744874			1.0	1.0	0.0	3.0					
9259.531	23.42899999999827	trials	21.0	9279.131387	9280.643716999999	9281.457954	9281.682313	9278.606705999999	9280.890406999999	9282.12	9282.96	1.0	2.0	1.0	1.0					
9285.112	10.963999999999942	trials	21.0	9291.881502999999	9293.62163	9294.428769999999	9294.60931	9290.929595	9293.831696	9295.035	9296.076	1.0	2.0	1.0	1.0					
9299.12	7.359999999998763	trials	21.0	9304.145935999999	9305.373227	9306.156126999998	9306.538638999999	9303.166537	9305.595877			1.0	2.0	0.0	3.0					
9308.48	22.18500000000131	trials	21.0	9326.221549	9328.264522	9329.165590999999	9329.329871999998	9325.550765	9328.527239	9329.96	9330.665	1.0	2.0	1.0	1.0					
9333.732	8.977999999999156	trials	21.0	9339.591762999999	9341.605505	9342.408685999999	9342.770509	9338.670385	9341.862240999999			1.0	2.0	0.0	3.0					
9345.785	15.761000000000422	trials	21.0	9358.976720999999	9360.289252999999	9361.257700999999	9361.598662999999	9358.421476	9360.689751999998			1.0	2.0	0.0	3.0					
9365.561	16.53399999999965	trials	21.0	9379.217428	9380.855019999999	9381.717304	9382.170558999998	9378.489896	9381.238241			1.0	1.0	0.0	3.0					
9386.188	21.207000000000335	trials	21.0	9403.081675	9404.998495999998	9405.874145999998	9406.118875999999	9402.156979	9405.390335	9406.51	9407.395	1.0	2.0	1.0	1.0					
9409.48	14.114999999999782	trials	21.0	9421.121782999999	9422.556197	9423.296374	9423.668963	9420.228154999999	9422.760622999998			1.0	2.0	0.0	3.0					
9425.62	16.19999999999891	trials	21.0	9439.351873	9440.628766	9441.471099999999	9441.892753	9438.485705	9440.884474999999			1.0	2.0	0.0	3.0					
9445.747	14.235000000000582	trials	21.0	9457.528414999999	9458.859644	9459.61574	9459.94988	9456.862829	9459.112824			1.0	1.0	0.0	3.0					
9462.065	26.99499999999898	trials	21.0	9486.672206	9487.92032	9488.704333	9489.118031	9485.821585	9488.220382			1.0	2.0	0.0	3.0					
9493.005	21.05500000000029	trials	21.0	9511.351926	9513.003612999999	9513.738731	9514.130706999998	9510.536519	9513.213887999998			1.0	2.0	0.0	3.0					
9515.991	22.41400000000067	trials	21.0	9535.467023	9537.393565999999	9538.037842	9538.481075	9534.528482	9537.591029			1.0	1.0	0.0	3.0					
9541.366	29.144000000000233	trials	21.0	9566.932025	9568.156597	9568.970600999999	9569.194049	9566.257309999999	9568.373344	9569.576	9570.51	1.0	2.0	1.0	1.0					
9573.545	7.986000000000786	trials	21.0	9577.487740999999	9579.08605	9579.909291	9580.114789	9576.961170999999	9579.337988	9580.535	9581.531	1.0	2.0	1.0	1.0					
9584.55	7.228000000000975	trials	21.0	9588.622651	9590.534533999999	9591.461116999999	9591.826051999999	9588.082042999999	9590.87084			1.0	2.0	0.0	3.0					
9593.783	28.012000000000626	trials	21.0	9617.748184	9619.025053	9619.898618	9620.042754999999	9617.021654	9619.33786	9620.531	9621.795	1.0	2.0	1.0	1.0					
9624.855	958.5249999999996	BlockDesign														1.0	495.0	541.0	50.0	10.0
9624.855	9.611000000000786	trials	22.0	9631.547911	9633.307331	9634.195038999998	9634.522202999999	9630.717865999999	9633.588964999999			1.0	2.0	0.0	3.0					
9637.445	25.11499999999978	trials	22.0	9659.502593	9661.296094	9662.250032	9662.614566999999	9658.994724999999	9661.727185			1.0	2.0	0.0	3.0					
9664.515	24.909999999999854	trials	22.0	9686.477378	9687.580666999998	9688.606205	9689.500976	9685.957681	9688.118869999998			1.0	1.0	0.0	3.0					
9692.982	13.612999999999374	trials	22.0	9703.983988999998	9705.405882	9706.295372999999	9706.657825999999	9703.259234	9705.716800999999			1.0	2.0	0.0	3.0					
9709.626	20.32499999999891	trials	22.0	9725.863124	9727.584601999999	9728.422288999998	9728.601152	9725.252536999998	9727.818283999999	9728.935	9729.951	1.0	2.0	1.0	1.0					
9732.97	11.775000000001455	trials	22.0	9741.682585999999	9743.67455	9744.489581999998	9744.810478	9740.900056999999	9743.929834999999			1.0	2.0	0.0	3.0					
9748.794	19.681000000000495	trials	22.0	9764.658053	9765.892385	9766.592859999999	9766.832391	9763.708412	9766.069226	9767.205	9768.475	1.0	1.0	1.0	1.0					
9770.495	10.56499999999869	trials	22.0	9778.297648	9779.625080999998	9780.426754	9781.136128999999	9777.649789	9779.926378			1.0	1.0	0.0	3.0					
9784.68	19.77099999999882	trials	22.0	9801.66791	9803.21323	9804.14763	9804.41519	9800.967927	9803.520424999999			1.0	2.0	0.0	3.0					
9807.497	21.468000000000757	trials	22.0	9824.913208999998	9826.51238	9827.199697999999	9827.355533	9824.276267	9826.694678	9827.745	9828.965	1.0	1.0	1.0	1.0					
9833.05	8.704999999999927	trials	22.0	9837.633326	9839.129788999999	9839.852662	9840.060571	9837.106317999998	9839.365324999999	9840.445	9841.755	1.0	1.0	1.0	1.0					
9843.84	8.040999999999258	trials	22.0	9848.273051	9849.441390999998	9850.1093	9850.306255	9847.422397999999	9849.659036	9850.68	9851.881	1.0	1.0	1.0	1.0					
9854.992	6.458999999998923	trials	22.0	9859.069875	9860.350375999999	9861.033696999999	9861.528149	9858.108622	9860.560741			1.0	1.0	0.0	3.0					
9863.3	22.025000000001455	trials	22.0	9882.397672	9884.330872999999	9885.085043	9885.387567999998	9881.514559	9884.612249			1.0	1.0	0.0	3.0					
9889.335	53.94300000000112	trials	22.0	9940.928129	9942.175162	9942.93429	9943.317437	9940.052763	9942.413165			1.0	2.0	0.0	3.0					
9946.245	11.539999999999054	trials	22.0	9955.073675	9956.796382999999	9957.449153	9957.860899	9954.216245	9956.987731			1.0	1.0	0.0	3.0					
9959.705	16.770000000000437	trials	22.0	9972.453931	9973.96619	9974.686732999999	9974.904148	9971.75936	9974.22109	9975.34	9976.475	1.0	1.0	1.0	1.0					
9979.58	7.653000000000247	trials	22.0	9984.353400999998	9986.201148999999	9986.892947999999	9987.287461999998	9983.456592999999	9986.462236			1.0	1.0	0.0	3.0					
9989.226	21.68000000000029	trials	22.0	10008.098296	10009.616887999999	10010.599866999999	10010.919434	10007.149537	10010.126159			1.0	1.0	0.0	3.0					
10014.919	19.03399999999965	trials	22.0	10030.853926	10032.84089	10033.626318999999	10033.998328	10030.155262999999	10033.090635999999			1.0	2.0	0.0	3.0					
10035.876	14.298999999999069	trials	22.0	10047.893515	10049.000612	10049.872621999999	10050.241215999999	10047.082284999999	10049.323724			1.0	2.0	0.0	3.0					
10052.2	20.099999999998545	trials	22.0	10067.874059	10069.861528	10070.504726	10070.709194	10067.021134999999	10070.077324	10071.231	10072.3	1.0	1.0	1.0	1.0					
10076.32	7.6710000000002765	trials	22.0	10080.110547999999	10081.425835	10082.177700999999	10082.39309	10079.281593	10081.657933999999	10082.685	10083.991	1.0	1.0	1.0	1.0					
10086.076	6.479000000001179	trials	22.0	10089.785095	10091.590691	10092.289884	10092.582541	10089.194404999998	10091.817704			1.0	1.0	0.0	3.0					
10094.561	25.049000000000888	trials	22.0	10117.429175	10118.533561999999	10119.301354	10119.684717999999	10116.684207999999	10118.768624999999			1.0	2.0	0.0	3.0					
10123.62	21.174999999999272	trials	22.0	10140.893839999999	10142.510741	10143.198703999999	10143.398986999999	10140.064723	10142.671026999999	10143.885	10144.795	1.0	2.0	1.0	1.0					
10146.86	9.244999999998981	trials	22.0	10152.509315	10153.680795999999	10154.500375	10154.706123	10151.742493	10153.936819999999	10155.18	10156.105	1.0	2.0	1.0	1.0					
10158.121	9.144000000000233	trials	22.0	10162.774018999999	10164.802646	10165.440926	10165.620826999999	10162.004791	10164.984907999999	10165.985	10167.265	1.0	1.0	1.0	1.0					
10170.386	6.43999999999869	trials	22.0	10174.139525999999	10175.395889	10176.179681	10176.570399999999	10173.179153	10175.653332999998			1.0	1.0	0.0	3.0					
10180.552	21.233000000000175	trials	22.0	10198.294276999999	10200.225794	10201.482888999999	10201.697197	10197.644347	10200.864854			1.0	2.0	0.0	3.0					
10204.86	16.59099999999853	trials	22.0	10219.156094	10220.387160999999	10221.205046	10221.500816	10218.494503999998	10220.496254			1.0	1.0	0.0	3.0					
10225.46	15.81500000000051	trials	22.0	10237.986031999999	10239.270960999998	10239.825803	10239.853804999999	10237.365601	10239.264400999999			1.0		0.0	2.0					
10245.285	25.11499999999978	trials	22.0	10266.774228999999	10268.468214999999	10268.957617	10269.107408	10265.982473	10268.462206			1.0		0.0	2.0					
10274.47	33.57000000000153	trials	22.0	10305.549826999999	10306.756873999999	10307.532679	10308.119077	10304.675054	10306.99246			1.0	2.0	0.0	3.0					
10311.8	21.590000000000146	trials	22.0	10329.370605999999	10330.416785	10331.115426999999	10331.459433999999	10328.622013999999	10330.611135	10331.701	10333.39	1.0	1.0	1.0	1.0					
10336.43	11.625	trials	22.0	10343.95991	10345.299148999999	10346.13062	10346.353103	10343.399699	10345.573333999999	10346.705	10348.055	1.0	1.0	1.0	1.0					
10351.135	8.985000000000582	trials	22.0	10357.781122999999	10358.913149	10359.752584999998	10360.194226	10357.248178999998	10359.210358999999			1.0	1.0	0.0	3.0					
10362.05	24.7400000000016	trials	22.0	10383.990188	10385.686511	10386.42032	10386.865177	10383.221516	10385.972741			1.0	1.0	0.0	3.0					
10388.754	28.040999999999258	trials	22.0	10413.130244	10414.441477999999	10415.107963999999	10415.270899	10412.27522	10414.655599999998	10415.741	10416.795	1.0	1.0	1.0	1.0					
10419.876	8.463999999999942	trials	22.0	10424.125488999998	10425.65209	10426.376617	10426.567969	10423.542763	10425.892983999998	10426.91	10428.34	1.0	1.0	1.0	1.0					
10432.428	5.717000000000553	trials	22.0	10435.639823	10437.049251999999	10437.782614	10438.221153999999	10434.789902999999	10437.303324999999			1.0	1.0	0.0	3.0					
10441.105	25.551000000001295	trials	22.0	10462.560011	10463.964665	10464.673415	10464.898889	10461.875434	10464.118414999999	10465.23	10466.656	1.0	1.0	1.0	1.0					
10470.675	5.710000000000946	trials	22.0	10473.635293	10475.046712	10475.787306999999	10476.460111999999	10473.083482999999	10475.275382			1.0	1.0	0.0	3.0					
10480.101	23.92399999999907	trials	22.0	10501.242898999999	10502.922348999999	10503.687655	10504.067104999998	10500.610386999999	10503.233608999999			1.0	1.0	0.0	3.0					
10506.945	15.350000000000364	trials	22.0	10519.786541	10521.132725	10521.917839999998	10522.373092	10519.146633999999	10521.384238999999			1.0	1.0	0.0	3.0					
10526.288	29.011999999998807	trials	22.0	10552.946883999999	10554.395923	10554.989835999999	10555.369046	10552.266424	10554.5358			1.0	1.0	0.0	3.0					
10558.33	25.049999999999272	trials	22.0	10581.375821	10582.657921999999	10583.367643	10583.757791	10580.837485	10582.866888999999			1.0	1.0	0.0	3.0					
10585.63	535.335000000001	BlockDesign														1.0	542.0	563.0	50.0	0.0
10585.63	22.1150000000016	trials	23.0	10605.035865999998	10606.442194	10607.370857	10607.821993	10604.144810999998	10606.698514			2.0	2.0	0.0	3.0					
10610.671	12.894000000000233	trials	23.0	10620.987382	10622.492858	10623.324885999999	10623.644436999999	10620.273847999999	10622.885371999999			2.0	1.0	0.0	3.0					
10627.625	20.145000000000437	trials	23.0	10643.640834999998	10645.163875999999	10645.904305	10646.143554999999	10642.679554999999	10645.426957	10646.585	10647.77	2.0	1.0	1.0	1.0					
10649.8	9.100000000000364	trials	23.0	10654.362637999999	10656.375592999999	10656.999697	10657.212943999999	10653.452223999999	10656.553242999998	10657.576	10658.9	2.0	1.0	1.0	1.0					
10661.995	6.425999999999476	trials	23.0	10665.900334	10667.009095	10668.066256999999	10668.467998999999	10665.251398999999	10667.558982999999			2.0	1.0	0.0	3.0					
10670.44	17.0049999999992	trials	23.0	10684.586163999998	10686.485534	10687.117644999998	10687.524569	10683.935454999999	10686.682003			2.0	1.0	0.0	3.0					
10691.36	47.17499999999927	trials	23.0	10734.065595999999	10735.370576	10736.711782999999	10736.934275	10733.122422999999	10735.949053999999	10737.241	10738.535	2.0	1.0	1.0	1.0					
10740.619	11.490999999999985	trials	23.0	10748.91146	10750.088407			10748.355676	10750.082381			2.0		0.0	2.0					
10754.125	39.715000000000146	trials	23.0	10790.491575999999	10791.898351	10793.533206999999	10793.822886999998	10789.891743999999	10792.247612			2.0	2.0	0.0	3.0					
10797.92	45.32500000000073	trials	23.0	10839.271411999998	10841.23988	10841.744982999999	10842.031325	10838.427486999999	10841.233687			2.0		0.0	2.0					
10845.255	30.31500000000051	trials	23.0	10869.066191	10870.534899999999	10871.322881	10871.500350999999	10868.405874999999	10870.847	10871.86	10875.57	2.0	1.0	1.0	1.0					
10875.982	13.134000000000015	trials	23.0	10885.202044	10886.311513999999	10887.174541999999	10887.417644	10884.235654999999	10886.643559	10887.86	10889.116	2.0	1.0	1.0	1.0					
10891.25	9.84100000000035	trials	23.0	10898.056660999999	10900.018221999999	10900.701589999999	10901.124251	10897.260327999998	10900.250581999999			2.0	1.0	0.0	3.0					
10905.1	50.02599999999984	trials	23.0	10951.046783	10952.567884999999	10953.237572	10953.397324	10950.147592	10952.760965	10953.83	10955.126	2.0	1.0	1.0	1.0					
10958.14	43.35500000000138	trials	23.0	10997.776431999999	10998.959749	10999.689971	10999.855105999999	10996.845913	10999.242898999999	11000.32	11001.495	2.0	1.0	1.0	1.0					
11003.584	12.286000000000058	trials	23.0	11013.14704	11014.873751	11015.586817	11015.949171999999	11012.194886	11015.134691			2.0	1.0	0.0	3.0					
11018.86	19.71599999999853	trials	23.0	11033.856835999999	11035.305251	11036.006792	11036.297011999999	11032.991155	11035.574708	11036.695	11038.576	2.0	1.0	1.0	1.0					
11042.655	10.613999999999578	trials	23.0	11051.042806	11052.129085999999	11052.888629	11053.292386	11050.07627	11052.359145999999			2.0	1.0	0.0	3.0					
11055.195	25.095000000001164	trials	23.0	11077.457975	11078.473989999999	11079.702356999998	11080.371218	11076.657091	11079.192466999999			2.0	1.0	0.0	3.0					
11082.03	16.44499999999971	trials	23.0	11094.377268999999	11095.926488	11096.728906999999	11096.966371999999	11093.387141	11096.166533	11097.285	11098.475	2.0	1.0	1.0	1.0					
11102.6	8.640999999999622	trials	23.0	11107.332487	11108.455934	11109.215774999999	11109.497392	11106.331936999999	11108.755072	11109.8	11111.241	2.0	1.0	1.0	1.0					
11113.331	7.6340000000000146	trials	23.0	11118.922303	11120.124511999999			11118.376242999999	11120.441275			2.0	1.0	0.0	3.0					
11125.312	618.5079999999998	BlockDesign														1.0	564.0	585.0	0.0	50.0
11125.312	20.45299999999952	trials	24.0	11140.989071	11142.747839	11143.730524999999	11143.954414	11140.413356	11142.919745	11144.32	11145.765	3.0	2.0	1.0	1.0					
11147.925	31.5570000000007	trials	24.0	11176.87307	11178.091194999999	11179.199284999999	11179.533479	11176.231221999999	11178.598281999999			3.0	1.0	0.0	3.0					
11181.515	25.56999999999971	trials	24.0	11204.357539999999	11205.510347	11206.746437	11207.164660999999	11203.553061999999	11205.924986			3.0	2.0	0.0	3.0					
11210.03	37.534999999999854	trials	24.0	11243.542968999998	11245.099289	11246.016726	11246.167180999999	11242.84745	11245.435024999999	11246.645	11247.565	3.0	2.0	1.0	1.0					
11249.585	18.765000000001237	trials	24.0	11264.092669999998	11265.644182	11266.488365	11266.689824	11263.493977999999	11265.838006999998	11267.205	11268.35	3.0	2.0	1.0	1.0					
11270.368	25.288000000000466	trials	24.0	11292.342765	11293.724145999999	11294.788679	11295.079274	11291.537756	11293.715865999999			3.0		0.0	2.0					
11299.732	21.82799999999952	trials	24.0	11319.437908	11320.509522	11321.261417	11321.614065999998	11318.468812	11320.695989			3.0	2.0	0.0	3.0					
11324.505	44.7400000000016	trials	24.0	11365.883002999999	11367.443269	11368.233720999999	11368.389485	11365.354374999999	11367.652590999998			3.0	2.0	1.0	1.0					
11373.765	33.48500000000058	trials	24.0	11403.258151999999	11404.7297	11405.615088999999	11405.801639	11402.40562	11404.985596999999	11406.265	11407.25	3.0	2.0	1.0	1.0					
11409.344	58.931000000000495	trials	24.0	11464.743701	11466.345674	11467.242613999999	11467.455324999999	11463.816941	11466.338421999999			3.0		0.0	2.0					
11471.36	13.227999999999156	trials	24.0	11481.92865	11483.416475999999	11484.256832	11484.631420999998	11481.334187999999	11483.687165			3.0	2.0	0.0	3.0					
11486.51	25.875	trials	24.0	11509.699978999999	11511.297219999999	11512.085587	11512.465744	11508.725582	11511.548557999999			3.0	1.0	0.0	3.0					
11514.375	15.93499999999949	trials	24.0	11527.148287	11529.169165	11530.017386	11530.309415	11526.264731	11529.395293999998			3.0	2.0	0.0	3.0					
11534.32	15.425000000001091	trials	24.0	11546.893791999999	11548.430788999998	11549.436985	11549.752573999998	11546.368056	11548.829795			3.0	2.0	0.0	3.0					
11552.745	27.0099999999984	trials	24.0	11575.888792999998	11577.081782	11578.182456999999	11578.341354999999	11575.303559	11577.644128	11578.725	11579.755	3.0	2.0	1.0	1.0					
11581.92	12.049999999999272	trials	24.0	11590.115727	11591.210761999999	11592.055355999999	11592.307401999999	11589.188898	11591.46717	11592.616	11593.97	3.0	2.0	1.0	1.0					
11597.111	8.964999999998327	trials	24.0	11603.130339	11604.995620999998	11605.775832	11606.159328999998	11602.348098999999	11605.227458			3.0	2.0	0.0	3.0					
11610.025	20.582000000000335	trials	24.0	11627.700281	11629.405542999999	11630.297843	11630.677994	11626.819199	11629.721275			3.0	2.0	0.0	3.0					
11632.555	40.07999999999993	trials	24.0	11668.579396	11670.342986	11671.099780999999	11671.335702	11667.767769999999	11670.569877999998	11671.741	11672.635	3.0	2.0	1.0	1.0					
11674.671	41.623999999999796	trials	24.0	11712.774028	11713.942782999999	11714.747491999999	11714.965144	11711.798642	11714.168146	11715.239	11716.295	3.0	2.0	1.0	1.0					
11719.375	10.084999999999127	trials	24.0	11725.224310999998	11726.89443	11727.719083	11727.986273999999	11724.631625999999	11727.149571999998	11728.43	11729.46	3.0	2.0	1.0	1.0					
11733.552	10.268000000000029	trials	24.0	11741.219528	11742.765515	11743.563413	11743.902415999999	11740.435669999999	11743.006086			3.0	2.0	0.0	3.0					
11747.906	1001.3639999999996	BlockDesign														1.0	586.0	627.0	50.0	50.0
11747.906	21.648999999999432	trials	25.0	11765.022126	11767.037767999998	11767.881007	11768.080678999999	11764.266436999998	11767.312993	11768.445	11769.555	3.0	2.0	1.0	1.0					
11772.576	50.18600000000151	trials	25.0	11820.084914	11821.742858	11822.437392	11822.833394	11819.232235	11821.987129			2.0	1.0	0.0	3.0					
11826.681	11.128999999998996	trials	25.0	11833.939331	11835.241379	11836.043668999999	11836.30466	11833.154967999999	11835.594371	11836.77	11837.81	2.0	1.0	1.0	1.0					
11839.872	6.958000000000538	trials	25.0	11844.374844999998	11845.843137	11846.574536	11846.863414	11843.368703	11846.003077			3.0	2.0	0.0	3.0					
11848.876	14.088999999999942	trials	25.0	11860.029512	11861.896536999999	11862.656459	11862.975102	11859.340194	11862.126161			3.0	2.0	0.0	3.0					
11865.986	14.78399999999965	trials	25.0	11876.960320999999	11878.267323999999	11879.185065999998	11879.402608999999	11876.395272999998	11878.555197999998	11879.84	11880.77	3.0	2.0	1.0	1.0					
11882.859	34.626000000000204	trials	25.0	11914.420411	11916.134501999999	11917.065319	11917.567197	11913.863890999999	11916.531042999999			2.0	1.0	0.0	3.0					
11920.421	25.939000000000306	trials	25.0	11942.491558999998	11943.864019999999	11944.568153	11944.765507999999	11941.957993	11944.113911999999	11945.355	11946.36	2.0	1.0	1.0	1.0					
11950.425	9.784999999999854	trials	25.0	11954.580280999999	11956.377298	11957.170321999998	11957.418523999999	11954.015211999998	11956.625028999999	11957.775	11960.21	3.0	2.0	1.0	1.0					
11962.271	13.78899999999885	trials	25.0	11971.491813999999	11972.922239	11974.299047999999	11974.647364999999	11970.688747999999	11973.622824999999	11974.96	11976.06	3.0	2.0	1.0	1.0					
11979.145	7.9099999999998545	trials	25.0	11984.786866999999	11985.917306	11986.741277	11987.07965	11983.968017	11986.139004999999			2.0	2.0	0.0	3.0					
11989.11	22.743999999998778	trials	25.0	12009.250560999999	12010.727760999998	12011.533930999998	12011.935255	12008.562151999999	12010.993875999999			3.0	2.0	0.0	3.0					
12014.781	23.17899999999827	trials	25.0	12034.180413999999	12035.361742	12036.111292999998	12036.306798999998	12033.631694	12035.642471	12036.79	12037.96	2.0	1.0	1.0	1.0					
12042.01	7.096999999999753	trials	25.0	12046.665745999999	12047.906867	12048.756628	12049.065090999999	12046.050342999999	12048.301151			2.0	1.0	0.0	3.0					
12052.188	39.48099999999977	trials	25.0	12089.270494	12090.526886	12091.362525999999	12091.719749	12088.723838	12090.784552			3.0	2.0	0.0	3.0					
12093.751	25.46899999999914	trials	25.0	12114.970921999999	12116.619040999998	12117.323257	12117.520293999998	12114.231886999998	12116.87976	12117.913	12119.22	2.0	1.0	1.0	1.0					
12122.309	10.293999999999869	trials	25.0	12128.730414999998	12130.132458999999	12130.991713	12131.237264	12128.035913	12130.371754	12131.701	12132.603	3.0	2.0	1.0	1.0					
12134.696	17.388999999999214	trials	25.0	12147.313975	12149.238061999999	12149.891377	12150.097956999998	12146.339315	12149.430570999999	12150.505	12152.085	2.0	1.0	1.0	1.0					
12155.025	9.920000000000073	trials	25.0	12161.985265	12163.018005999998			12160.999876999998	12163.003631			2.0		0.0	2.0					
12166.97	74.52700000000004	trials	25.0	12238.336382	12240.381814999999	12241.205640999999	12241.573685	12237.794722999999	12240.74701			2.0	1.0	0.0	3.0					
12245.442	22.05500000000029	trials	25.0	12265.02668	12266.403103	12267.123203000001	12267.545756000001	12264.144157	12266.607047000001			3.0	2.0	0.0	3.0					
12269.546	31.058999999999287	trials	25.0	12298.005355000001	12299.572388	12300.264667000001	12300.660896000001	12297.094751	12299.852786000001			2.0	1.0	0.0	3.0					
12303.54	25.240999999999985	trials	25.0	12324.490853000001	12326.422242	12327.259818	12327.461617	12323.903198	12326.62876	12327.935	12328.781	3.0	2.0	1.0	1.0					
12332.81	13.595000000001164	trials	25.0	12343.186049	12345.157661000001	12346.089433000001	12346.419332000001	12342.369032	12345.485036			3.0	2.0	0.0	3.0					
12348.345	52.780000000000655	trials	25.0	12396.445993000001	12398.41775	12399.147479000001	12399.381632	12395.480915	12398.674043	12399.815	12401.125	2.0	1.0	1.0	1.0					
12404.065	10.894999999998618	trials	25.0	12410.921371	12412.367955	12413.252944	12413.474861	12410.237143	12412.602337	12413.826	12414.96	3.0	2.0	1.0	1.0					
12417.0	17.68499999999949	trials	25.0	12430.916026	12432.079789000001	12432.850378000001	12433.028006	12430.110614000001	12432.309557	12433.42	12434.685	2.0	1.0	1.0	1.0					
12438.775	9.09100000000035	trials	25.0	12443.225705	12445.231361	12446.059634000001	12446.282447	12442.410395	12445.428808	12446.735	12447.866	3.0	2.0	1.0	1.0					
12450.905	13.135000000000218	trials	25.0	12461.836403000001	12463.042943	12463.790759000001	12464.062052000001	12460.897342	12463.274884			2.0	1.0	0.0	3.0					
12467.05	18.322000000000116	trials	25.0	12483.045835	12484.191227000001	12485.058355000001	12485.416877	12482.429606	12484.4668			3.0	2.0	0.0	3.0					
12487.4	27.149999999999636	trials	25.0	12512.318114	12513.453335	12514.221469	12514.60506	12511.555007	12513.763906			2.0	1.0	0.0	3.0					
12518.543	19.306000000000495	trials	25.0	12535.411244	12536.792940000001	12537.539683	12537.839873	12534.527465000001	12536.986786000001			3.0	2.0	0.0	3.0					
12540.876	19.828999999999724	trials	25.0	12557.845943	12559.716317	12560.382167	12560.778329	12557.021057	12559.929761000001			2.0	1.0	0.0	3.0					
12562.65	36.09100000000035	trials	25.0	12596.186398	12597.48211	12598.421752	12598.742806	12595.605358	12597.796632			3.0	2.0	0.0	3.0					
12600.747	16.19499999999971	trials	25.0	12614.051483000001	12615.878451	12616.601094	12617.011723	12613.200542	12616.081826			3.0	1.0	0.0	3.0					
12619.86	23.73999999999978	trials	25.0	12640.886609000001	12642.672041	12643.302716	12643.619146000001	12639.942689	12642.834916			2.0	1.0	0.0	3.0					
12646.655	23.86999999999898	trials	25.0	12666.951838	12668.029709	12668.826142	12669.04708	12666.338618	12668.315281000001	12669.451	12670.525	2.0	1.0	1.0	1.0					
12674.541	10.014000000001033	trials	25.0	12680.871667000001	12682.098229000001	12682.938538	12683.183451	12680.345290000001	12682.347145	12683.545	12684.555	3.0	2.0	1.0	1.0					
12686.64	9.101000000000568	trials	25.0	12691.456954000001	12693.293571	12694.095823	12694.291514	12690.744793	12693.541654	12694.678	12695.741	3.0	2.0	1.0	1.0					
12699.823	13.688000000000102	trials	25.0	12709.101262	12711.091871	12711.769412	12711.938434	12708.360943	12711.300431	12712.4	12713.511	2.0	1.0	1.0	1.0					
12716.591	10.623999999999796	trials	25.0	12724.476302000001	12726.123155000001	12726.892447	12727.287913	12723.530188	12726.344993			3.0	2.0	0.0	3.0					
12731.222	18.048000000000684	trials	25.0	12744.962146	12745.978392	12747.463522	12747.704446	12744.373733	12746.979921	12748.06	12749.27	2.0	1.0	1.0	1.0					
12753.296	98.9989999999998	BlockDesign														1.0	628.0	632.0	0.0	0.0
12753.296	6.298999999999069	trials	26.0	12756.577214	12758.523596	12759.182467	12759.627377	12755.700315	12758.732486			2.0	1.0	0.0	3.0					
12763.593	20.8179999999993	trials	26.0	12781.306616	12783.033986	12784.067582	12784.477594	12780.71487	12783.59216			2.0	1.0	0.0	3.0					
12787.33	17.780000000000655	trials	26.0	12802.807263	12804.079419	12804.806260000001	12805.149449	12801.94769	12804.336601			2.0	1.0	0.0	3.0					
12809.135	30.829999999999927	trials	26.0	12837.352034	12838.779676	12839.555339	12839.98734	12836.795288000001	12839.095488			2.0	1.0	0.0	3.0					
12842.95	9.344999999999345	trials	26.0	12849.707284	12851.394071	12852.024221	12852.370952000001	12848.785457	12851.574053			2.0	1.0	0.0	3.0					
12856.434	136.03100000000086	BlockDesign														1.0	633.0	637.0	0.0	0.0
12856.434	10.48700000000099	trials	27.0	12863.891800000001	12865.053933000001	12866.613791	12866.996407	12863.072531	12865.700441			3.0	2.0	0.0	3.0					
12870.875	19.990999999999985	trials	27.0	12888.636977	12889.794608	12890.536579	12890.935108	12887.823269	12889.9971			3.0	2.0	0.0	3.0					
12894.94	51.64499999999862	trials	27.0	12943.91872	12945.515973000001	12946.269072000001	12946.570699	12943.083049	12945.700340000001			3.0	2.0	0.0	3.0					
12950.591	18.495999999999185	trials	27.0	12966.292501	12968.056123	12968.742876	12969.157084	12965.348874000001	12968.226821			3.0	2.0	0.0	3.0					
12974.085	18.38000000000102	trials	27.0	12990.0377	12991.773865000001	12992.447518	12992.786228	12989.149762000001	12991.920625			3.0	2.0	0.0	3.0					
12994.798	1308.9519999999993	BlockDesign														1.0	638.0	682.0	50.0	50.0
12994.798	20.870999999999185	trials	28.0	13012.484198	13014.492223000001	13015.272425000001	13015.712134000001	13011.767974	13014.836616			2.0	1.0	0.0	3.0					
13019.625	20.590000000000146	trials	28.0	13037.592512000001	13039.099505	13039.844451	13040.291621	13036.828768000001	13039.399949			2.0	1.0	0.0	3.0					
13043.241	15.375	trials	28.0	13054.988777	13056.09452	13056.919289000001	13057.114249	13054.405756	13056.379105	13057.525	13058.616	3.0	2.0	1.0	1.0					
13061.69	15.404999999998836	trials	28.0	13073.663037	13075.161830000001			13072.896767	13075.156489			2.0		0.0	2.0					
13079.11	20.789999999999054	trials	28.0	13095.128522	13097.071485	13097.887522	13098.11441	13094.275825	13097.298557	13098.507	13099.9	3.0	2.0	1.0	1.0					
13103.955	9.8700000000008	trials	28.0	13110.988808	13112.452334	13113.515086000001	13113.826712	13109.999417	13112.911399			2.0	2.0	0.0	3.0					
13115.901	35.12700000000041	trials	28.0	13148.837995	13150.003099000001	13150.699336	13151.096515000001	13148.080579000001	13150.201256			3.0	2.0	0.0	3.0					
13153.951	20.614000000001397	trials	28.0	13171.802918000001	13173.529097	13174.23235	13174.627154	13171.008813	13173.69769			3.0	2.0	0.0	3.0					
13178.607	19.625	trials	28.0	13195.238539	13197.178349	13197.892129	13198.304372	13194.261288	13197.443737000001			2.0	1.0	0.0	3.0					
13200.155	21.090000000000146	trials	28.0	13217.219766	13218.455509000001	13219.287569	13219.583398	13216.561738	13218.767194	13220.015	13221.245	2.0	1.0	1.0	1.0					
13223.265	8.726000000000568	trials	28.0	13227.428087	13229.012432	13230.042412	13230.363491	13226.446151	13229.598671	13230.72	13231.991	2.0	1.0	1.0	1.0					
13236.073	10.266999999999825	trials	28.0	13242.633437	13243.803314	13244.682167	13244.970649	13241.729048000001	13244.028682	13245.179	13246.34	3.0	2.0	1.0	1.0					
13249.43	7.414999999999054	trials	28.0	13253.828569000001	13255.814789	13256.602814	13256.89057	13253.315624	13256.148041			2.0	1.0	0.0	3.0					
13259.855	18.520000000000437	trials	28.0	13275.673667000001	13277.388323000001	13278.132863	13278.452943	13274.779916	13277.548946			3.0	2.0	0.0	3.0					
13280.405	11.106999999999971	trials	28.0	13289.098305	13290.474367	13291.197881	13291.535171	13288.385589000001	13290.655295			3.0	2.0	0.0	3.0					
13294.44	35.06499999999869	trials	28.0	13325.373789000001	13327.176612000001	13327.941412	13328.142482000001	13324.598995	13327.421515	13328.605	13329.505	3.0	2.0	1.0	1.0					
13331.525	62.149999999999636	trials	28.0	13390.539174000001	13391.741806			13389.642139	13391.724695			2.0		0.0	2.0					
13396.735	75.02499999999964	trials	28.0	13468.799047	13469.827586000001	13470.342050000001	13470.629669	13467.982331000001	13469.819792			3.0		0.0	2.0					
13474.815	25.23999999999978	trials	28.0	13497.624967	13498.121107			13497.011839	13498.107874000001			3.0		0.0	2.0					
13504.08	58.375	trials	28.0	13558.714607	13560.209186	13560.797447	13561.009067	13557.710871000001	13560.258515000001			3.0	2.0	1.0	1.0					
13566.545	60.95000000000073	trials	28.0	13623.624727	13624.811146	13625.729959	13625.932211000001	13622.948164000001	13625.096537000001	13626.315	13627.495	2.0	1.0	1.0	1.0					
13629.51	17.24499999999898	trials	28.0	13644.084872	13645.706823	13646.43122	13646.833312	13643.532668	13645.911287			2.0	1.0	0.0	3.0					
13649.78	30.506999999999607	trials	28.0	13677.236659	13679.18144	13679.976917	13680.337227	13676.314535000001	13679.457562			2.0	1.0	0.0	3.0					
13682.294	30.536000000000058	trials	28.0	13710.000235	13711.806766	13712.497855000001	13712.909531000001	13709.330195	13711.993601			3.0	2.0	0.0	3.0					
13714.75	38.3799999999992	trials	28.0	13750.630312000001	13752.026542	13752.752023000001	13753.208425	13749.992017	13752.206836000001			3.0	2.0	0.0	3.0					
13756.07	37.417999999999665	trials	28.0	13790.325764000001	13792.172065	13793.123714000001	13793.524711	13789.385308	13792.622747000001			2.0	1.0	0.0	3.0					
13797.425	15.610000000000582	trials	28.0	13810.240961	13811.903041000001	13812.747382000001	13813.111714	13809.343292000001	13812.092564			3.0	2.0	0.0	3.0					
13816.065	47.800999999999476	trials	28.0	13859.855411	13861.490264	13862.154919	13862.352461	13859.017768	13861.595954	13862.664	13863.866	3.0	2.0	1.0	1.0					
13865.808	46.097999999999956	trials	28.0	13909.140514	13910.75981	13911.606689	13911.974005	13908.271343	13910.977652000001			2.0	2.0	0.0	3.0					
13913.977	24.609999999998763	trials	28.0	13935.900119	13937.475667	13938.20449	13938.610190000001	13935.229649	13937.702555			2.0	1.0	0.0	3.0					
13942.515	18.775000000001455	trials	28.0	13957.725389000001	13959.034349000001	13959.787024000001	13959.997336	13956.747795000001	13959.263546	13960.58	13961.29	3.0	2.0	1.0	1.0					
13964.331	43.51900000000023	trials	28.0	14003.885786	14005.326446000001	14006.009707000001	14006.219438	14003.048923	14005.521702	14006.725	14007.85	2.0	1.0	1.0	1.0					
14011.0	11.490999999999985	trials	28.0	14019.996301000001	14021.542703000001	14022.237455	14022.545135	14019.319031	14021.723447			3.0	2.0	0.0	3.0					
14024.5	24.105999999999767	trials	28.0	14044.350884	14045.835397	14046.635538	14046.88696	14043.569734	14046.121406	14047.305	14048.606	2.0	1.0	1.0	1.0					
14051.695	48.1200000000008	trials	28.0	14097.327073	14098.815106	14099.443948	14099.892149000001	14096.693008	14098.983385			3.0	2.0	0.0	3.0					
14102.75	11.770000000000437	trials	28.0	14110.561928000001	14111.765108	14112.525746000001	14112.737062	14109.751262	14111.984452	14113.185	14114.52	2.0	1.0	1.0	1.0					
14118.575	18.305999999998676	trials	28.0	14133.407714	14134.565305	14135.237831	14135.536847000001	14132.85658	14134.750847000001	14135.825	14136.881	3.0	2.0	1.0	1.0					
14138.965	11.209999999999127	trials	28.0	14146.271372000001	14147.758166	14148.484601	14148.642449	14145.277807	14147.913749000001	14149.08	14150.175	3.0	2.0	1.0	1.0					
14154.195	20.921000000000276	trials	28.0	14172.532684	14173.864882	14174.762719	14175.192148	14171.549965	14174.297572			2.0	1.0	0.0	3.0					
14177.08	17.215000000000146	trials	28.0	14191.158070000001	14192.417563	14193.24055	14194.374442	14190.34463	14192.650061			2.0	1.0	0.0	3.0					
14196.547	14.838999999999942	trials	28.0	14207.827309	14209.454488000001	14210.784634	14211.102455	14207.112535	14209.446029			3.0		0.0	2.0					
14213.437	23.528000000000247	trials	28.0	14234.078143	14235.57053	14236.647014	14237.022802	14233.365497	14236.116913			3.0	2.0	0.0	3.0					
14238.965	20.3799999999992	trials	28.0	14256.896381	14258.038777	14259.105619	14259.340786	14255.973913	14258.597600000001			2.0	1.0	0.0	3.0					
14262.421	26.279999999998836	trials	28.0	14284.011751	14286.064724	14286.836933	14287.012466	14283.073888	14286.285922000001	14287.385	14288.701	2.0	1.0	1.0	1.0					
14292.845	10.905000000000655	trials	28.0	14299.981649000001	14301.29183	14302.133129	14302.329544	14299.290107	14301.546138000002	14302.68	14303.75	3.0	2.0	1.0	1.0					
14307.878	422.46199999999953	BlockDesign														1.0	683.0	702.0	10.0	50.0
14307.878	12.141999999999825	trials	29.0	14315.872318000002	14317.241297	14318.107065	14318.26337	14315.248561	14317.498475	14318.701	14320.02	1.0	2.0	1.0	1.0					
14324.095	10.909999999999854	trials	29.0	14330.872087	14332.654934	14333.374244	14333.591627	14330.221922	14332.832087	14333.951	14335.005	1.0	2.0	1.0	1.0					
14337.091	12.068999999999505	trials	29.0	14345.187911	14346.293661	14347.288817	14347.648067	14344.494076	14346.671329	14347.975	14349.16	1.0	2.0	1.0	1.0					
14353.205	23.335000000000946	trials	29.0	14372.347019	14374.063534	14374.874106000001	14375.046216	14371.370146000001	14374.374024	14375.645	14376.54	1.0	2.0	1.0	1.0					
14379.6	11.181000000000495	trials	29.0	14386.533628000001	14388.392354	14389.120054	14389.328776	14385.571805	14388.601178	14389.656	14390.781	1.0	2.0	1.0	1.0					
14393.875	11.534999999999854	trials	29.0	14401.327666000001	14402.994469000001	14403.776572	14404.005256	14400.382566	14403.205469	14404.42	14405.41	1.0	2.0	1.0	1.0					
14409.44	21.55999999999949	trials	29.0	14427.097097	14428.313617	14429.158864	14429.384089000001	14426.464472	14428.616114	14429.805	14431.0	1.0	2.0	1.0	1.0					
14435.05	22.50500000000102	trials	29.0	14454.691705000001	14455.983637000001	14457.096466	14457.632198	14454.178283000001	14456.538575			1.0	2.0	0.0	3.0					
14460.41	20.336999999999534	trials	29.0	14477.832714	14479.653844	14480.388412	14480.779412	14477.054805	14479.897287			1.0	2.0	0.0	3.0					
14484.765	57.97600000000057	trials	29.0	14539.542843000001	14540.818996	14541.695429	14541.939952	14538.971959	14541.034799000001			1.0	2.0	1.0	1.0					
14545.22	10.755000000001019	trials	29.0	14552.772560000001	14554.629578	14555.452006	14556.052198000001	14551.922684000001	14554.860633			1.0	2.0	0.0	3.0					
14558.794	13.77599999999984	trials	29.0	14568.798278	14569.839301	14570.856783000001	14571.047231	14567.857478	14570.318632	14571.515	14572.57	1.0	2.0	1.0	1.0					
14574.625	16.590000000000146	trials	29.0	14587.113968000001	14588.457203	14589.432396	14589.728273	14586.59498	14588.809292	14590.0	14591.215	1.0	2.0	1.0	1.0					
14594.235	13.144999999998618	trials	29.0	14603.27281	14604.893168	14605.736453000001	14605.95826	14602.457436	14605.128044000001	14606.37	14607.38	1.0	2.0	1.0	1.0					
14611.419	7.128000000000611	trials	29.0	14615.857235	14617.406045	14618.147976	14618.510672	14614.864307	14617.586492			1.0	2.0	0.0	3.0					
14621.525	25.659999999999854	trials	29.0	14644.173194	14645.835302	14646.627035000001	14647.265627	14643.362885	14646.076108000001			1.0	2.0	0.0	3.0					
14648.866	31.363999999999578	trials	29.0	14675.413174000001	14677.079959	14677.909829	14678.072269	14674.689826	14677.376102	14678.525	14680.23	1.0	2.0	1.0	1.0					
14682.25	8.444999999999709	trials	29.0	14688.048141000001	14689.600285	14690.44472	14690.738208	14687.450296	14689.85255			1.0	2.0	0.0	3.0					
14692.705	16.95100000000093	trials	29.0	14707.058018	14708.479634	14709.411941	14709.677665000001	14706.061033	14708.865574			1.0	1.0	0.0	3.0					
14713.665	16.674999999999272	trials	29.0	14727.512865	14729.464906000001	14730.285381000002	14730.636826	14726.978675	14729.719942			1.0	1.0	0.0	3.0					
14732.611	332.4649999999983	BlockDesign														1.0	703.0	722.0	50.0	90.0
14732.611	22.198999999998705	trials	30.0	14751.039466	14752.515217	14753.294873	14753.488694	14750.412389000001	14752.731079000001	14753.84	14754.81	1.0	2.0	1.0	1.0					
14758.903	6.746999999999389	trials	30.0	14761.817795	14763.310184	14764.096531000001	14764.280831	14761.158512	14763.52247	14764.755	14765.65	1.0	2.0	1.0	1.0					
14768.735	9.224999999998545	trials	30.0	14773.740044	14775.251461	14776.068044	14776.285271	14773.069895	14775.524025	14776.705	14777.96	1.0	2.0	1.0	1.0					
14780.86	17.93499999999949	trials	30.0	14794.203488000001	14796.175098	14796.96724	14797.147517000001	14793.372665	14796.341299	14797.675	14798.795	1.0	2.0	1.0	1.0					
14802.872	10.26300000000083	trials	30.0	14808.69958	14810.482800000002	14811.376715	14811.561426	14808.089076	14810.794708000001	14811.991	14813.135	1.0	2.0	1.0	1.0					
14816.165	10.474999999998545	trials	30.0	14821.173419	14823.089750000001	14825.071313	14825.305622	14820.520208	14823.301940000001	14825.785	14826.64	1.0	2.0	1.0	1.0					
14829.731	8.434000000001106	trials	30.0	14833.953804	14835.144905000001	14836.228424	14836.526643000001	14833.386703	14835.65039	14837.0	14838.165	1.0	2.0	1.0	1.0					
14840.04	11.16099999999824	trials	30.0	14846.828949	14848.522532	14849.439854	14849.679491	14845.852819	14848.795250000001	14850.15	14851.201	1.0	2.0	1.0	1.0					
14855.22	7.905000000000655	trials	30.0	14858.628839	14860.295437	14861.128677	14861.332469	14857.868297	14860.577486	14861.76	14863.125	1.0	2.0	1.0	1.0					
14866.19	10.039999999999054	trials	30.0	14871.523492	14873.43551	14874.225493	14874.566779	14870.746274000001	14873.700007	14874.77	14876.23	1.0	2.0	1.0	1.0					
14880.278	7.076999999999316	trials	30.0	14884.753745	14885.965444000001	14886.960439	14887.433486	14883.845831	14886.323066			1.0	2.0	0.0	3.0					
14890.27	26.914999999999054	trials	30.0	14913.079108	14914.462707	14915.448811	14915.722034	14912.199949	14914.922671	14916.005	14917.185	1.0	2.0	1.0	1.0					
14920.205	10.860000000000582	trials	30.0	14926.643648000001	14928.490748	14929.433977	14929.624638000001	14926.040822	14928.781583	14930.02	14931.065	1.0	2.0	1.0	1.0					
14933.156	8.673999999999069	trials	30.0	14938.228376000001	14939.560138	14940.829699	14941.041757	14937.462687000001	14940.240562			1.0	2.0	1.0	1.0					
14946.37	15.844999999999345	trials	30.0	14957.594044000001	14959.626398	14960.528668	14960.700371	14956.7762	14959.859964000001	14961.095	14962.215	1.0	2.0	1.0	1.0					
14966.3	29.820000000001528	trials	30.0	14991.813691	14993.548096	14994.498397	14994.738619	14990.986228000002	14993.825682	14995.12	14996.12	1.0	2.0	1.0	1.0					
14998.137	10.112999999999374	trials	30.0	15003.825853	15005.600764	15006.454575	15006.638182	15003.200552	15005.851369	15007.07	15008.25	1.0	2.0	1.0	1.0					
15010.33	14.135000000000218	trials	30.0	15020.249744	15021.713517	15022.666430000001	15023.006596000001	15019.33634	15021.963007	15023.36	15024.465	1.0	2.0	1.0	1.0					
15028.56	11.944999999999709	trials	30.0	15037.615865	15039.345914000001	15040.205444000001	15040.568752000001	15036.651427	15039.600561000001			1.0	2.0	0.0	3.0					
15042.511	22.56499999999869	trials	30.0	15060.969146	15062.247403000001	15063.476087000001	15063.651705	15060.456212000001	15062.868665	15064.18	15065.076	1.0	2.0	1.0	1.0					
15069.216	123.15899999999965	BlockDesign														1.0	723.0	727.0	0.0	0.0
15069.216	7.468999999999141	trials	31.0	15073.919462	15075.412274	15076.357722	15076.69946	15073.355975	15075.693566			1.0	2.0	0.0	3.0					
15079.616	19.875	trials	31.0	15095.389298	15097.261037	15099.177416	15099.209239	15094.736371	15097.809302000001			1.0	1.0	0.0	3.0					
15103.515	52.45499999999993	trials	31.0	15153.304616000001	15154.855988	15155.712071	15155.981012	15152.646202	15155.069254			1.0	1.0	0.0	3.0					
15159.98	12.298000000000684	trials	31.0	15169.661404	15171.291536	15171.983575	15172.361244	15168.965191	15171.484987			1.0	2.0	0.0	3.0					
15176.245	16.1299999999992	trials	31.0	15189.944149	15191.162032	15192.35894	15192.715001	15189.284503	15191.771045000001			1.0	1.0	0.0	3.0					
15195.635	404.5550000000003	BlockDesign														1.0	728.0	753.0	90.0	50.0
15195.635	16.1929999999993	trials	32.0	15209.184277	15210.614944	15211.491794000001	15211.834501000001	15208.399772	15210.846862			1.0	2.0	0.0	3.0					
15215.76	20.5	trials	32.0	15232.375087	15233.484208	15234.432562	15234.679006	15231.47867	15233.728777	15235.01	15236.26	1.0	1.0	1.0	1.0					
15240.315	9.284999999999854	trials	32.0	15245.024334000002	15247.002821	15247.82447	15248.000645	15244.457428000002	15247.205801	15248.495	15249.6	1.0	1.0	1.0	1.0					
15252.68	8.784999999999854	trials	32.0	15257.595052	15259.007078	15259.829813	15260.031452000001	15256.826675	15259.196893	15260.42	15261.465	1.0	2.0	1.0	1.0					
15263.492	7.632999999999811	trials	32.0	15268.919818	15269.987719	15270.828281	15271.193622	15267.951934	15270.22955			1.0	2.0	0.0	3.0					
15275.19	20.476999999998952	trials	32.0	15293.201155	15294.432778	15295.342408	15295.740421	15292.223414	15294.715288			1.0	2.0	0.0	3.0					
15299.64	33.13000000000102	trials	32.0	15328.728012999998	15330.009715999999	15330.857981	15331.066772999999	15328.131216999998	15330.215057	15331.576	15332.77	1.0	1.0	1.0	1.0					
15334.8	9.3700000000008	trials	32.0	15340.349299999998	15342.347708	15343.116678999999	15343.316649999999	15339.620393	15342.548266999998			1.0	1.0	1.0	1.0					
15348.732	8.292999999999665	trials	32.0	15353.04761	15354.181501	15355.056031999999	15355.255287999998	15352.153375999998	15354.534091	15355.62	15357.025	1.0	1.0	1.0	1.0					
15361.08	6.760000000000218	trials	32.0	15363.547729999998	15364.634028999999	15365.810782999999	15366.040626999998	15362.855898999998	15365.272357999998	15366.531	15367.84	1.0	1.0	1.0	1.0					
15371.92	7.020000000000437	trials	32.0	15375.143209999998	15377.074603	15377.845709	15378.023726	15374.469996999998	15377.286191			1.0	1.0	1.0	1.0					
15382.445	11.5	trials	32.0	15389.562971	15390.81647	15391.666812999998	15391.843652999998	15388.951270999998	15391.100702	15392.224	15393.945	1.0	1.0	1.0	1.0					
15395.86	19.81499999999869	trials	32.0	15411.587457999998	15412.766107	15413.568623	15413.794684999999	15410.968321999999	15413.00786	15414.25	15415.675	1.0	1.0	1.0	1.0					
15417.72	12.0	trials	32.0	15424.313484999999	15426.278809	15427.643836	15427.89613	15423.696528999999	15426.536268999998	15428.231	15429.72	1.0	2.0	1.0	1.0					
15431.741	10.189000000000306	trials	32.0	15437.717399	15439.044571999999	15439.792000999998	15439.975935999999	15436.731697	15439.240343	15440.485	15441.93	1.0	1.0	1.0	1.0					
15444.02	8.959999999999127	trials	32.0	15448.947919999999	15450.105609999999	15450.975406	15451.159899999999	15448.301564	15450.448519999998	15451.656	15452.98	1.0	1.0	1.0	1.0					
15455.028	7.947000000000116	trials	32.0	15459.764716999998	15460.910086999998			15458.907614	15460.904578999998			1.0		0.0	2.0					
15466.03	18.251000000000204	trials	32.0	15479.958153	15481.744999999999	15482.495267999999	15482.728342999999	15479.203499	15481.922819	15483.27	15484.281	1.0	1.0	1.0	1.0					
15488.372	14.010000000000218	trials	32.0	15499.038051999998	15501.091188999999	15501.930393999999	15502.373225	15498.44228	15501.288122999998			1.0	2.0	0.0	3.0					
15505.31	17.024999999999636	trials	32.0	15518.288154999998	15519.629719999999	15520.579244999999	15520.758832	15517.597831	15519.934093999998	15521.241	15522.335	1.0	2.0	1.0	1.0					
15525.439	11.820999999999913	trials	32.0	15532.743316999999	15534.522153999998	15535.273062999999	15535.471391	15531.793391	15534.753322999999	15535.866	15537.26	1.0	1.0	1.0	1.0					
15539.275	13.94000000000051	trials	32.0	15548.877918999999	15550.435763	15551.2172	15551.42614	15548.167613999998	15550.662355999999	15541.32	15553.215	1.0	1.0	1.0	1.0					
15555.305	9.994999999998981	trials	32.0	15560.418388999999	15562.476777999998	15563.245051999998	15563.477243	15559.741627	15562.751073999998	15564.025	15565.3	1.0	1.0	1.0	1.0					
15567.385	9.860000000000582	trials	32.0	15572.929919999999	15574.521149999999	15575.274028999998	15575.579088999999	15572.022857999998	15574.779870999999	15575.995	15577.245	1.0	1.0	1.0	1.0					
15579.343	9.581999999998516	trials	32.0	15584.518914999999	15586.037858	15586.939686999998	15587.118838999999	15583.624053999998	15586.388544999998	15587.685	15588.925	1.0	1.0	1.0	1.0					
15592.011	8.179000000000087	trials	32.0	15595.257973	15597.355366	15598.027246	15598.263727999998	15594.559426999998	15597.520053999999	15598.86	15600.19	1.0	1.0	1.0	1.0					
15604.33	419.4899999999998	BlockDesign														1.0	754.0	774.0	50.0	10.0
15604.33	7.434999999999491	trials	33.0	15607.523979999998	15608.794977999998	15609.734478999999	15609.971962	15606.612771999999	15609.190862	15610.375	15611.765	1.0	1.0	1.0	1.0					
15615.875	5.960999999999331	trials	33.0	15619.003271	15620.660838999998	15621.452572999999	15621.812875999998	15618.395035	15620.937718			1.0	1.0	0.0	3.0					
15625.778	25.922999999998865	trials	33.0	15648.418351999999	15650.446064999998	15651.336850999998	15651.659361999999	15647.597092999998	15650.688858			1.0	2.0	0.0	3.0					
15655.717	32.701999999999316	trials	33.0	15685.698932	15687.247672999998	15688.05179	15688.381028	15684.782388999998	15687.445891			1.0	2.0	0.0	3.0					
15691.425	9.704999999999927	trials	33.0	15698.268994999999	15699.933475999998	15700.772861	15701.096631999999	15697.460356	15700.178471			1.0	1.0	0.0	3.0					
15703.21	25.115999999999985	trials	33.0	15725.284054999998	15727.179707	15727.946688999999	15728.303832999998	15724.508179999999	15727.370112999999			1.0	2.0	0.0	3.0					
15730.335	29.83900000000176	trials	33.0	15757.693984999998	15759.005462	15759.796188999999	15760.134972999998	15756.733483999998	15759.225837999998			1.0	1.0	0.0	3.0					
15762.171	18.189000000000306	trials	33.0	15777.15902	15779.105908999998	15780.063358	15780.303070999998	15776.615375	15779.55785			1.0	1.0	0.0	3.0					
15782.372	18.773000000001048	trials	33.0	15798.680472999999	15800.128051	15800.847815	15801.086404999998	15797.684976999999	15800.339136999999			1.0	1.0	0.0	3.0					
15805.156	22.79899999999907	trials	33.0	15823.189529	15825.237161	15826.071985999999	15826.288985	15822.463172	15825.565392999999	15826.745	15827.955	1.0	1.0	1.0	1.0					
15831.105	10.614999999999782	trials	33.0	15837.350459	15838.881774999998	15839.705764999999	15839.930946999999	15836.763552999999	15839.193523999998	15840.495	15841.72	1.0	1.0	1.0	1.0					
15844.801	8.924000000000888	trials	33.0	15849.824207	15850.946578	15851.623452	15851.808616999999	15849.084562999999	15851.121865	15852.375	15853.725	1.0	1.0	1.0	1.0					
15856.815	7.204999999999927	trials	33.0	15861.168871999998	15862.804021999998	15863.620615999998	15864.040723999999	15860.402102999999	15863.052778			1.0	1.0	0.0	3.0					
15865.935	18.454999999999927	trials	33.0	15882.016139	15883.161193999998	15883.949005999999	15884.410777	15881.309980999999	15883.395845			1.0	1.0	0.0	3.0					
15888.375	15.600000000000364	trials	33.0	15900.954156	15902.963365999998	15903.604682	15903.900598999999	15900.138985999998	15903.138657999998			1.0	1.0	0.0	3.0					
15907.982	9.917999999999665	trials	33.0	15914.774517999998	15915.912342999998	15916.533392	15916.887523	15913.893025	15915.894946999999			1.0		0.0	2.0					
15920.935	50.73500000000058	trials	33.0	15967.199465999998	15968.907646	15969.575745999999	15969.770073	15966.218861	15969.112	15970.25	15971.67	1.0	1.0	1.0	1.0					
15975.758	6.032000000001062	trials	33.0	15977.780523	15979.246243999998	15979.885143999998	15980.163170999998	15976.902118999998	15979.459810999999	15980.625	15981.79	1.0	1.0	1.0	1.0					
15984.877	10.57799999999952	trials	33.0	15992.755233999998	15993.906518	15995.023249999998	15995.478313999998	15992.240893999999	15994.442152999998			1.0	2.0	0.0	3.0					
15997.341	15.41399999999885	trials	33.0	16008.384391999998	16010.214946999999	16010.946182	16011.141097	16007.422562	16010.402671999998	16011.546	16012.755	1.0	1.0	1.0	1.0					
16014.775	9.045000000000073	trials	33.0	16019.250048999998	16021.091448	16021.826543	16022.038888	16018.548639999999	16021.326277999999	16022.5	16023.82	1.0	1.0	1.0	1.0					
16026.963	357.5519999999997	BlockDesign														1.0	775.0	794.0	50.0	0.0
16026.963	6.3070000000006985	trials	34.0	16030.574703999999	16032.2267	16032.903747999999	16033.272174999998	16029.832992999998	16032.46856			2.0	1.0	0.0	3.0					
16037.276	12.96900000000096	trials	34.0	16047.62957	16049.162833999999	16049.934425	16050.244189	16046.973985999999	16049.415841999999			2.0	1.0	0.0	3.0					
16052.251	20.28900000000067	trials	34.0	16068.084791	16069.580386999998	16070.610359999999	16070.831662999999	16067.536751	16070.108170999998	16071.305	16072.54	2.0	1.0	1.0	1.0					
16074.629	11.325999999999112	trials	34.0	16081.360531999999	16083.362188	16084.055215999999	16084.259947999999	16080.652795999998	16083.602157	16084.646	16085.955	2.0	1.0	1.0	1.0					
16089.029	9.245999999999185	trials	34.0	16093.820816	16095.02213	16096.229469999998	16096.446498	16093.300378999998	16095.729388	16096.906	16098.275	2.0	1.0	1.0	1.0					
16100.35	9.239999999999782	trials	34.0	16105.085041999999	16106.724815	16107.465327999998	16107.673953999998	16104.312822999998	16106.972956999998	16108.125	16109.59	2.0	1.0	1.0	1.0					
16111.705	8.305000000000291	trials	34.0	16116.806535999998	16118.630668999998	16119.627578	16119.955632	16115.964627999998	16119.166548			2.0	1.0	0.0	3.0					
16124.03	24.013999999999214	trials	34.0	16145.160195999999	16146.799630999998	16147.601819	16148.037370999999	16144.175130999998	16147.027162999999			2.0	1.0	0.0	3.0					
16150.015	25.27900000000045	trials	34.0	16172.655467999999	16174.009348999998	16174.927983	16175.295183999999	16171.959889999998	16174.281997999999			2.0	2.0	0.0	3.0					
16179.232	13.799000000000888	trials	34.0	16188.655514999999	16190.301641999999	16191.021772999999	16191.234104	16187.794918999998	16190.550124999998	16191.665	16193.031	2.0	1.0	1.0	1.0					
16195.125	7.406000000000859	trials	34.0	16199.760428	16201.421756	16202.171472999999	16202.463136999999	16199.032637999999	16201.707959			2.0	1.0	0.0	3.0					
16205.544	17.063000000000102	trials	34.0	16219.6418	16221.345419	16222.262362	16222.617239	16218.987025999999	16221.775928			2.0	1.0	0.0	3.0					
16225.655	26.18499999999949	trials	34.0	16249.616396	16250.786683999999	16251.546041	16251.717397999999	16248.806344999999	16251.081128999998			2.0	1.0	0.0	3.0					
16255.89	12.951000000000931	trials	34.0	16266.010483999999	16267.217908999999	16268.468031999999	16268.803464999999	16265.482767999998	16267.946543999999			2.0	1.0	0.0	3.0					
16270.785	41.655000000000655	trials	34.0	16308.380518999998	16309.809067999999	16310.542817	16310.735289999999	16307.78077	16310.050021	16311.22	16312.44	2.0	1.0	1.0	1.0					
16314.501	12.66400000000067	trials	34.0	16322.970808999999	16324.510643	16325.219947	16325.421368	16322.189160999998	16324.728970999999	16325.866	16327.165	2.0	1.0	1.0	1.0					
16330.254	8.63299999999981	trials	34.0	16336.065781999998	16337.552183	16338.498892	16338.85897	16335.410618999998	16337.999941999999			2.0	1.0	0.0	3.0					
16340.872	14.07300000000032	trials	34.0	16350.615703	16352.087163999999	16352.914572999998	16353.109389	16349.817230999999	16352.372137999999	16353.585	16354.945	2.0	1.0	1.0	1.0					
16356.965	9.941000000000713	trials	34.0	16363.867009	16365.883843999998	16366.55474	16366.897228999998	16363.244141	16366.113694999998			2.0	1.0	0.0	3.0					
16370.919	13.595999999999549	trials	34.0	16379.635271	16380.881475999999	16382.235988999999	16382.489429	16379.106326	16381.588978	16383.07	16384.515	2.0	1.0	1.0	1.0					
16386.545	491.32100000000355	BlockDesign														0.0	795.0	814.0	0.0	50.0
16386.545	13.815000000002328	trials	35.0	16396.324784	16397.76112	16398.544222999997	16398.783561	16395.354790999998	16397.944292	16399.0	16400.36	3.0	2.0	1.0	1.0					
16402.38	45.50499999999738	trials	35.0	16445.075887	16446.522938	16447.513779999997	16447.870441	16444.515604	16446.902732			3.0	2.0	0.0	3.0					
16451.935	21.76599999999962	trials	35.0	16469.182664	16471.148794	16471.911389	16472.068350999998	16468.320660999998	16471.360287	16472.48	16473.701	3.0	2.0	1.0	1.0					
16476.72	10.039999999997235	trials	35.0	16483.86736	16485.54722	16486.386040999998	16486.721081	16483.035660999998	16485.771997			3.0	2.0	0.0	3.0					
16490.841	31.074000000000524	trials	35.0	16518.670878999998	16520.044693	16520.85386	16521.061555	16518.07404	16520.299660999997			3.0	2.0	1.0	1.0					
16524.39	9.942999999999302	trials	35.0	16531.845704	16533.086803	16533.934702	16534.326901	16531.24885	16533.316515			3.0	2.0	0.0	3.0					
16537.333	18.94800000000032	trials	35.0	16553.501252	16555.21112	16555.982668999997	16556.301569	16552.696668999997	16555.416838999998			3.0	2.0	0.0	3.0					
16558.445	48.96099999999933	trials	35.0	16602.471005	16604.483017	16605.212032	16605.440756	16601.669203999998	16604.674407	16605.96	16607.406	3.0	2.0	1.0	1.0					
16609.485	39.279999999998836	trials	35.0	16644.166691	16646.001571	16646.84503	16647.064996999998	16643.328928	16646.20355	16647.491	16648.765	3.0	2.0	1.0	1.0					
16652.82	8.80199999999968	trials	35.0	16658.442461	16660.394921	16661.234983	16661.586393999998	16657.811191	16660.615018999997			3.0	2.0	0.0	3.0					
16663.619	18.52100000000064	trials	35.0	16677.607331	16679.033708	16680.087202	16680.291151999998	16676.596030999997	16679.470706	16680.815	16682.14	3.0	2.0	1.0	1.0					
16685.235	11.34100000000035	trials	35.0	16694.162100999998	16695.306155	16696.203363999997	16696.481353	16693.175908999998	16695.551126			3.0	2.0	0.0	3.0					
16698.625	20.215000000000146	trials	35.0	16714.386316	16716.093322	16717.081437999997	16717.265096	16713.683114	16716.43667	16717.755	16718.84	3.0	2.0	1.0	1.0					
16721.86	12.485000000000582	trials	35.0	16731.171994	16733.043503999997	16733.974414999997	16734.275167	16730.54015	16733.329648			3.0	2.0	0.0	3.0					
16738.351	18.77400000000125	trials	35.0	16753.582163	16755.187949	16756.800648999997	16757.14456	16753.057762999997	16756.145953			3.0	2.0	0.0	3.0					
16759.196	16.949000000000524	trials	35.0	16773.336826	16774.774027	16775.849453	16776.169742	16772.583921999998	16775.266369999998			3.0	1.0	0.0	3.0					
16778.225	19.226000000002387	trials	35.0	16793.2217	16794.788846	16795.807270999998	16796.002534	16792.262233999998	16795.164182	16796.495	16797.451	3.0	2.0	1.0	1.0					
16801.47	32.19499999999971	trials	35.0	16829.377511	16831.069229	16831.934434	16832.156928999997	16828.611928	16831.320484	16832.65	16833.665	3.0	2.0	1.0	1.0					
16835.681	18.54899999999907	trials	35.0	16851.591852999998	16852.834155999997	16853.868829	16854.243330999998	16850.855938	16853.237917			3.0	2.0	0.0	3.0					
16857.241	20.625	trials	35.0	16875.062977999998	16876.837117	16877.784228	16878.117544999997	16874.4895	16877.201259999998			3.0	2.0	0.0	3.0					
16882.1	331.41100000000006	BlockDesign														0.0	815.0	830.0	50.0	50.0
16882.1	17.510000000002037	trials	36.0	16896.487861999998	16897.59854	16899.121651999998	16899.632587	16895.560717	16898.581904			2.0	1.0	0.0	3.0					
16902.419	16.870999999999185	trials	36.0	16914.268960999998	16916.08654	16917.390142	16917.571921	16913.55271	16916.886089	16917.958	16919.29	2.0	1.0	1.0	1.0					
16922.372	8.81300000000192	trials	36.0	16926.667522	16927.936943	16928.782094	16928.97088	16926.111716	16928.127699999997	16929.39	16931.185	3.0	2.0	1.0	1.0					
16933.201	13.653999999998632	trials	36.0	16942.663023999998	16944.067411	16944.851468	16945.07106	16941.925240999997	16944.325939	16945.465	16946.855	2.0	1.0	1.0	1.0					
16948.955	8.729999999999563	trials	36.0	16954.624169	16956.505885	16957.259432	16957.643461	16953.654985999998	16956.538075999997			3.0	2.0	0.0	3.0					
16961.63	17.43000000000029	trials	36.0	16976.422279	16977.613766	16978.694994999998	16979.08298	16975.760099	16978.180977			2.0	1.0	0.0	3.0					
16982.07	20.549999999999272	trials	36.0	16999.792684	17001.535277	17002.260115999998	17002.646009	16999.176164	17001.752488			3.0	2.0	0.0	3.0					
17004.645	26.959999999999127	trials	36.0	17027.168087	17028.927852999997	17029.926089	17030.133304	17026.397397999997	17029.331019999998	17030.576	17031.605	3.0	2.0	1.0	1.0					
17035.69	7.417000000001281	trials	36.0	17039.943346	17041.89637	17042.695345	17043.037891	17039.362844	17042.068500999998			3.0	2.0	0.0	3.0					
17046.12	52.150000000001455	trials	36.0	17094.019373	17095.775167	17096.561635	17096.694928999998	17093.153170999998	17095.945276	17097.29	17098.27	3.0	2.0	1.0	1.0					
17100.291	35.943999999999505	trials	36.0	17132.11825	17133.710079999997	17134.476994999997	17134.752041	17131.475731	17133.920718999998	17135.295	17136.235	3.0	2.0	1.0	1.0					
17138.36	26.523000000001048	trials	36.0	17162.06371	17163.746873	17164.522106	17164.849355	17161.403157999997	17163.956801			3.0	2.0	0.0	3.0					
17167.935	13.119999999998981	trials	36.0	17178.587983999998	17179.695449	17180.679416	17181.030808	17177.950473999997	17180.191909999998			2.0	1.0	0.0	3.0					
17184.0	17.290000000000873	trials	36.0	17196.588614	17198.505375999997	17199.386035	17199.752764999997	17196.030736999997	17198.896439	17199.951	17201.29	2.0	1.0	1.0	1.0					
17205.422	5.07300000000032	trials	36.0	17207.488486	17209.369151	17210.141674	17210.510319999998	17206.979292	17209.670581			2.0	1.0	0.0	3.0					
17212.501	1.0099999999983993	trials	36.0											0.0	0.0					
