onset	duration	nwb_table	block	tone_on_time	tone_off_time	action_on_time	action_off_time	pokeC_on_time	pokeC_off_time	reward_on_time	reward_off_time	state	action	reward	result	FinishedBlock	FirstTrial	LastTrial	RewardRule_L	RewardRule_R
3.546	273.334	BlockDesign														1.0	1.0	21.0	50.0	0.0
3.546	14.174	trials	1.0	10.641943999999999	12.149487999999998	16.915	17.719979	10.003576999999998	13.429454			2.0	1.0	0.0	3.0					
21.388	14.267	trials	1.0	30.042400999999998	31.49921	35.09542999999999	35.591429000000005	29.403184	33.097502000000006			2.0	2.0	0.0	3.0					
37.665	12.920000000000002	trials	1.0	44.281666	45.862719999999996	48.094509	48.491617000000005	43.292266999999995	47.137201000000005	48.98	50.585	2.0	1.0	1.0	1.0					
52.61	9.305	trials	1.0	56.177617999999995	57.404307	59.698978999999994	60.030821	55.620622999999995	58.231121	60.44	61.915	2.0	1.0	1.0	1.0					
65.017	8.468000000000004	trials	1.0	69.627472	70.983823	72.602525	73.484561	69.010784	71.851699			2.0	1.0	0.0	3.0					
75.03	15.935999999999993	trials	1.0	84.972196	86.683903	90.29945	90.91435399999999	84.270417	87.883313			2.0	1.0	0.0	3.0					
92.921	12.509	trials	1.0	98.538716	100.233803	103.67111299999999	103.95169399999999	98.001014	100.82762799999999	104.41	105.43	2.0	1.0	1.0	1.0					
109.595	9.896	trials	1.0	112.368731	114.25492899999999	117.57661399999999	117.89038	111.503999	115.182278	118.411	119.491	2.0	1.0	1.0	1.0					
122.536	9.049000000000007	trials	1.0	125.972585	128.061439	129.584596	129.861473	125.186296	128.706671	130.305	131.585	2.0	1.0	1.0	1.0					
133.656	7.5449999999999875	trials	1.0	137.16421599999998	138.714121	140.670667	141.200246	136.587589	139.770729			2.0	1.0	0.0	3.0					
145.085	11.019999999999982	trials	1.0	150.692327	152.176747	155.493878	155.55992899999998	149.82365199999998	153.410082			2.0	1.0	0.0	3.0					
157.916	15.424000000000007	trials	1.0	166.762519	168.670694	171.543418	171.974276	166.125934	169.26364			2.0	2.0	0.0	3.0					
173.905	5.0	trials	1.0	175.523596	176.819314			174.087235	176.816686			2.0		0.0	2.0					
182.92	7.055000000000007	trials	1.0	184.97769499999998	186.689197	187.981166	188.230798	184.264456	187.36020399999998	188.765	189.975	2.0	1.0	1.0	1.0					
192.055	7.7549999999999955	trials	1.0	196.237204	197.727916	199.123201	199.80925	195.489108	198.50440899999998			2.0	1.0	0.0	3.0					
202.595	11.205000000000013	trials	1.0	208.172953	209.583841	211.70389699999998	212.28258499999998	207.280133	210.533888	212.616	213.8	2.0	1.0	1.0	1.0					
215.82	9.54600000000002	trials	1.0	219.227731	220.989047	223.24217	223.725895	218.70610399999998	221.810531	223.81	225.366	2.0	1.0	1.0	1.0					
227.425	9.629999999999995	trials	1.0	232.78915999999998	234.690452	236.180209	236.813521	232.063549	235.48055499999998			2.0	1.0	0.0	3.0					
240.64	12.535000000000025	trials	1.0	247.38362899999998	249.079732	251.38298	251.603468	246.642878	250.690532	252.161	253.175	2.0	1.0	1.0	1.0					
256.205	7.150000000000034	trials	1.0	258.873299	260.281799	262.457599	263.352716	258.344372	261.820468			2.0	1.0	0.0	3.0					
264.88	12.0	trials	1.0	272.62337	273.784223	276.761102	277.867207	271.907697	275.271568			2.0	1.0	0.0	3.0					
280.205	319.47499999999997	BlockDesign														1.0	22.0	43.0	0.0	50.0
280.205	32.94	trials	2.0	310.923247	311.130782			309.974139	311.122279			3.0		0.0	2.0					
315.231	9.163999999999987	trials	2.0	318.213655	320.202954	322.417064	322.802036	317.620643	320.363346	323.205	324.395	3.0	2.0	1.0	1.0					
328.415	8.411000000000001	trials	2.0	331.963194	333.86791	336.176212	336.824436	331.375728	334.01153899999997			3.0	2.0	0.0	3.0					
338.625	15.560000000000002	trials	2.0	348.028162	349.549124	352.120057	352.618082	347.207584	349.753442			3.0	2.0	0.0	3.0					
354.575	15.650000000000034	trials	2.0	364.022888	365.27566	368.391399	368.867147	363.373542	366.54096499999997	369.17	370.225	3.0	2.0	1.0	1.0					
373.318	9.387	trials	2.0	376.147939	377.850121	380.744216	381.252883	375.630205	379.10038099999997	381.71	382.705	3.0	2.0	1.0	1.0					
384.78	8.715000000000032	trials	2.0	388.928253	390.585502	392.828927	393.498056	387.953276	391.008304			3.0	2.0	0.0	3.0					
397.25	12.329000000000008	trials	2.0	402.763613	404.539214	409.07036899999997	409.576507	401.795023	404.993703			3.0	2.0	0.0	3.0					
412.5	10.644999999999982	trials	2.0	417.593383	419.045557	422.584808	423.147065	416.718631	419.779015			3.0	2.0	0.0	3.0					
424.97	5.540999999999997	trials	2.0	427.264706	428.410062			426.574935	428.395447			3.0		0.0	2.0					
434.544	9.011000000000024	trials	2.0	437.228473	438.882726	441.867608	442.308926	436.538131	439.610647	442.725	443.555	3.0	2.0	1.0	1.0					
445.581	9.843999999999994	trials	2.0	450.388526	451.765076	454.90594699999997	455.427766	449.394242	453.077097			3.0	2.0	0.0	3.0					
457.279	14.15100000000001	trials	2.0	465.273261	467.150378	470.929358	471.43258	464.384278	467.12814099999997			3.0	2.0	0.0	3.0					
474.358	11.716000000000008	trials	2.0	481.205146	482.493976	485.629832	486.077677	480.265957	483.033282			3.0	2.0	0.0	3.0					
488.08	15.710000000000036	trials	2.0	496.915414	498.670339	502.125149	502.481714	496.014821	499.522925	502.84	503.79	3.0	2.0	1.0	1.0					
507.945	10.000000000000057	trials	2.0	510.718979	512.699485	516.320522	516.576128	510.012335	513.588098	517.125	517.945	3.0	2.0	1.0	1.0					
521.041	8.24499999999989	trials	2.0	524.933722	526.714554	528.741415	529.283982	524.369138	527.467945			3.0	2.0	0.0	3.0					
533.216	12.274999999999977	trials	2.0	539.978476	541.976323	544.973347	545.492924	539.25119	542.921293			3.0	1.0	0.0	3.0					
547.455	17.079999999999927	trials	2.0	557.14387	558.514451	562.70578	563.120273	556.578647	559.744036	563.411	564.535	3.0	2.0	1.0	1.0					
566.565	11.614999999999895	trials	2.0	572.358828	573.757393	576.312413	576.805168	571.7467819999999	574.257481	576.895	578.18	3.0	2.0	1.0	1.0					
580.22	8.964999999999918	trials	2.0	584.113824	585.299171	587.354192	587.810896	583.233481	585.723335	588.02	589.185	3.0	2.0	1.0	1.0					
593.232	6.447999999999979	trials	2.0	595.563679	597.346346	599.523025	600.449053	594.985871	598.335563			3.0	2.0	0.0	3.0					
603.005	757.8639999999999	BlockDesign														1.0	44.0	89.0	50.0	50.0
603.005	10.649999999999977	trials	3.0	608.879622	610.546447	613.10489	613.656304	608.266104	610.960327			3.0	2.0	0.0	3.0					
617.595	15.709999999999923	trials	3.0	628.158764	629.755811	631.478426	631.848552	627.207416	630.547708	632.185	633.305	2.0	1.0	1.0	1.0					
636.321	12.754999999999995	trials	3.0	645.589601	646.765717	648.587799	649.063232	644.741067	647.922698			2.0	1.0	0.0	3.0					
653.065	14.464999999999918	trials	3.0	661.9842189999999	663.2512399999999	665.753257	666.226138	661.056993	663.751875	666.456	667.53	3.0	2.0	1.0	1.0					
669.551	10.32899999999995	trials	3.0	674.113994	675.93974	677.745832	677.997316	673.313951	676.699129	678.38	679.88	2.0	1.0	1.0	1.0					
682.935	9.485000000000014	trials	3.0	688.463429	690.122517	691.632371	692.422604	687.935717	690.628969			2.0	1.0	0.0	3.0					
694.065	11.9849999999999	trials	3.0	701.620687	703.325862	705.566339	706.051778	700.771526	703.950501			3.0	2.0	0.0	3.0					
708.021	56.694000000000074	trials	3.0	761.324437	762.707999			760.686016	762.701666			3.0		0.0	2.0					
766.795	7.5	trials	3.0	770.512133	772.051423	773.599702	774.295546	769.82398	772.660071			2.0	1.0	0.0	3.0					
776.957	11.413000000000011	trials	3.0	782.569615	784.283493	786.565776	786.996232	781.89559	784.941775	787.241	788.37	3.0	2.0	1.0	1.0					
791.415	8.244000000000028	trials	3.0	794.774549	796.843112	799.18795	799.630088	794.044574	797.603297			2.0	1.0	0.0	3.0					
802.665	11.269999999999982	trials	3.0	807.474545	809.445548	811.892057	812.105914	806.600107	810.391838	812.536	813.935	2.0	1.0	1.0	1.0					
818.016	7.05600000000004	trials	3.0	821.189789	822.441149	824.579972	825.04209	820.64213	823.13151			3.0	2.0	0.0	3.0					
829.013	14.826999999999998	trials	3.0	837.666016	838.79648	842.034252	842.511478	837.005069	839.82103	842.925	843.84	3.0	2.0	1.0	1.0					
845.93	8.490000000000009	trials	3.0	849.956341	851.47658	853.821731	854.423272	849.25791	852.086483			3.0	2.0	0.0	3.0					
856.254	12.861999999999966	trials	3.0	862.894649	864.257255	866.942774	867.347118	861.975614	865.533107	867.744	869.116	2.0	1.0	1.0	1.0					
872.13	10.36099999999999	trials	3.0	878.291542	880.056476	882.236513	882.495308	877.302936	880.046983			3.0		0.0	2.0					
884.138	13.496999999999957	trials	3.0	892.041584	893.376983	895.892534	896.138375	891.404857	894.58707	896.538	897.635	2.0	1.0	1.0	1.0					
900.716	9.01400000000001	trials	3.0	904.295331	906.242306	907.781315	908.317175	903.6034999999999	906.394847	908.475	909.73	3.0	2.0	1.0	1.0					
911.825	7.4249999999999545	trials	3.0	915.371918	917.383973	918.497749	919.253809	914.606317	917.874905			2.0	1.0	0.0	3.0					
922.987	8.423999999999978	trials	3.0	926.284473	928.036455	930.742753	931.414507	925.778996	928.85872			3.0	2.0	0.0	3.0					
934.156	12.51400000000001	trials	3.0	940.715209	941.863004	944.788322	944.980055	939.95569	943.287638	945.4	946.67	2.0	1.0	1.0	1.0					
950.826	7.058999999999969	trials	3.0	953.220107	954.959367	957.288611	957.884888	952.659323	955.6868929999999			2.0	1.0	0.0	3.0					
959.716	11.428999999999974	trials	3.0	966.640925	968.096849	970.565299	971.148767	965.9084799999999	968.920779			3.0	2.0	0.0	3.0					
972.951	14.569999999999936	trials	3.0	980.796398	982.450002	986.703731	987.075935	980.259481	983.116883			3.0	2.0	0.0	3.0					
989.117	13.108000000000061	trials	3.0	997.721883	998.912429	1001.72287	1002.225208	996.958925	999.773612			2.0	1.0	0.0	3.0					
1005.17	56.2410000000001	trials	3.0	1055.7801610000001	1056.9069740000002	1059.5659730000002	1059.955891	1054.8103190000002	1057.7632990000002	1060.207	1061.411	3.0	2.0	1.0	1.0					
1063.495	9.541000000000167	trials	3.0	1067.8605770000001	1069.032292	1071.2484140000001	1071.4454170000001	1066.94349	1070.0500550000002	1071.986	1073.036	2.0	1.0	1.0	1.0					
1077.125	6.701000000000022	trials	3.0	1079.6218760000002	1080.7868680000001	1083.266836	1083.827917	1078.923633	1082.422796			3.0	2.0	0.0	3.0					
1087.756	10.743999999999915	trials	3.0	1091.6260940000002	1092.8403190000001	1096.8817700000002	1097.1956770000002	1090.820416	1093.4687000000001	1097.645	1098.5	3.0	2.0	1.0	1.0					
1101.536	43.028999999999996	trials	3.0	1141.1407370000002	1142.766446	1144.121497	1144.568807	1140.3280180000002	1143.3616490000002			2.0	1.0	0.0	3.0					
1147.513	12.417000000000144	trials	3.0	1154.075411	1155.324677	1158.0414440000002	1158.2303590000001	1153.548943	1156.825061	1158.625	1159.93	2.0	1.0	1.0	1.0					
1163.075	7.994999999999891	trials	3.0	1165.530895	1167.3623870000001	1169.3387200000002	1169.7719280000001	1164.645878	1167.460442	1169.991	1171.07	3.0	2.0	1.0	1.0					
1173.155	8.565000000000055	trials	3.0	1177.961966	1179.509996	1181.164852	1181.7215860000001	1177.020743	1179.7584650000001			3.0	2.0	0.0	3.0					
1184.58	12.200000000000045	trials	3.0	1191.6717310000001	1193.0869	1196.176412	1196.7834400000002	1190.957591	1194.12364			2.0	2.0	0.0	3.0					
1200.451	7.673999999999978	trials	3.0	1204.501297	1206.0441830000002			1203.790226	1206.04166			3.0		0.0	2.0					
1210.19	12.644999999999982	trials	3.0	1216.350815	1217.977885	1220.222768	1220.711099	1215.549467	1218.510176	1220.89	1222.835	3.0	2.0	1.0	1.0					
1226.92	6.879999999999882	trials	3.0	1229.646277	1231.688308	1233.2675660000002	1233.8013700000001	1229.0280050000001	1232.038387			2.0	1.0	0.0	3.0					
1236.617	11.317999999999984	trials	3.0	1242.23933	1243.859584	1246.021385	1246.2573920000002	1241.3061340000002	1245.349748	1246.745	1247.935	2.0	1.0	1.0	1.0					
1250.0	7.914999999999964	trials	3.0	1253.3610740000001	1255.3938620000001	1257.141617	1257.9183260000002	1252.702723	1255.700156			2.0	1.0	0.0	3.0					
1259.61	28.7800000000002	trials	3.0	1281.785577	1283.077993	1286.30544	1286.847166	1281.141767	1284.4102730000002	1287.065	1288.39	3.0	2.0	1.0	1.0					
1291.466	7.589000000000169	trials	3.0	1294.240718	1296.077232	1298.3781820000002	1299.0562180000002	1293.4211260000002	1297.260041			2.0	2.0	0.0	3.0					
1300.79	12.259999999999991	trials	3.0	1308.3562060000002	1310.242504	1312.526339	1313.055307	1307.7152290000001	1310.5344010000001			3.0	2.0	0.0	3.0					
1315.0	13.715999999999894	trials	3.0	1323.796757	1325.3013500000002	1328.204435	1328.71727	1322.9643890000002	1325.9774400000001			2.0	2.0	0.0	3.0					
1332.631	7.578999999999951	trials	3.0	1336.08687	1337.298076	1339.52249	1340.215447	1335.1569470000002	1338.7986520000002			2.0	1.0	0.0	3.0					
1342.921	17.947999999999865	trials	3.0	1354.6365500000002	1356.5838310000001	1358.9099680000002	1359.343973	1353.7241080000001	1357.223416	1359.655	1360.869	3.0	2.0	1.0	1.0					
1365.074	103.44599999999991	BlockDesign														1.0	90.0	94.0	0.0	0.0
1365.074	6.580999999999904	trials	4.0	1367.3561900000002	1368.468898	1370.990823	1371.659947	1366.4655200000002	1369.510633			2.0	1.0	0.0	3.0					
1375.421	10.104000000000042	trials	4.0	1380.306706	1382.153411	1384.7204800000002	1385.527495	1379.639842	1383.5259250000001			2.0	1.0	0.0	3.0					
1388.156	16.403999999999996	trials	4.0	1394.75699	1396.263445	1400.3295910000002	1401.1159180000002	1393.8104540000002	1397.2781200000002			2.0	1.0	0.0	3.0					
1405.701	53.100999999999885	trials	4.0	1455.1681330000001	1456.770772	1458.384418	1458.7087900000001	1454.64191	1457.6612510000002			2.0	1.0	0.0	3.0					
1462.882	5.63799999999992	trials	4.0	1464.441626	1465.6958200000001	1468.3675540000002	1468.92019	1463.5702780000001	1467.058252			2.0	2.0	0.0	3.0					
1472.88	63.799999999999955	BlockDesign														1.0	95.0	99.0	0.0	0.0
1472.88	6.544999999999845	trials	5.0	1475.1320930000002	1476.2334970000002	1478.614055	1479.428777	1474.2970480000001	1477.084135			3.0	2.0	0.0	3.0					
1482.138	10.87700000000018	trials	5.0	1487.833131	1488.8751530000002	1492.506182	1493.0212530000001	1486.927507	1489.413371			3.0	2.0	0.0	3.0					
1496.94	10.024999999999864	trials	5.0	1501.0923050000001	1502.427427	1506.4152040000001	1506.848236	1500.095675	1502.717435			3.0	1.0	0.0	3.0					
1510.975	10.800000000000182	trials	5.0	1517.9671340000002	1519.3649300000002	1521.124291	1521.779991	1517.0914	1519.495255			3.0	2.0	0.0	3.0					
1524.51	12.170000000000073	trials	5.0	1532.932892	1534.7361970000002	1536.5644490000002	1537.092086	1532.322501	1535.1174050000002			3.0	2.0	0.0	3.0					
1539.93	575.5399999999997	BlockDesign														1.0	100.0	140.0	50.0	50.0
1539.93	11.794999999999845	trials	6.0	1545.3172180000001	1547.2238240000001	1550.081278	1550.451019	1544.357164	1547.327322	1550.715	1551.725	3.0	2.0	1.0	1.0					
1554.864	6.546000000000049	trials	6.0	1557.9472420000002	1559.1121850000002	1560.835679	1561.413751	1557.135874	1560.1770940000001			2.0	1.0	0.0	3.0					
1563.275	14.514999999999873	trials	6.0	1572.67291	1573.894624	1577.2378070000002	1577.7958	1571.725799	1575.104653			3.0	2.0	0.0	3.0					
1579.723	32.422000000000025	trials	6.0	1606.7623700000001	1608.675797	1610.432182	1610.657056	1605.957382	1609.008391	1611.19	1612.145	2.0	1.0	1.0	1.0					
1614.235	8.245000000000118	trials	6.0	1617.2935040000002	1619.1541900000002	1620.6058	1620.9598970000002	1616.665406	1619.795401	1621.435	1622.48	2.0	1.0	1.0	1.0					
1626.529	5.8559999999999945	trials	6.0	1628.6236450000001	1630.43938	1631.7838040000001	1632.391192	1628.0629190000002	1630.8648970000002			2.0	1.0	0.0	3.0					
1635.295	11.970000000000027	trials	6.0	1641.856823	1643.2545400000001	1645.529287	1645.934794	1640.9876610000001	1643.9706310000001	1646.14	1647.265	3.0	2.0	1.0	1.0					
1651.341	6.83400000000006	trials	6.0	1653.727333	1655.540428	1657.6007630000001	1658.1781850000002	1653.0965780000001	1656.0109400000001			3.0	2.0	0.0	3.0					
1662.028	13.166999999999916	trials	6.0	1671.067328	1672.3390570000001	1674.5056880000002	1675.1990830000002	1670.4289700000002	1673.32763			2.0	1.0	0.0	3.0					
1676.993	12.647000000000162	trials	6.0	1684.503077	1685.9090620000002	1688.5082900000002	1689.6424670000001	1683.927832	1687.2970220000002			2.0	1.0	0.0	3.0					
1691.921	17.624000000000024	trials	6.0	1703.5838430000001	1705.0265960000002	1707.721135	1708.045427	1702.787008	1706.118392	1708.451	1709.545	2.0	1.0	1.0	1.0					
1712.635	8.079999999999927	trials	6.0	1715.2302650000001	1717.2038750000002	1718.519117	1718.8723160000002	1714.2564670000002	1717.8665420000002	1719.25	1720.715	2.0	1.0	1.0	1.0					
1722.765	8.339999999999918	trials	6.0	1726.959299	1728.9546010000001	1730.7124720000002	1731.0946900000001	1726.160354	1729.359973			3.0	2.0	0.0	3.0					
1733.181	9.519999999999982	trials	6.0	1738.2578110000002	1739.960986	1742.107393	1742.7042820000001	1737.421561	1740.477632			3.0	2.0	0.0	3.0					
1746.586	10.075000000000045	trials	6.0	1750.677725	1752.6584710000002	1755.0729130000002	1755.419266	1749.8884300000002	1753.1176220000002	1755.826	1756.661	3.0	2.0	1.0	1.0					
1759.68	7.960000000000036	trials	6.0	1762.022787	1763.5148920000001	1765.9104040000002	1766.2623520000002	1761.473678	1764.2451700000001	1766.627	1767.64	3.0	2.0	1.0	1.0					
1771.72	7.119999999999891	trials	6.0	1773.5082650000002	1775.3595070000001	1776.8677220000002	1777.31366	1772.45494	1776.252844	1777.525	1778.84	2.0	1.0	1.0	1.0					
1781.919	7.430999999999813	trials	6.0	1784.5181770000002	1785.642374	1788.556154	1789.354031	1783.66273	1786.3609330000002			3.0	2.0	0.0	3.0					
1791.905	9.555000000000064	trials	6.0	1797.0775700000002	1798.9346	1800.8543570000002	1801.4666770000001	1796.077667	1799.313583			2.0	1.0	0.0	3.0					
1805.265	9.310999999999922	trials	6.0	1809.749503	1811.121926	1814.059594	1814.580085	1808.973355	1811.8919720000001			3.0	2.0	0.0	3.0					
1816.541	14.104000000000042	trials	6.0	1823.0086970000002	1824.9126700000002	1828.893757	1829.3330500000002	1822.437355	1825.402698	1829.675	1830.645	3.0	2.0	1.0	1.0					
1832.72	9.009999999999991	trials	6.0	1836.433043	1837.7780480000001	1839.785618	1840.18989	1835.601032	1838.241536	1840.55	1841.73	3.0	2.0	1.0	1.0					
1843.745	8.7650000000001	trials	6.0	1847.2026910000002	1849.109545	1850.6139890000002	1850.824736	1846.541692	1849.5332380000002	1851.35	1852.51	2.0	1.0	1.0	1.0					
1855.595	8.010999999999967	trials	6.0	1859.8232830000002	1861.4186530000002	1862.9131570000002	1863.612026	1859.230364	1861.9363540000002			2.0	1.0	0.0	3.0					
1866.321	11.08900000000017	trials	6.0	1873.1127290000002	1874.435363	1876.8183560000002	1877.4132410000002	1872.2635790000002	1874.9074600000001			3.0	2.0	0.0	3.0					
1879.281	43.41399999999999	trials	6.0	1918.5933020000002	1920.3804910000001	1922.2726280000002	1922.7023720000002	1917.8212090000002	1920.869161			3.0	2.0	0.0	3.0					
1926.661	6.543999999999869	trials	6.0	1929.4383140000002	1930.9255130000001	1932.672313	1933.2124970000002	1928.510039	1931.6084540000002			2.0	1.0	0.0	3.0					
1937.138	9.662000000000035	trials	6.0	1941.768211	1942.940411	1944.9456830000001	1945.4485940000002	1940.794781	1943.5409240000001	1945.64	1946.8	3.0	2.0	1.0	1.0					
1948.845	13.884999999999991	trials	6.0	1957.183612	1958.88211	1962.3528110000002	1962.7339570000001	1956.51482	1958.8716740000002			3.0		0.0	2.0					
1963.955	10.365000000000009	trials	6.0	1970.134187	1972.090697	1973.574059	1974.326231	1969.2612350000002	1972.4645300000002			2.0	1.0	0.0	3.0					
1975.95	12.159999999999854	trials	6.0	1982.1251750000001	1983.843881	1986.0583570000001	1986.3890600000002	1981.377674	1984.9538630000002	1986.75	1988.11	2.0	1.0	1.0	1.0					
1991.176	9.96400000000017	trials	6.0	1994.8787570000002	1996.111045	1999.0946600000002	1999.494599	1994.0195230000002	1997.3299820000002	1999.78	2001.14	2.0	1.0	1.0	1.0					
2005.205	6.529999999999973	trials	6.0	2006.883953	2008.340641	2010.033914	2010.398834	2006.3159030000002	2008.502692	2010.786	2011.735	3.0	2.0	1.0	1.0					
2015.821	4.979000000000042	trials	6.0	2017.6787470000002	2018.945609	2020.333574	2020.7467960000001	2016.28789	2018.938311			3.0	2.0	0.0	3.0					
2022.78	10.164999999999964	trials	6.0	2029.054039	2031.0578380000002	2032.4517500000002	2032.948082	2028.2722540000002	2031.0395110000002			3.0	2.0	0.0	3.0					
2035.83	10.445000000000164	trials	6.0	2040.6142120000002	2042.074988	2044.361051	2044.5619100000001	2039.770778	2043.401575	2044.995	2046.275	2.0	1.0	1.0	1.0					
2048.33	8.36200000000008	trials	6.0	2052.335219	2053.980321	2056.0264899999997	2056.6979929999998	2051.695637	2055.1922449999997			2.0	1.0	0.0	3.0					
2058.421	13.69900000000007	trials	6.0	2067.000107	2068.1073939999997	2070.559588	2070.9535739999997	2065.996558	2069.6305669999997	2071.262	2072.12	3.0	2.0	1.0	1.0					
2075.248	7.541999999999916	trials	6.0	2078.060243	2079.176011	2082.237409	2082.79778	2077.055098	2080.280987			2.0	2.0	0.0	3.0					
2085.624	12.006000000000313	trials	6.0	2093.4244369999997	2094.528896	2096.953817	2097.634215	2092.626792	2095.870953			2.0	1.0	0.0	3.0					
2101.357	14.112999999999829	trials	6.0	2109.31879	2110.4612629999997	2113.6061299999997	2114.0475699999997	2108.6600719999997	2111.154745	2114.31	2115.47	3.0	2.0	1.0	1.0					
2118.57	905.6949999999997	BlockDesign														1.0	141.0	208.0	50.0	10.0
2118.57	28.09999999999991	trials	7.0	2141.589682	2143.680286	2146.1649039999998	2146.657729	2140.8256899999997	2144.738773			1.0	2.0	0.0	3.0					
2148.72	6.930000000000291	trials	7.0	2152.474095	2153.5615009999997	2155.36409	2155.647271	2151.486135	2153.549222			1.0		0.0	2.0					
2157.72	10.5600000000004	trials	7.0	2162.68899	2163.92404	2167.454531	2168.287121	2162.166839	2165.176486			1.0	1.0	0.0	3.0					
2170.875	9.451000000000022	trials	7.0	2175.0942849999997	2177.056456	2179.597712	2180.3294539999997	2174.483983	2177.6621179999997			1.0	2.0	0.0	3.0					
2182.985	11.204999999999927	trials	7.0	2189.085722	2191.386637	2193.98827	2194.195905	2188.223552	2191.382865			1.0		0.0	2.0					
2197.4	10.735000000000127	trials	7.0	2201.399527	2202.631586	2206.5235509999998	2206.71639	2200.6977739999998	2203.040657	2207.161	2208.135	1.0	1.0	1.0	1.0					
2210.171	8.195000000000164	trials	7.0	2213.3496219999997	2214.543425	2217.190787	2217.648909	2212.6811239999997	2215.0532559999997			1.0	2.0	0.0	3.0					
2221.621	9.11999999999989	trials	7.0	2224.824286	2226.495562	2229.8733319999997	2230.480616	2224.2856899999997	2227.406222			1.0	1.0	0.0	3.0					
2232.75	10.610000000000127	trials	7.0	2238.8944699999997	2240.95586	2242.4887369999997	2243.365792	2238.18509	2241.1382169999997			1.0	1.0	0.0	3.0					
2244.975	13.195000000000164	trials	7.0	2253.399664	2254.945205	2257.50077	2258.1757	2252.469565	2255.487579			1.0	2.0	0.0	3.0					
2260.973	9.787000000000262	trials	7.0	2265.9442489999997	2267.474791	2270.285908	2270.766939	2265.414682	2267.9680599999997			1.0	2.0	0.0	3.0					
2274.681	9.079000000000178	trials	7.0	2279.546092	2280.952776	2283.193622	2283.7648449999997	2278.774861	2281.727066			1.0	1.0	0.0	3.0					
2285.55	11.15099999999984	trials	7.0	2291.936069	2293.309948	2296.179497	2296.7091219999998	2291.150032	2294.143458			1.0	2.0	0.0	3.0					
2299.58	10.095000000000255	trials	7.0	2303.414222	2304.830684	2307.652115	2308.068205	2302.492754	2305.4038459999997	2308.27	2309.675	1.0	1.0	1.0	1.0					
2311.779	8.27599999999984	trials	7.0	2316.11436	2317.256851	2319.387701	2320.062934	2315.48765	2318.049721			1.0	1.0	0.0	3.0					
2323.815	10.434999999999945	trials	7.0	2326.7255029999997	2327.771519	2332.391738	2332.648341	2325.912692	2328.9013689999997	2333.03	2334.25	1.0	1.0	1.0	1.0					
2337.281	8.639000000000124	trials	7.0	2340.010297	2341.5689239999997	2345.013635	2345.501159	2339.357255	2342.311202			1.0	1.0	0.0	3.0					
2348.93	8.225000000000364	trials	7.0	2352.11978	2353.8298879999998	2356.65731	2357.159861	2351.337097	2354.630045			1.0	2.0	0.0	3.0					
2360.065	12.13000000000011	trials	7.0	2365.251452	2367.187073	2370.220804	2370.631307	2364.320103	2367.5379669999998	2370.826	2372.195	1.0	1.0	1.0	1.0					
2375.28	9.359999999999673	trials	7.0	2378.320204	2380.156079	2382.37581	2382.63757	2377.338044	2380.955116	2382.96	2384.64	1.0	1.0	1.0	1.0					
2388.675	6.169999999999618	trials	7.0	2390.7402709999997	2391.996452	2394.3615919999997	2394.852398	2390.231483	2392.738299			1.0	2.0	0.0	3.0					
2396.735	8.965999999999894	trials	7.0	2401.3802809999997	2402.719391	2405.143174	2405.709286	2400.489994	2403.324608			1.0	1.0	0.0	3.0					
2407.515	12.13000000000011	trials	7.0	2412.775064	2414.50555	2419.114358	2419.654305	2411.989123	2414.9948649999997			1.0	2.0	0.0	3.0					
2422.47	8.57400000000007	trials	7.0	2426.171747	2427.456428	2430.559545	2431.053872	2425.354598	2428.274366			1.0	1.0	0.0	3.0					
2435.005	11.25500000000011	trials	7.0	2439.520747	2441.295988	2445.793897	2446.265515	2438.765711	2442.128906			1.0	2.0	0.0	3.0					
2448.216	11.624000000000251	trials	7.0	2454.130592	2456.228306	2459.162645	2459.84578	2453.428085	2456.78123			1.0	1.0	0.0	3.0					
2463.842	10.26299999999992	trials	7.0	2468.215686	2469.890746	2473.218401	2473.766861	2467.6008549999997	2470.831946			1.0	2.0	0.0	3.0					
2477.175	9.914999999999964	trials	7.0	2481.015617	2482.967542	2485.457632	2485.622606	2480.404481	2483.719142	2486.175	2487.09	1.0	1.0	1.0	1.0					
2490.181	7.269999999999982	trials	7.0	2492.087027	2494.1023069999997	2496.761764	2497.4575879999998	2491.468276	2494.911914			1.0	1.0	0.0	3.0					
2501.175	10.654999999999745	trials	7.0	2504.596541	2506.402203	2510.014161	2510.391172	2504.084174	2507.259307	2510.71	2511.83	1.0	1.0	1.0	1.0					
2514.915	7.829999999999927	trials	7.0	2517.275736	2519.1872049999997	2521.1744879999997	2521.5167859999997	2516.507493	2519.482766	2521.96	2522.745	1.0	2.0	1.0	1.0					
2524.835	9.034999999999854	trials	7.0	2529.6898189999997	2531.620517	2533.484382	2533.759976	2529.048013	2532.129574			1.0	2.0	0.0	3.0					
2535.88	9.025000000000091	trials	7.0	2540.011021	2541.682487	2544.36794	2544.912176	2539.166537	2542.247863			1.0	1.0	0.0	3.0					
2548.775	8.0	trials	7.0	2552.115624	2553.466903	2556.2844459999997	2556.78278	2551.149179	2554.345387			1.0	2.0	0.0	3.0					
2560.654	10.320999999999913	trials	7.0	2565.1012729999998	2566.367709	2569.0527939999997	2569.491487	2564.405246	2566.866361	2569.765	2570.975	1.0	1.0	1.0	1.0					
2575.11	7.52599999999984	trials	7.0	2577.127543	2578.7358249999997	2580.757967	2581.134759	2575.699952	2578.872485	2581.38	2582.636	1.0	1.0	1.0	1.0					
2586.72	5.106000000000222	trials	7.0	2588.7055539999997	2589.827745			2587.169212	2589.823554			1.0		0.0	2.0					
2595.85	9.885000000000218	trials	7.0	2600.930902	2602.777571	2605.2038749999997	2605.744396	2600.403994	2603.590572			1.0	1.0	0.0	3.0					
2607.654	11.661000000000058	trials	7.0	2613.606146	2615.104406	2617.4577289999997	2617.985398	2612.8455639999997	2615.495124	2618.255	2619.315	1.0	2.0	1.0	1.0					
2621.335	8.235000000000127	trials	7.0	2624.63605	2626.638227	2628.797246	2629.5767419999997	2624.092133	2627.2628799999998			1.0	1.0	0.0	3.0					
2633.191	7.8090000000001965	trials	7.0	2636.176382	2638.067635	2640.4495779999997	2641.006992	2635.496576	2638.714195			1.0	2.0	0.0	3.0					
2642.889	11.896999999999935	trials	7.0	2649.8862169999998	2651.0376899999997	2654.222524	2654.791032	2649.038936	2652.322832			1.0	1.0	0.0	3.0					
2658.705	8.675000000000182	trials	7.0	2662.331891	2664.188381	2666.780393	2667.388024	2661.484723	2664.6379039999997			1.0	2.0	0.0	3.0					
2670.175	11.654999999999745	trials	7.0	2674.756773	2676.07573	2679.966074	2680.3125769999997	2673.893724	2676.6060709999997	2680.718	2681.83	1.0	1.0	1.0	1.0					
2684.906	9.789000000000215	trials	7.0	2688.688799	2690.648815	2693.023523	2693.291668	2687.865714	2691.196853	2693.67	2694.695	1.0	2.0	1.0	1.0					
2698.776	6.699000000000069	trials	7.0	2701.321241	2703.217405	2705.060885	2705.403637	2700.690798	2703.713582			1.0	2.0	0.0	3.0					
2708.485	8.394999999999982	trials	7.0	2712.6174189999997	2713.783247	2716.095452	2716.887608	2711.730857	2714.334094			1.0	2.0	0.0	3.0					
2718.551	12.014000000000124	trials	7.0	2724.0115809999998	2725.323059	2727.588443	2728.023523	2723.407154	2725.833548			1.0	2.0	0.0	3.0					
2730.93	15.0	trials	7.0	2739.9160039999997	2741.7616599999997	2745.5359789999998	2745.927637	2739.331936	2742.2561			1.0	2.0	0.0	3.0					
2748.94	8.605000000000018	trials	7.0	2752.181505	2753.538791	2757.073349	2757.555871	2751.645713	2754.549958			1.0	1.0	0.0	3.0					
2759.5	40.490999999999985	trials	7.0	2796.6816519999998	2798.0798299999997	2799.529318	2800.001084	2795.837377	2798.901937			1.0	1.0	0.0	3.0					
2802.925	10.485999999999876	trials	7.0	2806.291705	2808.22899	2811.053222	2811.477415	2805.411409	2808.707482	2811.77	2813.411	1.0	1.0	1.0	1.0					
2817.43	7.385000000000218	trials	7.0	2819.136983	2821.083256	2824.0821699999997	2824.80744	2818.182013	2821.365884			1.0	1.0	0.0	3.0					
2828.83	6.880000000000109	trials	7.0	2831.1283	2832.67415	2835.195725	2835.7172929999997	2830.225421	2833.69549			1.0	2.0	0.0	3.0					
2839.595	12.965000000000146	trials	7.0	2845.526851	2846.573503	2849.464826	2849.694655	2844.7685349999997	2847.3000199999997	2850.19	2852.56	1.0	1.0	1.0	1.0					
2855.576	7.869000000000142	trials	7.0	2858.722275	2860.524284	2862.822548	2863.453313	2857.7660309999997	2861.100952			1.0	1.0	0.0	3.0					
2865.235	14.61999999999989	trials	7.0	2872.70162	2873.83922	2877.8867689999997	2878.32953	2871.9853089999997	2875.5346259999997	2878.68	2879.855	1.0	1.0	1.0	1.0					
2881.875	8.050000000000182	trials	7.0	2885.272043	2886.965075	2889.3332499999997	2889.934229	2884.620461	2887.3704399999997			1.0	1.0	0.0	3.0					
2893.786	6.8539999999998145	trials	7.0	2896.812544	2898.0117379999997	2900.098547	2900.647075	2896.0383229999998	2898.750538			1.0	2.0	0.0	3.0					
2904.544	11.81100000000015	trials	7.0	2908.84283	2910.3039949999998	2914.6610929999997	2914.884254	2908.0057699999998	2911.6459809999997	2915.355	2916.355	1.0	1.0	1.0	1.0					
2920.425	7.1909999999998035	trials	7.0	2922.3472779999997	2923.925142	2925.895872	2926.084046	2921.4003199999997	2924.4999549999998	2926.58	2927.616	1.0	1.0	1.0	1.0					
2929.631	8.059000000000196	trials	7.0	2932.3825939999997	2933.964128	2937.2031669999997	2937.6690839999997	2931.6674169999997	2934.3136569999997			1.0	1.0	0.0	3.0					
2940.62	11.945000000000164	trials	7.0	2947.512298	2948.744594	2951.934953	2952.574208	2946.84158	2949.438854			1.0	1.0	0.0	3.0					
2956.411	14.273999999999887	trials	7.0	2964.022466	2965.920554	2968.710905	2968.859567	2963.142757	2966.397347	2969.375	2970.685	1.0	1.0	1.0	1.0					
2972.765	7.950000000000273	trials	7.0	2976.382828	2978.234056	2979.971855	2980.7252829999998	2975.741698	2978.814041			1.0	1.0	0.0	3.0					
2983.44	9.11999999999989	trials	7.0	2987.982385	2989.203752	2992.082231	2992.5681999999997	2987.2937199999997	2990.264413			1.0	2.0	0.0	3.0					
2994.436	20.03899999999976	trials	7.0	3007.383218	3009.219416	3012.0337719999998	3012.3681349999997	3006.7299639999997	3010.010753	3012.785	3014.475	1.0	1.0	1.0	1.0					
3016.565	7.699999999999818	trials	7.0	3019.714075	3021.060451	3022.5299019999998	3022.704815	3018.950806	3021.4815049999997	3023.195	3024.265	1.0	1.0	1.0	1.0					
3027.326	373.5790000000002	BlockDesign														1.0	209.0	238.0	50.0	90.0
3027.326	7.75	trials	8.0	3030.2373709999997	3031.314288	3033.32032	3033.529397	3029.338005	3031.84685	3033.991	3035.076	1.0	1.0	1.0	1.0					
3037.11	14.159999999999854	trials	8.0	3047.107602	3048.405041	3050.735965	3051.2779339999997	3046.1590429999997	3049.344325			1.0	1.0	0.0	3.0					
3053.125	11.800000000000182	trials	8.0	3059.705213	3061.3511150000004	3063.337802	3063.63146	3050.090167	3061.577306	3064.08	3064.925	1.0	2.0	1.0	1.0					
3068.046	14.639000000000124	trials	8.0	3078.9008360000003	3080.2181050000004	3082.135	3082.683907	3078.1004900000003	3080.6776090000003			1.0	1.0	0.0	3.0					
3086.582	7.403000000000247	trials	8.0	3089.912975	3091.1829470000002	3093.26766	3093.982644	3089.390961	3091.685989			1.0	2.0	0.0	3.0					
3097.681	9.509000000000015	trials	8.0	3102.6813740000002	3104.102543	3106.6913240000003	3107.1884290000003	3101.7100480000004	3104.510681			1.0	1.0	0.0	3.0					
3110.045	9.4699999999998	trials	8.0	3114.4128950000004	3115.5432220000002	3118.8697930000003	3119.514512	3113.4392080000002	3116.971501			1.0	1.0	0.0	3.0					
3122.286	13.164999999999964	trials	8.0	3127.5963260000003	3129.083809	3134.488858	3135.145398	3127.0833700000003	3129.642236			1.0	2.0	0.0	3.0					
3139.47	6.9050000000002	trials	8.0	3142.20348	3143.728089	3145.8781510000003	3146.373203	3141.6200740000004	3144.3503560000004			1.0	1.0	0.0	3.0					
3150.245	10.996000000000095	trials	8.0	3156.0311330000004	3157.8432850000004	3160.5980320000003	3161.235944	3155.3951150000003	3158.187977			1.0	2.0	0.0	3.0					
3163.0	12.460000000000036	trials	8.0	3170.038042	3171.9118390000003	3174.726122	3175.458058	3169.0351610000002	3172.4286100000004			1.0	1.0	0.0	3.0					
3178.155	10.0	trials	8.0	3181.696132	3182.8312730000002	3186.3786760000003	3186.8166380000002	3180.959069	3184.2136330000003	3187.185	3188.155	1.0	2.0	1.0	1.0					
3192.24	8.395000000000437	trials	8.0	3194.531738	3196.6153990000003	3198.6854780000003	3198.891782	3193.707491	3196.5391520000003	3199.351	3200.635	1.0	1.0	1.0	1.0					
3202.779	9.351000000000113	trials	8.0	3208.6563410000003	3209.9431590000004	3211.487821	3212.128587	3207.978086	3210.4762130000004			1.0	1.0	0.0	3.0					
3214.9	10.085000000000036	trials	8.0	3219.1117670000003	3220.233168	3223.172524	3223.586768	3218.492139	3220.7999990000003	3223.875	3224.985	1.0	2.0	1.0	1.0					
3229.001	6.629999999999654	trials	8.0	3230.9621960000004	3232.2235880000003	3234.041869	3234.266764	3230.079272	3232.8921400000004	3234.715	3235.631	1.0	2.0	1.0	1.0					
3237.69	14.74499999999989	trials	8.0	3246.4317250000004	3248.3538080000003	3250.620175	3250.887999	3245.8660640000003	3248.656351	3251.485	3252.435	1.0	2.0	1.0	1.0					
3255.48	8.730000000000018	trials	8.0	3258.828246	3260.739872	3262.554661	3262.9018490000003	3258.257312	3261.0371950000003	3263.29	3264.21	1.0	2.0	1.0	1.0					
3267.23	8.059999999999945	trials	8.0	3270.5070530000003	3271.7681770000004	3273.485588	3273.877993	3269.706236	3272.2197130000004	3274.241	3275.29	1.0	2.0	1.0	1.0					
3278.31	7.914999999999964	trials	8.0	3280.4768470000004	3282.454306	3284.5506560000003	3284.829256	3279.929705	3282.717635	3285.27	3286.225	1.0	2.0	1.0	1.0					
3290.242	8.432999999999993	trials	8.0	3292.663817	3294.469895	3296.949689	3297.273373	3291.933139	3294.922684	3297.651	3298.675	1.0	2.0	1.0	1.0					
3301.805	7.800000000000182	trials	8.0	3304.2619910000003	3305.7060380000003	3307.384579	3307.7099240000002	3303.5154860000002	3306.0991010000002	3308.195	3309.605	1.0	2.0	1.0	1.0					
3313.69	7.239999999999782	trials	8.0	3315.7582690000004	3317.326884	3319.0513610000003	3319.3091870000003	3315.0964780000004	3317.7009110000004	3319.69	3320.93	1.0	2.0	1.0	1.0					
3323.015	7.9900000000002365	trials	8.0	3326.1324640000003	3327.240408	3329.24417	3329.5111580000003	3325.532477	3327.908933	3329.905	3331.005	1.0	2.0	1.0	1.0					
3335.021	7.5090000000000146	trials	8.0	3337.453547	3339.37195	3340.851545	3341.128581	3336.7105180000003	3339.29156	3341.625	3342.53	1.0	2.0	1.0	1.0					
3344.615	15.421000000000276	trials	8.0	3349.437346	3350.9170350000004	3353.7824720000003	3354.1384620000003	3348.548984	3351.41199	3354.46	3356.33	1.0	1.0	1.0	1.0					
3360.375	4.934999999999945	trials	8.0	3362.328829	3362.3678400000003	3365.2615920000003	3365.309474	3360.032228	3362.3563900000004			1.0		0.0	2.0					
3366.451	10.579000000000178	trials	8.0	3371.453818	3373.012157	3374.8411370000003	3375.2458140000003	3370.713878	3373.5584590000003	3375.536	3377.03	1.0	2.0	1.0	1.0					
3379.118	10.537000000000262	trials	8.0	3383.7818530000004	3385.739026	3387.9455780000003	3388.2449210000004	3383.058206	3386.351321	3388.64	3389.655	1.0	2.0	1.0	1.0					
3392.744	8.161000000000058	trials	8.0	3394.788692	3396.751826	3398.9898900000003	3399.3235000000004	3394.1875280000004	3397.3252070000003	3399.645	3400.905	1.0	2.0	1.0	1.0					
3404.93	124.25	BlockDesign														1.0	239.0	244.0	0.0	0.0
3404.93	6.385000000000218	trials	9.0	3407.222407	3408.7550800000004	3410.516446	3410.774721	3406.265813	3409.383562			1.0	2.0	0.0	3.0					
3413.906	7.0090000000000146	trials	9.0	3416.6193620000004	3417.8042240000004	3420.1420310000003	3420.4984870000003	3416.0580050000003	3418.2440340000003			1.0	2.0	0.0	3.0					
3423.529	67.7159999999999	trials	9.0	3487.7444370000003	3488.989274	3490.8232590000002	3491.077769	3486.977605	3489.315265			1.0	1.0	0.0	3.0					
3494.31	6.682999999999993	trials	9.0	3496.3832770000004	3498.2393060000004	3500.48626	3500.992765	3495.65488	3498.8362970000003			1.0	2.0	0.0	3.0					
3504.981	10.888999999999669	trials	9.0	3510.257993	3512.2102280000004	3515.7420060000004	3515.8709440000002	3509.416502	3512.1981480000004			1.0		0.0	2.0					
3517.381	11.798999999999978	trials	9.0	3524.3078	3525.8231720000003	3529.012126	3529.626295	3523.5783930000002	3526.528106			1.0	2.0	0.0	3.0					
3531.482	437.5329999999999	BlockDesign														1.0	245.0	276.0	10.0	50.0
3531.482	11.172000000000025	trials	10.0	3538.142756	3540.0097370000003	3542.235011	3542.651679	3537.198893	3540.397414			1.0	1.0	0.0	3.0					
3545.585	10.045000000000073	trials	10.0	3550.0177750000003	3551.456231	3553.686559	3554.147738	3549.227354	3552.3110500000003	3554.43	3555.63	1.0	2.0	1.0	1.0					
3559.716	6.610000000000127	trials	10.0	3562.40783	3563.6301190000004	3565.551649	3566.324081	3561.5208070000003	3563.94085			1.0	2.0	0.0	3.0					
3568.966	12.914000000000215	trials	10.0	3576.6379610000004	3578.502284	3581.2418260000004	3581.878181	3575.671933	3579.1698530000003			1.0	1.0	0.0	3.0					
3584.661	16.06899999999996	trials	10.0	3594.4077700000003	3596.324383	3600.026972	3600.5696510000002	3593.770055	3596.990685			1.0	1.0	0.0	3.0					
3602.497	11.539000000000215	trials	10.0	3609.778526	3611.673134	3613.5521040000003	3614.032982	3609.217136	3611.9840560000002			1.0	2.0	0.0	3.0					
3617.94	12.184999999999945	trials	10.0	3623.415131	3625.989336	3629.4015240000003	3629.910044	3622.4823370000004	3626.4793320000003			1.0	2.0	0.0	3.0					
3632.83	14.430000000000291	trials	10.0	3641.6334690000003	3643.621118	3646.702249	3647.195474	3640.6919610000004	3644.586343			1.0	2.0	0.0	3.0					
3651.27	9.213999999999942	trials	10.0	3654.494908	3656.4682110000003	3659.4770980000003	3660.477843	3653.4930560000003	3656.912993			1.0	1.0	0.0	3.0					
3662.44	11.963999999999942	trials	10.0	3669.6521860000003	3671.0513290000004	3673.926297	3674.3586600000003	3669.082187	3671.5556060000004			1.0	2.0	0.0	3.0					
3678.39	7.315000000000055	trials	10.0	3682.2239310000004	3683.519693	3685.2199520000004	3685.6815460000003	3681.3837390000003	3683.563724			1.0	1.0	0.0	3.0					
3689.64	9.065000000000055	trials	10.0	3693.013814	3694.335121	3696.929834	3697.377551	3692.298627	3694.871192	3697.576	3698.705	1.0	2.0	1.0	1.0					
3700.85	9.200000000000273	trials	10.0	3705.668884	3706.7566970000003	3708.3403630000003	3708.629972	3704.7421090000003	3707.073623	3708.975	3710.05	1.0	2.0	1.0	1.0					
3713.123	8.73700000000008	trials	10.0	3717.7686200000003	3719.628246	3721.4099560000004	3721.8608700000004	3717.196354	3720.120424			1.0	2.0	0.0	3.0					
3723.78	10.934999999999945	trials	10.0	3728.789878	3730.500719	3732.759951	3733.1376200000004	3728.034989	3730.664576	3733.457	3734.715	1.0	2.0	1.0	1.0					
3737.838	7.567000000000007	trials	10.0	3739.8701450000003	3741.790652			3739.16816	3741.780073			1.0		0.0	2.0					
3745.805	11.885000000000218	trials	10.0	3751.9149500000003	3753.400414	3755.9193880000003	3756.2723020000003	3751.113557	3754.016664	3756.596	3757.69	1.0	2.0	1.0	1.0					
3759.815	16.659999999999854	trials	10.0	3771.8535110000003	3773.0957420000004	3775.826615	3776.4764800000003	3770.883114	3774.0352730000004			1.0	2.0	0.0	3.0					
3778.252	14.909000000000106	trials	10.0	3786.0446810000003	3787.6447670000002	3791.16764	3791.635885	3785.256319	3788.2283	3791.96	3793.161	1.0	1.0	1.0	1.0					
3795.25	8.619000000000142	trials	10.0	3799.8344370000004	3801.1660420000003	3803.4293860000002	3803.864896	3798.950362	3801.8694490000003			1.0	2.0	0.0	3.0					
3806.791	23.159999999999854	trials	10.0	3823.384994	3825.341018	3828.298412	3828.619666	3822.864637	3825.6918400000004	3828.96	3829.951	1.0	2.0	1.0	1.0					
3833.0	8.795000000000073	trials	10.0	3837.089266	3839.055659	3841.1083120000003	3841.796975	3836.482671	3839.501429			1.0	2.0	0.0	3.0					
3844.482	11.344000000000051	trials	10.0	3850.2055790000004	3851.658773	3855.1731710000004	3855.7023320000003	3849.373079	3852.023125			1.0	2.0	0.0	3.0					
3859.835	7.664999999999964	trials	10.0	3862.364171	3863.9682510000002	3866.922179	3867.5019460000003	3861.6673010000004	3864.6338750000004			1.0	1.0	0.0	3.0					
3871.32	12.509999999999764	trials	10.0	3877.621134	3878.971097	3881.9586150000005	3882.5373250000002	3877.0281320000004	3879.598934	3882.661	3883.83	1.0	2.0	1.0	1.0					
3887.906	7.369000000000142	trials	10.0	3890.489051	3892.461271	3894.8202420000002	3895.2757100000003	3889.501806	3893.2110430000002			1.0	1.0	0.0	3.0					
3899.215	9.329999999999927	trials	10.0	3902.081023	3903.787991	3907.666271	3908.544569	3901.476602	3904.2321110000003			1.0	1.0	0.0	3.0					
3912.12	9.885000000000218	trials	10.0	3916.068883	3917.7604610000003	3920.372453	3920.7018340000004	3915.141673	3919.1632600000003	3921.12	3922.005	1.0	2.0	1.0	1.0					
3924.021	9.518999999999778	trials	10.0	3928.0900810000003	3930.129488	3931.701793	3932.106212	3927.1383910000004	3930.053339	3932.32	3933.54	1.0	2.0	1.0	1.0					
3935.561	10.78899999999976	trials	10.0	3939.509395	3941.4358340000003	3944.7506750000002	3945.1176290000003	3938.6610100000003	3942.583565	3945.405	3946.35	1.0	2.0	1.0	1.0					
3949.44	7.204999999999927	trials	10.0	3951.665864	3953.0839100000003	3955.7806060000003	3956.301143	3951.1156340000002	3953.722436			1.0	2.0	0.0	3.0					
3960.125	8.889999999999873	trials	10.0	3962.7394990000003	3964.377449	3967.244983	3967.6497660000005	3961.8673670000003	3964.902083	3967.945	3969.015	1.0	2.0	1.0	1.0					
3971.11	3160.315	BlockDesign														1.0	277.0	507.0	90.0	50.0
3971.11	10.69900000000007	trials	11.0	3974.550263	3976.4489030000004	3979.8065070000002	3980.2165370000002	3973.8312330000003	3976.909066	3980.528	3981.809	1.0	1.0	1.0	1.0					
3983.891	7.403999999999996	trials	11.0	3986.239036	3987.286102	3989.452227	3989.686697	3985.696339	3987.986108	3990.207	3991.295	1.0	1.0	1.0	1.0					
3993.345	12.215000000000146	trials	11.0	3997.229569	3999.2479510000003	4002.4047020000003	4002.912259	3996.291716	3999.96796			1.0	2.0	0.0	3.0					
4006.205	12.581000000000131	trials	11.0	4012.6658540000003	4013.8315300000004	4016.971542	4017.4209880000003	4011.78748	4014.729256	4017.735	4018.786	1.0	2.0	1.0	1.0					
4021.906	6.630000000000109	trials	11.0	4024.54097	4025.9926720000003	4027.8370160000004	4028.5348360000003	4023.9413090000003	4026.2546340000004			1.0	2.0	0.0	3.0					
4030.201	18.679000000000087	trials	11.0	4041.966692	4043.551734	4047.029036	4047.4726180000002	4041.142124	4044.1660580000002	4047.78	4048.88	1.0	2.0	1.0	1.0					
4050.855	9.320000000000164	trials	11.0	4054.581371	4056.031174	4058.24827	4058.686121	4053.7127950000004	4056.5049280000003	4059.04	4060.175	1.0	2.0	1.0	1.0					
4062.286	9.808999999999742	trials	11.0	4067.2793930000003	4069.3609300000003	4071.6837670000004	4071.954341	4066.31399	4070.008108			1.0	2.0	0.0	3.0					
4076.165	7.996000000000095	trials	11.0	4078.154441	4079.82151	4083.057479	4083.449437	4076.8401550000003	4080.2963990000003			1.0	1.0	1.0	1.0					
4087.62	9.260000000000218	trials	11.0	4091.075081	4092.748904	4095.0924130000003	4095.464531	4090.4192590000002	4093.275794	4095.885	4096.88	1.0	2.0	1.0	1.0					
4099.964	8.197000000000116	trials	11.0	4102.310027	4104.267427000001	4106.283764	4106.550523	4101.442763	4104.517387	4107.05	4108.161	1.0	1.0	1.0	1.0					
4112.2	6.489999999999782	trials	11.0	4114.614815	4116.081532	4118.200184	4118.6912950000005	4113.943615	4116.283163			1.0	2.0	0.0	3.0					
4120.551	12.634000000000015	trials	11.0	4125.706967	4127.096774	4131.138775	4131.502828000001	4125.171903	4127.416877	4131.88	4133.185	1.0	1.0	1.0	1.0					
4135.232	12.118000000000393	trials	11.0	4140.439832	4142.471911000001	4145.277367000001	4145.682611	4139.832541	4143.253427	4145.98	4147.35	1.0	1.0	1.0	1.0					
4149.328	9.526999999999134	trials	11.0	4153.859802	4155.557065	4156.970201	4157.205344	4152.917725	4155.840078	4157.805	4158.855	1.0	1.0	1.0	1.0					
4162.951	6.0090000000000146	trials	11.0	4164.655355	4166.44779	4168.615909	4168.960373	4163.201972000001	4166.859728			1.0	2.0	0.0	3.0					
4172.0	7.335000000000036	trials	11.0	4174.725862	4176.027038	4177.475623	4177.562812	4173.859061	4176.44903	4178.161	4179.335	1.0	1.0	1.0	1.0					
4182.428	9.563000000000102	trials	11.0	4186.045606	4187.991388	4190.008975000001	4190.223616	4185.229333	4188.104465	4190.675	4191.991	1.0	1.0	1.0	1.0					
4195.046	7.198999999999614	trials	11.0	4197.310658	4198.6723250000005	4200.288514	4200.798892000001	4196.384059	4199.026922	4200.93	4202.245	1.0	1.0	1.0	1.0					
4206.265	5.464999999999236	trials	11.0	4207.93579	4209.223975	4211.328211	4211.546195	4206.68896	4209.166064			1.0	2.0	0.0	3.0					
4214.741	8.088999999999942	trials	11.0	4217.505921	4219.092649	4222.710748	4222.835056	4216.616204	4219.086226			1.0		0.0	2.0					
4225.216	11.399999999999636	trials	11.0	4228.485524	4230.424513	4234.051985	4234.302151	4227.837671	4230.684433	4234.84	4236.616	1.0	1.0	1.0	1.0					
4240.665	5.605000000000473	trials	11.0	4242.815396	4243.982086	4245.633649	4246.274092	4241.987333	4244.423996			1.0	1.0	0.0	3.0					
4250.121	8.78899999999976	trials	11.0	4253.3509460000005	4254.757022	4257.142682	4257.595607	4252.652245	4255.3227130000005	4257.85	4258.91	1.0	2.0	1.0	1.0					
4260.985	9.970000000000255	trials	11.0	4264.381019	4266.202013	4269.0512260000005	4269.195352000001	4263.480383	4266.906622	4269.68	4270.955	1.0	1.0	1.0	1.0					
4273.972	8.192000000000007	trials	11.0	4276.347299	4278.057525	4280.495384	4280.758609	4275.544639	4278.4848440000005	4281.28	4282.164	1.0	2.0	1.0	1.0					
4284.32	12.825000000000728	trials	11.0	4292.497241	4294.449619	4296.790339	4297.083497	4291.795719	4295.084715			1.0	2.0	0.0	3.0					
4301.19	7.490000000000691	trials	11.0	4303.035181	4304.694526	4306.96904	4307.322694	4301.810986	4305.095384	4307.725	4308.68	1.0	2.0	1.0	1.0					
4312.701	8.543999999999869	trials	11.0	4315.720797	4317.2257660000005	4319.341207	4319.595028	4314.862496	4318.406926	4320.02	4321.245	1.0	1.0	1.0	1.0					
4324.279	7.950999999999112	trials	11.0	4327.347478	4328.937389000001	4330.3902610000005	4330.60573	4326.73156	4329.254965	4331.08	4332.23	1.0	1.0	1.0	1.0					
4336.38	5.351999999999862	trials	11.0	4338.042344	4339.222861	4341.321469	4341.680996	4337.240965	4339.909538			1.0	2.0	0.0	3.0					
4345.67	8.220000000000255	trials	11.0	4347.226079	4348.744327	4351.933228	4352.125159	4346.679925	4349.407325	4352.64	4353.89	1.0	1.0	1.0	1.0					
4356.911	7.194999999999709	trials	11.0	4359.780591000001	4361.318825	4362.913355000001	4363.118225	4359.103944	4361.770689			1.0	1.0	1.0	1.0					
4366.544	14.86700000000019	trials	11.0	4374.34115	4376.346722	4378.718035	4379.093177000001	4373.480531	4376.951449			1.0	2.0	0.0	3.0					
4383.187	62.95300000000043	trials	11.0	4440.771119	4442.118812000001	4444.255994	4444.588958	4439.762018	4443.027389	4444.895	4446.14	1.0	1.0	1.0	1.0					
4449.161	8.064000000000306	trials	11.0	4451.872751	4452.963320000001	4455.346826	4455.764843	4451.0977	4453.897309	4456.116	4457.225	1.0	1.0	1.0	1.0					
4459.294	8.52599999999984	trials	11.0	4462.405943	4464.383809	4465.898098	4466.136206	4461.575429	4464.674431	4466.595	4467.82	1.0	1.0	1.0	1.0					
4471.845	6.542999999999665	trials	11.0	4473.691564000001	4474.893026	4477.930205000001	4478.383321	4471.946344	4475.604746			1.0	1.0	0.0	3.0					
4481.464	10.261000000000422	trials	11.0	4485.256826000001	4487.083666	4489.7906920000005	4489.928717000001	4484.395139	4487.5987430000005	4491.506	4491.725	1.0	2.0	1.0	1.0					
4493.375	11.661000000000058	trials	11.0	4499.651213	4501.460146	4503.878011000001	4504.070086	4498.729498000001	4502.03776			1.0	2.0	0.0	3.0					
4507.312	11.014000000000124	trials	11.0	4511.932891	4513.343197	4516.161127	4516.513229	4511.065022000001	4514.052119	4516.925	4518.326	1.0	1.0	1.0	1.0					
4522.396	8.140000000000327	trials	11.0	4525.012073	4526.294872	4528.36591	4528.587346	4524.298723	4527.270758000001	4529.105	4530.536	1.0	1.0	1.0	1.0					
4533.6	8.5049999999992	trials	11.0	4536.785097	4538.242997	4540.143542	4540.532545	4535.794247	4538.675486	4540.93	4542.105	1.0	1.0	1.0	1.0					
4546.156	6.889000000000124	trials	11.0	4547.748074	4549.553759	4551.128267	4551.287692	4546.847299	4550.258201000001	4551.85	4553.045	1.0	1.0	1.0	1.0					
4555.107	10.172999999999774	trials	11.0	4559.487073	4561.149628	4563.273913	4563.524348	4558.604158	4561.681544	4563.935	4565.28	1.0	1.0	1.0	1.0					
4567.295	8.050000000000182	trials	11.0	4571.426878	4573.227874	4574.943074000001	4575.271052	4570.547942	4573.640033			1.0	2.0	0.0	3.0					
4579.418	7.692000000000007	trials	11.0	4581.132473	4582.657151	4585.27111	4585.601819	4579.854449	4583.342261	4586.09	4587.11	1.0	2.0	1.0	1.0					
4590.161	7.1340000000000146	trials	11.0	4592.132353	4593.355724	4596.588754	4597.108196	4591.358335	4593.804257			1.0	2.0	0.0	3.0					
4599.0	11.625	trials	11.0	4604.08382	4605.896749	4608.524591	4608.969745	4603.336441	4606.460017	4609.26	4610.625	1.0	1.0	1.0	1.0					
4612.71	9.701000000000022	trials	11.0	4616.4768890000005	4618.1925790000005	4620.047095	4620.26504	4615.941165	4618.539545	4620.68	4622.411	1.0	1.0	1.0	1.0					
4626.455	8.725000000000364	trials	11.0	4629.388313	4631.416198	4633.248011	4633.481168	4628.565272	4631.705266	4634.005	4635.18	1.0	1.0	1.0	1.0					
4638.261	8.764999999999418	trials	11.0	4640.472417	4642.448866000001	4644.5547910000005	4644.719729	4639.843597	4643.350961	4645.27	4647.026	1.0	1.0	1.0	1.0					
4649.1	7.4299999999993815	trials	11.0	4652.657159	4654.179256	4656.108806	4656.496265	4651.76291	4654.593677000001			1.0	2.0	0.0	3.0					
4660.536	8.36999999999989	trials	11.0	4662.933088	4663.993403	4668.396212	4668.878665	4662.356764	4664.472008000001			1.0	2.0	0.0	3.0					
4671.888	60.93199999999979	trials	11.0	4727.787136	4729.467773	4730.785642000001	4731.139717	4726.960264	4729.61975	4731.536	4732.82	1.0	1.0	1.0	1.0					
4735.951	8.528999999999542	trials	11.0	4739.31287	4740.75715	4742.805776	4743.086069	4738.351555	4741.1455160000005	4743.448	4744.48	1.0	2.0	1.0	1.0					
4746.565	10.785000000000764	trials	11.0	4752.027260000001	4753.95959	4756.857935	4757.352143	4751.280311	4754.505742			1.0	1.0	0.0	3.0					
4759.281	39.92399999999998	trials	11.0	4794.607646	4795.917121	4797.316204000001	4797.4765640000005	4793.985223	4796.178203	4798.13	4799.205	1.0	1.0	1.0	1.0					
4801.29	8.501000000000204	trials	11.0	4804.59784	4806.219874	4807.829159	4808.211946	4803.7591330000005	4806.756678	4808.53	4809.791	1.0	1.0	1.0	1.0					
4812.875	8.9399999999996	trials	11.0	4815.226354	4816.810294	4818.729598	4818.909205	4814.373272000001	4817.17789	4819.405	4821.815	1.0	1.0	1.0	1.0					
4825.83	8.135000000000218	trials	11.0	4827.478487	4829.390012	4831.935458	4832.325269	4826.6906	4829.746918000001	4832.695	4833.965	1.0	1.0	1.0	1.0					
4836.985	9.664999999999964	trials	11.0	4840.11275	4841.818952	4843.889002	4844.238329	4839.240607	4842.319717	4844.645	4846.65	1.0	1.0	1.0	1.0					
4850.735	6.960000000000036	trials	11.0	4852.638278	4853.853686	4855.8322450000005	4856.306054000001	4851.5034590000005	4854.289108	4856.701	4857.695	1.0	2.0	1.0	1.0					
4860.786	9.34900000000016	trials	11.0	4863.693098	4865.557478000001	4868.165653	4868.529082	4863.118678000001	4865.969486	4868.88	4870.135	1.0	1.0	1.0	1.0					
4873.289	5.3159999999998035	trials	11.0	4875.084571	4876.244336	4878.1259900000005	4878.6086000000005	4874.243176	4876.69246			1.0	2.0	0.0	3.0					
4880.535	11.13000000000011	trials	11.0	4884.838538	4886.084846	4889.551553	4890.003704000001	4884.108284	4886.832313	4890.405	4891.665	1.0	1.0	1.0	1.0					
4895.75	9.194999999999709	trials	11.0	4897.943174	4899.509067	4902.396793	4902.79537	4897.172117	4900.107451	4903.076	4904.945	1.0	1.0	1.0	1.0					
4907.03	8.50500000000011	trials	11.0	4911.5484400000005	4913.046163	4915.142015	4915.516568	4910.8562	4913.352277			1.0	2.0	0.0	3.0					
4919.54	7.6850000000004	trials	11.0	4921.568006	4922.760779	4925.101372	4925.558072	4920.84631	4923.240118	4925.771	4927.225	1.0	1.0	1.0	1.0					
4931.245	5.650000000000546	trials	11.0	4933.258711	4934.824841	4936.629761	4936.898381	4932.125279	4934.8173560000005			1.0		0.0	2.0					
4940.835	10.751000000000204	trials	11.0	4947.228287	4948.880699	4951.095787	4951.566392000001	4946.287411	4949.321191			1.0	2.0	0.0	3.0					
4953.531	56.9340000000002	trials	11.0	5005.108391	5006.442800000001	5008.802915	5009.057219	5004.363431	5006.828141	5009.5	5010.465	1.0	2.0	1.0	1.0					
5012.485	9.375	trials	11.0	5015.384161	5017.025101	5020.019801	5020.335506	5014.750312	5018.019901	5020.82	5021.86	1.0	2.0	1.0	1.0					
5025.882	7.7280000000000655	trials	11.0	5028.879137	5030.787583	5033.1568130000005	5033.597162	5028.364799	5031.163768			1.0	1.0	0.0	3.0					
5036.555	62.25500000000011	trials	11.0	5095.434742	5096.810996	5098.459115	5098.554779	5094.536186	5096.802068			1.0		0.0	2.0					
5101.815	10.075000000000728	trials	11.0	5105.960447	5107.777717000001	5110.285076	5110.561334	5105.110129000001	5108.425652	5110.9	5111.89	1.0	2.0	1.0	1.0					
5114.971	7.020000000000437	trials	11.0	5117.76929	5119.580423	5121.525145	5121.993671	5116.82251	5120.017285			1.0	2.0	0.0	3.0					
5125.921	9.498999999999796	trials	11.0	5128.849498	5130.2565620000005	5133.378622	5133.686552	5127.8954539999995	5131.05338	5134.12	5135.42	1.0	1.0	1.0	1.0					
5137.44	9.830000000000837	trials	11.0	5142.288809	5143.841196	5145.256523	5145.535348	5141.5733	5144.154145	5146.07	5147.27	1.0	1.0	1.0	1.0					
5149.35	6.964999999999236	trials	11.0	5152.89469	5154.325723	5155.840929	5156.250795	5152.301673	5155.05928			1.0	1.0	0.0	3.0					
5160.315	8.676000000000386	trials	11.0	5163.5006300000005	5165.059829	5167.257719	5167.626914	5162.803	5165.735882000001	5168.02	5168.991	1.0	2.0	1.0	1.0					
5173.015	9.935999999999694	trials	11.0	5176.1344659999995	5177.672968000001	5182.465925	5182.958816	5175.25	5178.078031			1.0	2.0	0.0	3.0					
5185.872	10.063000000000102	trials	11.0	5189.909029	5191.039513	5194.189145	5194.587607	5189.382121000001	5191.775045	5194.911	5195.935	1.0	2.0	1.0	1.0					
5198.013	11.61700000000019	trials	11.0	5202.064487	5203.2782050000005	5208.955918	5209.637996	5201.45795	5208.0346420000005			1.0	2.0	0.0	3.0					
5212.315	23.511000000000422	trials	11.0	5230.109581000001	5232.142985	5235.3661250000005	5235.833756	5229.354538	5232.742143			1.0	2.0	0.0	3.0					
5238.775	55.14000000000033	trials	11.0	5288.810965000001	5290.4232520000005	5291.7482390000005	5292.110696	5288.002517000001	5290.944179	5292.415	5293.915	1.0	1.0	1.0	1.0					
5296.97	7.954999999999927	trials	11.0	5299.815055	5301.298136	5302.865202000001	5303.234836	5298.8939	5301.719618	5303.6	5304.925	1.0	1.0	1.0	1.0					
5309.01	6.954999999999927	trials	11.0	5310.79637	5312.236264	5313.919363	5314.2592270000005	5309.4611079999995	5312.687182	5314.625	5315.965	1.0	1.0	1.0	1.0					
5320.0	6.494999999999891	trials	11.0	5321.9947329999995	5323.051986	5324.843374	5325.125819000001	5320.799678	5323.534013	5325.545	5326.495	1.0	2.0	1.0	1.0					
5329.516	7.819000000000415	trials	11.0	5331.717605	5333.397047	5335.167214	5335.4769400000005	5331.046688	5334.288977	5335.885	5337.335	1.0	1.0	1.0	1.0					
5340.4	8.180000000000291	trials	11.0	5342.66483	5344.677145	5346.88531	5347.2015790000005	5341.581599	5345.021779000001	5347.536	5348.58	1.0	2.0	1.0	1.0					
5351.665	7.055000000000291	trials	11.0	5353.876852	5355.741705	5358.030823	5358.725644	5353.207884	5355.7378420000005			1.0		0.0	2.0					
5361.826	7.639000000000124	trials	11.0	5364.200277	5365.739603	5367.676654000001	5367.970061	5363.679651	5366.2367	5369.435	5369.465	1.0	2.0	1.0	1.0					
5371.235	22.903000000000247	trials	11.0	5389.840722000001	5391.536633	5393.672366000001	5394.143434	5389.047512	5391.85088			1.0	2.0	0.0	3.0					
5397.095	8.940999999999804	trials	11.0	5399.660179	5401.251964	5403.3925	5403.757552	5399.154293	5401.83837	5403.991	5406.036	1.0	2.0	1.0	1.0					
5409.31	12.169999999999163	trials	11.0	5415.355639	5416.800604	5419.500588000001	5419.841516	5414.600179	5417.30798	5411.241	5421.48	1.0	2.0	1.0	1.0					
5424.567	11.627999999999702	trials	11.0	5430.390643000001	5432.440606	5433.974311	5434.292887	5429.6619470000005	5432.818965	5434.716	5436.195	1.0	1.0	1.0	1.0					
5440.25	7.470000000000255	trials	11.0	5442.502149	5443.939498	5445.905212	5446.171598000001	5441.852704000001	5444.33576	5446.6	5447.72	1.0	2.0	1.0	1.0					
5451.84	8.529999999999745	trials	11.0	5455.831604	5457.451559	5459.276564	5459.522114	5455.073228	5457.810141			1.0	2.0	1.0	1.0					
5463.89	7.074999999999818	trials	11.0	5466.020408	5468.090243000001	5470.545809	5470.934129	5465.196133	5468.416658			1.0	2.0	0.0	3.0					
5473.965	23.139999999999418	trials	11.0	5492.050793	5493.7123360000005	5496.600919	5497.111135	5491.3226890000005	5494.232032			1.0	2.0	0.0	3.0					
5499.007	9.493000000000393	trials	11.0	5503.4154020000005	5505.302663	5506.591361000001	5507.019488	5502.611851	5505.616691	5507.275	5508.5	1.0	1.0	1.0	1.0					
5510.56	9.75	trials	11.0	5514.521278	5516.492769	5518.443646	5518.741494	5513.5484	5517.059117000001	5519.195	5520.31	1.0	1.0	1.0	1.0					
5522.355	6.75	trials	11.0	5524.770632	5526.039018	5528.014761	5528.376068	5524.15971	5526.604159			1.0	1.0	1.0	1.0					
5531.64	13.829999999999927	trials	11.0	5541.2358	5543.099433	5545.079844	5545.33028	5540.642479	5543.716208			1.0	2.0	0.0	3.0					
5549.485	7.119999999999891	trials	11.0	5551.517704	5552.954999	5554.907428	5555.203864	5549.812098	5553.042082	5555.566	5556.605	1.0	2.0	1.0	1.0					
5558.625	11.029999999999745	trials	11.0	5563.535837	5565.191288	5567.920389000001	5568.246932	5562.808619	5565.696556000001	5568.915	5569.655	1.0	2.0	1.0	1.0					
5572.739	9.061000000000604	trials	11.0	5576.115656	5578.1099890000005	5580.195327	5580.374698	5575.426082	5578.458933	5580.945	5581.8	1.0	2.0	1.0	1.0					
5585.82	7.525000000000546	trials	11.0	5587.752556	5589.58909	5591.596961	5591.825344000001	5586.641903	5589.585545	5592.28	5593.345	1.0	1.0	1.0	1.0					
5595.366	7.963999999999942	trials	11.0	5599.297949	5600.723618	5602.786596	5603.341102	5598.332311	5600.719993000001			1.0		0.0	2.0					
5604.8	9.579999999999927	trials	11.0	5610.556439	5611.807475	5613.838433000001	5614.3878939999995	5609.998647	5612.592346			1.0	2.0	0.0	3.0					
5616.314	10.346999999999753	trials	11.0	5621.736577	5623.643134	5626.101137	5626.668139	5621.21968	5624.028621			1.0	2.0	0.0	3.0					
5628.482	15.563000000000102	trials	11.0	5639.11627	5640.133371	5641.999711	5642.3943739999995	5638.602759	5640.662471	5642.71	5644.045	1.0	1.0	1.0	1.0					
5648.08	6.0600000000004	trials	11.0	5649.971873	5651.243171	5653.804588	5654.150006	5648.438422	5651.238355			1.0		0.0	2.0					
5656.255	9.1899999999996	trials	11.0	5659.531259	5661.53767	5664.957481	5665.381382	5658.644611	5661.752263			1.0	2.0	0.0	3.0					
5669.47	8.14599999999973	trials	11.0	5671.203525000001	5672.85356	5675.984560000001	5676.245177000001	5670.169199	5673.24391	5676.665	5677.616	1.0	2.0	1.0	1.0					
5679.705	7.789999999999964	trials	11.0	5683.05661	5684.16941	5687.0062450000005	5687.504938	5682.298613000001	5684.603159			1.0	1.0	0.0	3.0					
5689.357	18.13299999999981	trials	11.0	5702.967128	5704.427227	5707.019945	5707.483943	5702.251405	5704.851799			1.0	2.0	0.0	3.0					
5711.42	6.135000000000218	trials	11.0	5713.17326	5714.823275000001	5717.007169	5717.562917	5712.321173	5715.267655			1.0	2.0	0.0	3.0					
5719.355	12.540000000000873	trials	11.0	5727.786342	5729.273086	5731.431649	5731.904936000001	5726.868601	5730.031175			1.0	2.0	0.0	3.0					
5733.84	11.113999999999578	trials	11.0	5739.253574	5741.112631	5744.385275000001	5744.943037	5738.606354	5741.681428			1.0	1.0	0.0	3.0					
5748.955	9.6850000000004	trials	11.0	5751.517315	5753.529305	5756.928389000001	5757.120661000001	5750.957255	5753.784116000001	5757.605	5758.64	1.0	1.0	1.0	1.0					
5762.695	7.550000000000182	trials	11.0	5765.5316569999995	5767.46497	5769.792482000001	5770.25342	5764.874642000001	5767.811198			1.0	2.0	0.0	3.0					
5772.161	11.269000000000233	trials	11.0	5776.496239	5778.144356000001	5781.240723000001	5781.670579	5775.686513000001	5778.538781	5781.915	5783.43	1.0	1.0	1.0	1.0					
5785.5	9.229999999999563	trials	11.0	5789.267185000001	5790.860662	5792.752145	5793.1117269999995	5788.584023	5791.557429	5793.405	5794.73	1.0	1.0	1.0	1.0					
5797.81	7.799999999999272	trials	11.0	5799.753149	5801.055197	5803.528108	5803.862647	5799.0818	5801.378312000001	5804.27	5805.61	1.0	1.0	1.0	1.0					
5807.63	8.414999999999964	trials	11.0	5810.576449	5812.253708	5814.452411	5814.703908	5809.799468	5812.754213	5815.265	5816.045	1.0	2.0	1.0	1.0					
5819.126	7.10399999999936	trials	11.0	5821.331745	5822.466326	5824.4399570000005	5824.6813600000005	5820.8026389999995	5823.163682	5825.201	5826.23	1.0	1.0	1.0	1.0					
5829.247	7.28899999999976	trials	11.0	5831.51209	5833.5147400000005	5834.994877	5835.240958	5830.964143	5833.818159	5835.68	5836.536	1.0	2.0	1.0	1.0					
5840.595	8.27099999999973	trials	11.0	5843.16658	5844.413269000001	5846.967894	5847.281195	5842.309699	5844.975416	5847.741	5848.866	1.0	1.0	1.0	1.0					
5853.012	7.774000000000342	trials	11.0	5855.963659	5857.495454	5858.796929	5859.17807	5855.049527	5857.720858000001	5859.52	5860.786	1.0	1.0	1.0	1.0					
5863.841	8.085000000000036	trials	11.0	5866.547986	5868.572611	5869.8528320000005	5870.14292	5865.738332000001	5868.886018	5870.605	5871.926	1.0	1.0	1.0	1.0					
5875.942	7.743000000000393	trials	11.0	5878.232003	5879.6685099999995	5881.280018	5881.53841	5877.482341000001	5880.140311	5882.076	5883.685	1.0	1.0	1.0	1.0					
5887.769	8.556999999999789	trials	11.0	5890.267339	5891.961859	5894.0963329999995	5894.432924000001	5889.610182	5892.285964000001	5894.786	5896.326	1.0	1.0	1.0	1.0					
5898.345	10.18499999999949	trials	11.0	5903.732072000001	5905.15395	5906.442950000001	5906.876756	5903.050026000001	5905.635731	5907.21	5908.53	1.0	1.0	1.0	1.0					
5910.581	9.403999999999542	trials	11.0	5914.682934	5915.824119000001	5917.753564000001	5918.218215000001	5913.860404	5916.48656	5918.525	5919.985	1.0	1.0	1.0	1.0					
5924.005	7.375	trials	11.0	5925.572417	5927.21905	5929.283969	5929.571089	5924.675458	5927.489756000001	5929.96	5931.38	1.0	2.0	1.0	1.0					
5935.465	7.349999999999454	trials	11.0	5937.262943	5938.859015	5940.804361	5940.879413000001	5936.574595	5939.304835000001	5941.445	5942.815	1.0	1.0	1.0	1.0					
5946.86	7.119999999999891	trials	11.0	5948.503952	5950.331708	5952.251396	5952.498267000001	5947.1204020000005	5950.609997	5952.925	5953.98	1.0	2.0	1.0	1.0					
5957.0	7.645000000000437	trials	11.0	5960.452433	5962.345625	5964.308366	5964.531838000001	5959.470152	5962.73733			1.0	2.0	0.0	3.0					
5966.715	11.574999999999818	trials	11.0	5971.634122	5973.287632	5976.025798000001	5976.487501	5970.699646	5973.779402	5976.755	5978.29	1.0	1.0	1.0	1.0					
5980.36	9.506000000000313	trials	11.0	5983.237714000001	5985.132367	5988.100939	5988.308738	5982.3265360000005	5985.424975	5988.87	5989.84	1.0	1.0	1.0	1.0					
5991.961	7.623999999999796	trials	11.0	5994.773083	5996.429682	5997.516502	5997.899363	5993.769062	5996.578494	5998.26	5999.585	1.0	1.0	1.0	1.0					
6003.735	7.566000000000713	trials	11.0	6005.537163	6007.588498	6009.184781	6009.452144000001	6004.078247	6008.078368	6009.885	6011.301	1.0	1.0	1.0	1.0					
6014.32	7.555000000000291	trials	11.0	6016.767677	6018.241529000001	6019.781803	6020.044356	6015.844796	6018.659898	6020.491	6021.875	1.0	1.0	1.0	1.0					
6025.025	6.386000000000422	trials	11.0	6027.508421	6029.184706	6031.025937	6031.2449209999995	6026.796382	6029.770255			1.0	2.0	0.0	3.0					
6034.481	8.338999999999942	trials	11.0	6036.7477579999995	6038.29938	6040.981292	6041.152295	6035.855842000001	6038.617615	6041.61	6042.82	1.0	1.0	1.0	1.0					
6044.911	10.559000000000196	trials	11.0	6047.889792	6049.536548	6051.532999	6051.810229000001	6047.124760000001	6050.016947	6052.14	6055.47	1.0	1.0	1.0	1.0					
6059.56	7.089999999999236	trials	11.0	6061.273104	6063.155629000001	6064.779355000001	6064.984969	6060.455939	6063.260008	6065.525	6066.65	1.0	2.0	1.0	1.0					
6070.666	6.78899999999976	trials	11.0	6073.718306000001	6075.083368	6077.114998	6077.274773	6073.07627	6075.572986			1.0	2.0	0.0	3.0					
6079.513	8.98700000000008	trials	11.0	6082.602863	6084.188939	6086.350421	6086.699350000001	6081.9842530000005	6084.529991	6087.039	6088.5	1.0	1.0	1.0	1.0					
6090.585	12.649999999999636	trials	11.0	6097.383222	6099.342522000001	6101.367655	6101.718323	6096.607645	6099.800972	6102.023	6103.235	1.0	1.0	1.0	1.0					
6106.25	6.875	trials	11.0	6108.813929	6110.063438	6111.180842	6111.505037000001	6108.058991	6110.361719	6112.045	6113.125	1.0	1.0	1.0	1.0					
6115.19	7.990000000000691	trials	11.0	6117.867821	6119.766757			6110.424308		6122.26	6123.18	1.0	2.0	1.0	1.0					
6125.201	8.778999999999542	trials	11.0	6128.022047	6129.643673	6131.835	6132.240191	6127.425545	6129.877247	6132.57	6133.98	1.0	1.0	1.0	1.0					
6137.036	7.0	trials	11.0	6139.3121869999995	6140.51537	6142.183199	6142.483522	6138.365501	6140.857847	6143.015	6144.036	1.0	2.0	1.0	1.0					
6147.095	7.015999999999622	trials	11.0	6149.641744	6151.429103	6153.581714	6154.106506	6148.754743	6151.889143			1.0	1.0	0.0	3.0					
6157.005	18.659999999999854	trials	11.0	6168.641972	6170.709847	6173.440483	6173.878027	6168.02017	6171.06821	6174.18	6175.665	1.0	1.0	1.0	1.0					
6178.75	5.390000000000327	trials	11.0	6180.743681	6181.818604	6183.736007	6184.065694	6179.711392	6182.543987			1.0	1.0	0.0	3.0					
6188.211	8.404999999999745	trials	11.0	6190.163918	6191.97749	6194.547124	6194.909894	6189.065359	6192.250514	6195.315	6196.616	1.0	1.0	1.0	1.0					
6199.698	8.016999999999825	trials	11.0	6202.057312	6203.370694	6205.796684	6206.0615	6200.961907	6203.920611	6206.655	6207.715	1.0	1.0	1.0	1.0					
6210.735	6.176000000000386	trials	11.0	6212.906605	6214.528449	6216.574057	6216.821578	6212.312096	6215.102443			1.0	2.0	0.0	3.0					
6219.95	9.909999999999854	trials	11.0	6222.972073	6224.478934	6226.846085	6227.347796	6222.231797	6224.843128			1.0	2.0	0.0	3.0					
6231.205	68.28999999999996	trials	11.0	6291.914116	6293.585308	6295.350119	6295.427866	6291.125867	6293.575186			1.0		0.0	2.0					
6299.638	8.353000000000065	trials	11.0	6301.66379	6303.54823	6305.953547	6306.135344	6299.496131	6304.793741	6306.625	6307.991	1.0	1.0	1.0	1.0					
6310.005	8.345000000000255	trials	11.0	6312.5321	6314.394089	6315.820137	6316.016159	6311.707595	6314.780101	6316.444	6318.35	1.0	1.0	1.0	1.0					
6321.415	6.505000000000109	trials	11.0	6323.782238	6325.62884	6327.502678	6327.681536	6322.899023	6326.165347			1.0	2.0	0.0	3.0					
6330.97	8.699999999999818	trials	11.0	6333.522566	6335.469035	6337.968865	6338.269741	6332.663851	6335.994863	6338.758	6339.67	1.0	2.0	1.0	1.0					
6342.69	7.405000000000655	trials	11.0	6344.329307	6345.695071	6347.769344	6348.062767	6343.660988	6346.456949	6348.595	6350.095	1.0	1.0	1.0	1.0					
6352.154	11.336999999999534	trials	11.0	6354.683188	6356.040386	6358.527515	6358.749113	6353.848346	6356.403376	6359.201	6363.491	1.0	2.0	1.0	1.0					
6366.576	9.899000000000342	trials	11.0	6371.022818	6372.40222	6374.450905	6374.863966	6370.401121	6372.769231	6375.13	6376.475	1.0	1.0	1.0	1.0					
6378.546	9.688999999999396	trials	11.0	6381.888675	6383.274536	6385.610062	6385.987019	6380.946148	6383.656226			1.0	2.0	0.0	3.0					
6389.029	14.086999999999534	trials	11.0	6395.933001	6397.585037	6401.1838	6401.382115	6395.022239	6398.089727	6401.92	6403.116	1.0	2.0	1.0	1.0					
6407.135	6.40099999999984	trials	11.0	6409.212988	6410.260061	6411.586841	6411.871262	6408.495965	6410.526523	6412.241	6413.536	1.0	1.0	1.0	1.0					
6417.575	6.58600000000024	trials	11.0	6419.414382	6420.96486	6422.212455	6422.501715	6418.218409	6420.994825	6423.0	6424.161	1.0	1.0	1.0	1.0					
6428.205	5.9650000000001455	trials	11.0	6430.134208	6431.129725	6433.620413	6434.170526	6428.604187	6431.11942			1.0		0.0	2.0					
6437.156	9.884000000000015	trials	11.0	6439.834093	6441.896696	6444.24371	6444.554246	6438.90468	6442.406375	6444.946	6447.04	1.0	2.0	1.0	1.0					
6450.1	7.310999999999694	trials	11.0	6452.884709	6454.100135	6455.73935	6455.967619	6451.939829	6454.340219	6456.451	6457.411	1.0	2.0	1.0	1.0					
6460.495	7.220000000000255	trials	11.0	6462.583498	6463.8242900000005	6465.661514	6465.905384	6461.712338	6464.306816	6466.31	6467.715	1.0	1.0	1.0	1.0					
6469.736	9.519000000000233	trials	11.0	6472.93782	6474.939653	6477.621085	6477.862424	6472.001188	6475.2784520000005	6478.326	6479.255	1.0	2.0	1.0	1.0					
6481.332	7.868999999999687	trials	11.0	6483.843488	6485.058532	6487.333817	6487.594664	6483.125756	6485.484013	6488.201	6489.201	1.0	2.0	1.0	1.0					
6491.287	7.088999999999942	trials	11.0	6494.477962	6495.838565	6497.886637	6498.374548	6493.840835	6496.254984			1.0	2.0	0.0	3.0					
6502.31	10.899999999999636	trials	11.0	6507.888434	6509.529538	6512.680091	6513.212404	6506.986876	6510.247633			1.0	2.0	0.0	3.0					
6517.095	22.50500000000011	trials	11.0	6535.862849	6537.390764	6539.517877	6539.602667	6535.345478	6537.386695			1.0		0.0	2.0					
6541.415	10.871000000000095	trials	11.0	6546.588478	6548.175112	6550.476902	6550.859524	6545.5904	6548.516366	6551.31	6552.286	1.0	2.0	1.0	1.0					
6556.355	9.040000000000873	trials	11.0	6559.263635	6560.574938	6563.465887	6563.738926	6558.317881	6560.96639	6564.14	6565.395	1.0	2.0	1.0	1.0					
6569.421	8.078999999999724	trials	11.0	6571.683977	6573.391316	6575.812403	6576.064243	6570.960554	6573.733706	6576.505	6577.5	1.0	2.0	1.0	1.0					
6579.582	9.292999999999665	trials	11.0	6582.370055	6584.324695	6586.729847	6587.189608	6581.469796	6584.836052	6587.39	6588.875	1.0	1.0	1.0	1.0					
6592.904	6.645999999999731	trials	11.0	6594.745156	6595.770196	6597.276978	6597.692588	6593.520841	6596.417821	6597.905	6599.55	1.0	1.0	1.0	1.0					
6601.57	12.430000000000291	trials	11.0	6606.874225	6608.565316	6613.65215	6613.913473	6605.978102	6609.012411			1.0	2.0	0.0	3.0					
6616.071	18.309000000000196	trials	11.0	6629.708914	6630.999917	6632.428717	6632.834816	6628.750216	6631.137491	6633.135	6634.38	1.0	1.0	1.0	1.0					
6637.465	7.724999999999454	trials	11.0	6639.664971	6641.570068	6643.157176	6643.593121	6638.745859	6641.921764	6643.89	6645.19	1.0	1.0	1.0	1.0					
6647.286	6.469000000000051	trials	11.0	6649.919159	6651.431155	6652.8132590000005	6653.756615	6649.295494	6652.013419			1.0	1.0	0.0	3.0					
6656.242	9.623999999999796	trials	11.0	6659.549056	6661.2730759999995	6663.94244	6664.273086	6658.975744	6662.114147	6664.585	6665.866	1.0	2.0	1.0	1.0					
6667.94	9.680000000000291	trials	11.0	6671.370572	6673.41359	6675.743848	6675.938279	6670.438898	6673.65415	6676.415	6677.62	1.0	1.0	1.0	1.0					
6680.67	7.220000000000255	trials	11.0	6683.349167	6685.350436	6687.305941	6687.524566	6682.50227	6686.432435			1.0	1.0	0.0	3.0					
6691.705	7.024999999999636	trials	11.0	6694.053836	6695.560691	6698.262751	6698.72866	6693.289954	6695.929484			1.0	2.0	0.0	3.0					
6700.735	12.390000000000327	trials	11.0	6705.810433	6707.9534	6711.191603	6711.504351	6704.974908	6708.299655	6711.805	6713.125	1.0	1.0	1.0	1.0					
6717.15	7.636000000000422	trials	11.0	6719.8675650000005	6721.470903	6722.938718	6723.301613	6719.101771	6721.836551	6723.661	6724.786	1.0	1.0	1.0	1.0					
6726.805	6.989999999999782	trials	11.0	6729.099037	6730.708653	6731.838226	6732.16133	6728.15129	6730.756633	6732.505	6733.795	1.0	1.0	1.0	1.0					
6737.875	8.38000000000011	trials	11.0	6740.139293	6742.129033	6744.55876	6744.768444	6739.262156	6742.2606909999995	6745.32	6746.255	1.0	2.0	1.0	1.0					
6750.34	5.460000000000036	trials	11.0	6752.164411	6753.552014	6755.651466	6755.803775	6750.932788	6753.54218			1.0		0.0	2.0					
6757.715	10.08600000000024	trials	11.0	6761.600129	6763.365402	6765.957249	6766.280056	6760.821286	6764.833292	6766.595	6767.801	1.0	2.0	1.0	1.0					
6771.88	5.774999999999636	trials	11.0	6773.459552	6775.5439320000005	6777.206279	6777.654932	6772.478608	6775.690201			1.0	2.0	0.0	3.0					
6781.581	7.983999999999469	trials	11.0	6783.294389	6785.025715	6787.5316569999995	6787.9917829999995	6782.728121	6785.3497879999995	6788.28	6789.565	1.0	1.0	1.0	1.0					
6793.649	6.875999999999294	trials	11.0	6795.385073	6796.475999	6798.169611	6798.635993	6794.424027	6797.424018	6798.955	6800.525	1.0	1.0	1.0	1.0					
6803.625	7.944999999999709	trials	11.0	6806.169803	6807.58237	6809.878714	6810.151036	6805.458927	6808.011236	6810.51	6811.57	1.0	2.0	1.0	1.0					
6814.586	8.023999999999432	trials	11.0	6817.09923	6818.95808	6820.6487560000005	6820.965698	6816.089584	6819.412115	6821.48	6822.61	1.0	1.0	1.0	1.0					
6824.625	9.640000000000327	trials	11.0	6828.249812	6830.312551	6832.416974	6832.726526	6827.281062	6830.270225	6833.201	6834.265	1.0	2.0	1.0	1.0					
6838.296	9.154999999999745	trials	11.0	6841.220279	6842.359163	6845.310382	6845.600721	6840.664324	6843.450743	6846.091	6847.451	1.0	1.0	1.0	1.0					
6850.465	6.050000000000182	trials	11.0	6852.79142	6854.519102	6856.12295	6856.34144	6851.869547	6854.675376			1.0	2.0	0.0	3.0					
6859.525	8.50500000000011	trials	11.0	6862.844578	6863.978231	6867.478461	6868.032332	6861.851372	6864.353156			1.0	2.0	0.0	3.0					
6869.973	53.577000000000226	trials	11.0	6919.121513	6920.376346	6921.699539	6921.971224	6918.420547	6920.599165	6922.54	6923.55	1.0	1.0	1.0	1.0					
6927.67	7.030999999999949	trials	11.0	6929.274395	6931.075525	6932.730357	6933.01918	6928.680605	6931.02989	6933.455	6934.701	1.0	1.0	1.0	1.0					
6936.763	11.356999999999971	trials	11.0	6942.846074	6944.667934	6946.133258	6946.469222	6942.01152	6944.901517	6946.885	6948.12	1.0	1.0	1.0	1.0					
6951.216	8.668999999999869	trials	11.0	6954.541505	6955.851626	6957.7647369999995	6958.119191	6953.856637	6956.179309	6958.5	6959.885	1.0	1.0	1.0	1.0					
6963.921	7.094000000000051	trials	11.0	6966.085264	6967.1807420000005	6969.069184	6969.360509	6965.517588	6967.672126	6969.905	6971.015	1.0	1.0	1.0	1.0					
6973.097	8.217000000000553	trials	11.0	6976.890356	6978.736411	6980.902336	6981.256442	6976.069625	6979.017597			1.0	2.0	0.0	3.0					
6984.315	8.8100000000004	trials	11.0	6987.22482	6989.107777	6991.3425019999995	6991.562757	6986.264255	6989.788214	6992.201	6993.125	1.0	1.0	1.0	1.0					
6995.145	9.845999999999549	trials	11.0	7000.0246449999995	7001.811604	7004.602012	7004.929836	6999.274225	7002.79852			1.0	2.0	0.0	3.0					
7007.065	10.721000000000458	trials	11.0	7010.614724	7012.521524	7015.502764	7015.791806	7009.8050029999995	7013.583748	7016.161	7017.786	1.0	1.0	1.0	1.0					
7019.805	9.199999999999818	trials	11.0	7023.2063689999995	7025.239973	7026.8779269999995	7027.252673	7022.3868330000005	7025.590787	7027.755	7029.005	1.0	1.0	1.0	1.0					
7033.075	6.640000000000327	trials	11.0	7035.042005	7036.227609	7037.788631	7038.161232	7033.470082	7036.81343	7038.441	7039.715	1.0	1.0	1.0	1.0					
7041.747	8.047999999999774	trials	11.0	7045.042082	7046.186518	7047.766984	7047.938087	7044.433087	7046.820026	7048.515	7049.795	1.0	1.0	1.0	1.0					
7051.857	9.509000000000015	trials	11.0	7056.500639	7057.755435	7059.291653	7059.558248	7055.91746	7058.113981	7059.935	7061.366	1.0	1.0	1.0	1.0					
7063.505	9.30999999999949	trials	11.0	7066.895275	7068.807289	7070.621803	7070.848796	7066.044699	7069.46296	7071.275	7072.815	1.0	1.0	1.0	1.0					
7075.835	8.694999999999709	trials	11.0	7079.380667	7080.486277	7082.440043	7082.794663	7078.6726770000005	7080.984976	7083.135	7084.53	1.0	1.0	1.0	1.0					
7087.591	7.613999999999578	trials	11.0	7090.590691	7092.509918	7094.622063	7095.207905	7090.011613	7093.070036			1.0	1.0	0.0	3.0					
7099.06	7.657999999999447	trials	11.0	7102.090615	7103.326802	7106.229764	7106.717706	7101.301625	7103.806163			1.0	2.0	0.0	3.0					
7109.713	9.44800000000032	trials	11.0	7113.005751	7114.642757	7117.235012	7117.537352	7112.086394	7115.040023	7117.891	7119.161	1.0	1.0	1.0	1.0					
7123.25	8.175000000000182	trials	11.0	7126.810628	7128.037246	7129.298743	7129.695281	7126.128683	7128.380948	7129.991	7131.425	1.0	1.0	1.0	1.0					
7134.483	315.4369999999999	BlockDesign														1.0	508.0	528.0	50.0	0.0
7134.483	6.391999999999825	trials	12.0	7137.036164	7138.353095	7139.918971	7140.878744	7136.417114	7138.99187			2.0	1.0	0.0	3.0					
7144.345	11.634999999999309	trials	12.0	7150.600495	7152.396995	7153.853236	7154.261279	7149.8332279999995	7152.671176	7154.591	7155.98	2.0	1.0	1.0	1.0					
7158.0	11.194999999999709	trials	12.0	7163.320639	7165.187191	7167.222104	7167.535404	7162.550588	7165.664975	7167.996	7169.195	2.0	1.0	1.0	1.0					
7171.23	6.850000000000364	trials	12.0	7174.92074	7176.102752	7177.487477	7178.081581	7173.9496149999995	7176.779392			2.0	1.0	0.0	3.0					
7181.921	9.279999999999745	trials	12.0	7186.230724999999	7188.011252	7190.832757	7191.184213	7185.262007	7188.321854			2.0	2.0	0.0	3.0					
7194.284	10.240999999999985	trials	12.0	7199.83211	7201.552463	7203.879724	7204.529405	7198.912402	7202.768057			2.0	1.0	0.0	3.0					
7206.247	41.66399999999976	trials	12.0	7244.11549	7245.903038			7243.440557	7245.89293			2.0		0.0	2.0					
7249.935	7.059999999999491	trials	12.0	7253.095799	7255.027499	7256.507104	7256.971869	7252.321843	7255.504223			2.0	1.0	0.0	3.0					
7260.995	23.88000000000011	trials	12.0	7279.71113	7280.968015	7282.93439	7283.321834	7278.79692	7281.7927899999995	7283.655	7284.875	2.0	1.0	1.0	1.0					
7287.895	7.544999999999163	trials	12.0	7291.030919	7292.915188	7294.430478	7295.443126	7290.423274	7293.443612			2.0	1.0	0.0	3.0					
7296.872	15.91399999999976	trials	12.0	7307.945992	7309.5350849999995	7311.794755	7312.7903320000005	7307.426045	7310.3472409999995			2.0	1.0	0.0	3.0					
7314.22	11.719999999999345	trials	12.0	7319.06106	7320.772619	7324.155669	7324.371134	7318.247554	7322.567789	7324.835	7325.94	2.0	1.0	1.0	1.0					
7328.97	9.039999999999964	trials	12.0	7331.851499	7333.512952	7335.637393	7336.023256	7330.970783	7334.432747	7336.465	7338.01	2.0	1.0	1.0	1.0					
7340.095	10.50500000000011	trials	12.0	7344.386519	7345.591364	7350.110093	7350.5940279999995	7343.871092	7346.836638			2.0	1.0	0.0	3.0					
7352.581	11.059000000000196	trials	12.0	7357.096178	7358.6501530000005	7363.148365999999	7363.644818	7356.557691	7360.496372			2.0	1.0	0.0	3.0					
7367.536	15.149000000000342	trials	12.0	7376.832707	7378.212366	7380.549014	7380.588367	7375.847834	7378.6244750000005	7381.171	7382.685	2.0	1.0	1.0	1.0					
7384.765	10.384999999999309	trials	12.0	7388.8262780000005	7390.387327	7393.1024290000005	7393.371719	7388.295744999999	7391.672654	7393.76	7395.15	2.0	1.0	1.0	1.0					
7398.22	7.170000000000073	trials	12.0	7401.748049	7403.2672330000005	7404.638893	7405.20778	7400.911451	7403.864731			2.0	1.0	0.0	3.0					
7407.06	17.104999999999563	trials	12.0	7418.591489	7420.334903	7422.812543	7424.168576	7417.970674	7421.596382			2.0	1.0	0.0	3.0					
7427.39	12.949999999999818	trials	12.0	7432.566541	7434.0444640000005	7438.287243	7438.6587309999995	7431.852311000001	7435.307369	7438.991	7440.34	2.0	1.0	1.0	1.0					
7442.425	7.494999999999891	trials	12.0	7446.771479	7447.936726	7449.833393	7450.725361	7445.988158	7448.979131			2.0	1.0	0.0	3.0					
7454.27	323.84999999999945	BlockDesign														1.0	529.0	548.0	0.0	50.0
7454.27	8.114999999999782	trials	13.0	7457.851732	7459.195418	7461.8424350000005	7462.389245	7457.015974	7460.85143			3.0	2.0	0.0	3.0					
7464.388	13.587000000000444	trials	13.0	7472.667811	7473.917351	7476.323159	7476.657236	7471.67867	7474.613858	7477.13	7477.975	3.0	2.0	1.0	1.0					
7480.995	9.041000000000167	trials	13.0	7484.361596	7486.077276	7487.8971440000005	7488.218742999999	7483.83379	7486.265384	7488.655	7490.036	3.0	2.0	1.0	1.0					
7492.051	9.585000000000036	trials	13.0	7497.0868040000005	7499.3349610000005	7501.224326	7501.608708	7496.430779	7499.321518			3.0	2.0	0.0	3.0					
7504.65	8.520000000000437	trials	13.0	7508.336905	7510.17905	7512.510397	7513.172765	7507.549526	7510.415891000001			3.0	2.0	0.0	3.0					
7514.95	15.25500000000011	trials	13.0	7525.076449	7526.639005	7529.784995	7530.210789	7524.436363	7527.162434			3.0	1.0	0.0	3.0					
7532.209	11.101000000000568	trials	13.0	7538.6422569999995	7539.885352	7542.4431779999995	7543.313083999999	7538.072801	7540.534181			3.0	2.0	0.0	3.0					
7546.842	14.018000000000029	trials	13.0	7554.467243	7555.558739	7558.584869	7558.959814	7553.784704	7556.3943739999995	7559.375	7560.86	3.0	2.0	1.0	1.0					
7565.0	7.845000000000255	trials	13.0	7568.741344	7569.921916	7572.259771	7572.849824	7567.96523	7570.398645			3.0	2.0	0.0	3.0					
7574.755	16.039999999999964	trials	13.0	7584.052238	7585.393592	7588.790566	7588.955683	7583.264132	7586.007929	7589.47	7590.795	3.0	2.0	1.0	1.0					
7593.954	11.38000000000011	trials	13.0	7599.301004	7601.395682	7603.618933	7603.871709999999	7598.5539069999995	7601.557235	7604.35	7605.334	3.0	2.0	1.0	1.0					
7607.461	9.393999999999323	trials	13.0	7611.877299	7613.648602	7616.419009	7616.8611550000005	7611.021329	7614.2686539999995			3.0	2.0	0.0	3.0					
7618.78	11.96100000000024	trials	13.0	7623.79337	7625.358458	7629.992566	7630.492153	7623.105745	7625.889242			3.0	2.0	0.0	3.0					
7634.406	66.10400000000027	trials	13.0	7696.513328	7698.1203430000005	7700.086802	7700.408579	7695.909688	7698.686254			3.0	1.0	0.0	3.0					
7702.52	8.294999999999163	trials	13.0	7705.652257	7707.340304	7709.16002	7709.465887	7705.002062	7707.820157	7709.744	7710.815	3.0	2.0	1.0	1.0					
7713.92	7.8400000000001455	trials	13.0	7716.42251	7717.864244	7720.027244	7720.412362	7715.868455	7718.444867	7720.69	7721.76	3.0	2.0	1.0	1.0					
7724.85	6.769999999999527	trials	13.0	7727.14267	7728.9442309999995	7731.071621	7731.626237	7726.6289529999995	7729.544689			3.0	2.0	0.0	3.0					
7733.51	12.045000000000073	trials	13.0	7739.062384	7741.00997	7743.805273	7744.047715	7738.063295	7741.5178319999995	7744.425	7745.555	3.0	2.0	1.0	1.0					
7747.6	9.8149999999996	trials	13.0	7752.772475	7754.929499	7756.918498	7757.4203	7752.139277	7755.35176			3.0	2.0	0.0	3.0					
7761.345	16.774999999999636	trials	13.0	7771.662263	7772.766083	7776.119252	7776.418316	7770.770815	7773.351526	7776.96	7778.12	3.0	2.0	1.0	1.0					
7781.145	748.9099999999999	BlockDesign														1.0	549.0	594.0	50.0	50.0
7781.145	9.824999999999818	trials	14.0	7786.093342	7787.664211	7788.906602	7789.315199	7785.138853	7787.951768	7789.755	7790.97	2.0	1.0	1.0	1.0					
7794.995	9.081000000000131	trials	14.0	7799.132804	7800.488087	7803.239468	7804.080631	7798.506652	7800.94259			3.0	2.0	0.0	3.0					
7807.668	10.267000000000735	trials	14.0	7812.602749	7813.754741	7817.378396	7817.939801	7811.834306	7814.817905			3.0	1.0	0.0	3.0					
7819.815	13.270000000000437	trials	14.0	7829.362664	7830.844656	7832.548547	7833.0890469999995	7828.556998	7831.458073			2.0	1.0	0.0	3.0					
7835.92	86.92500000000018	trials	14.0	7918.032547	7919.322559	7921.075999	7921.270694	7917.318883	7919.37571	7921.87	7922.845	2.0	1.0	1.0	1.0					
7925.866	8.295000000000073	trials	14.0	7928.928112	7930.199992	7932.444725	7932.671729	7928.132522	7930.453963	7933.13	7934.161	3.0	2.0	1.0	1.0					
7936.245	13.24499999999989	trials	14.0	7945.98782	7947.485047			7945.3442350000005	7947.481283			2.0		0.0	2.0					
7951.531	9.09900000000016	trials	14.0	7956.55337	7958.380304	7959.949795	7960.637308	7955.724895	7958.495557			3.0	2.0	0.0	3.0					
7962.39	11.375	trials	14.0	7970.124769	7971.682387	7973.364083	7973.71286	7969.18906	7972.600799			2.0	1.0	0.0	3.0					
7976.83	7.8100000000004	trials	14.0	7980.709513	7982.490035	7983.5587909999995	7984.644827	7980.170182	7982.9135989999995			2.0	1.0	0.0	3.0					
7988.04	11.829999999999927	trials	14.0	7995.198457	7996.902223	7997.990062	7998.310748	7994.531939	7997.1829849999995	7998.826	7999.87	2.0	1.0	1.0	1.0					
8002.89	10.554999999999382	trials	14.0	8009.398193	8011.159621	8012.685121	8013.449866	8008.7721280000005	8011.405574			3.0	1.0	0.0	3.0					
8015.031	11.804000000000087	trials	14.0	8021.608354	8023.494655	8025.661006	8025.962381	8020.79587	8024.845072			2.0	1.0	1.0	1.0					
8030.286	10.09900000000016	trials	14.0	8036.783447	8037.994652	8039.8637	8040.3898580000005	8035.816409	8038.206062			3.0	2.0	0.0	3.0					
8044.286	10.679000000000087	trials	14.0	8049.193423	8050.640574999999	8052.642179	8052.950078	8048.447924	8050.962067	8053.36	8054.965	3.0	2.0	1.0	1.0					
8056.98	12.181000000000495	trials	14.0	8063.478682	8065.262143	8067.321964	8067.709073	8062.778188	8065.688161	8068.275	8069.161	3.0	2.0	1.0	1.0					
8071.25	10.00500000000011	trials	14.0	8077.408004	8078.522062	8080.638143	8081.261828	8076.700694	8079.087598			3.0	2.0	0.0	3.0					
8084.055	15.279999999999745	trials	14.0	8092.879451	8094.556412	8096.224993	8096.507117	8092.199621	8095.111079	8096.93	8099.335	2.0	1.0	1.0	1.0					
8101.35	10.460000000000036	trials	14.0	8107.92041	8109.352835	8110.534418	8111.8170740000005	8107.279973	8109.785569			2.0	1.0	0.0	3.0					
8113.97	13.974999999999454	trials	14.0	8123.89844	8125.417514	8127.604732	8127.951194	8123.1593809999995	8126.653133			2.0	1.0	0.0	3.0					
8130.023	11.694999999999709	trials	14.0	8137.493585	8139.132311	8141.06995	8141.726207	8136.583937	8139.1282439999995			3.0		0.0	2.0					
8145.205	17.5600000000004	trials	14.0	8156.353727	8158.3975900000005	8160.623291	8160.886112	8155.677485	8158.479077	8161.33	8162.765	3.0	2.0	1.0	1.0					
8166.815	9.456000000000131	trials	14.0	8170.558862	8172.410264	8174.359085	8174.693938	8169.5596399999995	8172.723378000001	8175.105	8176.271	3.0	2.0	1.0	1.0					
8179.36	13.61999999999989	trials	14.0	8187.560585	8188.925891	8190.644521	8191.073792	8186.976044	8189.483885	8191.25	8192.98	2.0	1.0	1.0	1.0					
8197.068	21.752000000000407	trials	14.0	8213.96905	8215.521818000001	8216.82286	8217.238678	8213.060783	8216.180165	8217.47	8218.82	2.0	1.0	1.0	1.0					
8221.911	11.463999999999942	trials	14.0	8229.233765	8231.240926999999	8232.634157	8233.380363	8228.298253	8231.592095			2.0	1.0	0.0	3.0					
8236.03	14.81499999999869	trials	14.0	8244.108951	8245.498139	8248.684924000001	8249.040131	8243.572275999999	8247.737068999999	8249.485	8250.845	3.0	2.0	1.0	1.0					
8252.933	11.416999999999462	trials	14.0	8259.363686	8261.127992	8263.83592	8264.357561	8258.83343	8261.113486			3.0		0.0	2.0					
8266.221	13.884000000000015	trials	14.0	8274.375452	8275.820517	8279.607568	8280.112369999999	8273.563703	8275.812323			3.0		0.0	2.0					
8281.841	14.884000000000015	trials	14.0	8292.501269	8294.29062	8296.189019	8296.731742	8291.796022999999	8294.462102			3.0	2.0	0.0	3.0					
8298.595	11.43500000000131	trials	14.0	8306.204102	8308.212484	8309.387773	8309.421722	8305.241549	8308.495635			2.0	1.0	0.0	3.0					
8311.815	12.800999999999476	trials	14.0	8317.924682	8319.551419	8321.701741	8322.035273	8317.271204	8320.696541	8322.46	8324.616	2.0	1.0	1.0	1.0					
8328.698	9.457000000000335	trials	14.0	8332.68944	8334.082428	8335.932427	8336.29377	8332.107544	8334.834201	8336.64	8338.155	2.0	1.0	1.0	1.0					
8341.235	14.195999999999913	trials	14.0	8349.149175999999	8350.622114	8353.512618	8353.791806000001	8348.531915	8351.367463999999	8354.295	8355.431	2.0	1.0	1.0	1.0					
8357.574	13.036000000000058	trials	14.0	8365.104274	8366.970564	8368.845569000001	8369.156792	8364.487782	8367.784543	8369.595	8370.61	3.0	2.0	1.0	1.0					
8373.63	11.19000000000051	trials	14.0	8378.634755	8380.712878	8384.220282	8384.825416	8377.925594	8380.703658999999			3.0		0.0	2.0					
8385.83	11.911000000000058	trials	14.0	8393.336048000001	8394.491112	8397.050434	8397.747329	8392.722421999999	8395.212004			3.0	2.0	0.0	3.0					
8399.406	13.35899999999856	trials	14.0	8409.501466	8410.620724	8411.982049	8412.771918999999	8408.582974	8411.16809			2.0	1.0	0.0	3.0					
8414.47	14.960000000000946	trials	14.0	8425.336275	8426.735704	8428.404237	8429.437216	8424.505193	8427.123896000001			2.0	1.0	0.0	3.0					
8432.77	9.0	trials	14.0	8436.345132999999	8437.628821	8439.648258000001	8439.937256000001	8435.821205	8438.033764	8440.3	8441.77	3.0	2.0	1.0	1.0					
8444.875	8.854999999999563	trials	14.0	8449.829626	8451.096994	8452.780845	8453.73515	8448.977384	8451.60845			2.0	1.0	0.0	3.0					
8455.13	14.2450000000008	trials	14.0	8463.510495999999	8465.271466	8467.600703	8467.954388	8462.643001	8465.436473	8468.275	8469.375	3.0	2.0	1.0	1.0					
8472.461	8.809000000001106	trials	14.0	8477.046091	8478.898927	8480.688993	8481.277651	8476.412219	8479.502984			2.0	1.0	0.0	3.0					
8485.076	9.679000000000087	trials	14.0	8490.395113999999	8491.655196	8494.209485	8494.760825	8489.451124	8492.642927			3.0	2.0	0.0	3.0					
8498.611	17.018999999998414	trials	14.0	8512.089174	8513.531616	8515.097785	8515.639793	8511.081121	8513.592708			3.0	2.0	0.0	3.0					
8517.507	12.548000000000684	trials	14.0	8524.005375	8526.369179	8528.265478	8528.533596000001	8523.316487	8526.883131999999	8529.06	8530.055	3.0	2.0	1.0	1.0					
8533.11	66.45499999999993	BlockDesign														1.0	595.0	599.0	0.0	0.0
8533.11	9.909999999999854	trials	15.0	8539.329707	8541.318226	8542.609177	8542.985125	8538.575929999999	8541.390904			2.0	1.0	0.0	3.0					
8546.026	8.203999999999724	trials	15.0	8549.872951	8551.487039	8553.360798	8554.236488	8548.937845	8552.205270999999			2.0	1.0	0.0	3.0					
8556.856	10.904000000000451	trials	15.0	8560.685384	8561.911899	8567.20586	8567.768175000001	8559.970147	8566.247825			2.0	2.0	0.0	3.0					
8571.565	11.329999999999927	trials	15.0	8578.635302	8580.269012	8582.355865	8582.902315	8578.112411	8581.089714			2.0	1.0	0.0	3.0					
8586.845	12.720000000001164	trials	15.0	8595.502004	8596.911386	8599.457711	8600.092646000001	8594.813234000001	8597.650675			2.0	1.0	0.0	3.0					
8603.872	78.3080000000009	BlockDesign														1.0	600.0	604.0	0.0	0.0
8603.872	8.893000000000029	trials	16.0	8607.7519	8609.463839	8612.20076	8612.771929999999	8607.122707999999	8610.172634			3.0	2.0	0.0	3.0					
8616.705	8.920000000000073	trials	16.0	8620.360317	8621.963536	8625.069836	8625.630431	8619.837065	8622.687409			3.0	2.0	0.0	3.0					
8628.451	18.39100000000144	trials	16.0	8642.425574	8643.684841	8646.38096	8646.850017	8641.589405	8644.180588			3.0	2.0	0.0	3.0					
8650.817	17.366000000001804	trials	16.0	8662.38223	8663.697105	8667.737237	8668.169552	8661.567805	8664.418367			3.0	2.0	0.0	3.0					
8672.181	9.998999999999796	trials	16.0	8676.445651	8677.656955999999	8682.066919	8683.032184	8675.524727	8677.906382000001			3.0	2.0	0.0	3.0					
8684.544	943.0660000000007	BlockDesign														1.0	605.0	657.0	50.0	50.0
8684.544	32.02100000000064	trials	17.0	8713.241611	8714.557075			8712.69958	8714.550477			3.0		0.0	2.0					
8720.576	6.389000000001033	trials	17.0	8722.616068	8724.1126	8726.733544	8726.971852	8721.388079	8724.105887			3.0		0.0	2.0					
8729.265	9.380000000001019	trials	17.0	8734.230913	8735.287322	8736.576433	8737.011054999999	8733.46024	8735.970408000001	8737.295	8738.645	2.0	1.0	1.0	1.0					
8741.73	11.880000000001019	trials	17.0	8749.235921	8750.467213	8751.719051	8752.076876	8748.624513	8750.765531000001	8752.375	8753.61	2.0	1.0	1.0	1.0					
8755.685	9.355000000001382	trials	17.0	8761.146133	8763.074693	8764.543208	8765.011799	8760.370328	8763.290626			3.0	1.0	0.0	3.0					
8768.967	9.377999999998792	trials	17.0	8773.386008	8774.632999	8777.815075999999	8778.351308	8772.476962	8776.650156			2.0	1.0	0.0	3.0					
8780.241	15.443999999999505	trials	17.0	8791.176906	8792.46308	8794.486099	8794.844997	8790.188255000001	8792.90646			3.0	2.0	1.0	1.0					
8799.095	9.465000000000146	trials	17.0	8804.172279999999	8806.664116	8808.002557	8808.57007	8803.648371	8807.241938			2.0	1.0	0.0	3.0					
8810.466	15.60399999999936	trials	17.0	8822.405732	8823.792544	8825.430964	8826.077317	8821.826635	8823.969754			3.0	2.0	0.0	3.0					
8829.815	13.609999999998763	trials	17.0	8838.1061	8839.527725	8841.746669	8842.055075	8837.536187	8839.957021	8842.451	8843.425	3.0	2.0	1.0	1.0					
8845.47	10.945000000001528	trials	17.0	8851.842119	8853.412717	8856.114551	8856.425731	8850.928421	8853.408892			3.0		0.0	2.0					
8858.516	17.54399999999987	trials	17.0	8871.686231	8873.188211	8875.739921	8876.068808	8871.010693	8873.184055			3.0		0.0	2.0					
8878.341	11.993999999998778	trials	17.0	8884.486388	8885.957974	8887.762783	8887.934465	8883.802444	8886.519422	8888.58	8890.335	2.0	1.0	1.0	1.0					
8893.355	86.48500000000058	trials	17.0	8977.371856	8977.76405			8976.465849	8977.759216999999			2.0		0.0	2.0					
8983.911	6.638999999999214	trials	17.0	8987.147125	8988.876773	8990.197484	8990.499209	8986.180868	8989.019183			2.0	1.0	0.0	3.0					
8992.56	12.069999999999709	trials	17.0	8997.476906	8999.533276	9001.202657	9001.505997	8996.923037	9000.028273	9002.085	9004.63	2.0	1.0	1.0	1.0					
9007.717	11.117999999998574	trials	17.0	9013.486778	9015.243252	9016.554531	9016.912500999999	9012.524772	9015.558191	9017.345	9018.835	2.0	1.0	1.0	1.0					
9022.934	10.365999999999985	trials	17.0	9027.691999	9028.759232	9031.172983	9031.684469	9027.103937	9029.462292	9031.93	9033.3	3.0	2.0	1.0	1.0					
9037.32	10.229999999999563	trials	17.0	9041.302459999999	9042.770178	9044.870611	9045.108754	9040.661038	9043.277294	9045.491	9047.55	3.0	2.0	1.0	1.0					
9050.641	9.80999999999949	trials	17.0	9056.807492	9058.490216	9059.976025	9060.391975	9056.141056	9058.460168			2.0	1.0	0.0	3.0					
9062.381	10.628000000000611	trials	17.0	9069.456721999999	9070.929594000001	9072.508905	9072.989374	9068.911668	9070.919396			3.0		0.0	2.0					
9075.945	11.625	trials	17.0	9082.97733	9084.389048000001	9086.445149	9087.57971	9082.458163	9085.093717			2.0	1.0	0.0	3.0					
9088.86	17.654999999998836	trials	17.0	9100.102454	9101.203975	9103.684828	9103.944578	9099.443242	9102.436237	9104.69	9106.515	2.0	1.0	1.0	1.0					
9108.61	9.209999999999127	trials	17.0	9113.77211	9115.219326999999	9117.260291	9117.826912	9113.023516000001	9115.727657			3.0	2.0	0.0	3.0					
9120.685	14.480000000001382	trials	17.0	9129.027509	9130.195055	9133.052963	9133.285083	9128.322812	9131.096239	9133.755	9135.165	3.0	2.0	1.0	1.0					
9137.25	9.7549999999992	trials	17.0	9142.842815	9144.554597	9146.421924	9147.016079	9141.980975	9144.972479			2.0	1.0	0.0	3.0					
9149.875	15.865999999999985	trials	17.0	9161.049244	9162.419522	9165.319435	9165.750209	9160.505638999999	9163.259584			2.0	1.0	0.0	3.0					
9167.707	16.752999999998792	trials	17.0	9178.183174	9179.414024	9182.178414	9182.491649000001	9177.395296	9180.00381	9182.955	9184.46	2.0	1.0	1.0	1.0					
9188.48	9.125	trials	17.0	9193.178633000001	9195.044976000001	9197.120256	9197.6073	9192.377474	9195.628943			3.0	2.0	0.0	3.0					
9200.544	12.576000000000931	trials	17.0	9208.528265	9210.385658000001	9212.279846000001	9212.808395	9207.968238000001	9210.603968000001			3.0	2.0	0.0	3.0					
9214.638	19.571999999998297	trials	17.0	9227.318381000001	9229.239455	9232.127244000001	9232.576112	9226.488321	9229.409084	9232.795	9234.21	3.0	2.0	1.0	1.0					
9238.289	11.251000000000204	trials	17.0	9243.073321	9244.616107	9247.375	9247.415958000001	9242.325947000001	9245.507793	9248.106	9249.54	2.0	1.0	1.0	1.0					
9253.565	7.7849999999998545	trials	17.0	9257.83458	9259.302419	9260.720082	9261.350682	9257.16547	9259.74467			2.0	1.0	0.0	3.0					
9264.071	13.318999999999505	trials	17.0	9272.745481	9274.738429	9276.433087000001	9277.393376	9271.903256000001	9274.960774000001			2.0	1.0	0.0	3.0					
9278.84	12.299999999999272	trials	17.0	9286.783721	9288.360396	9290.428056	9291.139187	9286.14348	9288.395249000001			3.0	2.0	0.0	3.0					
9292.791	16.10900000000038	trials	17.0	9304.120452000001	9305.645031	9308.278076	9308.901081	9303.303296	9305.987115			3.0	2.0	0.0	3.0					
9312.72	14.89600000000064	trials	17.0	9322.129338	9323.908261	9325.140757000001	9325.582423	9321.209318000001	9324.405209	9325.9	9327.616	2.0	1.0	1.0	1.0					
9329.671	11.22400000000016	trials	17.0	9336.049686	9337.490796	9339.786453	9339.946869000001	9335.358966	9338.049897			2.0	1.0	1.0	1.0					
9344.406	18.78899999999885	trials	17.0	9356.609113	9358.695992	9360.905247	9361.179791	9355.688083000001	9358.791648	9361.635	9363.195	3.0	2.0	1.0	1.0					
9366.345	11.81000000000131	trials	17.0	9371.699075	9373.126544	9375.69521	9375.923268	9370.834917	9373.37751	9376.405	9378.155	3.0	2.0	1.0	1.0					
9382.266	7.248999999999796	trials	17.0	9385.104128	9386.761288	9388.999178	9389.518071	9384.531629000001	9387.220790000001			3.0	2.0	0.0	3.0					
9392.455	43.090000000000146	trials	17.0	9431.364132	9433.073271000001	9434.991131	9435.545394	9430.453968	9433.062899			3.0		0.0	2.0					
9437.13	9.890000000001237	trials	17.0	9443.439384000001	9444.941835000001	9446.55947	9446.931396	9442.470093	9444.938216			2.0		0.0	2.0					
9449.093	41.65699999999924	trials	17.0	9485.505371000001	9486.961784000001	9488.679453	9488.891479	9484.712131	9487.319579	9489.326	9490.75	2.0	1.0	1.0	1.0					
9494.78	8.014999999999418	trials	17.0	9498.284300000001	9499.571544	9501.687519000001	9501.936404	9497.380958	9500.270276000001			3.0	2.0	1.0	1.0					
9506.345	17.470000000001164	trials	17.0	9519.706295	9521.377297	9523.195716	9523.819013	9518.971677000001	9521.906457000001			2.0	1.0	0.0	3.0					
9525.616	13.654000000000451	trials	17.0	9532.996991	9534.726877000001	9536.930624	9537.175643	9532.218298	9535.472379	9537.576	9539.27	3.0	2.0	1.0	1.0					
9542.356	14.264000000001033	trials	17.0	9551.445744	9552.641981	9556.212935000001	9556.240252	9550.585764000001	9553.104822000001			2.0	1.0	0.0	3.0					
9558.691	10.993999999998778	trials	17.0	9563.685038	9565.10913	9567.75963	9568.069148	9562.728139	9565.46531	9559.055	9569.685	3.0	2.0	1.0	1.0					
9572.703	10.640999999999622	trials	17.0	9577.350314000001	9579.132288	9581.048774	9581.832445	9576.758848000001	9579.604918			2.0	1.0	0.0	3.0					
9583.395	14.720999999999549	trials	17.0	9593.475147000001	9595.333488	9597.189476000001	9598.115253	9592.960957000001	9595.836648			2.0	1.0	0.0	3.0					
9601.541	13.559000000001106	trials	17.0	9610.420890000001	9611.767574000001	9613.90947	9614.261883000001	9609.70086	9612.303326000001			2.0	1.0	1.0	1.0					
9618.513	9.096999999999753	trials	17.0	9624.175557	9625.905144	9627.498926	9627.946773	9623.404887	9625.932261			3.0	2.0	0.0	3.0					
9629.93	340.6459999999988	BlockDesign														1.0	658.0	681.0	10.0	50.0
9629.93	9.579999999999927	trials	18.0	9637.320006	9637.503449			9636.409545	9637.490118			1.0		0.0	2.0					
9641.52	5.5	trials	18.0	9643.408906	9645.109439	9646.605213	9646.999365	9641.721761	9645.316964000001			1.0	1.0	0.0	3.0					
9649.03	7.960999999999331	trials	18.0	9652.376045	9653.931221	9656.409768000001	9656.996429	9651.720207	9654.230723			1.0	1.0	0.0	3.0					
9658.826	10.884000000000015	trials	18.0	9663.260927000001	9664.767411	9669.224775	9669.715245000001	9662.607820000001	9665.523528			1.0	1.0	0.0	3.0					
9672.607	16.51300000000083	trials	18.0	9683.160197000001	9684.822693	9687.085209	9687.496859	9682.615469	9685.042029	9687.86	9689.12	1.0	2.0	1.0	1.0					
9693.211	7.22400000000016	trials	18.0	9695.855500000001	9697.227426000001	9699.591935	9700.439558	9695.19385	9697.537296			1.0	1.0	0.0	3.0					
9703.073	11.006999999999607	trials	18.0	9706.341390000001	9708.309554000001	9710.260113	9710.617538	9705.575637	9708.913906	9711.036	9714.08	1.0	2.0	1.0	1.0					
9718.095	12.074000000000524	trials	18.0	9724.41797	9726.102696	9729.809311	9730.155799	9723.827172000001	9726.311293			1.0	2.0	0.0	3.0					
9732.239	9.060999999999694	trials	18.0	9735.681233000001	9737.095314	9740.857447	9741.30205	9735.145683	9737.3169			1.0	1.0	0.0	3.0					
9743.247	7.918000000001484	trials	18.0	9747.042131	9748.782392000001	9750.671154	9751.167131	9746.230026000001	9749.070357			1.0	2.0	0.0	3.0					
9755.08	13.200000000000728	trials	18.0	9761.417711	9763.142211	9765.862343	9766.120896	9760.546176	9763.417493	9766.545	9768.28	1.0	2.0	1.0	1.0					
9772.33	8.411000000000058	trials	18.0	9776.096336	9777.232682	9780.254577	9780.741129	9775.563335	9777.759274			1.0	2.0	0.0	3.0					
9784.605	15.569999999999709	trials	18.0	9795.10095	9796.3341	9799.757762000001	9800.100147000001	9794.269745000001	9796.402203000001			1.0	2.0	0.0	3.0					
9802.2	10.099999999998545	trials	18.0	9806.405823000001	9807.709494	9811.386211000001	9811.932155	9805.760427000001	9808.30632			1.0	2.0	0.0	3.0					
9815.306	17.269999999998618	trials	18.0	9825.896352	9827.062271	9830.157835	9830.47178	9825.211379	9827.702249	9830.866	9832.576	1.0	2.0	1.0	1.0					
9835.735	9.81499999999869	trials	18.0	9840.966627	9842.908332	9845.089226	9845.554064	9840.340911000001	9843.312719000001			1.0	2.0	0.0	3.0					
9847.44	15.949999999998909	trials	18.0	9857.387791000001	9859.077333000001	9862.310511	9862.665978	9856.630875	9859.366106000001			1.0	2.0	1.0	1.0					
9866.06	18.215000000000146	trials	18.0	9877.176424000001	9879.251777000001	9881.829591	9882.127449	9876.246001000001	9879.978979000001	9882.475	9884.275	1.0	2.0	1.0	1.0					
9888.315	10.029999999998836	trials	18.0	9892.101519	9894.003288	9896.210996	9896.418527	9891.376251	9894.454975	9896.826	9898.345	1.0	2.0	1.0	1.0					
9902.421	8.798999999999069	trials	18.0	9906.531047	9908.499881	9910.794945000001	9911.211704000001	9905.597172	9908.73428			1.0	1.0	0.0	3.0					
9913.28	9.795999999998457	trials	18.0	9918.247925	9920.198758	9922.340512	9923.079889	9917.523653	9920.320661			1.0	2.0	0.0	3.0					
9924.806	13.77599999999984	trials	18.0	9932.751863000001	9934.565515	9938.100795	9938.154091	9931.897116	9934.961292			1.0	1.0	0.0	3.0					
9942.51	14.614999999999782	trials	18.0	9949.941539000001	9951.149246	9954.976368	9955.219522000001	9949.339536000001	9952.4997	9955.65	9957.125	1.0	2.0	1.0	1.0					
9960.175	10.40099999999984	trials	18.0	9964.691644	9965.718973000001	9967.853921	9968.160236	9963.913661	9966.12541	9968.55	9970.576	1.0	2.0	1.0	1.0					
9974.675	783.4500000000007	BlockDesign														1.0	682.0	741.0	90.0	50.0
9974.675	7.916000000001077	trials	19.0	9976.82789	9978.362093	9980.322771000001	9980.639280000001	9976.218963000001	9978.637032	9981.04	9982.591	1.0	2.0	1.0	1.0					
9985.61	8.139999999999418	trials	19.0	9989.767412000001	9991.453634000001	9993.400416	9993.756554	9988.832859	9992.034966000001			1.0	2.0	0.0	3.0					
9996.76	8.039999999999054	trials	19.0	9999.873345	10001.774069000001	10004.239054000001	10004.805594000001	9999.012427000001	10002.115571			1.0	2.0	0.0	3.0					
10007.65	12.625	trials	19.0	10015.826576000001	10017.278436	10019.936315	10020.224881	10015.145314000001	10017.728355000001			1.0	1.0	0.0	3.0					
10024.285	8.840000000000146	trials	19.0	10026.297384000001	10028.084639	10031.354723	10031.635013000001	10025.667257000001	10028.255702	10032.07	10033.125	1.0	2.0	1.0	1.0					
10035.17	11.53099999999904	trials	19.0	10040.737598	10042.509483	10044.673404000001	10044.880087000001	10040.128395	10042.957250000001	10045.326	10046.701	1.0	1.0	1.0	1.0					
10050.77	8.885000000000218	trials	19.0	10053.597159	10055.462906	10057.803789000001	10058.148215000001	10052.989709000001	10055.654131000001	10058.595	10059.655	1.0	2.0	1.0	1.0					
10063.691	7.403999999998632	trials	19.0	10065.43741	10066.953413000001	10069.127063	10069.338563000001	10064.509192000001	10067.265834	10069.85	10071.095	1.0	1.0	1.0	1.0					
10074.131	11.199000000000524	trials	19.0	10079.201936000001	10081.326932	10083.361543	10083.404697	10078.650608	10081.824489	10083.947	10085.33	1.0	1.0	1.0	1.0					
10087.35	9.467999999998938	trials	19.0	10092.367123	10094.034209000001	10096.374117000001	10096.796242	10091.652450000001	10094.542766			1.0	2.0	0.0	3.0					
10099.765	11.110000000000582	trials	19.0	10103.892258	10105.691199	10109.168078	10109.35965	10102.918556	10106.188194	10109.855	10110.875	1.0	1.0	1.0	1.0					
10112.895	11.595999999999549	trials	19.0	10118.162196000001	10119.695595000001	10122.472305000001	10122.757634000001	10117.297305	10120.541186	10123.18	10124.491	1.0	1.0	1.0	1.0					
10128.581	8.449000000000524	trials	19.0	10130.942323000001	10132.963421	10134.959129	10135.158510000001	10129.990553	10133.265684	10135.8	10137.03	1.0	1.0	1.0	1.0					
10139.046	9.279999999998836	trials	19.0	10142.772585	10143.974349	10146.034442	10146.336383	10142.043476	10144.601635	10146.765	10148.326	1.0	1.0	1.0	1.0					
10152.345	6.81000000000131	trials	19.0	10153.862015	10155.653956	10158.065063	10158.314832	10153.191566000001	10156.298031			1.0	1.0	1.0	1.0					
10162.749	9.070999999999913	trials	19.0	10166.740674	10168.585986	10171.410446	10171.800021000001	10165.890765	10168.753018000001			1.0	1.0	0.0	3.0					
10174.86	12.380999999999403	trials	19.0	10182.172983	10183.696782	10185.692697	10185.841883000001	10181.436553000001	10183.991481000001	10186.425	10187.241	1.0	2.0	1.0	1.0					
10191.26	7.959999999999127	trials	19.0	10193.017833	10195.083294	10197.469136	10197.817548	10192.19586	10195.812773000001	10198.241	10199.22	1.0	2.0	1.0	1.0					
10201.265	11.110000000000582	trials	19.0	10205.632764	10206.894306	10209.575226	10209.863532000001	10204.769913	10207.22703	10210.366	10212.375	1.0	1.0	1.0	1.0					
10214.395	13.204999999999927	trials	19.0	10220.772439	10222.864796	10225.253976	10225.585917	10219.770581	10223.125325	10226.005	10227.6	1.0	1.0	1.0	1.0					
10231.622	6.993000000000393	trials	19.0	10233.567399	10234.812942	10236.676674	10236.858237	10232.305293000001	10235.502983	10237.515	10238.615	1.0	2.0	1.0	1.0					
10241.729	8.615999999999985	trials	19.0	10244.053179	10246.10727	10248.141312	10248.448461	10243.460742000001	10246.555736	10248.82	10250.345	1.0	1.0	1.0	1.0					
10254.425	7.855000000001382	trials	19.0	10256.662190000001	10258.244552	10262.065188	10262.282433	10255.757934000001	10258.240908			1.0		0.0	2.0					
10263.388	13.17699999999968	trials	19.0	10269.236534	10271.368531	10274.377019	10274.469746	10268.633745000001	10271.623346	10275.01	10276.565	1.0	1.0	1.0	1.0					
10279.647	6.982999999998356	trials	19.0	10282.643408	10284.546284			10282.015586000001	10284.539825			1.0		0.0	2.0					
10288.704	11.720999999999549	trials	19.0	10294.078059000001	10295.944548000001	10297.842093000001	10298.084603000001	10293.531804	10296.433169	10298.545	10300.425	1.0	1.0	1.0	1.0					
10302.455	10.469999999999345	trials	19.0	10307.202645000001	10308.485894000001	10310.762567	10311.030219	10306.397276	10308.889345	10311.48	10312.925	1.0	2.0	1.0	1.0					
10317.029	10.195999999999913	trials	19.0	10320.224063000001	10321.737705	10324.530131	10324.833765000001	10319.29926	10322.026089	10325.435	10327.225	1.0	1.0	1.0	1.0					
10330.245	9.376999999998588	trials	19.0	10333.108113	10334.931519	10337.79008	10337.926929000001	10332.235376	10335.32853	10338.5	10339.622	1.0	2.0	1.0	1.0					
10343.675	7.605000000001382	trials	19.0	10345.743051000001	10347.50553	10348.901773000001	10349.250638000001	10344.739238	10347.701877	10349.52	10351.28	1.0	1.0	1.0	1.0					
10353.31	10.6200000000008	trials	19.0	10358.157893	10359.3683	10361.477228	10361.900457	10357.634423	10360.417766	10362.105	10363.93	1.0	1.0	1.0	1.0					
10367.951	8.319000000001324	trials	19.0	10370.718276	10372.114784000001	10374.087485	10374.328638	10369.771467	10372.856276	10374.795	10376.27	1.0	1.0	1.0	1.0					
10378.36	12.349999999998545	trials	19.0	10384.523931	10386.001874000001	10388.037102	10388.314679000001	10383.866501	10386.276804000001	10388.735	10390.71	1.0	1.0	1.0	1.0					
10392.861	6.933999999999287	trials	19.0	10396.468497	10397.814798000001	10399.460027000001	10399.617648000001	10395.493418	10398.139451000001			1.0	2.0	0.0	3.0					
10401.868	9.002000000000407	trials	19.0	10406.209593	10407.839396000001	10410.282971	10410.877311	10405.267691000001	10408.10504			1.0	2.0	0.0	3.0					
10413.685	20.3700000000008	trials	19.0	10427.158230000001	10429.005458	10431.912585	10432.225815	10426.381851	10429.59671	10432.695	10434.055	1.0	2.0	1.0	1.0					
10436.141	10.748999999999796	trials	19.0	10441.603559000001	10442.749355	10444.639604	10445.044415	10440.704376000002	10443.150818	10445.48	10446.89	1.0	1.0	1.0	1.0					
10450.985	7.779999999998836	trials	19.0	10452.688415	10454.737055000001	10457.267967	10457.602479000001	10451.735331	10455.054318			1.0	1.0	0.0	3.0					
10460.605	12.579999999999927	trials	19.0	10467.938579000001	10469.130809	10471.408640000001	10471.682898000001	10467.121865000001	10469.644739000001	10472.05	10473.185	1.0	2.0	1.0	1.0					
10475.22	12.950000000000728	trials	19.0	10481.488518	10483.130834	10485.786689	10486.145528000001	10480.694943	10483.468293	10486.756	10488.17	1.0	1.0	1.0	1.0					
10490.243	9.896999999999025	trials	19.0	10493.823215	10495.655165	10498.023351	10498.366728	10492.868595	10496.000901000001	10498.795	10500.14	1.0	1.0	1.0	1.0					
10502.223	9.852000000000771	trials	19.0	10507.163078000001	10508.471501	10511.63729	10512.080595000001	10506.298464	10509.061242			1.0	2.0	0.0	3.0					
10516.085	8.680000000000291	trials	19.0	10518.594413	10519.870017000001	10522.470000000001	10522.912763	10517.707973	10520.192972	10523.161	10524.765	1.0	1.0	1.0	1.0					
10526.841	12.054000000000087	trials	19.0	10532.174264000001	10534.201526	10536.490335	10536.79457	10531.383783000001	10534.582229	10537.176	10538.895	1.0	1.0	1.0	1.0					
10540.974	9.636000000000422	trials	19.0	10544.578285	10546.591023	10548.367586	10548.825072	10543.768913	10547.330768	10549.03	10550.61	1.0	1.0	1.0	1.0					
10552.691	12.043999999999869	trials	19.0	10557.933701	10559.935775	10562.554313	10562.813895000001	10556.97683	10560.291011000001	10563.255	10564.735	1.0	2.0	1.0	1.0					
10566.76	12.635000000000218	trials	19.0	10572.068885	10574.169421	10577.332554	10577.546117	10571.300930000001	10574.360685	10577.98	10579.395	1.0	1.0	1.0	1.0					
10583.485	11.125	trials	19.0	10588.978802000001	10590.617097	10594.146704	10594.553097	10588.297524000001	10590.957815			1.0	2.0	0.0	3.0					
10597.545	12.170000000000073	trials	19.0	10602.114057	10603.665766	10607.6123	10607.924412	10601.280117	10603.943876000001	10608.34	10609.715	1.0	1.0	1.0	1.0					
10611.748	11.993000000000393	trials	19.0	10617.319224	10619.107703000001	10621.280963000001	10621.670343	10616.463429000001	10619.677872	10621.955	10623.741	1.0	1.0	1.0	1.0					
10626.805	10.139999999999418	trials	19.0	10631.739027	10631.911004000001	10636.543661	10636.952336	10631.196779	10631.905412			1.0		0.0	2.0					
10637.92	13.375	trials	19.0	10643.674673000001	10645.466268	10648.217063	10648.615938	10642.675259	10645.616499	10648.97	10651.295	1.0	1.0	1.0	1.0					
10653.406	11.623999999999796	trials	19.0	10659.484335000001	10661.064701000001	10662.845501	10663.252482	10658.825125000001	10662.140996	10663.616	10665.03	1.0	1.0	1.0	1.0					
10669.114	5.781000000000859	trials	19.0	10670.810193000001	10672.061055	10674.029444	10674.643573000001	10669.746476	10672.409732			1.0	1.0	0.0	3.0					
10677.44	9.0	trials	19.0	10682.420537	10683.786258	10685.937419	10686.447314000001	10681.519556000001	10684.283451000001			1.0	2.0	0.0	3.0					
10689.345	13.585000000000946	trials	19.0	10694.554673	10696.855877	10700.490972	10700.837651	10693.748657	10697.22708	10701.185	10702.93	1.0	1.0	1.0	1.0					
10706.017	10.743000000000393	trials	19.0	10709.984811	10711.759887	10713.842278	10714.134585	10709.435087	10712.123477000001	10714.465	10716.76	1.0	1.0	1.0	1.0					
10719.795	10.680000000000291	trials	19.0	10724.579359000001	10726.15817	10728.162588000001	10728.547569	10723.964313	10726.648938	10729.055	10730.475	1.0	1.0	1.0	1.0					
10734.564	9.546000000000276	trials	19.0	10738.024241000001	10739.96816	10741.945425	10742.298477	10737.021845000001	10740.185940000001	10742.606	10744.11	1.0	1.0	1.0	1.0					
10747.197	10.927999999999884	trials	19.0	10752.211176	10754.098723000001	10755.83018	10756.170665000001	10751.414319	10754.512295	10756.59	10758.125	1.0	1.0	1.0	1.0					
10762.17	76.72999999999956	BlockDesign														1.0	742.0	746.0	0.0	0.0
10762.17	5.549999999999272	trials	20.0	10764.109266000001	10765.719248000001	10767.200013000001	10767.728961	10762.905618	10765.933059			1.0	1.0	0.0	3.0					
10771.572	17.64799999999923	trials	20.0	10784.864478	10786.961711	10788.789852	10789.178655	10784.098183	10787.375427			1.0	2.0	0.0	3.0					
10793.165	19.55999999999949	trials	20.0	10808.404373000001	10810.229393000001	10812.229794	10812.731880000001	10807.589094	10810.627331			1.0	1.0	0.0	3.0					
10816.656	8.15899999999965	trials	20.0	10820.31978	10822.199037	10824.335118	10824.821051	10819.379210000001	10822.483743			1.0	2.0	0.0	3.0					
10827.75	11.149999999999636	trials	20.0	10835.248208	10837.173078	10838.817204	10839.620807000001	10834.341836	10837.416383			1.0	1.0	0.0	3.0					
10841.265	497.59500000000116	BlockDesign														1.0	747.0	782.0	50.0	90.0
10841.265	18.02100000000064	trials	21.0	10851.519902	10853.06631	10856.846078	10857.058761	10850.85662	10853.797403	10857.545	10859.286	1.0	2.0	1.0	1.0					
10862.448	10.80699999999888	trials	21.0	10866.430209	10868.088072	10870.854225000001	10871.188986000001	10865.90388	10868.454335	10871.625	10873.255	1.0	2.0	1.0	1.0					
10877.405	14.594999999999345	trials	21.0	10886.579445000001	10887.736347	10889.932767	10890.123471	10885.616016	10888.123364000001	10890.616	10892.0	1.0	2.0	1.0	1.0					
10896.046	12.808999999999287	trials	21.0	10902.676356	10903.991682	10906.393718000001	10906.692911	10902.072588	10904.468465	10907.055	10908.855	1.0	2.0	1.0	1.0					
10910.875	11.840000000000146	trials	21.0	10916.244782	10917.941586	10920.451941000001	10920.764301000001	10915.566636	10918.279616	10921.161	10922.715	1.0	2.0	1.0	1.0					
10926.8	9.355000000001382	trials	21.0	10930.079622000001	10931.842268	10933.995846	10934.42352	10929.188111000001	10932.457376	10934.715	10936.155	1.0	2.0	1.0	1.0					
10940.01	9.389999999999418	trials	21.0	10942.921439	10944.217263	10947.126813	10947.491655	10942.302413000001	10944.518147	10947.951	10949.4	1.0	1.0	1.0	1.0					
10951.486	9.488999999999578	trials	21.0	10955.67753	10957.237161000001	10958.836217	10959.196494	10954.812596	10957.534293	10959.675	10960.975	1.0	1.0	1.0	1.0					
10964.044	9.206000000000131	trials	21.0	10968.251820000001	10969.465875	10971.475488	10971.722564	10967.522991	10970.143671	10972.366	10973.25	1.0	2.0	1.0	1.0					
10977.33	13.43499999999949	trials	21.0	10979.877156	10981.838624	10984.14788	10984.341071	10979.302049	10982.248833000001	10984.75	10990.765	1.0	1.0	1.0	1.0					
10993.848	15.996999999999389	trials	21.0	11004.010890000001	11005.706858000001	11008.093175	11008.310136	11003.279312	11006.122010000001	11008.755	11009.845	1.0	2.0	1.0	1.0					
11011.927	9.212999999999738	trials	21.0	11015.8304	11016.987056	11019.187127000001	11019.441209	11015.315888000001	11017.541525	11019.875	11021.14	1.0	2.0	1.0	1.0					
11025.25	7.619000000000597	trials	21.0	11027.330145	11029.32408	11031.002852000001	11031.28709	11026.717592	11029.478858	11031.875	11032.869	1.0	2.0	1.0	1.0					
11036.998	8.252000000000407	trials	21.0	11039.035334	11040.899772	11043.246257	11043.534612000001	11037.909828	11041.202094	11043.885	11045.25	1.0	1.0	1.0	1.0					
11047.265	10.055000000000291	trials	21.0	11051.469831	11053.275377	11055.005205000001	11055.333588000001	11050.636967	11053.866633000001	11055.75	11057.32	1.0	1.0	1.0	1.0					
11060.336	8.713999999999942	trials	21.0	11062.395608	11064.090405	11066.985879	11067.345506000001	11061.29613	11064.349287000001	11067.531	11069.05	1.0	1.0	1.0	1.0					
11073.13	7.579999999999927	trials	21.0	11075.40042	11076.701129000001	11079.919386000001	11080.450725	11074.699425	11077.196078			1.0	1.0	0.0	3.0					
11082.375	12.735000000000582	trials	21.0	11088.540429	11090.306072000001	11093.049089	11093.405279	11087.686484	11090.809113000001	11093.805	11095.11	1.0	2.0	1.0	1.0					
11097.202	10.938000000000102	trials	21.0	11100.977355	11102.106015000001	11106.431235	11106.715815	11100.399968000002	11104.959725	11107.116	11108.14	1.0	2.0	1.0	1.0					
11112.162	14.82300000000032	trials	21.0	11123.661446	11125.239931	11126.643926	11126.9666	11122.659642	11125.455128000001			1.0	1.0	0.0	3.0					
11131.065	7.934999999999491	trials	21.0	11133.405705000001	11134.514748000001	11137.156706	11137.512042	11132.862657000001	11135.767512	11137.885	11139.0	1.0	2.0	1.0	1.0					
11141.016	11.619000000000597	trials	21.0	11146.606032	11147.83914	11150.486007	11150.783295000001	11145.924815	11148.390491	11151.185	11152.635	1.0	2.0	1.0	1.0					
11154.731	11.318999999999505	trials	21.0	11161.94079	11163.64998	11165.506343000001	11166.059939	11161.396703	11164.095107000001			1.0	2.0	0.0	3.0					
11167.875	11.575999999999112	trials	21.0	11173.535927	11174.744471	11177.243867000001	11177.531915	11172.560112000001	11175.186459	11177.955	11179.451	1.0	2.0	1.0	1.0					
11182.47	11.345000000001164	trials	21.0	11187.422633	11189.150913000001	11191.555254	11191.992303	11186.514621	11189.817551	11192.395	11193.815	1.0	2.0	1.0	1.0					
11197.9	6.550999999999476	trials	21.0	11199.811010000001	11201.217503	11203.364082	11203.650221	11198.783189	11201.585364			1.0	2.0	1.0	1.0					
11208.015	14.650000000001455	trials	21.0	11216.482265	11218.437441	11220.636359	11221.005224	11215.611765000001	11218.684922	11221.37	11222.665	1.0	2.0	1.0	1.0					
11225.685	11.980000000001382	trials	21.0	11232.506835	11233.518108	11235.517332	11235.840944	11231.645912	11233.864973	11236.195	11237.665	1.0	2.0	1.0	1.0					
11239.685	10.920000000000073	trials	21.0	11244.311637	11246.140165	11248.819553000001	11249.111583	11243.711215000001	11247.012792000001	11249.53	11250.605	1.0	2.0	1.0	1.0					
11254.638	8.656999999999243	trials	21.0	11257.231214	11258.650427	11260.556475000001	11261.063532	11256.595316	11258.848224000001	11261.25	11263.295	1.0	2.0	1.0	1.0					
11266.345	10.77100000000064	trials	21.0	11271.08819	11272.415537	11274.571337000001	11274.888424	11270.145126	11272.751472	11275.275	11277.116	1.0	2.0	1.0	1.0					
11281.135	8.194999999999709	trials	21.0	11283.116053000002	11285.033351	11286.940777	11287.267406	11282.51361	11285.753748000001	11287.675	11289.33	1.0	1.0	1.0	1.0					
11292.409	8.656000000000859	trials	21.0	11295.291503	11296.849644	11299.040581000001	11299.312578000001	11294.672189	11297.332024000001	11299.755	11301.065	1.0	2.0	1.0	1.0					
11304.138	7.397999999999229	trials	21.0	11307.661028	11309.278319000001	11311.156836	11311.545659	11306.841057000001	11309.565941			1.0	1.0	0.0	3.0					
11313.51	14.145000000000437	trials	21.0	11319.627872000001	11321.701638	11325.520549	11325.845868	11319.027977000002	11322.037634	11326.245	11327.655	1.0	2.0	1.0	1.0					
11330.741	8.119000000000597	trials	21.0	11333.512034	11334.763741	11336.783051	11337.053282	11332.784695	11335.339892	11337.425	11338.86	1.0	2.0	1.0	1.0					
11342.885	758.8649999999998	BlockDesign														1.0	783.0	814.0	50.0	10.0
11342.885	5.725000000000364	trials	22.0	11344.75818	11345.884137000001	11348.186568000001	11348.609584000002	11344.106066	11346.645263			1.0	2.0	0.0	3.0					
11351.616	9.509000000000015	trials	22.0	11355.187537000002	11356.328706	11359.00652	11359.303019	11354.369235	11356.738517000002	11359.695	11361.125	1.0	2.0	1.0	1.0					
11364.145	10.149999999999636	trials	22.0	11370.628052	11371.820402000001	11373.883671	11374.303433000001	11369.743048	11372.146859			1.0	2.0	0.0	3.0					
11378.235	7.730999999999767	trials	22.0	11381.366462	11383.129938	11385.353838	11385.9768	11380.452509	11383.51533			1.0	2.0	0.0	3.0					
11388.72	19.290000000000873	trials	22.0	11404.128533000001	11405.647431000001	11407.660394	11407.928078	11403.196615	11406.147909000001			1.0	2.0	0.0	3.0					
11410.084	10.031999999999243	trials	22.0	11414.812206	11416.54074	11419.432907	11420.12505	11414.157297000002	11416.801917			1.0	2.0	0.0	3.0					
11422.84	113.60000000000036	trials	22.0	11531.246894	11532.709101	11534.093127	11534.167392000001	11530.251970000001	11532.781338	11534.87	11536.44	1.0	1.0	1.0	1.0					
11539.46	8.740999999999985	trials	22.0	11544.137532	11546.040827	11547.794862	11548.052048000001	11543.223684	11546.24334			1.0	1.0	0.0	3.0					
11550.25	10.155000000000655	trials	22.0	11555.497575000001	11557.523979000001	11559.367786	11560.41351	11554.656920000001	11558.381307			1.0	2.0	0.0	3.0					
11563.83	20.225000000000364	trials	22.0	11580.158224	11581.659239	11583.676605	11584.06251	11579.530913	11582.299796000001			1.0	2.0	0.0	3.0					
11586.02	16.69999999999891	trials	22.0	11596.558074	11598.538526	11600.3346	11600.554448	11596.016165000001	11598.77778	11600.951	11602.72	1.0	1.0	1.0	1.0					
11605.805	9.7549999999992	trials	22.0	11611.542099	11613.109799000002	11615.044247000002	11615.569053000001	11610.611263	11613.462254			1.0	2.0	0.0	3.0					
11619.405	12.420999999998457	trials	22.0	11626.53729	11628.289927000002	11629.836853	11630.082709	11625.578671000001	11628.507924000001	11630.58	11631.826	1.0	1.0	1.0	1.0					
11633.85	11.28399999999965	trials	22.0	11640.662402	11642.623292	11644.334018000001	11645.138561	11640.058662	11643.00767			1.0	1.0	0.0	3.0					
11648.732	10.897999999999229	trials	22.0	11654.307955	11655.890525	11658.690241	11659.15407	11653.328871000002	11656.398825			1.0	2.0	0.0	3.0					
11661.025	18.024999999999636	trials	22.0	11675.53757	11677.054830000001	11678.548683	11679.059256	11674.681495	11677.215473			1.0	1.0	0.0	3.0					
11681.0	18.094999999999345	trials	22.0	11692.533193000001	11694.188564	11696.503747	11696.681153000001	11692.012472	11694.563822	11697.34	11699.095	1.0	1.0	1.0	1.0					
11701.123	14.012000000000626	trials	22.0	11709.107946	11711.067134	11712.911965000001	11713.142607000002	11708.209028000001	11712.140781	11713.605	11715.135	1.0	1.0	1.0	1.0					
11717.152	13.913000000000466	trials	22.0	11725.129902	11727.226727000001	11728.85183	11729.191477	11724.299138	11727.297639	11729.53	11731.065	1.0	1.0	1.0	1.0					
11734.122	34.41400000000067	trials	22.0	11762.228862	11763.932501000001	11766.262677	11766.54638	11761.365255	11764.164119000001	11767.0	11768.536	1.0	1.0	1.0	1.0					
11770.661	12.058999999999287	trials	22.0	11778.208137000001	11779.709841	11782.328807	11782.581723000001	11777.520164000001	11780.364504000001			1.0	2.0	0.0	3.0					
11786.779	20.050999999999476	trials	22.0	11802.028257	11803.624397	11805.028837000002	11805.222375000001	11801.148738	11803.525949	11805.701	11806.83	1.0	1.0	1.0	1.0					
11809.916	9.97400000000016	trials	22.0	11814.743822	11815.961684	11817.585511000001	11817.864225000001	11814.173984000001	11816.933807000001	11818.36	11819.89	1.0	1.0	1.0	1.0					
11823.912	16.38799999999901	trials	22.0	11836.783717	11838.295251			11835.78504	11838.288333			1.0		0.0	2.0					
11843.31	11.700000000000728	trials	22.0	11849.103837	11850.900632	11852.883431	11853.199848	11848.346182000001	11851.507544	11853.505	11855.01	1.0	1.0	1.0	1.0					
11857.027	12.788000000000466	trials	22.0	11864.559036	11866.038691000002	11867.510993	11867.941114000001	11863.905507	11866.353744	11868.28	11869.815	1.0	1.0	1.0	1.0					
11873.875	7.260000000000218	trials	22.0	11877.065325	11878.217354	11880.597802	11881.146879	11876.124704000002	11879.073006			1.0	1.0	0.0	3.0					
11883.002	107.1929999999993	trials	22.0	11985.974753	11987.661229000001	11989.028008000001	11989.188162	11985.214137	11987.945254	11977.705	11977.715	1.0	1.0	1.0	1.0					
11992.556	12.888999999999214	trials	22.0	12001.22439	12002.246496	12004.961356	12005.453659	12000.23172	12002.237843			1.0		0.0	2.0					
12007.391	12.824000000000524	trials	22.0	12016.524478000001	12017.866025000001	12019.82489	12019.971295000001	12015.736173000001	12018.179222			1.0	1.0	0.0	3.0					
12024.355	9.256000000001222	trials	22.0	12027.715727	12029.556509	12032.655734	12033.52785	12026.924812000001	12030.482778000001			1.0	2.0	0.0	3.0					
12036.62	65.1299999999992	trials	22.0	12098.470951000001	12100.424330000002	12101.66351	12102.262862	12097.757280000002	12100.381764000002			1.0	1.0	0.0	3.0					
12104.1	3944.610999999999	BlockDesign														0.0	815.0	839.0	50.0	0.0
12104.1	2502.625	trials	23.0	14604.513590999999	14604.71713			14603.794446	14604.707659			2.0		0.0	2.0					
14609.811	863.8389999999999	trials	23.0	15466.021951	15467.866692	15472.27261	15472.536873000001	15465.408012	15468.108082			2.0	2.0	0.0	3.0					
15474.722	7.5130000000008295	trials	23.0	15476.512276000001	15477.029005			15473.64711	15477.025902000001			2.0		0.0	2.0					
15483.108	27.836999999999534	trials	23.0	15484.792392000001	15486.265896	15510.58	15510.737901	15482.235501000001	15487.552279			2.0	1.0	0.0	3.0					
15514.029	29.15599999999904	trials	23.0	15536.022684	15537.665734	15542.76475	15542.967792000001	15535.325455	15537.665917			2.0	1.0	0.0	3.0					
15547.271	9.48399999999856	trials	23.0	15550.557991	15552.148266	15555.022993	15555.191787	15549.55384	15553.974552	15555.675	15556.755	2.0	1.0	1.0	1.0					
15558.847	21.243000000000393	trials	23.0	15576.328914	15577.834573	15579.672351000001	15579.984355	15575.452726	15578.817501000001			2.0	1.0	0.0	3.0					
15582.161	14.164999999999054	trials	23.0	15590.227697	15591.359391	15594.517656	15594.66601	15589.508993000001	15593.301502	15595.225	15596.326	2.0	1.0	1.0	1.0					
15599.373	18.037000000000262	trials	23.0	15615.329088	15615.404439			15614.436151	15615.398571			2.0		0.0	2.0					
15619.485	31.863999999999578	trials	23.0	15642.388171	15643.819624	15650.914146000001	15651.160455000001	15641.832979	15649.790420000001			2.0	1.0	0.0	3.0					
15653.36	10.989999999999782	trials	23.0	15655.363494000001	15657.134701	15662.453643	15662.661505	15653.942673000001	15657.16669	15663.201	15664.35	2.0	1.0	1.0	1.0					
15668.401	12.885000000000218	trials	23.0	15675.918167	15677.945899	15679.498080000001	15679.633368	15675.381093	15678.213592	15680.21	15681.286	2.0	1.0	1.0	1.0					
15684.37	16.174999999999272	trials	23.0	15695.928786	15697.623109	15698.648965	15698.681919	15695.202421	15697.907948	15699.28	15700.545	2.0	1.0	1.0	1.0					
15702.565	10.385999999998603	trials	23.0	15709.268374000001	15710.399971	15712.185558000001	15712.947427000001	15708.422551	15710.767386			2.0	1.0	0.0	3.0					
15716.605	13.970000000001164	trials	23.0	15726.278617	15728.085334000001	15730.14981	15730.575147	15725.704058000001	15729.220758000001			2.0	1.0	0.0	3.0					
15732.595	7.566000000000713	trials	23.0	15734.398429	15735.570493000001	15738.105858	15738.352109000001	15733.623531000001	15736.031182	15738.745	15740.161	2.0	1.0	1.0	1.0					
15743.246	14.790000000000873	trials	23.0	15751.858029	15753.160199	15757.627536	15757.823116	15751.300141	15753.510361			2.0	1.0	0.0	3.0					
15760.065	22.796000000000276	trials	23.0	15772.040079	15773.468187	15782.497431	15782.862865000001	15771.192093	15773.897868			2.0	2.0	0.0	3.0					
15784.875	11.100000000000364	trials	23.0	15789.698431	15791.421434	15795.597925	15795.66901	15789.022078	15791.412603			2.0		0.0	2.0					
15797.445	18.880999999999403	trials	23.0	15806.784811000001	15808.180664	15814.114057	15814.340509	15805.971319	15812.643311	15814.79	15816.326	2.0	1.0	1.0	1.0					
15818.345	15.295000000000073	trials	23.0	15828.379116	15830.060425	15831.637444	15831.942892000001	15827.386789	15830.425019	15832.39	15833.64	2.0	1.0	1.0	1.0					
15835.755	104.9950000000008	trials	23.0	15937.158986	15938.66121	15939.833584	15940.057588	15936.233783	15938.652649			2.0		0.0	2.0					
15943.76	63.52599999999984	trials	23.0	16002.714967	16004.361244	16005.541913000001	16005.656661	16002.078608	16004.394274	16006.175	16007.286	2.0	1.0	1.0	1.0					
16011.435	14.645000000000437	trials	23.0	16022.715163	16024.282636	16025.361988	16026.081499	16021.992351	16024.678606000001			2.0	1.0	0.0	3.0					
16028.722	19.988999999999578	trials	23.0	16044.784359000001	16046.651310000001	16048.598692	16049.257593	16043.882473	16047.522484000001			2.0	1.0	0.0	3.0					
16051.081	262.02399999999943	BlockDesign														0.0	840.0	846.0	0.0	50.0
16051.081	12.388999999999214	trials	24.0	16060.170470000001	16061.776327	16063.054333	16063.171317	16059.246653	16062.231729000001			3.0	1.0	0.0	3.0					
16066.405	13.194999999999709	trials	24.0	16073.404689	16074.848965000001	16079.233390000001	16079.559916	16072.603183000001	16077.673050000001			3.0	2.0	0.0	3.0					
16081.656	17.005999999999403	trials	24.0	16091.984914	16094.074762	16098.198082	16098.647134	16091.044758	16097.428918			3.0	1.0	0.0	3.0					
16102.622	175.20399999999972	trials	24.0	16272.966594000001	16274.562778	16277.344878	16277.830086	16272.313561	16276.103552			3.0	1.0	0.0	3.0					
16279.779	12.40599999999904	trials	24.0	16284.975825000001	16286.218389	16291.769804	16292.106325	16284.062196	16287.561249			3.0	1.0	0.0	3.0					
16294.265	13.90900000000147	trials	24.0	16303.025803	16305.026724000001	16307.735187	16308.139105	16302.402057000001	16305.750462			3.0	1.0	0.0	3.0					
16312.096	1.0090000000000146	trials	24.0											0.0	0.0					
