onset	duration	nwb_table	block	tone_on_time	tone_off_time	action_on_time	action_off_time	pokeC_on_time	pokeC_off_time	reward_on_time	reward_off_time	state	action	reward	result	FinishedBlock	FirstTrial	LastTrial	RewardRule_L	RewardRule_R
3.652	296.05	BlockDesign														1.0	1.0	20.0	50.0	0.0
3.652	15.57	trials	1.0	11.711137	13.657915000000001	17.321481000000002	17.549064	10.753321000000001	16.512119000000002	6.198	19.222	2.0	1.0	1.0	1.0					
21.328	12.830000000000002	trials	1.0	29.065608	31.488927000000004	33.842125	34.089184	28.257832	32.916094			2.0	1.0	0.0	3.0					
38.167	9.79	trials	1.0	39.855848	41.194222	46.721521	46.889679	38.576332	45.658934			2.0	2.0	0.0	3.0					
49.987	9.915	trials	1.0	53.126437	55.030683	58.094898	58.299903	52.183032000000004	57.305434	58.677	59.902	2.0	1.0	1.0	1.0					
63.922	13.475000000000009	trials	1.0	70.841164	72.465418	76.270438	76.50395400000001	70.132048	75.068098			2.0	1.0	0.0	3.0					
78.552	10.849999999999994	trials	1.0	80.596116	81.822974	87.607251	87.689986	79.331901	86.782139	88.147	89.402	2.0	1.0	1.0	1.0					
92.424	11.642999999999986	trials	1.0	97.631302	99.24338	101.831571	102.179424	97.118977	100.592724			2.0	1.0	0.0	3.0					
104.165	11.271999999999991	trials	1.0	106.136248	107.493459	113.57646700000001	113.74789200000001	104.143537	112.532751	114.182	115.437	2.0	1.0	1.0	1.0					
117.604	13.597999999999999	trials	1.0	123.91665400000001	125.034738	129.236206	129.384768	123.261394	128.311306	129.823	131.202	2.0	1.0	1.0	1.0					
134.27	13.496999999999986	trials	1.0	139.93534	141.678631	146.89770000000001	147.841317	139.377363	145.582537			2.0	2.0	0.0	3.0					
149.158	5.549000000000007	trials	1.0	151.027988	152.505487	154.463393	154.66599300000001	149.891616	153.580222			2.0	1.0	0.0	3.0					
158.718	20.439999999999998	trials	1.0	174.516277	175.812939	178.903075	179.120656	173.716953	177.48073300000001			2.0	1.0	0.0	3.0					
181.177	6.8799999999999955	trials	1.0	183.212221	184.532881	186.283888	186.489206	182.212543	185.361705	187.002	188.057	2.0	1.0	1.0	1.0					
192.143	10.305000000000007	trials	1.0	196.032195	198.041788	201.855678	201.879539	195.345559	200.89234			2.0	2.0	0.0	3.0					
204.212	7.3300000000000125	trials	1.0	206.291976	207.71839	209.597251	209.852157	204.974335	208.802272			2.0	1.0	0.0	3.0					
212.875	7.532999999999987	trials	1.0	214.5821	216.063004	219.862785	220.019403	211.61825100000001	219.062445			2.0	1.0	0.0	3.0					
222.501	9.605999999999995	trials	1.0	225.396408	227.096104	230.365335	230.51451600000001	224.633712	229.333023	230.942	232.107	2.0	1.0	1.0	1.0					
235.127	11.60499999999999	trials	1.0	239.256892	240.595798	244.263798	244.465956	238.333183	243.216958			2.0	1.0	0.0	3.0					
247.102	19.56499999999997	trials	1.0	248.863203	250.773604	265.767577	265.864734	246.809661	263.131174			2.0	2.0	0.0	3.0					
270.037	29.66500000000002	trials	1.0	293.823525	295.043191	299.493172	299.780677	292.819327	298.300028			2.0	1.0	0.0	3.0					
301.895	467.404	BlockDesign														1.0	21.0	48.0	0.0	50.0
301.895	8.00200000000001	trials	2.0	303.552103	305.565677	309.387967	309.975052	302.805545	307.416608			3.0	2.0	0.0	3.0					
313.737	8.329999999999984	trials	2.0	317.863561	319.509646	321.755188	321.990977	317.051095	320.998977			3.0	1.0	0.0	3.0					
324.077	8.375	trials	2.0	325.856622	327.42147	330.366271	330.810638	324.178245	329.409052	330.932	332.452	3.0	2.0	1.0	1.0					
335.549	15.873000000000047	trials	2.0	345.427169	345.483613	351.310696	351.500091	344.860045	345.479803			3.0		0.0	2.0					
351.512	16.980999999999995	trials	2.0	358.472218	360.039425	368.223402	368.395607	357.821182	366.932772			3.0	1.0	0.0	3.0					
371.502	9.170000000000016	trials	2.0	373.646916	375.66020100000003	379.440105	379.64878600000003	372.956691	378.286555			3.0	2.0	0.0	3.0					
381.769	9.84899999999999	trials	2.0	385.952905	387.85846	391.374991	393.842101	385.386757	390.607584			3.0	1.0	0.0	3.0					
393.692	5.625	trials	2.0	396.18735	396.494572			395.554847	396.491032			3.0		0.0	2.0					
401.522	5.261000000000024	trials	2.0	404.102015	404.769244			402.743031	404.757922			3.0		0.0	2.0					
408.792	6.850000000000023	trials	2.0	413.627634	413.708764			413.03761000000003	413.701902			3.0		0.0	2.0					
417.652	11.061000000000035	trials	2.0	423.007591	424.66098900000003	426.653736	427.159711	422.487183	425.804004	427.352	428.713	3.0	2.0	1.0	1.0					
432.781	13.990999999999985	trials	2.0	437.247919	438.464109	444.160302	446.84958	436.609985	443.22546			3.0	2.0	0.0	3.0					
447.516	33.025999999999954	trials	2.0	473.324065	474.543607	480.222427	480.539413	472.412513	479.219986			3.0	1.0	0.0	3.0					
482.627	7.949999999999989	trials	2.0	485.342533	486.550276	488.999404	489.18217500000003	484.674145	488.062623			3.0	2.0	0.0	3.0					
491.252	11.44599999999997	trials	2.0	497.687496	499.539586	501.629244	502.777519	496.863658	500.801998			3.0	2.0	0.0	3.0					
505.962	25.767000000000053	trials	2.0	522.699331	524.271107	529.957003	530.199376	522.065835	528.425833	530.747	531.729	3.0	2.0	1.0	1.0					
535.768	32.55499999999995	trials	2.0	560.904462	562.489816	566.188205	566.511559	559.902356	564.693832	566.792	568.323	3.0	2.0	1.0	1.0					
570.203	30.194000000000074	trials	2.0	596.008108	597.370228	600.1478070000001	600.400285	595.21267	598.885903			3.0	2.0	0.0	3.0					
602.408	12.848999999999933	trials	2.0	608.203497	609.800417	613.317667	613.718307	607.50942	612.298245	613.912	615.257	3.0	2.0	1.0	1.0					
618.393	18.298999999999978	trials	2.0	631.6734	633.155291	635.431558	636.7708	631.018088	633.972724			3.0	2.0	0.0	3.0					
637.749	10.77800000000002	trials	2.0	642.708373	644.175165	647.709153	647.894199	642.157729	646.598572			3.0	1.0	0.0	3.0					
651.613	8.898999999999887	trials	2.0	654.3933040000001	656.346769	658.75707	658.991733	653.457685	657.308387	659.362	660.512	3.0	2.0	1.0	1.0					
662.607	24.129999999999995	trials	2.0	678.973315	680.568775	683.402916	684.769031	678.328732	681.940827			3.0	2.0	0.0	3.0					
687.727	7.790000000000077	trials	2.0	689.848344	691.415464	692.999033	693.586362	686.816386	692.15652			3.0	1.0	0.0	3.0					
697.262	6.045000000000073	trials	2.0	698.953826	700.1498	702.195465	702.259735	695.596452	701.408817			3.0	2.0	0.0	3.0					
705.602	11.024999999999977	trials	2.0	710.828746	712.907938	714.929923	715.14733	710.086513	713.563083	715.557	716.627	3.0	2.0	1.0	1.0					
718.678	23.065000000000055	trials	2.0	735.438309	737.175233	739.784988	740.185018	734.599156	737.95512	740.472	741.743	3.0	2.0	1.0	1.0					
743.797	25.501999999999953	trials	2.0	764.994105	766.524715	769.28269	770.30458	764.109666	767.735521			3.0	2.0	0.0	3.0					
771.67	2698.037	BlockDesign														1.0	49.0	201.0	50.0	50.0
771.67	9.073000000000093	trials	3.0	773.544456	775.290909	777.499895	777.620573	772.780463	775.798066			2.0	1.0	0.0	3.0					
780.817	6.414999999999964	trials	3.0	782.558715	783.660495	786.617925	787.311712	781.076514	785.696065			3.0	1.0	0.0	3.0					
790.963	14.038999999999987	trials	3.0	798.043923	799.456706	804.057772	805.083113	797.303071	802.280911			2.0	2.0	0.0	3.0					
807.378	9.26400000000001	trials	3.0	809.365555	811.081624	815.017544	815.139369	808.647043	814.057404	815.592	816.642	2.0	1.0	1.0	1.0					
818.703	25.989000000000033	trials	3.0	836.928954	838.639068	841.942786	842.145256	836.170418	840.937786			2.0	1.0	0.0	3.0					
845.457	7.919999999999959	trials	3.0	847.304031	848.68255	851.610887	851.878599	844.772599	849.7250310000001	852.312	853.377	3.0	2.0	1.0	1.0					
857.427	38.355999999999995	trials	3.0	890.773731	892.711399	895.241526	895.859709	889.90576	893.867378			3.0	2.0	0.0	3.0					
897.503	4.240000000000009	trials	3.0	899.380608	899.810324			898.2938	899.800663			3.0		0.0	2.0					
903.823	51.63900000000001	trials	3.0	950.914651	952.726044	955.156311	955.257858	950.17735	954.375681			2.0	1.0	0.0	3.0					
959.47	10.106999999999971	trials	3.0	962.09443	963.393457	967.682701	967.914807	961.128598	966.2542	968.408	969.577	3.0	2.0	1.0	1.0					
972.703	28.01400000000001	trials	3.0	994.615899	996.569202	999.508455	1000.795917	993.968227	998.108983			3.0	2.0	0.0	3.0					
1001.757	7.07000000000005	trials	3.0	1003.774612	1005.091638	1007.117871	1007.21196	1002.395262	1006.059	1007.797	1008.827	2.0	1.0	1.0	1.0					
1011.917	20.600000000000023	trials	3.0	1026.845187	1027.972933	1031.795839	1032.594576	1026.271581	1030.3204719999999			3.0	2.0	0.0	3.0					
1034.11	9.508000000000038	trials	3.0	1036.585122	1038.250007	1040.8492930000002	1041.0437729999999	1036.021288	1039.972354			2.0	1.0	0.0	3.0					
1045.167	7.555000000000064	trials	3.0	1046.9793719999998	1048.681596	1050.9216059999999	1051.070311	1043.696172	1049.4186479999998	1051.472	1052.722	3.0	2.0	1.0	1.0					
1055.809	25.248000000000047	trials	3.0	1074.741622	1076.446231	1079.36013	1079.4781979999998	1074.1195120000002	1078.2863029999999	1079.912	1081.057	2.0	1.0	1.0	1.0					
1083.074	28.61299999999983	trials	3.0	1105.4102280000002	1106.697862	1109.6367690000002	1110.0737909999998	1104.78982	1108.4142029999998	1110.222	1111.687	3.0	2.0	1.0	1.0					
1115.719	16.229000000000042	trials	3.0	1125.116629	1127.28195	1129.6534150000002	1129.8067150000002	1124.374887	1128.502387	1130.235	1131.948	2.0	1.0	1.0	1.0					
1134.969	19.052999999999884	trials	3.0	1147.0354889999999	1148.707125	1151.4965419999999	1151.531509	1146.4173449999998	1150.4396550000001			2.0	1.0	0.0	3.0					
1155.808	6.624000000000024	trials	3.0	1157.58567	1159.25023	1161.795537	1162.5126850000001	1154.102371	1160.166424			3.0	2.0	0.0	3.0					
1164.094	7.682999999999993	trials	3.0	1165.845213	1167.212161	1170.084923	1170.225793	1164.4915420000002	1168.731879	1170.777	1171.777	2.0	1.0	1.0	1.0					
1174.813	19.748999999999796	trials	3.0	1189.6949639999998	1191.1415849999998	1194.314652	1194.4019170000001	1188.8676449999998	1193.279877			2.0	1.0	0.0	3.0					
1197.618	7.6440000000000055	trials	3.0	1199.285875	1201.297551	1204.7796629999998	1205.34461	1198.1370820000002	1202.810967			3.0	2.0	0.0	3.0					
1207.142	20.059999999999945	trials	3.0	1212.859966	1213.9878359999998	1224.4155850000002	1224.62662	1211.934295	1219.2347679999998			3.0	1.0	0.0	3.0					
1228.787	5.7000000000000455	trials	3.0	1230.8756979999998	1232.2696959999998	1233.047877	1233.236019	1227.2851690000002	1232.2602809999998			2.0	2.0	0.0	3.0					
1235.292	20.065000000000055	trials	3.0	1246.565263	1248.6838739999998	1253.318569	1253.6562279999998	1246.0531810000002	1251.158934	1254.027	1255.357	3.0	2.0	1.0	1.0					
1258.421	22.05099999999993	trials	3.0	1274.5771209999998	1276.083615	1280.1839679999998	1280.4389219999998	1273.6246409999999	1277.7801599999998			3.0	2.0	0.0	3.0					
1282.547	6.816000000000031	trials	3.0	1284.5107699999999	1286.284012	1289.055852	1289.235166	1283.163391	1288.149781			3.0	1.0	0.0	3.0					
1292.377	5.690000000000055	trials	3.0	1294.135663	1295.396173	1297.1283600000002	1298.1488760000002	1292.718817	1295.908057			3.0	2.0	0.0	3.0					
1300.377	18.49500000000012	trials	3.0	1311.5556809999998	1313.5005729999998	1317.0127739999998	1317.1636859999999	1310.8575569999998	1315.453662	1317.807	1318.872	2.0	1.0	1.0	1.0					
1322.958	20.81399999999985	trials	3.0	1338.077107	1339.7742250000001	1343.2485459999998	1343.389423	1337.1922949999998	1342.1382939999999			2.0	1.0	0.0	3.0					
1345.783	8.489000000000033	trials	3.0	1347.645513	1349.19261	1353.706522	1354.351776	1346.384982	1351.8777479999999			2.0	2.0	0.0	3.0					
1356.067	6.2560000000000855	trials	3.0	1357.975969	1359.333067	1362.0275430000002	1362.128628	1356.5287629999998	1360.7500329999998			2.0	1.0	0.0	3.0					
1366.332	19.60499999999979	trials	3.0	1371.03624	1372.1635379999998	1383.765664	1383.949211	1370.075637	1382.407006			3.0	1.0	0.0	3.0					
1387.143	7.064000000000078	trials	3.0	1388.7560039999998	1390.107153	1392.3831850000001	1392.6372190000002	1386.016372	1390.629579	1393.007	1394.207	3.0	2.0	1.0	1.0					
1397.252	32.77300000000014	trials	3.0	1421.270947	1423.156114	1426.955692	1427.0678280000002	1420.3250189999999	1425.6348699999999			2.0	1.0	0.0	3.0					
1431.271	8.082000000000107	trials	3.0	1433.0814449999998	1434.922896	1437.4756980000002	1437.739665	1430.106601	1435.568605	1438.102	1439.353	3.0	2.0	1.0	1.0					
1442.369	23.473000000000184	trials	3.0	1460.6667149999998	1462.0479129999999	1465.111923	1465.923115	1459.876396	1463.109207			3.0	2.0	0.0	3.0					
1467.432	7.839999999999918	trials	3.0	1469.5815969999999	1471.4981910000001	1473.5531070000002	1473.6566739999998	1467.598881	1472.5992059999999	1474.152	1475.272	2.0	1.0	1.0	1.0					
1477.328	25.169000000000096	trials	3.0	1496.166568	1497.981531	1500.766039	1500.902278	1495.5126930000001	1498.8213839999999	1501.377	1502.497	2.0	1.0	1.0	1.0					
1504.586	14.086000000000013	trials	3.0	1513.5260039999998	1514.845033	1518.4261540000002	1518.6272159999999	1512.9463329999999	1517.1700930000002			3.0	1.0	0.0	3.0					
1521.707	7.9509999999997945	trials	3.0	1523.731342	1525.697874	1528.937731	1529.7424150000002	1522.272219	1526.6791830000002			2.0	2.0	0.0	3.0					
1533.645	6.781999999999925	trials	3.0	1535.6510979999998	1537.113066	1538.7839399999998	1538.927076	1534.079769	1537.7400550000002	1539.508	1540.427	2.0	1.0	1.0	1.0					
1542.444	16.357999999999947	trials	3.0	1552.1220429999998	1553.9184209999999	1558.564915	1558.7700340000001	1551.1508170000002	1557.0699220000001			3.0	1.0	0.0	3.0					
1561.883	10.753999999999905	trials	3.0	1564.62682	1566.658336	1569.740343	1572.7175809999999	1563.9188570000001	1568.293752			2.0	2.0	0.0	3.0					
1573.418	8.740000000000009	trials	3.0	1576.302087	1577.6095	1581.5611869999998	1581.685699	1575.7712849999998	1580.406907			3.0	1.0	0.0	3.0					
1586.219	8.43899999999985	trials	3.0	1589.486418	1590.7278460000002	1594.422396	1594.635048	1588.6410270000001	1593.430132			2.0	1.0	0.0	3.0					
1596.719	52.577999999999975	trials	3.0	1640.736727	1642.4786530000001	1647.3750909999999	1647.598336	1639.7692299999999	1645.244592	1647.993	1649.297	3.0	2.0	1.0	1.0					
1651.332	22.08499999999981	trials	3.0	1668.7366729999999	1670.2131129999998	1673.0653739999998	1673.500086	1667.8091370000002	1671.884043			2.0	1.0	0.0	3.0					
1675.387	9.950000000000045	trials	3.0	1677.222091	1678.894276	1681.0414150000001	1681.9306499999998	1675.773102	1679.711385			2.0	2.0	0.0	3.0					
1685.352	6.129999999999882	trials	3.0	1687.3274849999998	1688.5011	1691.1817959999998	1691.27185	1685.420395	1689.9908070000001			3.0	1.0	0.0	3.0					
1694.558	7.679000000000087	trials	3.0	1696.606797	1697.8540979999998	1700.427679	1700.647911	1694.7773459999999	1698.4272070000002	1701.057	1702.237	3.0	2.0	1.0	1.0					
1705.313	36.65899999999988	trials	3.0	1735.9324419999998	1737.054114	1741.1116270000002	1742.052685	1735.3245390000002	1739.203321			3.0	2.0	0.0	3.0					
1745.555	9.541999999999916	trials	3.0	1748.4227190000001	1750.050036	1753.6284609999998	1755.177111	1747.593354	1751.9048590000002			3.0	2.0	0.0	3.0					
1756.237	14.75	trials	3.0	1764.757576	1766.7557889999998	1769.1538839999998	1769.320663	1763.796025	1768.4078880000002	1769.712	1770.987	2.0	1.0	1.0	1.0					
1774.047	20.214999999999918	trials	3.0	1788.388234	1789.750791	1792.1683779999998	1792.2383639999998	1787.38728	1790.7515320000002	1792.917	1794.262	2.0	1.0	1.0	1.0					
1798.302	22.098000000000184	trials	3.0	1812.3749990000001	1813.554475	1818.4635429999998	1818.7071179999998	1811.5682339999998	1815.149493	1819.247	1820.4	3.0	2.0	1.0	1.0					
1823.463	14.659000000000106	trials	3.0	1831.265457	1832.9492489999998	1835.910636	1836.0032620000002	1830.522145	1834.6230569999998	1836.567	1838.122	2.0	1.0	1.0	1.0					
1840.207	11.659999999999854	trials	3.0	1847.522794	1848.7899779999998	1850.8690080000001	1851.039279	1846.6105870000001	1849.609407			2.0	1.0	1.0	1.0					
1855.332	12.0	trials	3.0	1862.3927520000002	1863.979328	1866.935184	1867.0789300000001	1861.4729849999999	1865.7643079999998			3.0	1.0	0.0	3.0					
1869.187	12.275000000000091	trials	3.0	1875.5879730000001	1876.7396560000002	1879.3501769999998	1881.546519	1874.6377080000002	1878.1765260000002			2.0	2.0	0.0	3.0					
1881.647	7.664999999999964	trials	3.0	1885.277478	1886.5710250000002	1888.9297980000001	1889.205093	1884.6725350000002	1887.712461			3.0	1.0	0.0	3.0					
1892.177	10.441000000000031	trials	3.0	1898.5346530000002	1899.778042	1902.372957	1902.5948400000002	1897.98412	1901.571175			2.0	1.0	0.0	3.0					
1906.692	24.319999999999936	trials	3.0	1923.1432180000002	1924.3192709999998	1928.972553	1929.4278490000002	1922.247202	1927.41187	1929.472	1931.012	3.0	2.0	1.0	1.0					
1933.033	12.429000000000087	trials	3.0	1939.3581909999998	1941.4191099999998	1944.2467980000001	1945.543666	1938.54889	1942.2433930000002			2.0	2.0	0.0	3.0					
1948.493	8.019000000000005	trials	3.0	1950.7086060000001	1952.647335	1955.682538	1955.9235640000002	1950.0855069999998	1954.6223369999998			3.0	1.0	0.0	3.0					
1958.589	10.198000000000093	trials	3.0	1961.01804	1962.665352	1966.5033600000002	1966.934416	1960.026832	1964.2086330000002	1967.122	1968.787	3.0	2.0	1.0	1.0					
1971.658	19.91500000000019	trials	3.0	1986.768712	1988.2397259999998	1991.328301	1991.4515999999999	1986.1984000000002	1990.4414579999998			2.0	1.0	0.0	3.0					
1993.583	7.313999999999851	trials	3.0	1995.193056	1997.004421	1999.711863	2000.981878	1994.5915420000001	1997.8345020000002			3.0	2.0	0.0	3.0					
2002.967	22.194999999999936	trials	3.0	2014.7383829999999	2016.5249	2021.0083719999998	2022.0986670000002	2013.810352	2018.650342			2.0	2.0	0.0	3.0					
2025.317	7.305000000000064	trials	3.0	2027.2685470000001	2029.127406	2030.936941	2031.106252	2025.517722	2029.9479970000002	2031.622	2032.622	2.0	1.0	1.0	1.0					
2035.677	19.080000000000155	trials	3.0	2047.634391	2049.4729469999997	2054.5272729999997	2054.6639459999997	2046.660781	2053.529935			3.0	1.0	0.0	3.0					
2058.829	11.828999999999724	trials	3.0	2064.0805539999997	2065.775849	2069.9006179999997	2070.389832	2063.198847	2067.831217			2.0	2.0	0.0	3.0					
2072.158	8.759000000000015	trials	3.0	2076.523765	2077.678579	2080.622029	2080.716979	2075.5368249999997	2079.4824759999997			2.0	1.0	0.0	3.0					
2082.993	11.548999999999978	trials	3.0	2086.249033	2087.851263	2092.592124	2092.81914	2085.68332	2091.017745	2093.377	2094.542	3.0	2.0	1.0	1.0					
2097.562	84.03500000000031	trials	3.0	2175.6494049999997	2176.7355399999997	2180.937934	2181.68251	2174.7631619999997	2179.338285			3.0	2.0	0.0	3.0					
2183.271	28.785999999999603	trials	3.0	2203.319404	2205.212273	2210.6472209999997	2210.815133	2202.742203	2208.7918959999997			2.0	1.0	1.0	1.0					
2215.189	12.738000000000284	trials	3.0	2221.660818	2223.1528089999997	2225.478016	2225.724521	2220.679141	2224.238855	2226.227	2227.927	2.0	1.0	1.0	1.0					
2232.047	15.420000000000073	trials	3.0	2239.660954	2240.9099069999997	2245.2865159999997	2245.5334629999998	2238.786329	2243.726347			3.0	1.0	0.0	3.0					
2248.644	7.389000000000124	trials	3.0	2250.374899	2251.8813179999997	2254.575256	2256.1169649999997	2247.553384	2253.013866			3.0	2.0	0.0	3.0					
2256.823	8.233999999999924	trials	3.0	2259.514877	2260.600472	2264.569453	2265.14381	2258.934343	2263.6031669999998			3.0	1.0	0.0	3.0					
2268.823	9.35400000000027	trials	3.0	2272.7077449999997	2274.611062	2277.4959989999998	2278.259911	2271.978822	2276.0811869999998			2.0	2.0	0.0	3.0					
2280.802	15.940999999999804	trials	3.0	2287.6310909999997	2289.207902	2296.447544	2296.789774	2286.803945	2294.691272			2.0	1.0	0.0	3.0					
2299.752	8.320999999999913	trials	3.0	2305.614346	2306.071672			2304.773752	2306.0603229999997			2.0		0.0	2.0					
2312.148	17.554000000000087	trials	3.0	2322.6850409999997	2324.666936	2327.6952459999998	2327.973154	2321.8159659999997	2326.075119	2328.392	2329.702	3.0	2.0	1.0	1.0					
2331.792	13.150000000000091	trials	3.0	2338.924958	2340.850511	2343.7709999999997	2345.027467	2338.095119	2341.76007			3.0	2.0	0.0	3.0					
2346.101	12.096999999999753	trials	3.0	2352.560328	2354.026947	2356.192834	2356.406239	2351.957519	2355.5018529999998	2356.868	2358.198	2.0	1.0	1.0	1.0					
2361.266	16.92599999999993	trials	3.0	2369.585353	2371.3686789999997	2375.920204	2376.1469279999997	2368.69242	2373.825007			3.0	2.0	0.0	3.0					
2378.267	11.0600000000004	trials	3.0	2383.501377	2385.663319	2387.446944	2387.696175	2382.824983	2386.700986	2388.047	2389.327	2.0	1.0	1.0	1.0					
2393.417	9.125	trials	3.0	2396.415445	2397.762799	2402.241013	2402.448469	2395.8731279999997	2400.623356			3.0	1.0	0.0	3.0					
2404.567	10.224999999999909	trials	3.0	2407.444951	2408.571151	2414.237847	2414.878255	2406.603466	2410.938163			3.0	2.0	0.0	3.0					
2417.542	12.360000000000127	trials	3.0	2423.805452	2425.201557	2429.599846	2429.9381719999997	2423.088805	2425.801066			3.0	2.0	0.0	3.0					
2433.912	17.02500000000009	trials	3.0	2443.295564	2444.54605	2448.691587	2448.980638	2442.5917649999997	2447.8455369999997			3.0	1.0	0.0	3.0					
2451.102	9.420000000000073	trials	3.0	2452.9257749999997	2454.451696	2459.3686239999997	2459.594168	2451.023533	2457.173487			2.0	2.0	0.0	3.0					
2462.738	11.495000000000346	trials	3.0	2468.1905739999997	2469.987939	2473.234024	2473.359136	2467.525632	2472.438495			2.0	1.0	0.0	3.0					
2476.562	10.085000000000036	trials	3.0	2479.5554589999997	2481.5390979999997	2486.4023039999997	2488.730395	2478.5679339999997	2484.5025			2.0	2.0	0.0	3.0					
2488.647	17.360000000000127	trials	3.0	2498.550883	2500.4625849999998	2505.706067	2505.853143	2497.7458619999998	2504.353474			2.0	1.0	0.0	3.0					
2510.012	9.46499999999969	trials	3.0	2511.900595	2513.2675679999998	2517.71686	2517.827635	2510.507511	2516.731749	2518.332	2519.477	2.0	1.0	1.0	1.0					
2523.573	18.269000000000233	trials	3.0	2531.084626	2532.4228869999997	2539.55976	2540.133645	2530.4308269999997	2535.707632	2540.283	2541.842	3.0	2.0	1.0	1.0					
2544.917	19.809999999999945	trials	3.0	2557.5757369999997	2558.7443829999997	2563.71063	2564.8120169999997	2556.8158759999997	2560.9164699999997			3.0	2.0	0.0	3.0					
2567.022	11.86999999999989	trials	3.0	2571.9710849999997	2573.83473	2576.325106	2577.053707	2571.22738	2575.399044			3.0	1.0	0.0	3.0					
2579.569	7.878999999999905	trials	3.0	2581.412362	2582.8075089999998	2586.713461	2586.8065229999997	2578.9772909999997	2584.751596			3.0	1.0	0.0	3.0					
2589.252	13.280999999999949	trials	3.0	2595.166573	2596.598248	2600.832775	2600.970229	2594.346759	2599.682847	2601.357	2602.533	2.0	1.0	1.0	1.0					
2604.618	13.744000000000142	trials	3.0	2609.832783	2611.459383	2618.124841	2618.230642	2609.0265839999997	2616.460855			2.0	1.0	0.0	3.0					
2622.372	11.661000000000058	trials	3.0	2624.136298	2626.102926	2633.569418	2634.1166559999997	2622.911372	2629.081897			2.0	2.0	0.0	3.0					
2635.877	7.764999999999873	trials	3.0	2639.7714309999997	2641.411775	2643.392628	2643.5445689999997	2638.8498729999997	2642.2634049999997			2.0	1.0	0.0	3.0					
2646.722	19.419999999999618	trials	3.0	2659.436389	2661.1083869999998	2665.896436	2666.119629	2658.714883	2664.739767			2.0	1.0	0.0	3.0					
2669.222	10.225999999999658	trials	3.0	2671.216715	2673.142411	2677.447695	2677.798929	2669.650279	2674.086747	2678.132	2679.448	3.0	2.0	1.0	1.0					
2681.467	18.00500000000011	trials	3.0	2688.337019	2689.4259629999997	2698.423129	2698.86264	2687.603143	2692.039966			3.0	2.0	1.0	1.0					
2701.993	20.769000000000233	trials	3.0	2716.79692	2718.371428	2722.231436	2722.8492659999997	2716.1731769999997	2719.403853			2.0	2.0	0.0	3.0					
2725.472	7.389999999999873	trials	3.0	2727.201264	2728.698061	2732.614102	2732.852464	2726.221813	2731.499056			3.0	1.0	0.0	3.0					
2736.891	9.346000000000004	trials	3.0	2738.646589	2740.26809	2745.342801	2746.3236199999997	2736.97459	2742.3853529999997			3.0	2.0	0.0	3.0					
2748.707	8.579999999999927	trials	3.0	2752.5471399999997	2754.116193	2757.052247	2757.186251	2751.548209	2755.808465			3.0	1.0	0.0	3.0					
2759.292	13.655999999999949	trials	3.0	2767.571383	2769.190345	2771.964269	2772.2364279999997	2767.035697	2769.542682			3.0	2.0	1.0	1.0					
2775.547	15.835000000000036	trials	3.0	2784.833523	2786.5780569999997	2790.453821	2791.470309	2784.1731689999997	2787.304716			2.0	2.0	0.0	3.0					
2792.692	18.271000000000186	trials	3.0	2803.437171	2804.733099	2808.787771	2808.925719	2802.690806	2807.962192	2809.517	2810.963	2.0	1.0	1.0	1.0					
2814.832	13.940000000000055	trials	3.0	2822.240226	2823.325487	2828.2395779999997	2828.858092	2821.3507059999997	2824.670428			2.0	2.0	0.0	3.0					
2832.473	17.31899999999996	trials	3.0	2839.288473	2840.8081979999997	2849.0140619999997	2849.877774	2838.68259	2843.70792			3.0	2.0	0.0	3.0					
2852.277	13.880999999999858	trials	3.0	2859.347524	2860.9809419999997	2864.6145509999997	2866.247203	2858.356404	2862.516706			3.0	2.0	0.0	3.0					
2868.212	7.255000000000109	trials	3.0	2870.146974	2871.776704	2873.3600699999997	2873.581189	2868.616743	2872.485256	2874.057	2875.467	2.0	1.0	1.0	1.0					
2878.549	16.64300000000003	trials	3.0	2886.7486169999997	2888.1039339999998	2892.80878	2893.0190789999997	2886.043231	2891.781476	2893.542	2895.192	2.0	1.0	1.0	1.0					
2899.232	14.13000000000011	trials	3.0	2903.402373	2904.634192	2911.1298189999998	2911.502042	2902.4172799999997	2907.913362	2911.752	2913.362	3.0	2.0	1.0	1.0					
2915.438	15.153999999999996	trials	3.0	2923.132857	2924.791553	2929.7808179999997	2930.678167	2922.585964	2925.266591			2.0	2.0	0.0	3.0					
2933.151	6.717000000000098	trials	3.0	2934.838122	2936.753034	2939.621677	2939.833948	2934.1569219999997	2938.508211			3.0	1.0	0.0	3.0					
2941.877	11.190000000000055	trials	3.0	2944.459213	2946.076917	2952.723252	2953.155438	2943.657237	2947.275536			3.0	2.0	0.0	3.0					
2955.982	21.590999999999894	trials	3.0	2973.277491	2974.4519969999997	2977.282174	2977.40693	2972.293663	2976.3732849999997			2.0	1.0	0.0	3.0					
2979.595	7.26700000000028	trials	3.0	2981.383041	2982.881793	2985.039798	2985.194764	2980.080756	2983.9463699999997	2985.702	2986.862	2.0	1.0	1.0	1.0					
2990.948	13.483999999999924	trials	3.0	2994.192721	2995.7015499999998	3003.3851299999997	3004.518337	2993.5449209999997	2998.692145			3.0	2.0	0.0	3.0					
3006.722	10.435999999999694	trials	3.0	3011.322419	3012.9651369999997	3016.621435	3016.8626529999997	3010.475767	3015.3359259999997			3.0	1.0	0.0	3.0					
3019.207	13.701000000000022	trials	3.0	3023.838202	3024.988722	3031.580146	3032.997043	3023.004566	3027.4556039999998			3.0	2.0	0.0	3.0					
3035.813	65.54899999999998	trials	3.0	3094.213336	3095.3399259999997	3098.329891	3098.604273	3093.3044489999997	3096.56101	3098.972	3101.362	3.0	2.0	1.0	1.0					
3104.107	11.320000000000164	trials	3.0	3108.468861	3109.661804	3112.2037809999997	3112.4201249999996	3107.606656	3111.0876449999996			2.0	1.0	0.0	3.0					
3116.537	7.675000000000182	trials	3.0	3118.6031529999996	3120.1045799999997	3123.107032	3124.249014	3115.4653329999996	3120.752892			3.0	2.0	0.0	3.0					
3125.472	6.614999999999782	trials	3.0	3128.458409	3130.1306409999997	3131.739667	3131.819056	3127.560478	3130.693683			2.0	1.0	0.0	3.0					
3134.157	8.864999999999782	trials	3.0	3136.3178949999997	3137.4245539999997	3141.062579	3141.1728639999997	3135.7879329999996	3139.7886479999997	3141.712	3143.022	2.0	1.0	1.0	1.0					
3146.037	15.50500000000011	trials	3.0	3152.5346459999996	3153.8761189999996	3160.318875	3161.582892	3151.6048039999996	3156.9139099999998			2.0	2.0	0.0	3.0					
3163.737	6.210999999999785	trials	3.0	3165.428478	3166.439763	3169.6658519999996	3169.871283	3164.9060759999998	3168.5479499999997			2.0	1.0	0.0	3.0					
3172.027	12.090999999999894	trials	3.0	3175.0035159999998	3176.6711999999998	3181.835529	3182.194071	3174.4253649999996	3178.465593	3182.502	3184.118	3.0	2.0	1.0	1.0					
3188.237	17.184999999999945	trials	3.0	3198.994386	3200.35157	3205.1427329999997	3205.386017	3198.459423	3201.3065349999997			3.0	2.0	0.0	3.0					
3209.457	13.786000000000058	trials	3.0	3212.52819	3213.8325659999996	3222.897078	3223.240754	3211.7089619999997	3218.026594			3.0	2.0	0.0	3.0					
3225.323	7.269000000000233	trials	3.0	3227.543772	3229.2060819999997	3232.246909	3232.2913959999996	3226.5406009999997	3231.3521779999996			2.0	1.0	0.0	3.0					
3234.613	8.964000000000397	trials	3.0	3236.535226	3238.385527	3241.507936	3241.5872679999998	3235.3469079999995	3240.659812	3242.182	3243.577	2.0	1.0	1.0	1.0					
3246.667	16.934999999999945	trials	3.0	3259.098861	3260.3614839999996	3262.4987239999996	3262.6080939999997	3258.3617689999996	3261.4121859999996			2.0	1.0	1.0	1.0					
3267.067	24.199999999999818	trials	3.0	3282.0139929999996	3283.2938219999996	3289.2039449999997	3289.506982	3281.295486	3285.363085	3289.766	3291.267	3.0	2.0	1.0	1.0					
3293.323	24.774000000000342	trials	3.0	3310.1606439999996	3311.706081	3314.7516819999996	3314.8654589999996	3309.242884	3313.708291			2.0	1.0	0.0	3.0					
3319.104	8.033000000000357	trials	3.0	3321.1087239999997	3322.423543	3324.821728	3325.0764419999996	3318.133965	3322.87549	3325.577	3327.137	3.0	2.0	1.0	1.0					
3329.222	22.08499999999958	trials	3.0	3345.144371	3347.0831949999997	3350.3952539999996	3351.347664	3344.432323	3348.033282			3.0	2.0	0.0	3.0					
3353.722	9.984999999999673	trials	3.0	3355.393936	3357.3761889999996	3359.491294	3359.6285709999997	3354.4059819999998	3358.524763			2.0	1.0	0.0	3.0					
3363.862	33.94999999999982	trials	3.0	3392.1345599999995	3393.403711	3396.7634409999996	3396.978796	3391.1735499999995	3394.399529			3.0	2.0	1.0	1.0					
3400.347	23.299999999999727	trials	3.0	3417.5893539999997	3419.308462	3421.70745	3421.938529	3416.699299	3420.34615	3422.357	3423.647	2.0	1.0	1.0	1.0					
3426.704	21.597999999999956	trials	3.0	3443.794822	3445.0818219999996	3447.949929	3448.3426389999995	3443.097348	3446.0732789999997			2.0	2.0	0.0	3.0					
3451.38	9.237999999999829	trials	3.0	3455.5295189999997	3456.6665399999997	3460.2764319999997	3460.513954	3455.0068469999997	3459.2786969999997			3.0	1.0	0.0	3.0					
3463.698	6.0090000000000146	trials	3.0	3465.319741	3466.5915449999998	3469.6045799999997	3470.32487	3464.597809	3468.5050389999997			2.0	1.0	0.0	3.0					
3473.898	49.44399999999996	BlockDesign														1.0	202.0	206.0	0.0	0.0
3473.898	6.368999999999687	trials	4.0	3475.7100939999996	3477.0018099999998	3479.0755029999996	3480.3044549999995	3474.787832	3477.74635			2.0	2.0	0.0	3.0					
3483.452	6.746999999999844	trials	4.0	3486.509623	3488.2878769999998	3489.8068359999997	3489.8931799999996	3485.889453	3488.9605659999997			2.0	1.0	0.0	3.0					
3494.113	10.789000000000215	trials	4.0	3496.0643469999995	3498.0043229999997	3502.2403109999996	3502.4842989999997	3495.3054589999997	3501.3895239999997			2.0	1.0	0.0	3.0					
3505.578	6.253999999999905	trials	4.0	3507.4442769999996	3508.7118229999996	3511.0014429999997	3511.871529	3504.9404649999997	3509.0536989999996			2.0	2.0	0.0	3.0					
3514.436	8.905999999999949	trials	4.0	3518.474602	3519.7217459999997	3523.2410409999998	3523.3767639999996	3517.5646269999997	3522.2096109999998			2.0	1.0	0.0	3.0					
3526.739	72.13799999999992	BlockDesign														1.0	207.0	212.0	0.0	0.0
3526.739	6.157999999999902	trials	5.0	3528.444388	3529.8940569999995	3531.761248	3532.934277	3527.1124379999997	3530.558659			3.0	2.0	0.0	3.0					
3536.143	20.648999999999887	trials	5.0	3549.0913769999997	3550.8629009999995	3555.113316	3556.832473	3548.2598689999995	3553.040932			3.0	2.0	0.0	3.0					
3558.47	8.287000000000262	trials	5.0	3560.719819	3562.3782819999997	3565.778759	3566.017116	3559.751167	3564.2182439999997			3.0	1.0	0.0	3.0					
3570.485	5.777000000000044	trials	5.0	3572.4203319999997	3574.2927649999997			3570.9829919999997	3574.275678			3.0		0.0	2.0					
3580.328	9.583999999999833	trials	5.0	3583.2951729999995	3585.196451	3588.6030509999996	3589.9538829999997	3582.4993609999997	3586.9668009999996			3.0	2.0	0.0	3.0					
3591.968	6.9090000000001055	trials	5.0	3593.997309	3596.0022719999997	3598.6919369999996	3598.9186929999996	3592.606563	3597.7551249999997			3.0	1.0	0.0	3.0					
3602.018	743.0389999999998	BlockDesign														1.0	213.0	252.0	50.0	50.0
3602.018	8.047000000000025	trials	6.0	3604.7565029999996	3606.413569	3609.2100389999996	3610.1037509999996	3604.208538	3608.1231989999997			2.0	1.0	0.0	3.0					
3612.582	22.75	trials	6.0	3627.715324	3629.5005029999998	3634.9715349999997	3635.078072	3626.922679	3633.7765769999996			2.0	1.0	0.0	3.0					
3638.339	7.572999999999865	trials	6.0	3639.9048719999996	3641.4910729999997	3643.971901	3644.2515839999996	3638.688355	3641.9243859999997	3644.787	3645.912	3.0	2.0	1.0	1.0					
3648.008	24.065000000000055	trials	6.0	3667.4118989999997	3669.2729529999997	3670.989928	3671.113684	3666.725591	3669.965054			2.0	1.0	1.0	1.0					
3676.542	24.0	trials	6.0	3692.7908549999997	3694.613555	3698.3564189999997	3698.762656	3692.02897	3695.2340369999997	3699.02	3700.542	3.0	2.0	1.0	1.0					
3702.637	18.774999999999636	trials	6.0	3716.3509209999997	3717.7646179999997	3720.0888379999997	3721.455709	3715.7590299999997	3718.430257			3.0	2.0	0.0	3.0					
3722.472	8.379999999999654	trials	6.0	3725.920733	3727.979016	3730.5730799999997	3730.768541	3725.2101299999995	3729.6061109999996			3.0	1.0	0.0	3.0					
3734.893	6.088999999999942	trials	6.0	3736.5701529999997	3738.045859	3739.8802299999998	3741.0204129999997	3735.406768	3738.584101			2.0	2.0	0.0	3.0					
3742.225	8.438000000000102	trials	6.0	3744.7910819999997	3746.8223279999997	3748.503702	3748.6762	3744.213073	3747.6458949999997	3749.207	3750.663	2.0	1.0	1.0	1.0					
3752.752	30.01000000000022	trials	6.0	3775.090819	3776.4236849999998	3780.694572	3780.919911	3774.475963	3778.125569	3781.412	3782.762	3.0	2.0	1.0	1.0					
3785.783	19.32400000000007	trials	6.0	3799.9008369999997	3801.4313819999998	3804.4397019999997	3805.1500379999998	3798.9400659999997	3801.963436			3.0	2.0	0.0	3.0					
3807.752	11.110000000000127	trials	6.0	3809.820468	3810.923242	3814.7544949999997	3815.543334	3809.0249949999998	3813.8105929999997			3.0	1.0	0.0	3.0					
3819.127	5.929999999999836	trials	6.0	3820.9457239999997	3822.567772	3824.449326	3825.097111	3818.903851	3822.996781			3.0	2.0	0.0	3.0					
3828.813	38.76899999999978	trials	6.0	3859.6957949999996	3861.1331039999995	3865.56423	3865.6322899999996	3858.9318279999998	3864.663949	3866.187	3867.582	2.0	1.0	1.0	1.0					
3870.658	16.920000000000073	trials	6.0	3883.836856	3885.4489029999995	3887.275041	3887.4553149999997	3883.2219349999996	3885.824979			2.0	1.0	0.0	3.0					
3889.663	11.659999999999854	trials	6.0	3895.391068	3897.46982	3900.942283	3901.1223609999997	3894.827109	3899.7490749999997			2.0	1.0	0.0	3.0					
3904.401	10.297000000000025	trials	6.0	3907.8677709999997	3909.821662	3912.544207	3912.9872649999998	3907.1163859999997	3910.4140439999996	3913.217	3914.698	3.0	2.0	1.0	1.0					
3917.802	24.259999999999764	trials	6.0	3936.078087	3937.630413	3941.4964809999997	3942.1035519999996	3935.356356	3938.3411819999997			3.0	2.0	0.0	3.0					
3943.788	8.09900000000016	trials	6.0	3946.921912	3948.063198	3951.5982129999998	3951.786832	3946.050856	3950.101558			2.0	1.0	0.0	3.0					
3955.897	8.269999999999982	trials	6.0	3957.775198	3959.1200519999998	3961.986884	3962.13937	3956.3070609999995	3961.009471	3962.627	3964.167	2.0	1.0	1.0	1.0					
3968.189	31.728000000000065	trials	6.0	3994.101385	3995.624172	3999.152478	3999.9613329999997	3993.5152719999996	3996.7098809999998			3.0	2.0	0.0	3.0					
4002.568	8.668999999999869	trials	6.0	4004.556474	4006.365277	4009.292392	4009.54438	4002.9630279999997	4007.273425	4010.127	4011.237	3.0	2.0	1.0	1.0					
4013.257	23.940999999999804	trials	6.0	4031.4532329999997	4033.138501	4035.4323699999995	4035.5658809999995	4030.6857819999996	4034.090906	4036.212	4037.198	2.0	1.0	1.0	1.0					
4039.222	21.350999999999658	trials	6.0	4057.3684329999996	4058.536725	4060.3044069999996	4060.5352359999997	4056.714798	4059.399067			2.0	1.0	0.0	3.0					
4063.632	7.1909999999998035	trials	6.0	4065.3323619999996	4066.4291019999996	4068.563707	4068.949836	4064.0399669999997	4067.2947299999996	4069.232	4070.823	3.0	2.0	1.0	1.0					
4073.847	19.254999999999654	trials	6.0	4089.5919699999995	4091.438623	4092.7022529999995	4092.975588	4088.855029	4091.8236269999998			2.0	1.0	0.0	3.0					
4095.067	10.9350000000004	trials	6.0	4099.856614	4101.108085	4103.791875999999	4103.949787	4099.021847	4102.625526	4104.497	4106.002	2.0	1.0	1.0	1.0					
4109.968	17.554000000000087	trials	6.0	4123.821577	4125.0608919999995	4127.098119	4127.490642	4123.275339	4125.685197999999			2.0	1.0	0.0	3.0					
4129.523	5.878999999999905	trials	6.0	4131.368705999999	4132.688736	4134.320331999999	4135.443765	4130.115511	4133.068434			3.0	2.0	0.0	3.0					
4137.737	6.529999999999745	trials	6.0	4140.163769999999	4142.176486	4143.98881	4144.1728029999995	4139.429028	4143.016696			3.0	1.0	0.0	3.0					
4148.277	7.489999999999782	trials	6.0	4150.9626769999995	4152.574767	4154.416827999999	4155.8084739999995	4150.227725	4153.160725			2.0	2.0	0.0	3.0					
4156.752	27.375	trials	6.0	4177.20375	4178.749218	4181.8331069999995	4182.190612	4176.267639	4179.409627	4182.448	4184.127	3.0	2.0	1.0	1.0					
4187.203	23.933999999999287	trials	6.0	4204.322099	4205.89851	4208.754411	4209.22746	4203.638091999999	4206.868023999999	4209.662	4211.137	3.0	2.0	1.0	1.0					
4213.158	28.22899999999936	trials	6.0	4235.637964	4237.318968	4240.072854	4241.4311179999995	4235.131585	4237.883166			3.0	2.0	0.0	3.0					
4242.427	8.950000000000728	trials	6.0	4246.737671999999	4248.338804	4250.952748	4251.4189289999995	4246.0713989999995	4249.74373			3.0	1.0	0.0	3.0					
4255.314	9.027999999999338	trials	6.0	4256.906997	4258.82532	4262.017816	4262.21291	4255.767594999999	4261.060654	4262.698	4264.342	2.0	1.0	1.0	1.0					
4267.362	24.48999999999978	trials	6.0	4282.387767	4284.169576	4289.9336969999995	4290.125964	4281.571678	4288.083547	4290.627	4291.852	3.0	2.0	1.0	1.0					
4294.897	20.590000000000146	trials	6.0	4309.588119	4311.644745	4313.384360999999	4313.514411	4308.595552	4312.414454	4313.977	4315.487	2.0	1.0	1.0	1.0					
4319.552	17.960000000000036	trials	6.0	4332.7894129999995	4333.980672	4337.075043	4337.354953	4332.181785	4335.59848			2.0	1.0	0.0	3.0					
4339.418	5.639000000000124	trials	6.0	4341.3832409999995	4343.219886999999	4344.967329	4346.048532999999	4339.842762	4343.787354			2.0	2.0	0.0	3.0					
4347.319	2093.437999999999	BlockDesign														1.0	253.0	368.0	50.0	10.0
4347.319	6.842999999999847	trials	7.0	4349.704564	4351.364046	4353.690574	4354.204134	4348.6979679999995	4352.918281			1.0	1.0	0.0	3.0					
4355.982	13.725000000000364	trials	7.0	4362.138057	4363.747093	4368.25635	4369.750413	4361.194759	4366.305585			1.0	2.0	0.0	3.0					
4372.607	9.9350000000004	trials	7.0	4374.977981999999	4376.1596739999995	4379.790864	4380.8585379999995	4374.162708	4378.47357			1.0	1.0	0.0	3.0					
4384.079	19.408000000000357	trials	7.0	4395.773325	4396.859549999999	4401.028783	4403.532007	4395.049913999999	4399.718621			1.0	2.0	0.0	3.0					
4404.422	6.635000000000218	trials	7.0	4406.697655	4408.115521	4410.711131999999	4410.976305	4406.152432	4409.842852			1.0	1.0	0.0	3.0					
4415.067	23.5649999999996	trials	7.0	4431.253506999999	4432.923188	4437.959553	4438.675813	4430.474679999999	4435.677556			1.0	2.0	0.0	3.0					
4440.252	9.349999999999454	trials	7.0	4442.612961999999	4443.713261999999	4447.611696	4447.779818	4441.8948869999995	4446.165940999999	4448.323	4449.602	1.0	1.0	1.0	1.0					
4451.62	30.413000000000466	trials	7.0	4476.308476	4477.876469999999	4481.410959	4482.07385	4475.390253	4479.370790999999			1.0	2.0	0.0	3.0					
4483.927	16.19500000000062	trials	7.0	4494.168691	4495.885671	4499.8482109999995	4502.321685999999	4493.175207	4497.617862			1.0	2.0	0.0	3.0					
4502.141	8.501000000000204	trials	7.0	4504.613063999999	4506.292477	4508.786889999999	4508.924179	4503.8457929999995	4507.778472	4509.377	4510.642	1.0	1.0	1.0	1.0					
4512.719	28.20299999999952	trials	7.0	4533.833955	4535.857583	4539.589273	4540.525141	4533.017592	4537.088460999999			1.0	2.0	0.0	3.0					
4542.942	7.699999999999818	trials	7.0	4546.218739	4548.2384759999995	4550.003280999999	4550.685993	4545.591748	4549.158563999999			1.0	1.0	0.0	3.0					
4554.347	7.795000000000073	trials	7.0	4557.245284	4559.200672	4561.467108999999	4562.18605	4556.288746	4559.531078			1.0	2.0	0.0	3.0					
4565.747	16.734999999999673	trials	7.0	4573.62068	4575.247174	4580.44852	4582.524652	4572.927885	4576.6928769999995			1.0	2.0	0.0	3.0					
4583.792	9.085000000000036	trials	7.0	4586.943748	4588.613529	4590.856491	4591.094685	4585.94426	4589.948581	4591.517	4592.877	1.0	1.0	1.0	1.0					
4595.897	11.221000000000458	trials	7.0	4601.2385939999995	4602.437403	4606.31499	4606.539666	4600.477969	4605.200047			1.0	1.0	0.0	3.0					
4610.124	6.693000000000211	trials	7.0	4611.929088999999	4613.876862	4616.160097	4616.859603999999	4610.703283	4615.020205			1.0	1.0	0.0	3.0					
4620.449	6.834000000000742	trials	7.0	4622.165505	4623.594501	4626.57058	4627.326177999999	4620.723301	4624.04088			1.0	2.0	0.0	3.0					
4629.875	15.601999999999862	trials	7.0	4637.734318	4638.909374999999	4643.325858	4643.5399529999995	4636.752096	4642.208208	4643.951	4645.477	1.0	1.0	1.0	1.0					
4647.512	16.49499999999989	trials	7.0	4654.979241999999	4656.959826	4661.450054999999	4661.669577	4654.3862819999995	4658.457147	4662.127	4664.007	1.0	2.0	1.0	1.0					
4665.618	21.318999999999505	trials	7.0	4682.853996	4684.450411	4686.661881999999	4686.787609	4682.318587	4685.591284			1.0	1.0	0.0	3.0					
4690.972	12.055000000000291	trials	7.0	4696.184314	4698.606105999999	4702.322193	4703.072115	4695.335344	4699.014972999999			1.0	2.0	0.0	3.0					
4705.602	7.596000000000458	trials	7.0	4708.0496889999995	4709.398139999999	4711.148508	4711.349394	4707.393687	4710.200509	4711.872	4713.198	1.0	1.0	1.0	1.0					
4715.281	22.850999999999658	trials	7.0	4731.371370999999	4733.3198729999995	4736.122699	4736.260716999999	4730.5778549999995	4735.076422	4736.823	4738.132	1.0	1.0	1.0	1.0					
4742.152	17.519999999999527	trials	7.0	4754.335192	4755.365898	4757.562961	4757.752101	4753.587207	4756.111043999999	4758.182	4759.672	1.0	1.0	1.0	1.0					
4761.756	19.72099999999955	trials	7.0	4776.956147999999	4778.880531999999	4781.148776999999	4781.315215	4776.225514	4779.596119			1.0	1.0	0.0	3.0					
4784.502	101.03099999999995	trials	7.0	4880.215446	4881.713043	4883.795085	4883.855052999999	4879.382437	4882.83796			1.0	2.0	0.0	3.0					
4886.092	7.050000000000182	trials	7.0	4888.475263	4890.426115	4891.328629	4891.459202999999	4887.582571	4890.627025	4891.917	4893.142	1.0	1.0	1.0	1.0					
4897.163	90.27400000000034	trials	7.0	4980.615409	4981.893378	4984.513072	4985.314383	4979.913868	4983.018076			1.0	2.0	0.0	3.0					
4987.942	5.4350000000004	trials	7.0	4989.900318	4991.522394	4992.721243	4993.422504	4987.483604999999	4991.9005019999995			1.0	1.0	0.0	3.0					
4996.122	6.036000000000058	trials	7.0	4998.100504	4999.767489	5001.877479999999	5002.19461	4996.743345999999	5000.1059829999995			1.0	2.0	0.0	3.0					
5005.192	6.675000000000182	trials	7.0	5008.785336999999	5010.030804	5011.459975	5011.8751139999995	5007.934915	5010.69585			1.0	1.0	0.0	3.0					
5013.872	33.052999999999884	trials	7.0	5038.5159699999995	5039.543917	5044.937994	5045.067964	5037.603075	5043.739315	5045.552	5046.925	1.0	1.0	1.0	1.0					
5051.005	19.153000000000247	trials	7.0	5065.565694	5066.713127	5069.877474	5070.086064	5064.6494649999995	5068.223656			1.0	1.0	0.0	3.0					
5073.162	6.880000000000109	trials	7.0	5074.985780999999	5076.032203	5079.210714999999	5080.088718999999	5073.588412	5077.175757999999			1.0	2.0	0.0	3.0					
5081.502	9.615999999999985	trials	7.0	5084.626440999999	5086.687411	5089.000577999999	5089.174712999999	5084.030019	5087.599074	5089.777	5091.118	1.0	1.0	1.0	1.0					
5094.207	28.00500000000011	trials	7.0	5114.490784	5116.035921	5121.88012	5122.016186999999	5113.913210999999	5120.685971			1.0	1.0	0.0	3.0					
5126.288	16.069000000000415	trials	7.0	5132.086735	5133.690277	5140.336625	5140.567161	5131.097170999999	5136.668716	5140.993	5142.357	1.0	2.0	1.0	1.0					
5146.377	29.43499999999949	trials	7.0	5165.801781	5166.898064	5172.08466	5172.796123	5165.152341999999	5169.050085999999			1.0	2.0	0.0	3.0					
5176.422	6.1850000000004	trials	7.0	5178.511699	5180.487744	5182.336405	5182.528591	5175.85988	5180.8771369999995			1.0	1.0	0.0	3.0					
5186.618	18.875	trials	7.0	5198.918041	5200.41561	5204.6959449999995	5205.5370889999995	5198.302492	5201.640702999999			1.0	2.0	0.0	3.0					
5207.977	6.005000000000109	trials	7.0	5209.536054	5210.763601	5213.697541	5213.813835	5208.894308	5212.593210999999			1.0	1.0	0.0	3.0					
5215.988	9.748999999999796	trials	7.0	5219.741357	5221.3175329999995	5223.738942	5223.884257	5219.098040999999	5222.6567589999995	5224.493	5225.737	1.0	1.0	1.0	1.0					
5227.752	24.460000000000036	trials	7.0	5246.0294969999995	5247.906601	5250.241980999999	5250.390651	5245.0786	5248.735483	5250.971	5252.212	1.0	1.0	1.0	1.0					
5255.232	27.199999999999818	trials	7.0	5276.632191	5278.474871	5280.3358769999995	5280.506396999999	5275.663204	5279.382756999999	5281.077	5282.432	1.0	1.0	1.0	1.0					
5285.503	10.329000000000633	trials	7.0	5290.866507	5292.375558	5295.5557659999995	5295.740973	5290.302169	5293.481059			1.0	1.0	0.0	3.0					
5299.837	10.084999999999127	trials	7.0	5303.012307999999	5304.087346	5308.901271	5309.967146	5302.1617909999995	5304.760522			1.0	2.0	0.0	3.0					
5313.304	8.877999999999702	trials	7.0	5316.048069	5317.341215	5320.114081	5320.249942	5315.308018	5318.968569999999	5320.922	5322.182	1.0	1.0	1.0	1.0					
5324.282	14.479999999999563	trials	7.0	5334.877763	5336.039422	5338.418425	5338.607991999999	5334.00765	5337.293556			1.0	1.0	0.0	3.0					
5342.842	8.840000000000146	trials	7.0	5344.566989	5346.328453	5350.853999	5351.728515999999	5343.994164	5347.297186			1.0	2.0	0.0	3.0					
5355.238	34.22400000000016	trials	7.0	5379.912163	5381.561494	5388.865462	5389.512667	5379.398245	5383.8878			1.0	2.0	0.0	3.0					
5391.274	5.70299999999952	trials	7.0	5392.902285	5394.424432	5396.4399809999995	5397.02434	5391.930096	5395.53634			1.0	1.0	0.0	3.0					
5399.777	7.515000000000327	trials	7.0	5401.602692	5402.895151	5405.275894	5405.411678	5400.424086999999	5404.347486	5406.033	5407.292	1.0	1.0	1.0	1.0					
5409.378	18.689000000000306	trials	7.0	5419.06057	5420.362732	5427.223572999999	5428.116585	5418.497739	5422.338958			1.0	2.0	0.0	3.0					
5429.582	9.204999999999927	trials	7.0	5432.842719	5434.758153999999	5436.595423	5436.784798	5431.985495	5435.633269	5437.337	5438.787	1.0	1.0	1.0	1.0					
5442.814	10.832999999999629	trials	7.0	5446.272661	5447.364138	5450.964125	5451.177868	5445.365169999999	5449.909287	5451.712	5453.647	1.0	1.0	1.0	1.0					
5457.743	12.573999999999614	trials	7.0	5463.334326	5464.802073999999	5467.876842	5468.008032	5462.639857	5466.591483	5468.482	5470.317	1.0	1.0	1.0	1.0					
5473.403	10.996999999999389	trials	7.0	5478.439186	5480.078933999999	5483.9734	5484.177168	5477.912844	5482.717113999999			1.0	1.0	0.0	3.0					
5487.401	41.45100000000002	trials	7.0	5520.142909	5521.7859929999995	5525.816280999999	5525.885281	5519.594644	5523.454324			1.0	2.0	0.0	3.0					
5529.128	5.213999999999942	trials	7.0	5530.968226	5532.116962	5533.554034	5534.388507	5528.899108	5532.773123			1.0	1.0	0.0	3.0					
5537.877	13.769999999999527	trials	7.0	5546.928551	5548.5012449999995	5550.92517	5551.695495	5546.234938	5549.07508			1.0	2.0	0.0	3.0					
5553.268	18.15899999999965	trials	7.0	5565.787845999999	5567.837809	5569.539478	5569.614909	5564.811448	5568.716299	5570.057	5571.427	1.0	1.0	1.0	1.0					
5574.448	16.393999999999323	trials	7.0	5582.443569999999	5584.105932	5588.735522	5588.997665999999	5581.491679	5585.456195999999	5589.497	5590.842	1.0	2.0	1.0	1.0					
5593.942	12.09100000000035	trials	7.0	5599.193415	5601.144955	5604.8776419999995	5606.0837169999995	5598.482647	5601.990787			1.0	2.0	0.0	3.0					
5607.402	16.225000000000364	trials	7.0	5614.34854	5615.451075	5623.286011	5623.527555	5613.63693	5617.317548			1.0	2.0	0.0	3.0					
5626.632	12.265000000000327	trials	7.0	5633.295238	5634.707993	5636.522912	5636.771212	5632.447618	5635.522118999999	5637.198	5638.897	1.0	1.0	1.0	1.0					
5642.982	8.911000000000058	trials	7.0	5647.67886	5649.37844	5651.52877	5651.671888	5647.0164509999995	5650.417744			1.0	1.0	0.0	3.0					
5654.862	9.095000000000255	trials	7.0	5656.533162	5657.845498	5663.268409	5664.004994	5655.280479999999	5659.092455			1.0	2.0	0.0	3.0					
5667.622	7.34099999999944	trials	7.0	5669.403423	5670.810342	5672.642392	5672.758425	5667.745935999999	5671.710067	5673.347	5674.963	1.0	1.0	1.0	1.0					
5678.031	11.975999999999658	trials	7.0	5683.828242	5685.118639	5687.665231	5687.766567999999	5683.169451	5686.551286	5688.357	5690.007	1.0	1.0	1.0	1.0					
5694.137	12.44000000000051	trials	7.0	5699.973996999999	5701.205040999999	5703.556449	5703.681978	5699.449699	5702.2774389999995	5704.323	5706.577	1.0	1.0	1.0	1.0					
5708.592	13.865000000000691	trials	7.0	5715.460164	5716.630945	5719.925932	5720.324113	5714.743707	5718.057172	5720.602	5722.457	1.0	1.0	1.0	1.0					
5724.594	11.398000000000138	trials	7.0	5732.0859	5733.529927	5735.771323	5735.894275	5731.460225999999	5734.533448			1.0	1.0	0.0	3.0					
5737.999	11.26299999999992	trials	7.0	5743.413435	5744.672028999999	5746.650742	5746.860412	5742.605415	5745.575589	5747.397	5749.262	1.0	1.0	1.0	1.0					
5753.357	8.725000000000364	trials	7.0	5758.028914	5759.690779	5761.81767	5761.979728	5757.076165	5760.54821			1.0	1.0	0.0	3.0					
5764.113	9.648999999999432	trials	7.0	5766.163629999999	5768.080354	5772.705647999999	5773.6746219999995	5765.191063	5769.022698			1.0	2.0	0.0	3.0					
5775.002	18.63499999999931	trials	7.0	5787.993951	5789.975644	5791.262285999999	5791.422343	5787.069804	5789.9440589999995	5791.962	5793.637	1.0	1.0	1.0	1.0					
5796.729	8.70299999999952	trials	7.0	5801.534098	5803.412367	5805.145011	5805.2089209999995	5800.653607	5803.863265			1.0	1.0	0.0	3.0					
5809.508	12.798999999999978	trials	7.0	5813.809336	5815.185399	5821.659119	5822.356834	5813.008941	5815.839792			1.0	2.0	0.0	3.0					
5824.012	6.025000000000546	trials	7.0	5826.219647	5828.021607999999	5829.759050999999	5829.891771	5825.264244	5828.816793			1.0	1.0	0.0	3.0					
5834.044	10.922999999999774	trials	7.0	5839.091673999999	5840.405796999999	5844.302917	5844.910566	5838.144817	5842.512472			1.0	1.0	0.0	3.0					
5847.977	12.885000000000218	trials	7.0	5854.60063	5855.985876999999	5860.3763309999995	5860.910566	5853.956935	5856.510681			1.0	2.0	0.0	3.0					
5863.783	51.289999999999964	trials	7.0	5909.354600999999	5910.521713	5913.874569	5915.118946	5908.745669	5912.630824			1.0	2.0	0.0	3.0					
5917.281	9.935999999999694	trials	7.0	5923.715026	5925.260441	5926.861819	5927.2606479999995	5923.063936	5925.614416			1.0	2.0	0.0	3.0					
5930.246	19.6220000000003	trials	7.0	5944.279634	5946.257602	5947.666572	5947.774824	5943.351945	5946.790365999999	5948.432	5949.868	1.0	1.0	1.0	1.0					
5952.86	12.412000000000262	trials	7.0	5959.0349129999995	5960.975254	5963.203254	5963.419635	5958.232663	5961.457727	5964.027	5965.272	1.0	1.0	1.0	1.0					
5967.328	11.61999999999989	trials	7.0	5973.4700379999995	5975.3209	5976.597299999999	5976.813925	5972.523875999999	5975.663608	5977.283	5978.948	1.0	1.0	1.0	1.0					
5982.037	10.474999999999454	trials	7.0	5987.842909	5989.678414	5992.243869	5992.511962	5987.028633	5990.4030569999995			1.0	1.0	0.0	3.0					
5994.519	4.501999999999498	trials	7.0	5996.815231	5996.897054999999			5996.100876	5996.8849979999995			1.0		0.0	2.0					
6002.943	22.198999999999614	trials	7.0	6017.546512	6019.206606	6024.394973	6025.193787	6017.021835	6019.943635			1.0	2.0	0.0	3.0					
6026.743	19.068999999999505	trials	7.0	6041.074963999999	6042.7572789999995	6045.537065	6045.662662	6040.277805	6044.118258			1.0	1.0	0.0	3.0					
6047.823	16.578999999999724	trials	7.0	6058.390953	6060.291732	6061.780500999999	6061.911635	6057.500058	6060.90969	6062.402	6064.402	1.0	1.0	1.0	1.0					
6068.297	28.550000000000182	trials	7.0	6093.855573999999	6095.280459	6096.508216	6096.61161	6092.92927	6095.639218			1.0	1.0	0.0	3.0					
6099.877	12.449999999999818	trials	7.0	6106.240834	6107.47716	6110.208285	6110.439322	6105.716334	6109.269183	6110.763	6112.327	1.0	1.0	1.0	1.0					
6116.347	13.601000000000568	trials	7.0	6126.591230999999	6128.537871999999	6129.711208999999	6129.9184079999995	6126.0000199999995	6128.878032999999			1.0	1.0	0.0	3.0					
6132.023	6.425000000000182	trials	7.0	6134.2610349999995	6135.721258	6138.017080999999	6138.524434999999	6133.575088999999	6136.183375999999			1.0	2.0	0.0	3.0					
6142.417	9.384999999999309	trials	7.0	6148.215964999999	6149.382763999999	6151.5090279999995	6151.747205	6147.437856999999	6150.560944			1.0	1.0	0.0	3.0					
6155.881	6.286000000000058	trials	7.0	6157.645944999999	6159.397435999999	6161.000921	6161.112869	6156.944970999999	6159.814022			1.0	2.0	0.0	3.0					
6165.331	6.395999999999731	trials	7.0	6167.4961889999995	6169.469585	6170.687494	6170.759593999999	6166.985425999999	6169.833439999999			1.0	1.0	0.0	3.0					
6175.018	9.064000000000306	trials	7.0	6178.26668	6179.482101999999	6183.480479	6184.115548999999	6177.631041999999	6179.818428999999			1.0	2.0	0.0	3.0					
6188.092	10.954999999999927	trials	7.0	6193.926189999999	6195.75134	6198.348166	6199.121931999999	6193.203858999999	6196.895635999999			1.0	1.0	0.0	3.0					
6201.607	10.350000000000364	trials	7.0	6203.867074999999	6205.388467	6210.975783999999	6212.031843999999	6203.170889999999	6206.5774599999995			1.0	2.0	0.0	3.0					
6213.302	6.005000000000109	trials	7.0	6215.926393	6217.660806999999	6219.015409999999	6219.092594	6215.210168	6218.089612			1.0	1.0	0.0	3.0					
6221.323	9.073999999999614	trials	7.0	6225.4476589999995	6226.898518999999	6228.453763999999	6228.538170999999	6224.645326999999	6227.677126999999	6229.062	6230.397	1.0	1.0	1.0	1.0					
6234.45	16.192000000000007	trials	7.0	6243.871509999999	6245.623395999999	6248.444414	6248.609116999999	6242.975944999999	6246.759553999999	6249.022	6250.642	1.0	1.0	1.0	1.0					
6253.787	23.764999999999418	trials	7.0	6269.931712999999	6271.3348399999995	6275.464156999999	6275.6922429999995	6269.119694999999	6272.112846999999	6276.187	6277.552	1.0	1.0	1.0	1.0					
6279.573	38.2559999999994	trials	7.0	6313.198288	6314.503516999999	6317.128720999999	6317.629075	6312.289588999999	6316.077393999999			1.0	1.0	0.0	3.0					
6319.448	11.969000000000051	trials	7.0	6324.436326999999	6326.482843999999	6328.6492929999995	6329.315419999999	6323.777518999999	6326.8472839999995			1.0	2.0	0.0	3.0					
6331.898	6.84900000000016	trials	7.0	6333.613471	6335.568031999999	6336.683956999999	6336.791302999999	6331.492885	6335.856172999999	6337.317	6338.747	1.0	1.0	1.0	1.0					
6340.552	16.499000000000706	trials	7.0	6351.021489999999	6352.449511	6354.632731999999	6354.750746	6350.2804719999995	6353.641000999999	6355.332	6357.051	1.0	1.0	1.0	1.0					
6359.132	15.611000000000786	trials	7.0	6367.980175999999	6369.959193999999	6372.35726	6372.503811999999	6367.1193969999995	6370.479638	6372.932	6374.743	1.0	1.0	1.0	1.0					
6377.829	9.44800000000032	trials	7.0	6383.556677	6385.328726	6386.967339999999	6387.1010639999995	6382.954081	6385.919317			1.0	1.0	0.0	3.0					
6389.287	15.274999999999636	trials	7.0	6399.122490999999	6400.593988	6402.323071999999	6402.448127	6398.583537999999	6401.031322999999	6402.952	6404.562	1.0	1.0	1.0	1.0					
6408.577	9.246000000000095	trials	7.0	6411.797014999999	6413.491510999999	6415.565524999999	6415.695715999999	6411.233181	6414.544999	6416.362	6417.823	1.0	1.0	1.0	1.0					
6420.937	9.864999999999782	trials	7.0	6424.172567999999	6425.393668	6428.798188	6428.962892999999	6423.346379	6427.278093999999	6429.432	6430.802	1.0	1.0	1.0	1.0					
6433.823	6.933999999999287	trials	7.0	6437.327719999999	6438.544107999999	6440.693866999999	6440.820712999999	6436.578006999999	6439.589907999999			1.0	1.0	0.0	3.0					
6444.063	785.3589999999995	BlockDesign														1.0	369.0	412.0	50.0	90.0
6444.063	6.252999999999702	trials	8.0	6445.738619	6447.080179999999	6449.748979999999	6450.395208999999	6444.6912999999995	6447.723445			1.0	2.0	0.0	3.0					
6454.097	10.284999999999854	trials	8.0	6459.457466999999	6461.556935999999	6463.501984999999	6463.628616999999	6458.805764	6462.29685			1.0	1.0	0.0	3.0					
6465.898	15.929000000000087	trials	8.0	6478.972099	6480.084151999999	6481.409865999999	6481.905236999999	6478.44929	6480.5008689999995			1.0	1.0	0.0	3.0					
6484.768	26.381999999999607	trials	8.0	6507.113805999999	6508.179026	6509.237427999999	6509.475871999999	6506.453196999999	6508.470601999999	6509.848	6511.15	1.0	1.0	1.0	1.0					
6514.219	10.658000000000357	trials	8.0	6517.847809999999	6519.308354	6522.6355109999995	6522.929708	6516.875456	6519.945879999999	6523.277	6524.877	1.0	2.0	1.0	1.0					
6526.897	9.984999999999673	trials	8.0	6533.087629999999	6534.807271999999	6536.619323999999	6536.672264	6532.176858999999	6535.505566			1.0	1.0	0.0	3.0					
6539.962	9.3799999999992	trials	8.0	6541.762562999999	6543.2751769999995	6547.0839639999995	6547.506423999999	6541.168215999999	6543.632521999999	6547.747	6549.342	1.0	2.0	1.0	1.0					
6553.391	13.865999999999985	trials	8.0	6558.337818999999	6559.959448999999	6564.928671	6565.355027	6557.445645999999	6560.331010999999	6565.567	6567.257	1.0	2.0	1.0	1.0					
6569.342	12.941000000000713	trials	8.0	6576.482276999999	6578.214956	6579.743195999999	6579.947085999999	6575.833613	6578.559496999999	6580.427	6582.283	1.0	1.0	1.0	1.0					
6583.978	10.720000000000255	trials	8.0	6588.918151999999	6590.421157	6592.462669999999	6592.7800179999995	6588.132089	6590.8077619999995	6593.097	6594.698	1.0	2.0	1.0	1.0					
6598.722	10.329999999999927	trials	8.0	6601.387661	6603.441347999999	6606.616899999999	6606.961127	6600.567496999999	6603.970697	6607.397	6609.052	1.0	2.0	1.0	1.0					
6612.097	13.300000000000182	trials	8.0	6618.138223999999	6620.167192999999	6622.96541	6623.240682999999	6617.190911	6620.455113999999	6623.592	6625.397	1.0	2.0	1.0	1.0					
6628.48	11.277000000000044	trials	8.0	6631.998621999999	6633.436941999999	6637.323176999999	6637.704685	6631.257771999999	6633.578559999999	6637.917	6639.757	1.0	2.0	1.0	1.0					
6643.783	10.338999999999942	trials	8.0	6647.413551	6648.520245999999	6651.159280999999	6651.648937999999	6646.605906	6648.910991	6651.757	6654.122	1.0	2.0	1.0	1.0					
6657.143	17.015000000000327	trials	8.0	6668.326842999999	6669.738958999999	6671.700139	6671.779659999999	6667.331560999999	6670.050260999999	6672.347	6674.158	1.0	1.0	1.0	1.0					
6676.177	11.110000000000582	trials	8.0	6681.078401	6682.991599999999	6684.48734	6684.838615999999	6680.239210999999	6683.240196999999	6685.237	6687.287	1.0	2.0	1.0	1.0					
6691.342	8.201000000000022	trials	8.0	6694.687848999999	6695.761345999999	6698.546305999999	6698.981733999999	6693.828796999999	6696.098752999999			1.0	2.0	1.0	1.0					
6703.017	13.11999999999989	trials	8.0	6708.7184449999995	6710.387373999999	6713.407297999999	6713.685003999999	6707.922694999999	6710.669569	6713.927	6716.137	1.0	2.0	1.0	1.0					
6720.224	9.841999999999643	trials	8.0	6723.308405999999	6725.121330999999			6722.595187999999	6725.108421999999			1.0		0.0	2.0					
6730.158	28.65399999999954	trials	8.0	6755.303462	6756.907123999999	6758.168371999999	6758.8890679999995	6754.419104	6757.290351			1.0	1.0	0.0	3.0					
6760.482	38.70100000000002	trials	8.0	6794.673809	6796.3668	6798.936666999999	6799.208251999999	6794.091793999999	6796.716804999999			1.0	2.0	0.0	3.0					
6802.192	15.77099999999973	trials	8.0	6812.8934659999995	6814.265442	6816.282251	6816.448871	6812.196759999999	6815.40431	6816.922	6817.963	1.0	1.0	1.0	1.0					
6819.982	8.386000000000422	trials	8.0	6824.3036839999995	6826.094101999999	6828.122719999999	6828.296780999999	6823.717589	6827.071800999999			1.0	1.0	0.0	3.0					
6832.377	42.29999999999927	trials	8.0	6869.170587999999	6870.360379999999	6872.668903999999	6872.721248	6868.606612999999	6871.627630999999	6873.368	6874.677	1.0	1.0	1.0	1.0					
6878.768	9.153999999999542	trials	8.0	6883.159535999999	6884.277168999999	6887.400178999999	6888.001821999999	6882.6161649999995	6886.001114			1.0	1.0	0.0	3.0					
6890.732	14.069999999999709	trials	8.0	6901.0239169999995	6902.941389999999	6904.283659999999	6904.439734999999	6900.289478	6903.222760999999			1.0	1.0	0.0	3.0					
6908.531	27.136000000000422	trials	8.0	6921.884706999999	6922.911512	6928.676863	6929.237353999999	6921.346288999999	6924.980764999999	6929.377	6935.667	1.0	2.0	1.0	1.0					
6937.819	19.95299999999952	trials	8.0	6948.648444999999	6950.450191999999	6955.371007	6955.84736	6947.977045	6950.962366	6955.977	6957.772	1.0	2.0	1.0	1.0					
6959.797	22.875	trials	8.0	6968.741268	6970.573934999999	6980.642199	6980.934367	6967.9391319999995	6970.917821999999	6981.312	6982.672	1.0	2.0	1.0	1.0					
6986.707	29.490999999999985	trials	8.0	7009.269534999999	7010.861926	7013.851035999999	7014.254880999999	7008.757237	7011.400981999999	7014.493	7016.198	1.0	2.0	1.0	1.0					
7018.332	12.649999999999636	trials	8.0	7023.624921999999	7025.561269999999	7028.758061999999	7028.994701	7022.973943999999	7026.001934	7029.422	7030.982	1.0	2.0	1.0	1.0					
7033.033	10.10399999999936	trials	8.0	7039.675251	7041.207581999999			7039.0004149999995	7041.203081			1.0		0.0	2.0					
7046.147	6.914999999999964	trials	8.0	7048.290649	7049.917296999999	7051.159099999999	7051.342885999999	7047.374940999999	7050.233146999999	7051.923	7053.062	1.0	1.0	1.0	1.0					
7055.216	13.481999999999971	trials	8.0	7061.724751	7063.628440999999	7066.002944	7066.509024999999	7060.751998	7063.996834	7066.547	7068.698	1.0	2.0	1.0	1.0					
7072.717	17.045000000000073	trials	8.0	7083.5550459999995	7084.681949	7087.264748	7087.753051999999	7082.988087999999	7085.316768999999	7087.847	7089.762	1.0	2.0	1.0	1.0					
7093.792	12.3799999999992	trials	8.0	7098.600140999999	7100.0464489999995	7103.635898999999	7104.087750999999	7098.0562549999995	7100.592874999999	7104.362	7106.172	1.0	2.0	1.0	1.0					
7110.217	14.725000000000364	trials	8.0	7118.701805	7120.611569	7122.517857999999	7123.003841	7118.055396999999	7121.043282999999	7123.082	7124.942	1.0	2.0	1.0	1.0					
7126.962	12.269999999999527	trials	8.0	7132.846114999999	7134.347247999999	7136.679286999999	7137.168234999999	7131.867982	7134.707683	7137.272	7139.232	1.0	2.0	1.0	1.0					
7141.327	12.25500000000011	trials	8.0	7147.295549999999	7148.679848	7151.081800999999	7151.408202	7146.714994999999	7149.052833999999	7151.707	7153.582	1.0	2.0	1.0	1.0					
7156.602	11.75	trials	8.0	7161.260536999999	7162.931546	7165.7527359999995	7166.056549999999	7160.684356	7163.294035999999	7166.397	7168.352	1.0	2.0	1.0	1.0					
7172.422	14.02600000000075	trials	8.0	7179.100794999999	7181.052538	7183.878196	7184.153077999999	7178.5791039999995	7181.493656	7184.573	7186.448	1.0	2.0	1.0	1.0					
7188.463	11.989000000000487	trials	8.0	7193.751375	7195.716667999999	7198.122207999999	7198.362507	7193.04407	7196.152678999999	7198.692	7200.452	1.0	2.0	1.0	1.0					
7202.472	13.175000000000182	trials	8.0	7208.53241	7209.737099999999	7212.881116	7213.114882	7207.842841999999	7210.084059999999	7213.427	7215.647	1.0	2.0	1.0	1.0					
7217.667	11.7549999999992	trials	8.0	7222.836175999999	7224.556825	7226.936602999999	7227.3927459999995	7222.203734999999	7224.883245999999	7227.507	7229.422	1.0	2.0	1.0	1.0					
7232.442	79.09500000000025	BlockDesign														1.0	413.0	417.0	0.0	0.0
7232.442	20.157000000000153	trials	9.0	7248.867699999999	7250.562505999999	7252.247085999999	7252.266165999999	7248.116542999999	7251.182935999999			1.0	1.0	0.0	3.0					
7256.553	8.003999999999905	trials	9.0	7261.032553999999	7262.137143999999	7264.194079999999	7264.639902999999	7260.467213	7262.553601			1.0	2.0	0.0	3.0					
7267.45	13.92200000000048	trials	9.0	7275.55096	7277.179252999999	7280.6623549999995	7281.455263999999	7274.709477999999	7277.716729			1.0	2.0	0.0	3.0					
7286.158	19.588999999999942	trials	9.0	7299.756178999999	7301.0827309999995	7302.915513999999	7303.123237	7298.807140999999	7301.969459			1.0	1.0	0.0	3.0					
7306.252	5.2849999999998545	trials	9.0	7308.400855	7309.447493	7311.475031	7311.947566999999	7307.814565	7309.720342999999			1.0	2.0	0.0	3.0					
7314.792	2479.0009999999993	BlockDesign														1.0	418.0	553.0	10.0	50.0
7314.792	62.125	trials	10.0	7373.2764879999995	7374.7804719999995	7376.039515999999	7376.997696999999	7372.461571	7375.15731			1.0	1.0	0.0	3.0					
7378.408	9.173999999999978	trials	10.0	7381.287414999999	7383.094488999999	7385.209147	7387.663267999999	7380.779215	7383.389313999999			1.0	2.0	0.0	3.0					
7389.563	10.385000000000218	trials	10.0	7395.5569749999995	7397.080005999999	7399.03442	7399.233741999999	7394.708610999999	7397.932035999999			1.0	1.0	0.0	3.0					
7402.287	4.925000000000182	trials	10.0	7404.1319619999995	7405.205161			7403.110143999999	7405.201607999999			1.0		0.0	2.0					
7410.262	19.34100000000035	trials	10.0	7420.101535999999	7421.896621	7429.271467999999	7429.667312	7419.348040999999	7422.168742999999			1.0	2.0	0.0	3.0					
7431.599	6.363000000000284	trials	10.0	7433.502027999999	7434.923524999999	7437.328705	7438.044695	7432.672865	7436.40496			1.0	1.0	0.0	3.0					
7439.692	26.875	trials	10.0	7458.276607	7459.487478999999	7464.098612	7464.590767999999	7457.498027	7461.094767999999	7464.652	7466.567	1.0	2.0	1.0	1.0					
7468.649	20.0029999999997	trials	10.0	7481.502406	7483.092352	7486.417927999999	7486.685989	7480.858318	7483.5098499999995	7487.147	7488.652	1.0	2.0	1.0	1.0					
7491.668	10.999000000000706	trials	10.0	7497.667830999999	7498.883185999999	7501.621450999999	7502.069592	7496.895181	7499.3198059999995			1.0	2.0	1.0	1.0					
7505.097	14.19000000000051	trials	10.0	7515.191844999999	7516.807067999999	7519.050622999999	7519.274132	7514.355748999999	7517.342212			1.0	1.0	0.0	3.0					
7521.294	8.668999999999869	trials	10.0	7523.082388999999	7524.507525999999	7527.5057529999995	7527.968362	7522.454983999999	7524.842455999999	7528.118	7529.963	1.0	2.0	1.0	1.0					
7532.022	12.06500000000051	trials	10.0	7538.994081999999	7540.528570999999	7543.415848999999	7544.170235	7538.118296	7540.981903			1.0	2.0	0.0	3.0					
7547.747	8.979999999999563	trials	10.0	7551.946870999999	7553.063837	7556.417624	7556.708927	7551.020220999999	7554.784674999999			1.0	1.0	0.0	3.0					
7560.737	21.470000000000255	trials	10.0	7574.869060999999	7576.144045999999	7579.514584999999	7580.080324999999	7574.330394	7576.895573	7580.158	7582.207	1.0	2.0	1.0	1.0					
7584.227	7.800000000000182	trials	10.0	7590.071999	7590.099028			7589.269993999999	7590.088299999999			1.0		0.0	2.0					
7594.052	9.200000000000728	trials	10.0	7598.83288	7600.433842999999	7602.143692	7602.5341659999995	7598.287117999999	7600.906642			1.0	2.0	0.0	3.0					
7605.512	10.829999999999927	trials	10.0	7612.017582999999	7613.852563999999	7615.716973999999	7616.222059999999	7611.075467	7614.9125779999995			1.0	1.0	0.0	3.0					
7620.112	25.25	trials	10.0	7640.2733259999995	7641.6918559999995	7644.821188999999	7645.442376999999	7639.458686	7642.326604999999			1.0	2.0	0.0	3.0					
7648.201	6.65099999999984	trials	10.0	7651.638284	7652.7059899999995	7654.546949	7654.691613999999	7650.824027	7653.695460999999			1.0	1.0	0.0	3.0					
7656.86	19.88300000000072	trials	10.0	7669.852988	7671.661404999999	7674.1103539999995	7674.780075999999	7668.959164	7672.743086999999			1.0	1.0	0.0	3.0					
7677.408	7.460000000000036	trials	10.0	7679.442483999999	7680.849582999999	7683.021613999999	7683.197839999999	7676.823778999999	7681.209492999999	7683.592	7684.868	1.0	2.0	1.0	1.0					
7687.939	24.509000000000015	trials	10.0	7705.473373999999	7707.263773	7711.967473	7712.533770999999	7704.815608999999	7708.545579999999			1.0	2.0	0.0	3.0					
7714.217	7.8400000000001455	trials	10.0	7717.163629	7718.354401	7719.934875999999	7720.040833999999	7716.325311999999	7718.774272999999	7720.457	7722.057	1.0	1.0	1.0	1.0					
7723.928	14.84900000000016	trials	10.0	7733.612969	7734.946865	7738.402262	7738.852956999999	7732.734810999999	7736.932787			1.0	1.0	0.0	3.0					
7741.797	7.545000000000073	trials	10.0	7743.852994999999	7745.3859139999995	7748.585322999999	7749.425609	7742.393803999999	7745.838664999999			1.0	2.0	0.0	3.0					
7752.938	5.010000000000218	trials	10.0	7754.643437999999	7755.903235	7757.699621	7757.824296999999	7753.404313999999	7756.784752			1.0	1.0	0.0	3.0					
7760.953	17.36999999999989	trials	10.0	7769.808373999999	7770.960340999999	7777.427995999999	7778.403431999999	7769.212849	7772.753602999999			1.0	2.0	0.0	3.0					
7781.747	42.94599999999991	trials	10.0	7817.495134999999	7819.226686999999	7821.159111999999	7821.3373759999995	7816.6884549999995	7819.797535999999			1.0	1.0	0.0	3.0					
7825.457	11.944999999999709	trials	10.0	7831.745250999999	7833.262621999999	7835.288976999999	7835.652252999999	7830.9021379999995	7833.550512999999	7835.847	7837.402	1.0	2.0	1.0	1.0					
7839.487	16.109999999999673	trials	10.0	7849.153861999999	7850.475694999999	7853.197751	7853.627836	7848.421875999999	7851.067870999999	7853.783	7855.597	1.0	2.0	1.0	1.0					
7858.643	10.189000000000306	trials	10.0	7863.973993	7865.866572999999	7867.951609999999	7868.916958999999	7863.007978999999	7866.1936479999995			1.0	2.0	0.0	3.0					
7872.252	36.5049999999992	trials	10.0	7902.849208999999	7904.8977669999995	7906.84492	7906.990905999999	7902.253849999999	7905.274938999999	7907.448	7908.757	1.0	1.0	1.0	1.0					
7911.829	10.048000000000684	trials	10.0	7916.773638999999	7918.471285	7921.194114999999	7921.962825	7915.846341999999	7918.980020999999			1.0	2.0	0.0	3.0					
7925.457	8.96599999999944	trials	10.0	7927.160414	7929.046119999999	7930.3981269999995	7930.5466719999995	7925.832720999999	7929.408888999999			1.0	1.0	0.0	3.0					
7934.702	5.264999999999418	trials	10.0	7936.594042	7938.435989	7939.666114	7939.970875999999	7934.509066	7938.881227999999			1.0	1.0	0.0	3.0					
7941.987	20.600000000000364	trials	10.0	7955.443848999999	7956.682123999999	7960.317706	7960.7776779999995	7954.646617999999	7957.821338999999	7960.927	7962.587	1.0	2.0	1.0	1.0					
7966.632	12.055000000000291	trials	10.0	7971.469383999999	7973.437308999999	7976.372417	7976.792116	7970.963077999999	7973.844439999999	7976.962	7978.687	1.0	2.0	1.0	1.0					
7982.708	12.66400000000067	trials	10.0	7988.144436999999	7989.777829999999	7993.002462999999	7993.447657999999	7987.167232	7990.151263	7993.687	7995.372	1.0	2.0	1.0	1.0					
7998.487	12.05999999999949	trials	10.0	8002.864063999999	8004.471248	8007.725839999999	8008.224098	8002.025664999999	8004.791195	8008.315	8010.547	1.0	2.0	1.0	1.0					
8014.677	9.39600000000064	trials	10.0	8018.988918999999	8020.822867999999	8023.445881	8024.155440999999	8018.149012999999	8021.1399949999995			1.0	2.0	0.0	3.0					
8026.752	7.613999999999578	trials	10.0	8029.799626999999	8031.2942299999995	8033.979379999999	8034.150664999999	8029.148233	8032.895842999999			1.0	1.0	0.0	3.0					
8038.357	18.301000000000386	trials	10.0	8049.4960519999995	8050.751576	8054.3015589999995	8054.758851999999	8048.744596	8051.944065999999	8054.982	8056.658	1.0	2.0	1.0	1.0					
8060.802	16.61500000000069	trials	10.0	8069.759926999999	8071.416762999999	8074.824922	8075.283595999999	8069.053473999999	8072.2644709999995	8075.432	8077.417	1.0	2.0	1.0	1.0					
8080.462	11.849999999999454	trials	10.0	8085.305241999999	8086.518447999999	8089.367966	8089.851306999999	8084.712979999999	8086.862681	8089.967	8092.312	1.0	2.0	1.0	1.0					
8094.337	11.24499999999989	trials	10.0	8099.595093999999	8101.714644999999	8104.843234999999	8105.6656729999995	8098.8457149999995	8102.002758999999			1.0	2.0	0.0	3.0					
8108.112	10.890000000000327	trials	10.0	8114.979681999999	8116.253494999999	8118.68945	8118.843241999999	8114.275753999999	8117.691142			1.0	1.0	0.0	3.0					
8122.012	6.440000000000509	trials	10.0	8123.755294	8125.502853999999	8127.729535999999	8128.538363	8122.3872679999995	8125.791353			1.0	2.0	0.0	3.0					
8129.982	8.430000000000291	trials	10.0	8132.444748999999	8134.224404	8136.404089	8136.580762	8131.719346999999	8134.897752999999	8137.082	8138.412	1.0	1.0	1.0	1.0					
8142.428	13.804000000000087	trials	10.0	8146.550316999999	8147.811690999999	8153.838344	8154.389716	8145.822768999999	8148.637291999999	8154.602	8156.232	1.0	2.0	1.0	1.0					
8158.252	16.960000000000036	trials	10.0	8171.590316	8173.281383	8174.9768189999995	8175.141658999999	8170.805922	8173.8308449999995			1.0	1.0	0.0	3.0					
8177.237	11.08600000000024	trials	10.0	8179.4353519999995	8180.526446	8185.962658999999	8186.422481	8178.8779269999995	8181.436666	8186.652	8188.323	1.0	2.0	1.0	1.0					
8192.363	10.15900000000147	trials	10.0	8196.59652	8198.271884	8201.468530999999	8201.802400999999	8196.051533	8198.887234999998			1.0	2.0	0.0	3.0					
8204.707	10.661000000000058	trials	10.0	8211.095501	8212.583605	8215.075972999999	8215.278368	8210.267070999998	8213.515421			1.0	1.0	0.0	3.0					
8217.377	66.40999999999985	trials	10.0	8280.372201999999	8281.782208999999			8279.58491	8281.775157			1.0		0.0	2.0					
8285.792	23.94499999999971	trials	10.0	8307.720634	8307.814525999998	8308.907190999998	8309.163062	8306.718907999999	8307.804270999999			1.0		0.0	2.0					
8313.768	32.20900000000074	trials	10.0	8341.805805	8343.583523	8345.530687999999	8346.063155	8341.14271	8344.010909999999			1.0	2.0	0.0	3.0					
8349.891	5.6159999999999854	trials	10.0	8351.755995	8352.854356	8355.217827999999	8355.372286	8350.93118	8354.082155			1.0	1.0	0.0	3.0					
8359.514	6.684000000001106	trials	10.0	8361.475912999998	8363.102767999999	8364.129111999999	8364.438559999999	8360.234185	8363.070064	8364.922	8366.198	1.0	2.0	1.0	1.0					
8369.287	11.661000000000058	trials	10.0	8374.690562	8375.97005	8378.433551999999	8378.917889	8373.950377	8376.52492	8379.052	8380.948	1.0	2.0	1.0	1.0					
8384.972	12.255000000001019	trials	10.0	8389.951072	8391.381807999998	8394.134876	8394.575716	8389.119856	8391.898191999999	8394.732	8397.227	1.0	2.0	1.0	1.0					
8399.252	14.449999999998909	trials	10.0	8406.381125	8408.106698	8410.874956	8411.495039	8405.577405	8408.503153	8411.442	8413.702	1.0	2.0	1.0	1.0					
8415.828	12.3700000000008	trials	10.0	8420.676121999999	8422.445912	8427.401672	8428.281782	8419.804435	8422.830442999999			1.0	2.0	0.0	3.0					
8430.677	10.510000000000218	trials	10.0	8434.35617	8435.556341	8440.751635999999	8441.271872	8433.841472	8438.915609			1.0	1.0	0.0	3.0					
8444.007	7.1200000000008	trials	10.0	8445.781646	8447.717605	8450.397637999999	8451.215317999999	8444.516993	8448.075076			1.0	2.0	0.0	3.0					
8453.657	9.175000000001091	trials	10.0	8459.332912999998	8460.452329	8462.486096999999	8462.729723	8458.457219	8461.157717			1.0	1.0	0.0	3.0					
8464.781	6.711999999999534	trials	10.0	8467.096205	8468.312922	8471.095244	8471.576745999999	8466.577022	8468.877043999999			1.0	2.0	0.0	3.0					
8474.339	19.177999999999884	trials	10.0	8479.301533	8480.683045	8490.657568999999	8491.053742	8478.469763	8485.338093999999	8491.283	8493.517	1.0	2.0	1.0	1.0					
8497.604	10.628000000000611	trials	10.0	8502.163025	8504.201858	8506.481631999999	8508.316176999999	8501.444531	8504.540148			1.0	2.0	0.0	3.0					
8508.752	7.670000000000073	trials	10.0	8511.833079	8513.835146	8516.128083	8516.311690999999	8511.259591999999	8515.040839			1.0	1.0	0.0	3.0					
8518.487	10.68500000000131	trials	10.0	8523.700969	8524.901354	8528.522078	8529.259172	8522.784539	8525.244491			1.0	2.0	0.0	3.0					
8532.891	12.800999999999476	trials	10.0	8542.288063	8543.486347999999	8545.390819	8545.679941999999	8541.437713	8544.288895			1.0	1.0	0.0	3.0					
8549.702	29.570000000001528	trials	10.0	8573.627129	8575.440736	8578.122816	8579.360949999998	8572.803879	8576.230714			1.0	2.0	0.0	3.0					
8582.497	5.440000000000509	trials	10.0	8584.507106	8586.179624	8587.707073	8587.876924	8583.51868	8586.850848			1.0	1.0	0.0	3.0					
8590.942	33.30500000000029	trials	10.0	8617.391762	8619.014441	8622.139992999999	8622.45012	8616.634229	8620.063909	8622.727	8624.247	1.0	2.0	1.0	1.0					
8627.264	26.559000000001106	trials	10.0	8651.847338	8651.900137999999			8651.037865999999	8651.89202			1.0		0.0	2.0					
8656.832	7.9650000000001455	trials	10.0	8659.406653	8661.375184999999	8663.943046999999	8664.882152999999	8658.448712	8661.89113			1.0	2.0	0.0	3.0					
8668.192	5.400000000001455	trials	10.0	8670.288851	8672.119091	8673.309534	8673.460239	8668.829197	8672.338961			1.0	1.0	0.0	3.0					
8675.657	7.27100000000064	trials	10.0	8679.387293	8680.933984			8678.424717999998	8680.929789999998			1.0		0.0	2.0					
8684.953	17.4950000000008	trials	10.0	8697.236831999999	8698.6041	8701.892689999999	8702.533545999999	8696.242957999999	8699.479865			1.0	2.0	0.0	3.0					
8704.202	7.130000000001019	trials	10.0	8706.972473	8708.685032	8710.543738	8711.421747999999	8706.462886	8709.673862			1.0	1.0	0.0	3.0					
8713.828	8.46900000000096	trials	10.0	8715.82706	8717.544707	8721.983008	8722.380238	8714.317307	8717.936993			1.0	2.0	0.0	3.0					
8726.302	10.180000000000291	trials	10.0	8732.237023	8733.487302	8736.237995	8736.4859	8731.543193	8735.266526			1.0	1.0	0.0	3.0					
8739.557	10.569999999999709	trials	10.0	8742.602402	8743.942352	8747.97152	8748.352588999998	8741.776199	8744.677049	8748.527	8750.127	1.0	2.0	1.0	1.0					
8754.177	12.030000000000655	trials	10.0	8758.617167	8760.546832	8765.334017	8766.272275	8758.006588	8760.976594			1.0	2.0	0.0	3.0					
8769.247	6.496000000001004	trials	10.0	8771.657045	8773.312867999999	8775.445415999999	8775.658587999998	8770.806430999999	8774.031438			1.0	1.0	0.0	3.0					
8777.823	8.953999999999724	trials	10.0	8782.763998999999	8784.743384	8785.962832	8786.048422	8782.187895	8785.181051			1.0	1.0	0.0	3.0					
8790.317	11.650000000001455	trials	10.0	8793.848296	8795.68103	8799.644948	8800.061462	8793.136869999998	8796.790125	8800.392	8801.967	1.0	2.0	1.0	1.0					
8804.987	13.015000000001237	trials	10.0	8811.288966	8812.875982	8816.432372	8818.091086999999	8810.520999999999	8813.171722			1.0	2.0	0.0	3.0					
8820.847	8.77100000000064	trials	10.0	8824.164239	8826.104255999999	8828.618437	8828.758006	8823.461081	8826.880044			1.0	1.0	1.0	1.0					
8832.097	58.06999999999971	trials	10.0	8884.357854999998	8886.370189	8889.394628	8890.191246999999	8883.398905999999	8886.782437			1.0	2.0	0.0	3.0					
8894.188	7.010000000000218	trials	10.0	8898.758383999999	8899.864115	8900.962124	8901.149776999999	8898.017824999999	8900.107259			1.0	1.0	0.0	3.0					
8903.268	14.088999999999942	trials	10.0	8910.21818	8912.029921	8916.834584	8917.44464	8909.448441	8912.787531999998			1.0	2.0	0.0	3.0					
8921.073	7.033999999999651	trials	10.0	8924.56772	8925.810023	8927.450738	8928.192589999999	8923.713547	8926.429337			1.0	1.0	0.0	3.0					
8930.753	7.378999999998996	trials	10.0	8932.428334	8934.462026	8935.998082	8938.220508999999	8931.752794	8934.812387			1.0	2.0	0.0	3.0					
8938.236	55.45599999999831	trials	10.0	8986.898299999999	8988.055155	8991.433611999999	8991.727789999999	8986.016905999999	8989.024685	8992.187	8993.692	1.0	2.0	1.0	1.0					
8995.712	11.8700000000008	trials	10.0	9000.96839	9002.914122999999	9005.488145	9005.735927	9000.358279	9003.232145	9006.097	9007.582	1.0	2.0	1.0	1.0					
9011.667	7.9909999999999854	trials	10.0	9014.528042	9016.015189999998	9019.195808	9019.748593999999	9013.759451	9016.411355			1.0	2.0	0.0	3.0					
9022.502	7.889999999999418	trials	10.0	9026.348531	9028.127803	9029.731647	9030.480338	9025.837837	9028.690752999999			1.0	1.0	0.0	3.0					
9033.032	6.900000000001455	trials	10.0	9034.693168	9035.735013	9039.285079	9040.021579999999	9033.526742	9036.533777999999			1.0	2.0	0.0	3.0					
9042.597	21.659999999999854	trials	10.0	9060.313919	9061.645489999999	9064.031788	9064.177478	9059.48011	9062.990845			1.0	1.0	0.0	3.0					
9067.333	6.449999999998909	trials	10.0	9069.178924	9070.410034	9073.234127	9073.872544999998	9067.708802	9070.721695			1.0	2.0	0.0	3.0					
9077.582	29.55999999999949	trials	10.0	9100.693737	9102.425727999998	9105.349927	9105.518446999999	9099.999973999998	9103.657787	9105.952	9107.142	1.0	2.0	1.0	1.0					
9109.238	27.35400000000118	trials	10.0	9131.269115	9133.224850999999	9135.22683	9135.460726	9130.387325	9133.520595999998			1.0	2.0	0.0	3.0					
9138.612	5.675000000001091	trials	10.0	9140.585352	9142.573982	9143.640361	9144.375634	9139.042689999998	9142.769881			1.0	1.0	0.0	3.0					
9146.944	13.129000000000815	trials	10.0	9155.983917	9157.990398999998	9159.759195999999	9159.843979	9155.203553	9158.405827999999			1.0	2.0	0.0	3.0					
9162.147	19.22099999999955	trials	10.0	9175.069174999999	9176.686956	9179.245308	9179.664959	9174.520805	9177.939287	9179.817	9181.368	1.0	2.0	1.0	1.0					
9185.408	13.879000000000815	trials	10.0	9191.120823000001	9192.264153	9196.61598	9197.018052000001	9190.455066	9192.597042000001	9197.283	9199.287	1.0	2.0	1.0	1.0					
9201.332	9.104999999999563	trials	10.0	9206.755526	9207.950034000001	9209.867456000002	9210.458424	9206.111125000001	9208.15862			1.0	2.0	0.0	3.0					
9214.182	8.659999999999854	trials	10.0	9218.097578	9219.562848000001	9222.543222	9222.734982000002	9217.132448	9221.004336000002			1.0	1.0	0.0	3.0					
9224.852	25.76800000000003	trials	10.0	9233.033691	9234.87252	9248.402109	9248.600842000002	9232.268502	9235.221844000002	9249.163	9250.62	1.0	2.0	1.0	1.0					
9252.643	13.838999999999942	trials	10.0	9260.561207	9262.358055	9264.774877000002	9266.500833	9259.719779000001	9262.721021000001			1.0	2.0	0.0	3.0					
9267.192	12.515000000001237	trials	10.0	9275.840659000001	9277.3857	9279.411967000002	9279.688401000001	9275.175489000001	9277.780673000001			1.0	1.0	0.0	3.0					
9283.717	17.514999999999418	trials	10.0	9296.847671000001	9298.164294	9300.364551	9301.251476000001	9296.017686000001	9298.504098000001			1.0	2.0	0.0	3.0					
9302.707	21.920000000000073	trials	10.0	9321.436649000001	9322.997840000002	9324.277654000001	9324.365987000001	9320.608154000001	9323.417117			1.0	1.0	0.0	3.0					
9328.708	16.384000000000015	trials	10.0	9336.106694	9337.962780000002	9342.922996000001	9343.331532	9335.414445	9338.950479000001	9343.524	9345.092	1.0	2.0	1.0	1.0					
9348.113	12.22400000000016	trials	10.0	9354.856534	9356.332665000002	9359.56076	9360.360558	9354.221178000002	9356.985631000001			1.0	2.0	0.0	3.0					
9361.868	10.125	trials	10.0	9367.201340000001	9369.145602	9371.564343000002	9372.014352	9366.267399	9370.010247			1.0	1.0	0.0	3.0					
9375.908	51.27400000000125	trials	10.0	9425.081312	9425.119127000002			9424.186154	9425.108030000001			1.0		0.0	2.0					
9429.207	9.674999999999272	trials	10.0	9432.732078000001	9434.416356000002	9435.592155	9435.754700000001	9432.166011000001	9434.674488			1.0	1.0	0.0	3.0					
9438.912	4.274999999999636	trials	10.0	9440.477225	9441.194952000002			9438.905395000002	9441.182389000001			1.0		0.0	2.0					
9445.192	25.426000000001295	trials	10.0	9463.727355	9465.461607000001	9468.429669000001	9468.739917	9463.056254000001	9466.457619	9469.067	9470.618	1.0	2.0	1.0	1.0					
9472.642	11.75	trials	10.0	9478.091733000001	9480.302958	9481.834002000001	9482.273437000002	9477.576026	9480.569769000002	9482.592	9484.392	1.0	2.0	1.0	1.0					
9487.198	30.868999999998778	trials	10.0	9510.687692000001	9512.556264	9516.921575	9518.087937	9510.103599000002	9513.744696000002			1.0	2.0	0.0	3.0					
9521.292	13.460000000000946	trials	10.0	9527.652320000001	9528.673368000002	9532.590716	9532.912859	9526.667735	9530.148539000002	9533.452	9534.752	1.0	2.0	1.0	1.0					
9536.842	14.824999999998909	trials	10.0	9543.587083	9545.253645	9549.115551	9549.655607	9542.928015000001	9546.519531000002	9549.892	9551.667	1.0	2.0	1.0	1.0					
9555.722	9.909999999999854	trials	10.0	9560.456857000001	9561.888269000001	9564.760953	9565.655191000002	9559.665897	9562.336675			1.0	2.0	0.0	3.0					
9567.183	76.49399999999878	trials	10.0	9639.917396	9641.541421000002	9643.019205	9643.697449000001	9639.364086000001	9642.061446000002			1.0	1.0	0.0	3.0					
9646.388	7.028999999998632	trials	10.0	9648.112767	9649.384002	9651.159474	9651.528449000001	9646.663135	9649.690980000001	9651.842	9653.417	1.0	2.0	1.0	1.0					
9655.552	17.585000000000946	trials	10.0	9668.519199	9669.791388000001	9672.059490000001	9673.162095000002	9667.920876	9670.151645000002			1.0	2.0	0.0	3.0					
9675.448	15.709999999999127	trials	10.0	9686.528355	9687.777528	9690.463290000002	9691.181042	9685.724178	9689.450855000001			1.0	1.0	0.0	3.0					
9693.832	8.06500000000051	trials	10.0	9695.712474000002	9697.609698	9699.666164	9699.943524	9694.243977	9697.942817000001	9700.302	9701.897	1.0	2.0	1.0	1.0					
9705.972	11.851000000000568	trials	10.0	9710.493164000001	9711.692189000001	9715.113093000002	9715.728462000001	9709.890154	9712.370791000001	9715.743	9717.823	1.0	2.0	1.0	1.0					
9719.86	18.87699999999859	trials	10.0	9735.872877000002	9737.110448000001	9738.443222000002	9741.698964000001	9735.358241000002	9737.492688			1.0	2.0	0.0	3.0					
9740.745	13.13799999999901	trials	10.0	9748.193393000001	9749.976201000001	9753.307046000002	9753.900816000001	9747.500586	9750.412968			1.0	2.0	0.0	3.0					
9757.847	17.02100000000064	trials	10.0	9767.918157	9769.460793	9772.161187000002	9772.563716	9767.242316000002	9770.391215000001	9772.972	9774.868	1.0	2.0	1.0	1.0					
9776.912	16.880999999999403	trials	10.0	9788.80961	9790.245298000002	9793.760152	9794.620074	9788.263235	9790.543724000001			1.0	2.0	0.0	3.0					
9797.469	1725.0680000000011	BlockDesign														1.0	554.0	652.0	90.0	50.0
9797.469	5.8990000000012515	trials	11.0	9799.113444	9800.575827	9802.311219000001	9802.454854000001	9798.602126000002	9801.388357000002			1.0	1.0	1.0	1.0					
9806.823	14.170000000000073	trials	11.0	9815.253206000001	9816.656490000001	9819.648468000001	9821.018569000002	9814.425780000001	9817.315			1.0	2.0	0.0	3.0					
9822.021	9.156999999999243	trials	11.0	9824.235279	9825.379868	9829.183817000001	9829.321485	9823.64457	9827.297199	9829.892	9831.178	1.0	1.0	1.0	1.0					
9833.235	12.596999999999753	trials	11.0	9838.785573000001	9840.830205	9843.313046000001	9843.449438000001	9837.800924000001	9841.873116	9844.252	9845.832	1.0	1.0	1.0	1.0					
9847.922	9.670000000000073	trials	11.0	9853.288438000001	9854.985473	9857.224526000002	9857.390765	9852.457432000001	9855.809197			1.0	1.0	0.0	3.0					
9860.673	18.60399999999936	trials	11.0	9874.193650000001	9876.240593	9878.491057000001	9879.298014	9873.54485	9876.516393000002			1.0	2.0	0.0	3.0					
9880.887	7.149999999999636	trials	11.0	9882.698820000001	9884.670303	9886.034633000001	9886.167709000001	9882.058156000001	9885.054325000001	9886.698	9888.037	1.0	1.0	1.0	1.0					
9890.127	20.78099999999904	trials	11.0	9901.963919000002	9903.481924000002	9909.805466000002	9910.247911	9901.030805	9903.879332			1.0	2.0	1.0	1.0					
9914.382	15.736000000000786	trials	11.0	9923.935166000001	9925.130571000002	9927.770554	9928.216258	9923.136995	9925.858996	9928.502	9930.118	1.0	2.0	1.0	1.0					
9932.134	12.38299999999981	trials	11.0	9937.949019000001	9939.566086	9942.026621	9942.505794	9937.017167000002	9939.851549	9942.707	9944.517	1.0	2.0	1.0	1.0					
9946.598	18.29399999999987	trials	11.0	9958.409917	9959.920458	9962.484261000001	9962.815064	9957.490515000001	9960.442044000001	9963.102	9964.892	1.0	2.0	1.0	1.0					
9968.002	13.8799999999992	trials	11.0	9976.770618	9978.597767000001	9979.828693000001	9979.941188	9976.225351000001	9978.912699	9980.472	9981.882	1.0	1.0	1.0	1.0					
9985.902	11.709999999999127	trials	11.0	9992.690271000001	9994.651061	9996.965652	9997.636098	9991.954886000001	9994.961664			1.0	2.0	0.0	3.0					
9999.327	9.380000000001019	trials	11.0	10003.803771	10004.880677000001	10006.550641000002	10006.686881000001	10003.011221	10005.489153	10007.187	10008.707	1.0	1.0	1.0	1.0					
10011.737	14.756000000001222	trials	11.0	10017.895696000001	10019.831022	10023.989832000001	10024.495023000001	10017.336128	10020.292379	10024.587	10026.493	1.0	2.0	1.0	1.0					
10029.579	10.722999999999956	trials	11.0	10034.950443000002	10036.486374	10037.939342000001	10038.246846000002	10033.987089	10036.814814000001	10038.542	10040.302	1.0	2.0	1.0	1.0					
10042.322	11.639999999999418	trials	11.0	10047.129075	10048.518921	10051.504421000001	10053.445256	10046.387812	10048.937759			1.0	2.0	0.0	3.0					
10055.948	10.66399999999885	trials	11.0	10060.554303	10062.211241	10064.691656	10064.768951000002	10059.655991000001	10063.252632000002	10065.487	10066.612	1.0	1.0	1.0	1.0					
10069.722	11.44000000000051	trials	11.0	10075.4994	10077.543374	10078.923053	10078.998738	10074.507882000002	10077.839508000001	10079.777	10081.162	1.0	1.0	1.0	1.0					
10085.222	8.405000000000655	trials	11.0	10087.521066000001	10089.256025	10091.448871	10091.582781000001	10086.725135	10089.956535000001	10092.257	10093.627	1.0	1.0	1.0	1.0					
10095.75	14.871999999999389	trials	11.0	10105.165070000001	10106.944155000001	10108.352168000001	10108.413722000001	10104.246383000002	10107.394329	10109.192	10110.622	1.0	1.0	1.0	1.0					
10114.712	8.281000000000859	trials	11.0	10117.339715000002	10119.135654000002	10121.012538	10121.156908	10116.607956000002	10119.474878	10121.777	10122.993	1.0	1.0	1.0	1.0					
10127.047	9.90099999999984	trials	11.0	10132.271082000001	10133.681845000001	10136.583791000001	10136.707380000002	10131.536729000001	10134.117882			1.0	2.0	0.0	3.0					
10139.957	24.225000000000364	trials	11.0	10156.009676000001	10157.142503000001	10161.036926	10161.793226000002	10155.221884	10158.212718			1.0	2.0	0.0	3.0					
10165.357	8.486000000000786	trials	11.0	10170.375078000001	10171.857627000001			10169.456880000002	10171.849646			1.0		0.0	2.0					
10177.852	89.93999999999869	trials	11.0	10262.845254000002	10264.642637	10266.916859	10267.817066000001	10262.231121	10265.013887000001			1.0	2.0	0.0	3.0					
10271.22	10.346999999999753	trials	11.0	10275.276581000002	10276.879040000002	10279.492181000001	10279.786067000001	10274.599217	10278.282142	10280.112	10281.567	1.0	2.0	1.0	1.0					
10284.587	9.800000000001091	trials	11.0	10289.081229000001	10290.698829	10293.707877	10294.412627000002	10288.268090000001	10291.051298			1.0	2.0	0.0	3.0					
10297.047	11.029999999998836	trials	11.0	10303.335843	10304.648580000001	10305.915216000001	10306.121441000001	10302.786941	10305.084902	10306.667	10308.077	1.0	1.0	1.0	1.0					
10310.097	12.930000000000291	trials	11.0	10317.675557	10319.660862	10320.911754	10321.130373	10316.781035	10319.974004000002	10321.537	10323.027	1.0	1.0	1.0	1.0					
10325.047	13.264999999999418	trials	11.0	10333.080933000001	10334.950905000002	10336.217379000002	10336.414386	10332.182063	10335.197353000001	10337.017	10338.312	1.0	1.0	1.0	1.0					
10342.408	11.109000000000378	trials	11.0	10348.175889000002	10349.278169000001	10351.363485000002	10351.538609000001	10347.352640000001	10350.29549	10351.942	10353.517	1.0	1.0	1.0	1.0					
10357.547	9.519999999998618	trials	11.0	10361.760515000002	10362.972477000001	10365.099408000002	10365.250227	10361.203653	10363.508276	10365.743	10367.067	1.0	1.0	1.0	1.0					
10369.125	11.647000000000844	trials	11.0	10374.680748	10375.868301	10377.912753	10378.069971	10373.891298	10376.309541	10378.522	10380.772	1.0	1.0	1.0	1.0					
10383.817	12.975000000000364	trials	11.0	10388.871258000001	10390.068177000001	10394.201732000001	10394.620716000001	10387.907661000001	10390.82082	10394.897	10396.792	1.0	2.0	1.0	1.0					
10398.844	10.354000000001179	trials	11.0	10404.291423	10406.030502000001	10408.366977000001	10409.226608	10403.449952	10406.278040000001			1.0	2.0	0.0	3.0					
10412.732	7.655000000000655	trials	11.0	10417.425925000001	10418.745816	10420.026360000002	10420.125272000001	10416.791017000001	10419.117986000001			1.0	1.0	0.0	3.0					
10423.397	19.714999999998327	trials	11.0	10437.930992000001	10439.343552	10440.888101	10441.057726000001	10437.024912	10439.647059	10441.557	10443.112	1.0	1.0	1.0	1.0					
10447.172	10.590000000000146	trials	11.0	10450.926218	10452.508906000001	10454.847608	10455.230751000001	10450.305597	10452.910667	10455.557	10457.762	1.0	2.0	1.0	1.0					
10461.802	9.385000000000218	trials	11.0	10465.478120000002	10466.868017	10468.993319000001	10469.143658	10464.677895	10467.234939000002	10469.632	10471.187	1.0	1.0	1.0	1.0					
10475.283	10.014000000001033	trials	11.0	10479.286497000001	10481.341526	10482.96449	10483.246838000001	10478.389542	10481.299914000001	10483.722	10485.297	1.0	1.0	1.0	1.0					
10488.317	12.520000000000437	trials	11.0	10497.312911	10498.778937000001			10496.605241000001	10498.77158			1.0		0.0	2.0					
10504.906	13.96599999999853	trials	11.0	10514.402118000002	10516.121433	10518.228599000002	10518.312791	10513.775562	10516.474128000002			1.0	2.0	0.0	3.0					
10521.652	29.11499999999978	trials	11.0	10546.947147	10548.784177000001			10546.127127000002	10548.777466000001			1.0		0.0	2.0					
10553.772	40.0099999999984	trials	11.0	10589.016500000002	10590.547995	10592.725445	10592.81147	10588.439946	10591.306215			1.0	1.0	1.0	1.0					
10596.302	9.7450000000008	trials	11.0	10602.657598000002	10604.331198000002	10605.445780000002	10605.593306	10601.829546	10604.613048000001			1.0	1.0	0.0	3.0					
10608.817	6.7450000000008	trials	11.0	10610.564135	10611.958044	10613.233600000001	10613.521731	10609.332063000002	10612.148756	10613.837	10615.562	1.0	2.0	1.0	1.0					
10617.647	23.99499999999898	trials	11.0	10637.212509	10638.668313000002	10640.66861	10641.667125	10636.235988	10638.818747000001			1.0	2.0	0.0	3.0					
10644.034	6.688000000000102	trials	11.0	10645.817552	10647.390195	10648.751511	10648.892709000002	10645.212009	10647.714530000001	10649.612	10650.722	1.0	1.0	1.0	1.0					
10654.797	12.55999999999949	trials	11.0	10661.507360000001	10663.274384	10666.807851000001	10667.385900000001	10660.967531	10663.607274000002			1.0	2.0	0.0	3.0					
10669.182	6.829999999999927	trials	11.0	10671.152934000002	10672.638812000001	10673.805831000001	10673.939234000001	10669.890720000001	10672.794947	10674.493	10676.012	1.0	1.0	1.0	1.0					
10677.897	11.894999999998618	trials	11.0	10684.479261	10686.259245000001	10687.613000000001	10687.786079000001	10683.646266000002	10686.518625	10688.237	10689.792	1.0	1.0	1.0	1.0					
10691.812	81.30999999999949	trials	11.0	10766.899391	10768.843044000001	10771.216398	10771.697345	10766.025468000002	10769.151689			1.0	2.0	0.0	3.0					
10774.595	4.096999999999753	trials	11.0	10776.163106	10777.310012000002	10778.393582	10778.571816000001	10775.059252000001	10777.484724000002			1.0	1.0	0.0	3.0					
10782.768	4.475000000000364	trials	11.0	10784.42294	10785.179598			10783.040039000001	10785.176817000001			1.0		0.0	2.0					
10791.252	24.329999999999927	trials	11.0	10809.932849	10811.659686	10813.56687	10813.721048000001	10809.113864	10812.410727	10814.147	10815.582	1.0	1.0	1.0	1.0					
10819.722	14.969999999999345	trials	11.0	10829.543393	10831.536755000001	10832.666652000002	10832.787396000002	10828.827397000001	10831.788039000001	10833.352	10834.692	1.0	1.0	1.0	1.0					
10838.783	9.939000000000306	trials	11.0	10843.163645	10844.593578	10846.444013	10846.612209	10842.484251000002	10844.982756000001	10847.097	10848.722	1.0	1.0	1.0	1.0					
10850.743	21.79899999999907	trials	11.0	10867.508303	10868.865403000002	10870.377507000001	10870.464956000002	10866.534200000002	10869.430589000001	10871.022	10872.542	1.0	1.0	1.0	1.0					
10876.624	8.153000000000247	trials	11.0	10879.788747	10881.235709	10882.611	10882.717161	10878.977228000002	10881.577961	10883.267	10884.777	1.0	1.0	1.0	1.0					
10886.793	10.114999999999782	trials	11.0	10893.229877000002	10894.769906000001	10896.608148000001	10896.791096	10892.704079000001	10895.110704			1.0	1.0	0.0	3.0					
10898.917	9.415000000000873	trials	11.0	10901.899784000001	10903.536404	10905.962082000002	10906.373814	10900.964652	10903.854546	10906.687	10908.332	1.0	2.0	1.0	1.0					
10910.418	14.239999999999782	trials	11.0	10917.333891	10918.974929	10922.238159	10922.494587000001	10916.509916	10919.3181	10923.047	10924.658	1.0	2.0	1.0	1.0					
10928.732	11.334999999999127	trials	11.0	10933.928522	10936.016885000001	10938.614912000001	10940.096205000002	10933.312856	10936.322013			1.0	2.0	0.0	3.0					
10940.927	9.960000000000946	trials	11.0	10945.084188	10946.463205	10948.571181000001	10948.741146	10944.358592	10947.092015	10949.287	10950.887	1.0	1.0	1.0	1.0					
10954.908	10.049000000000888	trials	11.0	10959.485204	10961.240841	10962.957600000002	10963.097904	10958.502602	10961.517921	10963.658	10964.957	1.0	1.0	1.0	1.0					
10968.0	10.657999999999447	trials	11.0	10973.359299000002	10974.988101	10976.378693	10976.480182000001	10972.482464	10975.299137000002	10977.073	10978.658	1.0	1.0	1.0	1.0					
10981.578	20.113000000001193	trials	11.0	10994.909300000001	10996.330493000001	11000.589323	11000.868897	10993.946964	10996.765373			1.0	2.0	1.0	1.0					
11006.127	10.924999999999272	trials	11.0	11011.864262000001	11013.055716	11015.685410000002	11016.01022	11010.863153	11013.524114000002			1.0	2.0	0.0	3.0					
11019.993	9.418999999999869	trials	11.0	11023.629209	11025.376377	11027.076671	11027.157776	11022.924725	11026.095454	11027.847	11029.412	1.0	1.0	1.0	1.0					
11033.432	11.3849999999984	trials	11.0	11039.504061000001	11041.215764	11042.619734000002	11042.710685000002	11038.601511	11041.511541000002	11043.267	11044.817	1.0	1.0	1.0	1.0					
11046.908	23.04399999999987	trials	11.0	11061.344034000002	11062.987140000001	11067.411041000001	11067.802536000001	11060.689476000001	11063.306750000002	11068.137	11069.952	1.0	2.0	1.0	1.0					
11072.106	13.387000000000626	trials	11.0	11079.924575000001	11081.393979	11083.163565	11083.342745000002	11079.076910000002	11082.183863	11083.917	11085.493	1.0	1.0	1.0	1.0					
11088.576	12.036000000000058	trials	11.0	11093.844317000001	11095.347929000001	11098.193891	11098.456762000002	11093.255840000002	11095.647396	11098.917	11100.612	1.0	2.0	1.0	1.0					
11103.652	15.510000000000218	trials	11.0	11111.954831000001	11113.261127000002	11116.033188000001	11116.362209	11111.179403000002	11113.616439000001			1.0	2.0	0.0	3.0					
11119.348	5.3289999999997235	trials	11.0	11121.355871000002	11122.697333			11119.191630000001	11122.686956000001			1.0		0.0	2.0					
11126.747	24.275000000001455	trials	11.0	11144.639199000001	11146.539453000001	11148.919835	11149.25561	11144.120319000001	11146.872741000001	11149.477	11151.022	1.0	2.0	1.0	1.0					
11153.077	10.150000000001455	trials	11.0	11157.370796000001	11158.780217000001	11160.766748000002	11161.207838	11156.541927	11159.080919	11161.517	11163.227	1.0	2.0	1.0	1.0					
11166.318	10.925000000001091	trials	11.0	11172.356117000001	11173.720412	11175.517716	11176.727573	11171.374272000001	11173.707302			1.0	2.0	0.0	3.0					
11178.825	15.74199999999837	trials	11.0	11189.344865000001	11190.695451000001	11192.272944	11192.550542	11188.758749	11191.348826000001	11193.102	11194.567	1.0	1.0	1.0	1.0					
11198.582	10.299999999999272	trials	11.0	11203.535625	11205.473765	11206.711016000001	11206.852071000001	11202.783441000001	11205.782352	11207.477	11208.882	1.0	1.0	1.0	1.0					
11212.912	10.43499999999949	trials	11.0	11217.130238000002	11218.243632000002	11220.318216000001	11220.515567	11216.602271000002	11219.194986	11220.927	11223.347	1.0	1.0	1.0	1.0					
11225.377	13.424999999999272	trials	11.0	11233.469945	11235.256671000001	11236.707378000001	11236.836677000001	11232.709005	11235.556152000001	11237.487	11238.802	1.0	1.0	1.0	1.0					
11240.892	11.194999999999709	trials	11.0	11246.925441000001	11248.183110000002	11251.414269	11252.116668	11246.312988000001	11248.739409000002			1.0	2.0	0.0	3.0					
11254.727	8.484999999998763	trials	11.0	11258.125174	11259.624359000001	11260.899076000002	11260.991456000002	11257.304877	11259.894435000002	11261.573	11263.212	1.0	1.0	1.0	1.0					
11266.363	10.795000000000073	trials	11.0	11271.875304000001	11273.713584000001	11274.894006	11275.061496	11271.098424	11273.973125	11275.607	11277.158	1.0	1.0	1.0	1.0					
11279.242	15.350000000000364	trials	11.0	11288.660625	11290.561934000001	11292.433596	11292.603462000001	11287.799918	11290.763177	11293.192	11294.592	1.0	1.0	1.0	1.0					
11296.677	13.230999999999767	trials	11.0	11304.684858	11306.20569	11307.451613000001	11307.606726000002	11303.893326000001	11306.513299000002	11308.252	11309.908	1.0	1.0	1.0	1.0					
11313.958	10.028999999998632	trials	11.0	11318.865975	11320.162368000001	11321.59199	11321.767649000001	11317.968501000001	11320.558147000002	11322.342	11323.987	1.0	1.0	1.0	1.0					
11328.073	9.058999999999287	trials	11.0	11331.655818000001	11333.412288000001	11336.411025000001	11337.160766	11331.117184	11333.538369000002			1.0	2.0	0.0	3.0					
11339.838	6.939000000000306	trials	11.0	11341.790709	11343.268926	11344.487559000001	11344.650099	11340.665355000001	11343.545459	11345.187	11346.777	1.0	1.0	1.0	1.0					
11349.863	9.795000000000073	trials	11.0	11354.995909000001	11357.279690000001	11358.612018	11358.763775000001	11354.412741	11357.658923			1.0	1.0	1.0	1.0					
11364.152	10.020000000000437	trials	11.0	11370.902273000002	11372.102424			11370.352116000002	11372.097047000001			1.0		0.0	2.0					
11378.252	7.975000000000364	trials	11.0	11382.736026	11384.243620000001			11381.976985000001	11384.234364			1.0		0.0	2.0					
11390.304	27.407999999999447	trials	11.0	11412.675965	11414.63246	11415.703726000002	11415.832724	11411.716757000002	11414.934546	11416.372	11417.712	1.0	1.0	1.0	1.0					
11419.863	50.623999999999796	trials	11.0	11465.206292	11467.070108	11468.198193	11468.395113	11464.597530000001	11467.385172000002	11468.868	11470.487	1.0	1.0	1.0	1.0					
11473.507	22.80999999999949	trials	11.0	11492.021208000002	11493.241779	11494.255263000001	11494.38969	11491.465598	11493.429792	11495.042	11496.317	1.0	1.0	1.0	1.0					
11500.407	11.6150000000016	trials	11.0	11506.686116	11508.48002	11509.710535000002	11509.870428000002	11505.961994000001	11508.76293	11510.417	11512.022	1.0	1.0	1.0	1.0					
11514.082	8.454999999999927	trials	11.0	11519.696999000002	11520.997053000001	11522.187501	11522.349309000001	11519.160111000001	11521.256919000001			1.0	1.0	0.0	3.0					
11524.627	470.4399999999987	BlockDesign														1.0	653.0	676.0	50.0	0.0
11524.627	36.990999999999985	trials	12.0	11557.93114	11559.558378000002			11557.345935000001	11559.550689000002			2.0		0.0	2.0					
11564.647	12.044999999998254	trials	12.0	11571.483437	11573.418299	11574.787263000002	11574.960543000001	11570.569458000002	11573.703300000001	11575.448	11576.692	2.0	1.0	1.0	1.0					
11578.75	13.243000000000393	trials	12.0	11587.381744	11588.937976000001	11590.182881	11590.363223	11586.803184	11589.249036000001	11590.927	11591.993	2.0	1.0	1.0	1.0					
11596.031	9.855999999999767	trials	12.0	11603.221782	11604.415668000001	11605.604372000002	11605.726485000001	11602.447541000001	11604.651437			2.0	1.0	0.0	3.0					
11610.002	17.975000000000364	trials	12.0	11622.891552000001	11624.772453000001	11626.005119000001	11626.202234	11622.052643	11625.228902	11626.702	11627.977	2.0	1.0	1.0	1.0					
11631.074	8.153000000000247	trials	12.0	11635.766441000002	11637.769308	11638.850435	11638.975907	11635.141794000001	11637.864638000001			2.0	1.0	0.0	3.0					
11641.307	10.654999999998836	trials	12.0	11647.271442000001	11648.523887000001	11650.106290000002	11650.2342	11646.491772000001	11648.868679000001	11650.712	11651.962	2.0	1.0	1.0	1.0					
11653.986	16.54699999999866	trials	12.0	11667.358742	11669.356374	11670.247179000002	11670.431238000001	11666.516621	11669.370186			2.0	1.0	0.0	3.0					
11672.595	38.0630000000001	trials	12.0	11706.94787	11708.063684	11710.298766	11710.40781	11706.27144	11709.309642			2.0	1.0	0.0	3.0					
11713.692	6.881000000001222	trials	12.0	11716.917272	11718.229007000002	11720.090178	11720.250754	11716.305072000001	11718.769679			2.0	1.0	0.0	3.0					
11722.489	49.379000000000815	trials	12.0	11767.147029000002	11768.887716000001	11769.972104	11770.126656	11766.587295000001	11769.20678	11770.732	11771.868	2.0	1.0	1.0	1.0					
11775.958	9.10899999999856	trials	12.0	11780.272338	11781.64544	11783.038373000001	11783.195468000002	11779.691487	11781.717414	11783.677	11785.067	2.0	1.0	1.0	1.0					
11788.207	10.230999999999767	trials	12.0	11795.087538000002	11796.411666			11794.466177000002	11796.392438			2.0		0.0	2.0					
11800.452	8.159999999999854	trials	12.0	11804.717621000002	11806.171451000002	11808.321297	11808.516939000001	11803.941714	11806.708193			2.0	1.0	0.0	3.0					
11812.693	6.479000000001179	trials	12.0	11814.258003	11815.740312000002	11817.522964000002	11818.103924000001	11813.018889	11815.736455000002			2.0		0.0	2.0					
11819.802	33.530000000000655	trials	12.0	11840.557545000001	11842.579437	11851.344521	11851.605048000001	11839.761639	11843.040122	11852.162	11853.332	2.0	1.0	1.0	1.0					
11855.36	10.947000000000116	trials	12.0	11861.823497000001	11863.274409000001			11860.945037000001	11863.265217			2.0		0.0	2.0					
11868.331	23.421000000000276	trials	12.0	11883.203534	11884.78527	11889.588867	11889.737018	11882.496596	11888.758826000001	11890.427	11891.752	2.0	1.0	1.0	1.0					
11893.783	18.79399999999987	trials	12.0	11905.638222000001	11907.102283	11908.24286	11908.382483000001	11905.114035	11907.301608000002			2.0	1.0	0.0	3.0					
11912.609	6.20299999999952	trials	12.0	11914.577071000002	11915.686628000001	11917.970336	11918.844212	11912.834662000001	11915.996531			2.0	2.0	0.0	3.0					
11921.343	26.729999999999563	trials	12.0	11943.97811	11945.100193000002	11946.025406	11946.160689	11943.318633	11945.287437	11946.783	11948.073	2.0	1.0	1.0	1.0					
11950.161	12.126000000000204	trials	12.0	11957.453637	11958.889661000001	11960.107734000001	11960.210264000001	11956.720371000001	11958.987183000001	11960.743	11962.287	2.0	1.0	1.0	1.0					
11966.342	14.029999999998836	trials	12.0	11977.280181000002	11978.410729000001	11980.085537	11980.290618	11976.699831000002	11978.76942			2.0	1.0	0.0	3.0					
11982.454	12.612999999999374	trials	12.0	11991.989829000002	11993.719929	11994.921055	11995.103514	11991.101888000001	11993.853851			2.0	1.0	0.0	3.0					
11997.355	1232.3520000000008	BlockDesign														1.0	677.0	703.0	0.0	50.0
11997.355	13.231999999999971	trials	13.0	12008.553854000002	12008.607421			12007.596452000002	12008.599233			3.0		0.0	2.0					
12012.597	16.02100000000064	trials	13.0	12024.919427	12026.560398000001			12024.340698	12026.553799000001			3.0		0.0	2.0					
12031.692	16.845000000001164	trials	13.0	12041.098608	12042.714154000001	12045.940208	12046.257821000001	12040.321313	12043.171110000001	12046.622	12048.537	3.0	2.0	1.0	1.0					
12052.582	9.619999999998981	trials	13.0	12057.013624000001	12058.870593000001	12061.137612	12062.235353	12056.022465000002	12058.912619			3.0	2.0	0.0	3.0					
12064.552	21.11499999999978	trials	13.0	12082.959398	12083.694708			12082.165185000002	12083.684908000001			3.0		0.0	2.0					
12089.75	18.23699999999917	trials	13.0	12105.839109	12105.921828			12104.844284	12105.913493			3.0		0.0	2.0					
12110.075	31.006999999999607	trials	13.0	12133.794657	12135.225840000001	12138.571534	12139.094840000002	12132.964466000001	12135.569235	12139.178	12141.082	3.0	2.0	1.0	1.0					
12143.174	10.88799999999901	trials	13.0	12150.965277000001	12151.951895000002			12150.144843000002	12151.947058000002			3.0		0.0	2.0					
12158.054	11.237999999999374	trials	13.0	12166.375354000002	12167.852236	12168.944016000001	12169.036533	12165.508116	12168.154826000002			3.0	1.0	0.0	3.0					
12171.332	10.270000000000437	trials	13.0	12179.479102000001	12179.547246000002			12178.894487000001	12179.535206			3.0		0.0	2.0					
12183.612	12.9900000000016	trials	13.0	12194.406178000001	12194.622142			12193.760135	12194.614749			3.0		0.0	2.0					
12199.612	40.030000000000655	trials	13.0	12234.080495000002	12235.631744	12237.318474000002	12237.544172000002	12233.356148	12235.899276	12238.033	12239.642	3.0	2.0	1.0	1.0					
12241.735	29.061999999999898	trials	13.0	12267.032840000002	12268.094084	12270.581889000001	12272.953948	12266.280223000002	12269.126690000001			3.0	2.0	0.0	3.0					
12272.812	6.569999999999709	trials	13.0	12275.762451	12277.536291	12279.164894000001	12279.321284000001	12275.131145000001	12277.730083			3.0	1.0	0.0	3.0					
12282.467	13.15099999999984	trials	13.0	12289.57832	12291.620893000001	12293.835707	12294.127921000001	12288.825809	12292.282022000001	12294.311	12295.618	3.0	2.0	1.0	1.0					
12299.637	21.43999999999869	trials	13.0	12315.082568000002	12316.85373	12319.016344000001	12319.435304	12314.213081000002	12317.164189000001	12319.627	12321.077	3.0	2.0	1.0	1.0					
12324.162	15.819999999999709	trials	13.0	12334.81457	12336.775783000001	12339.137485000001	12340.093129	12334.234079000002	12337.005232000001			3.0	2.0	0.0	3.0					
12341.422	7.195999999999913	trials	13.0	12345.452768000001	12347.049301000001	12348.403372	12348.530905000001	12344.664407	12347.456948000001			3.0	1.0	0.0	3.0					
12352.627	11.240999999999985	trials	13.0	12357.712997	12358.824692	12361.753876	12362.160971000001	12357.094691	12359.205419000002	12362.422	12363.868	3.0	2.0	1.0	1.0					
12366.002	15.570999999999913	trials	13.0	12376.524169	12377.684129000001	12380.533308	12381.684982	12376.011757	12378.04651			3.0	2.0	0.0	3.0					
12384.834	13.143000000000029	trials	13.0	12389.208296	12390.913406000001	12397.397303000002	12398.091772000002	12388.206577	12391.279276000001			3.0	2.0	0.0	3.0					
12399.612	45.05500000000029	trials	13.0	12439.548251	12440.740043000002	12444.194434000001	12444.778645	12438.760871	12441.242039			3.0	2.0	0.0	3.0					
12446.502	6.15599999999904	trials	13.0	12449.288811	12450.455021000002	12452.449942000001	12452.54068	12448.600711000001	12450.914359			3.0	1.0	0.0	3.0					
12455.735	668.5769999999993	trials	13.0	13118.00135	13119.298886	13121.961246	13122.180170000001	13117.292687000001	13120.771910000001	13074.112	13124.312	3.0	2.0	1.0	1.0					
13127.405	69.5669999999991	trials	13.0	13192.516013	13193.708198	13195.241546000001	13195.624343000001	13191.656722000002	13194.031007000001			3.0	2.0	0.0	3.0					
13199.452	15.746000000001004	trials	13.0	13210.951739	13212.348035	13213.384904	13213.444403000001	13209.995854	13212.558430000001	13214.077	13215.198	3.0	2.0	1.0	1.0					
13217.29	12.416999999999462	trials	13.0	13224.105901	13226.003533000001	13227.519323	13227.980014	13223.500117000001	13226.072536000001	13228.227	13229.707	3.0	2.0	1.0	1.0					
13232.727	864.0459999999985	BlockDesign														1.0	704.0	747.0	50.0	50.0
13232.727	13.729999999999563	trials	14.0	13241.056799000002	13242.583481000001	13244.343181	13244.405875	13240.290132	13243.213271	13245.132	13246.457	2.0	1.0	1.0	1.0					
13248.473	14.338999999999942	trials	14.0	13258.657225	13260.088139000001	13262.260853000002	13262.691512000001	13257.754007000001	13260.472546			3.0	2.0	0.0	3.0					
13265.56	8.006999999999607	trials	14.0	13268.497150000001	13270.459328	13273.351330000001	13273.526407000001	13267.969253000001	13271.775424000001			2.0	1.0	0.0	3.0					
13276.577	9.240999999999985	trials	14.0	13278.481339000002	13279.994184000001	13283.554510000002	13284.069443	13277.812321000001	13280.464818	13284.104	13285.818	3.0	2.0	1.0	1.0					
13287.833	20.76299999999901	trials	14.0	13304.806703	13306.553513	13308.247546	13308.300151000001	13304.240612000001	13307.118636000001			2.0	1.0	0.0	3.0					
13312.607	8.645000000000437	trials	14.0	13314.50731	13316.21384	13319.443216000001	13321.369133	13313.302160000001	13316.854658			2.0	2.0	0.0	3.0					
13322.358	8.965000000000146	trials	14.0	13327.586917	13328.768136	13331.114885	13331.196866	13326.887566000001	13329.920572			3.0	1.0	0.0	3.0					
13335.4	6.461999999999534	trials	14.0	13337.222063000001	13338.603763000001	13341.179621000001	13341.980586000001	13335.831571	13338.826177			3.0	2.0	0.0	3.0					
13343.471	24.96600000000035	trials	14.0	13358.876900000001	13360.644973	13366.334453000001	13366.768946	13358.354570000001	13361.90399	13366.937	13368.437	3.0	2.0	1.0	1.0					
13371.472	14.25	trials	14.0	13378.431958000001	13379.67402	13384.672963	13385.840317	13377.892246000001	13379.961311000001			3.0	2.0	0.0	3.0					
13387.025	33.66200000000026	trials	14.0	13415.062136	13416.749978	13420.035248	13420.806434	13414.329493000001	13418.188265			3.0	1.0	0.0	3.0					
13424.377	5.164999999999054	trials	14.0	13426.382275	13428.044114	13429.344068	13429.469341	13424.757599	13428.354142			2.0	1.0	0.0	3.0					
13432.552	12.925000000001091	trials	14.0	13438.977113	13440.839377	13442.892446000002	13442.931275	13438.068151000001	13441.226776000001	13443.547	13445.477	3.0	2.0	1.0	1.0					
13449.547	22.334999999999127	trials	14.0	13464.417652	13466.409677000001	13469.631619000002	13469.799958000001	13463.651804000001	13467.719849000001	13470.493	13471.882	2.0	1.0	1.0	1.0					
13474.948	11.988999999999578	trials	14.0	13482.857552000001	13484.625542000002	13486.675329000002	13486.834088000001	13482.239005000001	13485.489148			2.0	1.0	0.0	3.0					
13489.017	12.585000000000946	trials	14.0	13495.732363000001	13497.214583	13501.103899000002	13501.720396	13494.810385	13497.718951			2.0	2.0	0.0	3.0					
13505.387	10.514999999999418	trials	14.0	13511.294199	13512.426000000001	13515.689012	13515.849086	13510.351087000001	13513.985017			3.0	1.0	0.0	3.0					
13518.912	8.725000000000364	trials	14.0	13520.807519000002	13521.896171	13526.280890000002	13527.756923	13519.910938	13522.424027000001			3.0	2.0	0.0	3.0					
13529.613	20.47400000000016	trials	14.0	13543.819661000001	13544.919383	13549.875641	13550.010494	13543.098692000001	13548.35951			2.0	1.0	0.0	3.0					
13552.164	9.987999999999374	trials	14.0	13555.07861	13556.696135	13560.200258	13560.576656000001	13554.238078	13557.13772	13560.717	13562.152	3.0	2.0	1.0	1.0					
13564.242	13.324999999998909	trials	14.0	13572.982363000001	13574.612054000001	13577.24587	13577.683775000001	13572.316663000001	13575.460993			2.0	1.0	0.0	3.0					
13580.537	8.081000000000131	trials	14.0	13582.383187000001	13584.296412000002	13587.52475	13588.735421000001	13581.825586	13584.61665			3.0	2.0	0.0	3.0					
13592.237	43.64000000000124	trials	14.0	13629.753458000001	13631.625514000001	13633.868618	13634.011571000001	13628.8814	13632.054011	13634.352	13635.877	2.0	1.0	1.0	1.0					
13637.942	12.295000000000073	trials	14.0	13644.279818	13646.088617000001	13648.250242	13648.397544000001	13643.6026	13646.917237000001	13648.807	13650.237	2.0	1.0	1.0	1.0					
13652.328	10.165000000000873	trials	14.0	13659.222965	13660.615868	13662.274440000001	13662.394196000001	13658.476471000002	13661.207068000002			2.0	1.0	0.0	3.0					
13666.563	7.628999999998996	trials	14.0	13668.570317000002	13670.434841	13673.508919	13674.308582000001	13667.105449	13670.801683000002			2.0	2.0	0.0	3.0					
13677.772	5.5349999999998545	trials	14.0	13679.553277	13680.830272000001	13683.006311000001	13683.425126	13678.790264000001	13681.339727			3.0	1.0	0.0	3.0					
13685.317	9.1200000000008	trials	14.0	13688.727964000002	13690.303487000001	13692.486865	13692.586478000001	13687.926940000001	13691.400779000001	13693.102	13694.437	2.0	1.0	1.0	1.0					
13696.518	18.884000000000015	trials	14.0	13707.865019	13709.071213000001	13713.303454	13713.486362000001	13707.141439	13711.441120000001	13713.792	13715.402	3.0	2.0	1.0	1.0					
13718.427	11.626000000000204	trials	14.0	13726.655215	13728.166073			13726.119745	13728.162919			2.0		0.0	2.0					
13733.063	8.594999999999345	trials	14.0	13737.494188	13738.875697000001	13741.392674	13741.713461000001	13736.933761	13739.209832			3.0	2.0	0.0	3.0					
13744.613	17.569000000001324	trials	14.0	13753.523294	13755.109902	13760.100811	13760.452654	13752.761027	13755.55241	13760.667	13762.182	3.0	2.0	1.0	1.0					
13766.237	12.7400000000016	trials	14.0	13773.164067000002	13774.372821	13778.066746	13779.095483000001	13772.422954000001	13774.785940000002			3.0	2.0	0.0	3.0					
13781.314	12.752999999998792	trials	14.0	13790.070506	13791.179143000001	13792.218458000001	13792.43071	13789.389933	13791.450301			3.0	1.0	0.0	3.0					
13795.482	53.530000000000655	trials	14.0	13844.659451000001	13845.760879000001	13847.140531000001	13847.376278000002	13843.914419	13846.233566	13847.722	13849.012	2.0	1.0	1.0	1.0					
13851.092	8.52599999999984	trials	14.0	13856.824486000001	13858.101005	13859.413308000001	13859.526688000002	13855.936105	13858.386931000001			2.0	1.0	0.0	3.0					
13861.689	8.692999999999302	trials	14.0	13866.344159	13867.572274	13869.565876	13869.618977	13865.421100000001	13868.399344000001			2.0	2.0	0.0	3.0					
13872.847	9.069999999999709	trials	14.0	13876.130165	13877.546266000001	13880.054227	13880.4313	13875.368497000001	13878.488881000001	13880.702	13881.917	3.0	2.0	1.0	1.0					
13885.958	9.47899999999936	trials	14.0	13889.849242	13891.298318000001	13893.539067000002	13895.250863000001	13888.961609000002	13891.588888			3.0	2.0	0.0	3.0					
13895.747	8.64100000000144	trials	14.0	13901.571338000002	13902.703963	13903.928776	13904.504483	13900.596388000002	13903.011667			2.0	1.0	0.0	3.0					
13908.198	47.689000000000306	trials	14.0	13951.139384	13952.233030000001	13955.367943000001	13956.008567	13950.253169000001	13953.060802			3.0	2.0	0.0	3.0					
13957.692	91.22000000000116	trials	14.0	14043.024631	14045.006692	14046.922604000001	14047.200703	14042.25308	14045.259290000002	14047.602	14048.912	3.0	2.0	1.0	1.0					
14051.933	33.64899999999943	trials	14.0	14080.180249000001	14081.672705	14083.305125	14083.486145	14079.212596000001	14082.006651000002	14083.942	14085.582	2.0	1.0	1.0	1.0					
14088.435	8.337999999999738	trials	14.0	14094.265399	14095.509541000001	14096.750564000002	14096.805739000001	14093.351236	14095.844291000001			3.0	2.0	0.0	3.0					
14101.052	89.77499999999964	BlockDesign														1.0	748.0	752.0	0.0	0.0
14101.052	18.970000000001164	trials	15.0	14116.822387	14118.492202000001	14119.804891000002	14120.037701000001	14116.121732000001	14118.904190000001			2.0	1.0	0.0	3.0					
14124.103	6.989000000001397	trials	15.0	14125.744583000002	14127.069497	14130.399587	14131.214032	14124.82709	14128.813751000002			2.0	2.0	0.0	3.0					
14134.622	32.98999999999978	trials	15.0	14163.451364	14164.812227	14166.737068	14167.732329	14162.663120000001	14165.801949			2.0	1.0	0.0	3.0					
14170.002	6.299999999999272	trials	15.0	14172.291013000002	14174.233108	14175.486988	14175.564853	14171.380984000001	14174.536252000002			2.0	1.0	0.0	3.0					
14179.832	10.994999999998981	trials	15.0	14187.572435000002	14189.540317	14190.684640000001	14190.947831000001	14186.615066	14189.632646000002			2.0	1.0	0.0	3.0					
14194.007	111.48999999999978	BlockDesign														1.0	753.0	757.0	0.0	0.0
14194.007	25.52599999999984	trials	16.0	14215.475939	14217.205756000001	14218.884851	14219.652863000001	14214.936541000001	14217.420034			3.0	2.0	0.0	3.0					
14223.172	34.534999999999854	trials	16.0	14252.841116000001	14254.51034	14256.991285	14257.826588	14252.220241	14255.46766			3.0	2.0	0.0	3.0					
14260.219	22.983000000000175	trials	16.0	14275.646615000001	14277.036658	14279.651744	14283.32393	14275.023809	14278.049392			3.0	2.0	0.0	3.0					
14283.869	4.91399999999885	trials	16.0	14286.291607000001	14287.537409	14288.583037	14288.769907000002	14285.306447	14287.786988			3.0	1.0	0.0	3.0					
14291.792	13.704999999999927	trials	16.0	14301.166728	14302.700620000001			14300.316907	14303.560004			3.0	2.0	0.0	3.0					
14309.818	1131.264000000001	BlockDesign														1.0	758.0	805.0	50.0	50.0
14309.818	4.800000000001091	trials	17.0	14311.520989	14312.733333	14314.400888	14314.527713000001	14310.774203	14313.215390000001			2.0	1.0	0.0	3.0					
14316.707	7.02599999999984	trials	17.0	14319.051641000002	14320.718855000001	14322.018449000001	14322.146050000001	14318.442221000001	14321.177605	14322.573	14323.733	2.0	1.0	1.0	1.0					
14325.802	25.816000000000713	trials	17.0	14346.501654000002	14348.058073	14349.755872000002	14349.902540000001	14345.931156	14348.715055	14350.237	14351.618	2.0	1.0	1.0	1.0					
14355.707	9.825999999999112	trials	17.0	14361.627227	14362.842314000001	14365.269437	14365.458285	14360.866369000001	14364.086768000001			2.0	1.0	0.0	3.0					
14368.604	6.32300000000032	trials	17.0	14370.392009000001	14371.410029	14373.771717000001	14375.047981	14368.947824	14371.781326			3.0	2.0	0.0	3.0					
14376.043	22.439000000000306	trials	17.0	14390.246977	14391.608855	14396.650786000002	14398.601537	14389.727920000001	14393.837623000001			3.0	2.0	0.0	3.0					
14400.002	36.95999999999913	trials	17.0	14431.033277	14432.708857000001	14435.085139	14435.285564000002	14430.10873	14433.068042	14435.618	14436.962	3.0	2.0	1.0	1.0					
14440.054	10.269000000000233	trials	17.0	14443.533526000001	14445.129158	14447.836355000001	14448.419307	14442.880974000002	14445.492310000001	14448.472	14450.323	3.0	2.0	1.0	1.0					
14452.342	11.489999999999782	trials	17.0	14459.908916	14461.463232000002	14463.630148	14463.864563000001	14459.392156000002	14462.413079000002			2.0	1.0	0.0	3.0					
14467.877	7.9650000000001455	trials	17.0	14469.552281	14471.344016000001	14473.607742	14474.059939	14468.42993	14471.722954	14474.283	14475.842	3.0	2.0	1.0	1.0					
14477.863	13.494000000000597	trials	17.0	14485.487009	14487.068689	14490.850823	14491.481008	14484.836141	14487.642157			2.0	2.0	0.0	3.0					
14495.337	16.970000000001164	trials	17.0	14507.722241000001	14509.535333	14510.510588000001	14510.666077000002	14507.052506	14509.593690000002	14511.112	14512.307	2.0	1.0	1.0	1.0					
14514.377	18.795000000000073	trials	17.0	14527.807349	14529.860986000002	14532.388229	14533.294517	14527.091973	14530.097909			3.0	2.0	0.0	3.0					
14535.662	136.76000000000022	trials	17.0	14669.199431000001	14669.239844			14668.313716	14669.236366000001			3.0		0.0	2.0					
14674.297	25.51000000000022	trials	17.0	14694.663421000001	14696.522032	14698.012226	14698.094711000002	14693.727665	14697.142664	14698.612	14699.807	2.0	1.0	1.0	1.0					
14702.876	20.281999999999243	trials	17.0	14717.652805000002	14717.730088	14721.448457	14723.281887000001	14716.785398	14717.72549			3.0		0.0	2.0					
14723.704	13.643000000000029	trials	17.0	14733.77296	14735.474994	14736.964598	14737.472797	14732.895944	14736.003164000002			2.0	1.0	0.0	3.0					
14739.168	10.264000000001033	trials	17.0	14743.058318000001	14744.460399000001	14747.388925000001	14747.637008000002	14742.285545	14745.992806	14748.037	14749.432	2.0	1.0	1.0	1.0					
14752.45	15.17699999999968	trials	17.0	14762.534761	14764.58954	14765.765054000001	14765.890382000001	14761.574867000001	14764.760741000002	14766.267	14767.627	2.0	1.0	1.0	1.0					
14770.647	29.73999999999978	trials	17.0	14780.063347000001	14781.425429	14798.754094	14800.156615	14779.22407	14782.26052			3.0	2.0	0.0	3.0					
14802.007	13.760000000000218	trials	17.0	14809.878826	14811.723509000001	14813.765696	14813.98379	14809.263006000001	14811.961241	14814.377	14815.767	3.0	2.0	1.0	1.0					
14817.787	20.235000000000582	trials	17.0	14833.898492	14835.645215	14837.81038	14837.949464000001	14833.279508000001	14836.820645			2.0	1.0	0.0	3.0					
14840.052	9.215000000000146	trials	17.0	14842.193579	14843.341667	14847.071914	14849.391083	14840.857979	14844.191572			3.0	2.0	0.0	3.0					
14851.358	17.340000000000146	trials	17.0	14866.47889	14866.811024			14865.817298000002	14866.80692			3.0		0.0	2.0					
14870.735	23.266999999999825	trials	17.0	14889.803384	14891.190708000002	14893.28302	14894.127629	14888.880214	14891.777720000002			3.0	2.0	0.0	3.0					
14896.507	5.611000000000786	trials	17.0	14898.775096000001	14900.431109000001	14901.927979	14902.153815000001	14897.844655	14901.083191000002			3.0	1.0	0.0	3.0					
14905.203	6.963999999999942	trials	17.0	14907.113925000001	14908.383142	14910.084424	14910.227701	14905.954721000002	14908.949402	14910.658	14912.167	2.0	1.0	1.0	1.0					
14916.207	14.18499999999949	trials	17.0	14923.129337	14924.543121	14928.128984	14928.662497000001	14922.263953000001	14925.181217000001	14928.922	14930.392	3.0	2.0	1.0	1.0					
14933.453	16.90899999999965	trials	17.0	14941.544554	14942.912468	14946.220958000002	14947.152674	14941.035506	14943.384164000001			3.0	2.0	0.0	3.0					
14950.494	9.578999999999724	trials	17.0	14956.399220000001	14958.176237000001	14959.682474000001	14960.197942	14955.674462	14958.447265			2.0	1.0	0.0	3.0					
14961.908	6.463999999999942	trials	17.0	14965.200780000001	14967.051512000002	14968.17584	14968.405915000001	14964.40004	14967.322742			2.0	1.0	0.0	3.0					
14970.452	44.220000000001164	trials	17.0	15009.576079	15011.383714000001	15012.541142000002	15012.770347000001	15008.831875	15011.568040000002	15013.087	15014.672	2.0	1.0	1.0	1.0					
15018.693	17.270000000000437	trials	17.0	15029.779166	15031.651142	15035.533181	15036.087131	15028.957823	15031.948537			3.0	2.0	0.0	3.0					
15038.753	9.819999999999709	trials	17.0	15044.179714000002	15046.531232000001	15048.32824	15050.727281000001	15043.595419000001	15046.855087			3.0	2.0	0.0	3.0					
15050.582	96.11599999999999	trials	17.0	15143.390504	15144.645191000001	15146.499526000001	15146.687526000002	15142.546005	15144.915200000001			2.0	1.0	0.0	3.0					
15148.775	16.012000000000626	trials	17.0	15160.121845000001	15161.343122	15162.450953000001	15162.659633000001	15159.456515000002	15161.613088000002	15162.972	15164.787	2.0	1.0	1.0	1.0					
15168.842	48.38500000000022	trials	17.0	15210.710990000001	15211.839967	15215.269426	15215.578484000001	15209.792341	15213.594911	15215.937	15217.227	3.0	2.0	1.0	1.0					
15220.244	11.643000000000029	trials	17.0	15225.940524000001	15227.308829000001	15229.513413	15229.902352000001	15225.058055000001	15227.457857000001	15230.097	15231.887	3.0	2.0	1.0	1.0					
15234.972	16.13500000000022	trials	17.0	15248.180495	15249.571949000001	15250.910867	15251.102923	15247.333937000001	15249.990412000001			2.0	1.0	0.0	3.0					
15253.178	12.31500000000051	trials	17.0	15261.181118	15262.972828000002	15263.807008	15263.882318	15260.28893	15262.954283000001	15264.387	15265.493	2.0	1.0	1.0	1.0					
15267.567	14.926000000001295	trials	17.0	15275.001267000001	15276.621847	15278.246668	15278.412403	15274.029064	15277.235819000001			2.0	1.0	0.0	3.0					
15282.567	5.216000000000349	trials	17.0	15284.225703	15285.812518			15282.615164	15285.807727000001			3.0		0.0	2.0					
15291.857	35.655000000000655	trials	17.0	15322.211675999999	15324.175872	15325.287752	15325.382774	15321.541023	15324.46183	15326.037	15327.512	3.0	2.0	1.0	1.0					
15330.547	30.670000000000073	trials	17.0	15352.851009	15354.243684	15357.997519999999	15358.26006	15351.982571	15356.505813			2.0	1.0	0.0	3.0					
15361.467	5.444999999999709	trials	17.0	15363.436475	15364.954977	15366.240576	15366.953421	15361.80945	15365.239794			2.0	2.0	0.0	3.0					
15369.602	12.039999999999054	trials	17.0	15377.828013	15379.693312	15381.187547	15381.437410999999	15377.054571	15380.161284			3.0	1.0	0.0	3.0					
15383.611	25.78099999999904	trials	17.0	15405.985955	15407.423934			15405.208281	15407.414471			2.0		0.0	2.0					
15411.467	29.61499999999978	trials	17.0	15434.141516	15436.048407	15438.756906	15439.278851	15433.145031	15436.67906	15439.332	15441.082	3.0	2.0	1.0	1.0					
15443.207	652.5699999999997	BlockDesign														1.0	806.0	841.0	10.0	50.0
15443.207	12.885000000000218	trials	18.0	15450.511773	15452.188094	15455.459542999999	15458.286904999999	15449.692265	15453.515259			1.0	2.0	0.0	3.0					
15458.102	6.75	trials	18.0	15461.462132999999	15463.323133	15464.571509	15464.699337	15460.465994	15463.678124			1.0	1.0	0.0	3.0					
15467.876	9.08599999999933	trials	18.0	15469.71758	15470.983497	15474.645432	15475.150731	15468.599279	15471.452544	15475.502	15476.962	1.0	2.0	1.0	1.0					
15480.047	14.039999999999054	trials	18.0	15487.891595	15489.732621	15493.242189	15494.130045	15487.181003	15490.532783			1.0	2.0	0.0	3.0					
15497.597	7.485000000000582	trials	18.0	15499.526864	15501.5618	15502.977611	15503.111847	15498.90966	15501.848958	15503.727	15505.082	1.0	1.0	1.0	1.0					
15508.021	11.67699999999968	trials	18.0	15515.997314	15517.947672	15519.427391	15519.607565	15515.186357	15518.469833			1.0	1.0	0.0	3.0					
15521.722	7.935999999999694	trials	18.0	15523.417134	15524.996032	15528.604242	15529.697592	15522.572415	15525.82149			1.0	2.0	0.0	3.0					
15532.262	6.414999999999054	trials	18.0	15535.407108	15536.705383999999	15538.194501	15538.72037	15534.715011	15537.21756			1.0	1.0	0.0	3.0					
15542.567	6.467000000000553	trials	18.0	15544.417320999999	15546.183741	15548.67389	15549.015629	15543.263558	15546.509088			1.0	2.0	0.0	3.0					
15552.967	16.68499999999949	trials	18.0	15561.531983	15562.632806	15568.465043	15569.695338	15560.80815	15564.400293			1.0	2.0	0.0	3.0					
15570.817	23.945000000001528	trials	18.0	15586.981908	15588.709259	15594.253838999999	15594.803574	15586.236891	15589.215512			1.0	2.0	0.0	3.0					
15597.557	11.394999999998618	trials	18.0	15602.632564	15604.894121	15606.872333	15607.090971	15601.867995	15605.232879	15607.473	15608.952	1.0	1.0	1.0	1.0					
15611.111	14.461999999999534	trials	18.0	15621.00771	15622.301744	15625.292847	15625.462005	15620.392998	15623.704604			1.0	1.0	0.0	3.0					
15629.594	7.104000000001179	trials	18.0	15632.762446	15634.686271999999	15636.355825999999	15636.527243	15631.791942	15635.067914			1.0	1.0	0.0	3.0					
15639.707	6.139999999999418	trials	18.0	15641.902145	15643.799604			15641.132555	15643.793414			1.0		0.0	2.0					
15647.857	133.0049999999992	trials	18.0	15775.789214	15776.979566	15778.856379	15780.688184999999	15774.872738	15777.656349			1.0	2.0	0.0	3.0					
15781.207	15.786000000000058	trials	18.0	15788.653092	15789.879965	15794.784653	15795.238575	15787.730465999999	15792.223528999999	15795.402	15796.993	1.0	2.0	1.0	1.0					
15801.147	7.734999999998763	trials	18.0	15805.119428	15807.059879	15808.5443	15808.654923	15804.579062	15807.644882			1.0	1.0	0.0	3.0					
15810.907	7.001000000000204	trials	18.0	15812.548833	15814.469073	15815.448162	15815.860993	15811.383108	15814.533218999999	15816.057	15817.908	1.0	2.0	1.0	1.0					
15821.757	9.795000000000073	trials	18.0	15825.438285	15827.146863	15830.574366	15831.593871	15824.817952	15827.796131			1.0	2.0	0.0	3.0					
15833.362	10.256000000001222	trials	18.0	15839.892989	15841.65445			15839.144526	15841.642052			1.0		0.0	2.0					
15846.657	9.140000000001237	trials	18.0	15849.414703999999	15851.420116	15854.527956	15855.83956	15848.707674	15852.000567			1.0	2.0	0.0	3.0					
15856.877	42.477999999999156	trials	18.0	15892.738505	15893.824888	15897.369353	15897.568772999999	15892.035558	15895.48893	15898.037	15899.355	1.0	2.0	1.0	1.0					
15903.472	7.8510000000005675	trials	18.0	15905.608988	15907.284956	15910.171044	15911.363369	15905.066406	15907.68407			1.0	2.0	0.0	3.0					
15913.453	7.069000000001324	trials	18.0	15917.539917	15919.121594	15920.155709999999	15920.566947	15916.555978	15919.404987			1.0	1.0	0.0	3.0					
15924.503	14.97899999999936	trials	18.0	15932.290295	15933.733632	15938.007019	15939.526257	15931.346677	15934.961567			1.0	2.0	0.0	3.0					
15940.299	9.367999999998574	trials	18.0	15946.478684	15947.705061999999			15945.478251	15947.696265			1.0		0.0	2.0					
15952.677	24.11499999999978	trials	18.0	15971.013894	15972.781334	15974.7422	15974.942812	15970.331976	15973.062789	15975.402	15976.792	1.0	2.0	1.0	1.0					
15978.877	13.930000000000291	trials	18.0	15985.917719	15987.396351	15990.186871	15990.620822	15985.26593	15987.775206	15990.892	15992.807	1.0	2.0	1.0	1.0					
15994.827	20.090000000000146	trials	18.0	16007.370302	16008.670789	16012.549563	16012.662424	16006.650201	16009.980732	16013.262	16014.917	1.0	2.0	1.0	1.0					
16018.937	11.200000000000728	trials	18.0	16024.349052	16026.085538	16027.800548	16028.254146	16023.443729	16026.460863	16028.612	16030.137	1.0	2.0	1.0	1.0					
16034.241	11.877000000000407	trials	18.0	16038.68412	16039.760538	16043.426172	16043.660893	16038.15678	16040.658839	16044.102	16046.118	1.0	2.0	1.0	1.0					
16049.137	13.670000000000073	trials	18.0	16055.029014	16056.270969	16060.364031	16060.810641	16054.227149	16056.773419	16061.067	16062.807	1.0	2.0	1.0	1.0					
16065.87	11.61199999999917	trials	18.0	16071.444135	16072.934228	16075.212867	16076.26143	16070.685735	16073.239648			1.0	2.0	0.0	3.0					
16077.567	8.280000000000655	trials	18.0	16082.339751	16083.961363	16085.498335	16085.564319	16081.807514	16084.363496			1.0	1.0	0.0	3.0					
16089.92	5.856999999999971	trials	18.0	16091.889648	16093.762859999999	16095.730044	16096.246463	16090.859500999999	16093.867407			1.0	2.0	0.0	3.0					
16098.027	428.0619999999999	BlockDesign														1.0	842.0	864.0	90.0	50.0
16098.027	14.96600000000035	trials	19.0	16105.510084	16106.896053	16111.723708	16113.036768	16104.907052	16108.272013			1.0	2.0	0.0	3.0					
16115.017	51.375	trials	19.0	16161.500714	16163.356209	16164.391194	16164.568974	16160.563955	16163.547707	16165.037	16166.392	1.0	1.0	1.0	1.0					
16168.452	10.916000000001077	trials	19.0	16173.854299999999	16175.681351	16177.115243	16177.22956	16173.258693	16176.068159	16177.727	16179.368	1.0	1.0	1.0	1.0					
16183.297	10.154999999998836	trials	19.0	16188.824583	16190.033123	16191.530967	16191.673284	16188.276507	16190.377527	16192.243	16193.452	1.0	1.0	1.0	1.0					
16197.472	10.655000000000655	trials	19.0	16202.429685	16203.841853	16206.022278	16206.176121	16201.736567	16204.198184	16206.747	16208.127	1.0	1.0	1.0	1.0					
16210.182	11.810999999999694	trials	19.0	16217.674815	16219.398623	16220.851772	16220.935954999999	16217.121233	16219.661178			1.0	1.0	1.0	1.0					
16225.501	11.956000000000131	trials	19.0	16231.980246	16233.641684	16235.325101	16235.503271	16231.157695	16233.99161	16235.902	16237.457	1.0	1.0	1.0	1.0					
16240.477	21.609999999998763	trials	19.0	16256.234739	16257.804323	16260.086679	16260.220503	16255.269258	16258.843691	16260.672	16262.087	1.0	1.0	1.0	1.0					
16266.192	23.960000000000946	trials	19.0	16285.166826	16286.616399	16288.003583	16288.177247	16284.176315	16286.943647	16288.752	16290.152	1.0	1.0	1.0	1.0					
16293.007	11.030000000000655	trials	19.0	16300.355205	16301.991864			16299.449749	16301.984549			1.0		0.0	2.0					
16307.052	4.9650000000001455	trials	19.0	16309.121543	16310.051777			16307.650357999999	16310.042259			1.0		0.0	2.0					
16316.092	22.039999999999054	trials	19.0	16332.841058	16334.812023999999	16336.125693	16336.266831	16331.919635	16335.171846	16336.752	16338.132	1.0	1.0	1.0	1.0					
16340.158	12.899000000001251	trials	19.0	16348.055468	16349.557412	16351.056155	16351.160751	16347.347216	16350.121181	16351.752	16353.057	1.0	1.0	1.0	1.0					
16355.074	14.708999999998923	trials	19.0	16364.851614	16366.419659	16367.73815	16367.881671	16364.142143	16366.709051	16368.362	16369.783	1.0	1.0	1.0	1.0					
16372.802	14.02100000000064	trials	19.0	16379.646533	16381.057551	16386.493691	16386.764841	16379.048804	16381.521881			1.0	2.0	0.0	3.0					
16388.834	11.824000000000524	trials	19.0	16395.675659	16397.422727	16398.653132	16398.893119	16395.031254	16397.775536	16399.283	16400.658	1.0	1.0	1.0	1.0					
16403.677	9.095000000001164	trials	19.0	16409.340851	16410.812042			16408.451273	16410.804744			1.0		0.0	2.0					
16416.783	27.114000000001397	trials	19.0	16437.561027	16439.410161	16441.833306	16442.065416	16436.960993	16439.617402	16442.533	16443.897	1.0	2.0	1.0	1.0					
16447.982	9.730999999999767	trials	19.0	16452.140948	16454.027355	16455.668184	16455.776141	16451.240166	16454.895105	16456.312	16457.713	1.0	1.0	1.0	1.0					
16459.795	13.6720000000023	trials	19.0	16468.656018	16470.044939	16471.381917	16471.452488	16468.06556	16470.389513	16472.092	16473.467	1.0	1.0	1.0	1.0					
16475.487	27.364999999997963	trials	19.0	16497.971352	16499.63147	16500.748982	16500.932088	16497.173669	16499.905496	16501.354	16502.852	1.0	1.0	1.0	1.0					
16505.942	10.31000000000131	trials	19.0	16510.591202	16512.654492	16513.941479	16514.047753	16509.631856	16512.933375	16514.547	16516.252	1.0	1.0	1.0	1.0					
16519.272	6.816999999999098	trials	19.0	16522.781226	16524.347988	16526.003508	16526.421006	16522.133639	16524.816708			1.0	1.0	0.0	3.0					
16530.357	128.79000000000087	BlockDesign														1.0	865.0	870.0	0.0	0.0
16530.357	6.375	trials	20.0	16532.391446	16534.125494	16536.275276	16536.776978	16531.15556	16534.385364			1.0	2.0	0.0	3.0					
16540.637	10.05000000000291	trials	20.0	16547.221577	16548.917517	16550.324777	16550.414483	16546.464815	16549.357943			1.0	1.0	0.0	3.0					
16554.778	43.56000000000131	trials	20.0	16594.641555	16596.142065	16597.641894	16598.385878	16594.057113	16596.435564			1.0	2.0	0.0	3.0					
16602.031	9.686000000001513	trials	20.0	16608.242133	16609.758524			16607.435903999998	16609.749305			1.0		0.0	2.0					
16615.768	29.41400000000067	trials	20.0	16641.076244	16642.919699	16644.372441	16644.675353	16640.479334	16643.4374			1.0	1.0	0.0	3.0					
16648.735	10.412000000000262	trials	20.0	16656.736659	16657.933553	16658.994858	16659.192681	16656.063447	16658.233803			1.0	1.0	0.0	3.0					
16662.362	757.8950000000004	BlockDesign														1.0	871.0	904.0	50.0	90.0
16662.362	14.96099999999933	trials	21.0	16673.879354	16675.66812	16676.900373	16677.127728	16673.132513	16676.103755			1.0	1.0	0.0	3.0					
16680.198	17.02400000000125	trials	21.0	16692.536759	16694.128952	16695.378432	16695.545568	16691.5526	16694.466404	16695.912	16697.222	1.0	1.0	1.0	1.0					
16699.297	22.015000000003056	trials	21.0	16715.127387	16716.493425	16719.419311999998	16719.579122	16714.453278	16718.120885	16720.112	16721.312	1.0	1.0	1.0	1.0					
16723.467	21.974999999998545	trials	21.0	16742.812074	16743.990794	16745.159259	16745.396828	16741.875242	16744.272339			1.0	1.0	0.0	3.0					
16747.452	6.729999999999563	trials	21.0	16749.537014	16751.438936	16752.971606	16754.231577	16748.648171	16751.772332			1.0	2.0	0.0	3.0					
16755.323	10.269000000000233	trials	21.0	16762.786804	16764.207061	16765.208407	16765.639097	16762.010949	16764.458219			1.0	1.0	0.0	3.0					
16767.569	22.058000000000902	trials	21.0	16783.822062	16785.314355	16787.815064	16788.003156	16783.304214	16785.788184	16788.367	16789.627	1.0	2.0	1.0	1.0					
16792.652	41.52000000000044	trials	21.0	16829.803142	16831.017287	16832.259612	16832.404953	16828.80827	16831.481276	16833.012	16834.172	1.0	1.0	1.0	1.0					
16838.177	48.900000000001455	trials	21.0	16882.077953	16883.693322	16884.852648	16885.029962	16881.537591	16883.994251	16885.507	16887.077	1.0	1.0	1.0	1.0					
16890.837	11.165000000000873	trials	21.0	16896.843362	16897.973411	16899.993513	16900.352372	16895.977424	16898.274843	16900.544	16902.002	1.0	2.0	1.0	1.0					
16904.088	12.638999999999214	trials	21.0	16910.80895	16912.785533	16914.161706	16914.696182	16909.815446	16913.054739	16914.807	16916.727	1.0	2.0	1.0	1.0					
16918.743	17.014000000002852	trials	21.0	16929.617843	16931.162097	16933.299129	16933.697949	16928.740291	16931.431371	16933.942	16935.757	1.0	2.0	1.0	1.0					
16939.843	10.43999999999869	trials	21.0	16944.907742	16946.574329	16947.851695	16948.037172	16944.072057	16946.959518	16948.452	16950.283	1.0	1.0	1.0	1.0					
16954.362	8.369999999998981	trials	21.0	16959.794883	16961.332838	16962.45056	16962.710192	16959.080133	16961.59704			1.0	1.0	0.0	3.0					
16965.797	4.111000000000786	trials	21.0	16967.863341	16967.944599			16966.201342	16967.933871			1.0		0.0	2.0					
16971.98	19.26299999999901	trials	21.0	16989.138813	16989.195222			16988.218592	16989.191666			1.0		0.0	2.0					
16994.321	54.85599999999977	trials	21.0	17043.16184	17045.055701	17046.980007	17047.399139	17042.50536	17045.451401	17047.847	17049.177	1.0	2.0	1.0	1.0					
17053.258	8.963999999999942	trials	21.0	17056.30401	17057.765561	17059.857983	17060.354614	17055.657786	17058.043986	17060.567	17062.222	1.0	2.0	1.0	1.0					
17066.243	14.669000000001688	trials	21.0	17074.724897	17076.44256	17078.609016	17079.061418	17073.795554	17076.699962	17079.237	17080.912	1.0	2.0	1.0	1.0					
17083.002	10.265999999999622	trials	21.0	17089.844337	17091.723453	17092.86336	17092.930967	17088.892158	17091.893445			1.0	1.0	0.0	3.0					
17096.287	7.325000000000728	trials	21.0	17097.90856	17099.161751	17101.271936	17101.733763	17096.698833	17099.38859	17101.923	17103.612	1.0	2.0	1.0	1.0					
17106.647	10.950000000000728	trials	21.0	17113.604061	17115.619347	17117.330951	17117.573165	17113.056276	17116.012226			1.0	1.0	0.0	3.0					
17120.627	5.2409999999981665	trials	21.0	17122.354497	17123.906012			17121.786397	17123.899047			1.0		0.0	2.0					
17128.877	53.70999999999913	trials	21.0	17176.734297	17178.087489	17180.385363	17180.821088	17176.066794	17178.609793	17180.972	17182.587	1.0	2.0	1.0	1.0					
17186.647	34.5	trials	21.0	17217.719895	17218.826561	17220.126618	17220.487044	17217.09	17219.2224			1.0	2.0	1.0	1.0					
17223.737	14.114999999997963	trials	21.0	17232.130158	17233.826158	17235.318614	17235.846078	17231.513681	17234.125337	17236.022	17237.852	1.0	2.0	1.0	1.0					
17239.745	14.707000000002154	trials	21.0	17250.80024	17252.495891			17249.808069	17252.484246			1.0		0.0	2.0					
17258.472	47.310999999997875	trials	21.0	17302.251402	17303.75352	17304.547062	17304.676206	17301.596467	17303.744083999998			1.0		0.0	2.0					
17309.787	29.330999999998312	trials	21.0	17333.680308	17335.388604	17337.252438	17337.341274	17333.126739	17336.240763	17337.948	17339.118	1.0	2.0	1.0	1.0					
17342.207	13.210000000002765	trials	21.0	17352.19019	17353.651804	17354.817804	17355.469809	17351.442491	17353.747106			1.0	2.0	0.0	3.0					
17359.177	16.916000000001077	trials	21.0	17370.630576	17372.626559	17374.044561	17374.306431	17369.631425	17372.611952	17374.752	17376.093	1.0	2.0	1.0	1.0					
17380.221	10.135999999998603	trials	21.0	17385.175823	17386.397405	17388.186588	17388.465917	17384.375193	17386.624471	17388.977	17390.357	1.0	2.0	1.0	1.0					
17392.377	13.25	trials	21.0	17400.08707	17402.064959	17403.341398	17403.541948	17399.266932	17402.0334	17404.118	17405.627	1.0	2.0	1.0	1.0					
17407.688	12.569000000003143	trials	21.0	17415.515682999998	17416.911882	17419.180351	17419.752465	17414.79764	17417.197379			1.0	2.0	1.0	1.0					
17422.803	1077.8240000000005	BlockDesign														1.0	905.0	954.0	50.0	10.0
17422.803	20.09899999999834	trials	22.0	17437.780776	17439.766611	17441.756891	17442.951879	17437.007902999998	17440.034080999998			1.0	2.0	0.0	3.0					
17444.038	7.568999999999505	trials	22.0	17448.172404	17449.678431	17451.318905	17451.591856	17447.336995999998	17449.77612			1.0	1.0	0.0	3.0					
17455.613	14.574000000000524	trials	22.0	17465.965916	17467.711689	17469.920751999998	17470.110528	17465.35409	17468.007575			1.0	1.0	0.0	3.0					
17473.222	36.169999999998254	trials	22.0	17507.306344	17507.357636			17506.762706	17507.355294			1.0		0.0	2.0					
17512.408	8.0	trials	22.0	17516.290779	17518.159131	17520.116363	17522.730207	17515.721502	17518.360854			1.0	2.0	0.0	3.0					
17522.483	17.340000000000146	trials	22.0	17533.160726000002	17534.530457	17538.112995	17539.87476	17532.423522	17535.078921			1.0	2.0	0.0	3.0					
17541.427	19.751000000000204	trials	22.0	17557.837634	17559.20238	17560.500704	17561.229137	17557.015059	17559.627825			1.0	1.0	0.0	3.0					
17562.777	7.735000000000582	trials	22.0	17565.591348	17566.87203	17569.566049	17570.565752	17565.025259000002	17567.158435999998			1.0	2.0	0.0	3.0					
17572.893	107.50400000000081	trials	22.0	17677.196502	17678.345194	17680.127495	17682.545379	17676.193651	17678.66382			1.0	2.0	0.0	3.0					
17682.427	6.224999999998545	trials	22.0	17684.503227	17685.640236	17686.597733	17686.74324	17683.933104	17685.88182	17687.232	17688.652	1.0	1.0	1.0	1.0					
17691.537	11.610000000000582	trials	22.0	17698.226672	17699.803572	17700.962897999998	17701.048121	17697.421968	17700.092638	17701.637	17703.147	1.0	1.0	1.0	1.0					
17705.269	12.863000000001193	trials	22.0	17711.682397	17712.72875	17717.785095	17718.166575	17711.167208	17713.836129			1.0	2.0	0.0	3.0					
17722.137	14.02100000000064	trials	22.0	17732.916299	17734.158269	17735.710367	17735.990694	17731.913892	17734.86552			1.0	1.0	0.0	3.0					
17738.082	7.495000000002619	trials	22.0	17739.811932	17741.538249	17743.521185999998	17743.649867	17739.000704	17742.060314	17744.202	17745.577	1.0	1.0	1.0	1.0					
17749.658	10.734000000000378	trials	22.0	17753.822095	17755.106321	17756.601587	17756.696576	17753.075984	17755.497134			1.0	1.0	0.0	3.0					
17760.897	5.613999999997759	trials	22.0	17762.677145	17764.479296			17761.115949	17764.471321			1.0		0.0	2.0					
17768.589	39.48400000000038	trials	22.0	17804.682761	17806.686129	17807.738447	17807.902929	17803.788841	17806.972148			1.0	1.0	0.0	3.0					
17810.097	15.859999999996944	trials	22.0	17821.673812	17823.461939	17824.888586	17825.059054999998	17820.811247999998	17823.699779			1.0	1.0	1.0	1.0					
17830.569	10.38300000000163	trials	22.0	17836.77131	17838.119073	17840.681502	17840.940662	17835.939006	17838.546677			1.0	1.0	0.0	3.0					
17844.037	29.979999999999563	trials	22.0	17870.47755	17872.125294	17873.606017	17873.920688	17869.690201999998	17872.669265			1.0	1.0	0.0	3.0					
17878.002	50.86000000000058	trials	22.0	17924.257898	17925.921849	17926.856307000002	17927.048897	17923.692659	17926.164293	17927.567	17928.862	1.0	1.0	1.0	1.0					
17931.893	8.41400000000067	trials	22.0	17935.452326	17936.873525	17938.216971	17938.3767	17934.731628	17937.280638	17938.872	17940.307	1.0	1.0	1.0	1.0					
17944.395	9.370999999999185	trials	22.0	17950.362807	17951.784746999998			17949.392241	17951.775614			1.0		0.0	2.0					
17956.841	11.756000000001222	trials	22.0	17963.763519	17965.631174	17968.053615	17968.651662	17962.947621	17965.98936			1.0	2.0	0.0	3.0					
17972.387	13.350000000002183	trials	22.0	17980.383185	17981.965811000002	17983.327466	17983.606268	17979.59859	17982.25711	17983.942	17985.737	1.0	1.0	1.0	1.0					
17988.772	8.514999999999418	trials	22.0	17993.728092	17995.248413			17992.930437	17995.241558			1.0		0.0	2.0					
18000.297	10.555000000000291	trials	22.0	18004.957953	18006.449436	18009.093104	18010.90515	18004.253552	18006.693321			1.0	2.0	0.0	3.0					
18011.487	46.22599999999875	trials	22.0	18054.042783	18055.676495			18053.099381	18055.672641			1.0		0.0	2.0					
18060.727	12.015999999999622	trials	22.0	18066.550056	18068.135452	18072.278255	18072.794378	18065.918739	18068.508716			1.0	2.0	0.0	3.0					
18075.582	39.48500000000058	trials	22.0	18110.840337	18112.030152	18114.012153	18115.118807	18110.143477	18112.395999			1.0	2.0	0.0	3.0					
18118.347	12.459999999999127	trials	22.0	18127.018653	18128.369789	18130.52949	18130.63067	18126.129842	18129.339637			1.0	2.0	0.0	3.0					
18132.883	22.74499999999898	trials	22.0	18150.863756	18152.751249	18153.722561	18153.776868	18150.264435	18152.993891	18154.412	18155.628	1.0	1.0	1.0	1.0					
18159.582	12.835000000002765	trials	22.0	18167.908542	18169.404536000002	18170.537835	18170.630316	18167.047051	18169.726077	18171.222	18172.417	1.0	1.0	1.0	1.0					
18176.502	9.291000000001077	trials	22.0	18181.220603	18182.615676	18183.913161	18183.992843	18180.515108	18182.988606	18184.602	18185.793	1.0	1.0	1.0	1.0					
18187.848	9.10899999999674	trials	22.0	18193.939081	18195.210414	18196.648067	18196.871676	18193.12804	18195.59763			1.0	1.0	0.0	3.0					
18200.002	7.720000000001164	trials	22.0	18203.74872	18205.165082	18207.445256	18207.691843	18203.125775	18205.740017			1.0	1.0	0.0	3.0					
18211.768	9.974999999998545	trials	22.0	18216.489066	18218.201046	18219.873665	18220.081341	18215.530121	18218.134974	18220.522	18221.743	1.0	1.0	1.0	1.0					
18225.83	8.816999999999098	trials	22.0	18230.014318	18231.415353	18232.708748	18232.792491	18229.436525	18231.709088	18233.482	18234.647	1.0	1.0	1.0	1.0					
18236.737	13.33599999999933	trials	22.0	18244.834025	18246.343356	18247.87425	18248.027030999998	18244.105313	18246.882267	18248.562	18250.073	1.0	1.0	1.0	1.0					
18251.967	11.579999999998108	trials	22.0	18260.269091	18261.975816	18263.284383	18263.412331	18259.700327	18262.340699			1.0	1.0	0.0	3.0					
18267.597	7.514999999999418	trials	22.0	18269.215811000002	18270.610614	18274.506247999998	18275.166975	18267.992037	18270.895798			1.0	2.0	0.0	3.0					
18277.865	5.941999999999098	trials	22.0	18280.2557	18281.539646	18283.200949	18283.859038	18279.252158	18281.767045			1.0	2.0	0.0	3.0					
18285.536	24.260999999998603	trials	22.0	18306.259552	18307.965252	18309.498117	18309.615635	18305.690508	18308.563682			1.0	1.0	0.0	3.0					
18312.876	75.64099999999962	trials	22.0	18383.641741	18385.304199000002	18386.568068	18386.736793	18382.918021	18385.668723000003	18387.287	18388.517	1.0	1.0	1.0	1.0					
18391.502	13.990999999998166	trials	22.0	18400.601501	18402.266469000002	18403.488795	18403.637856	18400.024830000002	18402.516468	18404.127	18405.493	1.0	1.0	1.0	1.0					
18407.579	10.217999999997119	trials	22.0	18414.941461000002	18416.050162	18417.56015	18417.776734000003	18414.146814	18416.462469000002			1.0	1.0	0.0	3.0					
18419.844	5.8879999999990105	trials	22.0	18421.917139	18423.218477000002	18424.687795	18425.80639	18420.453885000003	18423.476788			1.0	2.0	0.0	3.0					
18428.052	15.584999999999127	trials	22.0	18440.376958	18441.489101000003	18443.3292	18443.479143	18439.827591	18442.267618			1.0	1.0	0.0	3.0					
18445.707	39.150000000001455	trials	22.0	18479.422344000002	18480.648121000002	18482.709601000002	18482.920207000003	18478.895923	18481.508251000003	18483.437	18484.857	1.0	1.0	1.0	1.0					
18487.927	12.700000000000728	trials	22.0	18495.266787	18497.180434	18498.522499000002	18498.727759	18494.576821000002	18497.496036	18499.307	18500.627	1.0	1.0	1.0	1.0					
18503.664	412.632999999998	BlockDesign														1.0	955.0	979.0	50.0	0.0
18503.664	9.953999999997905	trials	23.0	18509.227273	18511.339141	18513.307572	18513.616231	18508.598152000002	18511.450509000002			2.0	1.0	0.0	3.0					
18515.702	9.959999999999127	trials	23.0	18518.50735	18520.075327000002	18523.833667000003	18523.993278	18517.787238	18521.803718000003	18524.417	18525.662	2.0	1.0	1.0	1.0					
18527.817	15.985000000000582	trials	23.0	18536.363967	18538.233754	18539.623635	18539.85211	18535.400779	18538.617135			2.0	1.0	0.0	3.0					
18543.942	7.470000000001164	trials	23.0	18545.857246	18547.169465000003	18549.431047000002	18549.62094	18543.881787000002	18547.687319	18550.222	18551.412	2.0	1.0	1.0	1.0					
18553.499	13.413000000000466	trials	23.0	18561.672347	18562.893502000003	18564.462546000002	18564.570153	18560.70178	18563.489314000002	18565.033	18566.912	2.0	1.0	1.0	1.0					
18569.008	14.808999999997468	trials	23.0	18578.677786	18580.009204	18581.609677	18581.768935	18578.057376	18580.277688000002	18582.272	18583.817	2.0	1.0	1.0	1.0					
18587.837	11.139999999999418	trials	23.0	18595.972587	18596.964643			18595.177996000002	18596.961154			2.0		0.0	2.0					
18602.008	16.218999999997322	trials	23.0	18613.45804	18615.066118000002	18617.962788	18618.166428	18612.651133	18616.924668			2.0	1.0	0.0	3.0					
18620.287	6.479999999999563	trials	23.0	18622.747803000002	18623.972703	18626.121695	18626.220976	18622.20978	18625.102524			2.0	1.0	0.0	3.0					
18628.485	6.766999999999825	trials	23.0	18630.864445000003	18632.635116	18635.007312	18635.158219	18630.288714000002	18634.031047			2.0	1.0	0.0	3.0					
18639.333	48.534999999999854	trials	23.0	18684.538568	18685.854841			18683.659096	18685.846165000003			2.0		0.0	2.0					
18690.877	9.739999999997963	trials	23.0	18695.178021	18696.558297	18698.477697000002	18698.726000000002	18694.412565000002	18697.045885	18699.243	18700.617	2.0	1.0	1.0	1.0					
18704.707	8.725000000002183	trials	23.0	18710.317801	18711.715114000002	18713.183206	18713.267617	18709.608475	18712.033635			2.0	1.0	0.0	3.0					
18716.442	6.31000000000131	trials	23.0	18718.143461	18720.080214	18722.093197000002	18722.119549000003	18717.483822000002	18720.46384			2.0	2.0	0.0	3.0					
18724.432	9.399999999997817	trials	23.0	18728.588226	18730.208666000002	18731.991685	18732.15625	18728.060845	18730.593199000003	18732.632	18733.832	2.0	1.0	1.0	1.0					
18735.852	16.950000000000728	trials	23.0	18749.61457	18751.266651	18752.561898	18752.740429	18748.741945	18751.514941			2.0	1.0	0.0	3.0					
18756.881	8.950999999997293	trials	23.0	18762.852934000002	18764.125468000002	18765.589522000002	18765.705875	18762.150651	18764.512834			2.0	1.0	0.0	3.0					
18768.913	11.338999999999942	trials	23.0	18776.842683000003	18778.485232000003	18779.943739000002	18780.085143	18776.250265000002	18778.849562			2.0	1.0	0.0	3.0					
18782.337	19.895000000000437	trials	23.0	18798.228381	18800.210706			18797.727462000003	18800.206918			2.0		0.0	2.0					
18804.243	39.830000000001746	trials	23.0	18838.558739	18840.525554	18842.131479	18842.304978	18837.945634	18841.323744	18842.812	18844.073	2.0	1.0	1.0	1.0					
18847.112	8.649999999997817	trials	23.0	18852.313313000002	18853.831393			18851.371890000002	18853.821519			2.0		0.0	2.0					
18857.832	5.920000000001892	trials	23.0	18860.148202	18861.742453000003			18859.527830000003	18861.728106000002			2.0		0.0	2.0					
18867.832	23.92500000000291	trials	23.0	18886.459134	18887.65567	18889.588623	18889.711062000002	18885.816761000002	18888.603487	18890.252	18891.757	2.0	1.0	1.0	1.0					
18893.781	12.29200000000128	trials	23.0	18902.919045000002	18904.085939	18905.820084000003	18905.915205	18902.128684000003	18904.574738000003			2.0	1.0	0.0	3.0					
18910.083	6.213999999999942	trials	23.0	18912.825624	18914.87962	18916.282245000002	18916.377208	18912.259225	18915.174348			2.0	1.0	0.0	3.0					
18919.597	688.5499999999993	BlockDesign														1.0	980.0	1007.0	0.0	50.0
18919.597	5.68999999999869	trials	24.0	18922.275110000002	18923.360922			18921.627876000002	18923.353868000002			3.0		0.0	2.0					
18927.373	21.29899999999907	trials	24.0	18942.598842	18943.860549	18948.100712	18948.749449000003	18941.963323	18944.167582000002			3.0	2.0	0.0	3.0					
18952.437	16.57499999999709	trials	24.0	18962.309085	18963.541633	18968.767645	18968.995179	18961.579556	18967.459705			3.0	1.0	0.0	3.0					
18971.022	6.31499999999869	trials	24.0	18975.344643	18975.400309			18974.377024	18975.390740000003			3.0		0.0	2.0					
18981.347	39.784999999999854	trials	24.0	19015.789655	19017.471665	19020.297681	19021.209990000003	19015.235227	19017.806971			3.0	2.0	0.0	3.0					
19022.557	17.24499999999898	trials	24.0	19032.135057	19033.891261	19037.918134	19039.881193	19031.322466	19033.9549			3.0	2.0	0.0	3.0					
19040.237	13.43999999999869	trials	24.0	19049.031036	19051.033076	19053.113734000002	19053.757345	19048.364452	19052.096981000002			3.0	1.0	0.0	3.0					
19056.427	25.665000000000873	trials	24.0	19072.70104	19074.341496	19080.119962	19080.374599000002	19072.168158	19074.471807	19080.658	19082.092	3.0	2.0	1.0	1.0					
19086.112	10.149999999997817	trials	24.0	19094.281473000003	19094.334108000003			19093.638232	19094.327769			3.0		0.0	2.0					
19098.344	7.6489999999976135	trials	24.0	19102.835071	19104.066775			19102.143944	19104.060829000002			3.0		0.0	2.0					
19109.063	17.814000000002125	trials	24.0	19123.189874	19124.856614			19122.304042	19124.853238			3.0		0.0	2.0					
19128.96	19.1720000000023	trials	24.0	19140.992002000003	19142.16659	19145.802395000002	19146.368725	19140.112189	19142.863885000002	19146.497	19148.132	3.0	2.0	1.0	1.0					
19151.252	10.240999999998166	trials	24.0	19158.366904000002	19159.567169			19157.444814000002	19159.56203			3.0		0.0	2.0					
19165.503	153.6889999999985	trials	24.0	19315.895738000003	19317.182713000002			19315.002796	19317.180084			3.0		0.0	2.0					
19321.238	11.449000000000524	trials	24.0	19328.400554	19329.830874	19331.581411000003	19332.769065	19327.510359	19330.195246000003			3.0	2.0	0.0	3.0					
19333.852	20.215000000000146	trials	24.0	19348.2825	19350.186334	19352.563522	19354.147133000002	19347.452524	19350.484746000002			3.0	2.0	0.0	3.0					
19355.897	13.979999999999563	trials	24.0	19366.827994	19367.952738			19365.952759	19367.940717			3.0		0.0	2.0					
19373.927	9.920000000001892	trials	24.0	19379.55157	19380.918555	19383.167803	19383.927742	19378.611238	19382.318856			3.0	1.0	0.0	3.0					
19385.417	11.840000000000146	trials	24.0	19390.676295	19392.554614	19394.450519	19394.748145	19390.147654	19392.575292	19395.277	19397.257	3.0	2.0	1.0	1.0					
19399.347	15.25	trials	24.0	19409.327902	19410.802975000002	19413.784366	19414.677927	19408.806385	19411.163728			3.0	2.0	0.0	3.0					
19416.082	37.69499999999971	trials	24.0	19450.096474	19451.553043	19453.530018	19453.83526	19449.536104000003	19451.900007			3.0	2.0	0.0	3.0					
19457.785	19.897000000000844	trials	24.0	19474.921801	19476.266959	19477.438192	19477.667043	19474.035243000002	19476.697705000002			3.0	1.0	0.0	3.0					
19480.737	16.979999999999563	trials	24.0	19491.401628	19493.098616000003	19495.881482	19497.800191000002	19490.50384	19493.958366000003			3.0	2.0	0.0	3.0					
19498.177	27.290000000000873	trials	24.0	19519.263600000002	19520.659566000002	19523.593999	19523.93415	19518.378261	19521.246546000002	19524.323	19525.467	3.0	2.0	1.0	1.0					
19527.487	34.32999999999811	trials	24.0	19555.908555	19557.504268	19559.664078	19560.182809	19555.372422	19558.116781	19560.397	19561.817	3.0	2.0	1.0	1.0					
19563.837	16.06499999999869	trials	24.0	19574.11174	19575.323445	19577.666743	19578.084385000002	19573.424616	19575.578016	19578.232	19579.902	3.0	2.0	1.0	1.0					
19583.052	14.215000000000146	trials	24.0	19592.927541	19594.205631	19596.441102	19597.350819	19592.304967	19594.486153			3.0	2.0	0.0	3.0					
19600.748	7.3990000000012515	trials	24.0	19603.557766	19604.868102			19602.945289000003	19605.446716000002			3.0	2.0	0.0	3.0					
19610.582	995.1100000000006	BlockDesign														1.0	1008.0	1059.0	50.0	50.0
19610.582	34.30500000000029	trials	25.0	19641.112660000003	19642.209883	19644.571677	19644.717668	19640.186343	19643.167992000002			3.0	1.0	0.0	3.0					
19646.958	8.713999999999942	trials	25.0	19649.087803000002	19650.210748	19653.383718	19653.829873000002	19648.530292	19650.554964000003	19654.118	19655.672	3.0	2.0	1.0	1.0					
19657.692	14.110000000000582	trials	25.0	19667.397456000002	19669.199877000003	19671.230803000002	19671.883462	19666.47378	19669.803372000002			2.0	1.0	0.0	3.0					
19675.582	5.305000000000291	trials	25.0	19677.718789000002	19678.960302			19676.905440000002	19678.954233			2.0		0.0	2.0					
19684.897	36.034999999999854	trials	25.0	19716.088329000002	19717.716283	19719.179473	19719.343351	19715.476155	19718.407941	19719.882	19720.932	2.0	1.0	1.0	1.0					
19723.952	10.455999999998312	trials	25.0	19728.857631000003	19730.912346	19732.131655	19732.192345	19727.964373000003	19731.150205	19732.927	19734.408	3.0	2.0	1.0	1.0					
19737.486	11.665999999997439	trials	25.0	19743.978474	19745.480229	19747.229017	19747.372068	19743.207972	19746.083028	19747.922	19749.152	2.0	1.0	1.0	1.0					
19752.243	16.125	trials	25.0	19761.443236000003	19762.929946	19765.959588	19768.448883	19760.614183	19763.238655			3.0	2.0	0.0	3.0					
19769.302	20.845000000001164	trials	25.0	19785.718224	19786.809175000002	19789.423231	19790.230707000002	19784.969215	19787.107726000002			3.0	2.0	0.0	3.0					
19791.747	20.799999999999272	trials	25.0	19807.942972	19809.385612000002	19810.75702	19810.908814000002	19806.940194000003	19809.691860000003	19811.422	19812.547	2.0	1.0	1.0	1.0					
19815.641	13.182000000000698	trials	25.0	19825.409835000002	19826.806147000003			19824.891144	19826.795736			2.0		0.0	2.0					
19831.838	10.364000000001397	trials	25.0	19839.050923000003	19840.19527			19838.121055	19840.188742000002			3.0		0.0	2.0					
19846.283	7.34400000000096	trials	25.0	19849.02906	19850.538244000003	19851.714048	19851.895179000003	19848.244266	19850.921269000002	19852.477	19853.627	2.0	1.0	1.0	1.0					
19855.643	16.258999999998196	trials	25.0	19864.883802	19866.84028	19869.5607	19870.136548000002	19863.903907	19867.135042	19870.118	19871.902	3.0	2.0	1.0	1.0					
19873.938	15.124000000003434	trials	25.0	19883.343757000002	19885.320113	19887.721503	19889.144118	19882.575168000003	19885.552074			3.0	2.0	0.0	3.0					
19892.042	6.430000000000291	trials	25.0	19895.160376	19896.461379			19894.243435	19896.451435000003			2.0		0.0	2.0					
19902.479	13.913000000000466	trials	25.0	19912.974009	19914.471099000002			19912.010767	19914.461247			3.0		0.0	2.0					
19919.427	72.53499999999985	trials	25.0	19986.594733	19988.506527	19990.1761	19990.414269	19985.825326000002	19989.236836	19990.872	19991.962	2.0	1.0	1.0	1.0					
19995.052	10.815999999998894	trials	25.0	20000.589675000003	20002.733736000002	20004.101887	20005.954855	19999.854931	20002.962114			3.0	2.0	0.0	3.0					
20006.453	15.619999999998981	trials	25.0	20019.42534	20020.146201			20018.466313	20020.136917			3.0		0.0	2.0					
20026.149	13.617999999998574	trials	25.0	20036.245758	20038.111065	20039.195722	20039.300829	20035.519618000002	20038.241197000003			2.0	1.0	0.0	3.0					
20041.518	24.73400000000038	trials	25.0	20062.539847	20064.024442	20066.010505000002	20066.205321	20061.985932	20064.717531000002			2.0	1.0	0.0	3.0					
20069.281	7.9760000000023865	trials	25.0	20072.384607	20073.493672	20075.567578000002	20075.706969000003	20071.511556	20074.336221	20076.222	20077.257	2.0	1.0	1.0	1.0					
20079.347	20.594999999997526	trials	25.0	20092.506562000002	20094.262411	20097.710746	20098.232920000002	20091.674128000002	20094.562209	20098.312	20099.942	3.0	2.0	1.0	1.0					
20102.962	13.945999999999913	trials	25.0	20111.500177	20113.401244	20114.810661	20114.916282000002	20110.506915	20113.639693	20115.398	20116.908	2.0	1.0	1.0	1.0					
20120.738	12.279999999998836	trials	25.0	20129.68954	20131.708302000003	20132.782749	20132.948655	20129.094193	20131.903347			3.0	1.0	0.0	3.0					
20135.103	7.720000000001164	trials	25.0	20137.724735	20139.453898	20140.967490000003	20141.113156	20137.01137	20139.861612	20141.592	20142.823	2.0	1.0	1.0	1.0					
20146.781	25.07600000000093	trials	25.0	20167.815373	20169.804315	20171.62473	20171.798614	20167.23928	20170.364949000003			2.0	1.0	0.0	3.0					
20174.872	19.50500000000102	trials	25.0	20190.730264	20192.446597000002	20194.082019	20194.239285	20189.75212	20193.106435			2.0	1.0	0.0	3.0					
20196.387	4.925999999999476	trials	25.0	20198.340781000003	20199.252417			20197.397077	20199.246898			3.0		0.0	2.0					
20204.397	24.18999999999869	trials	25.0	20221.045665	20223.0891	20226.420652	20226.888447	20220.151554	20223.321365	20227.137	20228.587	3.0	2.0	1.0	1.0					
20230.676	13.991000000001804	trials	25.0	20239.956712	20241.625043	20244.130483	20244.754935	20239.117560000002	20241.870972			3.0	2.0	0.0	3.0					
20247.422	6.8400000000001455	trials	25.0	20251.199878	20252.722449	20254.027513	20254.099074	20250.325333	20253.060157			3.0	1.0	0.0	3.0					
20257.332	20.520000000000437	trials	25.0	20273.420755000003	20274.664284000002	20277.350139000002	20277.935332	20272.869135	20276.039556			3.0	1.0	0.0	3.0					
20281.602	5.835000000002765	trials	25.0	20283.680881	20285.531059	20287.005766000002	20287.157347	20282.563978000002	20285.812588			2.0	1.0	0.0	3.0					
20289.332	42.470000000001164	trials	25.0	20312.626121	20313.830956	20331.253230000002	20331.890326	20311.811019	20315.282275			3.0	2.0	0.0	3.0					
20334.569	11.20799999999872	trials	25.0	20339.936125	20341.789498000002	20343.841228	20343.979173	20339.236138	20342.309685	20344.432	20345.777	2.0	1.0	1.0	1.0					
20347.832	15.930000000000291	trials	25.0	20356.841278	20357.959269000003	20361.445267000003	20361.972949000003	20356.212337	20359.256728	20362.047	20363.762	3.0	2.0	1.0	1.0					
20365.787	12.43500000000131	trials	25.0	20373.310486000002	20374.907386000003	20376.289317000002	20376.475762000002	20372.62483	20375.156815000002	20377.067	20378.222	2.0	1.0	1.0	1.0					
20382.342	9.690999999998894	trials	25.0	20388.230967	20389.672860000002	20391.652456	20392.117743000003	20387.585417000002	20390.166313			2.0	1.0	0.0	3.0					
20394.027	12.18500000000131	trials	25.0	20400.846286	20402.77011	20404.382907	20404.484002	20400.137559000003	20403.196849	20404.952	20406.212	2.0	1.0	1.0	1.0					
20409.266	11.734000000000378	trials	25.0	20415.721516	20416.897981000002	20419.045000000002	20419.218539	20414.909811	20417.587137000002	20419.677	20421.0	2.0	1.0	1.0	1.0					
20424.017	11.360000000000582	trials	25.0	20431.406058	20432.883349	20435.140746	20435.347241000003	20430.729629	20433.629437			3.0	1.0	0.0	3.0					
20439.452	6.819999999999709	trials	25.0	20442.7359	20444.273395			20442.188352	20444.264999000003			3.0		0.0	2.0					
20448.317	13.631000000001222	trials	25.0	20456.266384000002	20457.452553000003	20459.135274	20459.711875	20455.360565000003	20457.834828	20459.767	20461.948	3.0	2.0	1.0	1.0					
20463.967	11.940999999998894	trials	25.0	20472.766789	20474.138421	20475.612349000003	20475.691411	20471.8764	20474.476988000002			2.0	1.0	0.0	3.0					
20478.972	5.935999999997875	trials	25.0	20480.796949	20481.895599000003	20484.673051	20484.976282	20479.649178	20483.679367			2.0	1.0	0.0	3.0					
20488.917	15.12999999999738	trials	25.0	20499.557155000002	20501.336310000002	20503.400116	20504.133405	20498.985479000003	20501.571978			3.0	2.0	0.0	3.0					
20505.707	57.241000000001804	trials	25.0	20557.937772	20559.465608000002	20561.075863000002	20561.210665000002	20557.384849000002	20559.694042000003	20561.752	20562.948	2.0	1.0	1.0	1.0					
20565.967	12.319999999999709	trials	25.0	20572.196620000002	20574.073375	20575.837673	20576.350994	20571.44899	20574.42853	20576.493	20578.287	3.0	2.0	1.0	1.0					
20582.344	8.63799999999901	trials	25.0	20587.538566000003	20589.073288	20590.613746000003	20590.749385000003	20586.543706	20589.378685			2.0	1.0	0.0	3.0					
20593.868	11.824000000000524	trials	25.0	20599.102324	20600.46916	20603.403051	20603.903815	20598.277621	20601.127821000002	20603.993	20605.692	3.0	2.0	1.0	1.0					
20608.777	55.9900000000016	BlockDesign														1.0	1060.0	1064.0	0.0	0.0
20608.777	10.225000000002183	trials	26.0	20615.802181	20617.06911	20618.747901000002	20618.846191	20615.278771	20617.471174000002			2.0	1.0	0.0	3.0					
20623.052	6.665000000000873	trials	26.0	20624.958549000003	20626.090243000002	20628.61413	20629.805539	20623.917313	20626.394077			2.0	2.0	0.0	3.0					
20631.857	10.325000000000728	trials	26.0	20638.642257	20640.505823	20641.865983	20642.047534	20637.675114	20640.518238			2.0	1.0	0.0	3.0					
20645.257	7.259999999998399	trials	26.0	20648.999050000002	20650.974354	20652.279184000003	20652.378516	20648.336428000002	20651.296328			2.0	1.0	0.0	3.0					
20655.527	9.2400000000016	trials	26.0	20661.322181000003	20662.906765	20664.715821	20665.249866000002	20660.597692000003	20663.294258			2.0	1.0	0.0	3.0					
20670.033	225.67399999999907	BlockDesign														1.0	1065.0	1071.0	0.0	0.0
20670.033	15.338999999999942	trials	27.0	20678.937547	20681.0119	20684.967033	20685.459347	20678.217829	20681.26624			3.0	2.0	0.0	3.0					
20688.347	54.935999999997875	trials	27.0	20739.847753000002	20741.229880000003	20743.029547000002	20746.468177000002	20738.910349	20741.721509000003			3.0	2.0	0.0	3.0					
20746.288	15.78900000000067	trials	27.0	20758.577689	20760.192604	20761.329591	20762.166447	20757.982378	20760.26262			3.0	2.0	0.0	3.0					
20764.655	63.507000000001426	trials	27.0	20823.818074000003	20825.747910000002	20827.459827000002	20827.774534	20822.837566000002	20825.982595			3.0	2.0	0.0	3.0					
20830.737	6.229999999999563	trials	27.0	20834.277955	20835.045751			20833.639327	20835.03655			3.0		0.0	2.0					
20840.977	8.596000000001368	trials	27.0	20845.714159000003	20847.550557000002			20844.870508	20847.547446			3.0		0.0	2.0					
20853.582	42.125	trials	27.0	20890.375171	20892.060519000002	20895.657192000002	20897.75814	20889.447487	20892.406033			3.0	2.0	0.0	3.0					
20899.033	254.09100000000035	BlockDesign														0.0	1072.0	1081.0	50.0	50.0
20899.033	4.540000000000873	trials	28.0	20901.16531	20901.656665000002			20900.274649000003	20901.647523			3.0		0.0	2.0					
20906.611	7.440999999998894	trials	28.0	20909.688219	20910.990222	20912.751609000003	20914.13896	20909.142286000002	20911.196236			3.0	2.0	0.0	3.0					
20914.997	52.9900000000016	trials	28.0	20965.073649	20966.070440000003			20964.55963	20966.063104			2.0		0.0	2.0					
20971.063	10.569000000003143	trials	28.0	20976.554228	20977.94083	20981.147947	20981.722421000002	20975.879820000002	20979.826764			2.0	1.0	0.0	3.0					
20983.458	105.1840000000011	trials	28.0	21085.515666	21087.056793	21088.413802000003	21088.495065000003	21084.926292	21087.678483			2.0	1.0	0.0	3.0					
21092.652	5.105000000003201	trials	28.0	21094.574415000003	21095.7472			21093.141457	21095.744675			3.0		0.0	2.0					
21101.837	10.549999999999272	trials	28.0	21106.449275000003	21107.622345	21112.158526	21114.606874	21105.630465000002	21109.482313			3.0	2.0	0.0	3.0					
21114.412	8.18999999999869	trials	28.0	21118.183882	21119.776351	21120.955069	21121.083517	21117.576631	21120.155332000002	21121.658	21122.602	2.0	1.0	1.0	1.0					
21125.692	15.68500000000131	trials	28.0	21133.166181	21135.141895	21139.104574	21139.601498	21132.274438	21135.529797000003	21139.752	21141.377	3.0	2.0	1.0	1.0					
21143.412	9.711999999999534	trials	28.0	21150.974941	21151.132329			21150.435693	21151.124068			2.0		0.0	2.0					
