onset	duration	nwb_table	block	tone_on_time	tone_off_time	action_on_time	action_off_time	pokeC_on_time	pokeC_off_time	reward_on_time	reward_off_time	state	action	reward	result	FinishedBlock	FirstTrial	LastTrial	RewardRule_L	RewardRule_R
2.662	852.083	BlockDesign														1.0	1.0	35.0	50.0	0.0
2.662	97.42899999999999	trials	1.0	97.06315700000002	98.77264700000002	99.76394600000002	99.98794500000001	96.07361400000002	98.92207700000002			2.0	1.0	0.0	3.0					
102.175	38.792000000000016	trials	1.0	137.50384400000002	139.30998300000002	140.605367	141.07252100000002	136.623633	139.55050100000003			2.0	2.0	0.0	3.0					
144.952	21.75800000000001	trials	1.0	162.388563	163.52972000000003	164.76354300000003	164.942067	161.58919400000002	163.783895	165.365	166.71	2.0	1.0	1.0	1.0					
169.796	15.664000000000016	trials	1.0	181.74923700000002	183.211316	184.952795	185.56407800000002	181.20671900000002	183.80609900000002			2.0	1.0	0.0	3.0					
188.328	37.162000000000006	trials	1.0	220.768729	222.01105500000003	223.63242300000002	223.933737	220.16825300000002	222.86676000000003	224.305	225.49	2.0	1.0	1.0	1.0					
227.52	14.259999999999991	trials	1.0	239.14385700000003	240.22083	241.42640100000003	241.88547000000003	238.55561400000002	240.55955100000003			2.0	1.0	0.0	3.0					
243.69	26.25999999999999	trials	1.0	265.749272	267.376128	268.391562	268.604557	264.95024900000004	267.44896800000004	269.171	269.95	2.0	1.0	1.0	1.0					
273.99	40.90899999999999	trials	1.0	311.334906	312.57774	313.91963300000003	314.39687100000003	310.34520200000003	312.93343100000004			2.0	1.0	0.0	3.0					
317.316	6.696000000000026	trials	1.0	319.054724	320.60636900000003	322.742688	323.30602200000004	315.005404	320.790117			2.0	2.0	0.0	3.0					
326.995	9.214999999999975	trials	1.0	331.109528	332.27601000000004	334.92861	335.483531	330.263433	333.62448900000004			2.0	2.0	0.0	3.0					
337.317	5.367999999999995	trials	1.0	339.00533	340.200359	341.96272500000003	342.183308	336.315045	340.684552			2.0	2.0	0.0	3.0					
344.281	16.968999999999994	trials	1.0	358.454693	359.821077	360.984357	361.29150500000003	357.58004700000004	360.17836			2.0	2.0	0.0	3.0					
363.26	31.060000000000002	trials	1.0	388.32595100000003	390.295811	392.753017	393.032055	387.433939	390.36077700000004	393.41	394.32	2.0	1.0	1.0	1.0					
396.365	11.305999999999983	trials	1.0	404.069696	405.976349	407.417574	407.71146200000004	403.543961	406.15017			2.0	1.0	0.0	3.0					
411.748	28.468000000000018	trials	1.0	434.694885	435.962324			433.694102	435.954999			2.0		0.0	2.0					
440.875	10.079999999999984	trials	1.0	443.451306	444.551647	447.232232	447.897784	442.777079	445.561777			2.0	2.0	0.0	3.0					
451.595	41.950999999999965	trials	1.0	489.920289	491.646798	492.970908	493.335872	489.100293	491.635509			2.0		0.0	2.0					
495.555	22.325999999999965	trials	1.0	513.500507	514.966737	516.227312	516.515832	512.7899030000001	515.527259	516.899	517.881	2.0	1.0	1.0	1.0					
520.97	16.899999999999977	trials	1.0	534.565073	535.712033	537.265524	537.974826	533.941581	536.594655			2.0	1.0	0.0	3.0					
539.563	65.36699999999996	trials	1.0	600.600143	601.947886	603.025392	603.231537	599.989454	602.371074	603.585	604.93	2.0	1.0	1.0	1.0					
607.955	15.260999999999967	trials	1.0	618.632442	620.137149	621.384182	621.712487	617.755578	620.51118	621.98	623.216	2.0	1.0	1.0	1.0					
625.387	16.33800000000008	trials	1.0	638.536574	640.237572	641.401655	641.8348080000001	637.790789	640.798902			2.0	1.0	0.0	3.0					
643.656	26.564000000000078	trials	1.0	667.0554480000001	668.469608	669.834333	670.30809	666.42348	669.185016			2.0	1.0	0.0	3.0					
674.225	26.539999999999964	trials	1.0	695.907451	697.788149	699.070298	699.3036470000001	695.346287	698.109524	699.695	700.765	2.0	1.0	1.0	1.0					
704.91	22.596000000000004	trials	1.0	723.14101	724.503105	725.964903	726.14372	722.2957680000001	725.279871	726.515	727.506	2.0	1.0	1.0	1.0					
729.595	13.370999999999981	trials	1.0	739.666287	741.3379170000001	742.6543760000001	743.001834	738.925751	741.5983200000001			2.0	1.0	0.0	3.0					
746.05	12.735000000000014	trials	1.0	754.96131	756.473031	757.856501	758.288145	754.363389	756.873348			2.0	1.0	0.0	3.0					
760.175	7.490000000000009	trials	1.0	762.055866	764.093268	766.665659	767.0917880000001	758.892636	764.291259			2.0	2.0	0.0	3.0					
770.953	6.73700000000008	trials	1.0	772.976161	774.934787	776.647215	777.271263	767.774583	776.060053			2.0	1.0	0.0	3.0					
778.987	7.248000000000047	trials	1.0	780.945583	782.3929420000001	785.078949	785.655939	777.797702	783.778065			2.0	2.0	0.0	3.0					
788.47	6.014999999999986	trials	1.0	790.511384	790.722939	791.477514	791.644587	786.343944	790.71696			2.0		0.0	2.0					
794.725	7.559999999999945	trials	1.0	797.016148	797.343129	801.946125	802.391475	796.052901	797.335332			2.0		0.0	2.0					
802.4	16.19100000000003	trials	1.0	815.131464	817.057977	818.294387	818.700023	814.352751	817.468335			2.0	1.0	0.0	3.0					
822.673	17.101999999999975	trials	1.0	835.032698	836.208477	838.176144	838.414892	834.4895730000001	837.258791	838.734	839.775	2.0	1.0	1.0	1.0					
841.796	12.948999999999955	trials	1.0	850.087046	851.598342	853.075248	853.3036480000001	849.529398	852.065058	853.645	854.745	2.0	1.0	1.0	1.0					
856.812	259.7879999999999	BlockDesign														1.0	36.0	56.0	0.0	50.0
856.812	13.492999999999938	trials	2.0	864.6316	866.142254	868.588517	868.950962	863.843267	866.918964	869.225	870.305	3.0	2.0	1.0	1.0					
874.325	20.221000000000004	trials	2.0	890.867776	892.14795	893.390804	893.869362	890.114645	892.558535			3.0	2.0	0.0	3.0					
896.72	6.589999999999918	trials	2.0	898.546523	900.1946820000001	901.640292	901.952211	894.652019	900.324086	902.205	903.31	3.0	2.0	1.0	1.0					
905.365	12.424999999999955	trials	2.0	914.18174	915.450866	916.693994	917.187047	913.274454	915.956172			3.0	2.0	0.0	3.0					
918.984	6.591000000000008	trials	2.0	921.071495	922.658633	924.097935	924.271566	917.900225	922.878297	924.68	925.575	3.0	2.0	1.0	1.0					
928.72	8.144999999999982	trials	2.0	933.368144	934.5004240000001	935.895003	936.32529	932.810078	935.079084			3.0	2.0	0.0	3.0					
938.175	9.475000000000023	trials	2.0	940.282998	942.291098	943.32777	943.5799920000001	936.9728670000001	942.429167			3.0	2.0	0.0	3.0					
947.665	5.7450000000000045	trials	2.0	949.431988	950.548901	951.879465	952.066764	947.922267	951.1535230000001	952.495	953.41	3.0	2.0	1.0	1.0					
956.431	28.74000000000001	trials	2.0	978.857898	980.763705	983.465858	983.857586	978.266688	980.945235	983.981	985.171	3.0	2.0	1.0	1.0					
987.25	9.341000000000008	trials	2.0	992.3022100000001	993.693206	994.995422	995.207386	991.568498	994.094664	995.546	996.591	3.0	2.0	1.0	1.0					
998.61	11.784999999999968	trials	2.0	1007.15147	1008.2782100000001	1009.576859	1009.917936	1006.263803	1008.7853240000001			3.0	2.0	0.0	3.0					
1013.906	6.299000000000092	trials	2.0	1017.146843	1017.974111			1016.400554	1017.967794			3.0		0.0	2.0					
1021.895	8.120000000000118	trials	2.0	1023.731561	1025.0825570000002	1028.382489	1028.671947	1022.78306	1027.3031489999998	1029.091	1030.015	3.0	2.0	1.0	1.0					
1034.11	9.8900000000001	trials	2.0	1038.467334	1040.366186	1042.449022	1042.651889	1037.682055	1040.64823	1042.985	1044.0	3.0	2.0	1.0	1.0					
1047.096	9.903999999999996	trials	2.0	1053.21236	1054.680632	1056.138393	1056.548495	1052.588473	1055.384489			3.0	2.0	0.0	3.0					
1058.445	6.945000000000164	trials	2.0	1060.486836	1061.853695	1064.207459	1064.362049	1057.1077500000001	1063.053999			3.0	2.0	0.0	3.0					
1068.515	5.684999999999945	trials	2.0	1070.427367	1071.778983	1073.067278	1073.466428	1065.498728	1071.994236			3.0	1.0	0.0	3.0					
1076.415	6.050999999999931	trials	2.0	1078.147139	1079.233683	1080.769413	1081.021847	1074.308094	1080.121878	1081.275	1082.466	3.0	2.0	1.0	1.0					
1084.485	12.521000000000186	trials	2.0	1092.487365	1093.804052	1095.206103	1095.492947	1091.601198	1094.41239	1095.841	1097.006	3.0	2.0	1.0	1.0					
1099.096	8.95900000000006	trials	2.0	1104.0221	1105.263797	1107.133589	1107.562593	1103.378637	1106.287974			3.0	2.0	0.0	3.0					
1110.375	6.224999999999909	trials	2.0	1112.217479	1113.765368	1116.359652	1116.574075	1108.164572	1115.068392			3.0	1.0	0.0	3.0					
1119.671	1780.289	BlockDesign														1.0	57.0	169.0	50.0	50.0
1119.671	6.0	trials	3.0	1121.722683	1122.907596	1124.523393	1125.012801	1117.289259	1123.463738			2.0	2.0	0.0	3.0					
1127.855	6.375	trials	3.0	1129.624321	1130.954231	1132.88784	1133.362159	1125.781136	1131.190442			3.0	1.0	0.0	3.0					
1135.165	5.6400000000001	trials	3.0	1136.869144	1138.389446	1140.500958	1140.916956	1134.341693	1139.357958			3.0	2.0	0.0	3.0					
1144.811	10.469000000000051	trials	3.0	1148.847432	1150.153764	1154.34491	1154.822028	1148.327009	1151.301204			2.0	2.0	0.0	3.0					
1158.666	10.288999999999987	trials	3.0	1162.80321	1164.504399	1167.022103	1167.357275	1161.93939	1165.79726	1167.671	1168.955	3.0	2.0	1.0	1.0					
1171.048	13.257000000000062	trials	3.0	1177.892546	1179.716039	1182.635973	1182.908825	1176.899615	1180.769906	1183.341	1184.305	2.0	1.0	1.0	1.0					
1186.375	15.029999999999973	trials	3.0	1196.347751	1198.099818	1199.902085	1200.036327	1195.637951	1199.038247	1200.41	1201.405	2.0	1.0	1.0	1.0					
1204.425	15.160000000000082	trials	3.0	1215.683939	1217.694107	1218.626333	1218.93068	1214.878317	1217.75525			3.0	2.0	0.0	3.0					
1222.96	7.539999999999964	trials	3.0	1224.962969	1226.204058	1229.593628	1230.024312	1219.692107	1226.193372			3.0		0.0	2.0					
1232.177	6.4780000000000655	trials	3.0	1234.277514	1235.395202	1237.115057	1237.383987	1230.610101	1235.880156	1237.9	1238.655	3.0	2.0	1.0	1.0					
1240.703	10.51299999999992	trials	3.0	1245.902875	1248.221174	1250.241867	1250.636487	1244.974266	1249.315866			2.0	2.0	0.0	3.0					
1253.49	5.954999999999927	trials	3.0	1255.16309	1256.973681	1258.652162	1258.987394	1251.327801	1257.27635			3.0	1.0	0.0	3.0					
1261.033	6.723000000000184	trials	3.0	1263.071208	1263.08666			1259.556327	1263.07544			2.0		0.0	2.0					
1268.0	7.490000000000009	trials	3.0	1270.272737	1272.007738	1274.507555	1275.076646	1268.76713	1273.426716			2.0	2.0	0.0	3.0					
1276.785	7.994999999999891	trials	3.0	1278.477626	1279.770288	1281.666101	1282.09911	1275.597731	1280.374205			3.0	1.0	0.0	3.0					
1284.995	8.240000000000009	trials	3.0	1287.014205	1288.857712	1291.106384	1291.626969	1284.890694	1290.238206			2.0	2.0	0.0	3.0					
1294.482	12.087999999999965	trials	3.0	1300.998245	1303.002801	1304.810939	1305.169998	1300.41221	1303.520373			2.0	2.0	0.0	3.0					
1308.123	28.527000000000044	trials	3.0	1331.78847	1333.058401	1335.632081	1336.28395	1331.129192	1334.375154			2.0	1.0	0.0	3.0					
1338.871	5.2439999999999145	trials	3.0	1340.642885	1342.185818	1343.252238	1343.672673	1336.761398	1342.199037			3.0	1.0	0.0	3.0					
1347.631	6.8840000000000146	trials	3.0	1349.458983	1350.941751	1352.921768	1353.218384	1344.223601	1351.954232	1353.51	1354.515	3.0	2.0	1.0	1.0					
1358.605	8.465999999999894	trials	3.0	1363.233216	1365.090495			1362.422763	1365.0873060000001			3.0		0.0	2.0					
1369.146	5.900000000000091	trials	3.0	1371.148365	1371.275525			1366.037078	1371.265666			2.0		0.0	2.0					
1375.18	5.785999999999831	trials	3.0	1377.238164	1378.100303			1375.937539	1378.0935			3.0		0.0	2.0					
1382.132	8.88799999999992	trials	3.0	1384.548335	1386.21599	1389.37394	1389.665631	1383.54329	1387.299066	1390.01	1391.02	2.0	1.0	1.0	1.0					
1394.125	11.49499999999989	trials	3.0	1399.923665	1401.500643	1404.716249	1405.138091	1398.983531	1403.590493			2.0	1.0	0.0	3.0					
1408.08	11.012000000000171	trials	3.0	1412.59825	1413.800659	1417.326452	1417.550939	1411.935489	1416.117837	1418.006	1419.092	3.0	2.0	1.0	1.0					
1421.181	11.94399999999996	trials	3.0	1428.83019	1430.380679	1432.134447	1432.600954	1427.989811	1430.876717			2.0	2.0	0.0	3.0					
1435.586	9.844000000000051	trials	3.0	1437.503618	1438.929863	1441.331969	1441.556714	1433.235185	1440.251924			3.0	1.0	0.0	3.0					
1445.68	6.244999999999891	trials	3.0	1447.52343	1449.018953	1450.705424	1451.414028	1446.052922	1449.875902			2.0	2.0	0.0	3.0					
1455.03	9.940000000000055	trials	3.0	1459.668729	1461.288332	1463.399424	1463.598066	1459.144115	1462.219691	1463.93	1464.97	3.0	2.0	1.0	1.0					
1466.99	12.660000000000082	trials	3.0	1474.223843	1476.012683	1478.221292	1478.5176510000001	1473.419558	1476.81675			2.0	2.0	0.0	3.0					
1480.57	12.855000000000018	trials	3.0	1489.274038	1491.0106230000001	1492.403283	1492.849433	1488.708349	1491.553829			3.0	2.0	0.0	3.0					
1495.655	10.450000000000045	trials	3.0	1501.138838	1503.040802	1504.906223	1505.550432	1500.188308	1504.257372			3.0	1.0	0.0	3.0					
1507.316	7.0090000000000146	trials	3.0	1509.303687	1510.431248	1514.101455	1514.433792	1506.215226	1510.419279			3.0		0.0	2.0					
1514.407	7.808999999999969	trials	3.0	1516.22418	1518.1392270000001	1521.272052	1521.792626	1515.623475	1518.575406			3.0	2.0	0.0	3.0					
1523.575	9.174999999999955	trials	3.0	1525.2051510000001	1526.639568	1530.048041	1530.603419	1522.327007	1528.638813			2.0	1.0	0.0	3.0					
1534.428	6.752999999999929	trials	3.0	1537.154685	1538.216538	1540.025144	1540.532821	1536.448509	1538.636093			2.0	2.0	0.0	3.0					
1543.335	21.694999999999936	trials	3.0	1559.929091	1561.497597	1563.311409	1563.591234	1559.114889	1561.795508	1563.915	1565.03	3.0	2.0	1.0	1.0					
1568.185	19.32100000000014	trials	3.0	1583.224013	1584.9605	1586.528373	1586.78134	1582.533417	1585.197014			2.0	1.0	0.0	3.0					
1590.872	6.607999999999947	trials	3.0	1592.934481	1594.166334	1595.818416	1596.014633	1587.616219	1594.890206	1596.552	1597.48	2.0	1.0	1.0	1.0					
1600.635	11.154999999999973	trials	3.0	1607.840199	1608.865767	1610.803211	1611.235244	1607.024435	1609.47509			3.0	2.0	0.0	3.0					
1615.176	9.903999999999996	trials	3.0	1619.06561	1620.97307	1624.031522	1624.455582	1618.307906	1622.21516			2.0	2.0	0.0	3.0					
1626.895	6.904999999999973	trials	3.0	1628.814107	1630.421376	1633.646988	1633.913589	1625.189283	1630.415747			3.0		0.0	2.0					
1634.437	7.898000000000138	trials	3.0	1636.120887	1637.2309950000001	1641.171359	1641.783023	1634.7224370000001	1639.281866			2.0	2.0	0.0	3.0					
1644.66	7.385999999999967	trials	3.0	1646.667068	1648.467363	1650.220313	1650.419038	1642.443677	1649.51583	1650.79	1652.046	2.0	1.0	1.0	1.0					
1655.081	16.082000000000107	trials	3.0	1666.154276	1667.593914	1668.779097	1668.999176	1665.320205	1667.93175	1669.385	1671.163	3.0	2.0	1.0	1.0					
1673.195	9.110000000000127	trials	3.0	1678.053504	1679.745084	1681.328718	1681.889376	1677.433838	1680.0245850000001			2.0	2.0	0.0	3.0					
1685.66	8.709999999999809	trials	3.0	1687.830825	1688.561585	1694.248922	1694.480081	1682.416031	1688.556254			3.0		0.0	2.0					
1694.61	6.9500000000000455	trials	3.0	1696.179702	1697.804154	1700.469504	1700.961761	1694.959445	1699.548857			2.0	2.0	0.0	3.0					
1702.781	9.5150000000001	trials	3.0	1704.851051	1706.123327	1708.4528970000001	1709.023719	1701.673742	1707.688136			3.0	1.0	0.0	3.0					
1712.695	8.830000000000155	trials	3.0	1715.100086	1716.912914	1720.687781	1721.180024	1714.578264	1718.831343			2.0	1.0	0.0	3.0					
1722.995	6.045000000000073	trials	3.0	1724.671716	1725.856644			1721.634938	1725.845892			3.0		0.0	2.0					
1729.765	6.7009999999997945	trials	3.0	1731.404396	1732.591521	1735.903045	1736.138549	1730.680422	1734.884883			3.0	2.0	0.0	3.0					
1739.265	18.200999999999794	trials	3.0	1751.3097930000001	1752.94143	1756.690178	1756.894419	1750.4085420000001	1752.936657			2.0		0.0	2.0					
1757.921	45.710000000000036	trials	3.0	1798.278759	1800.058376	1803.276165	1803.477936	1797.594573	1800.053651			2.0		0.0	2.0					
1804.966	18.804000000000087	trials	3.0	1819.960524	1821.583457	1822.693371	1822.935231	1819.068929	1822.119179			3.0	2.0	1.0	1.0					
1827.16	12.794999999999845	trials	3.0	1835.121341	1836.822465	1838.302166	1838.603009	1834.21904	1837.168179	1838.835	1839.955	3.0	2.0	1.0	1.0					
1842.04	12.295000000000073	trials	3.0	1847.984898	1849.836216	1853.726366	1853.915942	1847.246975	1849.829619			3.0		0.0	2.0					
1855.8	7.315000000000055	trials	3.0	1857.449553	1859.162652	1861.319756	1861.54532	1854.444612	1860.201242	1862.185	1863.115	2.0	1.0	1.0	1.0					
1866.145	10.045000000000073	trials	3.0	1871.135483	1872.576582	1874.607258	1874.761832	1870.607846	1873.433435	1875.24	1876.19	2.0	1.0	1.0	1.0					
1880.234	7.731999999999971	trials	3.0	1884.005723	1885.287942	1886.776901	1887.096302	1883.481159	1885.704707			2.0	2.0	0.0	3.0					
1890.08	5.654999999999973	trials	3.0	1892.055137	1893.214617	1894.85597	1895.109632	1888.075506	1893.978594			3.0	1.0	0.0	3.0					
1897.16	5.524999999999864	trials	3.0	1899.020454	1900.061943	1901.685207	1901.952773	1895.8478910000001	1900.816152			3.0	2.0	1.0	1.0					
1905.197	11.413000000000011	trials	3.0	1913.44488	1914.673562	1915.712141	1916.131643	1912.7956590000001	1915.0562850000001			2.0	2.0	0.0	3.0					
1918.02	8.63000000000011	trials	3.0	1920.0953	1921.968122			1916.722989	1921.96076			3.0		0.0	2.0					
1926.95	7.105000000000018	trials	3.0	1929.489863	1931.201832	1933.114895	1933.542627	1928.000103	1932.269202			3.0	2.0	0.0	3.0					
1935.361	7.343999999999824	trials	3.0	1937.435642	1939.267346	1940.574125	1940.870735	1934.169113	1939.351191	1941.331	1942.705	2.0	1.0	1.0	1.0					
1944.726	19.728999999999814	trials	3.0	1957.360527	1958.686874	1960.224735	1960.688627	1956.579537	1959.06918			2.0	1.0	0.0	3.0					
1964.562	8.598000000000184	trials	3.0	1968.537215	1970.352431	1971.958148	1972.633838	1967.966988	1971.292821			2.0	2.0	0.0	3.0					
1975.187	15.694000000000187	trials	3.0	1987.970901	1989.317259	1990.636518	1990.991616	1986.974789	1989.662378			3.0	2.0	0.0	3.0					
1993.881	29.778999999999996	trials	3.0	2020.855851	2021.994107	2023.433913	2023.746627	2020.213522	2022.4479000000001			2.0	1.0	0.0	3.0					
2027.69	21.074999999999818	trials	3.0	2044.726071	2045.793114	2047.051664	2047.406463	2044.11245	2046.296193	2047.575	2048.765	3.0	2.0	1.0	1.0					
2051.821	14.369000000000142	trials	3.0	2063.0377099999996	2064.9195659999996	2065.8919429999996	2066.064899	2062.2173730000004	2064.9907300000004			2.0	1.0	0.0	3.0					
2069.2	15.850000000000364	trials	3.0	2081.2006520000004	2082.931576	2084.666367	2085.140741	2080.50623	2083.6593650000004			3.0	2.0	0.0	3.0					
2088.984	16.385999999999967	trials	3.0	2100.8814599999996	2102.674209	2103.593216	2103.858021	2100.3649859999996	2102.9133629999997	2104.145	2105.37	3.0	2.0	1.0	1.0					
2108.39	25.791999999999916	trials	3.0	2129.141396	2130.9134459999996	2132.0402910000003	2132.314464	2128.278002	2130.915269	2133.975	2134.182	2.0	1.0	1.0	1.0					
2135.615	14.775000000000091	trials	3.0	2146.2262069999997	2147.921633	2149.1504000000004	2149.2930399999996	2145.6297700000005	2148.219578			2.0	1.0	0.0	3.0					
2151.466	5.5340000000001055	trials	3.0	2153.5661609999997	2155.04655	2156.6418700000004	2157.1128230000004	2150.5053319999997	2155.576075			2.0	2.0	0.0	3.0					
2160.926	8.99499999999989	trials	3.0	2165.1765670000004	2167.0042540000004	2168.0308750000004	2168.4076670000004	2164.631751	2167.1180910000003	2168.815	2169.921	3.0	2.0	1.0	1.0					
2172.01	12.264999999999873	trials	3.0	2180.2021290000002	2181.320181	2182.8134309999996	2183.295174	2179.3861319999996	2181.8680050000003			3.0	2.0	0.0	3.0					
2187.192	10.347999999999956	trials	3.0	2192.2666150000005	2193.5136810000004	2195.858894	2196.058416	2191.276242	2194.725558	2196.605	2197.54	2.0	1.0	1.0	1.0					
2199.631	12.483999999999924	trials	3.0	2206.3563299999996	2207.907513			2205.574302	2207.89757			3.0		0.0	2.0					
2212.877	8.913000000000011	trials	3.0	2216.636762	2218.191411	2220.881977	2221.1175059999996	2215.9786830000003	2218.911298			3.0	1.0	0.0	3.0					
2224.187	7.19800000000032	trials	3.0	2225.766915	2227.029807	2230.4088410000004	2230.89275	2221.9039519999997	2227.723344			2.0	2.0	0.0	3.0					
2232.69	7.480999999999767	trials	3.0	2234.776562	2235.384398	2239.2048269999996	2239.337499	2231.498015	2235.374345			3.0		0.0	2.0					
2241.296	6.875	trials	3.0	2243.3918670000003	2245.3704020000005	2246.4717650000002	2246.630489	2240.285003	2245.4378850000003	2246.995	2248.171	2.0	1.0	1.0	1.0					
2251.19	11.840000000000146	trials	3.0	2258.7366469999997	2260.3132990000004	2262.0673770000003	2262.256577	2258.171942	2260.589951			2.0	1.0	0.0	3.0					
2264.285	6.745000000000346	trials	3.0	2266.3468489999996	2267.6287979999997	2269.296461	2269.5516880000005	2263.141466	2268.4002499999997	2269.81	2271.03	3.0	2.0	1.0	1.0					
2273.05	12.74599999999964	trials	3.0	2281.172168	2283.0685729999996	2284.1516490000004	2284.374175	2280.314375	2283.395711	2284.705	2285.796	3.0	2.0	1.0	1.0					
2288.815	11.570000000000164	trials	3.0	2294.966899	2296.4531429999997	2298.721622	2298.8931780000003	2294.2575020000004	2297.302383	2299.265	2300.385	2.0	1.0	1.0	1.0					
2303.455	20.360000000000127	trials	3.0	2320.13195	2321.7032150000005	2322.7424629999996	2323.1672609999996	2319.534101	2321.9970139999996			3.0	2.0	0.0	3.0					
2325.046	6.614000000000033	trials	3.0	2326.7223379999996	2328.2686649999996	2330.731557	2331.2784570000003	2323.927694	2329.659869			2.0	1.0	0.0	3.0					
2335.05	9.759999999999764	trials	3.0	2338.517057	2340.35772	2343.10368	2343.6214069999996	2337.907029	2341.61013			3.0	1.0	0.0	3.0					
2346.395	8.264999999999873	trials	3.0	2348.2222620000002	2349.6302189999997	2353.6480140000003	2353.8042050000004	2344.9260240000003	2349.617889			3.0		0.0	2.0					
2355.535	5.3650000000002365	trials	3.0	2357.26893	2358.1580160000003	2360.244589	2361.0136169999996	2354.7755450000004	2358.149679			2.0		0.0	2.0					
2362.135	7.485999999999876	trials	3.0	2364.7421539999996	2366.4536479999997	2368.139163	2368.3069020000003	2363.7768509999996	2366.938368	2368.7	2369.621	2.0	1.0	1.0	1.0					
2373.636	15.61999999999989	trials	3.0	2385.437081	2387.4876539999996	2388.7987860000003	2389.02956	2384.4392749999997	2387.5120720000004			2.0	1.0	0.0	3.0					
2392.096	41.59900000000016	trials	3.0	2430.241782	2431.795301	2433.35978	2433.610853	2429.452894	2431.780326			2.0		0.0	2.0					
2435.702	28.60799999999972	trials	3.0	2458.242137	2459.9610810000004			2457.6144329999997	2459.957378			3.0		0.0	2.0					
2464.935	48.51000000000022	trials	3.0	2508.8359520000004	2510.578386	2511.720098	2511.9302100000004	2508.010728	2511.123872	2512.41	2513.445	2.0	1.0	1.0	1.0					
2516.52	14.559999999999945	trials	3.0	2526.482726	2528.579409	2529.409092	2529.7348979999997	2525.5438940000004	2528.8732440000003	2530.02	2531.08	3.0	2.0	1.0	1.0					
2533.22	25.01000000000022	trials	3.0	2555.628047	2556.689862	2557.9965300000003	2558.3465100000003	2554.916298	2557.347039			3.0	2.0	0.0	3.0					
2562.235	47.60599999999977	trials	3.0	2605.7375119999997	2607.0948559999997	2609.440566	2609.9534970000004	2604.77462	2607.078867			3.0		0.0	2.0					
2611.071	14.829000000000178	trials	3.0	2622.539847	2624.6701279999997	2625.65982	2626.005308	2621.5691960000004	2625.1153190000005			2.0	2.0	0.0	3.0					
2627.905	50.38499999999976	trials	3.0	2674.0753000000004	2675.859931	2676.580355	2676.8901910000004	2673.1142339999997	2676.0468119999996	2677.285	2678.29	3.0	2.0	1.0	1.0					
2680.311	13.894999999999982	trials	3.0	2691.4433310000004	2692.717407	2693.8792919999996	2694.276965	2690.758221	2693.2510620000003			2.0	2.0	0.0	3.0					
2697.172	35.452999999999975	trials	3.0	2728.599024	2730.1868860000004	2731.079143	2731.396476	2727.7415149999997	2730.587864			3.0	2.0	0.0	3.0					
2735.346	30.86999999999989	trials	3.0	2761.7586010000005	2763.2098800000003	2764.461093	2764.6638949999997	2761.2034729999996	2763.8385120000003	2765.02	2766.216	2.0	1.0	1.0	1.0					
2768.231	13.073999999999614	trials	3.0	2778.6535030000005	2779.820039	2780.9366520000003	2781.4225480000005	2778.1451669999997	2780.262213			2.0	1.0	0.0	3.0					
2784.221	29.248999999999796	trials	3.0	2806.6438559999997	2808.6361960000004			2805.665424	2808.6224330000005			3.0		0.0	2.0					
2813.546	26.21900000000005	trials	3.0	2837.148927	2838.4102949999997	2839.4653289999997	2839.8622859999996	2836.4372869999997	2838.824173			2.0	1.0	0.0	3.0					
2843.815	37.279999999999745	trials	3.0	2876.646536	2877.9367890000003	2879.2821299999996	2879.552364	2875.9871540000004	2878.639722	2879.99	2881.095	3.0	2.0	1.0	1.0					
2885.18	14.7800000000002	trials	3.0	2895.0692639999997	2896.7805179999996	2898.1106739999996	2898.309894	2894.099841	2897.0565450000004	2898.606	2899.96	2.0	1.0	1.0	1.0					
2904.08	103.40999999999985	BlockDesign														1.0	170.0	174.0	0.0	0.0
2904.08	9.059999999999945	trials	4.0	2910.2389380000004	2911.7660370000003	2912.8187550000002	2913.0072200000004	2909.3438669999996	2911.9649099999997			2.0	1.0	0.0	3.0					
2917.206	28.248999999999796	trials	4.0	2942.2147139999997	2943.8913490000004	2945.214532	2945.5711440000005	2941.5680599999996	2944.4505769999996			2.0	1.0	0.0	3.0					
2948.541	15.933999999999742	trials	4.0	2961.6044330000004	2963.1714869999996	2964.229803	2964.5689350000002	2960.615914	2963.4891690000004			2.0	1.0	0.0	3.0					
2967.485	29.27099999999973	trials	4.0	2993.5450730000002	2995.374691	2996.4436400000004	2996.789656	2993.0023920000003	2995.6406450000004			2.0	1.0	0.0	3.0					
3000.845	6.644999999999982	trials	4.0	3004.5791820000004	3005.80811	3007.3038050000005	3007.6085869999997	3003.8911070000004	3006.484528			2.0	1.0	0.0	3.0					
3010.631	76.73399999999992	BlockDesign														1.0	175.0	179.0	0.0	0.0
3010.631	16.321000000000367	trials	5.0	3023.869436	3025.5876150000004	3026.551386	3026.98146	3022.933577	3025.811592			3.0	2.0	0.0	3.0					
3031.866	9.994000000000142	trials	5.0	3037.5692179999996	3038.840951	3040.2911759999997	3040.735766	3036.966104	3039.2846099999997			3.0	2.0	0.0	3.0					
3044.631	15.671000000000276	trials	5.0	3056.859678	3058.3750470000004	3059.917179	3060.399617	3055.99381	3058.8034589999997			3.0	2.0	0.0	3.0					
3064.227	17.222999999999956	trials	5.0	3074.541115	3076.519246	3077.373859	3077.753436	3074.023324	3076.808547			3.0	2.0	0.0	3.0					
3081.64	5.724999999999909	trials	5.0	3083.884287	3085.887439	3087.102325	3087.456276	3082.890499	3086.081917			3.0	2.0	0.0	3.0					
3089.395	5737.24	BlockDesign														1.0	180.0	528.0	50.0	50.0
3089.395	30.074999999999818	trials	6.0	3116.191831	3118.177554	3119.154359	3119.456699	3115.302231	3118.339699			3.0	2.0	0.0	3.0					
3122.5	13.670999999999822	trials	6.0	3132.585877	3134.268542	3135.920143	3136.141284	3131.882053	3134.897701			2.0	1.0	0.0	3.0					
3138.181	24.083999999999833	trials	6.0	3157.291104	3159.273748	3160.619327	3160.8499699999998	3156.396577	3159.869523	3161.131	3162.265	2.0	1.0	1.0	1.0					
3166.356	11.573999999999614	trials	6.0	3173.517793	3174.622882	3176.101413	3176.494558	3172.904995	3175.429393	3176.966	3177.93	3.0	2.0	1.0	1.0					
3182.025	14.27099999999973	trials	6.0	3191.786785	3193.84878	3194.828154	3195.293319	3191.216859	3194.115904			3.0	2.0	0.0	3.0					
3198.22	24.826000000000022	trials	6.0	3218.406467	3220.053619	3221.215381	3221.416038	3217.807851	3220.470391	3221.895	3223.046	2.0	1.0	1.0	1.0					
3225.065	16.029999999999745	trials	6.0	3236.392598	3237.632154	3239.428065	3239.7045749999997	3235.451481	3238.341937	3240.091	3241.095	3.0	2.0	1.0	1.0					
3244.178	12.192000000000007	trials	6.0	3252.486816	3254.144281	3255.470827	3255.637362	3251.5095029999998	3254.522938			2.0	1.0	0.0	3.0					
3259.828	10.646999999999935	trials	6.0	3264.732091	3266.5686729999998	3268.897273	3269.050649	3263.895141	3267.747879	3269.48	3270.475	2.0	1.0	1.0	1.0					
3272.515	10.210000000000036	trials	6.0	3278.621499	3279.715134	3281.472492	3281.769928	3277.901085	3280.639609			3.0	2.0	0.0	3.0					
3283.745	6.184999999999945	trials	6.0	3285.518092	3286.83828	3289.293261	3289.414651	3282.82021	3288.088261			2.0	1.0	0.0	3.0					
3292.611	5.722000000000207	trials	6.0	3294.261348	3295.838257	3297.440133	3297.852298	3290.026047	3296.073817			2.0	2.0	0.0	3.0					
3299.756	6.324000000000069	trials	6.0	3301.536801	3303.2532929999998	3304.502908	3304.769155	3298.425207	3303.332393	3305.231	3306.08	3.0	2.0	1.0	1.0					
3310.172	7.867999999999938	trials	6.0	3314.027897	3315.165207	3317.101429	3317.629471	3313.453512	3316.256948			3.0	2.0	0.0	3.0					
3320.47	11.015000000000327	trials	6.0	3325.643167	3328.140468	3329.780019	3330.06586	3324.643425	3329.121913	3330.257	3331.485	3.0	2.0	1.0	1.0					
3334.535	13.1550000000002	trials	6.0	3341.011492	3342.714041			3340.39931	3342.702647			2.0		0.0	2.0					
3347.762	6.837999999999738	trials	6.0	3349.982263	3351.537193	3353.8170959999998	3354.028438	3348.761872	3352.07451			3.0	1.0	0.0	3.0					
3356.2	9.231000000000222	trials	6.0	3358.16716	3360.07395	3361.397784	3361.820145	3354.694348	3360.5237349999998			2.0	2.0	0.0	3.0					
3365.675	9.574999999999818	trials	6.0	3367.551817	3369.0400959999997	3371.8043589999997	3372.029581	3365.951252	3370.303944			2.0	1.0	0.0	3.0					
3376.145	6.9699999999998	trials	6.0	3377.768342	3379.583461	3381.504198	3381.71079	3377.196753	3380.2889649999997	3382.06	3383.115	3.0	2.0	1.0	1.0					
3385.187	13.577999999999975	trials	6.0	3394.728508	3396.612691	3397.802272	3398.218565	3394.023315	3396.616458			2.0	2.0	0.0	3.0					
3401.122	6.5779999999999745	trials	6.0	3403.06905	3404.753488	3406.498341	3407.136271	3398.857315	3405.269148			3.0	2.0	0.0	3.0					
3409.781	9.329000000000178	trials	6.0	3415.212052	3416.690329	3418.27749	3418.519414	3414.352642	3417.061771			3.0	1.0	0.0	3.0					
3420.66	7.255000000000109	trials	6.0	3422.496889	3423.86742	3426.432592	3426.922183	3419.204926	3425.430213			2.0	2.0	0.0	3.0					
3430.8	116.34999999999991	trials	6.0	3542.457738	3543.8698839999997	3547.006246	3547.24531	3541.573557	3543.858541			2.0		0.0	2.0					
3549.91	28.721000000000004	trials	6.0	3574.448148	3576.046888	3576.936558	3577.217548	3573.529659	3576.251893	3577.56	3578.631	3.0	2.0	1.0	1.0					
3581.72	11.600000000000364	trials	6.0	3589.127744	3590.762437	3592.346752	3592.843574	3588.209209	3591.06996			2.0	1.0	0.0	3.0					
3594.679	9.960999999999785	trials	6.0	3599.293132	3601.1979380000002	3603.521487	3604.0748519999997	3598.565547	3601.6907579999997			2.0	1.0	0.0	3.0					
3606.796	8.515000000000327	trials	6.0	3608.462356	3609.565773	3612.008737	3613.418749	3604.736974	3611.453325			3.0	2.0	0.0	3.0					
3615.345	5.451000000000022	trials	6.0	3617.12306	3618.224946	3620.498256	3620.870804	3615.666439	3619.301367			2.0	2.0	0.0	3.0					
3622.765	34.470000000000255	trials	6.0	3653.242832	3654.691299	3655.45997	3655.814839	3652.454299	3654.962967	3656.171	3657.235	3.0	2.0	1.0	1.0					
3659.321	11.139000000000124	trials	6.0	3667.797911	3669.105754	3670.106257	3670.479309	3667.267202	3669.370417			3.0	2.0	0.0	3.0					
3673.46	31.380999999999858	trials	6.0	3700.9147709999997	3702.698849	3703.525744	3703.905783	3700.271623	3702.955251			3.0	2.0	0.0	3.0					
3705.845	23.795000000000073	trials	6.0	3726.997992	3728.19135	3729.293266	3729.735975	3726.087935	3728.649947			2.0	1.0	0.0	3.0					
3732.542	29.31800000000021	trials	6.0	3757.578439	3759.195268	3760.131469	3760.378938	3756.794621	3759.459036	3760.815	3761.86	2.0	1.0	1.0	1.0					
3763.937	14.94399999999996	trials	6.0	3774.4635200000002	3775.982734	3777.091586	3777.294826	3773.624596	3776.332937	3777.735	3778.881	2.0	1.0	1.0	1.0					
3781.9	10.260999999999967	trials	6.0	3787.718221	3788.896764	3791.024899	3791.419939	3787.169242	3790.262268			2.0	1.0	0.0	3.0					
3793.296	6.994000000000142	trials	6.0	3795.06547	3796.393066	3798.4619279999997	3798.784144	3792.255924	3797.457048	3799.256	3800.29	3.0	2.0	1.0	1.0					
3804.328	11.677999999999884	trials	6.0	3811.123462	3812.705082	3814.289778	3814.623136	3810.500742	3813.01306	3814.96	3816.006	3.0	2.0	1.0	1.0					
3820.089	11.796000000000276	trials	6.0	3827.5783659999997	3829.4971180000002	3830.762901	3831.190233	3826.639232	3829.76746			3.0	2.0	0.0	3.0					
3834.05	7.434999999999945	trials	6.0	3836.0289549999998	3836.0414069999997	3840.352111	3840.845023	3831.982326	3836.033058			3.0		0.0	2.0					
3842.023	7.192999999999756	trials	6.0	3844.078858	3845.540474	3848.072781	3848.667067	3842.381151	3846.196957			2.0	2.0	0.0	3.0					
3851.456	7.043999999999869	trials	6.0	3853.430029	3854.535684	3856.705075	3857.991235	3849.311941	3855.537811			3.0	2.0	0.0	3.0					
3859.04	6.880999999999858	trials	6.0	3860.943742	3862.139842	3865.100242	3865.513662	3858.595147	3863.629051			2.0	1.0	0.0	3.0					
3867.425	6.375	trials	6.0	3869.149219	3871.100553	3872.745196	3873.1918299999998	3866.013457	3871.589653			2.0	2.0	0.0	3.0					
3876.055	6.7409999999999854	trials	6.0	3878.149234	3879.549715	3881.235226	3881.304771	3873.89495	3879.849239			2.0	2.0	0.0	3.0					
3885.578	9.36700000000019	trials	6.0	3890.6893689999997	3891.89128	3893.796477	3894.3667809999997	3889.741881	3893.172837			3.0	2.0	0.0	3.0					
3896.066	5.900000000000091	trials	6.0	3897.864275	3898.9508619999997	3900.885504	3901.103406	3895.041878	3899.793904			3.0	2.0	1.0	1.0					
3905.485	69.20499999999993	trials	6.0	3971.753794	3972.965755	3974.349439	3974.785818	3970.8194949999997	3973.202212			2.0	1.0	0.0	3.0					
3978.601	20.36499999999978	trials	6.0	3996.1391320000002	3997.7012489999997	3998.700411	3998.871465	3995.619315	3997.880889			2.0	1.0	0.0	3.0					
4000.975	28.875	trials	6.0	4025.770921	4027.30635	4027.941789	4028.310332	4025.016964	4027.438348			3.0	2.0	0.0	3.0					
4031.279	24.246000000000095	trials	6.0	4051.343917	4052.675963	4053.662787	4054.072988	4050.8313749999998	4053.092524	4054.421	4055.525	3.0	2.0	1.0	1.0					
4059.606	7.833999999999833	trials	6.0	4064.598975	4066.416066	4067.1030419999997	4067.537886	4063.976184	4066.569118			3.0	2.0	0.0	3.0					
4070.421	14.31899999999996	trials	6.0	4080.37452	4081.506432	4082.884701	4083.1187259999997	4079.551569	4082.1554109999997	4083.52	4084.74	2.0	1.0	1.0	1.0					
4086.81	14.750999999999749	trials	6.0	4098.396159	4099.877287	4101.197932	4101.505919	4097.66227	4100.255206			3.0	1.0	0.0	3.0					
4103.45	32.835000000000036	trials	6.0	4131.896341	4133.336733	4134.593289	4134.815046	4131.190302	4133.958196	4135.36	4136.285	2.0	1.0	1.0	1.0					
4138.3	11.6899999999996	trials	6.0	4145.725764	4146.953517	4148.122875	4148.427747	4145.039436999999	4147.52212	4148.705	4149.99	3.0	2.0	1.0	1.0					
4154.008	15.766999999999825	trials	6.0	4163.784919	4165.42159	4169.695696	4169.873949	4162.821793	4165.417152			3.0		0.0	2.0					
4170.48	8.600000000000364	trials	6.0	4172.200051	4174.22641	4175.338737	4175.792097	4170.615936	4174.520842			2.0	2.0	0.0	3.0					
4179.665	7.926000000000386	trials	6.0	4181.72428	4182.733225	4186.827738	4187.013865	4179.177226	4182.727603			3.0		0.0	2.0					
4187.785	7.105000000000473	trials	6.0	4190.129539	4191.4001339999995	4193.9024229999995	4194.34536	4188.887173	4192.9201649999995			2.0	2.0	0.0	3.0					
4197.23	6.510000000000218	trials	6.0	4198.995878	4200.332101	4203.620776	4203.839044	4194.988722	4200.327585999999			2.0		0.0	2.0					
4204.325	6.9350000000004	trials	6.0	4206.155157	4207.323439	4209.5486980000005	4209.836826	4205.319886	4208.532603	4210.131	4211.26	3.0	2.0	1.0	1.0					
4213.28	11.105000000000473	trials	6.0	4220.59476	4222.262611	4223.249898	4223.774667	4219.824207	4222.363399			2.0	2.0	0.0	3.0					
4225.595	6.609999999999673	trials	6.0	4227.271567	4228.471156			4224.481206	4228.463745			3.0		0.0	2.0					
4232.391	6.4650000000001455	trials	6.0	4234.344928	4235.616393	4237.976926	4238.456047	4233.185976	4236.447336			3.0	1.0	0.0	3.0					
4242.34	9.295000000000073	trials	6.0	4247.254755	4248.604005	4251.382324	4251.63792	4246.513035	4250.466316			2.0	2.0	0.0	3.0					
4255.656	6.293999999999869	trials	6.0	4257.615329	4258.702008	4260.129714	4260.469606	4256.5454819999995	4259.391648	4260.915	4261.95	3.0	2.0	1.0	1.0					
4265.032	12.707999999999629	trials	6.0	4273.30954	4274.742	4275.898062	4276.159425	4272.365716	4274.963425	4276.466	4277.74	3.0	2.0	1.0	1.0					
4280.756	11.113999999999578	trials	6.0	4288.1002929999995	4289.556687	4290.956257	4291.148754	4287.239022	4289.846251			2.0	2.0	0.0	3.0					
4293.145	6.799999999999272	trials	6.0	4295.235447	4296.770521	4298.09023	4298.341873	4291.968185	4296.887164	4298.68	4299.945	2.0	1.0	1.0	1.0					
4303.031	16.194000000000415	trials	6.0	4315.280931	4316.507155	4318.43077	4318.851495	4314.696658	4317.397076			2.0	1.0	0.0	3.0					
4320.77	6.8799999999992	trials	6.0	4322.920294	4324.9224429999995	4326.53998	4327.013167	4319.321361	4325.405938			2.0	2.0	0.0	3.0					
4329.812	7.069000000000415	trials	6.0	4331.695857	4332.84672	4335.207457	4335.462132	4327.747162	4333.4492979999995	4335.955	4336.881	2.0	1.0	1.0	1.0					
4341.006	8.148999999999432	trials	6.0	4344.800539	4346.5122759999995	4348.244547	4348.49496	4344.23685	4346.701507			2.0	1.0	0.0	3.0					
4350.55	7.220999999999549	trials	6.0	4352.489569	4354.518273	4356.02205	4356.361063	4349.2525239999995	4354.925489	4356.796	4357.771	3.0	2.0	1.0	1.0					
4361.79	10.824999999999818	trials	6.0	4366.830903	4368.238644	4371.573876	4371.916516	4366.0176599999995	4368.2292529999995			3.0		0.0	2.0					
4373.16	7.074999999999818	trials	6.0	4375.850127	4376.827771			4372.712977	4376.823326			3.0		0.0	2.0					
4381.8	5.989999999999782	trials	6.0	4383.875603	4383.927402	4387.140185	4387.326904	4380.330105999999	4383.922468			3.0		0.0	2.0					
4387.921	5.813999999999396	trials	6.0	4389.7152719999995	4391.523025	4392.776539	4393.25497	4387.88843	4391.8636050000005			2.0	2.0	0.0	3.0					
4395.151	6.270000000000437	trials	6.0	4397.056363	4398.359227	4399.666156	4399.8599859999995	4393.833061	4398.531001	4400.166	4401.421	3.0	2.0	1.0	1.0					
4405.44	14.02600000000075	trials	6.0	4415.515539	4417.2308140000005	4418.22856	4418.618511	4414.8115	4417.340967			3.0	2.0	0.0	3.0					
4420.565	5.760000000000218	trials	6.0	4422.4107220000005	4423.871089	4425.610356	4425.843654	4419.561277	4424.670082			2.0	1.0	0.0	3.0					
4428.993	9.581999999999425	trials	6.0	4433.845492	4435.720507	4437.8051080000005	4438.049569	4432.867923	4436.474038			2.0	2.0	0.0	3.0					
4441.18	8.164999999999964	trials	6.0	4443.015495	4444.278378999999	4447.642038	4448.455739999999	4438.674564	4444.265671			3.0		0.0	2.0					
4450.267	6.333000000000538	trials	6.0	4452.326403	4453.407784	4455.506196	4455.991696	4449.441431	4454.511484			2.0	2.0	0.0	3.0					
4458.889	51.577000000000226	trials	6.0	4506.77272	4508.5498	4510.089082	4510.465615	4505.799097	4508.53641			2.0		0.0	2.0					
4512.47	32.67500000000018	trials	6.0	4542.726231	4543.85575	4544.815732	4545.222057	4541.808162	4544.316865			3.0	2.0	0.0	3.0					
4548.07	15.273000000000138	trials	6.0	4560.857938	4561.399773			4559.855073	4561.396143			3.0		0.0	2.0					
4567.35	11.295000000000073	trials	6.0	4575.616288	4577.0886279999995	4578.39742	4578.654568	4574.648976	4577.364015			2.0	1.0	0.0	3.0					
4580.72	23.30499999999938	trials	6.0	4599.147867	4601.061637	4602.457981	4602.637565999999	4598.443926	4601.21496	4603.091	4604.025	2.0	1.0	1.0	1.0					
4608.046	13.048999999999978	trials	6.0	4617.7613949999995	4619.783651	4620.793465	4621.14928	4617.222736	4620.1111			3.0	2.0	0.0	3.0					
4624.171	16.91399999999976	trials	6.0	4636.756596	4638.458332	4639.688085	4640.098448	4635.984216	4638.914955			2.0	2.0	0.0	3.0					
4641.971	19.63800000000083	trials	6.0	4658.796447	4659.944644	4661.294251	4661.673592	4657.867956	4660.5385750000005			3.0	2.0	0.0	3.0					
4664.596	9.919000000000779	trials	6.0	4670.121474	4671.970525	4672.750248	4673.047621	4669.115215	4672.197634	4673.435	4674.515	3.0	2.0	1.0	1.0					
4676.601	12.139000000000124	trials	6.0	4685.6014350000005	4686.871374	4688.485992	4688.757781	4684.771149	4687.446964			2.0	1.0	0.0	3.0					
4691.796	22.384000000000015	trials	6.0	4709.624146	4711.46419	4713.1854299999995	4713.440941	4708.630981	4711.454224			3.0		0.0	2.0					
4715.386	22.518999999999323	trials	6.0	4733.381991	4734.927925	4736.0025399999995	4736.302455	4732.687816	4735.331578	4736.599	4737.905	2.0	1.0	1.0	1.0					
4739.937	18.042999999999665	trials	6.0	4752.556903	4754.320923	4756.218967	4756.420605	4751.643982	4754.597071	4756.835	4757.98	2.0	1.0	1.0	1.0					
4761.065	13.27600000000075	trials	6.0	4769.943435	4771.059054			4769.029595	4771.050916			2.0		0.0	2.0					
4775.02	9.445999999999913	trials	6.0	4777.577268999999	4779.603843	4782.582795	4782.948144	4776.7898700000005	4780.983585	4783.256	4784.466	3.0	2.0	1.0	1.0					
4788.581	14.568000000000211	trials	6.0	4798.984017	4800.11928	4802.157414	4802.317135	4798.229866	4800.978922			2.0	1.0	0.0	3.0					
4806.49	6.510000000000218	trials	6.0	4809.0380430000005	4810.565232	4811.7954389999995	4812.489277	4808.415853	4810.581696			3.0	2.0	0.0	3.0					
4815.178	9.402000000000044	trials	6.0	4820.167488	4821.797847	4823.504634	4823.9966939999995	4819.340295	4822.581241			3.0	2.0	0.0	3.0					
4825.876	6.889000000000124	trials	6.0	4827.858687	4828.87806	4832.033394	4832.305905	4824.678796	4828.872169			3.0		0.0	2.0					
4834.87	8.914999999999964	trials	6.0	4838.341909	4838.379753	4843.674393	4843.8845440000005	4837.665489999999	4838.368751			3.0		0.0	2.0					
4844.395	5.664999999999964	trials	6.0	4846.172353	4847.313793	4849.058574	4849.572999	4844.817906	4848.2833			2.0	2.0	0.0	3.0					
4852.361	5.054000000000087	trials	6.0	4854.237843	4855.419433	4857.108802	4857.427334	4850.157484	4856.003551			2.0	2.0	0.0	3.0					
4859.453	22.471999999999753	trials	6.0	4879.017298	4881.05781	4881.680017	4882.010034	4878.0942	4881.051961			3.0	2.0	0.0	3.0					
4884.932	65.54399999999987	trials	6.0	4947.257517	4948.728886	4950.100326	4950.572277	4946.4343260000005	4949.4905770000005			3.0	1.0	0.0	3.0					
4952.47	16.80199999999968	trials	6.0	4965.242979	4966.364905	4967.598369	4967.793666	4964.475925	4966.954863	4968.27	4969.272	2.0	1.0	1.0	1.0					
4972.331	10.248999999999796	trials	6.0	4979.852678	4980.884328	4982.182959	4982.677621	4979.248425	4981.508793			2.0	1.0	0.0	3.0					
4985.503	23.423000000000684	trials	6.0	5003.837584	5004.964218	5007.350625	5007.5788410000005	5003.05155	5006.2757409999995	5008.015	5008.926	2.0	1.0	1.0	1.0					
5011.971	9.654000000000451	trials	6.0	5016.528526	5018.581464	5019.87447	5020.2122500000005	5015.861713	5018.789844	5020.591	5021.625	3.0	2.0	1.0	1.0					
5023.65	10.945000000000618	trials	6.0	5031.462888	5033.298343	5034.3009010000005	5034.5412369999995	5030.9206859999995	5033.27145			2.0	2.0	0.0	3.0					
5037.674	6.820999999999913	trials	6.0	5039.9083200000005	5041.292764	5042.834202	5043.041616	5039.089273	5041.778671	5043.45	5044.495	2.0	1.0	1.0	1.0					
5048.595	9.246000000000095	trials	6.0	5054.363536	5055.729529	5057.201602	5057.420559	5053.818982	5056.087627			2.0	1.0	0.0	3.0					
5059.451	6.319000000000415	trials	6.0	5061.11361	5062.385104	5064.065239	5064.3917010000005	5057.943112	5063.186491	5064.825	5065.77	3.0	2.0	1.0	1.0					
5067.846	8.78900000000067	trials	6.0	5072.89224	5074.173232	5075.457832	5075.865807	5072.28457	5074.721697			3.0	2.0	0.0	3.0					
5079.86	5.579999999999927	trials	6.0	5081.517612	5082.855475	5084.515552	5084.93941	5076.735784	5082.893977			3.0	2.0	0.0	3.0					
5086.78	11.340000000000146	trials	6.0	5092.418461	5093.7387149999995	5096.636398	5096.812693	5091.751668	5094.581848	5097.145	5098.12	3.0	2.0	1.0	1.0					
5100.171	15.155999999999949	trials	6.0	5108.453593	5110.366029			5107.478814	5110.355616			3.0		0.0	2.0					
5115.381	9.588999999999942	trials	6.0	5117.182748	5118.632095	5120.858359	5121.182778	5115.747367	5119.099274			2.0	1.0	0.0	3.0					
5125.231	6.110000000000582	trials	6.0	5127.222995	5128.378321	5130.184799000001	5130.667192	5126.099731	5129.094758			2.0	2.0	0.0	3.0					
5132.495	7.109999999999673	trials	6.0	5134.5290540000005	5136.325302	5138.558258999999	5138.996757	5131.437507000001	5136.374288999999			2.0	2.0	0.0	3.0					
5141.843	9.957000000000335	trials	6.0	5144.548048000001	5146.345195	5147.581314999999	5148.085494999999	5143.873041	5146.61601			3.0	2.0	0.0	3.0					
5151.859	6.6359999999995125	trials	6.0	5153.703372	5155.111765	5156.800716	5157.117231	5152.26613	5155.475259	5157.48	5158.495	2.0	1.0	1.0	1.0					
5161.54	14.756000000000313	trials	6.0	5172.123804	5173.858274	5174.720044	5174.890549	5171.409463	5173.954767	5175.335	5176.296	3.0	2.0	1.0	1.0					
5178.385	14.670000000000073	trials	6.0	5188.694977	5190.259953	5191.414792	5191.6188	5187.907282	5190.710908	5192.046	5193.055	3.0	2.0	1.0	1.0					
5195.139	32.17100000000028	trials	6.0	5224.235184	5226.075747	5227.018827	5227.384613	5223.400038	5226.225194000001			3.0	2.0	0.0	3.0					
5230.387	23.041000000000167	trials	6.0	5251.039519	5252.305383	5253.10078	5253.530175	5250.233583	5252.5641909999995			3.0	2.0	0.0	3.0					
5256.42	43.18499999999949	trials	6.0	5297.084199999999	5298.196033	5299.281806999999	5299.641162	5296.4738290000005	5298.633943			2.0	1.0	0.0	3.0					
5303.631	18.52899999999954	trials	6.0	5317.639004000001	5319.2372589999995	5320.370416	5320.598421000001	5316.872893	5319.6704979999995	5320.935	5322.16	2.0	1.0	1.0	1.0					
5324.178	16.60699999999997	trials	6.0	5335.853421	5337.769489	5338.900622	5339.227119	5334.853249	5338.030388	5339.565	5340.785	3.0	2.0	1.0	1.0					
5344.851	11.533000000000357	trials	6.0	5351.2541949999995	5352.970669	5354.778722999999	5354.937111	5350.648384	5353.503363	5355.305	5356.384	2.0	1.0	1.0	1.0					
5359.516	15.649000000000342	trials	6.0	5370.1547470000005	5371.886124000001	5375.078898	5375.263648	5369.291764	5371.87258			2.0		0.0	2.0					
5375.861	6.1850000000004	trials	6.0	5377.834065999999	5379.795582000001	5380.967387000001	5381.42055	5376.138761	5380.186378			3.0	2.0	0.0	3.0					
5383.23	6.855000000000473	trials	6.0	5385.059793	5387.137554999999	5388.419893	5388.732026	5382.149104	5387.36037	5389.015	5390.085	3.0	2.0	1.0	1.0					
5393.135	12.840000000000146	trials	6.0	5401.92887	5403.601111	5404.803996000001	5405.291454	5401.30285	5403.731022			2.0	2.0	0.0	3.0					
5409.065	7.2450000000008	trials	6.0	5411.054248	5412.590902	5415.482282999999	5415.631698	5406.0769	5412.581418			2.0		0.0	2.0					
5417.595	6.201000000000022	trials	6.0	5419.409747	5420.577016	5422.098505	5422.437824000001	5416.4120729999995	5421.449173	5422.631	5423.796	3.0	2.0	1.0	1.0					
5427.881	14.085000000000036	trials	6.0	5438.174154	5439.384191	5440.932285	5441.407648	5437.250682	5439.912382			2.0	2.0	0.0	3.0					
5444.245	6.721000000000458	trials	6.0	5446.018373999999	5447.786633	5449.255878	5449.471680000001	5442.064537	5448.205543	5449.855	5450.966	2.0	1.0	1.0	1.0					
5453.0	9.640000000000327	trials	6.0	5458.450878	5460.633925	5461.619796999999	5462.016264	5457.815551	5460.892327			3.0	2.0	0.0	3.0					
5464.875	5.395000000000437	trials	6.0	5466.490381	5467.757463	5469.352782	5469.562263	5462.740054	5468.260828			3.0	1.0	0.0	3.0					
5472.69	6.210000000000036	trials	6.0	5474.559426	5475.631324	5477.651119	5478.486016	5470.373304000001	5476.61269			2.0	2.0	0.0	3.0					
5480.96	5.180000000000291	trials	6.0	5482.739727	5483.971856	5485.897075	5486.185851	5478.999249	5484.915561			3.0	1.0	0.0	3.0					
5488.203	23.11199999999917	trials	6.0	5506.901651	5508.988026999999	5509.837433000001	5510.039773	5506.247626	5509.1273249999995	5510.485	5511.315	3.0	2.0	1.0	1.0					
5515.39	8.264000000000124	trials	6.0	5520.620208	5522.049951	5523.267481999999	5523.690382	5519.725501	5522.541826000001			3.0	2.0	0.0	3.0					
5525.591	10.808999999999287	trials	6.0	5532.0263319999995	5533.567303	5534.615425	5534.8461910000005	5531.131735	5533.821551999999	5535.26	5536.4	2.0	1.0	1.0	1.0					
5540.437	12.819000000000415	trials	6.0	5550.339957	5551.869693000001	5552.932264	5553.141985	5549.3634839999995	5552.183048999999			2.0	1.0	0.0	3.0					
5555.265	43.42999999999938	trials	6.0	5595.804595	5597.779038000001	5598.441289	5598.781838999999	5595.106157	5597.694468			2.0	1.0	0.0	3.0					
5601.772	15.221999999999753	trials	6.0	5614.071628	5615.622353	5616.539749	5617.097752	5613.443734	5616.006141			3.0	2.0	0.0	3.0					
5618.85	45.26499999999942	trials	6.0	5660.225208	5661.335455	5662.519935	5662.6813839999995	5659.438996	5661.767279	5663.131	5664.115	2.0	1.0	1.0	1.0					
5668.205	12.265000000000327	trials	6.0	5675.500492	5677.202961999999			5674.693235000001	5677.199103			2.0		0.0	2.0					
5681.171	6.97899999999936	trials	6.0	5683.285379999999	5684.867478	5687.338114	5687.702208000001	5682.306327	5685.907848			2.0	2.0	0.0	3.0					
5690.69	6.5	trials	6.0	5692.821954999999	5694.61745	5696.176847000001	5696.565265	5688.252048	5695.088119			3.0	2.0	0.0	3.0					
5698.565	6.931000000000495	trials	6.0	5700.281016999999	5701.948584	5703.719472	5703.932089	5697.291324	5702.63125	5704.37	5705.496	2.0	1.0	1.0	1.0					
5708.511	10.72899999999936	trials	6.0	5714.230181999999	5715.379499000001	5717.581446	5717.857715	5713.655934	5716.750554	5718.145	5719.24	3.0	2.0	1.0	1.0					
5723.29	9.329999999999927	trials	6.0	5728.087992	5729.989574	5731.0524430000005	5731.291648	5727.123600999999	5730.1569309999995	5731.64	5732.62	3.0	2.0	1.0	1.0					
5736.64	11.030999999999949	trials	6.0	5742.283329	5744.343608	5745.383415	5745.560122999999	5741.374721	5744.544226	5745.875	5747.671	3.0	2.0	1.0	1.0					
5749.76	18.699999999999818	trials	6.0	5762.270092	5763.869129000001			5761.3612109999995	5763.850891			3.0		0.0	2.0					
5769.846	6.054000000000087	trials	6.0	5771.480734	5772.860554	5775.007632	5775.380794000001	5768.563373999999	5774.120266			3.0	2.0	0.0	3.0					
5777.315	6.110000000000582	trials	6.0	5779.185112	5780.472333	5782.639413999999	5782.865202999999	5776.003644	5781.325197			3.0	1.0	0.0	3.0					
5786.02	12.039999999999964	trials	6.0	5790.041773	5791.300695	5796.344472	5796.674065	5789.354948	5794.31092			2.0	2.0	0.0	3.0					
5798.729	9.48700000000008	trials	6.0	5801.555357	5803.18084	5805.548323	5806.0018660000005	5800.560926	5804.712514			2.0	2.0	0.0	3.0					
5808.87	9.109999999999673	trials	6.0	5814.265788000001	5815.675761	5816.8507	5817.099441	5813.719997	5816.103918			2.0	2.0	0.0	3.0					
5820.131	5.086999999999534	trials	6.0	5821.796365	5823.501904000001	5824.8926759999995	5825.322362999999	5818.0839670000005	5824.002397			2.0	2.0	0.0	3.0					
5828.208	10.771999999999935	trials	6.0	5833.322499	5835.355729	5837.4249899999995	5837.583111	5832.734904	5836.111866	5837.85	5838.98	2.0	1.0	1.0	1.0					
5842.065	21.99000000000069	trials	6.0	5859.931092	5861.482250999999	5862.442956999999	5862.659616999999	5859.270367	5861.726676	5863.015	5864.055	3.0	2.0	1.0	1.0					
5867.15	7.335000000000036	trials	6.0	5871.00087	5872.163265	5873.50051	5873.929678	5870.117432999999	5872.651441			2.0	2.0	0.0	3.0					
5875.815	8.481000000000677	trials	6.0	5877.777984	5879.123059	5880.779415	5881.122944000001	5874.58956	5879.7185819999995			2.0	1.0	0.0	3.0					
5885.165	9.914999999999964	trials	6.0	5886.971221	5888.762611	5890.874856	5891.300403	5886.222529000001	5889.557645999999			2.0	1.0	0.0	3.0					
5895.3	3.899999999999636	trials	6.0	5897.020527000001	5897.223189			5895.7118740000005	5897.21109			3.0		0.0	2.0					
5901.276	12.221000000000458	trials	6.0	5909.796231	5911.517662	5913.15508	5913.597102	5909.005362	5911.9416089999995			3.0	2.0	0.0	3.0					
5915.425	73.1899999999996	trials	6.0	5984.616549	5985.802372	5986.891895	5987.248437	5983.975727999999	5986.347871	5987.506	5988.615	3.0	2.0	1.0	1.0					
5992.712	10.977999999999156	trials	6.0	5999.931124000001	6001.180038	6002.5182669999995	6002.914284	5999.251843	6001.909485			3.0	2.0	0.0	3.0					
6005.825	14.730000000000473	trials	6.0	6016.537107	6017.656132	6018.868319	6019.158972	6015.62406	6018.029317	6019.445	6020.555	3.0	2.0	1.0	1.0					
6022.636	12.808999999999287	trials	6.0	6028.346434	6029.88343	6031.31491	6031.792483	6027.391377	6030.201934000001			2.0	2.0	0.0	3.0					
6035.68	6.6359999999995125	trials	6.0	6037.662060000001	6038.828670999999	6040.572988	6040.814463000001	6035.931576999999	6039.366732	6041.166	6042.316	2.0	1.0	1.0	1.0					
6045.395	11.445999999999913	trials	6.0	6052.1317930000005	6053.897281	6055.253563	6055.428307	6051.516415	6054.193846	6055.835	6056.841	3.0	2.0	1.0	1.0					
6058.881	13.211999999999534	trials	6.0	6067.771162	6069.200226999999	6070.896063	6071.213075	6067.188661	6069.878699999999			3.0	2.0	0.0	3.0					
6073.218	5.703000000000429	trials	6.0	6075.021382	6076.753756	6078.085432	6078.52915	6072.197403	6077.208892000001			2.0	1.0	0.0	3.0					
6081.341	10.039999999999964	trials	6.0	6085.931385	6087.023048999999	6089.235986	6089.630349999999	6085.088632	6088.495800000001			2.0	2.0	0.0	3.0					
6093.595	5.829999999999927	trials	6.0	6095.266726	6097.04154	6098.103966000001	6098.994285	6091.486274999999	6097.162615			3.0	2.0	0.0	3.0					
6100.345	7.694999999999709	trials	6.0	6102.066703	6103.319781	6106.354141	6106.894176	6099.529107	6105.252406			3.0	1.0	0.0	3.0					
6109.6	11.259000000000015	trials	6.0	6117.766974	6119.556834999999	6120.542514	6120.910653	6117.235812999999	6119.777733999999			2.0	2.0	0.0	3.0					
6124.858	8.331999999999425	trials	6.0	6128.6346619999995	6130.401368	6131.493463	6131.815275	6127.851605	6130.602447	6132.171	6133.19	2.0	1.0	1.0	1.0					
6135.315	14.805000000000291	trials	6.0	6145.5753939999995	6147.202498			6144.8772819999995	6147.198377			2.0		0.0	2.0					
6151.187	6.927999999999884	trials	6.0	6153.124925	6154.436683	6157.004999	6157.415434	6152.073529	6156.167249			2.0	2.0	0.0	3.0					
6160.34	29.916000000000167	trials	6.0	6186.2152989999995	6187.651134	6188.834434	6189.044796	6185.472221	6188.268606	6189.36	6190.256	3.0	2.0	1.0	1.0					
6193.346	13.010000000000218	trials	6.0	6203.59068	6204.617563	6205.964878	6206.453614999999	6202.997992	6205.433896			3.0	2.0	0.0	3.0					
6208.241	21.769000000000233	trials	6.0	6227.415271	6228.6801049999995	6229.7555839999995	6230.091737	6226.693394	6229.037341			2.0	1.0	0.0	3.0					
6232.085	14.649999999999636	trials	6.0	6244.005391	6245.362607	6246.421804	6246.817133	6243.260566	6245.762084			2.0	1.0	0.0	3.0					
6249.814	17.746000000000095	trials	6.0	6263.732333	6264.827348	6265.831049	6266.1748959999995	6263.109407	6265.32262	6266.415	6267.56	3.0	2.0	1.0	1.0					
6270.631	15.368999999999687	trials	6.0	6282.16544	6283.265819	6284.397205	6284.627216	6281.358739	6283.867766	6285.025	6286.0	3.0	2.0	1.0	1.0					
6288.02	12.666999999999462	trials	6.0	6296.725077	6298.703183	6300.017086	6300.212267	6295.916218	6298.7002299999995			3.0		0.0	2.0					
6303.711	24.35899999999947	trials	6.0	6323.982043	6325.993879	6326.782462	6327.134726	6323.216050999999	6326.248372			2.0	2.0	0.0	3.0					
6331.131	19.764000000000124	trials	6.0	6346.466174	6347.577854	6348.835394	6349.237921	6345.849392	6348.3053709999995			3.0	2.0	0.0	3.0					
6353.16	18.376000000000204	trials	6.0	6367.442467	6369.4119279999995	6369.925738	6370.297766	6366.802558	6369.415097			2.0	2.0	0.0	3.0					
6374.175	10.784999999999854	trials	6.0	6381.357277	6383.094751	6384.64366	6385.016597	6380.821774	6383.625392			3.0	1.0	0.0	3.0					
6387.937	32.7529999999997	trials	6.0	6417.1300519999995	6418.779331	6419.551103	6419.796796	6416.565751	6418.769817			2.0		0.0	2.0					
6423.7	13.195000000000618	trials	6.0	6432.581047	6434.323311	6435.244139	6435.522508	6431.822171	6434.537732	6435.796	6436.895	3.0	2.0	1.0	1.0					
6440.915	15.140000000000327	trials	6.0	6453.026678	6454.804856	6455.790838	6456.14285	6452.104094	6455.090056999999			2.0	2.0	0.0	3.0					
6459.065	15.845000000000255	trials	6.0	6470.636242	6471.873248	6473.180246	6473.383729	6470.009515	6472.474418	6473.76	6474.91	2.0	1.0	1.0	1.0					
6476.94	11.080000000000837	trials	6.0	6484.976143	6486.714059	6487.6611729999995	6488.0791	6484.26901	6486.944005			3.0	2.0	0.0	3.0					
6489.97	11.496000000000095	trials	6.0	6497.67228	6498.838122	6500.154754	6500.563645	6497.039424	6499.500442			3.0	2.0	0.0	3.0					
6502.46	10.029999999999745	trials	6.0	6509.451417	6510.959707	6512.232614	6512.555498	6508.841769	6511.5641049999995			2.0	2.0	0.0	3.0					
6516.565	15.585000000000036	trials	6.0	6529.051417	6530.62654	6531.831793	6532.248516	6528.474725	6530.879318			2.0	1.0	0.0	3.0					
6534.171	20.743999999999687	trials	6.0	6552.456472	6553.848035	6554.573657	6555.011347	6551.481365	6554.040073			3.0	2.0	0.0	3.0					
6557.825	98.03499999999985	trials	6.0	6652.572618	6654.6398149999995	6655.592263	6655.9164089999995	6651.905302	6654.837336			3.0	2.0	0.0	3.0					
6657.87	11.795000000000073	trials	6.0	6663.82813	6665.603913	6666.675517	6667.142347	6663.243608	6665.909747			2.0	1.0	0.0	3.0					
6670.071	9.064000000000306	trials	6.0	6671.822712	6673.224604			6669.761306	6673.218893			3.0		0.0	2.0					
6679.265	11.155999999999949	trials	6.0	6684.757011	6686.342983	6688.612856	6688.847419	6683.907411	6687.551534	6689.2	6690.421	2.0	1.0	1.0	1.0					
6693.44	21.65100000000075	trials	6.0	6710.251975	6711.493739	6713.214169	6713.481545	6709.518356	6712.232177	6713.895	6715.091	3.0	2.0	1.0	1.0					
6717.125	10.5	trials	6.0	6722.97216	6724.392776	6725.948	6726.095932	6722.066372	6724.908157	6726.54	6727.625	2.0	1.0	1.0	1.0					
6730.688	28.796000000000276	trials	6.0	6755.827811	6757.3793749999995	6758.574645	6758.760953	6754.881307	6757.582158			2.0	1.0	0.0	3.0					
6760.9	5.200000000000728	trials	6.0	6762.672806	6763.839275	6765.6985669999995	6766.20146	6759.582522	6764.504537			3.0	2.0	0.0	3.0					
6768.035	24.381000000000313	trials	6.0	6785.557189	6787.211465	6788.44405	6788.7759129999995	6785.049809	6787.391331			2.0	1.0	0.0	3.0					
6792.75	9.027000000000044	trials	6.0	6794.7780139999995	6796.624353	6798.641153	6798.926596	6794.1455049999995	6797.406656	6799.35	6801.777	2.0	1.0	1.0	1.0					
6805.86	46.155000000000655	trials	6.0	6847.557164	6849.338974	6850.107798999999	6850.385475	6846.726334	6849.525172	6850.675	6852.015	3.0	2.0	1.0	1.0					
6855.035	13.4350000000004	trials	6.0	6863.859079	6865.711972	6866.85052	6867.007946	6863.243456	6865.941278	6867.469	6868.47	2.0	1.0	1.0	1.0					
6870.49	11.25	trials	6.0	6878.287795	6879.539861	6880.932759	6881.113972	6877.483708	6879.974396			3.0	1.0	0.0	3.0					
6884.244	7.371000000000095	trials	6.0	6886.792950999999	6888.540285	6890.5967869999995	6891.118742	6885.897453	6889.327841			3.0	2.0	0.0	3.0					
6894.845	8.706000000000131	trials	6.0	6896.722739	6898.325707	6903.478981	6903.649828	6895.759201	6898.317086			3.0		0.0	2.0					
6904.25	6.560999999999694	trials	6.0	6905.922986	6907.810753	6909.334258	6909.756561	6904.7183079999995	6908.478085			2.0	2.0	0.0	3.0					
6911.687	8.212999999999738	trials	6.0	6913.359871	6915.274985	6917.136005	6917.374546999999	6910.908345	6916.151814	6917.631	6919.9	3.0	2.0	1.0	1.0					
6923.006	21.52899999999954	trials	6.0	6940.793378	6942.184283	6943.299283	6943.681266	6940.216662	6942.678535			3.0	2.0	0.0	3.0					
6946.665	5.015000000000327	trials	6.0	6948.609616	6948.665874			6944.635814	6948.661484			3.0		0.0	2.0					
6952.581	7.4340000000001965	trials	6.0	6955.948203	6957.535917	6959.018116	6959.365958	6955.029452	6958.244667			2.0	2.0	0.0	3.0					
6961.32	4.898000000000138	trials	6.0	6963.0693949999995	6964.665503	6965.927259	6966.300015	6960.117459	6964.94154			2.0	2.0	0.0	3.0					
6969.218	17.82800000000043	trials	6.0	6983.642599	6985.530707	6986.785048	6987.136485999999	6982.845008	6985.576391			2.0	2.0	0.0	3.0					
6990.055	12.951000000000022	trials	6.0	6998.583119	6999.80015	7001.237117	7001.443271	6998.024458	7000.403926	7001.845	7003.006	3.0	2.0	1.0	1.0					
7006.095	13.279999999999745	trials	6.0	7015.593218	7016.820446	7018.488017	7018.904417	7015.086463	7017.412289			2.0	1.0	0.0	3.0					
7021.796	6.545000000000073	trials	6.0	7023.423069	7024.812125	7026.510418	7026.74549	7022.675867	7025.374162			2.0	2.0	0.0	3.0					
7028.765	6.720999999999549	trials	6.0	7030.882088	7032.2248819999995	7035.189883	7035.587366	7028.442247999999	7033.600961			2.0	2.0	0.0	3.0					
7037.506	9.399999999999636	trials	6.0	7043.958695	7045.059952	7046.590469	7046.98028	7043.276516	7045.831907			3.0	2.0	0.0	3.0					
7050.895	15.919999999999163	trials	6.0	7064.054821	7065.396134	7066.519652	7066.775186	7063.1003439999995	7065.922766			3.0	2.0	0.0	3.0					
7070.825	8.150000000000546	trials	6.0	7074.478145	7075.705567	7077.179463	7077.364674	7073.491688	7076.149487	7077.735	7078.975	2.0	1.0	1.0	1.0					
7081.052	19.938000000000102	trials	6.0	7097.283666	7098.800216	7100.6066169999995	7101.034003	7096.679033	7099.319160999999			3.0	1.0	0.0	3.0					
7102.978	14.332000000000335	trials	6.0	7113.9497759999995	7115.380367	7117.063045	7117.393349	7113.257642	7116.027793			3.0	1.0	0.0	3.0					
7120.361	27.364000000000487	trials	6.0	7142.682812	7144.5879429999995	7145.499227	7145.801669	7141.916824	7144.823279	7146.26	7147.725	2.0	1.0	1.0	1.0					
7150.8	19.699999999999818	trials	6.0	7167.3288649999995	7169.402135	7170.237364	7170.42812	7166.521718	7169.53037			2.0	1.0	0.0	3.0					
7172.52	23.979999999999563	trials	6.0	7192.253989	7194.120896	7194.963167	7195.119538999999	7191.669964	7194.362247999999	7195.575	7196.5	2.0	1.0	1.0	1.0					
7198.515	14.24499999999989	trials	6.0	7208.834185	7210.1683219999995	7211.746297	7212.233936	7208.135369	7211.004628			2.0	1.0	0.0	3.0					
7216.08	7.701000000000022	trials	6.0	7218.114532	7219.362268	7220.961007	7221.772159	7217.241497	7220.028473			3.0	2.0	0.0	3.0					
7224.24	5.6950000000006185	trials	6.0	7225.994525	7227.948032	7229.549092	7230.036152	7223.879942	7228.122569			3.0	2.0	0.0	3.0					
7233.845	19.139999999999418	trials	6.0	7249.004403999999	7250.6498599999995	7251.891901999999	7252.142614	7248.47816	7250.961158			3.0	2.0	1.0	1.0					
7255.4	14.210000000000036	trials	6.0	7265.0258269999995	7266.508208	7267.690909	7267.879166	7264.019381	7266.724588	7268.405	7269.61	2.0	1.0	1.0	1.0					
7272.66	13.890000000000327	trials	6.0	7282.169437	7283.220864	7284.888203	7285.111652	7281.440123	7284.173623	7285.45	7286.55	3.0	2.0	1.0	1.0					
7288.635	11.364999999999782	trials	6.0	7296.040784	7297.593251	7299.061081	7299.324031	7295.109376	7297.991939			2.0	1.0	0.0	3.0					
7302.441	5.470000000000255	trials	6.0	7304.054658999999	7305.241619	7306.735274	7307.240635	7300.100923	7305.670135			3.0	2.0	0.0	3.0					
7311.055	7.911000000000058	trials	6.0	7313.084773	7314.373147	7316.524323	7316.754017	7308.010199	7315.067363	7317.23	7318.966	3.0	2.0	1.0	1.0					
7322.006	12.943999999999505	trials	6.0	7331.214018	7332.473574	7333.568315	7333.879636	7330.614001	7332.969125			2.0	2.0	0.0	3.0					
7337.845	5.920000000000073	trials	6.0	7339.659889	7340.411608			7335.052412999999	7340.407346			3.0		0.0	2.0					
7344.484	6.550999999999476	trials	6.0	7346.434655	7348.156636	7350.143852	7350.564476	7344.784552	7349.122324			2.0	2.0	0.0	3.0					
7354.446	9.078999999999724	trials	6.0	7358.139799	7360.044481	7361.603165	7361.869581999999	7357.5171279999995	7360.925349	7362.216	7363.525	3.0	2.0	1.0	1.0					
7366.395	19.394999999999527	trials	6.0	7381.50932	7382.998377	7383.817222	7384.0285779999995	7380.87464	7383.256625			3.0	2.0	0.0	3.0					
7388.155	7.914999999999964	trials	6.0	7389.776249	7391.437129	7394.078261	7394.268319	7385.893189	7392.730414	7394.78	7396.07	2.0	1.0	1.0	1.0					
7399.131	10.884000000000015	trials	6.0	7405.934213	7407.801959	7408.708955	7409.08867	7405.224432999999	7408.07575			3.0	2.0	0.0	3.0					
7410.89	7.889999999999418	trials	6.0	7412.946501	7414.510262	7416.55787	7416.761371	7410.116443	7415.273397999999	7417.177	7418.78	2.0	1.0	1.0	1.0					
7421.861	13.993999999999687	trials	6.0	7431.389854999999	7432.6149829999995	7433.941696	7434.209917	7430.73429	7433.18186	7434.515	7435.855	3.0	2.0	1.0	1.0					
7437.916	10.938999999999396	trials	6.0	7445.249782	7446.515003	7448.1288939999995	7448.472814	7444.666819	7446.95808			2.0	1.0	0.0	3.0					
7450.39	7.5349999999998545	trials	6.0	7452.986656	7454.841596	7456.989887	7457.410529	7452.31244	7455.748331			2.0	2.0	0.0	3.0					
7459.285	6.110000000000582	trials	6.0	7461.3546559999995	7462.551571	7464.259561	7464.723019	7458.027707	7462.998457			3.0	1.0	0.0	3.0					
7468.52	5.949999999999818	trials	6.0	7470.434467	7471.747252	7473.491352999999	7473.905923	7465.499165	7472.604655			2.0	2.0	0.0	3.0					
7475.868	6.0679999999993015	trials	6.0	7477.690332	7479.217511	7480.865143999999	7481.298026	7474.572481	7479.807511999999			3.0	2.0	0.0	3.0					
7484.187	8.297999999999774	trials	6.0	7486.264625	7486.81136	7491.40664	7492.079623	7482.040352	7486.803029			2.0		0.0	2.0					
7492.725	11.099999999999454	trials	6.0	7500.800041	7502.266474	7503.524429	7503.841925	7500.168538	7502.58671			2.0	2.0	0.0	3.0					
7506.832	40.67399999999998	trials	6.0	7543.064654	7544.686474	7545.75623	7546.01584	7542.554878	7545.095362	7546.325	7547.506	3.0	2.0	1.0	1.0					
7549.595	16.644999999999527	trials	6.0	7560.795544	7562.070953	7564.453454	7564.660279	7560.287053	7563.447569	7564.962	7566.24	2.0	1.0	1.0	1.0					
7569.326	10.364999999999782	trials	6.0	7574.5715359999995	7575.977026	7577.841446	7578.069321999999	7573.727527999999	7576.664842	7578.39	7579.691	3.0	2.0	1.0	1.0					
7581.847	9.153000000000247	trials	6.0	7587.245994	7588.601938	7590.08956	7590.5046729999995	7586.666386	7588.994839999999			3.0	2.0	0.0	3.0					
7592.405	7.217999999999847	trials	6.0	7594.42052	7596.1364109999995	7598.04961	7598.249831	7591.1029579999995	7596.483935	7598.631	7599.623	3.0	2.0	1.0	1.0					
7602.64	11.759999999999309	trials	6.0	7610.490619	7612.037539999999	7613.196012	7613.619551	7609.887049	7612.586374			3.0	2.0	0.0	3.0					
7617.565	7.260000000000218	trials	6.0	7619.586829	7620.892559	7622.76094	7622.971275	7614.500764	7621.4469819999995	7623.385	7624.825	2.0	1.0	1.0	1.0					
7627.906	10.213999999999942	trials	6.0	7634.31506	7635.352147	7637.117713	7637.510453	7633.621376	7636.194968			2.0	2.0	0.0	3.0					
7639.381	7.5090000000000146	trials	6.0	7641.010297	7642.076161999999	7645.985384	7646.177309	7638.224678	7643.448548			2.0	1.0	0.0	3.0					
7649.3	7.849999999999454	trials	6.0	7651.395586	7652.288011			7646.991974	7652.282591			2.0		0.0	2.0					
7658.205	8.676000000000386	trials	6.0	7660.300678	7661.997565	7664.75944	7665.068467	7659.277696	7664.000048	7665.343	7666.881	3.0	2.0	1.0	1.0					
7668.9	9.010000000000218	trials	6.0	7675.080707	7676.252662	7677.661192	7677.984641	7674.091423	7676.841538			3.0	2.0	0.0	3.0					
7679.925	7.099999999999454	trials	6.0	7681.805861	7683.029927	7685.218037	7685.409004	7680.357703	7684.476374	7685.875	7687.025	3.0	2.0	1.0	1.0					
7691.106	11.378999999999905	trials	6.0	7699.531085	7700.92504	7702.235708	7702.50088	7698.851011	7701.482309			2.0	2.0	0.0	3.0					
7705.492	6.657999999999447	trials	6.0	7707.690447999999	7708.882957	7710.54613	7710.763724	7707.151216	7709.697032	7711.24	7712.15	2.0	1.0	1.0	1.0					
7715.166	9.458999999999833	trials	6.0	7720.4161779999995	7722.223451	7723.883336	7724.266631	7719.467981	7722.957418			2.0	1.0	0.0	3.0					
7727.18	6.380000000000109	trials	6.0	7729.001356	7730.248054	7732.613795	7733.060093	7724.728247	7731.314084			2.0	2.0	0.0	3.0					
7734.875	9.965000000000146	trials	6.0	7736.710838	7738.013423	7740.65957	7741.139822	7733.665052	7739.237571			3.0	2.0	0.0	3.0					
7744.984	7.300999999999476	trials	6.0	7746.980905	7748.4927609999995	7750.413713	7750.667615	7744.940677	7749.530203	7751.03	7752.285	3.0	2.0	1.0	1.0					
7756.375	20.73999999999978	trials	6.0	7772.435585	7773.972793999999	7775.200264	7775.494879	7771.552874	7774.2022099999995	7775.841	7777.115	3.0	2.0	1.0	1.0					
7780.16	9.36999999999989	trials	6.0	7784.601001999999	7786.042810999999	7787.68436	7787.853913999999	7783.905269	7786.673575	7788.256	7789.53	2.0	1.0	1.0	1.0					
7791.62	13.329999999999927	trials	6.0	7799.550968	7801.295854	7803.082574	7803.348583999999	7798.613995	7802.051989	7803.675	7804.95	3.0	2.0	1.0	1.0					
7807.966	18.628999999999905	trials	6.0	7821.621335	7823.633393	7824.9298	7825.074274	7820.856202	7823.911258	7825.565	7826.595	2.0	1.0	1.0	1.0					
7829.66	11.386000000000422	trials	6.0	7837.076682	7838.860112	7840.19639	7840.316187	7836.387497	7839.041193999999			3.0	1.0	0.0	3.0					
7842.59	5.581000000000131	trials	6.0	7844.261584	7846.061725	7847.063657	7847.460073	7841.146349	7846.258202			3.0	2.0	0.0	3.0					
7851.343	6.766999999999825	trials	6.0	7853.2867989999995	7854.204086			7848.273046	7854.191527999999			2.0		0.0	2.0					
7858.23	7.361000000000786	trials	6.0	7860.033596	7861.2752949999995	7864.946444	7865.162236	7858.212124	7861.267962			2.0		0.0	2.0					
7866.19	7.539999999999964	trials	6.0	7868.724995	7870.313099	7873.294707999999	7873.835453	7865.696425	7872.483716			2.0	2.0	0.0	3.0					
7875.668	18.777000000000044	trials	6.0	7890.546602	7892.367563	7893.446285	7893.647435	7889.686492	7892.638285999999			2.0	1.0	0.0	3.0					
7896.765	7.269999999999527	trials	6.0	7898.852225	7900.412107	7901.997058999999	7902.236692	7894.549457	7901.188832	7902.64	7904.035	3.0	2.0	1.0	1.0					
7908.12	11.002000000000407	trials	6.0	7913.9618439999995	7915.647206	7917.023913999999	7917.394015	7913.453156	7916.293301			2.0	2.0	0.0	3.0					
7921.345	7.354999999999563	trials	6.0	7925.10674	7926.593081	7928.325562	7928.803768	7924.321931	7927.201777			3.0	2.0	0.0	3.0					
7931.575	33.47100000000046	trials	6.0	7961.716526	7963.408444	7964.7447649999995	7964.996005	7960.990301	7963.866441			3.0	2.0	0.0	3.0					
7967.055	11.484999999999673	trials	6.0	7975.226323	7976.338756	7978.132298	7978.642433	7974.401731	7977.4255539999995			3.0	1.0	0.0	3.0					
7980.44	19.550000000000182	trials	6.0	7996.6365829999995	7998.273212	7999.685147	8000.0947639999995	7995.894507999999	7998.954707			2.0	1.0	0.0	3.0					
8004.006	15.443999999999505	trials	6.0	8014.43645	8016.343729	8017.716044	8018.026383	8013.648431	8017.227992	8018.46	8019.45	3.0	2.0	1.0	1.0					
8021.54	12.99499999999989	trials	6.0	8030.466806	8032.0090629999995	8033.467634	8033.6483690000005	8029.93643	8032.843691			2.0	1.0	0.0	3.0					
8035.71	6.600000000000364	trials	6.0	8037.6866119999995	8038.923296	8041.990319	8042.394034999999	8034.6386	8041.173807			2.0	2.0	0.0	3.0					
8045.27	17.469999999999345	trials	6.0	8059.926937	8061.354686	8062.48939	8062.804898	8059.01072	8061.768679			2.0	1.0	0.0	3.0					
8066.75	35.88500000000022	trials	6.0	8098.307377	8099.422696	8100.551417	8100.789128	8097.3888289999995	8099.921956	8101.21	8102.635	2.0	1.0	1.0	1.0					
8105.705	13.420000000000073	trials	6.0	8114.643221	8116.24766	8117.112892	8117.572699	8114.053808	8116.568499999999			3.0	2.0	0.0	3.0					
8119.485	13.735000000000582	trials	6.0	8127.392368	8129.252254	8130.557701	8130.834173	8126.704553	8130.002132	8131.175	8133.22	3.0	2.0	1.0	1.0					
8136.305	9.36999999999989	trials	6.0	8142.732602	8144.177008	8145.394738999999	8145.766609	8141.8535059999995	8144.78501			3.0	2.0	0.0	3.0					
8149.72	48.29499999999916	trials	6.0	8192.52941	8194.080269	8195.346449	8195.513034	8191.634405999999	8194.701805	8195.94	8198.015	2.0	1.0	1.0	1.0					
8200.074	17.510999999998603	trials	6.0	8214.154483	8215.92449	8217.237448	8217.456907	8213.177273	8216.331802			2.0	1.0	0.0	3.0					
8220.541	16.79399999999987	trials	6.0	8232.607172	8233.774339	8235.101246	8235.525839	8231.647249	8234.478265	8235.642	8237.335	3.0	2.0	1.0	1.0					
8240.281	13.673999999999069	trials	6.0	8247.982315	8249.334787	8252.061678	8252.320627000001	8247.453883	8251.053322	8252.756	8253.955	2.0	1.0	1.0	1.0					
8258.046	9.578999999999724	trials	6.0	8262.303113	8263.910179999999	8265.651962	8265.923945	8261.707223	8265.045425	8266.32	8267.625	3.0	2.0	1.0	1.0					
8269.704	11.970999999999549	trials	6.0	8277.682474	8279.066553	8280.493977	8280.884591	8277.006533	8279.8501			3.0	2.0	0.0	3.0					
8283.756	5.665000000000873	trials	6.0	8285.703083	8287.319717	8288.707138	8289.037193	8281.779827	8287.768718			2.0	1.0	0.0	3.0					
8291.016	6.950000000000728	trials	6.0	8292.897429	8294.85899	8296.80969	8297.367025	8289.527442	8296.048483			3.0	2.0	0.0	3.0					
8300.131	6.0240000000012515	trials	6.0	8301.893002	8303.31122	8305.123118	8305.566300999999	8298.067858999999	8304.135359			2.0	2.0	0.0	3.0					
8308.491	7.859000000000378	trials	6.0	8310.199721	8311.995295	8314.473392	8314.660231	8306.258071	8313.303368	8315.03	8316.35	2.0	1.0	1.0	1.0					
8318.37	19.644999999998618	trials	6.0	8333.158558	8334.550223	8335.997256	8336.289048	8332.397391999999	8334.913438	8336.557	8338.015	3.0	2.0	1.0	1.0					
8340.141	15.399000000001251	trials	6.0	8351.772956	8353.483406	8354.360854	8354.56248	8351.254939999999	8353.843243			3.0	2.0	0.0	3.0					
8356.736	6.748999999999796	trials	6.0	8358.704314	8360.189785999999	8362.35355	8362.687957	8355.647168	8361.280586			2.0	2.0	0.0	3.0					
8365.615	25.01000000000022	trials	6.0	8387.888444	8389.610928	8390.312442999999	8390.654903	8387.256082	8389.815037			3.0	2.0	0.0	3.0					
8394.633	23.86700000000019	trials	6.0	8411.043406	8412.77075	8413.52636	8413.897748	8410.150799	8412.75808			2.0		0.0	2.0					
8418.756	26.34900000000016	trials	6.0	8439.00856	8440.375748			8438.069038	8440.370498			3.0		0.0	2.0					
8445.451	15.939000000000306	trials	6.0	8458.079687	8459.205365	8461.091607999999	8461.438454	8457.529183	8460.497162			3.0	2.0	0.0	3.0					
8464.409	15.626000000000204	trials	6.0	8475.133846	8477.14006	8478.26535	8478.422504	8474.527933	8477.365678	8464.421	8480.035	2.0	1.0	1.0	1.0					
8482.051	15.689000000000306	trials	6.0	8493.063916	8494.765502	8495.998757	8496.197729	8492.384267	8495.245057	8496.466	8497.74	3.0	2.0	1.0	1.0					
8499.8	11.020000000000437	trials	6.0	8506.803695	8508.184003	8509.822885	8509.987035	8505.905492	8508.905089			2.0	1.0	0.0	3.0					
8512.116	6.350000000000364	trials	6.0	8514.233784	8515.92083	8517.481968	8517.794366	8510.924997	8516.382101			2.0	2.0	0.0	3.0					
8521.819	5.945999999999913	trials	6.0	8523.754952	8525.050442	8527.395655	8527.83698	8518.574419	8526.144056000001			3.0	1.0	0.0	3.0					
8531.796	11.343999999999141	trials	6.0	8539.825039	8541.76103	8542.77415	8543.218748	8538.819925	8541.872153			3.0	2.0	0.0	3.0					
8546.109	23.505999999999403	trials	6.0	8565.673827	8567.510834	8569.298209	8569.533875000001	8565.017063	8568.636496			2.0	1.0	0.0	3.0					
8571.691	82.59900000000016	trials	6.0	8648.734695	8650.741646	8654.068712	8654.396282	8648.062014	8650.733122			2.0		0.0	2.0					
8655.716	12.484000000000378	trials	6.0	8663.068736	8664.891046			8662.277242	8664.886562			2.0		0.0	2.0					
8668.953	26.537000000000262	trials	6.0	8690.655983	8692.121875	8693.489608	8693.828846	8690.079812	8692.852679	8694.235	8695.49	3.0	2.0	1.0	1.0					
8699.51	9.260000000000218	trials	6.0	8706.164563999999	8707.3862	8708.367858	8708.875508000001	8705.225894	8707.668848			3.0	2.0	0.0	3.0					
8711.68	19.490999999999985	trials	6.0	8726.483984	8728.436129	8729.374815	8729.646232	8725.841464000001	8728.80797	8730.035	8731.171	3.0	2.0	1.0	1.0					
8735.203	12.577000000001135	trials	6.0	8742.915436	8744.817479	8745.9997	8746.187119	8742.082705	8745.104465	8746.495	8747.78	2.0	1.0	1.0	1.0					
8750.907	9.668000000001484	trials	6.0	8755.826348	8757.712928	8758.862851	8759.038039	8755.094357	8758.111127	8759.51	8760.575	2.0	1.0	1.0	1.0					
8762.66	11.505000000001019	trials	6.0	8770.460105	8772.056578	8773.287836	8773.565657	8769.787060999999	8772.413994999999			3.0	2.0	0.0	3.0					
8775.6	6.764999999999418	trials	6.0	8777.545508	8779.086712	8780.627929	8780.814425	8774.273657	8779.575442	8781.195	8782.365	2.0	1.0	1.0	1.0					
8786.385	11.405000000000655	trials	6.0	8791.885127	8793.658266999999	8796.061211	8796.341678	8791.296145	8794.449281	8796.645	8797.79	3.0	2.0	1.0	1.0					
8801.846	7.679000000000087	trials	6.0	8805.979928	8807.32741	8808.399526	8808.764758	8805.275838	8807.702266			3.0	2.0	0.0	3.0					
8811.78	6.435999999999694	trials	6.0	8813.805089	8815.747030999999	8817.101174	8817.453739	8809.632086	8815.867729			3.0	2.0	0.0	3.0					
8820.421	6.213999999999942	trials	6.0	8822.381051	8824.116307	8826.608095	8827.059121	8818.322957	8825.275393			2.0	1.0	0.0	3.0					
8828.995	406.77499999999964	BlockDesign														1.0	529.0	562.0	50.0	90.0
8828.995	5.675999999999476	trials	7.0	8830.774637	8831.04407			8827.570751	8831.031825			1.0		0.0	2.0					
8836.96	10.981000000001586	trials	7.0	8840.889718	8842.457213	8845.057802	8845.212739999999	8840.082945	8843.812495			1.0	1.0	0.0	3.0					
8848.46	7.315000000000509	trials	7.0	8850.395727	8850.874117			8848.044675000001	8850.859804			1.0		0.0	2.0					
8855.83	9.725000000000364	trials	7.0	8858.439862	8859.722107	8864.999068000001	8865.661791999999	8857.460195	8859.714635			1.0		0.0	2.0					
8865.66	11.915000000000873	trials	7.0	8867.820034	8869.129562	8875.509422	8875.944472	8866.334993	8869.296859			1.0	1.0	0.0	3.0					
8877.75	9.600000000000364	trials	7.0	8879.906471	8881.494138	8885.550357	8885.868257	8877.681032	8881.80005	8886.225	8887.35	1.0	2.0	1.0	1.0					
8890.375	10.704999999999927	trials	7.0	8896.420663	8898.026023	8899.333053999999	8899.56255	8895.506408	8898.427458	8899.995	8901.08	1.0	2.0	1.0	1.0					
8904.19	9.444999999999709	trials	7.0	8909.720534	8910.747476	8912.018693	8912.181053	8908.847269	8911.204954	8912.53	8913.635	1.0	2.0	1.0	1.0					
8915.651	11.259000000000015	trials	7.0	8922.635126	8924.774168			8921.673541	8924.769187			1.0		0.0	2.0					
8930.7	8.305999999998676	trials	7.0	8932.460364	8934.194914	8936.938237999999	8937.31112	8931.735779	8934.872263	8937.535	8939.006	1.0	1.0	1.0	1.0					
8942.123	9.41700000000128	trials	7.0	8947.170769	8948.892409	8950.014204	8950.166335	8946.541645	8949.25295	8950.555	8951.54	1.0	2.0	1.0	1.0					
8954.62	8.204999999999927	trials	7.0	8958.640513999999	8959.817077	8961.215315	8961.405982	8957.911292	8960.467137	8961.85	8962.825	1.0	2.0	1.0	1.0					
8965.984	7.811999999999898	trials	7.0	8968.885753999999	8970.877279	8972.133499	8972.316692	8968.335722	8971.014084999999	8972.881	8973.796	1.0	1.0	1.0	1.0					
8975.815	15.805000000000291	trials	7.0	8984.590717	8986.222909			8983.651982	8986.213627000001			1.0		0.0	2.0					
8992.256	6.744000000000597	trials	7.0	8994.355454	8996.070709	8998.334008	8998.596436	8991.726649	8997.326066			1.0	2.0	0.0	3.0					
9000.581	10.093999999999141	trials	7.0	9002.492461	9004.127734	9008.852954	9009.123343	8999.10716	9004.651961	9009.591	9010.675	1.0	1.0	1.0	1.0					
9014.695	10.665000000000873	trials	7.0	9019.481894	9021.263846	9022.597934	9022.902124	9018.503349	9021.614851999999			1.0	1.0	0.0	3.0					
9025.915	8.194999999999709	trials	7.0	9027.635749000001	9028.208138			9025.468399	9028.195572			1.0		0.0	2.0					
9034.26	7.979999999999563	trials	7.0	9036.320646	9038.243797	9041.448339	9041.701279	9034.218377	9040.229272			1.0	1.0	0.0	3.0					
9043.785	6.755000000001019	trials	7.0	9045.62343	9047.031581	9048.804062	9049.193815	9044.980726	9047.780709	9049.395	9050.54	1.0	2.0	1.0	1.0					
9053.631	12.546000000000276	trials	7.0	9061.935461000001	9063.815293	9064.571014000001	9064.674539	9061.227905	9063.871912	9065.135	9066.177	1.0	2.0	1.0	1.0					
9068.291	8.090000000000146	trials	7.0	9072.562369	9073.995691	9074.777231	9074.909728	9071.571619999999	9074.207209	9075.385	9076.381	1.0	2.0	1.0	1.0					
9078.446	12.475000000000364	trials	7.0	9086.681011	9088.337843	9089.188611	9089.420485	9085.931841	9088.498072999999	9089.855	9090.921	1.0	2.0	1.0	1.0					
9093.01	12.7549999999992	trials	7.0	9098.166648999999	9100.049128999999	9105.676159999999	9105.873179	9097.283652	9100.04279			1.0		0.0	2.0					
9105.986	6.528999999998632	trials	7.0	9107.981183	9109.517725	9110.925863	9111.122326	9106.700423	9110.066837	9111.55	9112.515	1.0	2.0	1.0	1.0					
9116.562	7.673000000000684	trials	7.0	9120.106063	9122.103334	9123.264265	9123.591197	9119.587877	9122.381182000001			1.0	2.0	0.0	3.0					
9125.585	7.355000000001382	trials	7.0	9127.516297	9128.503688			9124.343387	9128.489164			1.0		0.0	2.0					
9133.47	16.43500000000131	trials	7.0	9137.980961	9139.740485	9148.21619	9148.440863	9137.272304	9143.409058	9148.841	9149.905	1.0	2.0	1.0	1.0					
9151.988	11.772000000000844	trials	7.0	9159.556636	9161.118659	9162.217895	9162.369887	9158.916866	9161.361764	9162.77	9163.76	1.0	2.0	1.0	1.0					
9167.785	7.674999999999272	trials	7.0	9171.157549	9173.017921999999	9173.861702	9174.058855	9170.322241	9173.277515	9174.44	9175.46	1.0	2.0	1.0	1.0					
9177.58	9.050999999999476	trials	7.0	9182.59614	9183.905991	9184.982232999999	9185.204267000001	9182.012977999999	9184.314511	9185.466	9186.631	1.0	2.0	1.0	1.0					
9189.72	8.31000000000131	trials	7.0	9193.609896	9195.427271	9196.467166	9196.626793000001	9193.033579	9195.82675	9197.03	9198.03	1.0	2.0	1.0	1.0					
9200.118	23.076999999999316	trials	7.0	9219.659889	9220.835781000002	9221.759863000001	9221.923512000001	9218.895408	9221.105449	9222.41	9223.195	1.0	2.0	1.0	1.0					
9227.26	8.510000000000218	trials	7.0	9231.709548	9233.407227000002	9234.324856000001	9234.495037	9230.81083	9233.708539000001	9234.79	9235.77	1.0	2.0	1.0	1.0					
9239.796	293.384	BlockDesign														1.0	563.0	589.0	10.0	50.0
9239.796	8.22400000000016	trials	8.0	9244.074879000002	9245.371488	9246.619052	9246.770793000002	9243.384558000002	9245.806541	9247.11	9248.02	1.0	2.0	1.0	1.0					
9250.035	12.1200000000008	trials	8.0	9255.605623000001	9256.791028000001	9258.374758	9258.665335000002	9255.000808	9257.267896000001			1.0	2.0	0.0	3.0					
9262.645	7.639999999999418	trials	8.0	9264.555612	9265.836016000001	9267.791178000001	9268.090884000001	9262.31934	9266.375143000001			1.0	2.0	0.0	3.0					
9272.096	6.7450000000008	trials	8.0	9273.886639	9275.459686	9278.605743	9278.811303	9270.452815	9276.984751			1.0	1.0	0.0	3.0					
9281.906	5.768999999998414	trials	8.0	9283.970434	9286.012645	9287.079285000002	9287.403999	9282.955147	9286.202539			1.0	2.0	0.0	3.0					
9290.352	9.778999999998632	trials	8.0	9292.315234000002	9293.763306	9297.498627	9297.854959	9287.842339	9295.989097000001			1.0	1.0	0.0	3.0					
9301.095	11.610000000000582	trials	8.0	9303.114691	9305.051718	9310.705207	9311.081055	9302.052384	9305.56369			1.0	2.0	0.0	3.0					
9313.91	7.255999999999403	trials	8.0	9316.105675	9317.785879000001	9319.985514	9320.432563	9314.865493000001	9318.811068			1.0	1.0	0.0	3.0					
9323.19	6.2849999999998545	trials	8.0	9324.91537	9326.236973000001	9328.04413	9328.293838000001	9321.333425	9327.328903000001			1.0	2.0	0.0	3.0					
9331.305	6.288000000000466	trials	8.0	9333.208333	9334.718406	9335.950286000001	9336.221922	9329.642454	9335.245791000001	9336.51	9337.593	1.0	2.0	1.0	1.0					
9339.615	13.306000000000495	trials	8.0	9348.886566000001	9350.17818	9351.412507000001	9351.609976000002	9348.25127	9350.597587	9352.075	9352.921	1.0	2.0	1.0	1.0					
9354.937	7.8729999999995925	trials	8.0	9359.665219	9360.991753	9361.858065	9362.096362	9358.712371000001	9361.190095			1.0	2.0	0.0	3.0					
9365.093	10.511999999998807	trials	8.0	9367.084382000001	9368.364721	9375.063594000001	9375.35554	9362.979488	9371.124063000001			1.0	1.0	0.0	3.0					
9379.36	5.18999999999869	trials	8.0	9381.245199	9382.369965000002	9383.450667000001	9383.833414	9375.770910000001	9382.647556			1.0	2.0	0.0	3.0					
9387.645	6.674999999999272	trials	8.0	9389.467251	9391.433586000001	9392.782947000002	9392.971717	9384.71601	9391.660779000002	9393.266	9394.32	1.0	2.0	1.0	1.0					
9397.335	10.080000000001746	trials	8.0	9403.370184000001	9404.977197	9406.369642000001	9406.817043000001	9402.435304	9405.675570000001			1.0	2.0	0.0	3.0					
9408.615	6.860000000000582	trials	8.0	9410.318424000001	9412.257186	9414.724423000001	9415.188925	9407.583475000001	9412.776649000001			1.0	1.0	0.0	3.0					
9419.021	7.144000000000233	trials	8.0	9420.886606	9422.027214000002	9424.573231	9424.898025	9415.641147	9423.157264000001	9425.265	9426.165	1.0	2.0	1.0	1.0					
9430.256	7.200000000000728	trials	8.0	9434.035074000001	9435.057676	9436.532392000001	9436.919142	9433.505553	9435.795192000001			1.0	2.0	0.0	3.0					
9438.835	5.725000000000364	trials	8.0	9440.676711	9442.065511	9443.72559	9444.01048	9437.622588	9442.44726			1.0	1.0	0.0	3.0					
9446.955	7.354999999999563	trials	8.0	9449.115412000001	9450.263270000001	9453.226515	9453.820387000002	9444.727611	9451.277958			1.0	2.0	0.0	3.0					
9457.468	20.287999999998647	trials	8.0	9472.386777000002	9473.577316			9471.472032000001	9473.573470000001			1.0		0.0	2.0					
9478.51	9.030000000000655	trials	8.0	9481.265734	9483.017592	9486.557377000001	9487.044286	9480.562686000001	9486.023796000001			1.0	2.0	0.0	3.0					
9490.828	8.38800000000083	trials	8.0	9492.804222	9494.147629000001	9497.615116	9497.880939	9491.793754	9494.878542	9498.375	9499.216	1.0	2.0	1.0	1.0					
9503.301	8.623999999999796	trials	8.0	9507.356107000001	9508.702168000002	9510.417406	9510.5967	9506.725351000001	9509.189158000001	9510.921	9511.925	1.0	2.0	1.0	1.0					
9513.98	12.3700000000008	trials	8.0	9522.735853	9524.472940000001	9525.407599	9525.774482	9522.142549	9524.764858			1.0	2.0	0.0	3.0					
9527.611	5.568999999999505	trials	8.0	9529.530558	9531.006958	9532.934785000001	9533.426344000001	9526.517877	9531.743247			1.0	2.0	0.0	3.0					
9536.285	88.36000000000058	BlockDesign														1.0	590.0	594.0	0.0	0.0
9536.285	7.694999999999709	trials	9.0	9538.545228	9540.517971000001	9543.217560000001	9543.607818	9534.092385	9541.678314			1.0	2.0	0.0	3.0					
9547.476	9.458999999998923	trials	9.0	9550.56616	9551.973883	9556.167196	9556.532734	9549.754858	9552.885285			1.0	1.0	0.0	3.0					
9560.375	6.139999999999418	trials	9.0	9562.056498	9563.435229	9564.661678	9565.126981000001	9557.102367000001	9563.701972			1.0	2.0	0.0	3.0					
9567.921	5.91399999999885	trials	9.0	9569.987818000001	9571.468677	9573.592549	9573.884907000001	9566.681093000001	9572.953945000001			1.0	2.0	0.0	3.0					
9577.845	46.80000000000109	trials	9.0	9621.02599	9622.913814000001	9624.483094000001	9624.812288000001	9620.360848	9623.30976			1.0	1.0	0.0	3.0					
9628.695	1009.4200000000001	BlockDesign														1.0	595.0	670.0	50.0	10.0
9628.695	10.52100000000064	trials	10.0	9632.751238	9633.957811	9637.428943	9637.694376000001	9632.085981	9636.070893	9638.015	9639.216	1.0	2.0	1.0	1.0					
9642.328	11.602000000000771	trials	10.0	9650.161370000002	9651.382536000001	9652.998973000002	9653.465973	9649.571471000001	9651.889303			1.0	2.0	0.0	3.0					
9655.271	6.255999999999403	trials	10.0	9657.093019	9658.284209000001	9659.687893	9659.875254	9654.096277	9658.769881			1.0	2.0	0.0	3.0					
9661.984	5.470999999999549	trials	10.0	9663.811512	9665.287828	9667.266532000001	9667.482441	9662.306023000001	9665.796429			1.0	2.0	0.0	3.0					
9669.47	13.135000000000218	trials	10.0	9675.856552000001	9676.938154000001	9679.379472	9679.816224	9675.041895	9677.763816			1.0	2.0	0.0	3.0					
9682.64	9.010000000000218	trials	10.0	9684.836416	9686.743235	9690.817476	9691.070337000001	9683.085364	9687.445962000002			1.0	1.0	0.0	3.0					
9693.99	7.163000000000466	trials	10.0	9695.986621	9696.519157			9691.820022	9696.511528			1.0		0.0	2.0					
9702.381	18.790000000000873	trials	10.0	9718.546893	9720.028296	9720.97645	9721.223302	9717.583709	9720.330261000001			1.0	2.0	0.0	3.0					
9723.203	6.117000000000189	trials	10.0	9726.142129	9727.351749000001	9729.092407	9729.422962	9725.556583000001	9727.921153000001			1.0	2.0	0.0	3.0					
9733.375	13.44000000000051	trials	10.0	9742.521796	9744.439687	9746.583934	9746.821434000001	9741.985663000001	9745.303384			1.0	2.0	0.0	3.0					
9750.845	58.39500000000044	trials	10.0	9804.496708	9805.569019	9807.559089	9807.815320000002	9803.722622000001	9806.863918000001	9808.105	9809.24	1.0	1.0	1.0	1.0					
9813.26	37.76499999999942	trials	10.0	9846.352425000001	9847.448691000001	9849.439565	9849.613174	9845.601838	9848.511549	9850.035	9851.025	1.0	1.0	1.0	1.0					
9854.046	10.47400000000016	trials	10.0	9859.827151000001	9861.449716000001	9862.831617	9862.990935000002	9858.980650000001	9861.975232	9863.285	9864.52	1.0	1.0	1.0	1.0					
9868.565	8.375	trials	10.0	9872.389011000001	9873.896197	9875.272611	9875.542513	9871.551388	9874.412113	9875.98	9876.94	1.0	1.0	1.0	1.0					
9880.065	10.194999999999709	trials	10.0	9885.138565000001	9887.078704000001	9888.504295	9888.680724000002	9884.194678	9887.272116	9889.16	9890.26	1.0	1.0	1.0	1.0					
9893.392	10.233000000000175	trials	10.0	9898.392273000001	9900.426843000001	9901.926464	9902.104609	9897.79483	9900.574942000001	9902.455	9903.625	1.0	1.0	1.0	1.0					
9906.703	6.827000000001135	trials	10.0	9910.528551000001	9911.623324	9912.872287	9913.112623	9909.625065	9911.902296			1.0	1.0	0.0	3.0					
9916.125	6.065000000000509	trials	10.0	9918.047095000002	9919.470613000001	9921.316634	9921.739451000001	9913.69871	9920.376973			1.0	2.0	0.0	3.0					
9924.623	6.173000000000684	trials	10.0	9926.457266000001	9927.841033	9930.208102	9930.467188	9922.360666	9928.962361000002			1.0	1.0	0.0	3.0					
9932.506	6.5789999999997235	trials	10.0	9934.652473	9936.449077000001	9938.049979000001	9938.52964	9930.963296000002	9937.167358			1.0	2.0	0.0	3.0					
9941.328	6.597999999999956	trials	10.0	9943.292433	9944.953793	9946.913368000001	9947.291167000001	9939.255025	9945.154405000001			1.0	2.0	0.0	3.0					
9951.157	7.559000000001106	trials	10.0	9953.10771	9954.535657	9957.865403000002	9958.365411	9948.097195	9954.529723000001			1.0		0.0	2.0					
9959.425	7.390000000001237	trials	10.0	9962.252561000001	9963.990532000002	9965.619078000002	9966.189439000002	9961.360299	9964.836933			1.0	2.0	0.0	3.0					
9967.91	5.636000000000422	trials	10.0	9969.803647	9971.799948	9973.316543	9973.477387	9966.984672	9972.015780000002			1.0	2.0	0.0	3.0					
9976.52	11.2549999999992	trials	10.0	9981.943753000001	9983.662287000001	9986.107105000001	9986.300302000001	9981.108952	9984.443091000001	9986.591	9987.775	1.0	1.0	1.0	1.0					
9991.8	13.447000000000116	trials	10.0	10000.542172000001	10001.875918000002	10003.626787000001	10003.825785	9999.996559000001	10002.545969	10004.085	10005.247	1.0	1.0	1.0	1.0					
10007.265	10.444999999999709	trials	10.0	10012.452903000001	10014.842787000001	10016.149633	10016.348845	10011.732886000002	10015.120333			1.0	1.0	0.0	3.0					
10020.466	24.128999999998996	trials	10.0	10022.429299000001	10023.754879	10040.367832	10040.902373	10017.878610000002	10025.059478000001			1.0	2.0	0.0	3.0					
10044.625	5.216000000000349	trials	10.0	10046.638901	10048.159253000002	10049.666925000001	10049.940364	10045.025988000001	10048.671079000002			1.0	2.0	0.0	3.0					
10051.895	10.574999999998909	trials	10.0	10058.517405	10060.394994	10061.592175000002	10062.097893	10057.749232	10060.512441			1.0	1.0	0.0	3.0					
10063.79	6.81499999999869	trials	10.0	10065.697951	10067.781216000001	10068.711549000001	10070.138868	10062.641626	10067.856418000001			1.0	2.0	0.0	3.0					
10070.9	8.585000000000946	trials	10.0	10073.038116000002	10074.535077	10076.443681	10076.98042	10070.773412	10075.172073000002			1.0	1.0	0.0	3.0					
10079.736	5.950999999999112	trials	10.0	10081.952605	10083.425506000001	10085.452119000001	10085.855293	10079.652916000001	10084.101277000002			1.0	2.0	0.0	3.0					
10087.65	20.155000000000655	trials	10.0	10104.492633000002	10106.354784000001	10107.629938	10107.794851	10103.790054000001	10106.482719000001			1.0	1.0	0.0	3.0					
10109.815	13.385000000000218	trials	10.0	10118.007647	10120.088551	10121.511729000002	10121.713396000001	10117.035070000002	10120.427218	10122.15	10123.2	1.0	1.0	1.0	1.0					
10127.256	9.639000000001033	trials	10.0	10133.007734	10134.629572000002	10135.856073	10136.003286000001	10132.459164	10134.874726			1.0	1.0	0.0	3.0					
10138.16	6.770000000000437	trials	10.0	10140.353650000001	10141.600234000001	10143.29067	10143.481084000001	10137.063055	10142.369601	10143.915	10144.93	1.0	1.0	1.0	1.0					
10148.951	13.199000000000524	trials	10.0	10156.132508	10157.488418	10159.119103	10159.35798	10155.492068000001	10158.022032			1.0	1.0	0.0	3.0					
10163.385	5.824999999998909	trials	10.0	10165.248239	10166.289630000001	10168.072044	10168.706199	10162.319266	10167.266158			1.0	2.0	0.0	3.0					
10170.39	8.425000000001091	trials	10.0	10172.202826	10173.415924	10177.219167000001	10177.968076000001	10169.379298	10174.81674			1.0	2.0	0.0	3.0					
10182.0	6.989999999999782	trials	10.0	10183.728644	10185.694581000002	10187.385212000001	10187.528892	10183.110198	10185.928317000002	10187.915	10188.99	1.0	1.0	1.0	1.0					
10192.01	10.961999999999534	trials	10.0	10198.868472	10200.199845000001	10201.296964000001	10201.564849	10197.872229	10200.374638000001	10201.765	10202.972	1.0	2.0	1.0	1.0					
10204.99	9.260000000000218	trials	10.0	10210.002886	10211.836773	10212.683844000001	10212.858216	10209.262159000002	10211.963574000001	10213.26	10214.25	1.0	2.0	1.0	1.0					
10216.312	14.667999999999665	trials	10.0	10224.598854	10226.000058000001			10223.977804	10225.994953000001			1.0		0.0	2.0					
10231.93	5.649999999999636	trials	10.0	10233.823533	10234.921015			10231.14934	10234.913316			1.0		0.0	2.0					
10238.765	6.170000000000073	trials	10.0	10240.614254	10241.834982	10244.366935	10244.651704	10237.750393	10242.881128			1.0	1.0	0.0	3.0					
10247.611	5.958999999998923	trials	10.0	10249.673227000001	10250.921665000002	10252.422012	10252.990998000001	10245.107263000002	10251.226272			1.0	2.0	0.0	3.0					
10254.69	7.206000000000131	trials	10.0	10256.539597	10257.636634	10261.012420000001	10261.225731	10253.741983	10257.631288			1.0		0.0	2.0					
10263.555	6.25	trials	10.0	10265.514975	10265.526346	10269.371274000001	10269.975265000001	10262.066806	10268.184901					0.0	2.0					
10270.439	18.800999999999476	trials	10.0	10284.83316	10286.78283	10287.770559	10288.017535	10284.296344	10287.125166000002	10288.385	10289.24	1.0	2.0	1.0	1.0					
10291.261	11.97899999999936	trials	10.0	10297.273639000001	10298.400727	10299.461119000001	10299.665340000001	10296.440044	10298.633559000002			1.0	2.0	0.0	3.0					
10303.705	9.079999999999927	trials	10.0	10305.673086	10307.326885	10312.040067000002	10312.35394	10303.409527	10307.322450000001			1.0		0.0	2.0					
10313.175	8.826000000000931	trials	10.0	10315.345752000001	10316.915376	10319.870509	10320.175462000001	10312.955373	10317.621309			1.0	1.0	0.0	3.0					
10323.05	5.085000000000946	trials	10.0	10324.904029000001	10326.040548	10327.766047000001	10328.305293000001	10322.168931	10327.241580000002			1.0	2.0	0.0	3.0					
10332.063	14.697000000000116	trials	10.0	10343.413506	10345.432609000001	10346.44476	10346.860998	10342.485039000001	10345.520452			1.0	2.0	0.0	3.0					
10348.764	20.23199999999997	trials	10.0	10365.923611	10367.865735000001	10368.734410000001	10369.064244000001	10365.402403	10367.994507000001			1.0	2.0	0.0	3.0					
10371.985	9.230999999999767	trials	10.0	10377.163521	10378.281043	10379.505975	10379.800684000002	10376.380818000001	10378.546879000001	10380.06	10381.216	1.0	1.0	1.0	1.0					
10383.236	32.73399999999856	trials	10.0	10410.734100000001	10412.550018000002	10414.371321	10414.557454000002	10409.808289	10413.123034	10414.915	10415.97	1.0	1.0	1.0	1.0					
10418.995	13.925999999999476	trials	10.0	10427.414532	10429.410771	10430.469715000001	10430.645616000002	10426.7893	10429.389478000001	10432.895	10432.921	1.0	1.0	1.0	1.0					
10434.885	12.206000000000131	trials	10.0	10443.805485	10445.005589	10446.321177000002	10446.479164	10442.803272000001	10445.317702			1.0	1.0	0.0	3.0					
10448.546	6.6489999999994325	trials	10.0	10450.306003000002	10452.222511	10454.384179	10454.677291	10447.260505	10453.023490000001			1.0	1.0	0.0	3.0					
10457.61	6.5049999999992	trials	10.0	10459.663833	10461.201538000001	10462.517817	10462.724092	10455.365285	10461.546489	10463.131	10464.115	1.0	2.0	1.0	1.0					
10466.195	12.430000000000291	trials	10.0	10474.140961000001	10476.151628000001	10477.246117	10477.420116000001	10473.424451	10476.336781000002			1.0	2.0	0.0	3.0					
10479.44	6.644999999998618	trials	10.0	10481.236060000001	10483.317549000001	10484.658239	10484.848437	10478.796103	10483.238481			1.0	1.0	0.0	3.0					
10487.879	6.470999999999549	trials	10.0	10489.713807	10491.236679000001	10493.344183000001	10493.437732	10486.254882000001	10492.291408000001			1.0	1.0	0.0	3.0					
10497.53	5.560999999999694	trials	10.0	10499.274682000001	10500.901219000001	10502.131147	10502.577928	10497.810360000001	10501.157637			1.0	2.0	0.0	3.0					
10504.381	8.350000000000364	trials	10.0	10506.310678000002	10507.612108000001	10509.991174	10510.419961000001	10505.018889	10508.643267000001			1.0	1.0	0.0	3.0					
10513.29	19.19999999999891	trials	10.0	10528.274971	10529.470803	10530.896608000001	10531.083714	10527.493298000001	10529.531689000001	10531.506	10532.49	1.0	1.0	1.0	1.0					
10536.55	10.780000000000655	trials	10.0	10543.759180000001	10545.420530000001	10546.271247	10546.737843	10543.249945000001	10545.501408			1.0	2.0	0.0	3.0					
10548.515	5.391000000001441	trials	10.0	10550.524881000001	10551.876003000001	10553.684434	10554.036427000001	10547.500924	10552.120897			1.0	1.0	0.0	3.0					
10555.925	12.19000000000051	trials	10.0	10563.575911	10564.760376	10566.519643000001	10566.706686000001	10563.014732000001	10565.204059000002	10567.061	10568.115	1.0	1.0	1.0	1.0					
10571.201	9.799000000000888	trials	10.0	10576.77958	10578.294580000002	10579.576318000001	10579.715893	10576.016080000001	10578.463414000002	10579.98	10581.0	1.0	1.0	1.0	1.0					
10585.062	8.792999999999665	trials	10.0	10589.330181000001	10591.211958	10592.321731	10592.46522	10588.498582	10591.244035000002	10592.8	10593.855	1.0	1.0	1.0	1.0					
10596.935	11.885000000000218	trials	10.0	10603.740133000001	10605.228382000001	10606.649973000001	10606.794135	10603.167459	10605.450839000001	10607.153	10608.82	1.0	1.0	1.0	1.0					
10612.845	7.576000000000931	trials	10.0	10616.449968	10617.983509000002	10619.388480000001	10619.576200000001	10615.745437000001	10618.091337000002			1.0	1.0	1.0	1.0					
10624.812	13.302999999999884	trials	10.0	10635.294831000001	10636.761325000001			10634.412177	10636.939881			1.0	1.0	0.0	3.0					
10642.468	364.4319999999989	BlockDesign														1.0	671.0	695.0	90.0	50.0
10642.468	6.686999999999898	trials	11.0	10644.306889000001	10644.323215	10648.979409000001	10649.326064	10640.778268	10644.311845			1.0		0.0	2.0					
10650.196	11.91400000000067	trials	11.0	10658.806231	10660.482207000001	10661.799438	10662.253051000002	10657.814883000001	10660.875847000001			1.0	2.0	0.0	3.0					
10664.055	21.215000000000146	trials	11.0	10680.45987	10682.504449	10683.685288	10683.936907000001	10679.856988000001	10682.951827	10684.22	10685.27	1.0	2.0	1.0	1.0					
10687.36	9.719999999999345	trials	11.0	10692.940441	10694.730796	10695.910413000001	10696.219983	10692.214588	10695.079026000001			1.0	2.0	0.0	3.0					
10700.16	10.210000000000946	trials	11.0	10705.42008	10707.426474	10708.776745000001	10708.937263	10704.509992000001	10707.585994000001	10709.55	10710.37	1.0	1.0	1.0	1.0					
10712.5	20.274999999999636	trials	11.0	10728.414922	10729.898548000001	10731.180687	10731.335925000001	10727.615214000001	10730.336523000002	10731.785	10732.775	1.0	1.0	1.0	1.0					
10736.875	9.96600000000035	trials	11.0	10741.820251000001	10743.81759	10745.258869000001	10745.403793000001	10740.881971	10743.972139000001	10745.845	10746.841	1.0	1.0	1.0	1.0					
10748.87	13.635999999998603	trials	11.0	10758.907157000001	10760.667276			10757.934691	10760.66056			1.0		0.0	2.0					
10764.565	8.114999999999782	trials	11.0	10766.296756000002	10767.841224	10770.921616000001	10771.26086	10761.523627	10769.713666000001	10771.52	10772.68	1.0	1.0	1.0	1.0					
10775.766	13.239999999999782	trials	11.0	10783.892046	10785.087928	10786.785363	10787.00553	10783.109821	10786.072045	10787.23	10789.006	1.0	1.0	1.0	1.0					
10792.078	10.647000000000844	trials	11.0	10798.110850000001	10799.347839	10801.053163	10801.231359000001	10797.2005	10799.763498	10801.745	10802.725	1.0	1.0	1.0	1.0					
10806.775	14.14600000000064	trials	11.0	10815.768670000001	10816.917543000001	10818.411973	10818.570271	10814.762235	10817.48451			1.0	1.0	0.0	3.0					
10822.675	6.505000000001019	trials	11.0	10824.400969	10826.428029	10828.226470000001	10828.745133	10821.094866000001	10826.913076			1.0	2.0	0.0	3.0					
10832.531	10.213999999999942	trials	11.0	10834.905846000001	10836.287368000001	10840.953489000001	10841.210596	10833.913776000001	10837.412073000001	10841.495	10842.745	1.0	1.0	1.0	1.0					
10844.762	13.922999999998865	trials	11.0	10853.410839	10855.297642000001	10856.969626	10857.155821	10852.851638	10855.662550000001	10857.466	10858.685	1.0	1.0	1.0	1.0					
10860.75	14.255999999999403	trials	11.0	10870.260639	10871.746042	10873.392775	10873.567228	10869.452355000001	10872.292930000001	10873.915	10875.006	1.0	1.0	1.0	1.0					
10878.121	9.399000000001251	trials	11.0	10883.020962	10884.535455000001	10885.970496000002	10886.16055	10882.037485	10885.007682000001	10886.475	10887.52	1.0	2.0	1.0	1.0					
10890.601	9.923999999999069	trials	11.0	10895.049661000001	10896.582606	10898.847001	10899.079938	10894.394814000001	10897.035931	10899.37	10900.525	1.0	2.0	1.0	1.0					
10902.575	10.96099999999933	trials	11.0	10908.361281000001	10910.118039	10911.591301	10911.886533	10907.755612	10910.437485			1.0	2.0	0.0	3.0					
10913.856	8.088999999999942	trials	11.0	10915.601196000001	10917.51315	10920.180037	10920.392575000002	10913.707693	10918.769189	10920.745	10921.945	1.0	1.0	1.0	1.0					
10925.079	13.27599999999984	trials	11.0	10933.945938	10935.363394	10936.661573000001	10936.861321	10933.096995	10935.656500000001	10937.296	10938.355	1.0	1.0	1.0	1.0					
10942.406	18.84399999999914	trials	11.0	10956.486103000001	10958.134884000001	10959.622003	10959.742369000001	10955.524756	10958.646893000001	10960.125	10961.25	1.0	1.0	1.0	1.0					
10964.338	14.731999999999971	trials	11.0	10974.182467	10976.186955000001	10977.401415	10977.565931000001	10973.597548000002	10976.363887000001	10977.966	10979.07	1.0	1.0	1.0	1.0					
10981.091	10.679000000000087	trials	11.0	10986.79579	10988.612871000001	10989.871026	10990.119006	10986.167664	10988.818003	10990.385	10991.77	1.0	1.0	1.0	1.0					
10993.79	13.109999999998763	trials	11.0	11002.401348000001	11003.654214	11005.130268	11005.307815	11001.574924	11004.108751	11005.563	11006.9	1.0	1.0	1.0	1.0					
11010.006	359.90900000000147	BlockDesign														1.0	696.0	715.0	50.0	0.0
11010.006	10.739000000001397	trials	12.0	11014.976788	11016.799884	11018.815248	11019.129922	11014.304415	11017.186261	11019.325	11020.745	2.0	1.0	1.0	1.0					
11022.805	15.475000000000364	trials	12.0	11029.561897000001	11031.386713	11036.562522	11036.848929	11028.761083000001	11035.090168	11037.111	11038.28	2.0	1.0	1.0	1.0					
11040.302	12.179000000000087	trials	12.0	11048.25661	11050.19764	11051.611741	11051.817543000001	11047.2975	11050.550788			2.0	1.0	0.0	3.0					
11055.81	7.83600000000115	trials	12.0	11057.786727	11059.711656000001	11062.050565000001	11062.277637000001	11052.653562000001	11060.773299			2.0	1.0	0.0	3.0					
11064.39	8.110000000000582	trials	12.0	11066.487028000001	11068.554019000001	11071.44952	11071.962201	11063.818971	11069.67627			2.0	2.0	0.0	3.0					
11075.3	8.416000000001077	trials	12.0	11077.101784	11078.336982	11083.463289000001	11083.866688	11076.408778	11080.420068000001			2.0	2.0	0.0	3.0					
11085.725	27.28099999999904	trials	12.0	11106.612613000001	11108.280359	11111.256039	11111.625195	11106.000817	11108.610376	11111.875	11113.006	2.0	1.0	1.0	1.0					
11117.065	10.995999999999185	trials	12.0	11123.207190000001	11124.354878	11126.433747000001	11126.633538	11122.549749000002	11125.194934000001	11126.875	11128.061	2.0	1.0	1.0	1.0					
11131.075	21.8799999999992	trials	12.0	11149.613685	11151.41595	11152.700884000002	11153.088600000001	11149.099713000001	11152.116171000001			2.0	1.0	0.0	3.0					
11154.881	14.804000000000087	trials	12.0	11165.187418000001	11166.785802	11168.274702	11168.408334000002	11164.626066	11167.035375000001	11155.49	11169.685	2.0	1.0	1.0	1.0					
11171.756	12.46900000000096	trials	12.0	11180.942044000001	11182.428450000001	11183.886171	11184.401607	11180.299243000001	11183.101437000001			2.0	1.0	0.0	3.0					
11188.08	25.8799999999992	trials	12.0	11209.942516000001	11211.118575	11212.326358	11212.503351000001	11209.060693000001	11211.480903000001	11212.796	11213.96	2.0	1.0	1.0	1.0					
11218.054	6.986000000000786	trials	12.0	11222.018128000002	11223.297486000001	11224.806507000001	11225.012830000001	11221.403935	11223.971226000001			2.0	1.0	0.0	3.0					
11227.125	36.0059999999994	trials	12.0	11260.297391	11261.625757000002	11262.896203	11263.307698	11259.735796	11262.242064000002			2.0	2.0	0.0	3.0					
11265.145	19.82499999999891	trials	12.0	11281.917292000002	11283.49422	11284.784422	11284.978466	11281.404610000001	11283.94081			2.0	1.0	0.0	3.0					
11287.975	24.584999999999127	trials	12.0	11308.107879000001	11309.679775	11310.853398000001	11311.033742000001	11307.41962	11309.898099000002	11311.455	11312.56	2.0	1.0	1.0	1.0					
11316.58	17.0049999999992	trials	12.0	11329.552399	11331.404825000001	11332.570981	11332.738204000001	11328.589062000001	11331.709642000002			2.0	1.0	1.0	1.0					
11336.064	16.325999999999112	trials	12.0	11347.822617000002	11349.529848	11351.187636	11351.365932	11347.124131	11350.291132			2.0	1.0	0.0	3.0					
11354.52	6.600000000000364	trials	12.0	11356.632673	11358.415845000001	11360.292645000001	11360.79238	11352.565028	11359.182963000001			2.0	1.0	0.0	3.0					
11362.548	7.367000000000189	trials	12.0	11364.349020000001	11366.188689	11368.191522000001	11368.381072	11361.295132000001	11367.029256000002	11368.671	11369.915	2.0	1.0	1.0	1.0					
11371.995	277.7049999999999	BlockDesign														1.0	716.0	736.0	0.0	50.0
11371.995	11.925999999999476	trials	13.0	11379.941725	11381.788777000002	11382.860722000001	11383.216078000001	11379.278816000002	11381.963254			3.0	2.0	0.0	3.0					
11386.096	6.450000000000728	trials	13.0	11387.927611000001	11389.856113000002	11391.653044	11391.913393	11384.096973	11390.471411			3.0	1.0	0.0	3.0					
11395.986	18.888999999999214	trials	13.0	11409.868564	11411.78454	11413.42929	11413.625136	11408.993470000001	11412.274983000001	11413.966	11414.875	3.0	2.0	1.0	1.0					
11416.94	11.844999999999345	trials	13.0	11423.813652	11425.032541	11426.592838	11427.049622	11422.858071	11425.590834			3.0	2.0	0.0	3.0					
11428.921	8.334999999999127	trials	13.0	11431.812846	11432.9454	11435.354808	11435.654336000001	11431.046374000001	11434.415749	11435.78	11437.256	3.0	2.0	1.0	1.0					
11439.131	18.64900000000125	trials	13.0	11453.184905000002	11454.856434000001	11456.266629000002	11456.511639	11452.198381	11455.199542	11456.68	11457.78	3.0	2.0	1.0	1.0					
11461.846	5.293999999999869	trials	13.0	11464.467613	11465.822011	11466.835968000001	11467.178272000001	11463.51294	11466.091269			3.0	2.0	0.0	3.0					
11470.22	10.145000000000437	trials	13.0	11477.082906000001	11478.304867	11480.113123000001	11480.427678	11476.437269000002	11479.227091			3.0	2.0	0.0	3.0					
11482.446	9.799000000000888	trials	13.0	11487.243152000001	11488.754811	11490.28857	11490.548704	11486.632705	11489.277933000001	11490.825	11492.245	3.0	2.0	1.0	1.0					
11495.261	9.923999999999069	trials	13.0	11500.833255000001	11502.924969	11504.085582	11504.465266000001	11499.985477	11503.215652			3.0	2.0	0.0	3.0					
11508.325	7.164999999999054	trials	13.0	11511.628308000001	11512.744456	11514.769494	11515.007293	11510.920405	11513.286534			3.0	1.0	0.0	3.0					
11517.085	4.4950000000008	trials	13.0	11518.975095000002	11520.330174	11521.332928	11521.644760000001	11515.663023000001	11520.709225			3.0	2.0	0.0	3.0					
11523.59	12.135000000000218	trials	13.0	11530.731337000001	11532.762021	11533.728337	11533.922989	11529.787536	11532.961413	11534.3	11535.725	3.0	2.0	1.0	1.0					
11537.75	11.96600000000035	trials	13.0	11546.53356	11548.174827	11549.487016000001	11549.712867	11545.744785	11548.937118000002			3.0	2.0	0.0	3.0					
11552.725	13.834999999999127	trials	13.0	11561.133039	11562.870286000001	11564.311836	11564.707149000002	11560.4251	11563.437115			3.0	1.0	0.0	3.0					
11568.555	16.93000000000029	trials	13.0	11580.793656000002	11582.509543	11583.843595	11584.086376000001	11580.050899000002	11582.905633	11584.27	11585.485	3.0	2.0	1.0	1.0					
11587.506	13.264000000001033	trials	13.0	11594.918365000001	11596.449907	11599.221567	11599.436909	11593.991857	11597.608309000001	11599.86	11600.77	3.0	2.0	1.0	1.0					
11602.874	10.08599999999933	trials	13.0	11608.840548	11610.497350000001	11611.902227	11612.421415	11608.142022	11611.036614			3.0	2.0	0.0	3.0					
11615.171	7.814000000000306	trials	13.0	11617.293733	11617.322192000001			11613.136809000001	11617.315732000001			3.0		0.0	2.0					
11623.175	8.621000000001004	trials	13.0	11625.048508	11626.731095000001	11630.048874	11630.265906	11624.316771000002	11628.832708000002	11630.546	11631.796	3.0	2.0	1.0	1.0					
11633.811	15.889000000001033	trials	13.0	11644.725612	11646.746911	11648.121453	11648.320372	11644.205660000001	11647.351990000001	11648.435	11649.7	3.0	2.0	1.0	1.0					
11652.799	2332.360999999999	BlockDesign														1.0	737.0	837.0	50.0	50.0
11652.799	11.075999999999112	trials	14.0	11659.730704000001	11661.312279000002	11663.597622000001	11663.918919	11659.187985	11662.075735			3.0	2.0	0.0	3.0					
11665.885	8.024999999999636	trials	14.0	11669.729725000001	11670.816367000001	11672.916631	11673.333231	11668.840141	11671.600983			3.0	2.0	0.0	3.0					
11677.255	8.085000000000946	trials	14.0	11679.413864	11680.562641	11684.009031000001	11684.427584000001	11674.083973	11682.265165			3.0	1.0	0.0	3.0					
11687.275	6.4099999999998545	trials	14.0	11689.025133000001	11690.726361	11693.403973	11693.859214	11687.527428000001	11691.522285000001			2.0	2.0	0.0	3.0					
11697.61	15.270999999998821	trials	14.0	11708.035635	11709.37447	11711.144510000002	11711.350218000001	11707.210585	11710.045914	11711.631	11712.881	2.0	1.0	1.0	1.0					
11714.955	15.079999999999927	trials	14.0	11725.199685000001	11726.791231000001	11728.318232000001	11728.651482000001	11724.218429	11727.495814000002			2.0	1.0	0.0	3.0					
11730.58	7.079999999999927	trials	14.0	11732.310848000001	11733.846606000001	11736.159404000002	11736.345295000001	11730.213067	11734.781183000001	11736.82	11737.66	3.0	2.0	1.0	1.0					
11740.75	10.880999999999403	trials	14.0	11747.504376	11748.651926	11750.342566000001	11750.656843	11746.729384	11749.28736			2.0	2.0	0.0	3.0					
11752.53	7.31499999999869	trials	14.0	11754.426877000002	11755.757607000001	11758.653980000001	11759.187453	11751.804149000001	11757.069179000002			2.0	1.0	0.0	3.0					
11760.921	7.91399999999885	trials	14.0	11762.901627000001	11764.306678	11767.297516	11767.513222000001	11760.020617	11766.194116	11767.775	11768.835	3.0	2.0	1.0	1.0					
11770.882	17.38299999999981	trials	14.0	11783.699489	11784.884713000001	11786.550029000002	11786.772758000001	11782.794216	11785.512114000001	11787.11	11788.265	2.0	1.0	1.0	1.0					
11792.341	16.179000000000087	trials	14.0	11803.679022	11804.856703000001	11807.517013	11807.860826	11802.889060000001	11806.089142			3.0	2.0	0.0	3.0					
11810.76	11.65599999999904	trials	14.0	11817.824665	11819.816764000001	11820.986664	11821.308678000001	11816.877091	11820.103734			3.0	2.0	0.0	3.0					
11824.166	16.394000000000233	trials	14.0	11835.520671	11837.500082	11838.989116	11839.179769	11834.789851000001	11837.933974000001	11839.49	11840.56	2.0	1.0	1.0	1.0					
11843.58	9.59100000000035	trials	14.0	11848.929881	11851.024803	11852.312227	11852.559107000001	11848.260622000002	11851.227211000001			3.0	1.0	0.0	3.0					
11856.495	5.9649999999983265	trials	14.0	11858.601732000001	11859.938523	11862.227828000001	11862.638835000002	11853.344575000001	11860.364854000001			2.0	2.0	0.0	3.0					
11866.471	10.754000000000815	trials	14.0	11872.594644	11874.346453	11875.596529	11875.741108	11871.81334	11874.634416	11876.14	11877.225	2.0	1.0	1.0	1.0					
11879.3	16.20600000000013	trials	14.0	11892.21499	11893.697724000001	11895.326465	11895.52521	11891.433139	11894.208901000002			3.0	1.0	0.0	3.0					
11898.516	31.325000000000728	trials	14.0	11925.460532000001	11927.153495	11928.255807000001	11928.464976000001	11924.480477000001	11927.348925	11928.765	11929.841	3.0	2.0	1.0	1.0					
11931.93	22.179000000000087	trials	14.0	11948.495620000002	11949.629226000001	11951.503463000001	11951.658642	11947.819124000001	11950.403281			3.0	1.0	0.0	3.0					
11954.705	17.860000000000582	trials	14.0	11966.190750000002	11967.431596	11969.582184	11969.979616	11965.316889000002	11968.602910000001			2.0	1.0	0.0	3.0					
11972.81	34.23999999999978	trials	14.0	12001.715449000001	12003.728883	12005.442313000001	12005.618833	12000.764241	12003.986709	12005.91	12007.05	2.0	1.0	1.0	1.0					
12011.14	10.925000000001091	trials	14.0	12016.656265000001	12018.654507000001	12019.917315	12020.140022000001	12015.847755	12018.942465			2.0	1.0	0.0	3.0					
12022.145	37.46600000000035	trials	14.0	12054.687127000001	12056.601594	12058.116673	12058.321342000001	12053.790179000001	12057.317806000001	12058.58	12059.611	3.0	2.0	1.0	1.0					
12063.706	11.873999999999796	trials	14.0	12070.562323	12072.398994000001	12074.045022	12074.215956	12069.720274000001	12072.938012	12074.64	12075.58	2.0	1.0	1.0	1.0					
12077.609	13.396999999999025	trials	14.0	12084.515307000001	12086.422066000001			12083.746942000002	12086.411802			2.0		0.0	2.0					
12091.3	8.965000000000146	trials	14.0	12093.220503	12094.728130000001	12097.114075000001	12097.520089000001	12091.852509	12095.813242			2.0	1.0	0.0	3.0					
12100.418	6.753000000000611	trials	14.0	12102.397647000002	12103.764744	12105.322971000001	12105.6103	12100.610163000001	12104.621077	12105.885	12107.171	3.0	2.0	1.0	1.0					
12110.218	10.476999999998952	trials	14.0	12118.006186	12119.315464000001	12120.487305	12120.871423	12117.335653000002	12119.850457			3.0	2.0	0.0	3.0					
12122.735	32.75	trials	14.0	12151.371076000001	12152.582149000002	12153.855552	12154.101108	12150.383816000001	12153.24683	12154.43	12155.485	3.0	2.0	1.0	1.0					
12159.546	12.259000000000015	trials	14.0	12166.736694000001	12168.573213	12169.911274000002	12170.141247000001	12165.867983	12169.013899000001	12170.415	12171.805	2.0	1.0	1.0	1.0					
12173.846	16.361000000000786	trials	14.0	12186.611801000001	12188.373448	12189.909673	12190.325984000001	12185.916513	12189.039506000001			3.0	2.0	0.0	3.0					
12193.141	15.114999999999782	trials	14.0	12203.081961	12204.15855	12207.299328000001	12207.756432	12202.284983000001	12204.874995			3.0	1.0	0.0	3.0					
12210.535	5.121999999999389	trials	14.0	12212.511375000002	12214.303822000002	12215.388418	12215.831965000001	12208.432338	12214.635010000002			2.0	2.0	0.0	3.0					
12217.567	13.663000000000466	trials	14.0	12226.926337	12228.802975	12230.233765	12230.397433000002	12226.0717	12229.350702			2.0	1.0	1.0	1.0					
12233.671	14.494000000000597	trials	14.0	12244.831771000001	12245.979943	12247.987863	12248.235541000002	12244.100539000001	12247.184065000001			3.0	2.0	0.0	3.0					
12251.171	20.273999999999432	trials	14.0	12264.429575	12265.662925	12267.93749	12268.166804	12263.832926	12266.906341			3.0	1.0	0.0	3.0					
12272.25	5.805000000000291	trials	14.0	12273.955528	12274.782874	12277.935153999999	12278.159411999999	12271.548389	12274.771271			2.0		0.0	2.0					
12280.74	9.670000000000073	trials	14.0	12285.679718	12286.967508	12288.748397	12288.868352	12285.167785	12287.648772999999	12289.48	12290.41	2.0	1.0	1.0	1.0					
12292.455	22.44000000000051	trials	14.0	12309.151976	12310.802308	12312.617084	12312.777983	12308.147398	12310.969856			3.0	1.0	0.0	3.0					
12314.995	7.849999999998545	trials	14.0	12316.810246	12318.058246999999	12321.12632	12321.469114	12315.331401	12319.8362			2.0	2.0	0.0	3.0					
12323.486	7.563999999998487	trials	14.0	12325.560102	12327.082205	12329.873083999999	12330.323943	12322.947407	12328.486211			3.0	1.0	0.0	3.0					
12333.191	8.764999999999418	trials	14.0	12335.205738999999	12336.967419999999	12341.571011	12341.999951	12331.151693	12337.644454			2.0	2.0	0.0	3.0					
12343.89	10.360000000000582	trials	14.0	12350.880946	12351.912570999999	12353.77541	12354.166016	12350.196407	12352.681102999999			3.0	2.0	0.0	3.0					
12357.171	19.04899999999907	trials	14.0	12371.795326	12373.391296	12374.538613	12374.759721999999	12370.791119	12373.370194	12375.28	12376.22	2.0	1.0	1.0	1.0					
12380.296	12.459999999999127	trials	14.0	12389.130646	12390.739658	12392.502875	12392.787753999999	12388.570748	12391.659233			3.0	2.0	0.0	3.0					
12395.77	129.86999999999898	trials	14.0	12522.855967	12524.022917	12525.336752	12525.565627	12522.306077	12524.637329			2.0	1.0	0.0	3.0					
12529.69	111.33499999999913	trials	14.0	12637.971394	12639.399744	12640.719664	12640.904164	12637.246355	12639.982339			3.0	1.0	0.0	3.0					
12645.1	9.090000000000146	trials	14.0	12651.172317999999	12652.599044	12653.784534999999	12654.29172	12650.625641	12653.171021			3.0	2.0	0.0	3.0					
12656.08	32.07500000000073	trials	14.0	12684.921851	12685.968896	12687.843149	12688.231468	12684.102248	12687.062045			3.0	1.0	0.0	3.0					
12691.221	33.10900000000038	trials	14.0	12720.490545	12722.424644	12723.341584	12723.600867	12719.586199	12722.412613999999			2.0		0.0	2.0					
12727.341	11.260000000000218	trials	14.0	12735.878333	12737.089112	12738.285439	12738.7015	12734.98674	12737.675869			2.0	1.0	0.0	3.0					
12740.578	134.76300000000083	trials	14.0	12872.538344999999	12873.749645	12874.631406999999	12875.444231	12871.701911	12873.909913			2.0	1.0	0.0	3.0					
12877.968	21.055999999998676	trials	14.0	12896.012657	12897.830183	12898.693448	12899.118234	12895.440202	12898.156292			3.0	2.0	0.0	3.0					
12900.95	239.84599999999955	trials	14.0	13136.410736	13137.722453	13138.790981	13138.979126	13135.607458999999	13138.101306999999	13139.365	13140.796	2.0	1.0	1.0	1.0					
13144.885	15.834999999999127	trials	14.0	13156.259439	13158.339355	13159.592475	13160.062147999999	13155.273447	13158.474227			3.0	1.0	0.0	3.0					
13163.9	38.64000000000124	trials	14.0	13199.330111	13201.055738	13202.123279	13202.644242999999	13198.510473	13201.439378			3.0	2.0	0.0	3.0					
13205.381	36.92400000000089	trials	14.0	13238.984326	13240.401557	13241.16179	13241.546949	13238.08046	13240.392746			2.0		0.0	2.0					
13245.361	93.60799999999836	trials	14.0	13334.241698	13335.63698	13336.997219	13337.323612	13333.681513	13336.202297	13337.61	13338.969	3.0	2.0	1.0	1.0					
13341.055	21.715000000000146	trials	14.0	13358.406392	13359.634388	13360.884832	13361.070719	13357.821761	13359.969863	13361.43	13362.77	2.0	1.0	1.0	1.0					
13366.785	11.5	trials	14.0	13373.819774	13375.020881	13376.254831	13376.451513	13373.278522	13375.318933	13376.875	13378.285	2.0	1.0	1.0	1.0					
13380.359	16.72099999999955	trials	14.0	13391.885071	13393.287737	13394.782544	13395.147251999999	13391.179200999999	13393.647538			3.0	2.0	0.0	3.0					
13397.111	41.86399999999958	trials	14.0	13434.000998	13435.682507	13438.620248	13439.083865	13433.039525	13435.678949			3.0		0.0	2.0					
13440.665	19.752999999998792	trials	14.0	13457.532521	13458.774292	13460.048515999999	13460.453689	13456.656331	13459.410142			2.0	1.0	0.0	3.0					
13462.35	51.43000000000029	trials	14.0	13509.052865	13510.538771	13511.53448	13511.760332	13508.366612	13510.907167	13512.2	13513.78	2.0	1.0	1.0	1.0					
13516.8	22.51000000000022	trials	14.0	13535.70212	13537.333081	13538.104578999999	13538.493322	13534.940321	13537.330403			2.0		0.0	2.0					
13541.32	7.579999999999927	trials	14.0	13543.036153	13545.022075	13546.923703	13547.180045	13539.146574999999	13545.61055	13547.475	13548.9	2.0	1.0	1.0	1.0					
13552.93	19.404999999998836	trials	14.0	13567.501712	13569.30785	13570.777924	13570.939895	13566.576905	13569.720869			3.0	1.0	0.0	3.0					
13575.035	11.095999999999549	trials	14.0	13580.29759	13582.073036	13584.018842	13584.342564999999	13579.727593	13583.140972	13584.675	13586.131	3.0	2.0	1.0	1.0					
13589.216	10.363999999999578	trials	14.0	13596.032981	13597.852937	13599.227143	13599.688118	13595.446652	13598.325166			3.0	2.0	0.0	3.0					
13602.52	13.930000000000291	trials	14.0	13611.206671	13613.309288	13614.321738999999	13614.737111	13610.221109	13613.231003			2.0	1.0	0.0	3.0					
13616.646	6.0090000000000146	trials	14.0	13618.536788	13619.812793	13621.231972	13622.081585	13616.558584999999	13620.437435			3.0	2.0	0.0	3.0					
13624.562	6.568999999999505	trials	14.0	13626.546697	13627.788251	13630.067614	13630.484308	13622.764001	13628.456162			2.0	1.0	0.0	3.0					
13633.381	4.764000000001033	trials	14.0	13635.301673	13635.794429			13631.238877	13635.782506			3.0		0.0	2.0					
13641.776	12.234000000000378	trials	14.0	13647.65846	13649.237936	13652.295406	13652.67803	13646.789935	13650.623098			3.0	1.0	0.0	3.0					
13656.676	11.194000000001324	trials	14.0	13661.328191	13662.817928	13665.987839	13666.181753	13660.562864	13664.634517999999	13666.57	13667.87	2.0	1.0	1.0	1.0					
13670.91	18.13000000000102	trials	14.0	13684.296862	13685.443012	13687.173268	13687.432606	13683.651764	13686.103879999999	13687.811	13689.04	3.0	2.0	1.0	1.0					
13691.131	13.21900000000096	trials	14.0	13700.776547	13702.138636	13703.284397	13703.759708	13699.927828	13702.429759999999			3.0	2.0	0.0	3.0					
13705.625	5.72899999999936	trials	14.0	13707.546752	13708.638383	13710.242921	13710.521689	13705.883734	13709.109054999999			2.0	1.0	0.0	3.0					
13712.555	6.524999999999636	trials	14.0	13714.258531	13715.49868	13717.995370999999	13718.530334	13711.457602999999	13716.805262			2.0	2.0	0.0	3.0					
13721.355	7.736000000000786	trials	14.0	13726.551616	13727.121164			13725.972709	13727.080472			3.0		0.0	2.0					
13731.161	8.138999999999214	trials	14.0	13733.266496	13734.548751999999	13737.210423	13737.568549	13731.872737	13735.261894	13737.95	13739.3	3.0	2.0	1.0	1.0					
13743.457	12.932999999999083	trials	14.0	13752.557356	13753.857358	13755.400295	13755.597760999999	13751.93179	13754.381239			2.0	1.0	0.0	3.0					
13759.64	6.281000000000859	trials	14.0	13761.542737	13762.7833	13764.541807	13764.841319	13756.499977	13763.3153			3.0	1.0	0.0	3.0					
13767.885	12.324999999998909	trials	14.0	13773.262021999999	13775.074634	13779.432352	13779.673002	13772.420734	13777.922339			2.0	1.0	0.0	3.0					
13781.675	13.706000000000131	trials	14.0	13790.689009	13792.028543	13793.446757	13793.627446	13789.885295	13792.335674	13794.06	13795.381	2.0	1.0	1.0	1.0					
13797.406	27.639999999999418	trials	14.0	13819.592095	13820.941127	13821.844262	13822.378105	13818.909139	13821.176255			3.0	2.0	0.0	3.0					
13825.22	5.570000000001528	trials	14.0	13826.866055	13828.392272	13829.738449	13830.060599	13825.520411	13828.623497			2.0	1.0	1.0	1.0					
13833.326	16.864000000001397	trials	14.0	13843.292911	13844.416871	13849.27414	13850.301451	13842.360958	13848.13909			3.0	2.0	0.0	3.0					
13852.6	11.484999999998763	trials	14.0	13860.192135	13861.569728	13863.798788	13864.10644	13859.267666	13862.747705			3.0	1.0	0.0	3.0					
13866.095	10.326000000000931	trials	14.0	13871.517415999999	13872.723001	13874.497283	13874.790946	13870.786858	13873.050944	13875.085	13876.421	3.0	2.0	1.0	1.0					
13878.44	15.109999999998763	trials	14.0	13888.868822	13890.92963	13892.35418	13892.719546	13888.313677	13891.029476			3.0	2.0	0.0	3.0					
13895.74	6.239999999999782	trials	14.0	13897.602701	13897.614571	13901.8571	13902.089392	13893.662747	13900.324418					0.0	2.0					
13902.55	7.735000000000582	trials	14.0	13904.934168	13905.536307999999	13909.265585	13909.824304	13903.866074	13905.527802999999			2.0		0.0	2.0					
13911.535	13.06500000000051	trials	14.0	13913.6233	13915.591258	13920.585782	13921.103416	13910.396584	13915.648883			2.0	2.0	0.0	3.0					
13924.994	7.505999999999403	trials	14.0	13926.998356	13928.642812	13930.387475	13930.770713	13924.708594	13929.114685999999	13930.99	13932.5	2.0	1.0	1.0	1.0					
13934.59	17.405000000000655	trials	14.0	13944.727808	13946.299583	13948.125184	13948.645214	13944.187437999999	13946.290884			2.0	2.0	0.0	3.0					
13952.456	6.779000000000451	trials	14.0	13954.472554	13955.637786	13957.388416	13957.51204	13952.928018999999	13955.936162	13957.925	13959.235	3.0	2.0	1.0	1.0					
13963.26	8.610000000000582	trials	14.0	13968.112278999999	13969.934782	13970.752514	13971.212653	13967.183345	13970.068313			3.0	2.0	0.0	3.0					
13973.062	6.603000000000975	trials	14.0	13974.80762	13976.179683999999	13977.775334	13978.159715	13973.378609	13976.320024999999			2.0	1.0	0.0	3.0					
13980.035	5.125	trials	14.0	13981.88827	13983.795053			13979.773006	13984.162003			3.0	2.0	0.0	3.0					
13988.43	114.6239999999998	BlockDesign														1.0	838.0	845.0	0.0	0.0
13988.43	8.30199999999968	trials	15.0	13990.228312	13991.684954	13995.430087	13995.668783	13986.640363999999	13993.752292			2.0	1.0	0.0	3.0					
13998.8	7.550000000001091	trials	15.0	14000.903151999999	14000.93357	14005.309582	14005.836914	13996.8377	14000.928109			2.0		0.0	2.0					
14006.895	8.489999999999782	trials	15.0	14010.062692	14011.830158	14014.164044	14014.599499	14009.066459	14012.363549			2.0	1.0	0.0	3.0					
14017.455	7.175999999999476	trials	15.0	14019.660202	14020.462859			14018.697775	14020.449427			2.0		0.0	2.0					
14026.39	7.800000000001091	trials	15.0	14028.347902	14029.740577999999	14032.314755	14032.558681999999	14027.615389	14030.63851			2.0	1.0	0.0	3.0					
14035.695	6.405000000000655	trials	15.0	14037.767877	14039.489431	14041.687595	14042.203403	14034.299467	14040.275458			2.0	2.0	0.0	3.0					
14047.03	40.0	trials	15.0	14083.097776	14084.354723	14086.434185	14087.141608	14082.569737	14084.347628			2.0		0.0	2.0					
14089.371	13.683000000000902	trials	15.0	14099.773469	14101.460809	14102.994113	14103.123994	14099.012861	14101.910677			2.0	1.0	0.0	3.0					
14106.266	178.60400000000118	BlockDesign														1.0	846.0	850.0	0.0	0.0
14106.266	15.430000000000291	trials	16.0	14118.714031	14120.122659999999	14121.367694	14121.786974	14117.949311	14120.83765			3.0	2.0	0.0	3.0					
14124.695	43.73199999999997	trials	16.0	14165.379151	14166.665813	14168.061172	14168.536065	14164.456934	14167.001694999999			3.0	2.0	0.0	3.0					
14172.381	30.790000000000873	trials	16.0	14199.933614	14201.086191999999	14202.844732	14203.281593	14199.273695	14201.680658			3.0	1.0	0.0	3.0					
14206.175	63.91600000000108	trials	16.0	14265.915578	14267.16691	14268.195557	14268.561179	14265.147644	14267.643604			3.0	2.0	0.0	3.0					
14272.52	12.350000000000364	trials	16.0	14282.449066	14283.545838	14284.868221	14285.305868	14281.742458	14284.267235			3.0	2.0	0.0	3.0					
14289.222	943.5380000000005	BlockDesign														1.0	851.0	913.0	50.0	50.0
14289.222	25.712999999999738	trials	17.0	14312.06477	14313.176477	14314.642630999999	14314.954925	14311.151033	14314.015397			3.0	2.0	0.0	3.0					
14316.942	36.11300000000119	trials	17.0	14348.639819	14350.405923999999	14352.626597	14353.167223	14347.88536	14350.395338			2.0		0.0	2.0					
14355.381	43.26400000000103	trials	17.0	14393.765058	14395.516102	14396.590121	14396.931832	14392.820572	14395.697483	14397.245	14398.645	3.0	2.0	1.0	1.0					
14400.735	13.924999999999272	trials	17.0	14409.429694	14411.230265	14412.317909	14412.737745	14408.421526	14411.145529			2.0	1.0	0.0	3.0					
14415.656	17.16399999999885	trials	17.0	14427.885807999999	14429.527558	14430.970441	14431.202543	14427.099638	14430.161852	14431.46	14432.82	3.0	2.0	1.0	1.0					
14434.981	12.514000000001033	trials	17.0	14442.609584	14444.034493	14445.472722	14445.686455	14441.616453999999	14444.553864	14446.195	14447.495	2.0	1.0	1.0	1.0					
14451.645	9.93999999999869	trials	17.0	14455.989673	14457.153865	14458.683595999999	14459.044531	14455.106835999999	14457.656093			2.0	1.0	0.0	3.0					
14461.97	7.145000000000437	trials	17.0	14463.706559	14465.430994999999	14466.400552	14466.987557	14461.699068	14465.630072			3.0	2.0	0.0	3.0					
14469.74	5.545000000000073	trials	17.0	14471.640257	14472.748326	14473.975062	14474.456126	14469.228286	14473.003553999999			3.0	2.0	0.0	3.0					
14476.345	8.114999999999782	trials	17.0	14478.474850999999	14479.762811	14484.217226	14484.482012	14475.395993	14479.750724			3.0		0.0	2.0					
14484.665	11.394999999998618	trials	17.0	14491.058881	14492.483569	14494.18237	14494.364396	14490.53525	14493.050428999999	14494.79	14496.06	2.0	1.0	1.0	1.0					
14500.146	20.388999999999214	trials	17.0	14516.56217	14518.058758	14519.47097	14519.625331	14515.841031	14518.295348			2.0	1.0	0.0	3.0					
14521.815	7.489999999999782	trials	17.0	14523.835487	14525.068286	14528.08756	14528.575447	14520.645904	14527.019393999999			2.0	2.0	0.0	3.0					
14530.455	7.225000000000364	trials	17.0	14532.095572999999	14533.342305999999	14535.680788	14535.925807	14530.954108	14534.260666999999	14536.395	14537.68	3.0	2.0	1.0	1.0					
14540.756	12.699000000000524	trials	17.0	14548.045932	14549.842667	14550.967297	14551.397975	14547.414694	14550.209265			3.0	2.0	0.0	3.0					
14555.34	10.959999999999127	trials	17.0	14561.876126	14563.23601	14565.086507	14565.768845999999	14560.917977	14564.268036			2.0	2.0	0.0	3.0					
14568.476	6.2590000000000146	trials	17.0	14570.575155	14571.862856			14566.413634	14571.855416			3.0		0.0	2.0					
14575.766	8.954999999999927	trials	17.0	14578.03711	14580.133114	14582.68076	14583.095726	14577.391067	14580.840296			2.0	2.0	0.0	3.0					
14584.94	7.904999999998836	trials	17.0	14587.011794	14588.792658999999	14591.34007	14591.626002	14584.832342	14590.552311			2.0	1.0	0.0	3.0					
14595.665	24.654999999998836	trials	17.0	14616.658747	14618.232409	14619.990095	14620.433567	14615.946197	14618.885194999999			3.0	2.0	0.0	3.0					
14622.27	19.459999999999127	trials	17.0	14636.155781	14637.813209	14639.89769	14640.079925	14635.497169999999	14638.465207	14640.61	14641.73	2.0	1.0	1.0	1.0					
14644.83	16.284999999999854	trials	17.0	14656.22588	14658.021826	14659.24336	14659.531001	14655.335102	14658.560084	14659.9	14661.115	3.0	2.0	1.0	1.0					
14665.187	15.38299999999981	trials	17.0	14674.78105	14676.68	14677.747516	14678.073508	14673.971593	14676.948927			2.0	1.0	0.0	3.0					
14681.046	8.273999999999432	trials	17.0	14683.16296	14684.550319	14687.880656	14688.391438999999	14682.338104999999	14686.077873999999			3.0	1.0	0.0	3.0					
14692.175	23.170000000000073	trials	17.0	14711.997997999999	14713.492157	14714.958791	14715.458234	14711.447105	14714.220118			2.0	1.0	0.0	3.0					
14717.205	21.386000000000422	trials	17.0	14734.171245	14735.748364	14736.685935	14736.925766	14733.610792	14736.129223	14737.6	14738.591	3.0	2.0	1.0	1.0					
14741.631	11.319000000001324	trials	17.0	14748.946084	14750.032714	14751.155127	14751.367265	14747.973316	14750.60378	14751.835	14752.95	3.0	2.0	1.0	1.0					
14755.97	15.230000000001382	trials	17.0	14766.740818999999	14768.046162999999	14769.258737	14769.557394	14765.861989	14768.274383	14770.05	14771.2	2.0	1.0	1.0	1.0					
14774.221	13.97400000000016	trials	17.0	14784.616363	14785.738351	14786.980351	14787.149309	14783.627338999999	14786.101017			2.0	1.0	0.0	3.0					
14789.296	7.814000000000306	trials	17.0	14791.038194	14792.350696	14793.658113	14794.26878	14788.306076	14792.864545			3.0	2.0	0.0	3.0					
14797.891	6.519000000000233	trials	17.0	14800.043204	14801.934142	14803.314502	14803.830806	14797.225387	14802.389589999999			3.0	2.0	0.0	3.0					
14805.629	9.251999999998588	trials	17.0	14807.597131999999	14808.773162	14813.726591999999	14814.236653	14804.525256	14812.599376999999			2.0	2.0	0.0	3.0					
14818.02	11.199999999998909	trials	17.0	14823.632357	14825.202076	14827.453637999999	14827.684921	14822.648626	14826.694298	14828.01	14829.22	3.0	2.0	1.0	1.0					
14831.265	26.13000000000102	trials	17.0	14852.192438	14854.265051	14855.56966	14855.781292	14851.576699	14854.590941	14856.3	14857.395	2.0	1.0	1.0	1.0					
14860.495	11.694999999999709	trials	17.0	14867.377196	14869.242961	14870.396358	14870.608059999999	14866.509661	14869.502015	14871.0	14872.19	3.0	2.0	1.0	1.0					
14874.23	14.765000000001237	trials	17.0	14884.097973	14886.112543	14886.96515	14887.214423	14883.138094	14886.237394			2.0	2.0	0.0	3.0					
14890.316	7.119999999998981	trials	17.0	14892.027095	14892.600095	14896.572704	14896.899898	14889.108373	14892.59723			2.0		0.0	2.0					
14898.575	5.6599999999998545	trials	17.0	14900.4371	14902.025287	14903.037951999999	14903.585519	14897.549696	14902.171949			3.0	2.0	0.0	3.0					
14905.381	7.304000000000087	trials	17.0	14907.123244999999	14908.584346	14910.880809999999	14911.310685	14904.350299	14909.456667			3.0	1.0	0.0	3.0					
14914.27	8.5	trials	17.0	14918.547356	14919.845783	14922.473947999999	14922.736758	14917.7555	14920.752137			2.0	1.0	0.0	3.0					
14925.844	11.041000000001077	trials	17.0	14931.833314	14933.837658	14935.195979	14935.342549	14931.087484	14934.21833	14935.87	14936.885	2.0	1.0	1.0	1.0					
14939.97	13.445000000001528	trials	17.0	14948.606815	14949.724237999999	14951.164401	14951.519849	14947.766767	14950.386049			2.0	1.0	0.0	3.0					
14953.46	6.625	trials	17.0	14955.253012	14956.939006	14958.705382	14959.017511	14953.578985	14957.574484			3.0	2.0	0.0	3.0					
14960.986	6.35399999999936	trials	17.0	14962.902366999999	14964.484285	14966.246864	14966.467336	14960.199091999999	14965.388020999999			3.0	1.0	0.0	3.0					
14969.54	6.6599999999998545	trials	17.0	14971.307601	14972.064149			14967.45427	14972.057249			3.0		0.0	2.0					
14978.08	5.221999999999753	trials	17.0	14979.76255	14980.158888			14976.312734	14980.148917999999			2.0		0.0	2.0					
14984.062	27.542999999999665	trials	17.0	15007.281884	15009.004681999999	15009.900232	15010.103548	15006.611868	15009.064505	15010.51	15011.605	2.0	1.0	1.0	1.0					
15015.691	21.463999999999942	trials	17.0	15032.277559	15034.139707999999	15035.268047	15035.580461	15031.517883	15034.561384	15035.925	15037.155	3.0	2.0	1.0	1.0					
15040.242	10.307999999999083	trials	17.0	15047.576971999999	15049.140956	15050.159513999999	15050.664004	15046.907593	15049.457494999999			3.0	2.0	0.0	3.0					
15053.481	16.754000000000815	trials	17.0	15065.633001999999	15067.121407999999	15068.313488	15068.484056	15064.952831999999	15067.369427	15068.905	15070.235	2.0	1.0	1.0	1.0					
15074.26	16.93499999999949	trials	17.0	15087.468058999999	15088.859108	15090.110698	15090.398788	15086.535806	15089.23801			2.0	1.0	0.0	3.0					
15093.396	9.635000000000218	trials	17.0	15098.209394	15099.969469	15102.740783	15103.079098	15097.353326	15101.126462			2.0	1.0	0.0	3.0					
15107.046	9.394000000000233	trials	17.0	15111.952996	15113.563978999999	15115.19075	15115.852288	15111.145418	15114.389563			3.0	2.0	0.0	3.0					
15117.468	7.3729999999995925	trials	17.0	15119.543581	15121.055018	15123.244169	15123.703395	15116.554584	15121.809184			3.0	1.0	0.0	3.0					
15125.555	8.194999999999709	trials	17.0	15127.527729	15129.537519	15132.05003	15132.268463	15124.956988	15130.962489	15132.745	15133.75	2.0	1.0	1.0	1.0					
15135.828	13.557000000000698	trials	17.0	15144.624562	15146.400582999999	15147.651077	15147.860332	15143.765406	15146.918378	15148.3	15149.385	3.0	2.0	1.0	1.0					
15153.437	14.722999999999956	trials	17.0	15163.28297	15165.054995	15166.331587	15166.630493	15162.475757	15165.375245	15166.91	15168.16	3.0	2.0	1.0	1.0					
15171.221	9.96100000000115	trials	17.0	15177.043345	15178.904008	15179.83855	15180.234011	15176.361888	15179.150129			3.0	2.0	0.0	3.0					
15183.145	8.125	trials	17.0	15185.069689	15186.494964	15190.657857999999	15190.704176	15181.296343	15186.488615			2.0		0.0	2.0					
15192.546	10.904000000000451	trials	17.0	15194.82271	15196.51756	15201.562132	15201.901609	15194.195614	15198.838442	15202.22	15203.45	3.0	2.0	1.0	1.0					
15206.515	9.735000000000582	trials	17.0	15212.243036	15214.322489	15215.316643	15215.539904	15211.462238	15214.516949			2.0	2.0	0.0	3.0					
15217.6	6.100000000000364	trials	17.0	15219.303673999999	15220.966091	15222.83903	15223.143533	15216.364751	15221.6651			2.0	2.0	0.0	3.0					
15225.095	7.665000000000873	trials	17.0	15226.973728	15228.590593	15230.945699	15231.163046	15223.814734	15228.992212	15231.631	15232.76	2.0	1.0	1.0	1.0					
15235.875	254.36000000000058	BlockDesign														1.0	914.0	937.0	10.0	50.0
15235.875	11.453999999999724	trials	18.0	15242.750293	15244.138367	15245.893672	15246.015835	15241.879055	15244.870281			1.0	1.0	0.0	3.0					
15248.21	5.575000000000728	trials	18.0	15249.91922	15251.470307	15252.148007	15252.418552	15247.446896	15251.569211	15252.805	15253.785	1.0	2.0	1.0	1.0					
15256.83	7.966000000000349	trials	18.0	15260.848751	15262.606121	15263.329068	15263.423433	15259.908324	15262.770037999999	15263.99	15264.796	1.0	2.0	1.0	1.0					
15268.881	11.625	trials	18.0	15273.367984	15274.633198			15272.556322	15274.619912			1.0		0.0	2.0					
15280.61	9.709999999999127	trials	18.0	15285.440056	15286.351213			15284.442044	15286.338638			1.0		0.0	2.0					
15290.365	4.890999999999622	trials	18.0	15292.383922	15293.360542			15290.501478999999	15293.355125			1.0		0.0	2.0					
15297.265	5.890000000001237	trials	18.0	15299.19355	15300.485395	15301.509463999999	15301.689632	15293.483917	15300.572839	15301.96	15303.155	1.0	2.0	1.0	1.0					
15307.206	8.769000000000233	trials	18.0	15311.298644999999	15312.528932	15313.301465999999	15313.811830999999	15293.483917	15312.661026			1.0	2.0	0.0	3.0					
15316.631	5.819000000001324	trials	18.0	15318.663317999999	15320.094025999999	15320.768344999999	15320.978695999998	15316.060748999998	15320.157588999999	15321.435	15322.45	1.0	2.0	1.0	1.0					
15326.467	10.91399999999885	trials	18.0	15332.938789999998	15334.842878	15335.630287999998	15335.888486	15332.343404	15335.025878999999			1.0	2.0	0.0	3.0					
15338.955	8.319999999999709	trials	18.0	15340.938778999998	15342.395792	15345.200797999998	15345.422078999998	15337.463441999998	15342.585215			1.0	1.0	0.0	3.0					
15347.53	5.81499999999869	trials	18.0	15349.288926	15350.420402	15351.665469	15351.852805999999	15347.362307	15351.137346	15352.256	15353.345	1.0	2.0	1.0	1.0					
15355.43	10.536000000000058	trials	18.0	15361.91901	15363.426190999999	15364.301067999999	15364.478206	15361.158973999998	15363.730875	15364.945	15365.966	1.0	2.0	1.0	1.0					
15370.02	13.40099999999984	trials	18.0	15378.664073999998	15380.692915999998	15381.662597999999	15381.844782999999	15378.143630999999	15380.956278	15382.32	15383.421	1.0	2.0	1.0	1.0					
15385.5	16.51000000000022	trials	18.0	15398.445097	15400.030999999999	15400.940943	15401.244277999998	15397.571186	15400.401886			1.0	2.0	0.0	3.0					
15403.27	10.229999999999563	trials	18.0	15404.943987999999	15406.500684999999	15409.25486	15409.522726	15402.09759	15407.777525999998			1.0	1.0	0.0	3.0					
15413.64	6.650000000001455	trials	18.0	15415.555891999998	15416.771055	15418.629046999999	15418.869861	15413.916251999999	15417.838145	15419.195	15420.29	1.0	2.0	1.0	1.0					
15424.31	11.090000000000146	trials	18.0	15430.949369999998	15432.92289	15434.300876	15434.660608999999	15430.35984	15433.778498999998			1.0	2.0	0.0	3.0					
15437.686	4.7039999999997235	trials	18.0	15439.425197999999	15439.926790999998			15435.486260999998	15439.917227999998			1.0		0.0	2.0					
15445.876	5.8799999999992	trials	18.0	15447.820247999998	15449.686541	15450.779203999999	15451.304431999999	15442.478900999999	15449.804885999998			1.0	2.0	0.0	3.0					
15453.131	6.78400000000147	trials	18.0	15455.084278999999	15456.618220999999	15458.172482999998	15458.353205	15451.840140999999	15457.265333	15458.785	15459.915	1.0	2.0	1.0	1.0					
15461.936	14.054000000000087	trials	18.0	15470.809487999999	15472.182550999998	15473.659781999999	15473.865252	15470.066264	15472.964657999999			1.0	2.0	0.0	3.0					
15476.995	5.599999999998545	trials	18.0	15478.609300999999	15480.179167999999	15481.755624	15482.156453999998	15476.074974	15480.899759999998			1.0	2.0	0.0	3.0					
15484.109	6.126000000000204	trials	18.0	15486.015038	15487.671822999999	15489.144332	15489.371287999998	15482.682813	15488.244701			1.0	2.0	1.0	1.0					
15492.69	1269.9410000000007	BlockDesign														1.0	938.0	1031.0	50.0	10.0
15492.69	14.824999999998909	trials	19.0	15503.324767999999	15504.576371	15505.732940999998	15505.938431999999	15502.756303999999	15505.075690999998			1.0	2.0	0.0	3.0					
15509.095	8.911000000000058	trials	19.0	15511.069388999998	15512.491167999999	15513.861224999999	15514.273931	15507.600073999998	15512.889466999999			1.0	2.0	0.0	3.0					
15518.145	6.735999999998967	trials	19.0	15520.289165999999	15521.506099999999	15523.054965	15523.231575	15518.088704999998	15522.241054999999	15523.716	15524.881	1.0	2.0	1.0	1.0					
15526.938	10.208000000000538	trials	19.0	15532.945903	15534.191819	15535.322299	15535.566788999999	15532.233692999998	15534.716772	15535.905	15537.146	1.0	2.0	1.0	1.0					
15539.305	10.411000000000058	trials	19.0	15546.151306999998	15547.366531999998	15548.593404	15548.983957999999	15545.218166999999	15547.846712999999			1.0	2.0	0.0	3.0					
15552.003	11.966999999998734	trials	19.0	15553.669834999999	15555.146950999999	15562.916932999999	15563.200513999998	15549.800802	15555.629147			1.0	2.0	0.0	3.0					
15566.2	9.43999999999869	trials	19.0	15567.971527999998	15569.723054999999	15574.857017999999	15575.282324	15567.289687999999	15569.715353			1.0		0.0	2.0					
15575.75	10.59100000000035	trials	19.0	15578.070077999999	15579.209583999998	15584.261422999998	15584.645658	15577.266339	15580.552447999999			1.0	2.0	0.0	3.0					
15587.664	9.319999999999709	trials	19.0	15589.530400999998	15591.041639	15592.727879999999	15593.113401999999	15586.426340999999	15591.552036			1.0	2.0	0.0	3.0					
15597.001	15.623999999999796	trials	19.0	15607.284647999999	15608.906966999999	15610.911973999999	15611.112421999998	15606.594125	15609.800667	15611.495	15612.625	1.0	1.0	1.0	1.0					
15614.756	12.609000000000378	trials	19.0	15622.244751999999	15623.706465	15625.462731999998	15625.625399999999	15621.58341	15624.384257			1.0	1.0	0.0	3.0					
15628.843	5.396999999999025	trials	19.0	15630.565652	15631.672508	15633.059212999999	15633.522100999999	15627.453144	15632.311122			1.0	2.0	0.0	3.0					
15635.399	7.185999999999694	trials	19.0	15637.096312	15638.382365	15641.681870999999	15642.121356	15634.327397	15640.073828999999			1.0	2.0	0.0	3.0					
15644.03	5.319999999999709	trials	19.0	15645.674476999999	15647.126876999999	15649.037271	15649.194327	15642.669998	15647.553752			1.0	2.0	0.0	3.0					
15651.41	10.345999999999549	trials	19.0	15656.361923999999	15657.888012	15659.923797	15660.109778999999	15655.549764	15658.552135999998	15660.521	15661.756	1.0	1.0	1.0	1.0					
15663.835	13.631000000001222	trials	19.0	15672.612243	15673.845475999999	15675.660644	15675.857168999999	15671.6634	15674.604989			1.0	1.0	0.0	3.0					
15680.006	7.84400000000096	trials	19.0	15681.64569	15683.095496999998	15686.713349	15687.285682	15677.551506999998	15685.523756999999			1.0	2.0	0.0	3.0					
15691.495	6.869999999998981	trials	19.0	15693.120413999999	15695.052467999998	15696.812652999999	15697.014625999998	15691.737326999999	15695.215855999999			1.0	1.0	0.0	3.0					
15701.094	6.817000000000917	trials	19.0	15702.847052	15704.206553999999	15705.307394	15705.678267	15698.451038	15704.549765			1.0	2.0	0.0	3.0					
15708.595	6.161000000000058	trials	19.0	15710.285611	15712.062617999998	15714.442190999998	15714.831020999998	15707.994787999998	15712.866929			1.0	2.0	0.0	3.0					
15718.8	28.231000000001586	trials	19.0	15743.254949999999	15745.145294999998	15746.629912999999	15747.065912999999	15742.418547	15745.554071999999			1.0	1.0	0.0	3.0					
15750.986	8.098999999998341	trials	19.0	15753.955784	15755.842061	15757.35089	15757.544012999999	15753.123923	15756.682133999999	15758.085	15759.085	1.0	1.0	1.0	1.0					
15763.174	12.060999999999694	trials	19.0	15770.186064	15772.059361999998	15773.363924	15773.762361	15769.458567	15772.728285			1.0	1.0	0.0	3.0					
15775.625	9.635000000000218	trials	19.0	15777.415717999998	15779.059159999999	15782.311337	15782.57888	15775.324411999998	15779.869223999998			1.0	2.0	0.0	3.0					
15785.609	7.661000000000058	trials	19.0	15787.366058999998	15788.478928999999	15792.256875	15792.444431999998	15785.349228	15788.781533			1.0	1.0	1.0	1.0					
15797.756	14.203999999999724	trials	19.0	15805.925415	15807.342105	15808.636427	15809.024855999998	15805.322681	15807.891908			1.0	2.0	0.0	3.0					
15812.981	6.524999999999636	trials	19.0	15814.883751	15814.928741	15819.430205999999	15819.593671999999	15812.049149999999	15814.917818999998			1.0		0.0	2.0					
15819.921	7.350000000000364	trials	19.0	15821.960447	15823.062848	15826.018224	15826.661853	15820.766629999998	15825.291271999999			1.0	2.0	0.0	3.0					
15829.346	8.293999999999869	trials	19.0	15830.985815999999	15832.426398	15835.946184999999	15836.113715	15827.359526999999	15833.799857999998	15836.49	15837.64	1.0	1.0	1.0	1.0					
15840.68	12.911000000000058	trials	19.0	15847.963773	15849.587581	15853.192104	15853.675571999998	15847.037975	15849.576345			1.0		0.0	2.0					
15854.516	7.989999999999782	trials	19.0	15856.825776999998	15858.165955999999	15860.697212	15860.948075999999	15855.933391999999	15859.750272	15861.23	15862.506	1.0	2.0	1.0	1.0					
15864.59	14.869999999998981	trials	19.0	15875.347324999999	15877.324505999999	15879.063167999999	15879.478406999999	15874.698328999999	15877.937555999999			1.0	2.0	0.0	3.0					
15883.395	7.290999999999258	trials	19.0	15886.322827999998	15887.950633999999	15889.482575999999	15889.665326999999	15885.570869	15888.651966			1.0	1.0	0.0	3.0					
15891.807	6.682999999999083	trials	19.0	15893.856881999998	15895.408264999998	15897.053692999998	15897.380274	15890.772783999999	15896.230532			1.0	2.0	0.0	3.0					
15899.425	7.225000000000364	trials	19.0	15901.251288	15902.345992999999	15905.636422999998	15905.805418999998	15898.577603999998	15903.847708			1.0	1.0	1.0	1.0					
15910.23	11.736000000000786	trials	19.0	15916.951271999998	15918.691680999998	15920.124968999999	15920.311246	15916.362023	15919.245416	15920.815	15921.966	1.0	1.0	1.0	1.0					
15923.99	13.260000000000218	trials	19.0	15932.446192	15934.079725999998	15935.431406	15935.627960999998	15931.775684999999	15934.498429			1.0	1.0	0.0	3.0					
15937.777	6.132999999999811	trials	19.0	15939.722976	15941.372981999999	15943.504981999999	15943.983358999998	15938.619562999998	15942.815003999998			1.0	2.0	0.0	3.0					
15947.875	9.135000000000218	trials	19.0	15951.476931	15952.768728	15954.609507	15954.971124	15950.584605999999	15953.586081			1.0	1.0	0.0	3.0					
15957.98	9.454999999999927	trials	19.0	15959.961577999999	15961.362245999999	15966.276329999999	15966.767214	15957.097553	15965.09844			1.0	2.0	0.0	3.0					
15969.654	6.636000000000422	trials	19.0	15971.253292	15972.950975	15974.490794	15974.654367	15967.523411999999	15973.022319	15975.091	15976.29	1.0	1.0	1.0	1.0					
15979.312	14.893000000000029	trials	19.0	15989.307764	15991.204743999999	15992.687447999999	15993.087962999998	15988.389992999999	15991.966331999998			1.0	2.0	0.0	3.0					
15997.086	23.775000000001455	trials	19.0	16017.081317999999	16018.593362	16020.509560999999	16020.671924999999	16016.438855999999	16019.849643			1.0	1.0	0.0	3.0					
16024.875	9.180000000000291	trials	19.0	16029.082080999999	16031.098012999999	16032.845825999999	16033.226217	16028.496801	16031.897099999998			1.0	1.0	0.0	3.0					
16035.16	7.970999999999549	trials	19.0	16037.097976	16038.948923999998	16041.379093	16041.574982999999	16034.143429999998	16040.219646999998	16042.01	16043.131	1.0	1.0	1.0	1.0					
16046.16	12.549999999999272	trials	19.0	16053.763601999999	16055.563739	16056.819735	16057.043854	16052.880701999999	16056.010080999999			1.0	1.0	0.0	3.0					
16060.145	8.40099999999984	trials	19.0	16063.676832	16065.193700999998	16067.579729	16067.879506	16063.073224999998	16066.723697			1.0	2.0	0.0	3.0					
16071.86	10.299999999999272	trials	19.0	16073.853188	16075.358515	16080.518374	16080.999865	16068.631403	16079.241650999998			1.0	1.0	0.0	3.0					
16083.871	6.47400000000016	trials	19.0	16085.856971	16087.129012	16089.308749999998	16089.727105999998	16082.248259999998	16087.995416999998			1.0	1.0	0.0	3.0					
16091.58	9.425999999999476	trials	19.0	16093.716574999999	16095.403819	16098.183004999999	16098.516478	16092.557460999999	16097.442616999999			1.0	2.0	0.0	3.0					
16102.55	6.980000000001382	trials	19.0	16104.577108999998	16106.105162999998	16107.674099	16107.839048999998	16101.094313999998	16106.784908	16108.33	16109.53	1.0	1.0	1.0	1.0					
16112.62	13.300999999999476	trials	19.0	16120.824148999998	16122.720311	16124.289311999999	16124.430161999999	16119.901654	16123.087873999999	16124.985	16125.921	1.0	1.0	1.0	1.0					
16130.007	9.429000000000087	trials	19.0	16134.607199999999	16136.18933	16137.685754999999	16137.807391999999	16134.023336999999	16136.708849999999	16138.296	16139.436	1.0	1.0	1.0	1.0					
16141.524	15.431000000000495	trials	19.0	16149.077721	16150.684662999998	16152.917194	16153.103207999999	16148.45085	16151.895116999998			1.0	1.0	0.0	3.0					
16157.245	7.220999999999549	trials	19.0	16158.888794999999	16159.990149	16162.978383999998	16163.280834	16157.042699	16161.665137999998			1.0	2.0	0.0	3.0					
16165.33	12.444999999999709	trials	19.0	16167.014066999998	16168.034252999998	16175.945897	16176.109412	16164.552416999999	16168.436295			1.0	1.0	0.0	3.0					
16180.33	11.040000000000873	trials	19.0	16185.382247999998	16186.583568999999	16189.616645999999	16189.837031	16184.599478999999	16188.369257999999	16190.385	16191.37	1.0	1.0	1.0	1.0					
16193.463	15.787000000000262	trials	19.0	16204.282829999998	16205.744245999998	16207.997743	16208.183895999999	16203.281374999999	16207.105978999998			1.0	1.0	0.0	3.0					
16212.32	6.235000000000582	trials	19.0	16213.933937999998	16215.377332999999	16216.811607	16217.087120999999	16209.339514	16215.742951999999	16217.381	16218.555	1.0	2.0	1.0	1.0					
16220.575	11.329999999999927	trials	19.0	16229.143058999998	16230.313139999998	16231.632083999999	16231.829827999998	16228.194217999999	16230.913976			1.0	2.0	0.0	3.0					
16233.955	18.43499999999949	trials	19.0	16247.462543	16249.095008999999	16250.807606999999	16250.929499999998	16246.914385999999	16249.916157999998	16235.47	16252.39	1.0	1.0	1.0	1.0					
16254.485	12.590000000000146	trials	19.0	16261.732756	16263.94479	16265.349864	16265.511534	16260.908012999998	16264.148994	16265.99	16267.075	1.0	1.0	1.0	1.0					
16271.198	9.42699999999968	trials	19.0	16276.202721999998	16277.578904999998	16279.090275999999	16279.205435	16275.613223999999	16278.227717	16279.625	16280.625	1.0	1.0	1.0	1.0					
16283.71	12.610000000000582	trials	19.0	16290.962324999999	16292.936483999998	16294.561897999998	16294.667053	16290.400721999998	16293.543764999999	16295.21	16296.32	1.0	1.0	1.0	1.0					
16298.381	13.40900000000147	trials	19.0	16306.492666999999	16308.194495	16310.248473	16310.394578	16305.870031999999	16309.052075999998			1.0	1.0	0.0	3.0					
16312.515	16.735000000000582	trials	19.0	16314.167083999999	16315.819935	16328.309287999999	16328.739368999999	16311.877192999998	16315.885409999999			1.0	2.0	0.0	3.0					
16332.72	7.155000000000655	trials	19.0	16334.587709	16335.445538999998	16339.253378999998	16339.38387	16329.337297999999	16335.435791999998			1.0		0.0	2.0					
16340.471	7.764000000001033	trials	19.0	16342.798013	16344.399849	16346.617355999999	16346.939714999999	16339.962809999999	16345.339882999999			1.0	2.0	0.0	3.0					
16350.012	7.627999999998792	trials	19.0	16351.889340999998	16353.045536	16355.158328	16355.330354999998	16348.323886999999	16353.954471			1.0	1.0	0.0	3.0					
16358.506	6.25	trials	19.0	16360.563611999998	16362.282027	16363.678087999999	16364.091172999999	16357.729322	16362.884356999999			1.0	2.0	0.0	3.0					
16366.007	6.322000000000116	trials	19.0	16367.788300999999	16369.486646	16371.371597	16371.796842999998	16364.844044999998	16370.122001999998			1.0	1.0	0.0	3.0					
16373.71	6.075000000000728	trials	19.0	16375.593062	16377.589445	16379.538967999999	16379.806913999999	16372.417904999998	16378.841360999999			1.0	2.0	0.0	3.0					
16383.8	7.950000000000728	trials	19.0	16386.974946	16388.160035	16390.142451	16390.282298	16386.01976	16389.271526	16390.775	16391.75	1.0	1.0	1.0	1.0					
16394.8	13.08100000000195	trials	19.0	16402.193251999997	16403.602656	16405.60201	16405.765341	16401.316113	16404.596523			1.0	1.0	0.0	3.0					
16409.992	14.014000000002852	trials	19.0	16411.703462999998	16413.259727999997	16422.393023	16422.587388	16407.967901	16413.66377	16422.984	16424.006	1.0	1.0	1.0	1.0					
16427.025	11.37999999999738	trials	19.0	16433.548386	16434.830384999997	16437.316677	16437.438123	16432.573690999998	16435.681223			1.0	1.0	1.0	1.0					
16441.775	11.680000000000291	trials	19.0	16448.163424	16449.902471999998	16451.985414	16452.240767	16447.484112	16451.216867			1.0	2.0	0.0	3.0					
16454.396	8.743999999998778	trials	19.0	16456.033315999997	16457.415172999998	16461.272627	16461.412505	16453.542771	16459.199715	16461.79	16463.14	1.0	1.0	1.0	1.0					
16467.171	13.179000000000087	trials	19.0	16474.363475	16476.680690999998	16478.862656999998	16478.954997	16473.601661	16477.408337	16479.46	16480.35	1.0	1.0	1.0	1.0					
16482.44	11.640000000003056	trials	19.0	16490.484399	16491.650771	16493.804888	16493.941463	16489.657800999998	16492.677419			1.0	1.0	0.0	3.0					
16497.153	13.012000000002445	trials	19.0	16505.020095	16506.900446	16508.847393	16509.018651	16504.21154	16507.816623			1.0	1.0	0.0	3.0					
16512.12	6.005000000001019	trials	19.0	16513.978997	16515.403442	16517.212451	16517.463482	16510.253276	16515.815508			1.0	1.0	0.0	3.0					
16520.562	6.352999999999156	trials	19.0	16522.600326	16523.079955999998	16526.893614	16527.006546	16518.215822	16523.070637999997			1.0		0.0	2.0					
16529.066	10.199000000000524	trials	19.0	16534.065891	16535.705576	16537.98213	16538.203305	16533.306384	16536.991737			1.0	1.0	0.0	3.0					
16540.333	6.423000000002503	trials	19.0	16542.314415	16544.021735	16545.359000999997	16546.097984	16539.35562	16544.382962			1.0	2.0	0.0	3.0					
16549.69	9.265000000003056	trials	19.0	16551.774471999997	16553.220557999997	16556.564658	16556.667789	16546.848702	16553.214039			1.0		0.0	2.0					
16559.226	34.40899999999965	trials	19.0	16589.298752	16591.160748	16592.552589	16592.699039	16588.646690999998	16591.531231999998			1.0	1.0	1.0	1.0					
16596.131	98.54899999999907	trials	19.0	16690.914494999997	16692.135758999997	16693.684062	16693.883076	16690.270967999997	16692.92586			1.0	1.0	1.0	1.0					
16698.263	10.273000000001048	trials	19.0	16704.339669	16705.801334	16706.904473	16707.056706	16703.725967	16706.112289999997			1.0	1.0	0.0	3.0					
16709.167	5.917999999997846	trials	19.0	16710.87492	16712.167137	16713.038802	16713.819478999998	16708.627183	16712.307908			1.0	2.0	0.0	3.0					
16717.371	8.274000000001251	trials	19.0	16721.794760999997	16722.253394			16721.291882999998	16722.246105			1.0		0.0	2.0					
16726.218	13.11200000000099	trials	19.0	16733.989832	16735.220869999997	16737.544896	16737.753063	16733.427110999997	16736.594018			1.0	1.0	0.0	3.0					
16740.915	6.904999999998836	trials	19.0	16742.980814	16744.426641	16747.777212999998	16747.912599	16739.422973999997	16744.421013			1.0		0.0	2.0					
16750.406	12.225000000002183	trials	19.0	16757.940823999998	16759.416414	16760.953109	16761.103994999998	16756.978863	16759.890018	16761.615	16762.631	1.0	1.0	1.0	1.0					
16766.675	82.60499999999956	BlockDesign														1.0	1032.0	1036.0	0.0	0.0
16766.675	11.041000000001077	trials	20.0	16773.544846999997	16775.566007999998	16776.828369	16777.001783	16772.989229	16775.74799			1.0	1.0	0.0	3.0					
16780.19	5.941000000002532	trials	20.0	16782.010059	16783.831731	16785.698006	16786.202909	16777.808539999998	16784.700751			1.0	2.0	0.0	3.0					
16790.055	11.954999999998108	trials	20.0	16794.985136	16796.268165999998	16798.430066	16798.646736	16794.439949	16797.167468			1.0	1.0	0.0	3.0					
16802.776	16.90899999999965	trials	20.0	16816.009754	16817.60325	16819.419314	16819.571305999998	16815.392491	16818.379236			1.0	1.0	0.0	3.0					
16823.756	25.523999999997613	trials	20.0	16846.119918	16847.818367	16849.034111	16849.261626	16845.567128	16847.938190999997			1.0	1.0	0.0	3.0					
16852.39	354.6399999999994	BlockDesign														1.0	1037.0	1056.0	90.0	50.0
16852.39	37.26000000000204	trials	21.0	16884.686900999997	16886.360382	16887.775589999997	16887.926076	16883.875702999998	16886.830541	16888.341	16889.65	1.0	1.0	1.0	1.0					
16892.506	18.003999999997177	trials	21.0	16905.715373	16907.536390999998	16908.739580999998	16908.880171999997	16904.870909999998	16907.773678999998	16909.375	16910.51	1.0	1.0	1.0	1.0					
16914.53	29.851000000002387	trials	21.0	16939.910591	16941.725695999998	16942.71945	16942.88534	16939.200779	16941.891485	16943.4	16944.381	1.0	1.0	1.0	1.0					
16948.397	9.504000000000815	trials	21.0	16952.945538	16954.235456	16956.102458999998	16956.278129	16952.373744	16955.05125	16956.845	16957.901	1.0	1.0	1.0	1.0					
16960.05	12.760000000002037	trials	21.0	16967.550416	16969.112548999998	16970.938262	16971.116475	16966.606716	16969.849383	16971.46	16972.81	1.0	1.0	1.0	1.0					
16975.835	11.881000000001222	trials	21.0	16982.24742	16984.104105	16986.026717999997	16986.176351	16981.285816	16984.896545	16986.631	16987.716	1.0	1.0	1.0	1.0					
16989.745	13.380000000001019	trials	21.0	16997.562468	16998.841967	17002.118189999997	17002.297424	16996.670594	17000.686965			1.0	1.0	1.0	1.0					
17005.719	11.121999999999389	trials	21.0	17011.555811	17013.242576	17015.045287999998	17015.189316	17010.831908	17013.747758999998	17008.455	17016.841	1.0	1.0	1.0	1.0					
17019.96	10.71099999999933	trials	21.0	17025.320903	17027.327882999998	17028.824	17028.961461	17024.490051	17027.910851999997	17029.495	17030.671	1.0	1.0	1.0	1.0					
17032.69	14.145000000000437	trials	21.0	17041.305918	17043.123369	17044.757714	17044.935824	17040.496164	17043.885156	17045.385	17046.835	1.0	1.0	1.0	1.0					
17049.986	22.833999999998923	trials	21.0	17068.285874999998	17069.703096999998	17071.012544999998	17071.150943999997	17067.319422	17070.214904	17071.57	17072.82	1.0	1.0	1.0	1.0					
17076.906	10.318999999999505	trials	21.0	17081.94144	17083.587982999998	17085.74166	17085.953402	17081.378987	17084.576027			1.0	1.0	0.0	3.0					
17088.064	6.33100000000195	trials	21.0	17089.827177	17091.57995	17093.353309	17093.656571	17087.315883	17092.46982			1.0	2.0	0.0	3.0					
17097.606	7.43999999999869	trials	21.0	17099.566655	17101.007729999998	17103.021311999997	17103.250606999998	17094.487016	17101.735067999998	17103.565	17105.046	1.0	1.0	1.0	1.0					
17109.078	16.552999999999884	trials	21.0	17121.232911	17123.261184	17124.639778999997	17124.829064999998	17120.338644	17123.674447999998			1.0	1.0	1.0	1.0					
17129.203	14.527999999998428	trials	21.0	17137.546348	17138.742944999998	17140.68677	17140.880107999998	17136.674849	17139.852612	17141.216	17143.731	1.0	1.0	1.0	1.0					
17146.815	11.191000000002532	trials	21.0	17154.896552	17156.228488999997	17157.748785	17157.945316999998	17153.979998	17156.943277			1.0	1.0	0.0	3.0					
17160.062	13.557999999997264	trials	21.0	17168.256695	17169.707913	17171.533193	17171.725881	17167.413264	17170.653027	17164.983	17173.62	1.0	1.0	1.0	1.0					
17176.64	14.491000000001804	trials	21.0	17185.522126	17187.283414999998	17189.286229999998	17189.450148	17184.769578	17188.42038	17189.885	17191.131	1.0	1.0	1.0	1.0					
17193.235	13.794999999998254	trials	21.0	17201.306453999998	17202.74949	17205.379436	17205.505682	17200.664697	17203.848911999998	17206.025	17207.03	1.0	1.0	1.0	1.0					
17211.166	472.5499999999993	BlockDesign														1.0	1057.0	1093.0	50.0	90.0
17211.166	12.243999999998778	trials	22.0	17217.09603	17218.943826	17221.216915999998	17221.370268	17216.558847	17220.181664	17221.875	17223.41	1.0	1.0	1.0	1.0					
17227.43	10.645000000000437	trials	22.0	17233.728524	17235.148181	17237.070426	17237.250609	17232.751093	17235.843036			1.0	1.0	1.0	1.0					
17241.615	12.904999999998836	trials	22.0	17249.626449	17251.260619999997	17253.312587	17253.473453	17248.638755	17252.240135			1.0	1.0	0.0	3.0					
17255.69	8.030000000002474	trials	22.0	17257.773287	17258.920778	17261.861966	17262.021455	17254.616079	17260.331869999998	17262.54	17263.72	1.0	1.0	1.0	1.0					
17266.81	10.90599999999904	trials	22.0	17272.662278	17273.689143	17275.919388	17276.079911	17271.824597	17274.973071	17276.485	17277.716	1.0	1.0	1.0	1.0					
17279.785	12.104999999999563	trials	22.0	17286.871701	17288.306384	17290.149384	17290.336259	17286.303413999998	17289.190391	17290.835	17291.89	1.0	1.0	1.0	1.0					
17294.91	12.869999999998981	trials	22.0	17302.942526	17305.010189999997	17307.103335	17307.308558	17302.049744	17305.622057			1.0	1.0	0.0	3.0					
17311.425	6.5900000000001455	trials	22.0	17313.261461	17315.154713	17317.008549	17317.210223	17307.875399999997	17315.595665999997			1.0	1.0	0.0	3.0					
17320.4	8.724999999998545	trials	22.0	17322.377225	17323.53893	17325.123581	17325.590952	17318.110619	17323.954646			1.0	2.0	0.0	3.0					
17329.383	7.822000000000116	trials	22.0	17331.518567	17333.050967	17335.455371	17335.602344	17329.220544	17333.495995999998	17336.05	17337.205	1.0	1.0	1.0	1.0					
17340.285	12.56499999999869	trials	22.0	17347.137134	17348.726959	17350.991981	17351.189859	17346.404466	17349.726612	17351.591	17352.85	1.0	1.0	1.0	1.0					
17356.955	12.034999999999854	trials	22.0	17363.357457	17365.369064	17367.231356999997	17367.379979999998	17362.427657	17366.204869999998	17367.84	17368.99	1.0	1.0	1.0	1.0					
17371.007	10.94800000000032	trials	22.0	17376.17253	17378.105435999998	17379.968431999998	17380.15107	17375.548247	17378.962111999997			1.0	1.0	0.0	3.0					
17383.331	6.474000000001979	trials	22.0	17385.318925	17386.834248	17388.956357	17389.111692	17382.04864	17387.680259			1.0	1.0	0.0	3.0					
17392.24	6.5900000000001455	trials	22.0	17393.902411	17395.45426	17397.809712	17398.434336	17389.902007999997	17396.260959			1.0	2.0	0.0	3.0					
17400.111	8.829999999998108	trials	22.0	17401.98279	17403.304568	17406.52036	17406.988928	17400.578073999997	17405.21184			1.0	1.0	0.0	3.0					
17409.901	7.229999999999563	trials	22.0	17411.777862	17413.426369999997	17415.332274	17415.549554999998	17409.036764999997	17414.095765	17416.015	17417.131	1.0	2.0	1.0	1.0					
17419.16	15.885999999998603	trials	22.0	17430.203991	17431.48632	17433.630009	17433.855218999997	17429.667572	17432.462435999998			1.0	1.0	0.0	3.0					
17437.968	7.211999999999534	trials	22.0	17439.637555999998	17441.434583	17443.597906	17443.818755	17435.142411	17442.267252999998			1.0	1.0	0.0	3.0					
17446.951	6.719999999997526	trials	22.0	17450.507439	17450.594248999998			17449.772839999998	17450.585642			1.0		0.0	2.0					
17454.52	8.079999999998108	trials	22.0	17456.408856	17456.915511	17462.321298	17462.696219999998	17455.892856	17456.905122			1.0		0.0	2.0					
17462.83	13.0	trials	22.0	17470.427568	17472.278511	17473.969557	17474.149676999998	17469.627491	17472.688014	17474.635	17475.83	1.0	1.0	1.0	1.0					
17479.91	9.260999999998603	trials	22.0	17484.758148	17486.201618	17487.309173999998	17487.559325	17484.189387	17486.461596999998	17487.99	17489.171	1.0	2.0	1.0	1.0					
17491.216	13.09400000000096	trials	22.0	17499.907981999997	17501.548391999997	17502.412960999998	17502.70956	17499.327871999998	17501.872487	17503.19	17504.31	1.0	2.0	1.0	1.0					
17508.205	10.57499999999709	trials	22.0	17514.088235	17515.539442999998	17516.965053	17517.204294	17513.461106	17516.330319	17517.605	17518.78	1.0	2.0	1.0	1.0					
17520.835	22.150000000001455	trials	22.0	17539.028403	17540.400192	17541.25731	17541.431829999998	17538.055376999997	17540.662843	17541.843	17542.985	1.0	2.0	1.0	1.0					
17547.07	8.561000000001513	trials	22.0	17551.104255	17553.000216	17553.863069	17554.059036	17550.397845	17553.186394999997	17554.48	17555.631	1.0	2.0	1.0	1.0					
17557.77	9.31000000000131	trials	22.0	17562.623061	17564.400331999997	17565.396423	17565.585043	17562.081809	17564.563924	17566.0	17567.08	1.0	2.0	1.0	1.0					
17571.1	8.710000000002765	trials	22.0	17576.258107999998	17577.816387	17578.506488	17578.670292	17575.32744	17577.811286			1.0		0.0	2.0					
17582.82	6.680000000000291	trials	22.0	17584.877828999997	17586.220912999997	17587.800507	17587.935566	17583.620897	17586.742572	17588.62	17589.5	1.0	2.0	1.0	1.0					
17591.618	10.60200000000259	trials	22.0	17597.803421999997	17599.748983999998	17600.557989	17600.762939	17596.854818	17599.918445	17601.171	17602.22	1.0	2.0	1.0	1.0					
17606.24	7.57499999999709	trials	22.0	17609.425521999998	17610.844866	17612.05623	17612.276846999997	17608.918633999998	17611.499244	17612.77	17613.815	1.0	2.0	1.0	1.0					
17616.895	8.919999999998254	trials	22.0	17621.823279	17623.480707	17624.20802	17624.34967	17620.869809	17623.597469	17624.71	17625.815	1.0	2.0	1.0	1.0					
17628.901	8.91899999999805	trials	22.0	17633.823644	17634.989728	17635.881827999998	17636.092614999998	17633.192446	17635.353094	17636.535	17637.82	1.0	2.0	1.0	1.0					
17639.924	9.707000000002154	trials	22.0	17645.173376	17646.875324	17647.985402	17648.164123	17644.488319	17647.081812	17648.635	17649.631	1.0	2.0	1.0	1.0					
17651.716	16.125	trials	22.0	17663.59835	17665.155923	17666.126307	17666.349761999998	17663.049875999997	17665.504259999998	17666.865	17667.841	1.0	2.0	1.0	1.0					
17670.881	12.834999999999127	trials	22.0	17679.633314	17680.957509	17682.075096	17682.318408	17679.096913999998	17681.309166	17682.733	17683.716	1.0	2.0	1.0	1.0					
17686.849	523.8010000000031	BlockDesign														0.0	1094.0	1114.0	50.0	0.0
17686.849	14.117000000002008	trials	23.0	17696.428081	17697.955662	17698.970366999998	17699.229192	17695.872723	17698.313562			2.0	2.0	0.0	3.0					
17701.24	7.305999999996857	trials	23.0	17703.323961	17704.899005	17707.608506	17708.083405999998	17701.062864	17706.297311			2.0	2.0	0.0	3.0					
17709.94	7.665000000000873	trials	23.0	17711.668948	17713.271976	17717.342591	17717.59708	17708.644439	17715.866639			2.0	1.0	0.0	3.0					
17721.69	11.270000000000437	trials	23.0	17727.388693999997	17728.661175999998	17730.742274	17730.906112999997	17726.420544	17729.784725999998			2.0	1.0	0.0	3.0					
17735.116	6.407999999999447	trials	23.0	17736.940263	17738.300972999998	17740.352024	17740.775682	17735.906288	17739.592415			2.0	2.0	0.0	3.0					
17742.62	7.522000000000844	trials	23.0	17744.664622999997	17746.147017	17749.785250999998	17749.932533	17741.622488	17746.348963999997			2.0	1.0	0.0	3.0					
17753.07	43.409999999999854	trials	23.0	17790.30875	17792.387676	17794.973735	17795.479212	17789.381067	17794.377612			2.0	2.0	0.0	3.0					
17797.325	42.14999999999782	trials	23.0	17836.355475	17837.986333999997	17839.205632999998	17839.562295	17835.786729	17838.261335			2.0	1.0	0.0	3.0					
17841.5	18.56499999999869	trials	23.0	17855.808580999998	17857.384631999998	17858.426015999998	17858.570466999998	17855.088395	17857.73768	17858.966	17860.065	2.0	1.0	1.0	1.0					
17863.156	18.294000000001688	trials	23.0	17878.634208	17879.671148999998	17881.12461	17881.305555	17877.672209999997	17880.273876			2.0	1.0	0.0	3.0					
17885.52	49.27599999999802	trials	23.0	17929.494952	17931.272974	17932.792983	17932.961622	17928.941045	17931.871883	17933.355	17934.796	2.0	1.0	1.0	1.0					
17936.865	15.600999999998749	trials	23.0	17949.454937	17951.064170999998	17952.142810999998	17952.374795	17948.569437	17951.30978			2.0	1.0	0.0	3.0					
17954.471	24.373999999999796	trials	23.0	17974.465120999997	17975.556544	17976.956408	17977.108817	17973.511253999997	17976.15636	17977.62	17978.845	2.0	1.0	1.0	1.0					
17982.785	17.04500000000189	trials	23.0	17996.419512	17997.796764	17999.504267999997	17999.740217	17995.427097	17998.59461			2.0	1.0	0.0	3.0					
18001.846	22.79899999999907	trials	23.0	18021.420876	18022.946453	18024.339097	18024.685563	18020.574221	18023.721695			2.0	2.0	0.0	3.0					
18027.655	13.270000000000437	trials	23.0	18037.559714	18038.806586	18040.591362	18040.771475999998	18036.77628	18039.868662			2.0	1.0	0.0	3.0					
18042.986	36.49399999999878	trials	23.0	18074.565348	18076.267206	18077.634167	18077.788939	18073.87283	18076.699941	18078.265	18079.48	2.0	1.0	1.0	1.0					
18082.565	26.270000000000437	trials	23.0	18104.931493	18106.247295999998	18108.521584	18108.654171	18104.101361	18107.834262			2.0	1.0	0.0	3.0					
18112.91	10.385999999998603	trials	23.0	18119.745197	18121.628865	18123.035072	18123.208596	18118.975551	18122.229435999998			2.0	1.0	0.0	3.0					
18125.33	51.234999999996944	trials	23.0	18171.835274999998	18173.552024	18174.619401	18174.815703	18171.137708	18173.900160999998	18175.26	18176.565	2.0	1.0	1.0	1.0					
18179.596	31.054000000000087	trials	23.0	18199.995902	18202.002604999998	18208.825399999998	18208.996112	18199.463639999998	18202.504859	18209.405	18210.65	2.0	1.0	1.0	1.0					
18212.675	35.81999999999971	BlockDesign														0.0	1115.0	1116.0	0.0	50.0
18212.675	18.6150000000016	trials	24.0	18226.920901999998	18228.454255999997	18229.262286999998	18229.562948	18225.958905	18228.745856999998	18229.896	18231.29	3.0	2.0	1.0	1.0					
18235.382	13.112999999997555	trials	24.0	18245.499862999997	18246.86996	18248.181504	18248.562461999998	18244.538171	18247.743822			3.0	2.0	0.0	3.0					
