onset	duration	nwb_table	block	tone_on_time	tone_off_time	action_on_time	action_off_time	pokeC_on_time	pokeC_off_time	reward_on_time	reward_off_time	state	action	reward	result	FinishedBlock	FirstTrial	LastTrial	RewardRule_L	RewardRule_R
3.519	853.415	BlockDesign														1.0	1.0	28.0	50.0	0.0
3.519	26.924999999999997	trials	1.0	25.352086999999965	26.71132999999997	29.320624999999968	30.549137999999967	24.539866999999965	26.704791999999966			2.0		0.0	2.0					
30.698	43.690999999999995	trials	1.0	71.08159499999996	72.48404199999996	73.92789099999996	74.12529199999997	70.08972799999997	72.48144199999997			2.0		0.0	2.0					
78.4	52.13899999999998	trials	1.0	126.86695299999997	128.54357299999998	130.10920999999996	130.47330799999997	126.11446099999996	128.53964899999997			2.0		0.0	2.0					
132.565	76.45400000000001	trials	1.0	206.05764199999996	207.62418099999996	208.28940999999998	209.12451799999997	205.25491999999997	207.69055899999998			2.0	1.0	0.0	3.0					
211.739	14.319999999999993	trials	1.0	222.48739599999996	224.56271899999996	225.24197899999996	225.75538699999996	221.73495699999998	224.63098999999997			2.0	1.0	0.0	3.0					
227.499	28.710000000000008	trials	1.0	253.35286099999996	254.90586199999996	255.67879399999995	256.312319	252.37400899999997	255.12212299999996			2.0	1.0	0.0	3.0					
258.006	28.463000000000022	trials	1.0	281.95253899999994	283.244108	284.159293	284.51478799999995	281.246947	283.590382	284.784	286.469	2.0	1.0	1.0	1.0					
290.519	19.74799999999999	trials	1.0	306.080945	307.354717	308.121041	308.53092799999996	305.298431	307.522405	308.739	310.267	2.0	1.0	1.0	1.0					
312.284	25.978999999999985	trials	1.0	335.528038	336.68074399999995	337.53752	338.367821	334.751561	336.96733099999994			2.0	1.0	0.0	3.0					
341.799	18.725000000000023	trials	1.0	357.041342	358.622302			356.09210299999995	358.60777399999995			2.0		0.0	2.0					
363.61	16.25	trials	1.0	376.63969399999996	378.662044	379.43380399999995	379.966262	376.067869	378.880747			2.0	1.0	0.0	3.0					
381.845	21.17999999999995	trials	1.0	398.57300299999997	400.18231	400.90930099999997	401.160373	397.90014499999995	400.278686	401.44	403.025	2.0	1.0	1.0	1.0					
407.044	31.265000000000043	trials	1.0	435.41335799999996	436.774997	437.759188	438.41716999999994	434.48746099999994	437.15133199999997			2.0	1.0	0.0	3.0					
440.151	21.673000000000002	trials	1.0	457.193492	459.010838	459.84874699999995	460.052869	456.62209199999995	459.28047399999997	460.326	461.824	2.0	1.0	1.0	1.0					
464.844	24.689999999999998	trials	1.0	486.783779	488.051813	488.87411899999995	489.63938499999995	485.96759199999997	488.31107			2.0	1.0	0.0	3.0					
491.157	24.012	trials	1.0	510.479245	512.149109	512.832194	513.220294	509.933228	512.266127	513.44	515.169	2.0	1.0	1.0	1.0					
517.19	25.853999999999928	trials	1.0	538.288385	539.775528	540.844216	541.2534079999999	537.6868059999999	540.205743	541.519	543.044	2.0	1.0	1.0	1.0					
547.065	26.07899999999995	trials	1.0	569.434028	571.240808			568.726691	571.236626			2.0		0.0	2.0					
575.22	24.903999999999996	trials	1.0	597.0638749999999	598.98065	599.6933	600.232035	596.429079	599.094803			2.0	1.0	0.0	3.0					
602.944	47.34500000000003	trials	1.0	645.809365	647.032458	647.909725	648.281612	645.2857399999999	647.3251879999999	648.544	650.289	2.0	1.0	1.0	1.0					
654.319	27.305000000000064	trials	1.0	678.490229	680.410901	681.320311	681.730232	677.9788239999999	680.6540689999999			2.0	1.0	0.0	3.0					
684.569	20.425000000000068	trials	1.0	701.7606079999999	703.092671			701.0814909999999	703.084355			2.0		0.0	2.0					
707.0	23.158999999999992	trials	1.0	726.954406	728.170797	729.8440099999999	729.867885	726.320893	728.1664119999999			2.0		0.0	2.0					
732.239	19.201000000000022	trials	1.0	749.1239539999999	750.272778	751.027799	751.546692	748.354324	750.4034029999999			2.0	1.0	0.0	3.0					
753.364	21.980000000000018	trials	1.0	771.164318	772.271348	773.3338719999999	773.488222	770.53449	772.6743759999999	773.839	775.344	2.0	1.0	1.0	1.0					
778.429	29.32000000000005	trials	1.0	804.5810409999999	805.8476049999999			803.631457	805.837003			2.0		0.0	2.0					
809.754	24.284999999999968	trials	1.0	831.684837	832.811386	833.6118799999999	834.146298	830.944661	833.0045809999999			2.0	1.0	0.0	3.0					
837.949	18.985000000000014	trials	1.0	854.879734	856.036205			854.2707379999999	856.292639			2.0	1.0	0.0	3.0					
860.235	420.9150000000001	BlockDesign														1.0	29.0	49.0	0.0	50.0
860.235	22.70799999999997	trials	2.0	879.1764979999999	880.406537	881.15411	881.3654389999999	878.332259	880.7124759999999	881.769	882.943	3.0	2.0	1.0	1.0					
886.859	27.37099999999998	trials	2.0	911.1099409999999	912.327492			910.180484	912.317377			3.0		0.0	2.0					
916.314	17.995000000000005	trials	2.0	931.973253	933.083267	933.822626	934.4160099999999	931.211288	933.368528			3.0	2.0	0.0	3.0					
936.244	21.350000000000023	trials	2.0	954.155362	955.166665	955.8925839999999	956.080081	953.41747	955.453262	956.48	957.594	3.0	2.0	1.0	1.0					
960.626	28.218000000000075	trials	2.0	986.044931	987.561023	988.321735	988.9523889999999	985.3460709999999	987.8230629999999			3.0	2.0	0.0	3.0					
990.644	21.220000000000027	trials	2.0	1007.9552269999999	1009.107191	1009.841381	1010.113787	1007.321738	1009.345282	1010.474	1011.864	3.0	2.0	1.0	1.0					
1015.94	15.114000000000033	trials	2.0	1026.7762939999998	1028.420897	1029.177881	1029.409193	1026.032893	1028.734462	1029.794	1031.054	3.0	2.0	1.0	1.0					
1033.119	11.400000000000091	trials	2.0	1041.360478	1043.0060359999998	1043.763125	1044.627611	1040.8363989999998	1043.3195179999998			3.0	2.0	0.0	3.0					
1047.039	13.884000000000015	trials	2.0	1058.311259	1059.8368999999998	1060.5434089999999	1061.018639	1057.510694	1060.1168269999998			3.0	2.0	0.0	3.0					
1062.866	15.458000000000084	trials	2.0	1075.766533	1076.827436	1077.878165	1078.4319999999998	1075.233866	1077.260941			3.0	1.0	0.0	3.0					
1080.196	15.148000000000138	trials	2.0	1092.125379	1093.8302840000001	1094.542159	1094.998035	1091.6014999999998	1094.117659			3.0	2.0	0.0	3.0					
1098.864	21.25999999999999	trials	2.0	1115.5308559999999	1117.447885	1117.889084	1118.1708709999998	1114.6454479999998	1117.443617	1118.582	1120.124	3.0	2.0	1.0	1.0					
1123.094	9.875	trials	2.0	1128.7506899999998	1129.8626829999998	1130.7308629999998	1131.080732	1128.0010269999998	1130.1986419999998	1131.369	1132.969	3.0	2.0	1.0	1.0					
1134.956	11.45900000000006	trials	2.0	1143.262232	1144.9382299999997	1146.021812	1146.4757949999998	1142.51519	1145.273083			3.0	1.0	0.0	3.0					
1150.33	16.235000000000127	trials	2.0	1163.6862879999999	1165.547278	1166.192681	1166.63636	1163.096868	1165.7562469999998			3.0	2.0	0.0	3.0					
1168.494	17.225000000000136	trials	2.0	1182.8805710000001	1184.6557549999998	1185.327695	1185.82784	1182.2250319999998	1184.9017330000001			3.0	2.0	0.0	3.0					
1187.629	28.1550000000002	trials	2.0	1211.0164759999998	1212.860627	1213.5609650000001	1213.8335419999999	1210.160974	1213.1009279999998	1214.319	1215.784	3.0	2.0	1.0	1.0					
1217.804	11.824999999999818	trials	2.0	1224.967955	1226.543201	1227.3157390000001	1227.655686	1224.202691	1226.8297269999998	1227.894	1229.629	3.0	2.0	1.0	1.0					
1232.711	10.613000000000056	trials	2.0	1240.406294	1242.236723	1242.947263	1243.406246	1239.5778369999998	1242.503079			3.0	2.0	0.0	3.0					
1247.326	15.083000000000084	trials	2.0	1259.3759949999999	1261.077921	1261.8697309999998	1262.5172389999998	1258.8626840000002	1261.3950409999998			3.0	2.0	0.0	3.0					
1264.159	16.990999999999985	trials	2.0	1277.196781	1278.4571879999999	1279.161298	1279.3963089999997	1276.452878	1278.7072520000002	1279.739	1281.15	3.0	2.0	1.0	1.0					
1283.19	1316.254	BlockDesign														1.0	50.0	100.0	50.0	50.0
1283.19	9.029999999999973	trials	3.0	1289.2504370000001	1291.1010339999998	1291.8702050000002	1292.3232039999998	1288.3856719999999	1291.051172			2.0	1.0	0.0	3.0					
1296.272	16.797000000000025	trials	3.0	1310.501851	1311.858161	1312.720526	1313.181091	1309.6734379999998	1312.267496			3.0	2.0	0.0	3.0					
1315.052	22.037000000000035	trials	3.0	1332.4733689999998	1333.96331	1334.7274280000001	1334.9853709999998	1331.747731	1334.27153	1335.242	1337.089	3.0	2.0	1.0	1.0					
1340.175	10.854000000000042	trials	3.0	1345.7869540000002	1347.8512970000002	1348.7075049999999	1348.9426399999998	1344.782393	1348.0197640000001	1349.219	1351.029	2.0	1.0	1.0	1.0					
1355.049	12.110000000000127	trials	3.0	1363.746552	1365.173762			1362.7825010000001	1365.1674170000001			2.0		0.0	2.0					
1370.194	18.860000000000127	trials	3.0	1384.501776	1385.998403	1386.853376	1387.2344659999999	1383.7325809999998	1386.2331800000002	1387.44	1389.054	2.0	1.0	1.0	1.0					
1391.144	10.680000000000064	trials	3.0	1399.0175	1400.4536229999999	1401.254387	1401.9342619999998	1398.1447010000002	1400.789674			3.0	2.0	0.0	3.0					
1404.519	21.914999999999964	trials	3.0	1421.8783159999998	1423.3603640000001	1424.127304	1424.3666359999997	1421.359508	1423.699857	1424.82	1426.434	3.0	2.0	1.0	1.0					
1429.459	8.11999999999989	trials	3.0	1434.468871	1435.809248	1437.0560679999999	1437.6871809999998	1433.942603	1436.34215			3.0	1.0	0.0	3.0					
1441.409	17.559999999999945	trials	3.0	1454.062906	1455.6041810000002	1456.4568399999998	1456.841398	1453.098575	1455.821954	1457.019	1458.969	2.0	1.0	1.0	1.0					
1460.989	13.911000000000058	trials	3.0	1469.513993	1471.6171909999998	1472.4548089999998	1472.7025640000002	1468.8525519999998	1471.9424530000001	1473.065	1474.9	3.0	2.0	1.0	1.0					
1478.916	8.109000000000151	trials	3.0	1484.4218740000001	1485.7710670000001	1486.479515	1487.1360289999998	1483.566542	1485.994318			3.0	2.0	0.0	3.0					
1488.819	22.325000000000045	trials	3.0	1507.9376109999998	1509.640922	1510.5367310000001	1511.2554559999999	1507.0469600000001	1509.8990509999999			2.0	1.0	0.0	3.0					
1513.784	18.990999999999985	trials	3.0	1528.179008	1529.655643	1530.473101	1530.847664	1527.6164549999999	1529.862395	1531.174	1532.775	2.0	1.0	1.0	1.0					
1535.863	7.435999999999922	trials	3.0	1540.5424790000002	1542.1543729999999	1542.9158859999998	1543.407271	1539.748177	1542.431297			3.0	2.0	0.0	3.0					
1545.175	26.09400000000005	trials	3.0	1568.2925810000002	1569.8693709999998	1570.7200010000001	1571.3781709999998	1567.555097	1570.1225479999998			2.0	1.0	0.0	3.0					
1573.016	25.40300000000002	trials	3.0	1595.4179989999998	1597.0891849999998	1597.8348369999999	1598.529919	1594.6367179999997	1597.3707399999998			3.0	2.0	0.0	3.0					
1602.154	28.095000000000027	trials	3.0	1625.1236159999999	1627.114733	1627.916569	1628.239682	1624.6091109999998	1627.4301850000002	1628.62	1630.249	3.0	2.0	1.0	1.0					
1633.269	15.461000000000013	trials	3.0	1645.7682089999998	1647.0499340000001	1648.096727	1648.841824	1645.0911729999998	1647.3938739999999			2.0	1.0	0.0	3.0					
1650.404	17.545000000000073	trials	3.0	1664.2831390000001	1665.971485			1663.359805	1665.968452			3.0		0.0	2.0					
1671.974	31.42600000000016	trials	3.0	1699.728497	1701.4316439999998			1698.8055519999998	1701.424234			2.0		0.0	2.0					
1706.425	15.373000000000047	trials	3.0	1718.1186440000001	1719.760072	1720.232485	1720.3989609999999	1717.4944609999998	1719.7568270000002			3.0		0.0	2.0					
1724.805	35.82899999999995	trials	3.0	1757.8903219999997	1758.7369640000002			1757.206748	1758.730619			2.0		0.0	2.0					
1762.657	56.75200000000018	trials	3.0	1814.1142180000002	1816.2067459999998	1816.9687669999998	1817.352781	1813.3663259999998	1816.410848	1817.584	1819.409	2.0	1.0	1.0	1.0					
1823.49	44.124000000000024	trials	3.0	1864.8238190000002	1866.3763749999998	1867.0445839999998	1867.728557	1864.277254	1866.4205499999998			2.0	1.0	0.0	3.0					
1869.344	13.154999999999973	trials	3.0	1879.0437590000001	1881.1199889999998	1882.1171559999998	1882.5977950000001	1878.4901650000002	1881.3347359999998			3.0	1.0	0.0	3.0					
1885.434	25.325000000000045	trials	3.0	1907.8096340000002	1909.493783	1910.207605	1910.8696559999998	1907.230289	1909.7552030000002			3.0	2.0	0.0	3.0					
1912.574	18.855000000000018	trials	3.0	1928.5193989999998	1930.1146629999998	1930.7723649999998	1931.5394929999998	1927.768372	1930.3654569999999			3.0	2.0	0.0	3.0					
1934.11	31.21400000000017	trials	3.0	1960.519766	1962.2143419999998	1962.8607590000001	1963.169027	1959.562214	1962.4321340000001	1963.565	1965.324	3.0	2.0	1.0	1.0					
1968.194	25.621000000000095	trials	3.0	1989.1244809999998	1990.7711199999999	1991.554514	1991.9896600000002	1988.4718819999998	1990.751687	1992.23	1993.815	2.0	1.0	1.0	1.0					
1995.904	19.036000000000058	trials	3.0	2011.544308	2013.0414649999998			2010.8028249999998	2013.037471			2.0		0.0	2.0					
2018.994	22.210000000000036	trials	3.0	2037.935062	2039.7710809999999	2040.488903	2041.3180670000002	2036.9775730000001	2039.851025			2.0	1.0	0.0	3.0					
2042.734	17.4050000000002	trials	3.0	2057.454819	2058.841253	2059.6033669999997	2060.250724	2056.73495	2059.047571			2.0	1.0	0.0	3.0					
2063.929	36.083000000000084	trials	3.0	2095.145119	2096.982154	2097.694342	2098.122028	2094.181076	2097.044423	2098.48	2100.012	2.0	1.0	1.0	1.0					
2103.094	23.39300000000003	trials	3.0	2123.704811	2125.157529	2125.9055799999996	2126.60189	2123.0680939999997	2125.319179			2.0	1.0	0.0	3.0					
2129.144	14.985000000000127	trials	3.0	2140.82573	2142.152697			2140.164295	2142.148061			2.0		0.0	2.0					
2147.19	16.875	trials	3.0	2161.395815	2162.786712	2163.5144149999996	2164.17794	2160.6941319999996	2163.0632299999997			3.0	2.0	0.0	3.0					
2165.809	21.48999999999978	trials	3.0	2182.6417539999998	2184.678215	2185.3665429999996	2185.620347	2181.811616	2184.903301	2185.984	2187.299	3.0	2.0	1.0	1.0					
2191.389	23.529999999999745	trials	3.0	2212.39651	2213.6672869999998	2214.420302	2215.0335499999997	2211.478823	2213.95739			3.0	2.0	0.0	3.0					
2216.724	24.467999999999847	trials	3.0	2237.776415	2239.233772			2236.801361	2239.2254			3.0		0.0	2.0					
2243.2	15.385000000000218	trials	3.0	2255.580383	2257.3374679999997	2258.093605	2258.699145	2254.9369189999998	2257.534615			2.0	1.0	0.0	3.0					
2260.392	26.626999999999953	trials	3.0	2284.37578	2285.8328149999998	2286.5338239999996	2287.1310009999997	2283.8300019999997	2286.098909			3.0	2.0	0.0	3.0					
2289.835	17.239000000000033	trials	3.0	2303.646206	2305.181712			2302.778879	2305.173338			2.0		0.0	2.0					
2310.084	16.740999999999985	trials	3.0	2323.432295	2324.932186			2322.7916889999997	2324.9229619999996			3.0		0.0	2.0					
2330.876	21.36299999999983	trials	3.0	2349.615926	2350.8941569999997	2351.8452859999998	2352.351175	2348.8476699999997	2351.428809			3.0	2.0	0.0	3.0					
2355.175	16.483999999999924	trials	3.0	2367.7410219999997	2369.0081259999997	2369.713522	2369.947397	2367.0866539999997	2369.289418	2370.289	2371.659	3.0	2.0	1.0	1.0					
2375.696	60.8430000000003	trials	3.0	2431.222825	2433.284933	2434.126265	2434.316399	2430.407244	2433.520364	2434.824	2436.539	2.0	1.0	1.0	1.0					
2438.619	56.21499999999969	trials	3.0	2491.5586869999997	2492.8687219999997			2490.902255	2492.86445			2.0		0.0	2.0					
2498.879	21.925000000000182	trials	3.0	2517.5113539999998	2519.303664	2520.118931	2520.917177	2516.849327	2519.544305			2.0	1.0	0.0	3.0					
2523.492	16.43199999999979	trials	3.0	2535.197977	2536.7317129999997	2537.472471	2537.920673	2534.4577879999997	2536.924099	2538.324	2539.924	2.0	1.0	1.0	1.0					
2543.001	56.442999999999756	trials	3.0	2594.702023	2596.319469	2597.115649	2597.530003	2594.165048	2596.5424239999998	2597.585	2599.444	2.0	1.0	1.0	1.0					
2603.548	129.96100000000024	BlockDesign														1.0	101.0	106.0	0.0	0.0
2603.548	21.171000000000276	trials	4.0	2621.797164	2623.284248	2624.077792	2624.834309	2620.944161	2623.4974669999997			2.0	1.0	0.0	3.0					
2628.344	9.215000000000146	trials	4.0	2633.598998	2635.665995			2632.827726	2635.663023			2.0		0.0	2.0					
2641.567	24.98199999999997	trials	4.0	2663.4342309999997	2665.265876	2666.025272	2666.6649909999996	2662.752109	2665.380991			2.0	1.0	0.0	3.0					
2669.269	14.695000000000164	trials	4.0	2680.7573319999997	2682.628909	2683.317757	2684.0777439999997	2680.0113739999997	2682.738722			2.0	1.0	0.0	3.0					
2686.713	20.641999999999825	trials	4.0	2701.5826039999997	2703.414238	2704.330697	2704.846838	2700.7051659999997	2703.508057			2.0	1.0	0.0	3.0					
2708.654	24.855000000000018	trials	4.0	2731.298221	2732.654829			2730.387692	2732.901184			2.0	1.0	0.0	3.0					
2739.004	135.26499999999987	BlockDesign														1.0	107.0	112.0	0.0	0.0
2739.004	14.125	trials	5.0	2749.938116	2751.3198979999997	2752.3026099999997	2753.242954	2749.358018	2751.668889			3.0	2.0	0.0	3.0					
2755.63	20.958999999999833	trials	5.0	2773.3692069999997	2775.171089	2775.6618949999997	2776.70505	2772.403724	2775.19577			3.0	2.0	0.0	3.0					
2780.12	24.110000000000127	trials	5.0	2797.33329	2799.1438989999997	2803.924043	2804.2273	2796.5175249999998	2799.1287859999998			3.0		0.0	2.0					
2805.049	20.875	trials	5.0	2823.2431819999997	2824.76501	2825.5586319999998	2826.039769	2822.5741209999996	2825.066151			3.0	2.0	0.0	3.0					
2828.914	15.539999999999964	trials	5.0	2841.0029849999996	2842.950281	2843.7535279999997	2844.572206	2840.376729	2843.1751449999997			3.0	1.0	0.0	3.0					
2847.091	27.177999999999884	trials	5.0	2871.455081	2873.51485	2874.2527579999996	2874.775726	2870.623274	2873.782451			3.0	2.0	0.0	3.0					
2877.579	890.1299999999997	BlockDesign														1.0	113.0	153.0	50.0	50.0
2877.579	22.24499999999989	trials	6.0	2896.8239	2898.2115909999998	2899.126682	2899.9396039999997	2896.02755	2898.479726			3.0	1.0	0.0	3.0					
2902.38	25.509000000000015	trials	6.0	2923.4991769999997	2924.5658879999996	2925.395545	2925.798495	2922.703043	2924.839811	2926.084	2927.889	2.0	1.0	1.0	1.0					
2931.923	12.24100000000044	trials	6.0	2941.1383539999997	2942.3808879999997	2943.364996	2944.280546	2940.391368	2942.628111			2.0	1.0	0.0	3.0					
2945.709	27.5300000000002	trials	6.0	2967.690419	2969.804515	2970.515864	2970.920611	2966.7918099999997	2969.945084	2971.099	2973.239	2.0	1.0	1.0	1.0					
2976.255	25.329999999999927	trials	6.0	2996.5242279999998	2997.96451	2998.856839	2999.196371	2995.904603	2998.35148	2999.464	3001.585	3.0	2.0	1.0	1.0					
3005.691	10.432999999999993	trials	6.0	3012.6196539999996	3014.2189	3015.0886739999996	3016.239584	3011.795048	3014.584589			3.0	2.0	0.0	3.0					
3017.409	20.75500000000011	trials	6.0	3034.8245739999998	3036.674338	3037.441914	3038.281813	3034.019332	3036.820666			2.0	1.0	0.0	3.0					
3039.674	23.15000000000009	trials	6.0	3058.388997	3059.646404	3060.6035319999996	3060.834011	3057.402282	3060.128465	3061.144	3062.824	3.0	2.0	1.0	1.0					
3066.91	11.014000000000124	trials	6.0	3072.6096300000004	3074.1851030000003	3075.179936	3075.3522030000004	3071.995467	3074.4704880000004	3075.859	3077.924	2.0	1.0	1.0	1.0					
3080.035	10.338999999999942	trials	6.0	3087.5205330000003	3088.740956	3089.643117	3090.410036	3086.7718290000003	3088.9793550000004			2.0	1.0	0.0	3.0					
3091.969	19.409999999999854	trials	6.0	3106.399578	3108.039822	3108.845474	3109.100034	3105.498978	3108.3557520000004	3109.599	3111.379	3.0	2.0	1.0	1.0					
3115.454	11.159999999999854	trials	6.0	3123.249059	3125.1778280000003	3126.041916	3126.6520840000003	3122.266458	3125.347431			2.0	1.0	0.0	3.0					
3129.423	9.481000000000222	trials	6.0	3135.895606	3137.47065	3138.312233	3138.9409950000004	3135.064099	3137.834952			3.0	2.0	0.0	3.0					
3141.69	21.703999999999724	trials	6.0	3158.263942	3159.68948	3160.505247	3160.7752490000003	3157.7011850000004	3160.0728790000003	3161.179	3163.394	3.0	2.0	1.0	1.0					
3165.489	10.11999999999989	trials	6.0	3172.7251760000004	3174.388238	3175.1173470000003	3175.646021	3172.107695	3174.634779			3.0	2.0	0.0	3.0					
3178.494	17.629999999999654	trials	6.0	3190.909716	3191.9913650000003	3193.1566940000002	3193.674542	3189.97395	3192.4628580000003	3193.98	3196.124	2.0	1.0	1.0	1.0					
3199.141	11.202999999999975	trials	6.0	3206.9150630000004	3208.461279	3209.344578	3210.3799470000004	3206.3179	3208.704446			2.0	1.0	0.0	3.0					
3213.755	17.644999999999982	trials	6.0	3228.679251	3230.360935	3230.9083290000003	3231.439241	3227.782071	3230.383032			3.0	2.0	0.0	3.0					
3235.23	15.103999999999814	trials	6.0	3247.3159560000004	3248.565758	3249.365076	3250.3730610000002	3246.657627	3248.834772			3.0	2.0	0.0	3.0					
3251.724	20.152000000000044	trials	6.0	3268.1611860000003	3269.8983900000003			3267.238866	3269.890727			3.0		0.0	2.0					
3273.938	38.777000000000044	trials	6.0	3308.11137	3309.8211890000002	3310.441392	3310.7062840000003	3307.516574	3309.9895070000002	3311.219	3312.715	3.0	2.0	1.0	1.0					
3315.734	11.085000000000036	trials	6.0	3323.405114	3325.085802	3326.1960310000004	3326.859887	3322.50443	3325.599537			2.0	2.0	0.0	3.0					
3328.519	13.730000000000018	trials	6.0	3337.454955	3338.9178180000004	3339.6568620000003	3340.0871970000003	3336.679062	3339.0732510000003	3340.379	3342.249	2.0	1.0	1.0	1.0					
3345.275	11.704999999999927	trials	6.0	3351.875247	3353.056645	3354.3016970000003	3354.735907	3351.2401550000004	3353.6025870000003	3354.969	3356.98	2.0	1.0	1.0	1.0					
3361.06	10.458999999999833	trials	6.0	3366.129927	3367.849142	3368.712735	3369.182076	3365.365772	3368.059608	3369.335	3371.519	2.0	1.0	1.0	1.0					
3373.498	13.280999999999949	trials	6.0	3381.463569	3383.357988	3384.178326	3384.597929	3380.515007	3383.5862530000004	3384.918	3386.779	2.0	1.0	1.0	1.0					
3388.8	11.023999999999887	trials	6.0	3396.6656310000003	3398.3158890000004	3399.1113480000004	3399.8639150000004	3395.989872	3398.4972380000004			2.0	1.0	0.0	3.0					
3403.454	14.74499999999989	trials	6.0	3415.0007400000004	3416.814353	3417.594212	3418.2365750000004	3414.318807	3416.966985			2.0	1.0	0.0	3.0					
3420.035	41.794000000000324	trials	6.0	3457.245593	3458.8372320000003	3459.61593	3459.8347160000003	3456.257289	3459.14978	3460.334	3461.829	3.0	2.0	1.0	1.0					
3464.938	9.545999999999822	trials	6.0	3471.6257990000004	3472.657908	3473.651118	3474.092321	3470.901789	3473.132258			3.0	2.0	0.0	3.0					
3477.091	15.133000000000266	trials	6.0	3487.165988	3489.164393	3489.8066440000002	3490.0570820000003	3486.5252640000003	3489.277825	3490.459	3492.224	3.0	2.0	1.0	1.0					
3495.244	11.134999999999764	trials	6.0	3503.336095	3504.956148	3505.7250120000003	3506.2264170000003	3502.811712	3505.2444530000002			3.0	2.0	0.0	3.0					
3509.105	18.429000000000087	trials	6.0	3524.6662560000004	3525.9181310000004	3526.885392	3527.5721790000002	3524.1331050000003	3526.203039			2.0	1.0	0.0	3.0					
3529.313	57.76499999999987	trials	6.0	3584.261003	3585.4725630000003	3586.6233540000003	3587.1157270000003	3583.598943	3585.973123			3.0	1.0	0.0	3.0					
3590.999	21.76000000000022	trials	6.0	3607.7816460000004	3609.5332200000003	3610.1770050000005	3610.537275	3607.0718730000003	3609.690848	3611.025	3612.759	3.0	2.0	1.0	1.0					
3615.517	75.55200000000013	trials	6.0	3686.1518690000003	3687.5630020000003	3688.2904470000003	3688.5564620000005	3685.385814	3687.8466820000003	3688.974	3691.069	3.0	2.0	1.0	1.0					
3693.175	14.68899999999985	trials	6.0	3704.567919	3706.1641130000003	3707.002589	3707.903021	3703.712319	3706.4479020000003			2.0	2.0	0.0	3.0					
3709.425	13.998999999999796	trials	6.0	3720.7567200000003	3722.0989240000004	3722.819606	3723.4659920000004	3720.0725300000004	3722.242775			2.0	1.0	0.0	3.0					
3727.199	10.349999999999909	trials	6.0	3732.81122	3734.301022	3735.1255260000003	3735.500708	3732.183747	3734.5002510000004	3735.749	3737.549	2.0	1.0	1.0	1.0					
3740.629	10.43600000000015	trials	6.0	3748.38677	3749.529149	3750.419567	3751.101125	3747.4087550000004	3749.9088890000003			3.0	2.0	0.0	3.0					
3754.864	12.8449999999998	trials	6.0	3765.2069490000003	3766.870242	3767.608361	3768.0872010000003	3764.621685	3767.1535590000003			3.0	2.0	0.0	3.0					
3770.002	304.4140000000002	BlockDesign														1.0	154.0	175.0	90.0	50.0
3770.002	22.98199999999997	trials	7.0	3789.597036	3791.093604	3791.812656	3793.026435	3788.6693480000004	3791.32938			1.0	2.0	0.0	3.0					
3794.129	16.220000000000255	trials	7.0	3806.148588	3807.7729600000002	3809.546157	3810.39008	3805.337439	3807.761085			1.0		0.0	2.0					
3812.815	6.8289999999997235	trials	7.0	3815.2574160000004	3816.6035340000003	3818.982465	3819.682248	3814.407067	3818.166549			1.0	2.0	0.0	3.0					
3823.469	13.0	trials	7.0	3831.359082	3832.419135	3834.2083930000003	3834.5553710000004	3830.6906980000003	3833.551136	3834.934	3836.469	1.0	1.0	1.0	1.0					
3838.486	11.218000000000302	trials	7.0	3844.202666	3846.048578	3846.999511	3847.3574040000003	3843.349791	3846.355289	3847.749	3849.704	1.0	1.0	1.0	1.0					
3851.829	9.860999999999876	trials	7.0	3857.023658	3858.38394	3859.4048030000004	3859.7454860000003	3856.07691	3858.7140560000003	3860.079	3861.69	1.0	1.0	1.0	1.0					
3865.851	7.382999999999811	trials	7.0	3868.4274960000002	3869.6698880000004	3870.6326400000003	3870.956208	3867.7293210000003	3870.024859	3871.369	3873.234	1.0	1.0	1.0	1.0					
3876.254	10.43600000000015	trials	7.0	3881.5474560000002	3883.6051620000003	3884.3758500000004	3884.69571	3880.658945	3883.763613	3884.994	3886.69	1.0	1.0	1.0	1.0					
3890.73	7.954000000000178	trials	7.0	3893.234104	3895.1345920000003	3896.3128730000003	3896.467759	3892.2702390000004	3895.657982	3897.134	3898.684	1.0	1.0	1.0	1.0					
3901.739	12.735000000000127	trials	7.0	3909.307779	3911.304414	3912.0912630000003	3912.362681	3908.7174840000002	3911.456955	3912.809	3914.474	1.0	1.0	1.0	1.0					
3917.489	9.273000000000138	trials	7.0	3921.697911	3923.5639520000004	3924.539584	3924.742005	3921.012924	3923.9244150000004	3925.214	3926.762	1.0	1.0	1.0	1.0					
3929.779	7.550000000000182	trials	7.0	3933.1824690000003	3934.1997	3935.094564	3935.461437	3932.5750660000003	3934.4378220000003	3935.799	3937.329	1.0	1.0	1.0	1.0					
3939.349	8.914999999999964	trials	7.0	3943.6024190000003	3944.914	3945.7479540000004	3946.0290720000003	3943.0943030000003	3945.142392	3946.565	3948.264	1.0	1.0	1.0	1.0					
3952.349	6.625	trials	7.0	3954.0784830000002	3955.896417	3956.7598080000002	3957.0371760000003	3953.387898	3956.1009860000004	3957.629	3958.974	1.0	1.0	1.0	1.0					
3961.065	10.898999999999887	trials	7.0	3967.068063	3968.7595440000005	3969.577953	3969.804474	3966.532642	3968.9392310000003	3970.284	3971.964	1.0	1.0	1.0	1.0					
3973.869	10.304999999999836	trials	7.0	3978.6276690000004	3980.1558330000003	3983.0882250000004	3983.159976	3977.657708	3980.1419960000003			1.0		0.0	2.0					
3985.19	12.228999999999814	trials	7.0	3994.4981030000004	3995.5094750000003	3996.8196080000002	3997.462098	3993.680289	3996.105665			1.0	1.0	0.0	3.0					
3999.206	14.94399999999996	trials	7.0	4008.953305	4010.4905390000004	4011.554051	4011.910013	4008.1795500000003	4010.843997	4012.284	4014.15	1.0	1.0	1.0	1.0					
4017.938	9.205999999999676	trials	7.0	4023.069751	4025.1845390000003	4026.209304	4027.184388	4022.553901	4025.466225			1.0	1.0	0.0	3.0					
4029.614	16.2199999999998	trials	7.0	4040.627988	4042.5053900000003	4043.4636950000004	4043.7253170000004	4039.878874	4042.7677700000004	4044.074	4045.834	1.0	1.0	1.0	1.0					
4049.86	11.548999999999978	trials	7.0	4055.8196780000003	4057.464648	4058.8846110000004	4059.291126	4054.849654	4058.141974	4059.549	4061.409	1.0	1.0	1.0	1.0					
4065.464	8.952000000000226	trials	7.0	4069.3502550000003	4070.764662	4072.177173	4072.5028740000002	4068.4652960000003	4071.4555170000003	4072.9	4074.416	1.0	1.0	1.0	1.0					
4076.489	853.23	BlockDesign														1.0	176.0	232.0	10.0	50.0
4076.489	8.980000000000018	trials	8.0	4082.3735570000003	4083.7599630000004	4085.087898	4085.5114710000003	4081.693319	4084.3545270000004			1.0	1.0	0.0	3.0					
4089.43	12.554000000000542	trials	8.0	4096.723589	4098.755075	4099.690529	4099.900485	4096.132071	4099.1291360000005	4100.254	4101.984	1.0	2.0	1.0	1.0					
4105.044	7.140000000000327	trials	8.0	4109.348382	4110.5382740000005	4111.782777	4112.225642	4108.637391	4111.270442			1.0	2.0	0.0	3.0					
4114.172	9.752000000000407	trials	8.0	4118.399753	4119.830643	4121.376879	4121.571107	4117.835409	4120.81841	4122.059	4123.924	1.0	2.0	1.0	1.0					
4128.019	7.574999999999818	trials	8.0	4131.763137	4133.715033	4134.580256	4134.769614000001	4130.902541	4134.055902			1.0	2.0	0.0	3.0					
4139.015	8.023999999999432	trials	8.0	4140.860421	4142.586533	4143.769757	4144.176999	4140.103716	4143.228752			1.0	2.0	0.0	3.0					
4148.099	13.550999999999476	trials	8.0	4157.860293	4159.644932	4160.822528000001	4161.688704	4157.1699690000005	4160.141886			1.0	1.0	0.0	3.0					
4163.144	15.694999999999709	trials	8.0	4174.883517	4176.819909	4177.809846	4178.88143	4174.355304000001	4177.16225			1.0	1.0	0.0	3.0					
4180.175	21.96900000000005	trials	8.0	4199.004075000001	4200.085752	4201.396098	4202.183279	4198.484378	4200.7214220000005			1.0	1.0	0.0	3.0					
4204.849	23.264999999999418	trials	8.0	4223.4151	4224.657751000001	4225.5056190000005	4225.778885	4222.799429000001	4225.038695	4226.107	4228.114	1.0	2.0	1.0	1.0					
4232.009	6.704999999999927	trials	8.0	4235.548658	4237.0156050000005	4237.828434	4238.757588	4234.735868	4237.329336000001			1.0	2.0	0.0	3.0					
4241.214	21.13500000000022	trials	8.0	4258.074504	4259.843631	4261.073782	4262.390711	4257.240456	4260.396624			1.0	1.0	0.0	3.0					
4263.424	23.570999999999913	trials	8.0	4282.2491580000005	4283.479224000001	4284.568626	4284.779478	4281.473294	4284.041954	4285.259	4286.995	1.0	2.0	1.0	1.0					
4288.983	8.09099999999944	trials	8.0	4294.559229	4295.59575	4296.715323	4297.102491	4293.814757	4296.1750950000005			1.0	2.0	0.0	3.0					
4299.129	12.11999999999989	trials	8.0	4306.954481000001	4308.484136	4309.945094000001	4311.289755	4306.384412	4309.200897000001			1.0	1.0	0.0	3.0					
4313.315	15.180000000000291	trials	8.0	4324.714403	4325.88339	4327.342215000001	4328.536884	4323.783851	4326.613613			1.0	1.0	0.0	3.0					
4330.739	19.911000000000058	trials	8.0	4345.223969000001	4347.29009	4348.55334	4350.691932	4344.464961	4347.758154			1.0	2.0	0.0	3.0					
4352.924	15.904999999999745	trials	8.0	4364.724104	4366.400634	4367.519825	4368.870083	4363.87416	4366.783031			1.0	1.0	0.0	3.0					
4371.894	29.51000000000022	trials	8.0	4397.539724	4399.300466000001	4400.313747	4401.447219	4396.970267000001	4399.579538			1.0	1.0	0.0	3.0					
4403.699	22.673999999999978	trials	8.0	4421.314272	4422.880651	4424.35361	4424.645727	4420.754484	4423.780917	4425.014	4426.373	1.0	2.0	1.0	1.0					
4429.455	9.069999999999709	trials	8.0	4433.749961	4434.89052	4435.895823000001	4436.095539	4432.964214	4435.282035	4436.65	4438.525	1.0	2.0	1.0	1.0					
4442.609	7.884999999999309	trials	8.0	4445.549876	4447.210962	4448.088851	4448.298781	4445.027468	4447.593572	4448.794	4450.494	1.0	2.0	1.0	1.0					
4454.529	7.279999999999745	trials	8.0	4458.174795	4460.061245	4460.939664	4461.29745	4457.568601	4460.4242540000005			1.0	2.0	0.0	3.0					
4463.284	10.34100000000035	trials	8.0	4468.03503	4469.391813	4470.729975	4471.027542	4467.3738410000005	4470.191718	4471.4	4473.625	1.0	2.0	1.0	1.0					
4476.549	7.712000000000444	trials	8.0	4480.410236	4482.491975	4483.302338	4484.303718	4479.490083000001	4482.808539			1.0	2.0	0.0	3.0					
4486.67	7.068999999999505	trials	8.0	4490.585241000001	4491.6864000000005	4492.940081000001	4493.392424	4489.747227	4492.410189			1.0	2.0	0.0	3.0					
4496.298	12.221000000000458	trials	8.0	4503.015764	4504.379475	4505.919786	4506.287756	4502.07668	4505.370006	4506.614	4508.519	1.0	2.0	1.0	1.0					
4511.53	7.579000000000633	trials	8.0	4515.185039	4517.178786	4518.256835	4518.687152	4514.328768	4517.694684			1.0	2.0	0.0	3.0					
4520.568	8.510999999999513	trials	8.0	4525.47491	4527.0163170000005	4528.657557	4529.101485	4524.597987	4528.051395			1.0	2.0	0.0	3.0					
4531.079	13.590000000000146	trials	8.0	4541.545328	4543.07316	4544.161641000001	4544.710628000001	4540.833519	4543.611986			1.0	2.0	0.0	3.0					
4547.605	8.770000000000437	trials	8.0	4552.975149	4554.507014000001	4555.9916220000005	4556.416256	4552.4686440000005	4555.457007			1.0	2.0	0.0	3.0					
4560.295	9.22400000000016	trials	8.0	4565.420132	4567.297142	4568.583366000001	4569.559601	4564.641974	4567.904906			1.0	1.0	0.0	3.0					
4571.014	15.105999999999767	trials	8.0	4582.354727	4583.716803	4585.03347	4586.161622	4581.4380630000005	4584.50936			1.0	2.0	0.0	3.0					
4589.362	17.657000000000153	trials	8.0	4603.041594	4605.013076	4605.940256	4607.063618	4602.035721	4605.2409450000005			1.0	1.0	0.0	3.0					
4608.334	18.475000000000364	trials	8.0	4623.2409290000005	4625.052104	4625.878929	4626.853592	4622.557593	4625.2988510000005			1.0	1.0	0.0	3.0					
4628.204	35.11500000000069	trials	8.0	4660.102035	4662.0924350000005	4663.0274	4663.350314	4659.5451	4662.357372			1.0	1.0	0.0	3.0					
4665.326	13.318000000000211	trials	8.0	4673.821131000001	4674.8522250000005	4676.000509	4676.390471000001	4673.200452	4675.289609	4676.73	4678.644	1.0	1.0	1.0	1.0					
4681.728	9.480999999999767	trials	8.0	4687.447136000001	4689.051065	4690.223414	4691.253293	4686.657796	4689.5169590000005			1.0	1.0	0.0	3.0					
4694.534	13.0	trials	8.0	4702.92555	4704.1036220000005	4705.164033	4705.436316	4701.961817	4704.553137	4705.944	4707.534	1.0	2.0	1.0	1.0					
4711.589	7.810999999999694	trials	8.0	4714.701281	4716.087779	4717.01933	4717.290554	4714.186281	4716.51326	4717.575	4719.4	1.0	2.0	1.0	1.0					
4721.485	8.394000000000233	trials	8.0	4726.992401	4728.154151000001	4728.990951	4729.920969000001	4726.105559	4728.498698			1.0	2.0	0.0	3.0					
4733.329	8.895000000000437	trials	8.0	4736.4706670000005	4738.4090160000005	4739.655145000001	4739.99225	4735.757295	4739.089451	4740.434	4742.224	1.0	2.0	1.0	1.0					
4746.334	5.3400000000001455	trials	8.0	4748.487437	4749.747935	4750.666383	4751.716866000001	4747.655837	4750.162881			1.0	2.0	0.0	3.0					
4755.039	9.40099999999984	trials	8.0	4758.993352	4760.4227040000005	4761.739158	4762.105613	4758.069116000001	4761.180252	4762.469	4764.44	1.0	2.0	1.0	1.0					
4766.579	9.305000000000291	trials	8.0	4770.645845	4772.383112	4773.090119	4773.352764	4769.882871	4772.419014	4773.663	4775.884	1.0	2.0	1.0	1.0					
4780.001	7.657999999999447	trials	8.0	4783.322718	4784.477586	4785.20373	4785.405814	4782.524043	4784.782301	4785.984	4787.659	1.0	2.0	1.0	1.0					
4789.739	9.215000000000146	trials	8.0	4796.100789	4797.187889000001	4798.042503000001	4798.528604	4795.5410790000005	4797.538545			1.0	2.0	0.0	3.0					
4800.429	9.885999999999513	trials	8.0	4805.211306	4806.387636	4807.527171	4807.843713	4804.665414	4806.980031	4808.269	4810.315	1.0	2.0	1.0	1.0					
4813.334	8.300000000000182	trials	8.0	4818.345969	4820.0926070000005	4820.822424	4821.2565110000005	4817.612432	4820.342441000001			1.0	2.0	0.0	3.0					
4823.194	13.8799999999992	trials	8.0	4831.822923	4833.639104	4834.668074	4834.982550000001	4831.287681	4834.127354	4835.339	4837.074	1.0	2.0	1.0	1.0					
4840.096	7.463000000000648	trials	8.0	4843.846791	4845.512834			4843.00202	4845.50281			1.0		0.0	2.0					
4850.566	11.108000000000175	trials	8.0	4857.011196	4858.28456	4859.159369	4859.477346	4856.0787	4858.683871	4859.819	4861.674	1.0	2.0	1.0	1.0					
4864.764	7.71599999999944	trials	8.0	4868.987937	4870.713044	4871.705462	4872.251853	4868.474639	4871.21529			1.0	2.0	0.0	3.0					
4875.099	8.71599999999944	trials	8.0	4880.556194000001	4882.187861	4883.397216	4883.835201	4879.658861	4882.731149			1.0	1.0	0.0	3.0					
4885.764	13.479999999999563	trials	8.0	4896.0211070000005	4897.272939	4898.3129420000005	4899.286601	4895.032271	4897.821735			1.0	2.0	0.0	3.0					
4902.687	11.561999999999898	trials	8.0	4909.795704	4911.615758	4913.213832	4914.292001	4908.807153	4912.525224			1.0	1.0	0.0	3.0					
4915.596	14.123000000000502	trials	8.0	4924.552191000001	4925.845533	4927.122488	4927.415996	4923.903822	4926.576948	4927.805	4929.719	1.0	2.0	1.0	1.0					
4934.815	94.9930000000004	BlockDesign														1.0	233.0	237.0	0.0	0.0
4934.815	6.7940000000007785	trials	9.0	4938.441353	4939.830137	4940.837991	4941.654354	4937.789319	4940.332469			1.0	2.0	0.0	3.0					
4944.329	11.27599999999984	trials	9.0	4951.48152	4953.048579	4954.7116160000005	4955.651988	4950.774473	4954.1365940000005			1.0	2.0	0.0	3.0					
4959.065	14.639000000000124	trials	9.0	4969.4716260000005	4971.589733000001	4972.6958190000005	4973.746954	4968.80315	4972.153748000001			1.0	2.0	0.0	3.0					
4977.159	35.20000000000073	trials	9.0	5008.8236990000005	5010.169067000001	5011.424301	5012.403134	5008.001957	5010.903138			1.0	2.0	0.0	3.0					
5015.885	13.922999999999774	trials	9.0	5027.187432000001	5029.010157000001	5029.74251	5030.32592	5026.399335	5029.269564			1.0	2.0	0.0	3.0					
5032.089	282.65099999999984	BlockDesign														1.0	238.0	258.0	50.0	90.0
5032.089	14.989999999999782	trials	10.0	5042.315876000001	5043.774018	5044.629644000001	5044.9527960000005	5041.661331	5044.193313	5045.334	5047.079	1.0	2.0	1.0	1.0					
5051.166	8.472999999999956	trials	10.0	5054.617877000001	5055.889253	5056.952123	5057.252343	5053.764839	5056.466889	5057.584	5059.639	1.0	2.0	1.0	1.0					
5063.73	7.889000000000124	trials	10.0	5066.867561	5068.063973	5069.018742	5069.275406000001	5066.018558	5068.521081	5069.599	5071.619	1.0	2.0	1.0	1.0					
5075.639	8.11999999999989	trials	10.0	5078.797302	5080.674146	5081.351697	5081.6190480000005	5077.860368	5080.920918	5082.129	5083.759	1.0	2.0	1.0	1.0					
5086.847	9.75799999999981	trials	10.0	5091.9228330000005	5093.265714	5094.121386000001	5094.405081	5091.060908	5093.665145	5094.914	5096.605	1.0	2.0	1.0	1.0					
5099.624	8.680000000000291	trials	10.0	5103.522513	5105.222603	5105.902344	5106.168536	5102.819339	5105.447138	5106.589	5108.304	1.0	2.0	1.0	1.0					
5111.324	8.3100000000004	trials	10.0	5115.042843	5116.565832	5117.300376	5117.495792	5114.504559	5116.882639	5117.984	5119.634	1.0	2.0	1.0	1.0					
5121.689	10.023000000000138	trials	10.0	5126.972267	5128.5571230000005	5129.335522	5129.583784	5126.143278	5128.90764	5130.054	5131.712	1.0	2.0	1.0	1.0					
5134.795	7.569999999999709	trials	10.0	5139.422595	5140.87406	5141.648129	5142.4077720000005	5138.787272	5141.154478			1.0	2.0	0.0	3.0					
5144.102	24.391999999999825	trials	10.0	5158.69853	5160.405654	5161.415047	5161.746567	5158.168325000001	5160.7514869999995	5162.194	5168.494	1.0	1.0	1.0	1.0					
5172.649	12.554999999999382	trials	10.0	5179.868295	5181.589647000001	5182.568019	5182.748496	5179.125441	5182.051255	5183.394	5185.204	1.0	2.0	1.0	1.0					
5187.29	13.304000000000087	trials	10.0	5195.502930000001	5197.4079440000005	5198.092371000001	5198.304592	5194.778706	5197.618646000001	5198.644	5200.594	1.0	2.0	1.0	1.0					
5204.614	6.270000000000437	trials	10.0	5207.279715000001	5208.844977000001			5206.394346	5208.842439			1.0		0.0	2.0					
5212.923	15.171000000000276	trials	10.0	5223.15505	5224.4268329999995	5225.385951	5225.677377	5222.521877	5224.9635849999995	5226.154	5228.094	1.0	2.0	1.0	1.0					
5231.18	8.003999999999905	trials	10.0	5234.768202	5235.835155000001	5236.752722	5237.013444	5234.157368	5236.278705000001	5237.294	5239.184	1.0	2.0	1.0	1.0					
5242.315	12.654000000000451	trials	10.0	5249.80314	5251.665243	5252.468755	5252.751126	5249.167892	5251.968195	5253.129	5254.969	1.0	2.0	1.0	1.0					
5258.035	10.194999999999709	trials	10.0	5263.338492000001	5265.269457	5265.966558	5266.114885000001	5262.404646000001	5265.499295	5266.639	5268.23	1.0	2.0	1.0	1.0					
5272.254	8.775000000000546	trials	10.0	5276.093154	5277.510645	5278.633833	5278.793681	5275.396055	5278.000248	5279.23	5281.029	1.0	1.0	1.0	1.0					
5283.118	10.86199999999917	trials	10.0	5289.218655000001	5290.489617	5291.321208	5291.568149000001	5288.235309	5290.723253	5291.994	5293.98	1.0	1.0	1.0	1.0					
5296.064	7.559999999999491	trials	10.0	5300.438148	5301.926034	5302.976788	5303.671645	5299.682208	5302.352821			1.0	1.0	0.0	3.0					
5305.289	9.451000000000022	trials	10.0	5309.1194749999995	5310.88034	5312.133199	5312.494386	5308.580352000001	5311.561773	5312.775	5314.74	1.0	2.0	1.0	1.0					
5318.779	401.78599999999915	BlockDesign														1.0	259.0	286.0	50.0	10.0
5318.779	6.684999999999491	trials	11.0	5322.598878000001	5323.955619	5325.099696	5325.486486	5321.747279	5324.529825			1.0	2.0	0.0	3.0					
5328.544	13.31500000000051	trials	11.0	5339.104194	5340.672453	5341.424915	5341.908090000001	5338.465775000001	5341.000564			1.0	2.0	0.0	3.0					
5344.739	10.9950000000008	trials	11.0	5352.674286	5354.103651	5355.282428	5355.748739000001	5351.8596	5354.821355			1.0	2.0	0.0	3.0					
5358.784	16.65599999999995	trials	11.0	5370.228784000001	5372.145164	5373.033603	5373.419894000001	5369.6292140000005	5372.383236	5373.789	5375.44	1.0	1.0	1.0	1.0					
5378.459	8.86999999999989	trials	11.0	5382.425177	5383.555560000001	5384.677275	5384.926044	5381.772249	5383.89763	5385.434	5387.329	1.0	1.0	1.0	1.0					
5389.445	10.048999999999978	trials	11.0	5394.204353	5395.890467	5396.920455	5397.256515	5393.659933000001	5396.253174	5397.704	5399.494	1.0	1.0	1.0	1.0					
5403.532	7.912999999999556	trials	11.0	5407.950038000001	5409.661833	5410.804663000001	5411.493977	5407.055774	5410.196742			1.0	1.0	0.0	3.0					
5415.159	9.965000000000146	trials	11.0	5421.619937	5423.515786	5424.643116	5425.1702000000005	5420.640962	5424.066868			1.0	2.0	0.0	3.0					
5427.966	11.657999999999447	trials	11.0	5434.374330000001	5435.900375	5437.058438	5437.477596000001	5433.505431	5436.377603000001	5437.829	5439.624	1.0	1.0	1.0	1.0					
5441.69	8.914999999999964	trials	11.0	5446.990421	5448.786453000001	5449.81871	5450.651025	5446.140498000001	5449.098891			1.0	1.0	0.0	3.0					
5454.199	17.19000000000051	trials	11.0	5466.1490730000005	5468.117340000001	5469.220424	5469.598437000001	5465.17742	5468.417013	5469.94	5471.389	1.0	1.0	1.0	1.0					
5473.469	9.805999999999585	trials	11.0	5479.564242	5481.452026000001	5482.491826	5483.323708	5478.685776	5481.640806			1.0	1.0	0.0	3.0					
5485.907	15.66399999999976	trials	11.0	5496.540233	5497.996863	5499.291272	5499.607709	5495.722519000001	5498.541204	5499.999	5501.571	1.0	1.0	1.0	1.0					
5503.494	12.465000000000146	trials	11.0	5509.530984	5511.279916	5513.071008000001	5513.39697	5508.7762139999995	5512.427286	5513.789	5515.959	1.0	1.0	1.0	1.0					
5518.98	11.699000000000524	trials	11.0	5524.804854	5526.581166	5527.920618	5528.174995	5524.229639	5527.008962	5528.605	5530.679	1.0	2.0	1.0	1.0					
5532.774	8.914999999999964	trials	11.0	5538.854520000001	5540.383856	5541.283170000001	5541.739422000001	5538.20016	5540.750122			1.0	2.0	0.0	3.0					
5545.629	6.940000000000509	trials	11.0	5549.955605	5551.130871	5552.105369000001	5552.6153030000005	5549.098167	5551.389918000001			1.0	1.0	0.0	3.0					
5556.544	15.0	trials	11.0	5568.034965000001	5569.734279	5570.534303	5571.592383	5567.092803	5570.0418740000005			1.0	2.0	0.0	3.0					
5573.049	11.404999999999745	trials	11.0	5579.97984	5581.877913	5583.426668	5584.501261	5579.208132	5582.703767			1.0	1.0	0.0	3.0					
5587.834	18.600000000000364	trials	11.0	5603.509982	5605.020879	5605.732416000001	5606.482922	5602.650589000001	5605.291775			1.0	2.0	0.0	3.0					
5610.164	21.12800000000061	trials	11.0	5627.215281000001	5629.023051	5630.5187160000005	5631.342373	5626.684413000001	5629.324797			1.0	1.0	0.0	3.0					
5633.876	9.153000000000247	trials	11.0	5638.145071000001	5639.738627000001	5640.490899	5640.834033	5637.373128	5639.838177	5641.329	5643.029	1.0	1.0	1.0	1.0					
5646.954	7.180000000000291	trials	11.0	5649.055015	5650.623694	5651.625392	5652.0598549999995	5648.528286000001	5650.96285	5652.23	5654.134	1.0	1.0	1.0	1.0					
5657.258	7.617000000000189	trials	11.0	5661.090045000001	5662.489116000001	5663.895219	5664.922674	5660.48213	5663.211057			1.0	1.0	0.0	3.0					
5666.275	13.720000000000255	trials	11.0	5674.550077	5675.946671	5677.419839	5677.776099000001	5674.004163	5676.717183000001	5678.169	5679.995	1.0	1.0	1.0	1.0					
5684.034	7.980000000000473	trials	11.0	5687.229833	5688.243668	5689.358013	5689.745405	5686.654333	5688.626115	5689.894	5692.014	1.0	1.0	1.0	1.0					
5694.1	12.679000000000087	trials	11.0	5701.520316	5702.892159	5704.113899	5704.3298780000005	5700.540521000001	5703.423618000001	5704.789	5706.779	1.0	1.0	1.0	1.0					
5709.834	10.730999999999767	trials	11.0	5715.400337	5716.632171	5717.608524	5718.119717	5714.739048	5716.910062000001	5718.319	5720.565	1.0	1.0	1.0	1.0					
5723.724	383.5649999999996	BlockDesign														1.0	287.0	307.0	50.0	0.0
5723.724	7.161000000000058	trials	12.0	5727.580796	5729.035815	5730.272457	5730.935151	5726.62407	5729.527647000001			2.0	1.0	0.0	3.0					
5732.717	16.74200000000019	trials	12.0	5746.195259	5747.542503000001	5748.614619	5749.507674	5745.32129	5747.966159			2.0	1.0	0.0	3.0					
5753.019	14.079999999999927	trials	12.0	5762.422286	5763.608337	5764.61541	5765.0885849999995	5761.630199	5763.963105000001	5765.324	5767.099	2.0	1.0	1.0	1.0					
5769.124	10.725000000000364	trials	12.0	5774.265369000001	5776.134429	5776.970049	5777.478864000001	5773.682144	5776.316790000001	5777.754	5779.849	2.0	1.0	1.0	1.0					
5782.959	8.900000000000546	trials	12.0	5787.971064	5789.307437	5790.65571	5791.908387	5787.038016	5789.9443009999995			2.0	1.0	0.0	3.0					
5795.018	18.791000000000167	trials	12.0	5810.145889	5811.767327	5812.937743	5813.855985	5809.253862	5812.263609			2.0	1.0	0.0	3.0					
5815.313	27.09599999999955	trials	12.0	5836.952525000001	5838.677657	5839.93304	5840.276289	5836.438589	5839.24563	5840.509	5842.409	2.0	1.0	1.0	1.0					
5844.499	8.565999999999804	trials	12.0	5850.086414	5851.10846			5849.184689	5851.101498			2.0		0.0	2.0					
5855.079	38.235999999999876	trials	12.0	5888.100897	5889.453396000001	5890.425957	5890.893161	5887.168941	5889.769779	5891.139	5893.315	2.0	1.0	1.0	1.0					
5896.405	7.213999999999942	trials	12.0	5900.686043	5902.00412	5902.825723	5903.666457	5899.900926	5902.2112799999995			2.0	1.0	0.0	3.0					
5905.199	17.800000000000182	trials	12.0	5919.532862	5920.72286	5922.112262000001	5923.048296000001	5918.868926	5921.251507000001			2.0	1.0	0.0	3.0					
5926.419	19.534999999999854	trials	12.0	5940.846801	5942.363739	5943.314988	5943.779744	5940.04349	5942.663382000001	5944.029	5945.954	2.0	1.0	1.0	1.0					
5947.974	13.005999999999403	trials	12.0	5957.276351	5958.433362	5960.060448	5961.031595	5956.491989	5959.391841000001			2.0	1.0	0.0	3.0					
5964.499	15.420000000000073	trials	12.0	5976.841563	5978.603307	5979.3582559999995	5979.971256000001	5975.853353	5978.820471			2.0	2.0	0.0	3.0					
5981.819	19.044999999999163	trials	12.0	5995.736268000001	5997.452865	5998.196196000001	5998.6658879999995	5995.047653	5997.627325	5998.864	6000.864	2.0	1.0	1.0	1.0					
6003.95	10.364999999999782	trials	12.0	6008.981507	6010.793557	6011.685734000001	6012.149653	6008.173785000001	6010.999003000001	6012.409	6014.315	2.0	1.0	1.0	1.0					
6018.315	8.97900000000027	trials	12.0	6022.078345	6023.604938	6024.803169000001	6024.88497	6021.436122	6023.845590000001	6025.489	6027.294	2.0	1.0	1.0	1.0					
6029.315	18.58900000000085	trials	12.0	6044.1514050000005	6046.091966	6046.876208	6047.955312	6043.506284	6046.250067000001			2.0	1.0	0.0	3.0					
6049.179	24.234999999999673	trials	12.0	6067.852938	6069.683739	6070.9552650000005	6071.374221	6067.127681	6070.354563000001	6071.599	6073.414	2.0	1.0	1.0	1.0					
6076.487	9.542000000000371	trials	12.0	6082.047072	6083.833943	6084.660309000001	6086.079756	6081.100056	6084.043649			2.0	1.0	0.0	3.0					
6086.98	20.309000000000196	trials	12.0	6104.868930000001	6106.445577	6107.272343000001	6108.295946	6103.868333	6106.640091			2.0	1.0	0.0	3.0					
6109.694	417.91999999999916	BlockDesign														1.0	308.0	328.0	0.0	50.0
6109.694	17.56999999999971	trials	13.0							6125.769	6127.264	3.0	2.0	1.0	1.0					
6130.279	11.450999999999112	trials	13.0	6138.049449	6139.959329	6140.790345	6141.834267	6137.38358	6140.294285			3.0	2.0	0.0	3.0					
6143.129	23.02099999999973	trials	13.0	6162.667236	6164.160038			6161.975942	6164.149581			3.0		0.0	2.0					
6170.159	24.325000000000728	trials	13.0	6191.777891	6193.1348	6193.891904	6194.590269	6190.831835	6193.41571			3.0	2.0	0.0	3.0					
6198.144	17.649999999999636	trials	13.0	6212.778066	6214.100133	6214.865504	6215.898762	6212.047151	6214.413134			3.0	2.0	0.0	3.0					
6217.188	31.251999999999498	trials	13.0	6244.693061	6245.940005	6246.969624	6248.545874	6244.073085	6246.248061			3.0	1.0	0.0	3.0					
6249.364	21.170000000000073	trials	13.0	6268.018647	6269.179446	6269.963129	6270.641412	6267.080787	6269.48672			3.0	2.0	0.0	3.0					
6273.334	22.875	trials	13.0	6292.873296	6294.330996	6295.126151	6295.430355	6292.031871	6294.6535460000005			3.0	2.0	1.0	1.0					
6299.657	13.721999999999753	trials	13.0	6309.098682	6311.066901	6311.830353	6313.484564	6308.450006	6311.402241			3.0	2.0	0.0	3.0					
6316.159	11.38000000000011	trials	13.0	6324.228723	6325.480335	6326.721848	6327.646871	6323.366667	6326.0156480000005			3.0	1.0	0.0	3.0					
6329.044	21.74499999999989	trials	13.0	6345.970347	6347.592353	6348.291306	6348.576755	6345.24215	6347.838452	6348.944	6350.789	3.0	2.0	1.0	1.0					
6352.81	10.448999999999614	trials	13.0	6360.135521	6361.462826	6362.38907	6363.366782	6359.237418	6361.891449			3.0	2.0	0.0	3.0					
6365.659	12.300000000000182	trials	13.0	6374.498607	6376.449897	6377.482587	6378.06566	6373.74149	6376.732814			3.0	1.0	0.0	3.0					
6379.8	22.28899999999976	trials	13.0	6399.39921	6400.677177	6401.558454	6402.194499	6398.687172	6401.084402			3.0	2.0	0.0	3.0					
6405.94	16.35900000000038	trials	13.0	6417.61872	6419.097762	6419.8463520000005	6420.128881	6417.045393	6419.396178	6420.509	6422.299	3.0	2.0	1.0	1.0					
6424.409	11.56500000000051	trials	13.0	6430.840293	6432.750616	6433.60673	6433.844124	6430.089771	6433.11364	6434.092	6435.974	3.0	2.0	1.0	1.0					
6438.989	19.33300000000054	trials	13.0	6455.203685	6456.541062	6457.389193	6458.429588	6454.60377	6456.9295250000005			3.0	2.0	0.0	3.0					
6459.78	22.739000000000487	trials	13.0	6477.874035	6479.26646	6480.054021	6480.273624	6477.168592	6479.623854	6480.59	6482.519	3.0	2.0	1.0	1.0					
6484.534	9.88000000000011	trials	13.0	6491.386673	6493.35558	6494.051177	6494.522193	6490.669758	6493.622249			3.0	2.0	0.0	3.0					
6498.334	17.565999999999804	trials	13.0	6510.944374	6512.381406	6513.076394	6513.265973	6510.374682	6512.632026	6513.659	6515.9	3.0	2.0	1.0	1.0					
6519.97	7.643999999999323	trials	13.0	6522.78916	6524.305896	6525.0717	6525.304738	6522.254775	6524.604697	6525.644	6527.614	3.0	2.0	1.0	1.0					
6529.639	1395.42	BlockDesign														1.0	329.0	379.0	50.0	50.0
6529.639	17.599999999999454	trials	14.0	6543.360303	6545.336598			6542.601972	6545.324207			2.0		0.0	2.0					
6551.249	14.539999999999964	trials	14.0	6561.280022	6562.772619	6563.446046	6563.677929	6560.517096	6563.003843	6563.919	6565.789	3.0	2.0	1.0	1.0					
6568.804	11.675999999999476	trials	14.0	6577.730061	6579.181898	6579.769977	6580.163334	6576.79393	6579.286929			3.0	2.0	0.0	3.0					
6583.165	15.139000000000124	trials	14.0	6595.294085	6596.804241	6597.56492	6598.412567	6594.739194	6596.952992			2.0	1.0	0.0	3.0					
6600.829	97.73599999999988	trials	14.0	6693.789944	6695.451671	6696.237153	6696.569601	6692.864214	6695.633247	6696.824	6698.565	2.0	1.0	1.0	1.0					
6702.629	112.61499999999978	trials	14.0	6812.011818	6813.263373			6811.082182	6813.254509			2.0		0.0	2.0					
6817.254	15.050000000000182	trials	14.0	6828.655773	6830.31792	6830.906871	6831.220173	6827.85846	6830.314758			3.0		0.0	2.0					
6834.383	82.23099999999977	trials	14.0	6913.155801	6914.622839			6912.373922	6914.619723			3.0		0.0	2.0					
6920.624	16.485000000000582	trials	14.0	6933.688085	6935.133337	6936.743988	6936.918068	6932.921339	6935.124246			2.0		0.0	2.0					
6939.114	25.8700000000008	trials	14.0	6961.887362	6963.667521	6964.552076	6965.094785	6961.358526	6963.9836190000005			2.0	1.0	0.0	3.0					
6966.879	44.55500000000029	trials	14.0	7007.896598	7009.394885	7010.246883	7010.452734	7007.17343	7009.717038			2.0	1.0	0.0	3.0					
7013.509	22.324999999999818	trials	14.0	7031.041289	7032.507602	7033.244489	7033.496882	7030.074182	7032.824292	7033.87	7035.834	3.0	2.0	1.0	1.0					
7038.85	8.493999999999687	trials	14.0	7044.811557	7046.397744	7047.031365	7047.455091	7043.889154	7046.588577			3.0	2.0	0.0	3.0					
7050.298	16.715000000000146	trials	14.0	7063.647034	7065.389637	7066.16106	7066.610136	7063.125834	7065.724869			3.0	2.0	0.0	3.0					
7070.474	19.585000000000036	trials	14.0	7085.006221	7086.889589	7087.61336	7087.993562	7084.356893	7086.923763	7088.15	7090.059	2.0	1.0	1.0	1.0					
7092.079	12.659999999999854	trials	14.0	7099.621855	7101.645959	7102.381515	7102.622859	7099.109704	7101.893568	7103.054	7104.739	3.0	2.0	1.0	1.0					
7106.8	13.623999999999796	trials	14.0	7115.911695	7116.964061	7117.89047	7118.251093	7115.198603	7117.231372	7118.349	7120.424	2.0	1.0	1.0	1.0					
7122.539	15.140000000000327	trials	14.0	7133.125311	7134.26886	7135.171601	7135.41438	7132.453367	7134.664629	7135.684	7137.679	3.0	2.0	1.0	1.0					
7141.769	16.894999999999527	trials	14.0	7153.451655	7155.203906	7156.101312	7156.396461	7152.615714	7155.418736	7156.655	7158.664	2.0	1.0	1.0	1.0					
7160.709	34.99499999999989	trials	14.0	7192.487096	7193.892969	7194.775047	7195.81233	7191.852771	7194.154749			2.0	1.0	0.0	3.0					
7198.175	15.418999999999869	trials	14.0	7211.081726	7212.5232670000005	7213.280465	7213.703154	7210.553648	7212.784967			3.0	2.0	0.0	3.0					
7217.534	12.860000000000582	trials	14.0	7227.907304	7229.018381	7229.811894	7230.505629	7227.399461	7229.219064			2.0	1.0	0.0	3.0					
7233.139	16.404999999999745	trials	14.0	7245.9572960000005	7247.645483			7245.258731	7247.64227			3.0		0.0	2.0					
7252.622	75.05699999999979	trials	14.0	7324.94747	7326.249401	7326.947813	7327.787105	7324.147551	7326.377979			3.0	2.0	0.0	3.0					
7330.278	15.805999999999585	trials	14.0	7343.073876	7344.977775	7345.747329	7346.19503	7342.258143	7345.296432			3.0	2.0	0.0	3.0					
7349.009	23.49499999999989	trials	14.0	7367.987624	7369.477194	7370.106479	7370.377025	7367.280018	7369.695444	7349.669	7372.504	3.0	2.0	1.0	1.0					
7376.525	6.824000000000524	trials	14.0	7379.617569	7381.450269			7378.877177	7381.438761			2.0		0.0	2.0					
7385.364	25.97100000000046	trials	14.0	7406.448384	7408.154762	7408.972565	7409.216555	7405.554245	7408.509024	7409.476	7411.335	3.0	2.0	1.0	1.0					
7414.454	9.590000000000146	trials	14.0	7420.7093509999995	7422.140718000001	7423.4370180000005	7423.76778	7419.995592	7422.134085			2.0		0.0	2.0					
7428.12	16.41399999999976	trials	14.0	7439.868314	7441.1502	7442.227463	7442.543855	7439.045361	7441.632777	7442.98	7444.534	2.0	1.0	1.0	1.0					
7446.559	15.224999999999454	trials	14.0	7456.533377	7458.318525000001	7459.102098	7459.297595	7455.67271	7458.449329	7459.809	7461.784	2.0	1.0	1.0	1.0					
7463.869	12.275000000000546	trials	14.0	7473.863352	7474.954731	7475.820045	7476.231848	7472.946743	7475.318625			3.0	2.0	0.0	3.0					
7478.074	17.585000000000036	trials	14.0	7491.953312	7493.821835	7494.8446810000005	7495.7683990000005	7491.300357	7494.17259			3.0	1.0	0.0	3.0					
7497.174	18.94499999999971	trials	14.0	7512.738235	7514.222472			7511.780601	7514.207987			3.0		0.0	2.0					
7519.196	15.148000000000138	trials	14.0	7531.212935	7532.485299	7533.366923	7534.457627	7530.281435	7532.741997			2.0	1.0	0.0	3.0					
7536.68	29.993999999999687	trials	14.0	7563.953304000001	7565.216018	7565.919005	7566.784307	7563.087885	7565.357574			2.0	1.0	0.0	3.0					
7570.284	19.890000000000327	trials	14.0	7585.103945	7586.535261	7587.287945	7587.513147	7584.241239	7586.683739	7587.919	7590.174	2.0	1.0	1.0	1.0					
7593.251	10.927999999999884	trials	14.0	7599.48858	7601.044513	7601.725161	7602.133943	7598.682885	7601.123016	7602.344	7604.179	2.0	1.0	1.0	1.0					
7608.254	9.105000000000473	trials	14.0	7612.474308	7613.965608	7614.882865	7615.12248	7611.497657	7614.359763	7615.459	7617.359	3.0	2.0	1.0	1.0					
7619.392	10.481999999999971	trials	14.0	7627.353999	7628.530761	7629.569654	7629.983537	7626.501612	7629.039165			3.0	2.0	0.0	3.0					
7633.889	15.914999999999964	trials	14.0	7647.024078	7648.105956	7648.9965919999995	7649.101824	7646.366229	7648.356992			2.0	1.0	0.0	3.0					
7651.295	68.58399999999983	trials	14.0	7715.140692	7716.771327	7717.569483	7717.799201	7714.533419	7717.0862130000005	7718.109	7719.879	3.0	2.0	1.0	1.0					
7722.959	12.295000000000073	trials	14.0	7730.364183	7732.195914	7732.992125	7733.216853	7729.6885409999995	7732.366741	7733.484	7735.254	2.0	1.0	1.0	1.0					
7737.34	9.398999999999432	trials	14.0	7743.269865	7744.715802	7745.650715	7746.852029	7742.485641	7745.0715230000005			3.0	2.0	0.0	3.0					
7747.893	16.54699999999957	trials	14.0	7759.609815	7761.121164	7762.040508	7762.440296	7759.038158	7761.327711	7762.629	7764.44	2.0	1.0	1.0	1.0					
7768.534	9.355000000000473	trials	14.0	7774.920164	7776.726658	7777.595813	7778.002676	7774.128011	7777.087668			3.0	2.0	0.0	3.0					
7780.849	20.25	trials	14.0	7796.919173	7798.034501	7798.782698	7799.068694	7796.226222	7798.304676	7799.429	7801.099	3.0	2.0	1.0	1.0					
7804.119	9.235999999999876	trials	14.0	7809.480341	7811.461668			7808.664495	7811.451534			2.0		0.0	2.0					
7816.364	15.145000000000437	trials	14.0	7827.959309	7829.916029	7830.652899000001	7831.620143	7827.013727	7830.032153			2.0	1.0	0.0	3.0					
7832.914	72.64500000000044	trials	14.0	7902.659838	7904.283725	7904.936553	7905.673116	7901.857079	7904.5040420000005			3.0	2.0	0.0	3.0					
7908.205	16.85400000000027	trials	14.0	7920.600761	7921.782774	7922.701011	7923.102347	7920.03153	7922.021007	7923.249	7925.059	2.0	1.0	1.0	1.0					
7929.109	157.98499999999967	BlockDesign														1.0	380.0	385.0	0.0	0.0
7929.109	7.469999999999345	trials	15.0	7933.005159	7934.920867	7935.843099	7936.691253	7932.453758	7935.209592			2.0	1.0	0.0	3.0					
7939.144	16.42999999999938	trials	15.0	7952.285267	7954.223196	7954.973531	7955.688801	7951.449036	7954.3559270000005			2.0	1.0	0.0	3.0					
7958.329	18.02599999999984	trials	15.0	7972.266567000001	7974.360395	7975.214639	7976.465075	7971.291975	7974.522083			2.0	1.0	0.0	3.0					
7980.464	35.35500000000047	trials	15.0	8013.440571	8013.916989			8012.596776	8013.909922			2.0		0.0	2.0					
8018.904	18.075999999999112	trials	15.0	8034.080739	8035.132205	8036.057189	8037.09122	8033.202843	8035.455081			2.0	1.0	0.0	3.0					
8040.364	46.73000000000047	trials	15.0	8084.311005	8086.087115	8087.042136	8087.904500000001	8083.777839	8086.418652			2.0	1.0	0.0	3.0					
8091.459	119.0649999999996	BlockDesign														1.0	386.0	390.0	0.0	0.0
8091.459	14.840000000000146	trials	16.0	8103.642659	8105.059872	8105.819843	8106.41268	8103.047348	8105.354654			3.0	2.0	0.0	3.0					
8109.149	18.80999999999949	trials	16.0	8125.531196	8126.732921	8127.555638	8128.073351	8124.564179	8127.069633			3.0	2.0	0.0	3.0					
8130.98	27.239000000000487	trials	16.0	8155.566536	8157.334911	8157.876752	8158.3330160000005	8154.927444	8157.323516			3.0	2.0	0.0	3.0					
8163.144	25.574999999999818	trials	16.0	8185.376244	8186.716751	8187.3778409999995	8188.835437	8184.788286	8186.9311			3.0	2.0	0.0	3.0					
8190.629	19.894999999999527	trials	16.0	8208.620248	8209.698482	8210.520221	8211.533003	8207.656196	8210.031424			3.0	2.0	0.0	3.0					
8212.974	1075.5599999999995	BlockDesign														1.0	391.0	434.0	50.0	50.0
8212.974	24.149999999999636	trials	17.0	8234.057793	8235.280185	8236.076092	8237.240045999999	8233.191567	8235.465866999999			3.0	1.0	0.0	3.0					
8238.405	29.953999999999724	trials	17.0	8264.001524	8265.393626000001	8266.143754	8266.43183	8263.348122	8265.710108	8266.844	8268.359	3.0	2.0	1.0	1.0					
8270.392	12.337999999999738	trials	17.0	8280.143001	8281.343949	8282.355370000001	8282.847391	8279.602564	8281.635309000001			2.0	1.0	0.0	3.0					
8285.746	18.972999999999956	trials	17.0	8299.696826	8301.345458	8302.113342	8302.43181	8298.785695999999	8301.526659	8302.749	8304.719	2.0	1.0	1.0	1.0					
8308.767	7.652000000000044	trials	17.0	8312.761763	8314.458793	8315.497104	8316.531557	8311.952324	8314.782545			3.0	1.0	0.0	3.0					
8319.895	12.584999999999127	trials	17.0	8327.933230999999	8329.810404	8330.947361999999	8332.597915	8327.297046	8330.218499999999			2.0	1.0	0.0	3.0					
8334.263	23.92699999999968	trials	17.0	8352.827458	8354.340198	8355.361015999999	8355.853743	8352.168302	8354.642706	8356.049	8358.19	2.0	1.0	1.0	1.0					
8361.211	7.608000000000175	trials	17.0	8366.143458	8367.578832	8368.463051	8368.930384	8365.309949	8367.952577			3.0	2.0	0.0	3.0					
8371.765	20.449000000000524	trials	17.0	8389.042626	8390.939286	8391.62495	8392.330116000001	8388.094476	8391.070587			2.0	1.0	0.0	3.0					
8394.923	19.860999999998967	trials	17.0	8410.183674	8411.672965	8412.430572000001	8412.613329	8409.60517	8411.978889	8413.061	8414.784	3.0	2.0	1.0	1.0					
8418.879	10.529999999998836	trials	17.0	8424.622367	8425.831125	8427.136337	8427.377247	8423.807813	8426.462311	8427.615	8429.409	2.0	1.0	1.0	1.0					
8432.496	10.174000000000888	trials	17.0	8439.74756	8440.888676	8442.035469	8442.784862	8438.950474000001	8441.302752			2.0	1.0	0.0	3.0					
8444.414	17.13500000000022	trials	17.0	8459.09931	8460.244773	8461.185915	8461.664721000001	8458.307791	8460.66076			3.0	2.0	0.0	3.0					
8465.584	17.3849999999984	trials	17.0	8480.067761	8481.284488000001	8481.996942	8483.084402	8479.386698	8481.57393			3.0	2.0	0.0	3.0					
8484.284	102.83500000000095	trials	17.0	8582.048372000001	8583.457989	8584.299153	8584.711493	8581.316462	8583.671156	8584.974	8587.119	2.0	1.0	1.0	1.0					
8589.174	12.000999999998385	trials	17.0	8597.418104	8599.280502			8596.906123	8599.277247			3.0		0.0	2.0					
8605.19	18.693999999999505	trials	17.0	8618.883101	8620.310365000001	8621.066661	8621.628263999999	8618.115971	8620.478856	8621.724	8623.884	2.0	1.0	1.0	1.0					
8625.926	11.868000000000393	trials	17.0	8634.094261	8635.695567	8637.006225000001	8637.456546	8633.411104	8636.338584000001			2.0	1.0	0.0	3.0					
8640.298	18.860999999998967	trials	17.0	8654.858658000001	8655.972223	8656.840269	8657.10882	8653.953898	8656.393208	8657.335	8659.159	3.0	2.0	1.0	1.0					
8662.179	8.024999999999636	trials	17.0	8667.199733	8668.573271000001	8669.344934	8670.318645	8666.476616	8668.852787			3.0	2.0	0.0	3.0					
8673.644	18.329999999999927	trials	17.0	8686.368543	8688.452346	8689.32402	8689.677946	8685.777287	8688.520659	8689.892	8691.974	2.0	1.0	1.0	1.0					
8693.989	8.911000000000058	trials	17.0	8699.623809	8700.756089	8701.996511	8703.018538	8698.918041	8701.104174			3.0	1.0	0.0	3.0					
8705.269	18.514999999999418	trials	17.0	8721.364191	8722.585794	8723.410705	8723.899637999999	8720.623223999999	8722.922277			3.0	2.0	0.0	3.0					
8725.709	20.66399999999885	trials	17.0	8742.868815	8744.217185	8745.036323	8746.483735	8742.016244	8744.455378999999			2.0	1.0	0.0	3.0					
8748.394	68.47600000000057	trials	17.0	8814.67948	8815.746222	8816.514345	8816.957214	8813.715081	8816.07473			3.0	2.0	0.0	3.0					
8820.809	15.1150000000016	trials	17.0	8832.279372	8833.87502	8834.794212	8836.038918	8831.45507	8834.155166			2.0	1.0	0.0	3.0					
8838.05	27.765000000001237	trials	17.0	8860.896054	8862.676026000001	8863.478628	8863.86864	8860.10685	8862.912843	8864.039	8865.815	2.0	1.0	1.0	1.0					
8867.899	11.395000000000437	trials	17.0	8874.209277	8875.586147	8876.576988	8876.891534	8873.576408	8875.956775999999	8877.179	8879.294	3.0	2.0	1.0	1.0					
8881.314	13.961999999999534	trials	17.0	8890.402068	8891.616555	8892.633916	8893.028699	8889.605268	8891.897279	8893.309	8895.276	2.0	1.0	1.0	1.0					
8898.361	11.747999999999593	trials	17.0	8904.904872	8906.897853	8907.777156	8908.008188	8904.161155	8907.249576	8908.434	8910.109	3.0	2.0	1.0	1.0					
8912.129	9.389999999999418	trials	17.0	8918.674538	8919.711317000001	8921.101851	8921.635941	8918.120552	8920.150656			3.0	2.0	0.0	3.0					
8925.399	12.950000000000728	trials	17.0	8935.755078	8936.866777	8937.810643	8938.464299	8934.971742	8937.161028			2.0	1.0	0.0	3.0					
8941.179	161.76100000000042	trials	17.0	9099.344241	9101.042696			9098.767262	9101.038689			3.0		0.0	2.0					
9104.949	29.659999999999854	trials	17.0	9129.925804999999	9131.221892	9131.983743	9132.41055	9129.278094000001	9131.393697	9132.589	9134.609	2.0	1.0	1.0	1.0					
9137.63	13.304000000000087	trials	17.0	9146.16598	9147.689643	9148.543322	9148.826882	9145.508341	9148.063127	9149.144	9150.934	3.0	2.0	1.0	1.0					
9154.964	10.145000000000437	trials	17.0	9160.175602	9161.919192	9162.699168	9163.029408	9159.451219999999	9162.23123	9163.251	9165.109	3.0	2.0	1.0	1.0					
9168.209	8.944999999999709	trials	17.0	9173.825867	9175.863004	9176.607896	9177.272099	9173.075487	9175.946801			2.0	1.0	0.0	3.0					
9178.96	13.65900000000147	trials	17.0	9189.675610999999	9190.725987999998	9191.771899999998	9192.685281999999	9188.794140999998	9191.111604999998			2.0	1.0	0.0	3.0					
9194.119	18.834999999999127	trials	17.0	9207.569610999999	9209.423125999998	9210.684593999998	9211.066206999998	9206.601579999999	9210.037406	9211.317	9212.954	2.0	1.0	1.0	1.0					
9216.989	10.615999999999985	trials	17.0	9224.833477999999	9226.305932	9227.117255	9227.671534	9223.977044	9226.613277999999			3.0	2.0	0.0	3.0					
9231.438	15.886000000000422	trials	17.0	9242.204430999998	9243.956022999999	9244.697048999999	9245.013175999999	9241.574368999998	9244.223965	9245.434	9247.324	3.0	2.0	1.0	1.0					
9249.124	11.222999999999956	trials	17.0	9254.690045	9256.620705999998	9257.504985999998	9257.885001999999	9254.009428999998	9256.885660999998	9258.19	9260.347	2.0	1.0	1.0	1.0					
9262.369	12.375	trials	17.0	9271.029411999998	9272.976077	9273.620665999999	9274.140360999998	9270.104098999998	9273.003289999999			2.0	1.0	1.0	1.0					
9279.166	9.368000000000393	trials	17.0	9285.624286999999	9287.306986999998	9288.233863999998	9288.578935	9284.897200999998	9287.649118999998			3.0	2.0	0.0	3.0					
9291.664	435.41499999999905	BlockDesign														1.0	435.0	456.0	10.0	50.0
9291.664	10.25	trials	18.0	9298.010836999998	9299.651166999998	9301.217266999998	9301.981117999998	9297.190099999998	9300.557689			1.0	1.0	0.0	3.0					
9305.622	11.377000000000407	trials	18.0	9314.209471999999	9315.447747999999	9316.645335999998	9317.037868999998	9313.278497	9316.132505999998			1.0	2.0	0.0	3.0					
9321.077	13.67200000000048	trials	18.0	9329.400069999998	9331.451807	9333.087067999999	9334.817133999999	9328.583347999998	9332.413829			1.0	1.0	0.0	3.0					
9335.434	14.350000000000364	trials	18.0	9346.167290999998	9347.376252999999	9348.926458999998	9349.852184	9345.515689999998	9348.362598999998			1.0	2.0	0.0	3.0					
9353.352	11.146999999999025	trials	18.0	9361.176419	9362.372285	9363.939777999998	9364.568089999999	9360.313723999998	9363.313506999999			1.0	2.0	0.0	3.0					
9368.3	19.644000000000233	trials	18.0	9384.494561	9386.218571	9387.198366999999	9388.014011999998	9383.571713	9386.592147999998			1.0	2.0	0.0	3.0					
9391.555	20.049999999999272	trials	18.0	9408.754474	9409.831408999999	9411.257709999998	9411.67342	9408.045027999999	9410.567335999998			1.0	1.0	0.0	3.0					
9415.554	14.075000000000728	trials	18.0	9426.605298999999	9428.102169999998	9429.167204	9429.695346999999	9425.844237999998	9428.616186999998			1.0	2.0	0.0	3.0					
9433.504	112.3849999999984	trials	18.0	9540.926991999999	9542.312415999999	9543.352846999998	9543.630184999998	9540.008284	9542.798821999999	9544.025	9545.889	1.0	2.0	1.0	1.0					
9548.98	8.31800000000112	trials	18.0	9554.456143999998	9556.055137999998	9556.881064999998	9557.352146	9553.549345999998	9556.406433999999			1.0	2.0	0.0	3.0					
9560.373	13.731999999999971	trials	18.0	9568.521100999998	9569.728255999999	9570.980086999998	9571.270245999998	9567.598407999998	9570.323013999998	9571.739	9574.105	1.0	2.0	1.0	1.0					
9578.175	7.069000000001324	trials	18.0	9581.475912999998	9583.070138	9584.198134999999	9585.312578	9580.776355999998	9583.513774			1.0	1.0	0.0	3.0					
9587.549	9.699999999998909	trials	18.0	9591.762163999998	9593.521858999999	9594.750730999998	9595.009651999999	9590.875023999999	9594.222158999999	9595.509	9597.249	1.0	2.0	1.0	1.0					
9599.266	11.350000000000364	trials	18.0	9605.676997999999	9607.377300999999	9608.251368999998	9608.465011999999	9604.819215999998	9607.757231	9608.78	9610.616	1.0	2.0	1.0	1.0					
9613.554	10.965000000000146	trials	18.0	9618.851593999998	9621.239893999998	9621.990364999998	9622.254114999998	9618.174622999999	9621.512760999998	9622.739	9624.519	1.0	2.0	1.0	1.0					
9627.554	8.524999999999636	trials	18.0	9632.285672999998	9634.144143999998	9634.771179999998	9635.080826	9631.325917999999	9634.129899999998			1.0		0.0	2.0					
9638.114	8.854999999999563	trials	18.0	9642.770878	9644.039416999998	9645.468852999998	9645.775780999998	9641.826895999999	9644.880887			1.0	2.0	0.0	3.0					
9647.815	17.03399999999965	trials	18.0	9660.771238	9662.264254999998	9663.852023999998	9664.916189999998	9659.806249	9663.159678999999			1.0	1.0	0.0	3.0					
9667.204	20.340000000000146	trials	18.0	9682.436429	9683.92758	9684.855661999998	9685.119309999998	9681.877421	9684.321852	9685.514	9687.544	1.0	2.0	1.0	1.0					
9691.56	8.377000000000407	trials	18.0	9695.400948999999	9696.683968	9697.657302	9697.971373999999	9694.870259	9697.157415999998	9698.489	9699.937	1.0	2.0	1.0	1.0					
9701.959	13.395999999998821	trials	18.0	9710.526202	9711.940606999999	9712.992837999998	9713.186275999999	9709.906095999999	9712.483616	9713.669	9715.355	1.0	2.0	1.0	1.0					
9717.41	9.668999999999869	trials	18.0	9724.181593999998	9725.823916	9726.812011999999	9726.929954	9723.336318999998	9726.278827999999			1.0	2.0	0.0	3.0					
9731.195	536.6599999999999	BlockDesign														1.0	457.0	497.0	90.0	50.0
9731.195	12.147000000000844	trials	19.0	9740.281386999999	9741.889753999998	9742.912827999999	9743.397925	9739.625885	9742.386741999999			1.0	2.0	0.0	3.0					
9745.334	15.35399999999936	trials	19.0	9757.851491	9759.363167	9760.271233	9760.706842	9757.047310999998	9759.78056			1.0	2.0	0.0	3.0					
9764.66	16.713999999999942	trials	19.0	9776.142478999998	9777.717748	9778.907951	9779.154994999999	9775.515118999998	9778.379265999998	9779.485	9781.374	1.0	2.0	1.0	1.0					
9783.423	9.786000000000058	trials	19.0	9787.795891999998	9788.989327999998	9790.303918999998	9790.596951999998	9787.098219	9789.804965	9791.039	9793.209	1.0	2.0	1.0	1.0					
9795.254	9.594999999999345	trials	19.0	9799.611374999999	9801.546527999999	9802.397761999999	9802.594941	9798.701602	9801.941683	9803.039	9804.849	1.0	2.0	1.0	1.0					
9807.869	9.389999999999418	trials	19.0	9812.291485999998	9813.983446999999	9814.896556999998	9815.067092	9811.717176999999	9814.418059999998	9815.624	9817.259	1.0	2.0	1.0	1.0					
9819.282	11.188000000000102	trials	19.0	9826.906496	9828.905556999998	9830.086011999998	9830.540617999999	9826.229092999998	9829.581441999999			1.0	2.0	0.0	3.0					
9832.454	17.470000000001164	trials	19.0	9845.276638	9847.293258999998	9848.347827999998	9848.766235	9844.623991999999	9847.843018			1.0	2.0	0.0	3.0					
9850.65	14.81500000000051	trials	19.0	9860.246379999999	9861.483482	9862.567009999999	9862.855258999998	9859.286149	9862.02862	9863.364	9865.465	1.0	2.0	1.0	1.0					
9867.441	9.317999999999302	trials	19.0	9871.541952999998	9873.275225999998	9874.169004	9874.466352999998	9870.978727999998	9873.674543	9874.784	9876.759	1.0	2.0	1.0	1.0					
9878.855	11.423000000000684	trials	19.0	9885.236753	9887.133158999999	9888.122355	9888.317603999998	9884.637319999998	9887.638163999998	9888.67	9890.278	1.0	2.0	1.0	1.0					
9892.355	9.929000000000087	trials	19.0	9899.621992999999	9901.053965	9901.961473999998	9902.346313999999	9898.919563999998	9901.471540999999			1.0	2.0	0.0	3.0					
9905.359	10.295000000000073	trials	19.0	9910.192057999999	9911.543243999999	9912.938041999998	9913.19904	9909.653626	9912.367489999999	9913.584	9915.654	1.0	2.0	1.0	1.0					
9918.674	11.714999999998327	trials	19.0	9925.446853999998	9926.545344999999	9927.763366	9927.972811999998	9924.797260999998	9927.273253999998	9928.385	9930.389	1.0	2.0	1.0	1.0					
9934.474	9.405000000000655	trials	19.0	9938.928418999998	9940.443914	9941.458787	9941.702516	9938.141305999998	9941.00147	9942.23	9943.879	1.0	2.0	1.0	1.0					
9947.899	7.493000000000393	trials	19.0	9952.017319999999	9954.062673999999	9955.062795999998	9955.427206999999	9951.127426	9954.583260999998			1.0	2.0	0.0	3.0					
9958.409	15.390000000001237	trials	19.0	9968.603942999998	9970.332595999998	9971.427322999998	9971.702468999998	9968.031925	9970.912855999999	9972.124	9973.799	1.0	2.0	1.0	1.0					
9977.94	8.448999999998705	trials	19.0	9981.223420999999	9982.408266999999	9983.663829	9983.929338999998	9980.389646999998	9983.203827999998	9984.389	9986.389	1.0	2.0	1.0	1.0					
9990.404	10.174999999999272	trials	19.0	9995.812961	9997.399371	9998.274754999999	9998.453876	9994.960141999998	9997.790938999999	9998.855	10000.579	1.0	2.0	1.0	1.0					
10002.664	9.253999999998996	trials	19.0	10009.086859	10010.731127	10011.580284999998	10011.944435	10008.108616	10011.041947999998			1.0	2.0	0.0	3.0					
10014.921	11.618000000000393	trials	19.0	10023.287696999998	10025.011571	10026.194614999999	10026.591846999998	10022.309593999998	10025.660071999999			1.0	2.0	0.0	3.0					
10029.504	13.354999999999563	trials	19.0	10037.172679	10038.764785999998	10040.205578	10040.447438	10036.626223	10039.407608	10040.874	10042.859	1.0	1.0	1.0	1.0					
10045.949	9.399999999999636	trials	19.0	10050.277627	10052.021311999999	10052.962472	10053.200518999998	10049.385742999999	10052.458675999998	10053.69	10055.349	1.0	2.0	1.0	1.0					
10059.407	6.978000000000975	trials	19.0	10061.152729999998	10063.077432999999	10064.070929	10064.302427999999	10060.248656999998	10063.560601999998	10064.719	10066.385	1.0	2.0	1.0	1.0					
10069.374	9.110000000000582	trials	19.0	10075.523770999998	10076.745637999999	10078.161178999999	10078.530192999999	10074.768637999998	10077.681829999998			1.0	2.0	0.0	3.0					
10081.494	10.661000000000058	trials	19.0	10086.974272999998	10088.709208999999	10089.592820999998	10089.952459999999	10086.299152999998	10088.955732999999	10090.205	10092.155	1.0	1.0	1.0	1.0					
10094.188	10.476000000000568	trials	19.0	10099.526473999998	10101.214023999999	10102.225648999998	10102.519325	10098.761627999998	10101.648670999999	10102.919	10104.664	1.0	1.0	1.0	1.0					
10107.647	7.271999999999025	trials	19.0	10110.519618999999	10111.738457	10112.588370999998	10112.919401	10110.006709	10111.923771999998	10113.294	10114.919	1.0	1.0	1.0	1.0					
10116.981	8.043999999999869	trials	19.0	10121.729766999999	10123.099267999998	10124.009047999998	10124.315657	10121.175764	10123.393947999999			1.0	1.0	1.0	1.0					
10127.568	11.945999999999913	trials	19.0	10134.077926999998	10135.989237999998	10136.836417999999	10137.144826999998	10133.231265999999	10136.195042	10137.559	10139.514	1.0	1.0	1.0	1.0					
10143.445	5.639000000001033	trials	19.0	10146.038018	10147.14605			10144.876766999998	10147.135771999998			1.0		0.0	2.0					
10151.162	9.561999999999898	trials	19.0	10156.808319999998	10157.843998999999	10158.683434999999	10159.107992999998	10155.832273999999	10158.090079999998	10159.295	10160.724	1.0	1.0	1.0	1.0					
10164.813	7.986000000000786	trials	19.0	10168.172637999998	10169.522721999998	10170.403889	10170.738378999999	10167.605911999999	10169.810146999998	10171.034	10172.799	1.0	1.0	1.0	1.0					
10176.819	7.380000000001019	trials	19.0	10179.819511999998	10180.949077	10181.872564999998	10182.190284999999	10178.923401999999	10181.247991999999	10182.499	10184.199	1.0	1.0	1.0	1.0					
10187.252	8.862999999999374	trials	19.0	10191.478551999999	10193.061678999999	10193.842368999998	10194.087243999998	10190.927778999998	10193.286402999998	10194.48	10196.115	1.0	1.0	1.0	1.0					
10199.134	8.700000000000728	trials	19.0	10202.988499	10204.874167999998	10205.761024999998	10205.956298	10202.340409999999	10205.165794999999	10206.264	10207.834	1.0	1.0	1.0	1.0					
10210.855	9.494000000000597	trials	19.0	10215.304741999998	10217.061941999998	10217.899900999999	10218.276861999999	10214.447714999998	10216.972342	10218.775	10220.349	1.0	1.0	1.0	1.0					
10224.43	7.799999999999272	trials	19.0	10227.239485999999	10228.655107999999	10229.542582999999	10229.732095999998	10226.665888999998	10228.944741	10230.279	10232.23	1.0	1.0	1.0	1.0					
10236.305	8.049999999999272	trials	19.0	10239.882681	10241.312952999999	10242.078775999998	10242.360283999999	10238.986942999998	10241.482092999999	10242.739	10244.355	1.0	1.0	1.0	1.0					
10248.376	7.5239999999994325	trials	19.0	10250.873721999998	10252.507246999998	10253.375756	10253.576002999998	10250.292970999999	10252.760008999998	10254.054	10255.9	1.0	1.0	1.0	1.0					
10258.053	9.80199999999968	trials	19.0	10263.108823999999	10264.619938999998	10265.423066	10265.628654999999	10262.112903999998	10264.822323999999	10266.179	10267.855	1.0	1.0	1.0	1.0					
10271.094	152.32500000000073	BlockDesign														1.0	498.0	503.0	0.0	0.0
10271.094	17.541000000001077	trials	20.0	10285.514949999999	10286.775330999999	10287.677059999998	10288.075452	10284.993776	10287.046650999999			1.0	1.0	0.0	3.0					
10292.05	11.180000000000291	trials	20.0	10299.555073	10300.881161	10302.762261999998	10303.297915	10298.850594999998	10301.950353999999			1.0	2.0	0.0	3.0					
10306.124	9.610000000000582	trials	20.0	10312.359271999998	10313.710213999999	10314.585267999999	10315.806160999999	10311.789762999999	10313.960169999998			1.0	1.0	0.0	3.0					
10319.017	22.407000000001062	trials	20.0	10338.140666	10339.670430999999	10340.598718	10341.493357	10337.288621	10339.938616999998			1.0	1.0	0.0	3.0					
10344.054	54.02000000000044	trials	20.0	10394.623687	10396.135057999998			10393.705935999998	10396.124171999998			1.0		0.0	2.0					
10402.11	21.308999999999287	trials	20.0	10420.529089999998	10422.477010999999	10423.40828	10424.368761999998	10419.576211999998	10422.918891			1.0	2.0	0.0	3.0					
10426.806	292.134	BlockDesign														1.0	504.0	523.0	50.0	10.0
10426.806	15.188000000000102	trials	21.0	10437.850605999998	10439.356122999998	10440.526861999999	10442.065727	10437.142417	10439.839920999999			1.0	1.0	0.0	3.0					
10444.879	17.789999999999054	trials	21.0	10459.175734999999	10460.558807	10461.700921	10462.740604999999	10458.305725999999	10461.133252999998			1.0	2.0	0.0	3.0					
10466.049	23.72599999999875	trials	21.0	10484.154539	10486.006953999999	10487.198961999999	10487.565633999999	10483.623280999998	10486.467270999998	10487.764	10489.775	1.0	1.0	1.0	1.0					
10492.862	7.731999999999971	trials	21.0	10496.56484	10497.664562999998	10498.815690999998	10499.096923999998	10495.861299999999	10498.023319999998	10499.464	10500.594	1.0	1.0	1.0	1.0					
10502.614	10.661000000000058	trials	21.0	10508.305843999999	10509.970551999999	10510.830511999999	10511.206761999998	10507.581795999999	10510.210653999999	10511.371	10513.275	1.0	1.0	1.0	1.0					
10517.294	9.77100000000064	trials	21.0	10522.134442999999	10523.883012999999	10524.591905	10524.812331999998	10521.159774999998	10524.016241	10525.264	10527.065	1.0	1.0	1.0	1.0					
10529.119	10.1299999999992	trials	21.0	10536.149868999999	10537.534950999998	10538.285077999999	10538.519396999998	10535.400896	10537.668151999998			1.0	1.0	0.0	3.0					
10542.624	8.625	trials	21.0	10546.759392999998	10548.653247999999	10549.603141999998	10551.320827	10545.958582	10548.908617999998			1.0	1.0	0.0	3.0					
10553.019	16.05500000000029	trials	21.0	10563.994501999998	10565.75203	10566.728530999999	10567.060715	10563.149934	10566.034033999998	10567.339	10569.074	1.0	1.0	1.0	1.0					
10572.094	10.340000000000146	trials	21.0	10577.685109999999	10579.158194	10580.104930999998	10580.328564999998	10577.091299999998	10579.430411	10580.809	10582.434	1.0	1.0	1.0	1.0					
10586.454	8.94800000000032	trials	21.0	10590.259455999998	10591.942798999999	10592.760637999998	10593.217759	10589.366004999998	10592.121561999998	10593.48	10595.402	1.0	1.0	1.0	1.0					
10597.424	10.820999999999913	trials	21.0	10604.504928999999	10606.464757999998	10607.494888999998	10608.315679999998	10603.814530999998	10606.878648999998			1.0	1.0	0.0	3.0					
10611.899	13.18500000000131	trials	21.0	10619.184979999998	10620.882843999998	10622.439244999998	10622.887045	10618.208884	10621.757161999998	10623.134	10625.084	1.0	1.0	1.0	1.0					
10628.101	7.923999999999069	trials	21.0	10630.904923999999	10632.376401999998	10633.278712	10633.621651999998	10630.202924	10632.618175	10633.957	10636.025	1.0	1.0	1.0	1.0					
10640.105	6.8840000000000146	trials	21.0	10643.174298999998	10645.171644999999	10646.569663999999	10647.063946999999	10642.337008999999	10645.537696			1.0	1.0	0.0	3.0					
10650.932	13.101999999998952	trials	21.0	10659.016483	10660.192401999999	10661.430922999998	10661.877383	10658.290566999998	10660.612914	10662.15	10664.034	1.0	1.0	1.0	1.0					
10667.05	8.850000000000364	trials	21.0	10671.07037	10672.192282999998	10673.479764999998	10673.940795999999	10670.470341999999	10672.729683999998	10674.449	10675.9	1.0	1.0	1.0	1.0					
10677.919	10.069999999999709	trials	21.0	10682.654967999999	10684.511179	10685.471818999999	10685.809118	10681.761054999999	10684.826183	10686.169	10687.989	1.0	1.0	1.0	1.0					
10690.044	8.550999999999476	trials	21.0	10695.669709999998	10697.287309	10698.316111999999	10698.519177999999	10695.086054	10697.636250999998			1.0	1.0	0.0	3.0					
10702.673	16.266999999999825	trials	21.0	10713.2804	10714.527256999998	10715.918383999999	10716.267507999999	10712.650897999998	10715.118212	10716.639	10718.94	1.0	1.0	1.0	1.0					
10723.011	256.3629999999994	BlockDesign														1.0	524.0	544.0	50.0	90.0
10723.011	10.84900000000016	trials	22.0	10728.625269999999	10730.565878	10731.798834999998	10731.845253999998	10727.683665999999	10730.855945	10732.414	10733.86	1.0	1.0	1.0	1.0					
10737.948	6.675999999999476	trials	22.0	10741.187198	10742.216857	10743.328195999999	10744.695098999999	10740.4381	10742.604559			1.0	1.0	0.0	3.0					
10745.769	11.979999999999563	trials	22.0	10753.060683999998	10754.331783999998	10755.301303999999	10755.863338	10752.135001999999	10754.660446999998	10755.98	10757.749	1.0	1.0	1.0	1.0					
10759.782	9.247000000001208	trials	22.0	10765.405558999999	10766.692769	10767.726797	10769.103447999998	10764.86508	10766.994904			1.0	1.0	0.0	3.0					
10772.032	15.377000000000407	trials	22.0	10781.455471999998	10783.167061999999	10784.617087999999	10784.932347999998	10780.706113999999	10783.976802999998	10785.299	10787.409	1.0	2.0	1.0	1.0					
10789.519	10.844999999999345	trials	22.0	10795.772923999999	10797.071311999998	10797.906953999998	10798.083445999999	10795.022707999999	10797.442683999998	10798.565	10800.364	1.0	2.0	1.0	1.0					
10804.394	8.069999999999709	trials	22.0	10807.150682	10808.853256999999	10809.936088999999	10810.127040999998	10806.435516999998	10809.424468999998	10810.544	10812.464	1.0	2.0	1.0	1.0					
10816.608	7.380999999999403	trials	22.0	10818.250426999999	10820.311887999998	10821.303402999998	10821.481066999999	10817.512114	10820.806467999999	10822.019	10823.989	1.0	2.0	1.0	1.0					
10826.074	9.31499999999869	trials	22.0	10829.860987999999	10831.493548999999	10832.311048999998	10832.511862999998	10828.955106999998	10831.848757999998	10832.904	10835.389	1.0	2.0	1.0	1.0					
10837.47	8.64100000000144	trials	22.0	10841.01731	10842.826135	10843.746855999998	10843.990995999999	10840.408816	10843.256053	10844.704	10846.111	1.0	2.0	1.0	1.0					
10849.201	8.239000000001397	trials	22.0	10852.153805999998	10853.683903	10854.886740999998	10855.17695	10851.358318999999	10854.025437999999	10855.514	10857.44	1.0	2.0	1.0	1.0					
10860.504	8.324999999998909	trials	22.0	10863.932239999998	10865.353914	10866.221604999999	10866.353653999999	10862.963987	10865.758091999998	10866.769	10868.829	1.0	2.0	1.0	1.0					
10871.876	11.808999999999287	trials	22.0	10874.325949999999	10876.346814999999	10877.141721999998	10877.315427999998	10873.787545	10876.696125999999	10877.769	10883.685	1.0	2.0	1.0	1.0					
10886.679	7.809999999999491	trials	22.0	10889.647253	10891.236208999999	10892.012569999999	10892.225422999998	10888.738516999998	10891.541817	10892.639	10894.489	1.0	2.0	1.0	1.0					
10897.574	6.010000000000218	trials	22.0	10900.606480999999	10901.744662999998	10902.553397	10902.711900999999	10899.642678999999	10902.051671			1.0	2.0	1.0	1.0					
10907.109	10.850999999998749	trials	22.0	10912.845324999998	10914.387442	10915.279073999998	10915.328457999998	10912.209712999998	10914.721612999998	10916.079	10917.96	1.0	2.0	1.0	1.0					
10920.874	8.005000000001019	trials	22.0	10923.406653999999	10924.907302999998	10925.684935	10925.848611999998	10922.82764	10925.237733999998	10926.275	10928.879	1.0	2.0	1.0	1.0					
10931.9	9.684000000001106	trials	22.0	10936.455767999998	10938.393240999998	10938.984841999998	10939.148184999998	10935.534381999998	10938.405837999999	10939.644	10941.584	1.0	2.0	1.0	1.0					
10943.644	8.094999999999345	trials	22.0	10947.526585	10948.543005999998	10949.437012999999	10949.601231999999	10946.88748	10948.984966999999	10950.089	10951.739	1.0	2.0	1.0	1.0					
10953.819	10.325000000000728	trials	22.0	10960.241479999999	10962.128104			10959.316168	10962.125280999999			1.0		0.0	2.0					
10966.158	13.21600000000035	trials	22.0	10974.682912999999	10976.021791	10976.914807999998	10977.126751999998	10973.766126999999	10976.402071999999	10977.525	10979.374	1.0	2.0	1.0	1.0					
10983.414	610.8799999999992	BlockDesign														1.0	545.0	565.0	50.0	0.0
10983.414	7.0900000000001455	trials	23.0	10985.174470999998	10987.033071999998	10987.761223999998	10988.132951	10984.562967999998	10987.146277999998	10988.384	10990.504	2.0	1.0	1.0	1.0					
10993.525	6.869000000000597	trials	23.0	10996.761023	10998.459696999998	10999.945901	11000.114082999999	10996.087228999999	10998.451776999998			2.0		0.0	2.0					
11002.474	9.745999999999185	trials	23.0	11008.795908999999	11010.780372999998	11011.627416	11012.291764999998	11007.976464999998	11011.019086999999			2.0	1.0	0.0	3.0					
11013.925	62.55500000000029	trials	23.0	11073.062256999998	11074.87654	11075.758351999999	11076.552924999998	11072.440716999998	11075.055448			2.0	1.0	0.0	3.0					
11080.134	46.28600000000006	trials	23.0	11120.961517999998	11122.836220999998	11123.658037999998	11124.057096999999	11120.331562	11122.983742999999	11124.275	11126.42	2.0	1.0	1.0	1.0					
11128.345	11.680000000000291	trials	23.0	11134.79186	11136.594995999998	11137.421914999999	11137.921563999998	11134.255411999999	11136.816716	11138.007	11140.025	2.0	1.0	1.0	1.0					
11142.179	9.011000000000422	trials	23.0	11147.377005999999	11149.045075999999	11150.327953999998	11151.266558	11146.619877999998	11149.267525			2.0	1.0	0.0	3.0					
11153.751	15.51299999999901	trials	23.0	11166.018606999998	11167.337796999998	11168.488564	11169.336699999998	11165.025469999999	11167.807831999999			2.0	1.0	0.0	3.0					
11172.919	74.34000000000015	trials	23.0	11241.772941	11243.554123999998	11244.453967999998	11244.767229999998	11240.802924999998	11243.813683999999	11197.184	11247.259	2.0	1.0	1.0	1.0					
11249.298	12.790999999999258	trials	23.0	11256.302104999999	11258.013507999998	11259.018788999998	11259.434296	11255.337286999998	11258.288933999998	11259.744	11262.089	2.0	1.0	1.0	1.0					
11264.115	9.075000000000728	trials	23.0	11269.542472999998	11271.400468999998	11272.307341	11273.261691	11268.826745999999	11271.60832			2.0	1.0	0.0	3.0					
11275.659	17.56500000000051	trials	23.0	11289.667344999998	11290.919426999999	11291.919836	11293.299391999999	11288.719361999998	11291.257655999998			2.0	1.0	0.0	3.0					
11295.284	19.601000000000568	trials	23.0	11308.457832999999	11310.214286999999	11311.470435	11312.941389999998	11307.595554999998	11310.806590999999			2.0	1.0	0.0	3.0					
11315.775	20.929000000000087	trials	23.0	11331.496959999999	11333.255200999998	11334.014071999998	11334.454459999999	11330.610404	11333.413752999999	11334.864	11336.704	2.0	1.0	1.0	1.0					
11338.853	12.71600000000035	trials	23.0	11345.912955	11347.969061	11348.870361	11349.230062999999	11345.113938999999	11348.107075999998	11349.659	11351.569	2.0	1.0	1.0	1.0					
11353.695	10.854000000001179	trials	23.0	11360.372793999999	11362.182791	11363.096822	11363.286911	11359.644376999999	11362.413236999999			2.0	1.0	0.0	3.0					
11365.489	24.850000000000364	trials	23.0	11384.909553999998	11386.811306	11387.663670999998	11387.827248999998	11384.381741	11387.074959999998	11388.294	11390.339	2.0	1.0	1.0	1.0					
11394.379	9.704999999999927	trials	23.0	11398.784857999999	11400.554602999999	11401.498678999998	11401.914695	11397.975148999998	11400.807668999998	11402.259	11404.084	2.0	1.0	1.0	1.0					
11406.169	13.600000000000364	trials	23.0	11416.604994	11417.815536999999	11418.797790999999	11419.844102	11415.671895999998	11418.086796999998			2.0	1.0	0.0	3.0					
11422.154	146.89500000000044	trials	23.0	11566.369530999998	11567.509036	11568.302848	11569.126787	11565.379685999998	11567.678113999998			2.0	1.0	0.0	3.0					
11572.673	21.620999999999185	trials	23.0	11589.253931	11591.115885	11591.951555	11592.339657999999	11588.427901	11591.323869999998	11592.605	11594.294	2.0	1.0	1.0	1.0					
11598.489	563.0900000000001	BlockDesign														1.0	566.0	588.0	0.0	50.0
11598.489	10.951000000000931	trials	24.0	11604.098834999999	11605.795853	11606.720822	11606.983027999999	11603.178458999999	11606.222644999998	11607.349	11609.44	3.0	2.0	1.0	1.0					
11611.59	9.889999999999418	trials	24.0	11617.829419999998	11619.327781999998	11620.275554999998	11621.555618999999	11617.166473	11619.680346999998			3.0	2.0	0.0	3.0					
11623.639	16.33100000000013	trials	24.0	11637.154787	11638.927201999999	11639.535827	11639.986159999999	11636.167499	11639.039464999998			3.0	2.0	0.0	3.0					
11641.906	22.087999999999738	trials	24.0	11658.569391999998	11660.182068999999	11660.922369999998	11661.243054999999	11657.573755999998	11660.490373999999	11661.529	11663.994	3.0	2.0	1.0	1.0					
11668.014	10.445000000001528	trials	24.0	11674.919404999999	11676.531814999998			11673.942237	11676.522531999999			3.0		0.0	2.0					
11680.469	19.475000000000364	trials	24.0	11694.794505999998	11696.501817999999	11697.309541999999	11697.599312999999	11694.024081999998	11696.809825999999	11698.084	11699.944	3.0	2.0	1.0	1.0					
11702.079	11.852000000000771	trials	24.0	11711.319642999999	11712.741414999999	11713.530701	11714.011109	11710.607913999998	11713.055718999998			3.0	2.0	0.0	3.0					
11716.824	19.625	trials	24.0	11731.094224999999	11732.491648	11733.694405999999	11733.905812999998	11730.405723999998	11733.193786999998	11734.276	11736.449	3.0	2.0	1.0	1.0					
11738.481	14.608000000000175	trials	24.0	11748.1099	11749.482915999999	11750.328887	11750.621847999999	11747.380494999998	11749.810825999999	11750.889	11753.089	3.0	2.0	1.0	1.0					
11757.237	12.606999999999971	trials	24.0	11764.254975999998	11765.956479999999	11766.857859	11767.088332	11763.360244	11766.373118	11767.454	11769.844	3.0	2.0	1.0	1.0					
11771.929	18.420000000000073	trials	24.0	11786.835303999998	11788.843491999998	11789.520768999999	11789.654959	11785.933012999998	11789.049930999998			3.0	2.0	0.0	3.0					
11792.842	14.88799999999901	trials	24.0	11804.655026999999	11806.637549	11807.424124999998	11807.807051	11803.864918	11806.937922999998			3.0	2.0	0.0	3.0					
11810.714	13.807000000000698	trials	24.0	11821.829242	11823.364135	11824.102117999999	11824.580881999998	11821.001779999999	11823.663883999998			3.0	2.0	0.0	3.0					
11826.504	37.61999999999898	trials	24.0	11857.865695999999	11859.210637999999	11861.049396999999	11861.218954999998	11857.161252999998	11859.861570999998	11861.744	11864.124	3.0	2.0	1.0	1.0					
11866.144	7.719999999999345	trials	24.0	11870.820619999999	11872.752110999998	11873.557314999998	11873.93463	11870.050704	11873.064659			3.0	2.0	0.0	3.0					
11877.859	14.449999999998909	trials	24.0	11888.915534	11890.348128999998	11891.284778	11892.386401	11888.144037999999	11890.524748999998			3.0	1.0	0.0	3.0					
11893.694	17.621000000001004	trials	24.0	11908.765194999998	11910.188806999999	11910.985983999999	11911.382638	11907.901493999998	11910.503506			3.0	2.0	0.0	3.0					
11915.33	137.3739999999998	trials	24.0	12047.687764999999	12049.352447	12050.098137999998	12050.275945999998	12046.91492	12049.640419	11974.634	12052.704	3.0	2.0	1.0	1.0					
12054.784	21.225000000000364	trials	24.0	12071.037113999999	12072.597288999998	12073.214533999999	12073.400477	12070.159432999999	12072.666623	12073.754	12076.009	3.0	2.0	1.0	1.0					
12079.159	14.25	trials	24.0	12089.595946999998	12091.392915999999			12088.877310999998	12091.388293999998			3.0		0.0	2.0					
12095.445	33.33899999999994	trials	24.0	12125.181126999998	12126.858103999999			12124.206165999998	12126.849714999998			3.0		0.0	2.0					
12131.794	16.89600000000064	trials	24.0	12143.426389999999	12145.189867	12145.977662	12146.270832999999	12142.496490999998	12145.542403	12146.679	12148.69	3.0	2.0	1.0	1.0					
12152.709	8.869999999998981	trials	24.0	12159.336760999999	12160.745782999998			12158.692388	12161.109131			3.0	2.0	0.0	3.0					
12163.989	903.1400000000012	BlockDesign														1.0	589.0	632.0	50.0	50.0
12163.989	22.110000000000582	trials	25.0	12183.112665999999	12184.428273999998	12185.144542999999	12186.177972999998	12182.429788999998	12184.557115999998			2.0	1.0	0.0	3.0					
12187.504	23.7549999999992	trials	25.0	12204.942088999998	12206.872371999998	12207.602689	12207.981703999998	12204.109432	12206.870963999998	12208.174	12211.259	2.0	1.0	1.0	1.0					
12213.239	16.765000000001237	trials	25.0	12227.081606	12228.502137999998	12229.327150999998	12230.086092999998	12226.448806999999	12228.651198999998			2.0	1.0	0.0	3.0					
12233.669	18.355999999999767	trials	25.0	12246.845464000002	12248.408264000002	12249.166849000001	12249.448715000002	12246.445790000002	12248.727718000002	12250.069	12252.025	3.0	2.0	1.0	1.0					
12255.079	12.389999999999418	trials	25.0	12261.750446000002	12263.714963000002	12264.542392000001	12264.600314000001	12261.110111000002	12263.846061000002	12265.284	12267.469	2.0	1.0	1.0	1.0					
12270.481	10.613999999999578	trials	25.0	12277.100264000002	12279.042478000001	12280.123615000002	12280.319252000001	12276.165788000002	12279.032558			3.0		0.0	2.0					
12284.174	19.8849999999984	trials	25.0	12299.706144000002	12301.461763000001	12302.18927	12302.408272000002	12299.038388	12301.766179000002			3.0	2.0	0.0	3.0					
12306.559	18.575000000000728	trials	25.0	12321.626234000001	12323.454453000002	12324.466601000002	12325.134528000002	12320.654840000001	12323.836235000002			3.0	1.0	0.0	3.0					
12328.849	18.320999999999913	trials	25.0	12343.376148000001	12345.158758000001			12342.651088000002	12345.151121			3.0		0.0	2.0					
12350.253	38.42100000000028	trials	25.0	12383.486800000002	12384.747334000002	12385.636259	12386.001803000001	12382.947776	12384.889309000002	12386.364	12388.674	2.0	1.0	1.0	1.0					
12390.754	10.850999999998749	trials	25.0	12398.376535000001	12399.930043000002	12400.757230000001	12400.916438000002	12397.773341000002	12400.112186000002			2.0	1.0	0.0	3.0					
12404.199	15.854999999999563	trials	25.0	12417.326866000001	12418.756064000001	12419.587619000002	12420.053030000001	12416.481444000001	12419.098634000002			3.0	2.0	0.0	3.0					
12421.959	23.513999999999214	trials	25.0	12441.061060000002	12442.217909	12443.106489000002	12443.420974000002	12440.148928000002	12442.423424000002	12444.025	12445.473	2.0	1.0	1.0	1.0					
12448.632	10.756999999999607	trials	25.0	12455.936235000001	12457.379489	12458.282110000002	12459.388139000002	12455.235384000001	12457.655597			2.0	1.0	0.0	3.0					
12462.694	26.625	trials	25.0	12485.701654000002	12487.577764000001	12488.338654000001	12488.805683000002	12485.152835	12487.848145000002			3.0	2.0	0.0	3.0					
12490.815	18.128999999998996	trials	25.0	12503.681662	12505.069115000002	12506.018777000001	12506.334166000002	12502.910855000002	12505.463477000001	12506.964	12508.944	3.0	2.0	1.0	1.0					
12513.05	17.29399999999987	trials	25.0	12524.614199000001	12526.522912000002	12527.356382000002	12527.628477000002	12523.719494	12526.837934000001	12528.065	12530.344	3.0	2.0	1.0	1.0					
12532.434	15.415000000000873	trials	25.0	12542.521232000001	12544.082354000002	12544.954477000001	12545.238680000002	12541.698889000001	12544.465444000001	12545.724	12547.849	3.0	2.0	1.0	1.0					
12549.874	12.290000000000873	trials	25.0	12559.317167000001	12560.494258000002	12561.518856000002	12562.163770000001	12558.687122000001	12560.717744000001			2.0	1.0	0.0	3.0					
12565.001	16.548000000000684	trials	25.0	12578.271812	12579.553510000002	12580.450754000001	12581.546678000002	12577.611349	12579.754310000002			2.0	1.0	0.0	3.0					
12584.804	16.494000000000597	trials	25.0	12598.733861000002	12600.097079000001	12600.804079000001	12601.244192000002	12597.898311	12600.372240000002			3.0	2.0	0.0	3.0					
12604.295	15.884000000000015	trials	25.0	12615.028605000001	12616.533505000001	12617.515836000002	12617.710985000002	12614.100016000002	12616.882025	12618.384	12620.179	2.0	1.0	1.0	1.0					
12622.266	14.259000000000015	trials	25.0	12632.207249000001	12634.124137	12635.346793000002	12635.806367000001	12631.213172000002	12634.429277000001			2.0	1.0	1.0	1.0					
12639.989	12.695999999999913	trials	25.0	12649.502524000001	12651.421434000002	12652.267901000001	12652.653854000002	12648.875467000002	12651.713375000001			3.0	2.0	0.0	3.0					
12654.68	16.338999999999942	trials	25.0	12667.973684000002	12669.110792000001	12670.028123000002	12671.020444000002	12667.448035000001	12669.358006000002			2.0	1.0	0.0	3.0					
12673.445	14.8700000000008	trials	25.0	12685.409237000002	12687.230940000001	12687.846971	12688.315900000001	12684.601514000002	12687.354787000002			3.0	2.0	0.0	3.0					
12692.313	17.33100000000013	trials	25.0	12706.222657000002	12707.598997000001	12708.400129000001	12708.963994000002	12705.375500000002	12707.803603000002			2.0	1.0	0.0	3.0					
12710.834	30.27099999999882	trials	25.0	12736.057852000002	12737.405284000002	12738.234584000002	12738.384550000002	12735.471472000001	12737.638798000002	12738.934	12741.105	2.0	1.0	1.0	1.0					
12744.189	13.694999999999709	trials	25.0	12752.613421000002	12754.410860000002	12755.262961000002	12755.580667000002	12751.920704000002	12754.727323000001	12755.884	12757.884	3.0	2.0	1.0	1.0					
12761.954	14.6200000000008	trials	25.0	12770.872926000002	12772.871393000001	12773.654809000001	12774.015730000001	12770.173736	12772.856653	12774.494	12776.574	2.0	1.0	1.0	1.0					
12779.599	37.70999999999913	trials	25.0	12814.099905000001	12816.108224000001	12816.966494000002	12817.254755000002	12813.146543	12816.40046			3.0	2.0	0.0	3.0					
12819.349	14.405000000000655	trials	25.0	12828.708133000002	12829.990232000002	12830.802283	12831.114767000001	12827.804681000001	12830.300138000002	12831.499	12833.754	3.0	2.0	1.0	1.0					
12835.769	13.380999999999403	trials	25.0	12843.718235000002	12845.620415000001	12846.411779000002	12846.725933000002	12842.816980000001	12845.942847000002	12847.15	12849.15	3.0	2.0	1.0	1.0					
12852.194	12.255000000001019	trials	25.0	12859.103469000001	12861.084995000001	12861.663224000002	12861.97607	12858.191569000002	12861.082873000001	12862.404	12864.449	3.0	2.0	1.0	1.0					
12868.464	15.614999999999782	trials	25.0	12879.228317000001	12880.64491	12881.509859000002	12881.912364000002	12878.462430000001	12880.873592000002	12882.325	12884.079	2.0	1.0	1.0	1.0					
12886.099	12.25	trials	25.0	12893.294047000001	12894.682089000002	12895.520582000001	12895.696420000002	12892.584458000001	12894.884647	12896.279	12898.349	2.0	1.0	1.0	1.0					
12901.365	10.075000000000728	trials	25.0	12908.103600000002	12909.580925000002	12910.422796	12911.439609000001	12907.262508000002	12909.781016			2.0	1.0	0.0	3.0					
12914.879	14.614999999999782	trials	25.0	12925.773356000002	12927.410896000001	12929.202385000002	12929.352466000002	12924.975112000002	12927.407584000002			2.0		0.0	2.0					
12932.569	8.369000000000597	trials	25.0	12937.889032000001	12939.622001000002	12940.488811000001	12940.932557000002	12937.250719000001	12939.980135000002			3.0	2.0	0.0	3.0					
12942.907	23.66700000000128	trials	25.0	12962.985886000002	12964.740685	12965.478271000002	12966.574481000001	12962.093399000001	12965.005100000002			3.0	2.0	0.0	3.0					
12967.841	27.372999999999593	trials	25.0	12989.945372000002	12991.256758000001	12992.106547000001	12992.463432000002	12989.073959000001	12991.598884	12992.919	12995.214	3.0	2.0	1.0	1.0					
12999.234	8.1299999999992	trials	25.0	13003.478723000002	13005.282292000002			13002.920231000002	13005.273419000001			3.0		0.0	2.0					
13010.425	38.434000000001106	trials	25.0	13046.519048000002	13047.736648000002	13048.464583	13048.863146000002	13045.519256000001	13047.952715000001			3.0	2.0	0.0	3.0					
13052.879	14.25	trials	25.0	13065.114855000002	13066.274749000002	13067.015249000002	13068.080800000002	13064.521576000001	13066.420633000002			2.0	1.0	0.0	3.0					
13070.365	152.63900000000103	BlockDesign														1.0	633.0	637.0	0.0	0.0
13070.365	32.20900000000074	trials	26.0	13098.961057000002	13100.656841000002	13101.476120000001	13102.576693	13098.347027000002	13100.857825000001			2.0	1.0	0.0	3.0					
13104.919	16.950000000000728	trials	26.0	13118.326361000001	13119.850294000002	13120.578069000001	13121.116831000001	13117.653250000001	13120.001393000002			2.0	1.0	0.0	3.0					
13124.956	21.247999999999593	trials	26.0	13143.071165000001	13144.286521000002	13145.112311	13146.207797000001	13142.432027	13144.514912000002			2.0	1.0	0.0	3.0					
13148.599	19.399999999999636	trials	26.0	13164.216055	13165.725758000002	13166.534101000001	13168.001039000002	13163.682425	13165.900926000002			2.0	1.0	0.0	3.0					
13169.94	53.064000000000306	trials	26.0	13220.471093000002	13221.971726000002	13222.832690000001	13224.173737000001	13219.843655000002	13222.222743000002			2.0	1.0	0.0	3.0					
13227.249	201.375	BlockDesign														1.0	638.0	642.0	0.0	0.0
13227.249	24.924000000000888	trials	27.0	13249.410742000002	13250.992540000001	13251.723412000001	13252.158371000001	13248.499858000001	13251.254774			3.0	2.0	0.0	3.0					
13255.11	16.5049999999992	trials	27.0	13268.830912000001	13270.406147000002	13271.147864000002	13271.619953000001	13268.111968000001	13270.677358			3.0	2.0	0.0	3.0					
13274.419	48.20499999999993	trials	27.0	13319.961707000002	13321.128229000002	13321.841648000001	13322.627980000001	13319.143484000002	13321.330704000002			3.0	2.0	0.0	3.0					
13325.214	19.344999999999345	trials	27.0	13341.315151000003	13342.589720000002	13343.501008000001	13344.563741000002	13340.734285000002	13342.974653000001			3.0	2.0	0.0	3.0					
13346.944	81.68000000000029	trials	27.0	13426.666405000002	13427.739355000002	13428.520849000002	13429.466851000001	13425.722587000002	13428.030880000002			3.0	2.0	0.0	3.0					
13433.017	1176.107	BlockDesign														1.0	643.0	688.0	50.0	50.0
13433.017	21.92699999999968	trials	28.0	13449.301036	13450.923619000001	13451.716487000002	13452.118510000002	13448.690224000002	13451.143090000001	13452.359	13454.944	2.0	1.0	1.0	1.0					
13457.804	10.231999999999971	trials	28.0	13465.362650000001	13466.683193	13467.557125000001	13468.037141	13464.583319000001	13467.057963000001			3.0	2.0	0.0	3.0					
13469.986	13.967999999998938	trials	28.0	13480.551907000001	13481.864998000001			13479.624802000002	13481.856928000001			3.0		0.0	2.0					
13486.985	25.35399999999936	trials	28.0	13509.231754000002	13510.619392000002	13511.478179000002	13512.342815000002	13508.632018000002	13510.849648000001			3.0	1.0	0.0	3.0					
13514.98	17.48400000000038	trials	28.0	13526.641475000002	13528.593316000002	13529.223977000001	13529.572444000001	13525.649515000001	13528.604137000002	13529.892	13532.464	2.0	1.0	1.0	1.0					
13536.489	8.930000000000291	trials	28.0	13541.158460000002	13543.063415000002	13543.757327000001	13543.847128000001	13540.198545000001	13543.089047000001			2.0	1.0	0.0	3.0					
13546.179	23.414999999999054	trials	28.0	13566.057461000002	13567.671262000002	13568.478026	13569.596504000001	13565.217418000002	13567.823198000002			2.0	1.0	0.0	3.0					
13570.982	24.391999999999825	trials	28.0	13589.607577000002	13591.450148000002	13592.433437000002	13592.749619000002	13588.743798000001	13591.867536000002	13593.099	13595.374	3.0	2.0	1.0	1.0					
13598.391	11.44300000000112	trials	28.0	13605.797345	13607.508783000001	13608.278781	13609.840516000002	13605.195841	13607.604830000002			2.0	1.0	0.0	3.0					
13611.772	42.74199999999837	trials	28.0	13651.114001000002	13652.224704000002	13653.054719000002	13654.071881000002	13650.195532000002	13652.567857000002			3.0	2.0	0.0	3.0					
13655.517	26.561999999999898	trials	28.0	13677.077816	13678.539461000002	13679.358599000001	13679.733362	13676.114479000002	13678.751701000001	13680.065	13682.079	2.0	1.0	1.0	1.0					
13685.129	10.440999999998894	trials	28.0	13692.242618000002	13693.790027000001	13694.671071	13695.150498	13691.269816000002	13694.176828000001			3.0	2.0	0.0	3.0					
13699.171	95.15400000000045	trials	28.0	13790.972560000002	13792.693865000001	13793.709382000001	13794.330530000001	13790.031521	13792.968956			3.0	1.0	0.0	3.0					
13796.141	69.89800000000105	trials	28.0	13861.008506000002	13862.469692000002	13863.247747000001	13863.599621000001	13860.277205000002	13862.615635000002	13863.884	13866.039	2.0	1.0	1.0	1.0					
13870.13	19.588999999999942	trials	28.0	13884.428249000002	13885.995422000002	13886.964602000002	13887.244075000002	13883.532373000002	13886.413400000001	13887.749	13889.719	3.0	2.0	1.0	1.0					
13891.749	11.566000000000713	trials	28.0	13900.398125000002	13901.577961	13902.423656	13903.323211	13899.434248000001	13901.631218000002			2.0	1.0	0.0	3.0					
13904.804	17.36499999999978	trials	28.0	13916.663873000001	13918.489478000001	13919.224958000003	13919.687894000002	13915.684052000002	13918.580801000002	13920.014	13922.169	2.0	1.0	1.0	1.0					
13924.284	10.390000000001237	trials	28.0	13931.828659000003	13933.748933000003	13934.262896000002	13934.680406000001	13931.214941000002	13933.724357000001			3.0	2.0	0.0	3.0					
13937.534	13.906000000000859	trials	28.0	13948.845844000001	13950.120553	13951.003382000003	13951.446463000002	13947.890479000002	13950.527825000001			3.0	2.0	0.0	3.0					
13954.419	29.594999999999345	trials	28.0	13980.498763000001	13982.280155000002	13983.208786000001	13984.019887000002	13979.518702000001	13982.566666000002			3.0	1.0	0.0	3.0					
13985.69	16.439000000000306	trials	28.0	13998.633887000002	13999.996472000003	14000.965208000001	14001.291140000001	13998.084472000002	14000.490049000002			3.0	2.0	1.0	1.0					
14006.644	10.469999999999345	trials	28.0	14011.314036000002	14013.209429000002	14014.183925000001	14014.554142	14010.658378000002	14013.493792000001	14014.9	14017.114	2.0	1.0	1.0	1.0					
14020.131	9.354000000001179	trials	28.0	14025.853469000001	14027.485495	14028.265447000002	14028.444103000002	14024.999429000001	14027.651728			2.0	1.0	0.0	3.0					
14032.743	16.700999999999112	trials	28.0	14045.883851000002	14047.280633000002	14048.10286	14049.452573000002	14045.096650000001	14047.484188000002			2.0	1.0	0.0	3.0					
14050.534	33.55000000000109	trials	28.0	14080.589272000001	14082.081677000002			14079.894256000001	14082.076736			2.0		0.0	2.0					
14087.164	38.08499999999913	trials	28.0	14122.834333000003	14123.992919000002	14124.754090000002	14125.256609000002	14122.035806000002	14124.270404000003			3.0	2.0	0.0	3.0					
14129.217	19.756999999999607	trials	28.0	14144.174540000002	14145.349783000001	14146.150735000001	14146.267898000002	14143.278488000002	14145.512402000002	14146.815	14148.974	2.0	1.0	1.0	1.0					
14151.99	18.84900000000016	trials	28.0	14165.779534000001	14167.410316000001	14168.136979	14168.431022	14164.833035000001	14167.680565000002	14168.904	14170.839	3.0	2.0	1.0	1.0					
14172.859	17.13500000000022	trials	28.0	14186.894579000002	14188.676663000002	14189.569822000001	14189.999678000002	14186.009422000001	14189.106758000002			3.0	2.0	0.0	3.0					
14192.985	15.838999999999942	trials	28.0	14205.154487000002	14206.712538000002	14207.584147000001	14208.833198000002	14204.450296	14206.917973000001			2.0	1.0	0.0	3.0					
14209.939	31.126000000000204	trials	28.0	14237.940362000001	14239.031020000002	14239.877684000001	14240.442640000001	14237.388268000002	14239.226966000002			2.0	1.0	0.0	3.0					
14244.309	20.230000000001382	trials	28.0	14259.576529000002	14261.205613000002	14261.943245000002	14262.209213000002	14258.806286000001	14261.502970000001	14262.686	14264.539	3.0	2.0	1.0	1.0					
14266.554	13.876000000000204	trials	28.0	14274.960710000001	14276.111777000002	14277.245579000002	14277.606529	14274.176494000001	14276.437468000002	14277.899	14280.43	2.0	1.0	1.0	1.0					
14283.339	17.001000000000204	trials	28.0	14296.786277000001	14298.338560000002			14296.113722000002	14298.325949000002			2.0		0.0	2.0					
14303.355	19.295000000000073	trials	28.0	14318.801008000002	14320.386975000001	14322.530053000002	14322.655616000002	14318.048030000002	14320.378544000001			2.0		0.0	2.0					
14325.407	39.36200000000099	trials	28.0	14359.866559000002	14361.052133000001	14361.818396000002	14362.134545	14359.192507000002	14361.396521000002	14362.474	14364.769	3.0	2.0	1.0	1.0					
14368.784	35.41100000000006	trials	28.0	14401.710905000002	14402.927222000002	14403.767336	14404.182694000001	14401.077769000001	14403.304299000001			3.0	2.0	0.0	3.0					
14406.194	19.68500000000131	trials	28.0	14422.935192	14424.031791000001	14424.906932000002	14425.389440000003	14421.987766000002	14424.392723			3.0	2.0	0.0	3.0					
14427.264	50.78500000000167	trials	28.0	14475.145451000002	14476.460666000003	14477.200463000001	14478.059249000002	14474.180992000001	14476.616735000001			2.0	1.0	0.0	3.0					
14481.673	25.43199999999888	trials	28.0	14501.966834000003	14503.158317000001	14503.888458000001	14504.220232000001	14501.280334000001	14503.399076000002	14504.684	14507.105	3.0	2.0	1.0	1.0					
14510.162	13.890999999999622	trials	28.0	14521.440998000002	14522.839955000001	14523.593249000001	14524.059236000001	14520.520030000001	14523.132308000002			3.0	2.0	0.0	3.0					
14525.94	21.618999999998778	trials	28.0	14544.427219000001	14545.720523000002	14546.467894000001	14546.841371000002	14543.426666000001	14546.025674000002			3.0	2.0	1.0	1.0					
14550.025	13.34400000000096	trials	28.0	14558.520742	14559.677314	14560.557620000001	14560.915621000002	14557.761320000001	14559.861190000001	14561.379	14563.369	2.0	1.0	1.0	1.0					
14565.389	14.051000000001295	trials	28.0	14574.021266000002	14575.832483000002	14576.609063000002	14576.921213000001	14573.442626000002	14576.097304000003	14577.439	14579.44	3.0	2.0	1.0	1.0					
14582.459	14.429999999998472	trials	28.0	14591.516102000001	14592.739859000001	14593.647974000001	14593.777339000002	14590.594591000001	14592.863559000001	14594.374	14596.889	2.0	1.0	1.0	1.0					
14599.975	9.148999999999432	trials	28.0	14606.780896000002	14608.153574000002	14608.982298000003	14609.728048	14606.008159	14608.295957000002			2.0	1.0	0.0	3.0					
14611.407	418.1980000000003	BlockDesign														1.0	689.0	710.0	50.0	10.0
14611.407	37.46700000000055	trials	29.0	14643.206632000001	14644.595171	14646.136714000002	14646.425840000002	14642.593247	14645.553053000001	14646.714	14648.874	1.0	2.0	1.0	1.0					
14650.965	7.693999999999505	trials	29.0	14655.591448000001	14656.848212	14657.862551000002	14658.312917000001	14655.080509000001	14657.331908000002			1.0	2.0	0.0	3.0					
14661.206	7.858000000000175	trials	29.0	14665.070987000001	14666.672591000002	14668.074385000002	14669.074360000002	14664.338450000001	14667.529465000001			1.0	2.0	0.0	3.0					
14670.599	9.71600000000035	trials	29.0	14676.456899	14677.942798000002	14679.397516	14679.890743000002	14675.771443000001	14678.768045			1.0	2.0	0.0	3.0					
14681.8	20.73400000000038	trials	29.0	14697.872186	14699.607920000002	14701.374305000001	14702.546429000002	14697.142589000001	14700.638092000001			1.0	1.0	0.0	3.0					
14704.782	23.48199999999997	trials	29.0	14722.868087000003	14724.657334000001	14726.710505000001	14728.271435000002	14722.083420000003	14726.001052000001			1.0	1.0	0.0	3.0					
14729.114	36.034999999999854	trials	29.0	14761.642084000001	14762.899441000001	14764.132263000001	14765.159764000002	14760.677884	14763.496412000002			1.0	2.0	0.0	3.0					
14768.574	15.93999999999869	trials	29.0	14781.422047000002	14783.049163000001	14784.033392000001	14784.525245	14780.902662000002	14783.468953000001			1.0	2.0	0.0	3.0					
14786.375	25.463999999999942	trials	29.0	14806.538395000001	14807.665862000002	14809.034942000002	14809.308931000001	14805.844810000002	14808.325879000002	14809.704	14811.839	1.0	1.0	1.0	1.0					
14814.859	9.404999999998836	trials	29.0	14819.226881000002	14820.857074000001	14821.594090000002	14821.957091000002	14818.558937000002	14820.986128	14822.249	14824.264	1.0	1.0	1.0	1.0					
14827.289	8.329999999999927	trials	29.0	14831.762357000001	14833.474238000003	14834.311736000001	14835.630568	14830.815371	14833.617929000002			1.0	1.0	0.0	3.0					
14838.719	12.505000000001019	trials	29.0	14847.553847000001	14848.801787000002	14850.120442000001	14850.199175000002	14846.639912000002	14849.402723000001			1.0	1.0	1.0	1.0					
14853.744	18.43999999999869	trials	29.0	14867.039071000001	14868.459625000001	14869.405452000003	14869.576235	14866.492170000001	14868.673928000002	14870.12	14872.184	1.0	1.0	1.0	1.0					
14874.209	11.139999999999418	trials	29.0	14879.687276	14881.351442000001	14882.234303000001	14882.584138000002	14879.01336	14881.556962000002	14882.959	14885.349	1.0	1.0	1.0	1.0					
14888.384	8.479999999999563	trials	29.0	14893.163975000001	14894.982958	14895.730748000002	14895.946490000002	14892.499823000002	14895.128342000002			1.0	1.0	0.0	3.0					
14899.15	7.0240000000012515	trials	29.0	14902.807682000002	14903.938634000002	14904.922729000002	14906.182785	14902.216402000002	14904.171801000002			1.0	1.0	0.0	3.0					
14907.394	34.95099999999911	trials	29.0	14936.963127000003	14938.824391000002	14939.668197000003	14939.775527000002	14936.067418000002	14938.989167000002	14940.299	14942.345	1.0	1.0	1.0	1.0					
14946.369	7.334999999999127	trials	29.0	14950.022864000002	14951.274470000002	14952.920198000002	14953.716128000002	14949.305632000001	14951.526871000002			1.0	1.0	0.0	3.0					
14957.451	10.408000000001266	trials	29.0	14962.123019000002	14963.568611000002	14964.993102000002	14965.380408	14961.575445000002	14964.256843000001	14965.544	14967.859	1.0	1.0	1.0	1.0					
14970.909	8.173000000000684	trials	29.0	14975.758096000001	14977.674063000002	14978.624797000002	14978.81549	14975.139098000001	14977.926959000002			1.0	1.0	0.0	3.0					
14981.05	12.03400000000147	trials	29.0	14988.858166000002	14990.239232000002	14991.779505000002	14991.846440000001	14988.284867000002	14991.030616000002			1.0	1.0	0.0	3.0					
14996.194	33.41100000000006	trials	29.0	15024.594755000002	15025.699571000001	15026.759431000002	15027.117143000001	15023.617309000001	15026.032216000001	15027.364	15029.605	1.0	1.0	1.0	1.0					
15031.624	1164.9950000000008	BlockDesign														1.0	711.0	767.0	10.0	50.0
15031.624	9.325000000000728	trials	30.0	15038.393399	15039.689614000003	15040.537751000002	15040.694787000002	15037.769738000003	15039.922912000002			1.0	1.0	0.0	3.0					
15043.029	11.989999999999782	trials	30.0	15050.308226000001	15051.563395000001	15053.103150000003	15053.327648000002	15049.435616000002	15052.194755000002			1.0	1.0	0.0	3.0					
15057.565	19.568999999999505	trials	30.0	15071.744833	15073.534544000002	15074.531561000002	15074.83817	15071.129524000002	15073.998437000002	15075.259	15077.134	1.0	2.0	1.0	1.0					
15080.154	11.864999999999782	trials	30.0	15088.338425000002	15090.020767000002	15091.467790000002	15091.868924000002	15087.561622000001	15090.009136			1.0		0.0	2.0					
15095.065	10.648999999999432	trials	30.0	15101.955059000002	15103.835619000001	15104.777696000001	15104.864617000001	15101.182781000001	15104.021248000001			1.0	1.0	0.0	3.0					
15109.159	35.05000000000109	trials	30.0	15140.759723000001	15141.865732000002	15142.810570000001	15143.797168000001	15139.878442000001	15142.068794000003			1.0	1.0	0.0	3.0					
15147.239	14.305000000000291	trials	30.0	15158.693306000001	15159.956675000001	15160.621448000002	15161.103272000002	15157.712650000001	15160.135378000003			1.0	2.0	0.0	3.0					
15164.019	35.289999999999054	trials	30.0	15195.674125000001	15197.000998000001	15198.031574	15199.322603	15194.672580000002	15197.334389000001			1.0	1.0	0.0	3.0					
15202.454	20.05000000000109	trials	30.0	15218.783672000001	15220.510463000002			15217.852763000003	15220.503208000002			1.0		0.0	2.0					
15224.509	46.697000000000116	trials	30.0	15268.613957000001	15269.785578000003	15270.777208000001	15271.188228000003	15267.782323000001	15270.207246000002			1.0	2.0	0.0	3.0					
15275.129	13.079999999999927	trials	30.0	15285.191983	15286.261258000002	15287.158906	15288.220816000001	15284.231749000002	15286.495007000001			1.0	1.0	0.0	3.0					
15289.565	16.91899999999987	trials	30.0	15302.610148000002	15304.575805000002	15305.527751000001	15306.498650000001	15302.077028000002	15304.898239000002			1.0	1.0	0.0	3.0					
15308.97	27.114000000001397	trials	30.0	15332.09581	15334.093197	15334.932248000001	15336.15257	15331.217042	15334.314691000001			1.0	1.0	0.0	3.0					
15337.298	18.690999999998894	trials	30.0	15352.489055	15354.205913000002	15355.146634	15355.365868	15351.763875	15354.522877000001			1.0	1.0	0.0	3.0					
15357.454	27.579999999999927	trials	30.0	15379.409097000002	15381.476256	15382.269415	15382.490786	15378.522500000001	15381.613165	15382.954	15385.034	1.0	1.0	1.0	1.0					
15388.124	10.825000000000728	trials	30.0	15394.959055000001	15396.151580000002	15397.552563000001	15399.018743	15393.964313	15396.838393			1.0	1.0	0.0	3.0					
15401.958	45.33100000000013	trials	30.0	15442.440094000001	15443.906258	15444.720790000001	15445.044059000002	15441.643703000002	15444.214535000001	15445.48	15447.289	1.0	2.0	1.0	1.0					
15450.334	10.206999999998516	trials	30.0	15455.520254000001	15456.948406000001	15457.762703	15458.023724	15454.794709000002	15457.278424	15458.389	15460.541	1.0	2.0	1.0	1.0					
15462.449	11.524999999999636	trials	30.0	15468.959555000001	15469.996321	15471.064168	15471.331099	15468.392366	15470.562612000002	15471.679	15473.974	1.0	2.0	1.0	1.0					
15476.127	11.211999999999534	trials	30.0	15482.335360000001	15483.712378	15484.564695000001	15484.891657	15481.706498000001	15484.100416000001	15485.105	15487.339	1.0	2.0	1.0	1.0					
15490.357	8.287000000000262	trials	30.0	15495.980714000001	15497.471009	15498.255223	15498.691237000001	15495.173578000002	15497.816957000001			1.0	2.0	0.0	3.0					
15500.661	8.44800000000032	trials	30.0	15505.004452000001	15506.733879000001	15508.302044	15509.177516000002	15504.411059	15507.501224000001			1.0	1.0	0.0	3.0					
15512.657	6.692000000000917	trials	30.0	15515.420044	15516.929185	15518.228564000001	15518.668528	15514.422111000002	15517.648957000001			1.0	2.0	1.0	1.0					
15521.744	14.256999999999607	trials	30.0	15533.26193	15534.71652	15535.606826000001	15536.020627000002	15532.719631	15535.114529			1.0	2.0	0.0	3.0					
15537.959	10.459999999999127	trials	30.0	15543.361562	15545.388283	15546.918985	15548.489447	15542.851813000001	15546.208141000001			1.0	1.0	0.0	3.0					
15550.23	7.274999999999636	trials	30.0	15554.210092000001	15555.687203000001	15556.602493	15557.573728000001	15553.588142	15555.949603000001			1.0	1.0	0.0	3.0					
15560.894	14.975000000000364	trials	30.0	15570.065264	15571.962568	15572.898185	15573.178562000001	15569.316616	15572.364373	15573.444	15575.869	1.0	2.0	1.0	1.0					
15578.938	6.820999999999913	trials	30.0	15583.055732	15584.695694	15585.410677000002	15585.789052	15582.486518000002	15584.930293000001			1.0	2.0	0.0	3.0					
15587.804	14.694999999999709	trials	30.0	15597.560771	15599.544311000001	15601.210588000002	15602.569225000001	15596.809173000001	15600.457783000002			1.0	1.0	0.0	3.0					
15604.624	18.600000000000364	trials	30.0	15618.075269	15619.427533	15620.198095000002	15620.602667000001	15617.169772000001	15619.734425	15621.019	15623.224	1.0	2.0	1.0	1.0					
15627.269	7.454999999999927	trials	30.0	15631.052585000001	15632.947364000001	15633.817963000001	15634.790193	15630.076897	15633.339047000001			1.0	2.0	0.0	3.0					
15638.254	9.139999999999418	trials	30.0	15644.281280000001	15645.382169	15646.44893	15647.460788	15643.342259000001	15645.704099			1.0	1.0	0.0	3.0					
15648.726	15.123999999999796	trials	30.0	15661.250749	15662.537203000002	15663.452975	15663.918895	15660.660796	15662.985236			1.0	2.0	0.0	3.0					
15666.794	45.909999999999854	trials	30.0	15709.090419	15710.842277000002	15711.83372	15712.321004000001	15708.352888000001	15711.349041000001			1.0	2.0	0.0	3.0					
15714.159	24.96100000000115	trials	30.0	15735.591091	15737.014286000001	15738.002722000001	15739.187591000002	15735.027634	15737.300077			1.0	1.0	0.0	3.0					
15742.31	63.23400000000038	trials	30.0	15801.152964	15803.197853000001	15804.073405000001	15805.615166000001	15800.219084	15803.451131000002			1.0	1.0	0.0	3.0					
15808.44	17.69499999999971	trials	30.0	15821.241803	15822.543151000002	15823.331872	15823.604974000002	15820.414939	15822.831264	15823.919	15826.135	1.0	2.0	1.0	1.0					
15829.219	14.785000000001673	trials	30.0	15835.601882	15837.111458000001	15837.925151000001	15838.282999000001	15834.662617	15837.467779	15838.544	15844.004	1.0	2.0	1.0	1.0					
15848.089	9.7450000000008	trials	30.0	15852.546389000001	15854.389931000002	15855.262393	15855.505447000001	15851.577056	15854.776692000001	15855.969	15857.834	1.0	2.0	1.0	1.0					
15860.859	10.334999999999127	trials	30.0	15865.991486	15867.339161	15868.164718	15868.424503	15865.010128000002	15867.723832000001	15868.849	15871.194	1.0	2.0	1.0	1.0					
15874.214	8.960000000000946	trials	30.0	15879.303758	15881.280294	15881.768506	15882.142882	15878.628797000001	15881.219464000002			1.0	2.0	0.0	3.0					
15885.174	11.56499999999869	trials	30.0	15890.711805	15892.886261000001	15893.804148000001	15894.147481	15890.202094	15893.306705	15894.559	15896.739	1.0	2.0	1.0	1.0					
15900.784	6.5789999999997235	trials	30.0	15904.307594000002	15906.189110000001	15907.021226	15907.377704	15903.414969000001	15906.554336000001			1.0	2.0	0.0	3.0					
15909.3	11.475000000000364	trials	30.0	15916.35692	15918.187218000001	15919.969629000001	15920.440025	15915.492484	15919.393989			1.0	2.0	0.0	3.0					
15922.301	28.98400000000038	trials	30.0	15948.412091	15950.145011	15950.905495	15951.343236	15947.858158000001	15950.455607			1.0	2.0	0.0	3.0					
15953.284	9.104999999999563	trials	30.0	15958.24682	15960.281563	15961.301191	15962.457671	15957.363866000002	15960.633509000001			1.0	1.0	0.0	3.0					
15964.644	8.623999999999796	trials	30.0	15970.179197000001	15971.984107	15972.8575	15973.277801	15969.525761	15972.350088000001			1.0	2.0	0.0	3.0					
15977.235	41.45899999999892	trials	30.0	16014.522641000001	16016.361823000001	16017.773782	16017.86453	16013.77201	16017.061218			1.0	1.0	0.0	3.0					
16021.099	10.149999999999636	trials	30.0	16027.211075000001	16029.234401000002			16026.658412	16029.227813000001			1.0		0.0	2.0					
16034.254	17.20299999999952	trials	30.0	16048.630738	16050.110027	16051.052771	16051.501867	16047.709196000002	16050.510134			1.0	2.0	0.0	3.0					
16053.425	27.30500000000029	trials	30.0	16076.687855	16078.253672	16079.497951000001	16080.799293	16075.732502	16078.826746			1.0	1.0	0.0	3.0					
16082.86	21.420000000000073	trials	30.0	16101.528109	16103.052602000002	16103.87779	16104.351207000002	16100.615192000001	16103.311876000002			1.0	2.0	0.0	3.0					
16106.174	20.274999999999636	trials	30.0	16122.558515	16124.030204	16125.079135	16126.521404000001	16121.966214	16124.339536000001			1.0	1.0	0.0	3.0					
16129.434	19.96600000000035	trials	30.0	16144.592578000002	16146.069808	16146.882583	16147.144386	16143.891037000001	16146.394262000002	16147.48	16149.4	1.0	2.0	1.0	1.0					
16153.419	11.380000000001019	trials	30.0	16159.264892000001	16161.141155000001	16162.027049	16162.331526000002	16158.47153	16161.525577	16162.674	16164.799	1.0	2.0	1.0	1.0					
16168.889	11.4950000000008	trials	30.0	16175.179724000001	16176.360033	16177.370169000002	16177.605219000001	16174.392697000001	16176.852516	16178.044	16180.384	1.0	2.0	1.0	1.0					
16182.425	14.194000000001324	trials	30.0	16191.00314	16192.91504	16193.983424	16194.258194	16190.11159	16193.457493000002	16194.525	16196.619	1.0	2.0	1.0	1.0					
16200.714	73.14799999999923	BlockDesign														1.0	768.0	772.0	0.0	0.0
16200.714	9.3700000000008	trials	31.0	16207.183524	16208.812741000002	16209.378559	16209.763831	16206.364006000002	16208.810051			1.0	2.0	0.0	3.0					
16212.751	8.673999999999069	trials	31.0	16218.653477	16219.785828	16221.027916000001	16221.471812000002	16218.014163000002	16220.470758000001			1.0	2.0	0.0	3.0					
16224.409	10.55999999999949	trials	31.0	16231.814044	16233.07417	16234.614872	16235.039269	16230.948455000002	16234.057253			1.0	2.0	0.0	3.0					
16237.974	21.834000000000742	trials	31.0	16256.798608000001	16258.431765000001	16259.443836	16259.860495	16255.808059	16258.928787			1.0	2.0	0.0	3.0					
16262.754	11.107999999998356	trials	31.0	16270.015267	16271.562803	16273.823845	16274.746096	16269.137249000001	16272.914914			1.0	1.0	0.0	3.0					
16276.22	316.1350000000002	BlockDesign														1.0	773.0	792.0	50.0	90.0
16276.22	20.76000000000022	trials	32.0	16292.868464000001	16294.045252	16295.421779	16297.052366	16292.328004	16294.711127			1.0	1.0	0.0	3.0					
16298.789	34.30499999999847	trials	32.0	16326.894086	16328.549996000002	16329.378262	16329.713519	16326.112778	16328.877700000001	16330.154	16333.094	1.0	2.0	1.0	1.0					
16337.219	11.600000000000364	trials	32.0	16342.47564	16344.910609	16345.801978000001	16346.038993	16341.521909000001	16345.291195000002	16346.48	16348.819	1.0	2.0	1.0	1.0					
16352.832	13.42200000000048	trials	32.0	16360.999255	16362.625516	16363.466470000001	16363.697219000001	16360.376699	16362.985393	16364.124	16366.254	1.0	2.0	1.0	1.0					
16370.275	8.429000000000087	trials	32.0	16373.788748	16374.999025000001	16375.846342	16376.072606000002	16373.27582	16375.369634	16376.614	16378.704	1.0	2.0	1.0	1.0					
16381.767	9.472000000001572	trials	32.0	16385.640740000003	16387.250678	16388.53849	16388.735273000002	16384.789883	16387.623616	16389.159	16391.239	1.0	2.0	1.0	1.0					
16395.315	9.979000000002998	trials	32.0	16399.66402	16401.421058	16402.35178	16402.580084	16398.915382	16401.845648000002	16402.94	16405.294	1.0	2.0	1.0	1.0					
16408.369	10.965000000000146	trials	32.0	16414.305496	16415.844100000002	16416.597877	16416.850343000002	16413.751269	16416.128932	16417.179	16419.334	1.0	2.0	1.0	1.0					
16421.419	7.375	trials	32.0	16426.454669000002	16427.91127	16428.446348	16428.788351	16425.629398	16427.908781000002			1.0	2.0	0.0	3.0					
16431.834	10.595000000001164	trials	32.0	16438.964239	16440.466087	16441.404439	16442.503199000002	16438.305497	16440.674209			1.0	1.0	0.0	3.0					
16443.725	17.34900000000198	trials	32.0	16455.734519	16457.028689000002	16457.921489	16458.243121	16455.114782	16457.410283	16458.634	16461.074	1.0	2.0	1.0	1.0					
16463.091	12.038000000000466	trials	32.0	16469.890946	16471.147123000002	16471.979608	16472.203103	16469.333027	16471.47331	16472.655	16475.129	1.0	2.0	1.0	1.0					
16478.15	11.019000000000233	trials	32.0	16483.63393	16485.584323	16486.41412	16486.735219000002	16482.988886	16485.901067	16487.099	16489.169	1.0	2.0	1.0	1.0					
16493.19	9.479000000002998	trials	32.0	16497.619772000002	16499.082188	16499.816948	16499.982215	16497.031766	16499.391072000002	16500.48	16502.669	1.0	2.0	1.0	1.0					
16504.724	13.176000000003114	trials	32.0	16511.940206	16513.928024	16514.550112	16514.740892	16510.995835	16514.120994	16515.154	16517.9	1.0	2.0	1.0	1.0					
16521.959	10.485000000000582	trials	32.0	16526.989807	16528.904355000002	16529.649059	16529.837174	16526.379704	16529.229757	16530.249	16532.444	1.0	2.0	1.0	1.0					
16536.494	11.656000000002678	trials	32.0	16542.900146	16544.698693000002	16545.420631	16545.588403	16541.996084000002	16544.947894	16546.029	16548.15	1.0	2.0	1.0	1.0					
16551.239	12.789999999997235	trials	32.0	16558.504718	16560.058211	16560.881525	16561.203541000003	16557.736396	16560.41866	16561.56	16564.029	1.0	2.0	1.0	1.0					
16566.894	10.409999999999854	trials	32.0	16572.580243	16573.966483	16574.789747000003	16575.059279	16572.021476	16574.309731	16575.584	16577.304	1.0	2.0	1.0	1.0					
16579.36	12.994999999998981	trials	32.0	16586.789893	16588.830031	16589.531221	16589.709121	16586.03654	16589.052826	16590.025	16592.355	1.0	2.0	1.0	1.0					
16595.423	387.48099999999977	BlockDesign														1.0	793.0	817.0	90.0	50.0
16595.423	9.141999999999825	trials	33.0	16599.226193000002	16601.191876	16602.053234	16602.288080000002	16598.579515	16601.404958	16602.87	16604.565	1.0	1.0	1.0	1.0					
16608.65	6.299999999999272	trials	33.0	16610.570374000003	16611.801395000002	16612.62071	16612.845484	16609.680784	16612.135334000002	16613.23	16614.95	1.0	2.0	1.0	1.0					
16617.069	12.049999999999272	trials	33.0	16623.619303	16625.525119	16626.400976	16626.688876	16622.766781000002	16625.937598	16627.079	16629.119	1.0	2.0	1.0	1.0					
16631.169	10.284999999999854	trials	33.0	16636.615633	16637.854966	16638.999799	16639.228772000002	16636.037858	16638.084049	16639.704	16641.454	1.0	2.0	1.0	1.0					
16645.614	8.219999999997526	trials	33.0	16648.584814	16650.50183	16651.136932	16651.291566	16647.681551	16650.701648000002	16651.809	16653.834	1.0	2.0	1.0	1.0					
16656.849	11.21600000000035	trials	33.0	16664.696812000002	16666.653538000002	16667.787544	16668.009887	16663.948192	16667.130107			1.0	1.0	0.0	3.0					
16672.074	24.209999999999127	trials	33.0	16693.005335	16694.402653	16695.357238	16696.358683000002	16692.236532000003	16694.787541			1.0	2.0	0.0	3.0					
16697.709	13.165000000000873	trials	33.0	16704.54088	16706.251666	16708.144319	16708.442212	16703.908339	16706.870242	16708.809	16710.874	1.0	1.0	1.0	1.0					
16713.919	8.798999999999069	trials	33.0	16719.910546	16721.00648	16722.305231000002	16722.640468	16719.061142000002	16721.741185			1.0	2.0	0.0	3.0					
16726.739	14.990999999998166	trials	33.0	16736.455560000002	16738.533082	16739.711849	16739.864749	16735.864238000002	16739.021713000002	16740.259	16741.73	1.0	1.0	1.0	1.0					
16743.61	10.738999999997759	trials	33.0	16749.400712000002	16750.597055000002	16751.808502	16752.110419	16748.647367	16751.084731000003	16752.444	16754.349	1.0	1.0	1.0	1.0					
16758.505	14.828999999997905	trials	33.0	16767.835759	16769.717327000002	16770.460769	16770.738416	16766.94814	16769.854030000002	16771.009	16773.334	1.0	1.0	1.0	1.0					
16776.349	11.9900000000016	trials	33.0	16782.785780000002	16784.802012	16785.631687	16785.817579000002	16781.930279	16785.017548	16786.275	16788.339	1.0	1.0	1.0	1.0					
16791.423	12.691000000002532	trials	33.0	16798.815935000002	16800.353246000002	16801.228150000003	16801.557800000002	16798.078765000002	16800.616531	16801.954	16804.114	1.0	1.0	1.0	1.0					
16807.24	10.705999999998312	trials	33.0	16814.126546	16815.948528	16816.646558	16817.310758	16813.258613	16815.936404			1.0		0.0	2.0					
16819.959	15.555000000000291	trials	33.0	16832.126034	16833.417554	16834.414538	16834.854587	16831.341769000002	16833.772408			1.0	1.0	1.0	1.0					
16837.974	12.155000000002474	trials	33.0	16845.243046	16846.377646	16847.312612	16847.760116	16844.56337	16846.637018	16847.949	16850.129	1.0	1.0	1.0	1.0					
16854.214	8.125	trials	33.0	16857.161725	16858.65727	16859.591094	16859.907912000002	16856.174699	16858.957892000002	16860.219	16862.339	1.0	1.0	1.0	1.0					
16864.419	8.6349999999984	trials	33.0	16870.566517	16871.813252	16872.715292	16873.104109	16869.562477	16872.052413			1.0	1.0	0.0	3.0					
16877.065	25.409999999999854	trials	33.0	16898.946541	16900.53886			16898.071196	16900.534367			1.0		0.0	2.0					
16906.549	14.81000000000131	trials	33.0	16915.800815000002	16917.655154	16918.509943	16918.989347000002	16915.097431000002	16917.862379000002	16919.124	16921.359	1.0	1.0	1.0	1.0					
16923.45	12.54399999999805	trials	33.0	16930.268186	16931.588231	16932.613621	16932.750062	16929.709321000002	16931.797304	16933.4	16935.994	1.0	1.0	1.0	1.0					
16938.974	9.695000000003347	trials	33.0	16943.123491000002	16944.937081	16945.881869	16946.050171000003	16942.47175	16945.220744000002	16946.639	16948.669	1.0	1.0	1.0	1.0					
16951.735	18.338999999999942	trials	33.0	16965.058126	16966.329599	16967.364428	16967.820556000002	16964.426951	16966.562042	16968.004	16970.074	1.0	1.0	1.0	1.0					
16973.119	9.784999999999854	trials	33.0	16977.277043000002	16979.236039	16980.118126	16980.552805	16976.480348	16979.488124	16980.804	16982.904	1.0	1.0	1.0	1.0					
16985.021	798.6339999999982	BlockDesign														1.0	818.0	839.0	50.0	0.0
16985.021	11.882999999997992	trials	34.0	16991.721787000002	16993.113608	16994.166488000003	16994.577499	16991.00593	16993.467719	16994.741	16996.904	2.0	1.0	1.0	1.0					
16999.94	8.040000000000873	trials	34.0	17004.481927	17006.243816000002	17007.068939	17008.054771	17003.760621	17006.45482			2.0	1.0	0.0	3.0					
17011.393	22.186000000001513	trials	34.0	17029.02745	17030.710207	17031.409517	17031.475322000002	17028.304978	17030.793025	17032.134	17033.579	2.0	1.0	1.0	1.0					
17035.596	10.843999999997322	trials	34.0	17042.912054	17044.911119	17045.826067	17046.516835000002	17041.936736	17045.125306			2.0	1.0	0.0	3.0					
17049.194	206.52999999999884	trials	34.0	17252.564063	17253.690797	17254.746476	17255.642189000002	17251.914994000002	17253.677279			2.0		0.0	2.0					
17257.731	98.3080000000009	trials	34.0	17353.520309	17354.848645000002	17355.597647000002	17356.096661	17352.600284	17354.9612			2.0	1.0	0.0	3.0					
17359.959	15.425999999999476	trials	34.0	17371.519703	17372.925028	17373.794562000003	17375.463998	17370.830167	17373.169223			2.0	1.0	0.0	3.0					
17376.159	107.32500000000073	trials	34.0	17477.119869000002	17478.504743	17479.318379	17479.746078	17476.211041000002	17478.608733	17479.957	17483.484	2.0	1.0	1.0	1.0					
17485.565	16.40400000000227	trials	34.0	17498.383832	17500.19848	17501.056891	17502.043811	17497.608686	17500.375496			2.0	1.0	0.0	3.0					
17505.334	17.566000000002532	trials	34.0	17517.819854	17519.196852	17520.044735	17520.475953	17516.910532	17519.360314	17520.855	17522.9	2.0	1.0	1.0	1.0					
17524.971	13.258999999998196	trials	34.0	17532.833994	17534.170727	17535.129149	17535.619829	17532.235255	17534.410358	17536.004	17538.23	2.0	1.0	1.0	1.0					
17541.324	15.309999999997672	trials	34.0	17553.513566	17554.821366	17555.786974000002	17556.710325	17552.929446000002	17555.067836000002			2.0	1.0	0.0	3.0					
17558.133	30.30699999999706	trials	34.0	17584.685997	17586.532453	17587.416262	17587.84057	17583.806917	17586.729346			2.0	1.0	1.0	1.0					
17590.989	10.979999999999563	trials	34.0	17599.079623	17600.416333	17601.323851	17602.044886	17598.100809	17600.633759			2.0	1.0	0.0	3.0					
17605.73	11.769000000000233	trials	34.0	17613.985036000002	17615.706462000002	17616.560893	17617.576164000002	17613.009386	17615.894701			2.0	1.0	0.0	3.0					
17619.989	14.724999999998545	trials	34.0	17628.940317	17630.95673	17631.908288000002	17632.277885	17628.131443000002	17631.198803	17632.62	17634.714	2.0	1.0	1.0	1.0					
17637.764	20.346000000001368	trials	34.0	17652.236389	17653.496093	17654.437648	17654.919389000002	17651.337031000003	17653.702321	17655.284	17658.11	2.0	1.0	1.0	1.0					
17659.563	16.127000000000407	trials	34.0	17670.304470000003	17671.972376	17672.758805	17673.143977	17669.51149	17672.123636	17673.337	17675.69	2.0	1.0	1.0	1.0					
17677.735	14.869999999998981	trials	34.0	17689.665076	17690.841404	17691.623731	17692.6847	17688.800591	17690.991164			2.0	1.0	0.0	3.0					
17695.914	43.32999999999811	trials	34.0	17737.099944	17737.233639000002			17736.170452000002	17737.22503			2.0		0.0	2.0					
17741.329	10.404999999998836	trials	34.0	17748.481849	17749.906436	17750.764129	17751.812654	17747.691431	17750.117576			2.0	1.0	0.0	3.0					
17754.183	29.471999999997934	trials	34.0	17778.675764	17780.176756	17781.143966	17781.455819000003	17778.120748	17780.412405000003	17781.749	17783.655	2.0	1.0	1.0	1.0					
17785.744	602.5149999999994	BlockDesign														0.0	840.0	861.0	0.0	50.0
17785.744	16.531000000002678	trials	35.0	17798.925164	17800.463377	17801.332439	17802.351893	17798.340226	17800.818104			3.0	2.0	0.0	3.0					
17804.694	13.31000000000131	trials	35.0	17813.865602	17814.987716	17816.399660000003	17818.083848000002	17813.063585	17815.630427			3.0	1.0	0.0	3.0					
17818.834	16.760000000002037	trials	35.0	17830.925267000002	17832.435746000003	17833.306561	17833.583575	17829.92783	17832.783952	17833.929	17835.594	3.0	2.0	1.0	1.0					
17839.657	18.81300000000192	trials	35.0	17853.361174	17854.927217	17855.707135	17855.980925	17852.523243	17855.201483	17856.294	17858.47	3.0	2.0	1.0	1.0					
17862.449	23.82999999999811	trials	35.0	17880.982171	17882.869796	17883.686711000002	17883.957955	17880.30974	17883.174278000002	17884.234	17886.279	3.0	2.0	1.0	1.0					
17889.445	12.184000000001106	trials	35.0	17898.250879	17899.499545	17900.362589	17901.710413	17897.250215	17899.842075			3.0	2.0	0.0	3.0					
17902.769	18.065999999998894	trials	35.0	17915.687905	17917.271755	17918.116105	17918.42774	17914.89785	17917.606639	17918.719	17920.835	3.0	2.0	1.0	1.0					
17922.923	13.062000000001717	trials	35.0	17933.232731	17935.123472	17935.581635000002	17936.041565	17932.416434	17935.053755			3.0	2.0	0.0	3.0					
17938.944	15.270000000000437	trials	35.0	17949.211007	17950.923123	17951.726183	17951.983541	17948.24381	17951.279339	17952.349	17954.214	3.0	2.0	1.0	1.0					
17956.313	10.096000000001368	trials	35.0	17963.89178	17965.203772	17966.07647	17966.490989	17963.070653000002	17965.557383			3.0	2.0	0.0	3.0					
17970.365	21.344999999997526	trials	35.0	17989.741607	17989.778744			17988.813944	17989.766176			3.0		0.0	2.0					
17993.719	14.575000000000728	trials	35.0	18004.676323	18006.363855			18004.053699	18006.356195			3.0		0.0	2.0					
18010.304	56.21299999999974	trials	35.0	18063.821871	18065.485433	18066.134068	18066.56119	18063.059611	18065.651988			3.0	2.0	0.0	3.0					
18070.469	145.82500000000073	trials	35.0	18211.517205	18212.696218	18213.485102000002	18213.729607	18210.762848000002	18212.968501	18118.719	18216.294	3.0	2.0	1.0	1.0					
18219.394	26.162000000000262	trials	35.0	18243.154424	18244.423858000002	18245.165386	18245.632249000002	18242.481314	18244.718173			3.0	2.0	0.0	3.0					
18247.519	16.525000000001455	trials	35.0	18258.78763	18260.29466	18261.037325	18261.357601	18257.83631	18260.578847	18261.779	18264.044	3.0	2.0	1.0	1.0					
18266.065	14.52900000000227	trials	35.0	18277.252727	18278.864588	18279.62056	18280.095835	18276.583613000003	18279.170732000002			3.0	2.0	0.0	3.0					
18282.045	22.444000000003143	trials	35.0	18301.592712	18303.270103000003	18304.090298000003	18304.572326	18300.651694	18303.655114			3.0	2.0	0.0	3.0					
18307.423	19.570999999999913	trials	35.0	18321.573656	18322.929512000002	18323.796757	18324.136918	18320.75075	18323.315342	18324.459	18326.994	3.0	2.0	1.0	1.0					
18331.016	16.433000000000902	trials	35.0	18342.339833	18343.670753000002	18344.550287000002	18344.907085	18341.764133	18344.029307	18345.209	18347.449	3.0	2.0	1.0	1.0					
18351.539	11.117999999998574	trials	35.0	18359.727629	18361.580168	18362.311149	18362.73995	18359.201909	18361.863902			3.0	2.0	0.0	3.0					
18365.639	22.61999999999898	trials	35.0	18382.992356000002	18384.976439000002	18385.540914	18385.747086	18382.089528	18385.095945	18378.377	18388.259	3.0	2.0	1.0	1.0					
18390.28	879.0190000000002	BlockDesign														0.0	862.0	886.0	50.0	50.0
18390.28	11.974000000001979	trials	36.0	18397.652637	18399.083432	18401.593676	18402.363199	18397.033823	18399.075135			2.0		0.0	2.0					
18403.069	18.772000000000844	trials	36.0	18419.457471	18420.830061	18421.504485	18421.943083000002	18418.559648000002	18421.042104			3.0	2.0	0.0	3.0					
18425.782	13.827000000001135	trials	36.0	18436.263908	18438.194649	18438.924792	18439.720752	18435.480784	18438.509631			3.0	2.0	0.0	3.0					
18443.308	13.080999999998312	trials	36.0	18452.997750000002	18454.234782	18455.349547	18456.500618000002	18452.203857	18454.506741			2.0	1.0	0.0	3.0					
18458.754	28.375	trials	36.0	18481.997646	18483.944741	18484.492185	18484.781115	18481.185773	18484.014158	18485.23	18487.129	3.0	2.0	1.0	1.0					
18490.044	11.419999999998254	trials	36.0	18498.492887	18499.849967000002	18500.734617000002	18501.57401	18497.920475	18499.990062			2.0	1.0	0.0	3.0					
18504.124	15.040000000000873	trials	36.0	18513.969572	18515.50675	18516.420627	18516.822849	18513.092779000002	18515.748935	18517.039	18519.164	2.0	1.0	1.0	1.0					
18521.252	15.36200000000099	trials	36.0	18531.188525	18532.945311	18533.766492000002	18534.129536	18530.249852	18533.250457000002	18534.244	18536.614	3.0	2.0	1.0	1.0					
18539.517	11.11200000000099	trials	36.0	18546.893306	18548.650637000002	18549.504515	18549.963761	18546.165359000002	18549.050597			3.0	2.0	0.0	3.0					
18551.89	19.98400000000038	trials	36.0	18569.078110000002	18570.914393	18571.569890000002	18571.971666	18568.081527000002	18571.11461			3.0	2.0	0.0	3.0					
18574.944	62.45600000000195	trials	36.0	18632.123054	18633.334969	18634.233995000002	18634.591664	18631.337586	18633.53748	18634.722	18637.4	2.0	1.0	1.0	1.0					
18641.474	16.9900000000016	trials	36.0	18652.998556000002	18654.256004	18655.295847	18655.630521	18652.365842	18654.414072	18655.884	18658.464	2.0	1.0	1.0	1.0					
18660.486	16.51800000000003	trials	36.0	18673.353787	18674.612048	18675.424036	18677.115981	18672.567507	18674.716088			2.0	1.0	0.0	3.0					
18678.739	75.40099999999802	trials	36.0	18750.574766	18752.241192	18753.118343000002	18753.639077	18750.001767	18752.235261			3.0		0.0	2.0					
18756.15	80.07999999999811	trials	36.0	18832.879353	18834.250956	18834.881751	18835.171958	18832.105338	18834.246248			3.0		0.0	2.0					
18840.309	70.84999999999854	trials	36.0	18907.914629	18909.262132	18910.560001	18910.695482	18906.976034	18909.257901			2.0		0.0	2.0					
18915.239	16.135999999998603	trials	36.0	18927.959621	18929.477454			18927.356594	18929.469149			3.0		0.0	2.0					
18934.389	18.350000000002183	trials	36.0	18949.329868	18950.841708			18948.550821	18950.834991			2.0		0.0	2.0					
18956.749	32.154999999998836	trials	36.0	18983.334929	18985.314705	18986.10402	18986.279774000002	18982.447488	18985.666053	18986.714	18988.904	3.0	2.0	1.0	1.0					
18991.924	13.5	trials	36.0	19002.270567	19003.399508000002	19004.448219	19004.87438	19001.438068	19003.543871			2.0	1.0	1.0	1.0					
19008.102	17.397000000000844	trials	36.0	19021.940331	19023.522406	19025.197336	19025.386558000002	19020.987051	19023.509645000002			2.0		0.0	2.0					
19027.509	19.74500000000262	trials	36.0	19042.34706	19043.813435	19044.525995	19044.800922000002	19041.504747	19044.099397	19045.12	19047.254	3.0	2.0	1.0	1.0					
19049.339	12.040000000000873	trials	36.0	19058.740404	19059.945038	19061.047077	19061.493312000002	19058.17961	19060.555134000002			3.0	2.0	0.0	3.0					
19064.386	188.41300000000047	trials	36.0	19249.231837	19250.899319	19252.182651	19252.474634000002	19248.341021	19250.893772			2.0		0.0	2.0					
19255.809	13.489999999997963	trials	36.0	19265.130765	19266.261335	19266.957096000002	19267.299032	19264.218308	19266.517827	19267.489	19269.299	3.0	2.0	1.0	1.0					
